Component_ID,RA,DEC,ASKAP_flux,ASKAP_flux_SNR,RA_comp,DEC_comp,Comp_flux,Flux_Ratio_AlphaCorr,Flux_Ratio_NOAlphaCorr
SB89015_component_3a,249.736066,-3.224324,1572.177978515625,1858.3663330078125,249.73600874397306,-3.2242338424768184,999.4870134670774,1.179052137032438,1.5729848985850898
SB89015_component_4a,254.683673,-7.654884,846.7160034179688,855.2686767578125,254.68350683688644,-7.654825400488397,878.2742558884742,0.7226301408610245,0.9640678839679974
SB89015_component_5a,252.408682,-9.967632,839.0180053710938,600.1559448242188,252.40873328475385,-9.967549680356226,524.0087044145362,1.2001657706115205,1.601152802048414
SB89015_component_7a,250.95045,-8.416879,705.218994140625,1749.923095703125,250.95074213186544,-8.416982361463157,531.0065754167231,0.9954800445400669,1.3280795884442365
SB89015_component_11a,249.580198,-3.668084,528.2760009765625,1211.6422119140625,249.5801648878569,-3.6679608597336535,564.055279366313,0.7020170656825189,0.9365677803247464
SB89015_component_17a,254.939991,-4.347612,437.2070007324219,494.01922607421875,254.9398835321221,-4.347394197829443,328.5117653675776,0.9975728846776277,1.3308716667825375
SB89015_component_19a,251.938578,-6.584995,401.5820007324219,1170.79296875,251.93850132528593,-6.584901370795399,272.3119030529316,1.1053913720187714,1.4747133571108089
SB89015_component_21a,252.837876,-8.329278,380.0690002441406,896.38916015625,252.83799846248706,-8.32927020765424,234.11167409187888,1.216880227460845,1.623451721143046
SB89015_component_23a,249.589768,-4.526234,367.2030029296875,832.6598510742188,249.5897070842084,-4.526202432635667,202.9426717976798,1.3562548586913319,1.8093927692829639
SB89015_component_27a,252.944782,-9.379584,322.8009948730469,709.4526977539062,252.94483350919748,-9.379522439598619,231.35601048728026,1.0458334649771792,1.395256575323744
SB89015_component_36a,253.120809,-6.988557,253.4409942626953,754.2886962890625,253.12086662538107,-6.988453846437615,160.51705506612637,1.1834887580304774,1.5789038377154885
SB89015_component_38a,251.565187,-2.687867,252.16900634765625,348.29974365234375,251.56506761678102,-2.6876423938946403,164.15488744928132,1.1514533457333098,1.536165083269717
SB89015_component_45a,254.432467,-7.72075,227.8939971923828,470.8553771972656,254.43233608218924,-7.720700247498319,177.12061419645605,0.9644333790633194,1.2866599307272653
SB89015_component_46a,248.221689,-5.226703,215.05299377441406,579.6576538085938,248.2216914148855,-5.2266709178585655,142.04906351366589,1.1347901944502798,1.5139346114289927
SB89015_component_49a,253.576549,-6.729836,215.95199584960938,586.8260498046875,253.57657985186265,-6.729665936339395,142.99047887421372,1.1320316210082573,1.5102543718283414
SB89015_component_51a,251.10439,-2.490286,206.63699340820312,231.65582275390625,251.10424628065417,-2.490156587934909,128.41523873306667,1.2061462398378702,1.609131404083077
SB89015_component_53a,251.846917,-3.288988,193.26600646972656,598.3467407226562,251.84680222450103,-3.288777129881608,154.29738924073746,0.9388697610310657,1.2525552598183602
SB89015_component_54a,248.530015,-6.120139,190.5800018310547,631.0596313476562,248.5299261990254,-6.120084231254883,119.53603813710625,1.1950523376146913,1.5943309214620445
SB89015_component_55a,252.864524,-5.191607,192.99899291992188,704.3759155273438,252.8645335154454,-5.191412876307337,145.55411869262352,0.9938915548427442,1.325960368922922
SB89015_component_56a,252.661787,-8.502891,185.5749969482422,484.530029296875,252.66191441042315,-8.502915959363914,111.64068134804283,1.2459638450960677,1.6622524576834776
SB89015_component_61a,251.225028,-5.969892,171.43299865722656,614.4551391601562,251.224952174203,-5.96973688022014,105.45134236790813,1.2185707961770356,1.6257071252740976
SB89015_component_63a,253.042163,-9.255336,166.74899291992188,449.4582214355469,253.04222195304246,-9.255298694941327,110.88886099622675,1.127155290066058,1.5037488113941029
SB89015_component_71a,253.040785,-7.834141,156.70899963378906,510.4527587890625,253.04086613667596,-7.834123442007746,99.67398530469966,1.178475536635736,1.5722156504000064
SB89015_component_72a,254.462556,-5.960204,159.56300354003906,411.2448425292969,254.46249062887836,-5.960003794863481,99.82816056991688,1.1980848883078368,1.5983766767723377
SB89015_component_73a,247.71478,-8.169292,152.33599853515625,222.06414794921875,247.71469070783886,-8.16900057740551,90.40752375393969,1.2630089440893204,1.6849924896711697
SB89015_component_78a,253.62483,-3.015935,135.03799438476562,249.60812377929688,253.62475885847778,-3.015713796900184,88.66576137056899,1.141585615854282,1.5230004490728828
SB89015_component_83a,255.045951,-8.903862,132.28500366210938,128.1831512451172,255.04573478244853,-8.903773766755165,82.2629688930639,1.2053542152423242,1.6080747563836484
SB89015_component_84a,248.260543,-7.04273,126.63400268554688,322.2239074707031,248.26042222931514,-7.042509649060535,92.53793417640433,1.0257440133371136,1.368455042924834
SB89015_component_85a,249.339476,-9.138339,126.69200134277344,364.0574951171875,249.33933624837593,-9.138050533300941,158.2465563596407,0.6000996663164939,0.8005987887334846
SB89015_component_87a,254.565371,-7.791438,126.41699981689453,257.46844482421875,254.56524558818242,-7.791394249305818,93.4465339338706,1.014029847437205,1.3528270605130863
SB89015_component_88a,248.396629,-7.659084,121.21700286865234,321.530517578125,248.39647272872043,-7.658792139288002,130.71965037063364,0.6950741234668837,0.927305133734384
SB89015_component_90a,254.270994,-9.520958,117.552001953125,162.58921813964844,254.2708327325967,-9.520899757987381,87.20707329026409,1.0103847313945453,1.3479640758251275
SB89015_component_96a,248.848755,-8.532889,115.75299835205078,397.776611328125,248.84856922131155,-8.53262154425139,119.1878580487264,0.7279619688247035,0.9711811273991401
SB89015_component_99a,251.216893,-7.728666,113.6050033569336,391.74139404296875,251.21722359272613,-7.7287928603888885,167.67799509257807,0.5078434353574878,0.6775188556745935
SB89015_component_100a,253.126478,-6.5027,114.41899871826172,413.0649719238281,253.12647929153962,-6.502535742231338,86.17221651699163,0.995266383725001,1.3277945414773025
SB89015_component_101a,253.731876,-3.83609,110.45899963378906,331.7087097167969,253.73177678599197,-3.8358265048959375,81.58527181189235,1.0148405161759046,1.353908581544836
SB89015_component_105a,254.421887,-8.912034,112.73100280761719,231.95680236816406,254.4217624681666,-8.911997103272993,103.09485079381152,0.8196243504000942,1.0934688002321071
SB89015_component_110a,248.417606,-8.780309,106.06300354003906,292.9917297363281,248.41749821533955,-8.780015229250257,50.1621445989366,1.5848796254052575,2.1144032893339957
SB89015_component_111a,247.846735,-7.178968,106.07499694824219,199.01499938964844,247.84661349363034,-7.178716454491227,66.7657377396213,1.19087953574538,1.5887639459916174
SB89015_component_114a,249.038264,-3.052963,110.28900146484375,212.50289916992188,249.03852530927057,-3.0535788670183712,19.925951530778168,4.148791328738227,5.534942775228995
SB89015_component_115a,250.999374,-5.007489,103.90299987792969,367.1484069824219,250.99929069396032,-5.007288499827803,65.97227870543728,1.1805246456127905,1.5749493865726705
SB89015_component_116a,254.084626,-4.347926,101.23600006103516,296.8797607421875,254.08453822619276,-4.347691019454696,65.23161724132414,1.1632827501523033,1.5519468065081528
SB89015_component_120a,253.788159,-8.796106,100.80999755859375,285.58074951171875,253.7881402202143,-8.796082851731612,88.73182671444725,0.8515940892164569,1.1361199390497834
SB89015_component_121a,252.104238,-7.597186,99.49800109863281,304.2752380371094,252.10447821288528,-7.597231056290678,60.763082504554866,1.2273912277586374,1.6374745486484221
SB89015_component_133a,253.127052,-10.295199,97.197998046875,72.91673278808594,253.12703420931035,-10.295072637940025,101.03550635429254,0.7210937879687795,0.962018220664319
SB89015_component_134a,254.152022,-7.746034,90.23899841308594,289.2275390625,254.15194170693763,-7.746023172859066,60.99533789929009,1.1089349758488463,1.479440913370794
SB89015_component_136a,255.310423,-6.721546,97.45099639892578,90.90577697753906,255.31016415247493,-6.721436915133047,103.73004931797568,0.7041904907817248,0.9394673678424466
SB89015_component_139a,247.717493,-5.082559,88.09400177001953,134.7003173828125,247.7175730146154,-5.082528802700194,54.26840000398047,1.216767995137347,1.6233019909110649
SB89015_component_144a,253.145078,-8.590442,84.58499908447266,240.98289489746094,253.14514293437605,-8.590429885502333,67.24444875620097,0.9428559970674154,1.2578733360004326
SB89015_component_147a,247.594965,-7.30608,85.66000366210938,110.2445297241211,247.59482613866487,-7.305820171676665,67.08345751492648,0.957130392500167,1.2769169454786897
SB89015_component_150a,249.72758,-5.772111,83.99800109863281,292.67596435546875,249.72747373374202,-5.772042003900711,52.661903058271626,1.1955861036459827,1.5950430239045303
SB89015_component_151a,254.445127,-2.897157,82.9530029296875,98.51900482177734,254.4450391903449,-2.896941235352211,51.20778308198774,1.2142401645525438,1.619929587595564
SB89015_component_155a,252.314062,-6.314566,81.58499908447266,305.5617980957031,252.31398081102986,-6.314411193942975,51.656087275386184,1.1838515917368138,1.5793878976843725
SB89015_component_161a,252.376073,-2.568645,83.4520034790039,118.37163543701172,252.3760700345215,-2.5684892347211954,63.85339647446171,0.979628070397686,1.3069313158992364
SB89015_component_163a,248.345283,-9.026418,78.6500015258789,176.7415771484375,248.3452079405947,-9.026128835354895,63.45376285102296,0.9290729394138608,1.2394852250217807
SB89015_component_166a,252.198321,-7.962746,73.47599792480469,252.4948272705078,252.1984823427759,-7.962770185815201,62.160334916536435,0.8860140403207342,1.1820399298598046
SB89015_component_169a,253.649042,-7.697047,74.83300018310547,225.40060424804688,253.64907066225294,-7.696996645246125,50.382434974136665,1.1133262800691826,1.4852993949482645
SB89015_component_172a,254.822686,-6.735464,78.16200256347656,147.19773864746094,254.82254861858848,-6.735289931249479,52.39622062430485,1.1181605665163397,1.49174886341363
SB89015_component_173a,250.887251,-5.219398,77.68099975585938,319.6748962402344,250.88642365615706,-5.2185952542743275,7.482057988231906,7.782196510434755,10.38230388992431
SB89015_component_174a,250.950011,-7.837754,72.13300323486328,254.88694763183594,250.95037770606683,-7.8379490717219955,46.77221266663977,1.1559912722444325,1.5422191750682788
SB89015_component_176a,247.80731,-5.330618,73.68499755859375,135.95018005371094,247.80737404005487,-5.330598676290709,46.90860413879024,1.1774297915604188,1.5708205117461862
SB89015_component_178a,254.262974,-3.596956,72.36000061035156,175.205810546875,254.26292034197664,-3.596710424345406,48.48443818494491,1.1186768500195994,1.492437642245803
SB89015_component_184a,251.67394,-7.843529,67.802001953125,211.22117614746094,251.67419122940944,-7.8436119652632526,54.14112692608846,0.9386932233759763,1.252319739219427
SB89015_component_185a,251.320406,-3.755149,67.23600006103516,273.31707763671875,251.320291225663,-3.7548994593657987,47.116473927861385,1.069639774908248,1.4270168044403784
SB89015_component_188a,248.844164,-10.18024,71.37799835205078,47.93687057495117,248.8439796977623,-10.179982663002793,43.91552907042335,1.2183012848107002,1.6253475675446918
SB89015_component_195a,254.144094,-3.921924,66.95800018310547,196.35777282714844,254.14400677676448,-3.921650945960181,46.76338474922345,1.0732601213912867,1.431846743818461
SB89015_component_197a,254.702887,-6.836085,68.41500091552734,164.8554229736328,254.70276542783714,-6.83588787600557,52.62625230946537,0.9744450417127414,1.3000165870299338
SB89015_component_199a,254.048636,-9.660282,67.77400207519531,112.5813980102539,254.0485163460704,-9.660194262915388,56.70438931060907,0.8958904571817486,1.1952161534436132
SB89015_component_201a,248.012701,-9.069803,66.4469985961914,105.30428314208984,248.01264028644067,-9.069497792667683,41.09900255338278,1.2118602578461104,1.6167545309617808
SB89015_component_203a,250.33567,-3.178734,66.07099914550781,146.82444763183594,250.33553578595635,-3.178407643698874,42.40881910623875,1.1677856963258484,1.5579542306988718
SB89015_component_205a,249.521754,-5.89835,66.7040023803711,251.71322631835938,249.52168345069717,-5.898283654624384,41.04866381150564,1.218039367340619,1.6249981409059764
SB89015_component_206a,253.071541,-5.02993,69.39600372314453,237.6575469970703,253.07164027944722,-5.029737085096851,37.09637414125539,1.4022048184839144,1.8706950565815077
SB89015_component_207a,249.263416,-6.198369,64.4000015258789,258.6345520019531,249.26329704029442,-6.198267351836997,34.951285680011836,1.3811192495918772,1.8425645944895352
SB89015_component_208a,250.74357,-3.772037,62.80500030517578,211.46466064453125,250.74344087923407,-3.7717520515703815,93.7393575849392,0.5022046224127605,0.6699960606009792
SB89015_component_211a,247.951871,-5.671935,62.428001403808594,126.6288070678711,247.95184749962127,-5.671887689022683,38.63828045953642,1.2110723741223792,1.6157034076396268
SB89015_component_212a,253.975344,-8.246474,62.3120002746582,209.80471801757812,253.97531602812114,-8.246433256624831,39.3150232826145,1.188014146520557,1.5849412024184963
SB89015_component_214a,254.703618,-6.415392,64.86199951171875,169.35247802734375,254.70347254656895,-6.415145474974527,41.8195881611332,1.1625698012958314,1.5509956545196444
SB89015_component_215a,247.901695,-9.853705,66.63400268554688,34.759521484375,247.90164309298385,-9.853318797446908,60.18278925152543,0.8299120047591858,1.1071936597531151
SB89015_component_216a,253.37811,-8.558679,60.06100082397461,182.5562286376953,253.37813101151792,-8.558632727233716,39.739383855033644,1.132869519728849,1.511372220643197
SB89015_component_219a,254.552081,-6.860808,62.7760009765625,166.51458740234375,254.55200648829896,-6.860606162808587,42.73927916924125,1.1009685412631278,1.4688128156766234
SB89015_component_222a,254.215169,-9.802235,57.44499969482422,67.26580810546875,254.21506549717594,-9.802147146967963,39.92865343131982,1.0783904269595428,1.4386911342661175
SB89015_component_225a,251.025448,-9.457093,60.37300109863281,154.40664672851562,251.02576983770535,-9.457152625333201,40.818262343494034,1.108655737309752,1.479068378525809
SB89015_component_228a,250.949187,-4.175342,58.75899887084961,205.45103454589844,250.94909198982538,-4.175140579217654,36.09886053048285,1.220082929355052,1.627724476821974
SB89015_component_234a,251.428318,-3.652831,55.45500183105469,186.71717834472656,251.42819684517778,-3.6525931426710976,38.79380040711759,1.0714868698584497,1.4294810317392939
SB89015_component_237a,252.929296,-7.068062,53.69499969482422,197.4080810546875,252.92941042147118,-7.0679802857488845,41.4715423634514,0.9704923432730135,1.2947432536809935
SB89015_component_238a,252.56422,-7.309891,54.433998107910156,173.91053771972656,252.56436273830053,-7.309844951447161,39.48432504895118,1.0333655329610372,1.3786229862211128
SB89015_component_242a,248.9651,-6.397529,54.14500045776367,205.87451171875,248.9649778314424,-6.397398800224551,39.2539311484363,1.0339122046443128,1.3793523062191584
SB89015_component_246a,254.948357,-7.648159,57.5359992980957,90.75078582763672,254.94816143085717,-7.648084342952457,34.83725980221154,1.2379529231577842,1.6515650089805054
SB89015_component_247a,252.324932,-4.297551,52.867000579833984,192.9452667236328,252.32480898858606,-4.297292284102599,34.76466898107918,1.139869227491158,1.5207105987002802
SB89015_component_250a,249.114722,-7.26135,51.715999603271484,202.01560974121094,249.11459232468334,-7.261092053626664,44.54064772256225,0.8703157673964953,1.1610967116015811
SB89015_component_253a,248.313288,-7.652394,50.141998291015625,153.33944702148438,248.3131287006268,-7.652044168996643,36.67696326101393,1.0247471616409083,1.3671251334025918
SB89015_component_256a,251.264139,-7.177733,50.74700164794922,202.17930603027344,251.26436605275137,-7.177769605798425,36.12027312951734,1.0530956486397949,1.4049451250267257
SB89015_component_259a,249.24929,-8.969829,49.72999954223633,160.9385223388672,249.24913277371704,-8.969543643070548,32.79865058462191,1.1365039137946,1.5162209010377063
SB89015_component_262a,249.866402,-8.24386,48.75199890136719,173.49465942382812,249.86646024951915,-8.243922437044578,30.050850515928698,1.2160295133649275,1.6223167752115966
SB89015_component_265a,253.053719,-2.491992,51.12699890136719,56.934295654296875,253.05377439379305,-2.4919238598331614,36.39363958710035,1.053011871952864,1.404833357735648
SB89015_component_269a,254.743867,-4.329477,49.013999938964844,79.82736206054688,254.74378933083753,-4.329272088106355,43.107432479146006,0.8522685171155059,1.1370196998551525
SB89015_component_272a,250.104333,-4.792295,48.62900161743164,153.40379333496094,250.10434569029132,-4.792106731566652,31.614132675898762,1.1529820293531612,1.5382045149226653
SB89015_component_274a,253.576139,-5.407459,49.0880012512207,168.10958862304688,253.5761159166227,-5.4072046424237445,30.613816089600206,1.2018944692790978,1.6034590757176577
SB89015_component_275a,252.051564,-9.438894,48.305999755859375,130.55674743652344,252.05174574007245,-9.438877345271298,33.362577738944374,1.0853003239670274,1.4479096949235861
SB89015_component_277a,252.335605,-3.902405,48.12200164794922,203.9067840576172,252.33549634304725,-3.90216796376529,27.128156481708142,1.3296332236475064,1.7738765876109832
SB89015_component_281a,248.671902,-2.971226,49.8380012512207,85.33904266357422,248.67189956854455,-2.971263511601026,31.930173411646884,1.169951331577967,1.5608434257059731
SB89015_component_283a,250.224945,-2.257832,47.0890007019043,30.16592025756836,250.22476592254904,-2.258124110811134,15.478272345247616,2.2803706715999312,3.042264643725713
SB89015_component_285a,249.309525,-3.846108,45.80099868774414,144.9398651123047,249.30947800584534,-3.846066979896897,32.057814434429254,1.0709014183571248,1.4286999752096345
SB89015_component_289a,254.238596,-6.436362,48.04899978637695,173.4620819091797,254.2385719687278,-6.43616133828768,35.80072003559298,1.0060071022152348,1.342123838252604
SB89015_component_290a,253.25821,-3.444116,46.887001037597656,143.8251495361328,253.25812002972813,-3.4438787575891543,34.43830481990815,1.0205144214394655,1.361478193621573
SB89015_component_296a,247.539319,-6.813224,44.582000732421875,53.90810012817383,247.5392823019451,-6.8130740066410125,59.1339250275798,0.5651078040696023,0.7539158057177674
SB89015_component_297a,255.091256,-8.321171,45.784000396728516,49.4962158203125,255.0911213254287,-8.321249269265346,28.54007432220524,1.2024501849767133,1.6042004614230054
SB89015_component_298a,250.588171,-8.363707,44.233001708984375,175.5277862548828,250.58843889113407,-8.363863103181915,37.045331346828775,0.8949965992390221,1.1940236488874296
SB89015_component_303a,252.639422,-3.103311,44.27399826049805,126.85958862304688,252.63937610428488,-3.10308561132033,29.147149176381504,1.1385736180496489,1.518982113570617
SB89015_component_307a,251.805593,-5.298917,43.06399917602539,180.18409729003906,251.80560510299824,-5.298688176001813,24.912890701294003,1.2956827963981512,1.728582993132491
SB89015_component_308a,251.600513,-10.230379,47.00699996948242,46.403751373291016,251.60064435191236,-10.230255993050703,30.653588560288167,1.1494488964690939,1.5334909280533686
SB89015_component_310a,253.485759,-9.906917,42.999000549316406,56.95232009887695,253.4857796736197,-9.906851755476282,25.843917157041908,1.2471206703418372,1.6637957894707192
SB89015_component_311a,247.739291,-8.014445,42.284000396728516,64.45731353759766,247.73925752713473,-8.014159057876258,45.606693130735614,0.694953811914089,0.9271446249241903
SB89015_component_312a,248.123628,-4.27195,42.972999572753906,93.82750701904297,248.1237836479341,-4.271941665000675,27.34773191397201,1.1778305420832031,1.571355156907872
SB89015_component_313a,249.284649,-10.142821,45.858001708984375,38.96176528930664,249.28460954498982,-10.14256934161812,29.321895019055354,1.1722805197824357,1.563950818294068
SB89015_component_315a,249.100993,-7.122664,42.8380012512207,146.7054901123047,249.1008480203065,-7.122405998398241,24.055933041424282,1.3347976995617084,1.7807665650487856
SB89015_component_317a,249.476719,-4.341253,45.10200119018555,135.44143676757812,249.47662582433017,-4.341260221840948,26.012272885926755,1.2996486717328442,1.7338739059048847
SB89015_component_325a,251.068884,-4.621547,41.439998626708984,142.89654541015625,251.06880954571704,-4.621286001074396,24.7624833460695,1.2543940705402785,1.6734993032630012
SB89015_component_327a,252.879613,-9.383599,41.231998443603516,93.92254638671875,252.87967641351102,-9.38352999765233,36.009277973210594,0.8582788843896512,1.145038189165537
SB89015_component_328a,254.10695,-2.493782,42.94599914550781,33.03538513183594,254.10705273562124,-2.4936350849868854,30.952216675978512,1.0400145393785523,1.3874934902105887
SB89015_component_331a,254.603243,-3.762344,43.428001403808594,77.82795715332031,254.60308959095713,-3.762124274446362,23.952505767235888,1.3590246885583372,1.8130880261894275
SB89015_component_332a,254.595395,-3.984704,41.21799850463867,83.43724822998047,254.59532406816092,-3.9844773403197107,29.01381171463011,1.0648552277970036,1.4206336937057686
SB89015_component_334a,253.777857,-4.993755,41.16400146484375,151.33822631835938,253.77787458652844,-4.993470597717309,36.48650222688635,0.8456561464346001,1.1281980719574325
SB89015_component_335a,253.187514,-9.185405,40.53099822998047,121.35029602050781,253.18753839641403,-9.185352187672189,25.70167361760551,1.182045931065264,1.5769789482587215
SB89015_component_338a,247.774926,-5.259286,40.23099899291992,61.515289306640625,247.774949060273,-5.2592989537539445,26.746107209441245,1.1274795989355544,1.5041814750042795
SB89015_component_342a,254.334377,-2.994193,39.808998107910156,50.906646728515625,254.3342890447011,-2.993922778580011,25.693707008914416,1.161349498529581,1.5493676367562863
SB89015_component_343a,249.402776,-10.229784,42.29399871826172,31.49217987060547,249.40263989656455,-10.229566557660126,24.606877109362095,1.288340632435357,1.7187877409348407
SB89015_component_344a,255.304387,-7.944455,40.61800003051758,33.98995590209961,255.3042245911765,-7.944352002973181,23.26007552208896,1.3089283424892229,1.7462540047191437
SB89015_component_345a,252.95898,-8.360111,38.2869987487793,107.54774475097656,252.95907663548684,-8.360100577982458,25.647459193566462,1.1189622448854226,1.492818390306023
SB89015_component_349a,250.870477,-6.772183,38.650001525878906,148.08428955078125,250.87052712225614,-6.772029773635788,24.771221205260236,1.169527813073109,1.560278405558442
SB89015_component_352a,253.612506,-7.723016,39.01100158691406,114.73823547363281,253.61256011023437,-7.722961057102459,23.87501706117881,1.224762460858284,1.6339674852147699
SB89015_component_353a,250.85481,-4.323062,38.266998291015625,128.84512329101562,250.85466172793357,-4.322859675448388,23.264287424663863,1.2329432824323485,1.6448815986706944
SB89015_component_357a,247.756246,-6.602147,38.88999938964844,61.92675018310547,247.7561997131064,-6.602113001728537,21.443392143187424,1.3594176526866375,1.813612283446666
SB89015_component_359a,249.05783,-5.663862,37.63800048828125,138.375,249.057732273537,-5.663824079891137,24.10736099940466,1.1702679973394685,1.5612658925715983
SB89015_component_360a,251.102171,-3.345723,37.60599899291992,111.59049987792969,251.1020140212258,-3.345430667897764,23.299327268578157,1.2098240261904485,1.61403797454856
SB89015_component_362a,252.556363,-6.947485,36.229000091552734,109.78484344482422,252.55648827680236,-6.947410351190505,22.051451614948306,1.231480730594228,1.6429303940695545
SB89015_component_363a,255.121615,-4.493582,36.709999084472656,38.56092071533203,255.121517351694,-4.493410584404552,32.055410644727104,0.8584035113681218,1.1452044552270055
SB89015_component_365a,250.228856,-6.822563,36.97999954223633,148.51405334472656,250.22881839889024,-6.822326428657566,21.398932365894737,1.295338434746818,1.7281235769114556
SB89015_component_370a,249.895631,-9.188065,36.85300064086914,114.80685424804688,249.895612924636,-9.187947233017777,24.655880067647406,1.1203682745683239,1.4946941881513438
SB89015_component_371a,253.634527,-3.22066,37.34400177001953,88.70309448242188,253.63446700983113,-3.2204497379947328,42.92896554748743,0.6520469803872281,0.8699022045781679
SB89015_component_372a,248.533091,-3.306379,36.19900131225586,68.68880462646484,248.5331525856135,-3.3064424340334058,21.298090511093825,1.2739851837866334,1.699635997574543
SB89015_component_373a,248.484276,-5.146151,35.3120002746582,118.49664306640625,248.4841856523946,-5.1461565726791525,23.11720255323394,1.1449736641293735,1.5275204771573148
SB89015_component_376a,253.567829,-7.711604,36.020999908447266,106.88723754882812,253.56787264514787,-7.711598130310332,25.879571068630494,1.0432950499527214,1.391870051204579
SB89015_component_381a,248.063824,-8.836903,36.231998443603516,69.54318237304688,248.06362366226338,-8.836605247966597,27.334021295241804,0.9935671340667371,1.3255275560171835
SB89015_component_384a,247.750265,-7.484782,37.849998474121094,63.613441467285156,247.75018605156808,-7.484533423944787,26.41557063784637,1.0740248404512318,1.432866962937847
SB89015_component_387a,249.253217,-4.787595,34.62099838256836,123.64642333984375,249.25317858191002,-4.787534087920979,22.070301154568302,1.1758171355307292,1.5686690516863293
SB89015_component_388a,252.169915,-2.446073,34.82899856567383,44.48147964477539,252.169827730852,-2.4459611105761074,23.578632641654867,1.1072121117143248,1.4771424236087234
SB89015_component_389a,251.384722,-6.319334,34.632999420166016,119.42414093017578,251.38462395844564,-6.319191392511494,23.225711170581068,1.1177110415905778,1.4911491478475816
SB89015_component_394a,252.061711,-8.5637,34.91400146484375,121.22917938232422,252.06189981148987,-8.563761697240627,24.16443367326845,1.0830074922013297,1.4448508058132912
SB89015_component_395a,254.761772,-6.743003,36.92300033569336,85.07604217529297,254.76163622653743,-6.742716741330686,25.91731769717318,1.0678626296186255,1.4246458976624954
SB89015_component_396a,247.827892,-2.894122,31.232999801635742,18.9981746673584,247.8280352412237,-2.8944255852620135,22.021536611068043,1.0631010210636818,1.4182933894784622
SB89015_component_400a,253.530667,-7.238311,33.82400131225586,124.81181335449219,253.5307227864984,-7.238236890123311,35.71963418668715,0.7097843780221585,0.9469302270979639
SB89015_component_401a,250.208354,-2.428352,34.867000579833984,27.497634887695312,250.208156937072,-2.4283034212881334,22.869030167705166,1.1428133318861176,1.5246383569458022
SB89015_component_402a,248.242111,-5.667873,34.189998626708984,100.26393127441406,248.24210717477672,-5.667820795465019,23.04784725052921,1.111929296490843,1.483435665598831
SB89015_component_404a,253.656687,-7.747399,33.625999450683594,105.41065216064453,253.65669518812615,-7.747322069215016,21.35929166044007,1.1800402259478948,1.5743031175964937
SB89015_component_406a,249.12372,-2.472904,35.09299850463867,29.122819900512695,249.12336635847933,-2.473376034325835,17.19375074251043,1.5298833141528436,2.0410321767590545
SB89015_component_407a,250.906317,-8.925672,34.04800033569336,115.80952453613281,250.9066200529634,-8.925746366415769,43.803157635316495,0.5826324222780589,0.777295568944144
SB89015_component_408a,250.173702,-4.933585,33.58000183105469,122.55475616455078,250.17370635434548,-4.933367797299937,25.710426442956823,0.9789936885753578,1.3060849809534636
SB89015_component_410a,248.003564,-5.926804,32.42399978637695,80.85785675048828,248.00356690984322,-5.926733707751185,26.14229420776572,0.9296754154124837,1.2402889940985065
SB89015_component_412a,254.795794,-7.619454,33.92900085449219,55.169105529785156,254.79564882196982,-7.619469755361341,32.7288211442396,0.7770503572802668,1.036670422835068
SB89015_component_414a,252.272407,-6.732897,32.02399826049805,109.67122650146484,252.27236306323087,-6.732797219869101,19.456378255696006,1.233735351470877,1.6459383056619374
SB89015_component_415a,252.024468,-7.211169,31.569000244140625,98.04037475585938,252.02456698378685,-7.211240216210201,17.909779579008553,1.3212318797716667,1.762668273212116
SB89015_component_416a,253.877987,-3.527022,32.935001373291016,103.24451446533203,253.87793548550826,-3.5267601818293355,24.142553413552474,1.022546205681812,1.364188816697528
SB89015_component_418a,249.25262,-5.860326,33.04600143432617,117.60143280029297,249.25256364831037,-5.860207619710826,17.752596080264063,1.395293278558625,1.8614743040914512
SB89015_component_419a,248.869318,-9.856281,31.510000228881836,37.070587158203125,248.86924085048523,-9.856007909184623,22.175277840510518,1.0650936438650431,1.4209517668959415
SB89015_component_421a,254.188894,-2.76918,33.0989990234375,40.119998931884766,254.18874995618768,-2.76902732883803,27.04787185240959,0.9172552718348709,1.2237191600154982
SB89015_component_432a,248.525489,-10.050136,33.47800064086914,25.57524871826172,248.52523353512535,-10.049820482675097,17.566828211677826,1.428481484655856,1.9057510119336234
SB89015_component_435a,254.903185,-4.563501,32.46699905395508,47.32798767089844,254.90315950581055,-4.563331621610284,15.547577173973135,1.5652650338100984,2.0882352723294595
SB89015_component_439a,247.76411,-7.879148,30.64299964904785,50.31690979003906,247.76400583405186,-7.878915952713447,30.331457523996182,0.7572625032094276,1.0102712546802342
SB89015_component_441a,251.561056,-7.91638,29.61199951171875,100.3796615600586,251.56139690818222,-7.916572732426621,22.308381655995753,0.9949657341760485,1.3273934419962745
SB89015_component_448a,248.734581,-4.376256,30.72800064086914,104.51700592041016,248.7345189469297,-4.376165022519529,17.890004975467615,1.2874557121122083,1.7176071601436746
SB89015_component_449a,254.1639,-7.327203,32.875,108.14144897460938,254.1637861052409,-7.327176960832264,20.901031285578735,1.1789801761324459,1.5728888948500377
SB89015_component_450a,249.220523,-6.443782,30.985000610351562,124.43775177001953,249.22041747422116,-6.443664136337709,18.812050823623007,1.2345930340801805,1.6470825483547238
SB89015_component_451a,254.850929,-8.877644,32.29199981689453,49.37614822387695,254.85081860472235,-8.877523841092184,19.89351900055989,1.2167231881737635,1.6232422135061018
SB89015_component_454a,251.861573,-6.097848,29.41200065612793,101.7716293334961,251.8615292903661,-6.097721850374645,17.324032579672036,1.2725768887831546,1.6977571775430553
SB89015_component_456a,248.164708,-2.721213,29.1560001373291,22.29051971435547,248.16492537797959,-2.7213521578851267,21.717096087484524,1.0063166243291382,1.34253677470864
SB89015_component_457a,249.134053,-4.291975,30.08300018310547,99.94351959228516,249.13404520799085,-4.291888223066584,20.91153921569163,1.0783099241553682,1.4385837346937975
SB89015_component_462a,253.327101,-6.671951,30.66200065612793,111.49818420410156,253.32715919942498,-6.671735167303533,18.689196657717627,1.2297541908174598,1.6406270005974912
SB89015_component_463a,253.810331,-9.772376,29.075000762939453,42.63196563720703,253.81035835805613,-9.772291992559893,22.79230681913015,0.9561805577518635,1.2756497617229372
SB89015_component_467a,253.838364,-3.501525,29.09000015258789,77.16180419921875,253.83838589392022,-3.5013120617034437,19.828320035755358,1.0996798318328438,1.4670935359188997
SB89015_component_468a,251.153661,-3.318332,29.593000411987305,100.31526184082031,251.15334160968698,-3.318018440605708,18.107443816157865,1.225011908102379,1.6343002752039746
SB89015_component_469a,254.268233,-7.246263,28.57699966430664,98.5413818359375,254.26814370645934,-7.246225823483363,21.295798254078512,1.0058452339860582,1.3419078882771465
SB89015_component_470a,248.919622,-8.029595,28.32699966430664,91.08360290527344,248.91943825794692,-8.02934726498457,13.179583613241089,1.6110437867078702,2.1493091508480924
SB89015_component_472a,250.239504,-10.34126,31.648000717163086,23.219369888305664,250.23962516495277,-10.341255285694345,17.770255664377807,1.3349378907164184,1.7809535954288243
SB89015_component_479a,251.498965,-7.130381,27.058000564575195,71.01837158203125,251.49911383779605,-7.130351863578471,19.53303430617888,1.0383277124087789,1.3852430779797456
SB89015_component_480a,247.753653,-3.66266,29.399999618530273,33.40909194946289,247.75382281726306,-3.662725031796995,24.934481972852428,0.8838029185897311,1.1790900508997824
SB89015_component_482a,250.614734,-8.171487,27.14699935913086,106.87794494628906,250.61493150973965,-8.171681153684133,18.42140956997861,1.1046060836006222,1.473665696211019
SB89015_component_490a,249.694019,-5.165322,28.472999572753906,94.28146362304688,249.6940079426845,-5.165171023280535,30.235759534545622,0.7058636141119596,0.941699497914789
SB89015_component_491a,247.476846,-7.200982,25.788000106811523,27.909090042114258,247.47668308346812,-7.200609845201816,18.199922608937428,1.0620784053552004,1.4169291079374053
SB89015_component_493a,251.873226,-9.476294,28.145000457763672,79.73088073730469,251.87329890579426,-9.476319320315552,17.39425261334101,1.2128412062303664,1.618063223721212
SB89015_component_494a,249.697866,-3.252803,27.798999786376953,43.233280181884766,249.69766478763088,-3.252762250740978,19.482320614727257,1.0695397762535521,1.4268833952646727
SB89015_component_495a,253.286403,-5.289897,28.429000854492188,99.75088500976562,253.28636074714754,-5.289660651906313,15.540704919403321,1.3711953721370116,1.82932505326687
SB89015_component_496a,250.843167,-7.349105,27.687000274658203,109.00393676757812,250.84341615720646,-7.349211784947581,16.719964307676292,1.24122071663692,1.6559246039745934
SB89015_component_497a,251.456844,-2.374014,27.965999603271484,30.597373962402344,251.4568042518684,-2.3739582653939126,21.857711539629918,0.9590342414372987,1.2794568888223596
SB89015_component_501a,248.954049,-6.474573,26.062999725341797,99.0988540649414,248.95392139977102,-6.474499927798494,31.634669527330033,0.6175463427613174,0.8238745690965817
SB89015_component_502a,247.496321,-8.406245,29.284000396728516,30.25206756591797,247.49621570081663,-8.40593192640347,17.65850177299779,1.2430397230396872,1.6583513580697806
SB89015_component_505a,250.92131,-9.366122,26.309999465942383,74.32202911376953,250.9214681305918,-9.366124684743083,17.333475827286506,1.1377415971719516,1.5178721064430112
SB89015_component_507a,247.572179,-7.639206,27.003999710083008,32.97191619873047,247.57225196925623,-7.638904275640692,17.94286445685511,1.1280926634804989,1.5049993703634135
SB89015_component_509a,254.231075,-6.004589,27.55900001525879,105.18702697753906,254.23104524342642,-6.00437231264605,20.01404583793597,1.0321362266867882,1.376982956790356
SB89015_component_510a,251.434927,-2.835945,26.15999984741211,60.5555534362793,251.4346840348759,-2.835601909067634,22.89967496073977,0.8562821201637689,1.1423742866334123
SB89015_component_513a,251.880493,-6.974211,25.674999237060547,73.77873229980469,251.88044353951946,-6.974185625917052,15.169714541578436,1.2686490175412086,1.6925169663996207
SB89015_component_514a,248.338439,-9.691705,24.98699951171875,31.911876678466797,248.33837789148623,-9.691468714548229,20.17784475701857,0.9282133033488609,1.238338376204792
SB89015_component_518a,252.735482,-8.895633,25.74799919128418,74.41618347167969,252.73553423559528,-8.89556037366725,18.52626752643281,1.0417512068472754,1.3898103951347773
SB89015_component_521a,254.877408,-2.836289,25.944000244140625,14.031368255615234,254.87717720731692,-2.8359307972232757,18.227050465473567,1.0669129838041258,1.423378965965164
SB89015_component_522a,250.064954,-3.253586,25.96299934387207,58.34381866455078,250.06490294905592,-3.253341847064832,16.48046465721102,1.180847642065772,1.5753802992752375
SB89015_component_529a,248.58108,-6.751533,24.641000747680664,93.33712768554688,248.5809404094344,-6.751412961271696,15.17890417394278,1.2168201119481203,1.623371520454106
SB89015_component_530a,251.369405,-8.903628,25.385000228881836,88.14236450195312,251.3698031289742,-8.903729909374922,14.479247586478031,1.3141339459287045,1.75319885078756
SB89015_component_532a,251.366811,-7.273554,25.027000427246094,88.74822998046875,251.36698864759762,-7.273557650956703,13.839108234412297,1.355530056320916,1.8084258034064657
SB89015_component_533a,250.848235,-8.771444,24.551000595092773,83.79180908203125,250.84857303816491,-8.771539341442127,15.04461663980971,1.2231973391767887,1.6318794411901547
SB89015_component_536a,247.577979,-3.303758,25.56800079345703,14.34792423248291,247.57790705840353,-3.303756078873208,14.912091532483473,1.2851880150477195,1.7145818034821916
SB89015_component_542a,249.227308,-7.944606,24.34000015258789,86.00707244873047,249.2271157037232,-7.944350628539692,15.47104508244079,1.179259494482841,1.5732615361720534
SB89015_component_544a,252.410121,-9.180069,26.006999969482422,86.68999481201172,252.41043802605913,-9.180074657202331,15.25641056144839,1.2777513437397976,1.7046604681182234
SB89015_component_545a,248.376411,-6.640686,25.951000213623047,86.21595001220703,248.37619832158362,-6.640629952896817,19.319942943040015,1.0068313233303527,1.3432234396412575
SB89015_component_546a,252.43535,-4.256252,24.30299949645996,100.42562103271484,252.4353193878728,-4.255989619993266,18.323988427856246,0.9941417793283266,1.3262941958375385
SB89015_component_547a,251.206867,-6.505188,25.13599967956543,95.21212005615234,251.20685327747603,-6.505052922268609,14.848022781922637,1.268925115965533,1.6928853119870164
SB89015_component_550a,251.475289,-7.210443,23.775999069213867,79.78523254394531,251.47554992080532,-7.210507474623235,16.184711385493955,1.1011393238373022,1.4690406583662552
SB89015_component_551a,249.803537,-7.81662,25.183000564575195,96.48658752441406,249.80352160191438,-7.816547430025603,13.490998422091895,1.3991743672204573,1.8666521021407365
SB89015_component_555a,250.391375,-9.343955,23.485000610351562,72.26154327392578,250.39163823571212,-9.344020540260308,16.677072552888912,1.0555509822987905,1.4082208094899327
SB89015_component_563a,255.131308,-9.040409,25.56999969482422,19.38589859008789,255.13109597070482,-9.04017094832604,16.796438251704227,1.1410954711480468,1.522346542263494
SB89015_component_566a,247.522767,-3.220812,25.309999465942383,48.86100387573242,247.52258565084557,-3.2203262079560804,14.862382887058798,1.2764745109385647,1.7029570330865782
SB89015_component_568a,251.194823,-7.563033,23.302000045776367,74.9260482788086,251.19510189924978,-7.563123739630005,16.46905006363112,1.0605547797620694,1.4148964242469921
SB89015_component_570a,248.721684,-9.162208,24.184999465942383,60.01240539550781,248.72170218045338,-9.162031803389505,12.771830447677685,1.4193888662337952,1.8936204614538996
SB89015_component_577a,252.339234,-5.052607,22.947999954223633,86.59622955322266,252.3391704084224,-5.052369240958784,14.12451971841837,1.2178102011561618,1.6246924080752598
SB89015_component_579a,250.526374,-9.196967,24.90999984741211,87.71126556396484,250.5264864466091,-9.196998466318242,13.087503184676057,1.4266760841657604,1.9033424096185756
SB89015_component_580a,250.908577,-2.361134,20.527999877929688,23.731792449951172,250.90842415307986,-2.361096496829089,14.778573725172986,1.0411722165644448,1.3890379585794166
SB89015_component_585a,248.498895,-7.653973,22.7189998626709,71.44339752197266,248.4987738219537,-7.65368826333054,14.050632740711734,1.211997665394631,1.6169378477057872
SB89015_component_586a,251.118752,-9.812226,22.941999435424805,46.72505187988281,251.1189487858376,-9.812204556164978,13.494233839449922,1.2743581172503773,1.7001335317278012
SB89015_component_587a,249.103739,-5.638704,23.121999740600586,84.07999420166016,249.1037013127223,-5.638656921008863,25.169708918339,0.688581983704363,0.9186439070717093
SB89015_component_590a,251.103158,-3.496564,22.743000030517578,74.8125,251.10305372713424,-3.4963041235801366,25.91648114119249,0.6577792578043897,0.8775496915115193
SB89015_component_592a,247.787459,-7.111467,24.757999420166016,43.897159576416016,247.7872813705299,-7.111263038214413,14.477994080126233,1.281786255278648,1.7100434827605726
SB89015_component_594a,249.769292,-9.785739,23.69099998474121,39.95109558105469,249.76946926594493,-9.785753120980692,13.45014354608377,1.320276610847352,1.7613938396694089
SB89015_component_595a,250.98431,-8.36396,22.197999954223633,67.88379669189453,250.98452594317268,-8.364050224479397,12.422969062035463,1.3393586877323604,1.7868514236311366
SB89015_component_597a,254.673836,-6.935692,24.570999145507812,67.87568664550781,254.67369051369423,-6.9355603215114145,16.86205423098755,1.092246826798288,1.4571770917658102
SB89015_component_610a,251.896865,-9.350093,22.107999801635742,71.0868148803711,251.89705289143762,-9.350141423768617,10.803417094817803,1.5338990026757118,2.046389545789224
SB89015_component_612a,252.746613,-6.386228,22.326000213623047,61.84487533569336,252.74646884678958,-6.386067135092177,25.198241680966742,0.664123952804295,0.8860142106854536
SB89015_component_613a,251.893857,-7.200464,21.610000610351562,57.169315338134766,251.89396172147292,-7.20032790162428,15.524255240215377,1.0434039132502093,1.3920152867862636
SB89015_component_617a,252.585529,-2.352125,21.920000076293945,21.832670211791992,252.58544104330923,-2.3521082419678976,17.64721276021879,0.9310497464878322,1.2421225025238594
SB89015_component_618a,252.427558,-4.335784,20.684999465942383,77.76315307617188,252.42735549123168,-4.335504531525002,13.145871480225901,1.1794365671532514,1.5734977705401185
SB89015_component_621a,248.75799,-4.080494,20.798999786376953,65.20062255859375,248.75802619456286,-4.080419180558591,14.563351890617582,1.0705071285993748,1.428173949417282
SB89015_component_622a,254.801513,-7.953617,23.023000717163086,37.74262237548828,254.8013384401345,-7.953641842716874,14.387106695758177,1.1994907942377497,1.6002523095175956
SB89015_component_630a,253.876104,-7.72784,21.576000213623047,68.06309509277344,253.87602130023657,-7.727759056582463,10.560307805401422,1.531449983091956,2.043122284995072
SB89015_component_633a,247.635361,-3.805649,20.493000030517578,18.528934478759766,247.63553595983737,-3.8055463336918054,14.504493909902346,1.0590376919602098,1.4128724626873626
SB89015_component_634a,251.58963,-9.488373,21.124000549316406,59.33707809448242,251.5898722370208,-9.488355730629667,15.334374382436676,1.0325677686195125,1.3775586810708702
SB89015_component_635a,254.801334,-5.743209,21.465999603271484,41.844051361083984,254.80110556847194,-5.743033557135389,16.49601613586091,0.9753949456673247,1.3012838631144559
SB89015_component_636a,252.999412,-4.14924,21.19700050354004,77.08000183105469,252.99932566203802,-4.149019027041201,12.994244262377315,1.222733582878242,1.63126073941156
SB89015_component_637a,251.256308,-4.760679,20.243000030517578,77.26335906982422,251.25625778212225,-4.760490302138208,27.031265716193687,0.5613283161217032,0.7488735541669643
SB89015_component_640a,248.850888,-2.727955,19.604000091552734,22.45589828491211,248.8509440747711,-2.728063470680795,12.880078033560686,1.1408660544778875,1.5220404752573713
SB89015_component_644a,247.735714,-5.596719,19.908000946044922,36.5284423828125,247.73562182481757,-5.596625744051069,14.192171433070346,1.0514466962372098,1.402745241623537
SB89015_component_646a,251.515313,-8.110381,19.768999099731445,62.166664123535156,251.5156187679202,-8.110484146311313,16.225174506236105,0.9132796102337831,1.2184151912901326
SB89015_component_647a,251.834673,-10.222649,21.107999801635742,22.770227432250977,251.83478020775578,-10.222594093427716,15.102059473868797,1.0476575853425172,1.3976901520060272
SB89015_component_649a,253.934077,-6.769941,20.913999557495117,80.43846130371094,253.93408259266891,-6.769839492431548,15.004414417754528,1.044783969228888,1.3938564328607088
SB89015_component_651a,248.550928,-4.056879,20.235000610351562,63.037384033203125,248.55090645029682,-4.056758258334102,12.669916270036824,1.197120680997725,1.5970903184423926
SB89015_component_653a,252.936798,-6.12489,20.18199920654297,74.19852447509766,252.93682741795968,-6.124642708984378,11.638136297148183,1.299837919662572,1.7341263834045646
SB89015_component_656a,254.001209,-5.835595,20.416000366210938,82.32258605957031,254.0012064372235,-5.835394272589875,13.07514173695008,1.1703956958872224,1.5614362564434574
SB89015_component_664a,252.493302,-4.813168,19.691999435424805,75.1603012084961,252.49317287747422,-4.812892040549675,10.289631841033962,1.4344930057473337,1.9137710405629087
SB89015_component_665a,250.522919,-3.495518,21.124000549316406,61.766082763671875,250.52270862561824,-3.495273461021409,11.306194807507033,1.4004517884952428,1.8683563222606596
SB89015_component_666a,250.640611,-3.527823,20.27199935913086,64.76676940917969,250.640528627214,-3.527601582626268,11.394509224365297,1.3335503449485107,1.7791024571538807
SB89015_component_668a,248.225815,-5.870927,20.26300048828125,61.96636199951172,248.22581705088965,-5.870859141383045,14.978711200929368,1.0139995542602274,1.3527866460916886
SB89015_component_681a,253.724413,-8.540014,19.155000686645508,65.15306091308594,253.7244163606758,-8.539961571499834,11.559013732794305,1.2421380018844852,1.6571483631255215
SB89015_component_682a,251.577925,-2.862034,18.645000457763672,44.0780143737793,251.57786231404503,-2.861854765769616,28.212082914005975,0.49537684561703155,0.6608870573149813
SB89015_component_683a,247.957516,-7.152843,20.523000717163086,45.10549545288086,247.95724615061357,-7.152536911782393,14.448408134512427,1.0647050547864119,1.4204333464349255
SB89015_component_684a,251.727223,-2.593088,19.57699966430664,32.95791244506836,251.72703731874543,-2.5928225395145836,13.391779486178365,1.0957621641466004,1.4618669374381523
SB89015_component_685a,250.889002,-2.63178,18.400999069213867,29.583600997924805,250.88884221417354,-2.63169390078356,13.877517387661005,0.9938894480269196,1.325957558199484
SB89015_component_690a,248.647164,-2.510034,19.256000518798828,14.034985542297363,248.64685205480586,-2.509972500057225,17.183976915733286,0.8399450304685036,1.1205788167213169
SB89015_component_692a,254.410738,-3.9855,17.847000122070312,43.74264907836914,254.4107515284473,-3.9852778954081858,10.618871817368134,1.2597817274432592,1.6806870286238802
SB89015_component_693a,250.823561,-6.943321,18.656999588012695,75.53441619873047,250.82355427497404,-6.943150380764663,13.011780487557923,1.0747650382057072,1.43385446794563
SB89015_component_703a,249.765088,-2.585342,19.72800064086914,21.993310928344727,249.76508053849423,-2.5852816381748447,23.667812363453162,0.6247890540865725,0.8335371405653142
SB89015_component_705a,249.631443,-7.450975,18.777999877929688,67.79061126708984,249.6312795291688,-7.450689096685732,10.537176577182516,1.335775675391684,1.7820712920947033
SB89015_component_706a,251.066469,-4.051663,18.483999252319336,71.36679077148438,251.0663822930483,-4.051393911406713,11.320040332264687,1.223929562195316,1.6328563070253148
SB89015_component_707a,252.611063,-10.448744,19.39900016784668,15.656982421875,252.61097765519148,-10.448531603062312,12.792749404493978,1.1366425526041688,1.5164058604190265
SB89015_component_708a,254.845673,-6.267016,20.03700065612793,46.706295013427734,254.84545254372233,-6.266824224798401,11.688160946772587,1.2849759097381954,1.7142988317302972
SB89015_component_713a,250.806836,-6.415563,17.854000091552734,69.7421875,250.8067571996096,-6.415438667171001,10.47442517133601,1.2776555643498586,1.7045326879045775
SB89015_component_714a,247.430669,-8.196767,19.764999389648438,18.317886352539062,247.43044264618638,-8.196448209595628,13.642473786624743,1.085955761680555,1.4487841207381535
SB89015_component_718a,247.417232,-7.623036,17.735000610351562,17.59424591064453,247.41714812035156,-7.622880501268817,13.739118769413096,0.9675664177326836,1.2908397480218567
SB89015_component_721a,253.218295,-2.723441,18.81999969482422,30.85245704650879,253.2181803471554,-2.723161556638055,21.367281103188695,0.6602049939170239,0.8807858896008842
SB89015_component_722a,252.336936,-5.11689,19.323999404907227,82.58119201660156,252.33681721880683,-5.116616394300539,9.168234980101268,1.5798641212436,2.107712056557017
SB89015_component_727a,253.000497,-5.680462,17.941999435424805,65.96322631835938,253.00035007982297,-5.680253890809973,13.02794594741583,1.0322938671966082,1.3771932665243907
SB89015_component_730a,254.289349,-7.374728,18.43899917602539,53.446372985839844,254.28934307275892,-7.374672051758831,13.213148472697796,1.0460187910354806,1.3955038206166925
SB89015_component_736a,251.076173,-5.276041,17.280000686645508,65.9542007446289,251.075971268493,-5.275763925760233,14.042809518509621,0.9223552137199965,1.2305230419788142
SB89015_component_739a,251.04418,-3.224923,16.992000579833984,48.968299865722656,251.04404664393326,-3.2245941861547895,34.96873549955507,0.3642277597877208,0.4859197891227775
SB89015_component_740a,251.891986,-8.531429,18.229999542236328,66.53284454345703,251.8921823670492,-8.53148820347382,10.525767302877783,1.2981992373147164,1.7319402013810603
SB89015_component_748a,250.786753,-8.213921,18.875,67.41071319580078,250.78736722846995,-8.214160313692428,11.76308610614011,1.2027466080606417,1.6045959223360275
SB89015_component_752a,250.79303,-7.366552,17.070999145507812,66.94509887695312,250.79322184341072,-7.366711546903006,11.010478545163913,1.1621473658999,1.5504320793582433
SB89015_component_758a,248.967217,-7.639097,17.274999618530273,59.16095733642578,248.96697256700975,-7.63892603679445,7.466102435336296,1.7343332841300563,2.313790865869918
SB89015_component_762a,251.18948,-2.522621,17.452999114990234,22.754886627197266,251.1893632202397,-2.5225271832375333,11.202702992663925,1.167765663205959,1.5579275043192082
SB89015_component_776a,251.583699,-7.994308,16.922000885009766,56.40666580200195,251.58409587169706,-7.994427047825863,13.773860022755459,0.9208831041731318,1.2285590863456823
SB89015_component_779a,247.905894,-3.523791,15.559000015258789,20.717710494995117,247.906015764178,-3.523863355330598,11.578018533535007,1.0072931889394157,1.3438396190326625
SB89015_component_781a,249.928945,-3.834019,16.134000778198242,49.95046615600586,249.9288355211906,-3.833883527101374,10.733685812289284,1.1266827660191177,1.5031184124772865
SB89015_component_783a,252.95727,-10.422452,12.71399974822998,12.248555183410645,252.95758593967338,-10.422204818570199,10.172786789563574,0.9368082631936765,1.2498049955468917
SB89015_component_786a,248.342697,-5.642561,16.31100082397461,55.29153060913086,248.34269557508932,-5.642542111929264,9.171454957419755,1.3330634734765852,1.7784529171981514
SB89015_component_788a,254.221247,-8.555129,16.17099952697754,46.202857971191406,254.22108402191242,-8.555147577789691,12.350364854730831,0.9814440201924802,1.3093539921440627
SB89015_component_790a,247.355308,-6.814098,17.58799934387207,13.623546600341797,247.3555471700496,-6.814039248646574,9.439009251184283,1.3966850534052235,1.863331084421319
SB89015_component_793a,253.781274,-7.456929,16.54400062561035,56.657535552978516,253.7812638107809,-7.456853604869605,10.317909432914316,1.2018694135988364,1.603425648691458
SB89015_component_795a,252.007962,-10.42965,17.009000778198242,11.944522857666016,252.0079559571539,-10.429661838875312,8.623371686576787,1.47846195037748,1.9724304363077143
SB89015_component_797a,248.107381,-6.564415,17.086000442504883,46.9395637512207,248.10722711868084,-6.564318702642617,10.549094822105552,1.2140418945786073,1.6196650736991474
SB89015_component_798a,249.471885,-6.625154,15.954000473022461,62.077823638916016,249.47166799120177,-6.62490184669145,9.985487135440358,1.1975917640766505,1.5977187949497962
SB89015_component_800a,255.087124,-9.013978,16.7549991607666,13.11032772064209,255.0866650373203,-9.013373981697045,9.933371748260235,1.2643175839999095,1.6867383588760916
SB89015_component_802a,252.920294,-9.056412,17.36199951171875,47.829200744628906,252.92038091902208,-9.056463228242846,13.853613550195664,0.9393882583442941,1.253246992115897
SB89015_component_803a,252.740742,-5.915312,16.74799919128418,59.81428146362305,252.74058332358308,-5.915219918361418,8.372251213512913,1.4994401538657165,2.0004176611725066
SB89015_component_807a,252.537226,-9.59729,16.33300018310547,40.83250045776367,252.53730313526478,-9.597269902595782,24.367522737029475,0.5024155164278862,0.6702774163532614
SB89015_component_812a,253.660427,-6.551548,16.756999969482422,62.996238708496094,253.66048458052876,-6.551479726157935,10.295575300985673,1.2199839188981507,1.6275923860105368
SB89015_component_813a,249.241254,-2.46717,13.748000144958496,11.601688385009766,249.24139899571742,-2.467303318893235,10.67094443126882,0.9657064371003896,1.2883583298094077
SB89015_component_814a,254.761034,-5.16781,16.479999542236328,35.74837112426758,254.76094450698452,-5.167656232136167,11.25997735522269,1.097054327114302,1.463590824593661
SB89015_component_815a,248.703134,-7.792223,16.48699951171875,53.183868408203125,248.70304149594477,-7.791882780527955,10.263437797064334,1.2040852243711169,1.6063817833469551
SB89015_component_817a,254.707897,-3.263124,17.115999221801758,22.0,254.70773875578297,-3.2627206283649786,10.924764113356078,1.174352958302618,1.566715678636629
SB89015_component_821a,250.415013,-4.640718,17.048999786376953,51.97865676879883,250.41468420473802,-4.640210547257465,7.196403815930501,1.7757909433388757,2.369099931362385
SB89015_component_826a,252.481782,-2.201603,16.61400032043457,13.0715970993042,252.4818445195888,-2.201764021153824,12.929862400816209,0.9631385542299004,1.2849324923508696
SB89015_component_827a,251.110423,-9.125287,16.19499969482422,57.22615051269531,251.1106967424385,-9.125315761638298,8.642608953611896,1.4045737172561579,1.8738554274234573
SB89015_component_828a,253.361265,-10.250774,14.307000160217285,11.159907341003418,253.36131807263473,-10.250603136541134,10.652975785600223,1.006667618158147,1.3430050389822774
SB89015_component_830a,250.217725,-6.314641,16.233999252319336,69.08084869384766,250.21762648694929,-6.314429729082371,10.870207436224735,1.1194279504538154,1.4934396926244369
SB89015_component_831a,252.591997,-7.362092,15.088000297546387,53.88571548461914,252.5921727834352,-7.3621458589096695,10.717256876327617,1.0552527687431692,1.4078229598912488
SB89015_component_832a,247.894101,-3.766576,15.571000099182129,23.415037155151367,247.89428945004636,-3.7667166735277764,9.784954951371862,1.1927958885549408,1.5913205708728435
SB89015_component_835a,250.603483,-5.044344,16.569000244140625,55.787879943847656,250.60334659343687,-5.044204243326301,8.545632541168173,1.4533176453076886,1.9388851748914155
SB89015_component_839a,251.308323,-5.538977,15.21500015258789,58.97287368774414,251.3081934761354,-5.538817685411438,15.37583921957845,0.741722730758765,0.9895394934420386
SB89015_component_841a,250.787966,-9.568045,15.520999908447266,39.79743576049805,250.78823560027783,-9.56813488027181,10.161076963489425,1.1449549843259546,1.5274955562502879
SB89015_component_842a,250.135127,-9.817767,15.08899974822998,26.89661407470703,250.13537791469,-9.817750485000863,9.921397564463893,1.1399769105498216,1.5208542597138954
SB89015_component_852a,249.313834,-5.984122,15.08899974822998,59.876983642578125,249.31366623133394,-5.983998747828899,9.899901551901348,1.1424521834463974,1.5241565453074661
SB89015_component_853a,254.857213,-6.239864,16.0049991607666,33.980892181396484,254.85714208258756,-6.239618058481438,10.223235329121641,1.1734801679372429,1.5655512805398482
SB89015_component_857a,250.67191,-5.116682,14.788000106811523,53.00358200073242,250.67192350666036,-5.116351007729095,10.132873358727442,1.093919305329123,1.459408361605015
SB89015_component_858a,251.750433,-2.983113,14.791000366210938,39.3377685546875,251.75037363087307,-2.9828368150039113,8.776223238192905,1.2632762829448854,1.685349149032873
SB89015_component_859a,250.167483,-2.958028,14.045000076293945,23.447412490844727,250.1674247131194,-2.9580089685294793,16.34776560638126,0.6439791407668022,0.8591388214430697
SB89015_component_861a,249.271567,-8.206223,14.482000350952148,51.90680694580078,249.27138187962785,-8.205934288559579,10.869554813035743,0.9986774721201269,1.3323453076094742
SB89015_component_862a,248.998313,-3.774188,14.920000076293945,43.49854278564453,248.99843434711588,-3.7741642330011373,17.41932240522669,0.6420162558846072,0.8565201176721535
SB89015_component_863a,254.828799,-9.09418,14.652999877929688,19.15424919128418,254.82867176744344,-9.094048569661574,11.193961487386382,0.9811856640554152,1.3090093167142867
SB89015_component_865a,248.218964,-3.793072,15.1899995803833,35.91016387939453,248.21918298886217,-3.7932026476828127,9.452552886382025,1.2045285620696742,1.6069732444731437
SB89015_component_867a,253.287597,-4.395559,15.00100040435791,56.60755157470703,253.28753606208278,-4.395327716617428,8.383140377485542,1.3412876961848146,1.7894249325283687
SB89015_component_869a,248.637112,-6.632693,14.281999588012695,59.508331298828125,248.63693497986833,-6.632550101173292,9.335206432223801,1.1467626688898258,1.5299072057703267
SB89015_component_871a,253.430208,-6.61402,14.793000221252441,49.97635269165039,253.43022167463658,-6.613912101509873,9.861585125461763,1.1243926354643041,1.5000631270786466
SB89015_component_873a,252.117222,-6.912998,13.668000221252441,44.23301315307617,252.11725469055628,-6.912927508725558,11.66748489234359,0.8780842482612449,1.171460717315488
SB89015_component_874a,253.087687,-6.745373,15.003000259399414,53.20212936401367,253.08766639768706,-6.74534769525537,12.736141963235205,0.8829755584233097,1.177986261672321
SB89015_component_877a,247.972911,-3.135644,13.312999725341797,12.48874282836914,247.9733381307428,-3.1355295323952084,12.30292069456,0.8111032752543645,1.082100751184101
SB89015_component_880a,250.320567,-7.204614,14.279000282287598,60.76170349121094,250.32055759885768,-7.20452552385653,11.43945611271629,0.935622984795975,1.248223704133523
SB89015_component_882a,249.919784,-5.143275,14.472000122070312,48.079734802246094,249.91969510066482,-5.143107618760322,11.117417229790947,0.9757377538798022,1.301741206877638
SB89015_component_883a,253.357987,-7.547306,14.95300006866455,45.868099212646484,253.358111646522,-7.547306395428244,8.08315004367494,1.3866158219705156,1.8498976250435017
SB89015_component_884a,252.945315,-8.633754,13.824999809265137,43.61198806762695,252.9454328142987,-8.63367456912851,8.518681598452607,1.216469444104045,1.6229036910801322
SB89015_component_889a,251.173218,-10.341607,14.144000053405762,11.378921508789062,251.1733830975096,-10.34157947061672,11.441752381024758,0.9265911784674977,1.2361742836580232
SB89015_component_890a,254.740936,-3.169546,14.274999618530273,16.09357261657715,254.74072557566706,-3.1691573559432533,9.89560287095673,1.0812902923092778,1.4425598727720703
SB89015_component_896a,248.140353,-4.093557,13.996000289916992,31.9543399810791,248.1404748024853,-4.093514689515232,6.735822303051177,1.5574774872422952,2.0778458308760785
SB89015_component_897a,250.682768,-10.112545,14.149999618530273,16.396291732788086,250.68315543859143,-10.112430020805258,10.904974276865003,0.9726133788570646,1.2975729478380906
SB89015_component_898a,249.091315,-8.60063,14.293000221252441,52.54779052734375,249.09109657391676,-8.600423224094277,10.363955820965119,1.0337280572763687,1.3791066334284547
SB89015_component_899a,250.132322,-3.298339,14.225000381469727,37.044273376464844,250.1324164656337,-3.2981849859849857,8.694384154492708,1.2263711294627222,1.636113625611901
SB89015_component_900a,248.917724,-7.236861,14.130999565124512,50.8309326171875,248.91771571234966,-7.2365674492898195,9.236330677505586,1.1467846377759787,1.529936514674549
SB89015_component_905a,252.01199,-8.595986,13.354999542236328,47.358154296875,252.01218554748974,-8.596090319655014,9.607431202401198,1.0419456139011458,1.390069755472045
SB89015_component_906a,249.818791,-3.748309,14.503999710083008,41.08781814575195,249.81872414062897,-3.7481016007927486,7.741410075866576,1.4043526095157302,1.8735604454411265
SB89015_component_907a,251.399747,-4.180672,13.722999572753906,54.45634841918945,251.3997033156835,-4.180497980980669,8.949921736963065,1.1493128668603403,1.5333094496321784
SB89015_component_908a,249.153621,-7.335304,14.395999908447266,49.813148498535156,249.1535483228395,-7.335077249227967,6.554729838129911,1.6462488910549675,2.1962766222191847
SB89015_component_909a,253.138574,-3.073738,14.798999786376953,37.9461555480957,253.13870862557877,-3.073429999425266,11.718462073073864,0.9466080681240626,1.262879010410539
SB89015_component_911a,252.832672,-3.703351,13.722000122070312,46.832763671875,252.8326307181936,-3.703054556810055,11.164031744843149,0.9213079372188421,1.229125860234922
SB89015_component_912a,252.574387,-3.082507,13.59000015258789,40.68862533569336,252.5743148680265,-3.082224945316312,15.845384897948984,0.6428729095827936,0.8576629876846331
SB89015_component_916a,251.085122,-4.195776,13.161999702453613,46.67375564575195,251.0850658680363,-4.19556371213631,7.188980573584086,1.3723441115325878,1.8308575976428967
SB89015_component_919a,252.151743,-9.471028,13.479000091552734,36.04010772705078,252.15197267198533,-9.471058975888688,8.788961265854791,1.1495518967406686,1.5336283417152825
SB89015_component_920a,252.849509,-4.089723,13.862000465393066,45.300655364990234,252.8495110938558,-4.089540402425416,9.837102453989143,1.0562510922446637,1.4091548329632113
SB89015_component_921a,253.952698,-8.925515,12.732999801635742,36.070823669433594,253.95264074424568,-8.925543313277318,15.330957518460009,0.6225437948064956,0.8305417183697714
SB89015_component_924a,249.614367,-5.094701,13.472000122070312,48.81159591674805,249.61437442101862,-5.094621278532245,13.96766902518681,0.7229638784677233,0.9645131265479805
SB89015_component_926a,250.141104,-7.446951,13.694000244140625,53.4921875,250.14114001162744,-7.446999859501009,7.297040004514153,1.4066694664922728,1.876651386818372
SB89015_component_927a,252.847586,-2.454403,13.211000442504883,13.84800910949707,252.84778483556929,-2.4542664985372733,9.334994861239524,1.0607916205315018,1.415212395816005
SB89015_component_928a,253.603318,-4.172506,13.246000289916992,44.599327087402344,253.60322775440784,-4.172185535886475,9.314374093922236,1.065956642507162,1.4221031017596983
SB89015_component_929a,254.689039,-4.781669,13.737000465393066,29.79826545715332,254.68889983105288,-4.781374472086441,7.586593913855951,1.3572302518526385,1.8106940507655456
SB89015_component_932a,248.636023,-9.122024,14.079000473022461,36.856021881103516,248.63597367489044,-9.12180983406936,6.950705772473175,1.518278265835363,2.0255497691729976
SB89015_component_936a,252.948412,-6.690334,13.187000274658203,45.629756927490234,252.94850198029428,-6.690261425870199,8.444040836800726,1.170588213232455,1.5616930957020914
SB89015_component_937a,254.034026,-3.026532,13.182999610900879,24.920604705810547,254.03377357318658,-3.026167686334092,7.975939187962872,1.2389131475345945,1.6528460536404788
SB89015_component_938a,253.727426,-5.449637,13.430000305175781,46.6319465637207,253.72746440041854,-5.449328065701173,8.88406038762574,1.1331123608724387,1.5116961973696064
SB89015_component_939a,249.84169,-7.259293,13.005999565124512,52.65586853027344,249.84157175030612,-7.259065168599924,12.36049062474259,0.7887084289831615,1.0522235694341917
SB89015_component_940a,251.644281,-2.609148,13.553999900817871,23.0510196685791,251.64416863767298,-2.608970093594013,8.009928585391526,1.2683738822578419,1.692149905747924
SB89015_component_941a,249.117997,-5.275054,13.70300006866455,54.8120002746582,249.11793783672908,-5.275042916995134,9.968473836040596,1.030375309143425,1.3746336996062458
SB89015_component_943a,253.317709,-3.99092,13.102999687194824,44.56802749633789,253.3176200581156,-3.990742430095154,7.572825404710627,1.2969440562263956,1.7302656521097382
SB89015_component_944a,251.470036,-9.724517,14.416000366210938,28.26666831970215,251.47001494836633,-9.724542640642001,8.402031850803512,1.286082763442347,1.7157754959988982
SB89015_component_947a,252.792105,-8.795979,12.8149995803833,39.07011795043945,252.79229792845635,-8.795935949496958,8.588377287540684,1.1184483628069002,1.4921328152378976
SB89015_component_954a,251.141207,-4.441652,12.98900032043457,44.635738372802734,251.14126582854655,-4.4414184837463875,7.703510861695037,1.263849860509587,1.6861143644284478
SB89015_component_956a,250.550522,-4.576237,13.104000091552734,42.963932037353516,250.55034117192037,-4.576029772571076,11.091496047582579,0.8855686123836807,1.1814456801261526
SB89015_component_957a,249.103691,-9.522118,14.003000259399414,32.56511688232422,249.10344729417162,-9.521782383237179,7.905927906067263,1.3276289186690897,1.7712026248877202
SB89015_component_968a,253.638957,-3.842804,13.907999992370605,44.152381896972656,253.6389658148423,-3.842582438101894,9.087611871012411,1.1471583434717338,1.530435079070028
SB89015_component_969a,253.246018,-3.854756,13.015000343322754,46.15248107910156,253.246030301511,-3.8545198210537825,7.87068156120668,1.239482212747716,1.6536052490640192
SB89015_component_972a,253.762733,-2.817124,13.508000373840332,22.779090881347656,253.76270975816874,-2.816826102221411,8.722577669795788,1.1607927187631673,1.5486248314664282
SB89015_component_977a,254.270361,-7.765451,13.621000289916992,41.65443801879883,254.27020923018907,-7.765486674817935,7.92119180230423,1.288922869241712,1.7195645087087426
SB89015_component_981a,253.310402,-4.83384,13.520999908447266,46.94791793823242,253.31048702031555,-4.833637108398341,8.394886782338085,1.2072644799108987,1.6106232590169
SB89015_component_982a,249.100961,-4.476967,13.4399995803833,45.71428298950195,249.10076357446906,-4.476833344503111,6.448476099008225,1.5622503018470792,2.084213289159957
SB89015_component_984a,248.114161,-7.646735,13.880000114440918,34.18719482421875,248.11407284272184,-7.646636311815458,7.806670384742214,1.3326990355112576,1.7779667169717777
SB89015_component_986a,252.701603,-8.76452,12.340999603271484,38.207427978515625,252.7017224242705,-8.764594234542813,7.837007013324676,1.1803438988188655,1.5747082505207672
SB89015_component_989a,248.243046,-4.058019,11.973999977111816,29.133819580078125,248.24317009284445,-4.0580744190681575,7.601572075820556,1.1807128555524393,1.575200479279712
SB89015_component_990a,254.07244,-7.121938,12.498000144958496,44.476871490478516,254.07269885887757,-7.121861785637378,8.98664314340334,1.0424410034207954,1.3907306594379096
SB89015_component_991a,247.791069,-5.444982,12.126999855041504,23.639375686645508,247.79091037564856,-5.444885462465254,8.0181897743793,1.1336669820764054,1.5124361229003553
SB89015_component_992a,249.13709,-7.392344,12.876999855041504,48.22846603393555,249.13709331375168,-7.391869293211513,5.87692204346015,1.6423783726774295,2.1911129260887603
SB89015_component_994a,252.651654,-2.835952,13.11299991607666,28.26077651977539,252.6515284009823,-2.8359049556046134,9.105669611819295,1.0794402963769227,1.4400917752447102
SB89015_component_1000a,251.106355,-3.957008,12.114999771118164,46.41762161254883,251.1063084744775,-3.9567996735356252,9.811614371761125,0.9255319087881112,1.234761101698659
SB89015_component_1003a,251.760667,-7.581979,11.972999572753906,34.50432205200195,251.76108272422468,-7.582019401566846,7.855961356192969,1.1423839297042793,1.5240654873277115
SB89015_component_1005a,248.878685,-3.329006,11.52299976348877,24.7806453704834,248.87872120640168,-3.32906747903574,7.855617546668383,1.0994960615173344,1.466848366157508
SB89015_component_1006a,247.640059,-6.880002,12.711000442504883,18.529155731201172,247.6403486479862,-6.880025200981273,6.00271600581718,1.5872319371273198,2.117541531231323
SB89015_component_1009a,248.159588,-3.391855,12.196000099182129,16.661203384399414,248.1595660237715,-3.391803239081479,8.256341403864534,1.1072309905415245,1.4771676100353075
SB89015_component_1010a,253.764634,-5.597098,11.675000190734863,43.56343078613281,253.764593312462,-5.596754586360814,10.223170554231036,0.8560117906705229,1.142013637432955
SB89015_component_1019a,248.103113,-6.131193,12.055999755859375,34.152976989746094,248.10307720300622,-6.131108991045474,6.659168520111178,1.3570369768983521,1.8104362007733201
SB89015_component_1020a,253.339648,-5.155053,12.031000137329102,42.512367248535156,253.33954599345103,-5.154814653876038,8.495794396821841,1.0614662612208692,1.4161124405070034
SB89015_component_1021a,248.576558,-3.76308,12.527000427246094,30.479318618774414,248.5768177705588,-3.7630299619479604,7.936100452130293,1.1831733868332004,1.5784830979405589
SB89015_component_1024a,250.683374,-4.134539,11.920999526977539,38.454837799072266,250.68302671435063,-4.134184560503795,10.148231118214385,0.8805028741408322,1.1746874295739411
SB89015_component_1025a,249.886816,-7.253132,12.670000076293945,50.8835334777832,249.8868656439414,-7.252847708926316,8.225364439497096,1.1545956709815988,1.540357289879377
SB89015_component_1026a,251.442021,-4.392836,12.609000205993652,36.65406799316406,251.44187530330757,-4.392665804661686,7.459296964676022,1.2670425832100602,1.6903738067681686
SB89015_component_1029a,249.237314,-4.088895,12.055999755859375,40.45637512207031,249.23736603713675,-4.088884090403478,7.835679803024163,1.1532806526500277,1.538602911161121
SB89015_component_1033a,249.406509,-8.310794,12.690999984741211,45.81588363647461,249.4063942106212,-8.31072487388201,8.283639523105172,1.148373358519438,1.5320560424367564
SB89015_component_1034a,253.199168,-4.671765,11.802000045776367,42.60649871826172,253.19912024182554,-4.671337147933092,7.852177309179273,1.1266109571536242,1.5030226115729344
SB89015_component_1036a,253.152062,-4.718543,11.670999526977539,42.13357162475586,253.1520379932753,-4.7183633620603365,7.449222480335546,1.1743716614508428,1.5667406306881877
SB89015_component_1037a,253.272941,-6.683883,11.87600040435791,44.9848518371582,253.273002856671,-6.683628061982067,6.7790762758366325,1.3131312590306718,1.7518611564659297
SB89015_component_1039a,250.736872,-6.80834,12.385000228881836,52.47881317138672,250.73690313578328,-6.808176983328593,7.5920990088763585,1.222763911172068,1.6313012006826864
SB89015_component_1040a,250.497199,-2.423247,11.885000228881836,12.6033935546875,250.49685780851595,-2.4232091838892877,7.848547266468636,1.1350588335742289,1.514293005491366
SB89015_component_1042a,247.519929,-8.481102,11.548999786376953,11.412055969238281,247.519849161956,-8.481243016196558,9.813163668751073,0.8821527404301248,1.1768885322022558
SB89015_component_1047a,249.634901,-9.718609,11.857000350952148,20.164966583251953,249.63472991231822,-9.718272256080695,8.783672878380045,1.0118290310698357,1.3498909300387005
SB89015_component_1048a,251.119518,-4.854375,12.475000381469727,46.72285079956055,251.11949062202584,-4.854158976580218,5.693331739742129,1.6424136057737497,2.1911599309044942
SB89015_component_1051a,251.83168,-2.7115,11.515000343322754,22.62278938293457,251.8315199727252,-2.7112854468517185,7.008541187181185,1.2315293937911658,1.6429953161128605
SB89015_component_1054a,251.013613,-3.434913,11.071999549865723,33.349395751953125,251.01366530019584,-3.4347777891683084,8.590051559979122,0.9661370687264077,1.2889328396409105
SB89015_component_1055a,251.039446,-5.734336,11.319000244140625,49.86343765258789,251.03938218379275,-5.734254642217238,8.662443289923393,0.9794361321001249,1.3066752491537206
SB89015_component_1059a,248.883405,-6.04113,12.111000061035156,44.040000915527344,248.88324031369305,-6.041130283338837,6.555729410319641,1.3847374674478785,1.8473916940456294
SB89015_component_1063a,248.183309,-4.050253,11.755000114440918,26.180400848388672,248.1834010509687,-4.050265618479186,6.085106184759505,1.447981233416982,1.9317658159987388
SB89015_component_1064a,253.148581,-5.662104,11.727999687194824,44.93486404418945,253.14859618250117,-5.661932238107115,8.510024287050578,1.0330030475108438,1.3781393908641286
SB89015_component_1069a,253.432183,-4.541978,11.439000129699707,39.04095458984375,253.43219650977136,-4.541776766115895,6.052827124524132,1.4165706889785334,1.8898607038275574
SB89015_component_1070a,248.260309,-6.720969,10.878000259399414,34.424049377441406,248.26024339638985,-6.720925715448512,9.81924354909412,0.8303849881799626,1.107824671525025
SB89015_component_1073a,250.434549,-6.786214,12.128000259399414,49.300811767578125,250.43443702913427,-6.786142508164047,7.676636469157924,1.1842044242158507,1.5798586149188558
SB89015_component_1074a,250.876992,-6.304645,12.008000373840332,42.73310089111328,250.87705931912075,-6.304480009200138,6.140806502683006,1.4657291882271728,1.9554435347529457
SB89015_component_1081a,252.640601,-7.880499,11.644000053405762,44.10606002807617,252.64082683885886,-7.880496306326379,6.592438696387258,1.3239285735647883,1.7662659585726335
SB89015_component_1083a,254.54503,-9.370208,10.97599983215332,14.654205322265625,254.5448206744737,-9.37011071325344,7.17393415665408,1.1468197457590437,1.5299833525754747
SB89015_component_1087a,248.247912,-4.265811,11.447999954223633,27.0,248.24823363571355,-4.265724083959431,6.978781381389359,1.2295847887303424,1.6404009996290394
SB89015_component_1088a,251.163214,-9.213308,10.392000198364258,34.63999938964844,251.16344837795336,-9.213321683343858,6.95537371492641,1.119920342029554,1.4940965970042355
SB89015_component_1089a,248.136864,-7.192304,11.0,28.871389389038086,248.1366915141431,-7.1921977487774384,5.90273460607621,1.396843928580781,1.863543041334896
SB89015_component_1094a,249.590918,-6.831344,10.833000183105469,42.15175247192383,249.59089178152456,-6.831115340202514,8.116546871789232,1.0004281562095276,1.3346809122433385
SB89015_component_1096a,254.769801,-8.340961,10.942999839782715,20.725378036499023,254.76951699230702,-8.34089971094947,6.865401585352607,1.194755128651957,1.5939344121004806
SB89015_component_1099a,249.688374,-9.799519,11.645000457763672,16.803752899169922,249.68826565567883,-9.799518736636127,6.959033284174574,1.2542931567963767,1.673364673257905
SB89015_component_1103a,248.833309,-4.811162,11.029999732971191,40.25547409057617,248.83340308217296,-4.8110802603220355,8.30681548729732,0.9952894361699925,1.3278252959678871
SB89015_component_1104a,254.109185,-5.997372,11.57800006866455,48.241668701171875,254.1091855616418,-5.997107204916168,6.648215135837575,1.3053799553353722,1.7415200669804884
SB89015_component_1105a,252.719264,-7.656761,10.737000465393066,39.186134338378906,252.7193199292063,-7.6567809819687,6.305383444817472,1.2763798115412637,1.7028306937015916
SB89015_component_1115a,249.472869,-4.903218,10.991000175476074,36.75919723510742,249.47300097095177,-4.903060646026209,6.625369275498289,1.2434707732612895,1.6589264263537142
SB89015_component_1116a,250.790093,-8.116802,10.130999565124512,37.66170883178711,250.7902454313004,-8.116910186037249,9.040731318957684,0.8399572647298553,1.120595138568118
SB89015_component_1118a,249.000789,-5.618543,11.381999969482422,40.942447662353516,249.00073547179147,-5.618581033445437,6.744719584042575,1.2649202300528632,1.6875423548239503
SB89015_component_1122a,252.479649,-9.728147,11.055000305175781,24.24342155456543,252.47956917743937,-9.728217932867402,10.915594137157417,0.7591364350974649,1.0127712853983657
SB89015_component_1123a,253.725225,-8.323213,10.37399959564209,35.28571319580078,253.72522617601314,-8.323211178217493,9.317114006147026,0.8345901863004418,1.1134348671485372
SB89015_component_1124a,254.512471,-4.478994,10.678000450134277,24.66050910949707,254.51228911347283,-4.47865297840004,7.758574829546603,1.031612125710292,1.3762837485912707
SB89015_component_1126a,251.828321,-4.68409,10.675000190734863,41.536964416503906,251.82821222614774,-4.683862112302193,6.5159427843786695,1.2280020331827044,1.6382894300924686
SB89015_component_1129a,248.91781,-2.961973,10.454999923706055,18.119583129882812,248.91766958794292,-2.9620536819172973,6.181031649093159,1.2678606504762744,1.6914651982472773
SB89015_component_1131a,254.211142,-7.212638,11.383000373840332,38.326602935791016,254.21111833565152,-7.2126648671646665,6.913614586116846,1.2341275331806687,1.6464615190870506
SB89015_component_1134a,253.033095,-8.346507,10.47599983215332,31.27164077758789,253.03323496308062,-8.34647957893446,7.801204758364192,1.0065660133632428,1.3428694870393323
SB89015_component_1136a,254.076108,-9.264535,10.553000450134277,23.09190559387207,254.07612059337748,-9.264372493844025,6.33192226288506,1.2492485063523968,1.6666345561428193
SB89015_component_1137a,252.666293,-9.725834,10.668000221252441,21.041419982910156,252.66623403702707,-9.725809693074583,6.738169739365688,1.186723453798127,1.5832192767314728
SB89015_component_1139a,253.255407,-8.981344,11.086000442504883,34.42857360839844,253.25531456375393,-8.981159532604552,6.648648846820462,1.2498271430085404,1.6674065209213846
SB89015_component_1143a,249.563044,-4.377533,11.611000061035156,31.810958862304688,249.5628732425028,-4.377616631797346,7.5518878347459415,1.1524512226343517,1.5374963605276812
SB89015_component_1146a,251.829325,-8.774382,10.329000473022461,38.68539810180664,251.82945800126436,-8.774386753466022,5.251954407777618,1.4741640180326652,1.9666965230555402
SB89015_component_1148a,250.012508,-3.855155,10.40999984741211,29.323944091796875,250.01243222539537,-3.8548557938432144,8.537720014733893,0.9139391286021828,1.2192950611459672
SB89015_component_1149a,251.744541,-9.720931,10.392000198364258,21.515527725219727,251.74469120246633,-9.72087398692675,6.438158557166552,1.2098901324965066,1.6141261676130265
SB89015_component_1150a,251.884592,-10.103969,10.949000358581543,14.349934577941895,251.88472841508326,-10.104044209151377,6.057999462930379,1.3547329567653907,1.8073623851536769
SB89015_component_1151a,251.167859,-5.753867,10.677000045776367,43.226722717285156,251.16787845582473,-5.7538204765987855,9.366126765441157,0.8544716728886697,1.1399589513535124
SB89015_component_1157a,252.066634,-8.501686,11.482000350952148,40.57244110107422,252.06694914574075,-8.50184087902145,6.694905750247545,1.2855280132988565,1.7150353984486786
SB89015_component_1160a,250.80683,-4.017747,11.395999908447266,39.1615104675293,250.80675015303407,-4.017398492407427,6.010968377175123,1.4210732041458103,1.8958675530086315
SB89015_component_1162a,253.213541,-6.758578,11.07800006866455,42.12166976928711,253.21359711540074,-6.758520143899292,6.277585006331191,1.3227483174080288,1.7646913673796456
SB89015_component_1165a,251.052504,-6.238788,11.34000015258789,45.17928695678711,251.0524628776495,-6.238662125325685,7.823763738457239,1.0864401073949965,1.4494302910563113
SB89015_component_1166a,252.61109,-6.149908,11.222999572753906,44.185035705566406,252.61105218357767,-6.149509940868871,6.217683205031384,1.3529720105443204,1.8050130897103591
SB89015_component_1168a,250.196274,-6.107618,10.456999778747559,42.8565559387207,250.1961041285194,-6.107399512558682,6.807515187033024,1.1514018860506643,1.5360964304076887
SB89015_component_1170a,251.313694,-8.498121,11.175000190734863,42.01128005981445,251.3138950371759,-8.49819182701797,5.050323848979581,1.6585813128757616,2.212729425855091
SB89015_component_1174a,250.756487,-8.576198,10.428000450134277,38.338233947753906,250.75668671732458,-8.576149080020079,6.336588073644987,1.2335422304972585,1.6456806610968153
SB89015_component_1175a,252.528111,-7.731941,10.284000396728516,36.21126937866211,252.5282877304873,-7.7319455684081655,6.520483262396934,1.1821994605874937,1.5771837734843153
SB89015_component_1180a,249.656215,-4.293592,9.902999877929688,30.284404754638672,249.65609937707987,-4.2936225670026555,7.45364417058011,0.9958789990678264,1.3286118375515297
SB89015_component_1183a,252.842945,-8.279025,10.098999977111816,27.14784812927246,252.8431089792609,-8.279108702133327,6.462185103787182,1.1714059723790866,1.5627840761158742
SB89015_component_1189a,250.615776,-9.855437,10.847999572753906,21.146198272705078,250.6161959938905,-9.85544279684498,6.770918752389739,1.2009101445121082,1.602145878493254
SB89015_component_1192a,253.127915,-4.79271,10.75100040435791,39.96654510498047,253.1281687070435,-4.792439439623218,6.801890405933379,1.1847526931401526,1.5805900658116558
SB89015_component_1199a,247.988735,-6.253277,10.651000022888184,26.04156494140625,247.9887672409588,-6.253061066537473,8.20943392266928,0.9724910891088888,1.297409799898241
SB89015_component_1200a,252.857304,-7.418548,10.053000450134277,36.556365966796875,252.85734131249657,-7.4186426741022,9.549787163552484,0.7890607955577073,1.0526936651009717
SB89015_component_1203a,250.613271,-3.231639,10.149999618530273,31.619935989379883,250.61326999309898,-3.2314399252538926,6.262392191610575,1.2148823427906732,1.6207863238153208
SB89015_component_1206a,252.284647,-8.514809,10.628000259399414,39.95488739013672,252.28483069653296,-8.515045967003351,5.412066297066593,1.4719630386796978,1.963760175140486
SB89015_component_1211a,249.305008,-2.83044,10.663999557495117,18.323022842407227,249.30491171055257,-2.8304782714490715,6.1971210554641605,1.2898481798449444,1.7207989745645513
SB89015_component_1215a,251.358011,-9.002043,10.925999641418457,39.30215835571289,251.35817929549242,-9.002006952939388,7.015290225615665,1.1674115770003801,1.5574551144759783
SB89015_component_1218a,254.219111,-6.336822,10.208999633789062,32.205047607421875,254.2192235162026,-6.336585725956824,11.469115278776203,0.667208740327091,0.8901296556571363
SB89015_component_1219a,251.579834,-8.726141,10.503999710083008,36.22068786621094,251.58041775261904,-8.72630158116323,7.50413980841094,1.0492095645654924,1.3997606625491845
SB89015_component_1224a,249.322658,-8.172589,9.843999862670898,38.1550407409668,249.32248626868756,-8.17234860502527,5.88475013596295,1.2538686035812556,1.6727982726933703
SB89015_component_1232a,253.348628,-9.89922,10.633999824523926,13.918848037719727,253.3485566763707,-9.89899372666816,7.537568545760209,1.0574840625434379,1.410799750604646
SB89015_component_1233a,252.672286,-2.852533,9.515999794006348,18.9561767578125,252.6720683604382,-2.852440922046286,8.629473115905729,0.8265680239484722,1.1027324225005795
SB89015_component_1235a,251.889062,-8.155412,10.12399959564209,36.02846908569336,251.88923389713028,-8.155442177669684,6.314738442465861,1.2017253124620064,1.6032334019663275
SB89015_component_1237a,252.592197,-4.147626,9.166000366210938,34.0743522644043,252.59212998090416,-4.147410575818326,6.447805799634918,1.0655562438969512,1.421568926087992
SB89015_component_1238a,248.030842,-3.993908,9.670000076293945,19.654470443725586,248.03084424185255,-3.994011331829053,5.713882741873035,1.2685383768128284,1.6923693595301326
SB89015_component_1239a,250.595741,-8.964601,9.38700008392334,31.606061935424805,250.59583090460248,-8.964538850990321,6.301340156488698,1.1166121628704129,1.4896831230825138
SB89015_component_1240a,248.1893,-7.030018,10.592000007629395,28.32085418701172,248.18930636950802,-7.029835914773547,5.798666960797836,1.369172799455125,1.8266267194231218
SB89015_component_1243a,253.550189,-3.192319,9.303999900817871,24.356019973754883,253.54973550954153,-3.1921684750766293,8.095926825933239,0.8614133130853076,1.1492198609076947
SB89015_component_1244a,253.669934,-4.096479,9.824000358581543,33.30169677734375,253.67011492868917,-4.096419215377454,3.575084816726699,2.059730863381407,2.747906934296532
SB89015_component_1247a,252.957159,-7.785649,8.935999870300293,28.73311996459961,252.95721868810188,-7.785708852730988,5.093839269623221,1.314941321780861,1.754275978747415
SB89015_component_1249a,249.151538,-3.416739,9.222999572753906,22.942785263061523,249.15139343223143,-3.416737112554605,9.951783487932554,0.6946718912188247,0.9267685117886292
SB89015_component_1256a,247.787038,-3.970982,9.991000175476074,13.895689010620117,247.78739147458654,-3.971226750628298,4.57075026418643,1.638437691441043,2.1858556250074233
SB89015_component_1259a,251.440235,-5.325357,9.779000282287598,38.96016311645508,251.44010500858923,-5.325157893204138,4.358549016451722,1.681748235899655,2.2436366426936836
SB89015_component_1260a,249.09222,-4.653442,9.020999908447266,33.28782272338867,249.0920808633981,-4.653313482736445,6.689624873684198,1.0107910084267542,1.3485060939566709
SB89015_component_1262a,252.741556,-4.291914,9.152000427246094,30.711410522460938,252.7414928207666,-4.291775164389155,5.375425857904455,1.2761790538448696,1.7025628609105012
SB89015_component_1264a,250.70107,-6.130525,10.088000297546387,41.685951232910156,250.7009644328957,-6.130228505903067,4.374486024661771,1.7285681617807145,2.306099560193789
SB89015_component_1265a,247.681564,-5.905394,8.442000389099121,12.967741966247559,247.6813918174719,-5.904877965603919,8.355865572344598,0.7572902753073425,1.0103083057055877
SB89015_component_1268a,253.360568,-8.147863,9.354000091552734,31.076412200927734,253.3606375254071,-8.14784601677932,6.871885667820337,1.0203047327578874,1.361198445916474
SB89015_component_1274a,252.154903,-4.31709,8.814000129699707,34.295719146728516,252.15475390007825,-4.3168556988213425,8.489611494812985,0.7782044193781592,1.0382100682799111
SB89015_component_1276a,250.739113,-5.647586,8.802000045776367,36.37190246582031,250.73905970376757,-5.647470426290891,6.357237154514398,1.0378185048412774,1.3845637392221393
SB89015_component_1279a,252.869345,-2.653362,8.807000160217285,13.384498596191406,252.86907456895656,-2.653285536590839,6.168031485418682,1.0702614404177093,1.4278461744297455
SB89015_component_1280a,253.666682,-9.892222,7.9730000495910645,10.966987609863281,253.66659152667577,-9.892132544928007,6.917025055468855,0.8639942944596107,1.1526631732072905
SB89015_component_1282a,251.150419,-4.32553,9.819000244140625,37.47710037231445,251.15016477445732,-4.325465762748541,5.216149805718509,1.4109956398573942,1.8824229766898128
SB89015_component_1284a,252.935891,-6.976358,9.15999984741211,35.92156982421875,252.93589878572314,-6.97618382586338,4.928756159604772,1.3930496329611517,1.8584810347255307
SB89015_component_1293a,251.072079,-2.893498,9.710000038146973,22.58139419555664,251.07203720444858,-2.893223300779159,7.517453014014558,0.9681819145816758,1.2916608883414258
SB89015_component_1297a,249.908345,-8.686289,9.121000289916992,36.778228759765625,249.90819873536591,-8.68628875511594,5.0695632522078,1.3485913820170126,1.7991688506785644
SB89015_component_1309a,249.105201,-7.429319,9.085000038146973,29.983497619628906,249.10500929373347,-7.4289075968688625,5.272452656742789,1.2915781856222326,1.7231069920615456
SB89015_component_1310a,250.651031,-8.330352,8.82800006866455,35.74089050292969,250.6513086855571,-8.330535648362792,5.320409610047885,1.2437288691931632,1.6592707546412195
SB89015_component_1311a,248.245291,-5.468292,9.793999671936035,31.593547821044922,248.24513954261172,-5.468355150985884,6.605100937494369,1.1114478317063434,1.4827933387572678
SB89015_component_1313a,248.015241,-6.803811,9.253999710083008,19.482105255126953,248.01509505365365,-6.803728956252396,5.079450072303495,1.3655928753430817,1.8218507079224786
SB89015_component_1314a,251.905768,-3.487476,8.788000106811523,34.462745666503906,251.905725415161,-3.4872717111210454,6.150263400334916,1.0710377891097533,1.428881908754179
SB89015_component_1315a,249.645947,-5.309595,9.187999725341797,35.47490310668945,249.64606741482868,-5.3094878549721205,5.088484504993539,1.3534461272503382,1.8056456134091075
SB89015_component_1319a,251.089415,-8.135087,9.52299976348877,36.48658752441406,251.0896967036547,-8.135169312061596,4.391851581963002,1.6253038905930632,2.168333693834054
SB89015_component_1329a,251.438545,-9.035485,9.128999710083008,31.371131896972656,251.43873918960395,-9.035465040734453,6.802537468607218,1.0059136635166945,1.3419991807780693
SB89015_component_1332a,250.375616,-8.176446,8.758000373840332,37.42735290527344,250.37578161337325,-8.176551011067982,6.40817849108325,1.0244218099843454,1.3666910786000694
SB89015_component_1335a,251.484965,-3.524934,8.302000045776367,27.952863693237305,251.4847398952078,-3.5247227133972525,6.403598139728186,0.9717781238400053,1.2964586260137747
SB89015_component_1336a,247.776465,-5.380139,9.28600025177002,17.687620162963867,247.77667759341367,-5.3801288088199595,10.622393487556485,0.6552616674411068,0.8741909497749286
SB89015_component_1337a,248.877707,-5.326248,8.699000358581543,32.580528259277344,248.87762891020407,-5.3261561841475284,4.896020020425751,1.3317865369698088,1.7767493438119337
SB89015_component_1340a,252.463237,-5.345552,8.855999946594238,41.3831787109375,252.46321334156593,-5.345362696636617,5.041279114552845,1.316756038472689,1.756697009897607
SB89015_component_1343a,254.394633,-3.058226,9.508000373840332,13.621776580810547,254.39462826382496,-3.058246963517915,5.658831048593402,1.2594209663077804,1.6802057336918912
SB89015_component_1344a,248.146911,-3.357709,8.256999969482422,12.323880195617676,248.14701612728317,-3.357983594180989,7.91911688614302,0.7815449952711108,1.042666762998616
SB89015_component_1348a,254.612396,-7.737206,9.532999992370605,18.914682388305664,254.61236751882385,-7.73726026643213,6.208431910756278,1.1509491241588237,1.5354923963737803
SB89015_component_1350a,253.446432,-7.412629,9.284000396728516,32.80565643310547,253.44647591507174,-7.412553002637299,4.778081064903731,1.4564316000313307,1.9430395321088112
SB89015_component_1351a,252.983324,-3.752857,8.640999794006348,29.094276428222656,252.9832828652363,-3.7526232104403476,5.575799328299544,1.161623304171161,1.549732923519972
SB89015_component_1354a,252.210743,-9.13324,8.465999603271484,28.993148803710938,252.21084283357692,-9.133273889902721,6.2721730787035055,1.0117394077204371,1.3497713626584833
SB89015_component_1358a,248.836697,-5.244065,8.619999885559082,31.575090408325195,248.83664642090747,-5.244033420024948,9.975075675326721,0.6477382110787561,0.8641538336276076
SB89015_component_1361a,251.301438,-3.77683,8.178000450134277,31.213743209838867,251.3013837711629,-3.77658497592629,7.161185538802127,0.8559938820647532,1.1419897453881966
SB89015_component_1368a,249.223816,-7.272488,9.02299976348877,37.75313949584961,249.22349275863985,-7.272266565908649,4.156816967845334,1.627041013068312,2.170651205786864
SB89015_component_1371a,252.191502,-7.769865,8.437999725341797,29.0965518951416,252.1917294382955,-7.76987959247656,5.184491752799119,1.2199492813520934,1.6275461757241878
SB89015_component_1372a,249.111728,-5.98956,8.854999542236328,34.32170486450195,249.11148959762988,-5.989356222762656,5.336802138385816,1.2437007550525725,1.659233247293413
SB89015_component_1377a,252.497214,-7.714243,8.234999656677246,28.105798721313477,252.49744574818305,-7.714334952340537,7.006380364694264,0.8810049148881709,1.1753572070072156
SB89015_component_1378a,253.203392,-10.026502,8.175999641418457,10.169153213500977,253.2033057827375,-10.026363352899585,5.309933755704678,1.154144582253405,1.5397554880293276
SB89015_component_1381a,249.290839,-7.749065,8.51099967956543,32.734615325927734,249.29056201126227,-7.748735318346047,5.062067513449495,1.2602627435402711,1.6813287568671114
SB89015_component_1382a,250.279994,-5.807439,8.265000343322754,32.7976188659668,250.27992158820462,-5.807447739304021,5.37697092508289,1.1521622571940369,1.5371108489293797
SB89015_component_1385a,248.235483,-4.663956,8.531000137329102,21.874361038208008,248.23566763907795,-4.663820455189738,5.7566671624479415,1.1108036171041167,1.481933885804406
SB89015_component_1386a,253.735195,-5.259229,8.326000213623047,30.610292434692383,253.73524152227228,-5.258961976822011,5.937389103366016,1.0511128929393245,1.4022999114043044
SB89015_component_1388a,254.356386,-6.702878,8.619000434875488,29.020204544067383,254.35602080133967,-6.702652342618596,5.2289913731749795,1.235513325697271,1.6483103183324124
SB89015_component_1393a,251.746073,-6.163823,8.406000137329102,28.78767204284668,251.74606625148797,-6.163674573221943,6.020164605870852,1.0466210935868465,1.3963073582957497
SB89015_component_1397a,248.771444,-5.142461,8.368000030517578,30.652013778686523,248.77128954029712,-5.142475928454114,6.795029784257317,0.9230787748898225,1.23148835195756
SB89015_component_1398a,251.653089,-3.632951,8.545999526977539,31.07636070251465,251.65293512964865,-3.6326830586464296,4.618394680323607,1.3870121861786424,1.8504264183802344
SB89015_component_1404a,250.57214,-8.861098,9.12399959564209,34.560604095458984,250.57254707734774,-8.861230808980094,4.492742589937569,1.5222366618704657,2.0308307037392224
SB89015_component_1405a,250.21225,-9.584663,7.683000087738037,22.141210556030273,250.21254134369187,-9.584654472855178,5.7862864320452045,0.9952664546935012,1.3277946361570672
SB89015_component_1406a,249.838692,-5.617163,8.87600040435791,37.29411697387695,249.83870075693207,-5.617077663549462,5.478870823737857,1.2143243642310342,1.6200419192037867
SB89015_component_1407a,248.58968,-7.707414,8.064000129699707,26.613861083984375,248.5895079516887,-7.707115892799984,5.231373149048016,1.1554290533286304,1.541469113356435
SB89015_component_1413a,248.377292,-3.047716,7.7220001220703125,11.094827651977539,248.37732631303942,-3.0477450426162975,7.024404303544029,0.8240029384608548,1.0993103170576792
SB89015_component_1416a,250.672473,-8.834436,8.845999717712402,32.88475799560547,250.6727570928133,-8.83469224267346,5.745414222841949,1.1540749981680216,1.5396626552257116
SB89015_component_1419a,249.590847,-4.364224,8.696000099182129,23.005290985107422,249.59071738347856,-4.364129054550605,5.483031834868056,1.188795699017268,1.5859838791892387
SB89015_component_1421a,255.008056,-6.777033,9.22700023651123,15.429766654968262,255.00818871711482,-6.776999579179198,4.312779193951076,1.603658035164803,2.1394557480365877
SB89015_component_1422a,254.809076,-6.215698,9.09000015258789,21.69451141357422,254.8087705846241,-6.215441787103628,5.076446792052531,1.3421853943881337,1.7906225604134782
SB89015_component_1427a,251.835873,-8.20813,8.579999923706055,31.086957931518555,251.83612522771,-8.208119736769351,7.951786433666092,0.8087811731048122,1.0790028121706396
SB89015_component_1429a,250.674268,-7.112041,8.675000190734863,34.97983932495117,250.67438578754678,-7.112040500499303,6.866144779978871,0.9470327389546542,1.2634455678870142
SB89015_component_1430a,253.334307,-6.813295,8.343999862670898,31.726234436035156,253.33432045572255,-6.813018168466416,4.809275004611715,1.3004783697541922,1.734980814087292
SB89015_component_1431a,250.339715,-4.953268,8.414999961853027,25.733945846557617,250.3397113603506,-4.952974274067418,5.111704431643161,1.233947949865634,1.6462219352436267
SB89015_component_1432a,250.944444,-8.192607,8.092000007629395,29.970369338989258,250.9446701992466,-8.192638832663562,5.088430858208491,1.1920115222147838,1.5902741401262521
SB89015_component_1433a,249.914365,-8.154093,8.022000312805176,30.044946670532227,249.9144474551311,-8.154151398065794,4.790492630181453,1.255194289556601,1.674566883218714
SB89015_component_1434a,249.948287,-8.867264,8.050999641418457,29.599262237548828,249.94823784231087,-8.86709989568035,11.97995342268891,0.503736168264187,0.6720393107848498
SB89015_component_1435a,247.94035,-7.406572,8.543000221252441,18.90044403076172,247.9403906428141,-7.406429443888006,5.280555264307847,1.2126606410582748,1.6178223299727594
SB89015_component_1436a,254.458659,-3.665456,8.668999671936035,18.135982513427734,254.4580921579969,-3.665130228768888,5.60500959068895,1.1593140068294447,1.5466520675249138
SB89015_component_1437a,251.596363,-4.017895,8.593000411987305,33.177608489990234,251.5965264320819,-4.018064369049127,4.4472470308485885,1.4483116875463955,1.93220667805981
SB89015_component_1444a,252.198444,-6.143019,7.991000175476074,33.86016845703125,252.1983229860481,-6.142848723449054,5.178786742022926,1.1565956891267661,1.5430255334967988
SB89015_component_1445a,249.08305,-7.023131,8.557000160217285,34.22800064086914,249.08263244509953,-7.022900781434857,7.800425400380624,0.8222648184711099,1.096991474311099
SB89015_component_1456a,252.729574,-4.005796,7.4770002365112305,28.757694244384766,252.7295353532638,-4.005637430566987,4.10826668252042,1.3641974188591044,1.819989015884454
SB89015_component_1460a,252.762066,-9.138063,8.484000205993652,25.47747802734375,252.76230599627638,-9.137818972464665,5.561806877732541,1.1433869264355314,1.5254035950008467
SB89015_component_1464a,254.543078,-6.167275,8.782999992370605,25.457971572875977,254.54292771980167,-6.167243517041384,4.908207709745741,1.3413076627052425,1.7894515700570441
SB89015_component_1472a,254.56111,-5.256669,8.354999542236328,23.601694107055664,254.5610537755031,-5.256464795702191,4.911894444315797,1.2749873083601713,1.7009729416936075
SB89015_component_1473a,249.861322,-3.575754,7.929999828338623,21.20320701599121,249.86121047792858,-3.575781705162234,8.83784734638552,0.6725663559584485,0.8972773026659953
SB89015_component_1481a,250.561178,-6.638042,8.100000381469727,34.615386962890625,250.56109233578135,-6.637893011017804,4.555108354527916,1.3328914548258226,1.778223425446747
SB89015_component_1482a,249.406592,-8.562478,7.738999843597412,28.141817092895508,249.406442008522,-8.562186121349072,8.922173846389722,0.6501635429283685,0.8673894923857519
SB89015_component_1488a,250.054028,-8.984226,7.781000137329102,28.606616973876953,250.05402924208704,-8.984108428605978,5.132238899499773,1.1364151517238237,1.516102482697658
SB89015_component_1496a,254.01779,-9.73395,8.102999687194824,10.935222625732422,254.01805858344062,-9.734222612887654,5.85546079108678,1.0372733058060395,1.3838363838981318
SB89015_component_1500a,250.606001,-3.581747,8.043999671936035,25.94838523864746,250.60594867491136,-3.581443384247198,4.84997576668099,1.2431998016587682,1.6585649205090416
SB89015_component_1501a,248.108004,-4.988834,8.409000396728516,21.561540603637695,248.10795830046874,-4.988648277394583,5.408533223648146,1.1653954755943248,1.5547654140241196
SB89015_component_1502a,250.56993,-4.078663,8.010000228881836,27.812501907348633,250.56990861121315,-4.078385679222129,5.036436520888304,1.192113539646132,1.5904102425714814
SB89015_component_1504a,249.320472,-3.697267,8.380000114440918,23.085399627685547,249.32042170291902,-3.697172474886054,5.425957233193517,1.1576469043311404,1.5444279699028811
SB89015_component_1508a,247.873997,-5.176265,8.41100025177002,18.774553298950195,247.87397405615204,-5.176299233878102,5.162409682119981,1.2212473544499454,1.6292779476416874
SB89015_component_1511a,252.917606,-7.328911,7.931000232696533,28.224201202392578,252.9176344288451,-7.328890970403999,8.107359009660831,0.7332583451440543,0.9782470744475301
SB89015_component_1512a,251.847357,-9.191945,8.651000022888184,31.11870574951172,251.84743685112505,-9.191940803252503,5.091699201616709,1.2735383590783562,1.699039884394846
SB89015_component_1516a,252.610677,-5.028233,7.4670000076293945,28.609193801879883,252.61077038908107,-5.0279889505095925,3.618019920538086,1.5469762798967515,2.063836068243337
SB89015_component_1528a,251.648646,-2.733339,7.418000221252441,13.61100959777832,251.6484419247945,-2.7330601871261324,5.841684408693752,0.951825219350037,1.2698392624929848
SB89015_component_1530a,249.82931,-9.111704,8.067999839782715,28.30877113342285,249.82917852277916,-9.111492828399612,6.184698492611992,0.9778129959458494,1.3045098074579453
SB89015_component_1532a,253.794859,-6.143438,7.8979997634887695,31.846773147583008,253.79493682641416,-6.143194295728735,6.55082896430163,0.9037104669474707,1.2056489043643897
SB89015_component_1536a,251.881182,-3.247626,7.826000213623047,23.932722091674805,251.88091294287779,-3.2473887577523244,3.5200730006221868,1.666466707747105,2.223249407679832
SB89015_component_1555a,249.01209,-7.482648,7.4679999351501465,21.83625602722168,249.0117993508821,-7.482345717886747,3.9713200074527237,1.4095415368136441,1.8804830437072373
SB89015_component_1556a,249.838369,-6.168466,7.698999881744385,28.305145263671875,249.8381647273321,-6.168286194946546,6.625938520033037,0.8709542999730167,1.161948584108806
SB89015_component_1559a,250.351926,-9.42637,7.546999931335449,21.8121395111084,250.35216407440265,-9.426459884449379,4.23107503208209,1.337002057584995,1.7837074204807024
SB89015_component_1561a,249.05529,-8.266453,7.505000114440918,26.899641036987305,249.05513882957618,-8.266280760837198,4.744284077528834,1.1857372788211666,1.5819036111239915
SB89015_component_1568a,247.980161,-8.502211,7.6579999923706055,16.504310607910156,247.9803430194306,-8.502119427139114,6.7659558029417415,0.8483882824736443,1.1318430411621985
SB89015_component_1569a,252.922797,-3.262934,7.535999774932861,22.099706649780273,252.92281104404174,-3.2625991617361416,4.805199861989686,1.175541261486904,1.5683010054471356
SB89015_component_1570a,254.513364,-6.727977,7.708000183105469,23.008955001831055,254.51316074394484,-6.727778152276137,6.877680668755448,0.8400558591535537,1.1207266743456223
SB89015_component_1580a,250.46245,-8.066645,7.409999847412109,27.242645263671875,250.46266095272284,-8.066717865669249,4.215329699654892,1.317634954047641,1.7578695796959285
SB89015_component_1583a,249.22134,-5.174815,7.4079999923706055,28.4923095703125,249.221577992568,-5.175006740120635,5.907913253317761,0.9398863014021811,1.253911436192877
SB89015_component_1585a,252.42463,-9.542949,6.65500020980835,19.865671157836914,252.4245978592101,-9.543000789545031,6.0478774076943616,0.8248093031471916,1.100386096011401
SB89015_component_1589a,252.244212,-8.911909,7.541999816894531,27.12949562072754,252.2443333857725,-8.912120232133558,4.139887978804709,1.3655461570764642,1.8217883806295885
SB89015_component_1592a,247.660966,-7.650085,7.285999774932861,11.243826866149902,247.6606205662224,-7.649472489501259,3.603414904614078,1.5155956129787893,2.0219708159621947
SB89015_component_1595a,252.587776,-7.950384,7.195000171661377,25.696428298950195,252.58801739010468,-7.950375277135766,5.741281750682761,0.9393564138007636,1.2532045080013252
SB89015_component_1598a,253.305113,-3.78013,7.590000152587891,26.631580352783203,253.30498780604822,-3.7797265261219697,4.919330041414848,1.1564963875320098,1.5428930542755233
SB89015_component_1604a,248.592774,-6.499355,7.6579999923706055,25.612041473388672,248.59291530627505,-6.499548321925437,3.647404415175412,1.573765058535269,2.099575237807106
SB89015_component_1605a,247.706903,-6.262243,6.5980000495910645,11.164128303527832,247.70702911483684,-6.262140423425564,4.16477676102517,1.1874874913527742,1.5842385866480275
SB89015_component_1608a,252.772088,-9.938675,7.122000217437744,10.203438758850098,252.7724418713777,-9.938763249311938,3.4849590747908152,1.531837710828431,2.043639556331158
SB89015_component_1610a,248.125599,-3.544365,7.315999984741211,11.395638465881348,248.125494436174,-3.544361378205022,4.1469433709176595,1.3223732263266548,1.7641909547277672
SB89015_component_1611a,249.389311,-5.387547,7.4029998779296875,26.15900993347168,249.38924769720586,-5.387547868058896,4.359642397996657,1.2728151363307256,1.6980750259084356
SB89015_component_1613a,252.943539,-7.908419,6.827000141143799,22.457237243652344,252.94370350915463,-7.908454122994964,4.189178350121029,1.2215451338584162,1.6296752180404448
SB89015_component_1614a,253.095739,-7.961145,7.586999893188477,27.689781188964844,253.0959130410639,-7.961142340049249,5.896803389063824,0.9644104036856928,1.2866292790530003
SB89015_component_1617a,252.569259,-8.048442,6.810999870300293,24.5,252.56934753286848,-8.048414955600558,4.554375213875269,1.1209610471190659,1.4954850117640806
SB89015_component_1621a,249.575879,-7.352205,6.817999839782715,22.427631378173828,249.5759374897474,-7.351853218097347,4.550857184616875,1.1229805558246906,1.4981792579273623
SB89015_component_1626a,254.324107,-8.583706,7.756999969482422,21.428176879882812,254.32383652183123,-8.583509335631351,4.066501552033058,1.4298197903935308,1.907536458606364
SB89015_component_1628a,248.744764,-7.47787,7.150000095367432,23.993288040161133,248.74487316906286,-7.4778113817338046,4.030049258658271,1.329854568826548,1.7741718863624734
SB89015_component_1630a,253.330204,-8.266705,7.741000175476074,25.214982986450195,253.33033477647484,-8.266672559681973,4.023804059740961,1.4420114519243095,1.9238014725732977
SB89015_component_1634a,254.569987,-8.803216,7.059000015258789,14.892404556274414,254.5699523979452,-8.803202137068478,4.3636873344788585,1.2125454165245662,1.6176686078040976
SB89015_component_1638a,254.319783,-8.073538,7.257999897003174,21.795795440673828,254.31964690680667,-8.073583795187364,3.575257944174644,1.5216614348834,2.030063287833264
SB89015_component_1641a,251.531797,-3.526447,7.3520002365112305,24.754209518432617,251.53138713269604,-3.5263337657105405,4.1147847189877105,1.3392660217938817,1.7867277971032993
SB89015_component_1646a,254.7259,-8.062902,7.250999927520752,14.217647552490234,254.72579320014327,-8.06269814902171,4.747560010336753,1.144816537260461,1.5273108526765997
SB89015_component_1648a,250.828823,-4.628388,7.14900016784668,21.404191970825195,250.8287712186979,-4.6280914752236235,7.513669263302522,0.7131841610566316,0.9514659106387713
SB89015_component_1652a,248.793226,-9.326939,6.165999889373779,15.262375831604004,248.7930357246103,-9.326622240628714,3.6563379515618184,1.2640540337435464,1.6863867539213517
SB89015_component_1654a,254.414634,-8.227854,7.460999965667725,20.95786476135254,254.41455043751031,-8.228103358671463,5.63861914657087,0.9918197060611302,1.3231962953563083
SB89015_component_1655a,248.667109,-4.051777,7.059000015258789,21.198198318481445,248.66708311817186,-4.051680544598577,4.025353911932528,1.3144605896350638,1.753634629326255
SB89015_component_1656a,249.818493,-4.173038,6.980999946594238,22.8137264251709,249.81852434414228,-4.172998974888329,4.819826600238812,1.0856621000266153,1.448392343875679
SB89015_component_1663a,248.927243,-6.662085,6.749000072479248,25.661596298217773,248.9271822891983,-6.662017752725903,6.05098295720675,0.8360301881929911,1.1153559876484458
SB89015_component_1666a,250.537097,-5.525612,7.585000038146973,28.092592239379883,250.53689011733277,-5.525472081827656,4.478024907326619,1.2696310619365758,1.693827121358112
SB89015_component_1671a,252.704701,-6.937456,6.5329999923706055,24.935115814208984,252.70472234279526,-6.937446249337173,4.707209525969497,1.0402975707059028,1.3878710850511946
SB89015_component_1681a,249.469334,-6.743827,6.793000221252441,27.613821029663086,249.4694144554072,-6.7436142985947845,7.486537324294273,0.6801255516945106,0.9073620990586313
SB89015_component_1685a,254.211464,-5.240799,6.835999965667725,22.786664962768555,254.2114078653668,-5.2404834974832655,3.942143117126271,1.2998047550760752,1.7340821382078606
SB89015_component_1687a,247.823277,-7.809774,6.875,12.971698760986328,247.8233731902564,-7.809605665999223,4.671469649664903,1.1031323671760171,1.4716995968266993
SB89015_component_1690a,253.520328,-5.760019,7.011000156402588,24.428571701049805,253.520530754083,-5.759906258122981,7.613699716735267,0.6902281844196058,0.92084011942211
SB89015_component_1697a,248.101523,-4.930263,6.388000011444092,16.421594619750977,248.10154191138747,-4.9301124946473225,4.972171364355907,0.9630021944229094,1.2847505734090061
SB89015_component_1698a,253.356682,-5.907284,6.736999988555908,25.713741302490234,253.35639815746794,-5.906790721079529,4.243363204629344,1.1900488719677496,1.5876557493843806
SB89015_component_1700a,251.042921,-7.304639,7.0370001792907715,26.961685180664062,251.0430315103062,-7.304576522801262,6.099875735218321,0.8647190583037684,1.1536300876855339
SB89015_component_1707a,253.92141,-7.758756,5.99399995803833,18.672897338867188,253.92148106408334,-7.759009959044392,4.818347213031166,0.93245332049858,1.243995024233128
SB89015_component_1710a,250.895579,-8.342619,6.828999996185303,20.446107864379883,250.8959692688008,-8.342794376521425,4.642212665583846,1.1026572489535575,1.4710657369951463
SB89015_component_1711a,248.705332,-7.099965,7.243000030517578,28.073644638061523,248.70522750433358,-7.099626822710224,4.446291745782981,1.221037460139825,1.6289979256055551
SB89015_component_1718a,252.352531,-4.223533,7.172999858856201,28.35177993774414,252.35237748990687,-4.223294370748206,3.877375571990422,1.3866645373021425,1.8499626166402021
SB89015_component_1720a,249.387659,-8.190617,6.689000129699707,25.24151039123535,249.3873150284607,-8.190532105646847,3.2185570872406415,1.5577883240053731,2.0782605212183367
SB89015_component_1721a,253.013912,-4.032555,7.064000129699707,14.505133628845215,253.01389516732695,-4.032376211555111,4.612052321092001,1.1480609089927647,1.5316392004909336
SB89015_component_1722a,253.336446,-9.308817,7.329999923706055,21.002864837646484,253.33640724785613,-9.308798044474225,3.796894572637236,1.4470511686765934,1.9305250076024114
SB89015_component_1723a,248.780538,-2.943208,7.199999809265137,12.653778076171875,248.78032196159697,-2.943097876220603,3.9281431598659515,1.3738952890433802,1.8329270386140504
SB89015_component_1727a,251.518368,-7.992687,6.934000015258789,23.505084991455078,251.51866635177964,-7.992649925800993,2.1566681223523134,2.4099552358372995,3.215144668478598
SB89015_component_1729a,252.652965,-3.827668,6.539000034332275,27.590717315673828,252.6529196643775,-3.8274276648972028,2.415579311379012,2.0290768447571272,2.7070111105560324
SB89015_component_1730a,252.165689,-9.182723,6.427000045776367,20.27444839477539,252.1658032287348,-9.182741944416392,3.2366257720972804,1.48841580032111,1.9857099641185199
SB89015_component_1738a,252.785623,-8.272372,6.433000087738037,15.883951187133789,252.7856450362884,-8.272408601705282,3.4675825585933606,1.39057751911058,1.8551829636458923
SB89015_component_1740a,247.734497,-7.65772,6.296000003814697,10.304418563842773,247.7341844286845,-7.657268689591652,4.339395507797886,1.0875367489710404,1.4508933312256964
SB89015_component_1744a,248.853437,-3.628266,6.714000225067139,18.145946502685547,248.85324943914867,-3.6281801514133454,4.780489018362186,1.0527311727796416,1.4044588742444977
SB89015_component_1746a,254.856411,-5.174636,6.64900016784668,13.01174259185791,254.85603324967937,-5.174438043268931,4.637858560338265,1.074601148913166,1.4336358216499234
SB89015_component_1755a,253.286379,-7.938033,6.828000068664551,23.383562088012695,253.28669646696022,-7.938348992114162,2.769051391857372,1.8482935898996584,2.4658264157692624
SB89015_component_1759a,251.414442,-8.760386,6.223999977111816,22.55072593688965,251.41484059823472,-8.760517812678575,5.075001548773559,0.9192674017827668,1.226403562106484
SB89015_component_1763a,249.00904,-5.079953,5.968999862670898,19.634868621826172,249.0088367798843,-5.079834724940504,3.488536284389291,1.2825277804948596,1.7110327587479404
SB89015_component_1764a,249.789108,-5.605442,6.730000019073486,27.809917449951172,249.7890310471784,-5.6053203330478,3.608231226543799,1.3980707876943672,1.8651798059848628
SB89015_component_1768a,253.997684,-9.31314,6.834000110626221,14.571428298950195,253.9973860289666,-9.313270038810424,2.0843495185264884,2.457609582685438,3.2787207950888457
SB89015_component_1774a,253.249534,-7.444229,6.10099983215332,20.135313034057617,253.24971623079855,-7.4444465699062,4.993278684247025,0.9158485540781676,1.2218424442042406
SB89015_component_1789a,249.219032,-6.316665,6.060999870300293,23.133586883544922,249.218904818415,-6.316542826573901,3.942662367294514,1.1522935840388828,1.537286053347601
SB89015_component_1795a,250.464506,-4.123139,6.080999851226807,21.188152313232422,250.46461907888664,-4.122740147587559,4.056167871966609,1.1237443691552715,1.4991982687044136
SB89015_component_1800a,251.759276,-5.105631,6.291999816894531,23.65413475036621,251.7591908073085,-5.105308573250143,3.4260663089117873,1.376579804218374,1.836508476361931
SB89015_component_1803a,247.976299,-7.344064,6.243000030517578,14.418013572692871,247.97584555008706,-7.343867478318917,3.0547471054635924,1.5318862981500578,2.043704377148475
SB89015_component_1804a,251.801825,-4.050957,5.934999942779541,24.02834129333496,251.80162484935678,-4.050750401308607,4.469990347100748,0.9952280099197115,1.3277433466112523
SB89015_component_1807a,250.460997,-2.891936,6.053999900817871,11.664739608764648,250.46087308975973,-2.8919085303783816,4.304109318914046,1.054308171956201,1.4065627641505476
SB89015_component_1813a,250.840024,-4.825548,6.250999927520752,21.85664176940918,250.83977066190405,-4.825181305451572,3.630256278691617,1.290686195857329,1.7219169798595262
SB89015_component_1814a,249.153027,-6.164155,5.932000160217285,22.992250442504883,249.15300372056373,-6.164226063984094,5.830492400538724,0.7626133033708357,1.0174098091044903
SB89015_component_1815a,248.402232,-8.38753,5.860000133514404,17.865854263305664,248.40207532618007,-8.387362655286788,3.637495354153097,1.2075458651989401,1.6109986578604893
SB89015_component_1816a,248.217602,-7.865763,5.675000190734863,14.223058700561523,248.21757947033717,-7.865504970682484,3.557438793111971,1.195740393303184,1.5952488632335666
SB89015_component_1817a,248.03525,-4.124162,5.238999843597412,11.146808624267578,248.03530181474218,-4.124280618398813,3.508580081142694,1.119245736146026,1.4931965987480453
SB89015_component_1819a,253.144649,-4.170639,5.936999797821045,20.90492820739746,253.14477982099478,-4.170273920999777,3.9131671832532193,1.1372268056895085,1.5171853181302897
SB89015_component_1821a,249.592632,-7.208187,6.264999866485596,21.382251739501953,249.59269328071406,-7.208249376015894,5.284036709055262,0.8887174273725816,1.1856465447617455
SB89015_component_1825a,253.983049,-7.881446,6.538000106811523,20.624605178833008,253.98327567583317,-7.881264369321769,4.531294960357822,1.081511263568063,1.442854672672917
SB89015_component_1828a,249.233399,-5.921405,5.855999946594238,21.45054817199707,249.23307801595578,-5.92094191907839,4.132122063914801,1.062273575756918,1.4171894866644437
SB89015_component_1830a,250.373109,-8.889359,6.4770002365112305,24.167911529541016,250.3734313801934,-8.889407711749332,3.105108737860435,1.5635276149736994,2.085917364998363
SB89015_component_1832a,249.745581,-7.378955,6.510000228881836,24.5660400390625,249.74531666748325,-7.378607901902864,3.5516253038854835,1.373922762931499,1.8329636917948202
SB89015_component_1836a,248.739253,-7.56797,5.086999893188477,16.733552932739258,248.73920571367515,-7.567870149498089,3.9014200355637714,0.9773440540363333,1.3038841875054308
SB89015_component_1852a,253.925017,-6.606976,6.105999946594238,23.75875473022461,253.92496176218708,-6.606694011053787,4.503383356592553,1.016310316971644,1.3558694570506855
SB89015_component_1855a,250.772984,-3.16666,6.315999984741211,19.314985275268555,250.77314525668558,-3.1664675913292104,4.448736199575757,1.0641771341954362,1.4197290424510944
SB89015_component_1859a,250.948541,-7.193028,6.1570000648498535,25.02845573425293,250.94885097529902,-7.193254176716134,3.431237251112905,1.3450141911722024,1.794396485656263
SB89015_component_1864a,249.699009,-9.0389,6.284999847412109,19.889238357543945,249.69903136926365,-9.038759926841468,4.781095221813233,0.9853405021774904,1.31455232657519
SB89015_component_1867a,252.344239,-8.467177,6.116000175476074,22.079421997070312,252.34419556134682,-8.467611687876223,4.25164996927373,1.0782474584518458,1.4385003985925053
SB89015_component_1874a,250.474282,-4.601201,5.460000038146973,17.388534545898438,250.47393129019775,-4.600882329257141,3.6780963217793996,1.112699784618126,1.4844635812869411
SB89015_component_1876a,249.793692,-5.968755,6.421000003814697,30.4312801361084,249.79341490001698,-5.9687593853002125,2.7936625057340785,1.7228092213406645,2.29841650186284
SB89015_component_1877a,252.058202,-3.68618,6.2789998054504395,21.357141494750977,252.0582322028815,-3.6859418886529043,3.789578444847184,1.2419611897718283,1.656912476370084
SB89015_component_1880a,248.597087,-5.700806,5.794000148773193,21.459259033203125,248.59690306863814,-5.700659951463122,5.156656193801349,0.8422068737618726,1.1235963638099384
SB89015_component_1881a,252.109022,-9.089409,5.750999927520752,21.539325714111328,252.10931547217854,-9.089500657920699,3.7086644262958703,1.1623429348845102,1.5506929898385873
SB89015_component_1885a,249.566637,-8.356388,5.552999973297119,19.484210968017578,249.56649035237615,-8.356251469825692,4.26253116905644,0.9764917090468602,1.3027470657830613
SB89015_component_1887a,254.63758,-3.95873,5.616000175476074,11.254508972167969,254.637770132008,-3.9582666678589598,3.2582826365011215,1.2919532989156242,1.7236074343466923
SB89015_component_1889a,251.704142,-6.620156,6.074999809265137,18.92523193359375,251.70392171573042,-6.619930489199822,7.4601837042493475,0.6103868985362227,0.8143230850742716
SB89015_component_1891a,254.004702,-3.083906,5.61299991607666,12.175704956054688,254.00456223130917,-3.0839412097807455,3.404674322733049,1.235742311052535,1.648615809917147
SB89015_component_1893a,251.969158,-8.151094,6.35699987411499,22.784944534301758,251.96934185690424,-8.15104028015677,3.674937400253103,1.296614021712897,1.7298253498623313
SB89015_component_1897a,253.326676,-9.153642,6.021999835968018,18.76012420654297,253.32742360406576,-9.153899327757825,4.474233836248135,1.0088591055078848,1.345928723523704
SB89015_component_1900a,254.442855,-4.537468,6.159999847412109,16.210525512695312,254.44260120383535,-4.537319641437497,2.9388949928431867,1.5711045596803106,2.09602584046486
SB89015_component_1901a,252.030013,-3.178287,6.168000221252441,18.86238670349121,252.02982421332862,-3.177998674664653,3.0008848859150743,1.5406482714334266,2.0553938107397958
SB89015_component_1903a,252.00047,-7.657759,5.980999946594238,21.592056274414062,252.0005022396013,-7.657874033464832,3.2498033501123906,1.379511016654615,1.8404190353202117
SB89015_component_1904a,249.051217,-3.610604,5.750999927520752,17.53353500366211,249.0510053426277,-3.6106060676931238,4.950709671130688,0.8707317092133167,1.1616516236160717
SB89015_component_1911a,251.209981,-9.044329,5.544000148773193,18.98630142211914,251.21047393329786,-9.044663615232984,3.3702112203464027,1.2330326303211738,1.6450007985562878
SB89015_component_1913a,249.57315,-5.83093,5.802999973297119,23.685712814331055,249.5729492007241,-5.83075120797803,2.3224892302518536,1.8728686341207788,2.4986122207627353
SB89015_component_1915a,253.294197,-5.420168,5.616000175476074,15.954545974731445,253.29421900601366,-5.419867058385793,6.453111895048024,0.6523285307135983,0.870277823600993
SB89015_component_1918a,251.586806,-6.194288,5.510000228881836,17.381704330444336,251.58689583205654,-6.19410574487116,3.8994514789036723,1.0591477615807257,1.4130193076363058
SB89015_component_1922a,252.855475,-5.065071,5.781000137329102,20.87003517150879,252.8554328880383,-5.065006403610269,2.8856153282835204,1.5016647974208457,2.003385579729323
SB89015_component_1923a,248.791856,-4.583588,6.020999908447266,19.740982055664062,248.7920783159378,-4.583648894718178,3.0459250795252872,1.4816917418587483,1.9767393324676419
SB89015_component_1925a,250.365,-5.339099,5.341000080108643,18.806337356567383,250.36499442704437,-5.338922012062601,2.0705389131011147,1.933515438564778,2.5795217111419797
SB89015_component_1927a,254.442126,-5.783641,5.830999851226807,16.565340042114258,254.44245062353176,-5.783536597536608,3.5808320815397785,1.2205836019842058,1.6283924290355003
SB89015_component_1929a,253.463734,-9.328969,5.591000080108643,16.639881134033203,253.4638210567938,-9.329063442402248,3.380288707314587,1.239778670930162,1.654000756802314
SB89015_component_1931a,252.089112,-3.269891,5.892000198364258,18.355140686035156,252.089133625067,-3.2698601148997297,4.726317076950543,0.9344334044323055,1.2466366734256058
SB89015_component_1935a,252.826506,-8.393267,5.640999794006348,15.626038551330566,252.82715800007347,-8.393085528368216,3.324402921971431,1.2718939018415756,1.696845998035982
SB89015_component_1936a,248.156685,-5.068136,4.922999858856201,13.985795021057129,248.15680458486162,-5.068132942693295,3.421591934765631,1.0784749605660766,1.4388039113709836
SB89015_component_1937a,251.814164,-3.044003,6.013999938964844,15.702350616455078,251.81405760170566,-3.0440959085276655,4.08163193477883,1.1044295974610536,1.4734302443394427
SB89015_component_1940a,248.311782,-4.559937,5.991000175476074,16.23577308654785,248.31141444564003,-4.560002202284512,6.004779460391757,0.7478435070055027,0.9977052804342653
SB89015_component_1942a,249.104549,-8.233456,5.5269999504089355,20.54646873474121,249.1043496905425,-8.233040940185022,3.2328564778354787,1.2814789970452014,1.709633566569424
SB89015_component_1945a,250.048564,-5.616634,5.704999923706055,20.97426414489746,250.0484305469881,-5.616394160640616,2.6219254346111542,1.6309617014188635,2.17588183416518
SB89015_component_1946a,250.709006,-9.56025,5.927000045776367,16.28296661376953,250.7092089112852,-9.560256860126488,6.473773808848186,0.6862555439108547,0.9155401811653502
SB89015_component_1949a,248.860717,-5.364881,4.886000156402588,19.466136932373047,248.86070089620827,-5.365069621569472,3.203380695048906,1.1432820346454213,1.5252636578456977
SB89015_component_1950a,248.891883,-9.007562,5.933000087738037,19.138710021972656,248.89199092731076,-9.007205015870063,4.293913858063992,1.0356892862950513,1.3817231280957891
SB89015_component_1951a,251.629492,-4.424897,5.242000102996826,19.632959365844727,251.62919821288062,-4.424857182103323,3.6918943201724326,1.064280783810215,1.419867322408079
SB89015_component_1953a,253.263012,-6.218808,5.401000022888184,16.669754028320312,253.26301140214724,-6.21862809375194,6.357731890121222,0.6367668210008267,0.8495167956485191
SB89015_component_1957a,248.088127,-8.749978,5.619999885559082,11.806722640991211,248.08811674238237,-8.749545579908489,3.46399683487176,1.2160943669142867,1.6224032969611935
SB89015_component_1961a,251.096994,-3.724288,5.968999862670898,24.06854820251465,251.09729468163124,-3.7239427829822294,6.060384960263858,0.7382608080722957,0.9849209087884443
SB89015_component_1963a,250.855242,-9.663868,5.84499979019165,13.405962944030762,250.85590597326797,-9.66356823842777,4.791651186983615,0.9143400871854017,1.219829983883098
SB89015_component_1964a,248.756601,-6.435553,5.894999980926514,22.161653518676758,248.75633954487705,-6.435456103450853,3.0212880673960902,1.462514326911469,1.9511545570717936
SB89015_component_1965a,249.831655,-4.864686,5.451000213623047,17.87213134765625,249.83169671333707,-4.864727515368458,3.154582176232772,1.2952178185296996,1.7279626616456307
SB89015_component_1967a,248.970336,-5.282307,5.385000228881836,20.791505813598633,248.97053844469062,-5.282157405133122,5.641797437117846,0.715445725785081,0.9544830860912303
SB89015_component_1968a,252.483355,-3.555444,5.310999870300293,17.88215446472168,252.48368566190183,-3.555293847679742,3.668136268393175,1.0852737193308106,1.4478742014202144
SB89015_component_1983a,253.959775,-8.747224,5.38700008392334,15.890856742858887,253.95957180175841,-8.747326572199817,3.761515877216972,1.0734764952137794,1.4321354102349324
SB89015_component_1984a,251.535854,-4.712934,5.01200008392334,17.647886276245117,251.53587293036003,-4.712601498909225,2.158794758568098,1.740236090637374,2.3216658573174125
SB89015_component_1987a,250.665838,-9.415603,5.435999870300293,16.472726821899414,250.66571017103286,-9.416038336599724,4.067993128539671,1.0016308300934371,1.3362854111436784
SB89015_component_1989a,252.303417,-8.312534,5.609000205993652,19.611886978149414,252.3036069892476,-8.312487792798345,2.404167991111868,1.7487555339848078,2.3330317293674763
SB89015_component_1994a,249.007879,-8.114959,5.197000026702881,16.550954818725586,249.0076917601411,-8.11466284497859,6.2158214561293645,0.6267042564837373,0.8360922306701983
SB89015_component_1995a,250.863488,-6.430129,5.439000129699707,23.144681930541992,250.8636228485925,-6.429856242605905,3.2055117583009207,1.2718331819148567,1.6967649909924665
SB89015_component_1998a,253.942485,-6.024298,5.869999885559082,25.521738052368164,253.94250405519537,-6.0241671995616635,3.87402850162506,1.135752595092001,1.5152185594651049
SB89015_component_2004a,248.359132,-7.271136,4.966000080108643,17.12413787841797,248.3589462274551,-7.270904383275377,2.836702834196661,1.3122039363201135,1.7506240062382097
SB89015_component_2007a,250.725676,-8.285865,5.368000030517578,19.95539093017578,250.7258865585179,-8.285875497530279,4.1804062058420115,0.9625038656660355,1.2840857481782355
SB89015_component_2010a,251.825789,-5.127559,5.817999839782715,23.08730125427246,251.82576615764523,-5.127409458640119,5.692487694008886,0.7660904722044964,1.0220487337910147
SB89015_component_2011a,250.952932,-8.816714,5.691999912261963,20.69818115234375,250.95358215700097,-8.817080518021198,4.598717074218776,0.9277621485089338,1.2377364861544375
SB89015_component_2016a,251.145571,-7.153174,5.177999973297119,20.795181274414062,251.1457895009968,-7.153182283346295,4.271937452781889,0.9085432686246632,1.212096391983736
SB89015_component_2017a,252.03667,-8.96431,5.429999828338623,18.595890045166016,252.0367898956437,-8.96412657947065,3.3527222004311037,1.2139776808548202,1.6195794055470556
SB89015_component_2018a,253.23438,-8.803008,5.626999855041504,19.883392333984375,253.2343069471817,-8.803018451378541,4.196050836200028,1.00518180653341,1.3410228032740787
SB89015_component_2019a,251.508105,-7.185267,5.460000038146973,16.201780319213867,251.5085187387251,-7.1857297606680754,3.901941168990296,1.048866912083071,1.3993035265469815
SB89015_component_2022a,249.879673,-3.817247,5.177000045776367,16.228839874267578,249.8794872526391,-3.8169000273697415,3.5337234459877567,1.0981307866350454,1.4650269396872049
SB89015_component_2026a,249.729199,-6.354594,5.309000015258789,22.120834350585938,249.72929184620364,-6.354473927352341,2.6608387886998797,1.4955557959680195,1.9952355016039267
SB89015_component_2033a,251.173127,-6.371105,5.065000057220459,18.418182373046875,251.17299585393476,-6.37112381622635,2.963395038329182,1.281145223606902,1.709188276186155
SB89015_component_2042a,251.003339,-8.222728,5.290999889373779,18.896427154541016,251.00349282283494,-8.222697735763225,2.2632957400366696,1.752285644447451,2.3377412839950185
SB89015_component_2046a,251.674761,-4.424919,4.869999885559082,17.147886276245117,251.67460157933021,-4.424728461936563,2.8348393952330557,1.2876829584000629,1.7179103316217013
SB89015_component_2053a,253.309667,-6.252149,5.324999809265137,18.298967361450195,253.3098357228768,-6.252011484235686,4.015999868476882,0.9938809426324278,1.3259462110701485
SB89015_component_2056a,252.118142,-7.205969,5.171999931335449,17.414142608642578,252.1187396824051,-7.2059198819787,2.119174781363006,1.8293642591827053,2.440572611952722
SB89015_component_2058a,253.891924,-3.767269,5.434999942779541,16.93146324157715,253.89187308169284,-3.7667689729313283,3.928314498375697,1.0370549065307126,1.3835450153053777
SB89015_component_2061a,254.115124,-8.324983,4.989999771118164,15.691823959350586,254.11494854105024,-8.325113745254276,3.4635564655555324,1.0799078796247306,1.4407155825934541
SB89015_component_2063a,249.560052,-7.016547,4.915999889373779,20.314048767089844,249.55988667007088,-7.0160171842624095,3.1182162072006,1.181718668663636,1.5765423443126645
SB89015_component_2065a,251.719749,-8.420026,5.388999938964844,16.94654083251953,251.71993186734974,-8.419985273987814,3.377020226255428,1.1961426430304727,1.5957855084985313
SB89015_component_2079a,248.652221,-8.370233,4.85699987411499,16.408782958984375,248.6522533933042,-8.369881537628896,2.4331282301526267,1.4962754528352593,1.9961956028147014
SB89015_component_2082a,251.049491,-9.242455,4.947999954223633,16.222949981689453,251.04951589426838,-9.242527686581498,2.396101019476823,1.5478647840322628,2.0650214302333567
SB89015_component_2084a,249.972407,-7.967511,5.001999855041504,19.46303367614746,249.9727774072992,-7.9673752407967005,4.924259961176654,0.7613969964392856,1.0157871222229855
SB89015_component_2092a,249.799709,-8.841125,4.8379998207092285,18.53639793395996,249.79946236036886,-8.84078192470188,2.113858221841831,1.7155305211668914,2.2887059173220323
SB89015_component_2096a,254.003096,-4.694603,4.6529998779296875,15.009676933288574,254.0031786030626,-4.694343260466007,2.7188639572483617,1.2827854349721795,1.7113764980866408
SB89015_component_2098a,250.757683,-6.658044,5.091000080108643,19.80933952331543,250.75781143046723,-6.658009048399316,2.6698120923610715,1.429324587773078,1.9068758039845315
SB89015_component_2100a,248.642984,-4.618304,4.460999965667725,14.578431129455566,248.64286711368348,-4.6184862747900555,2.8077291242523343,1.1909278997909454,1.5888284689341736
SB89015_component_2104a,250.25165,-5.605846,5.314000129699707,17.77257537841797,250.25174583357656,-5.605468435772985,3.096673375892318,1.2862773346043614,1.716035075274433
SB89015_component_2106a,250.66182,-9.157835,4.49399995803833,14.979999542236328,250.6626707625212,-9.158000297084744,4.155387779666755,0.8106436075308218,1.0814875040130985
SB89015_component_2112a,251.007383,-6.551579,5.394000053405762,21.66265106201172,251.00728387796954,-6.551054198527389,1.8683515723087505,2.1640176626451453,2.8870369652860965
SB89015_component_2113a,249.64403,-6.16763,5.329999923706055,22.489450454711914,249.6441546087355,-6.1674146026912995,5.574437831701575,0.7166953438209626,0.9561502136403042
SB89015_component_2114a,248.454736,-5.434573,4.817999839782715,15.541934967041016,248.45525273577658,-5.434723759379563,2.1900547469792166,1.6489985217787484,2.199944931252642
SB89015_component_2120a,253.657963,-5.753806,4.9629998207092285,19.539369583129883,253.65783693840635,-5.753436756633682,3.44421861286967,1.080095127014021,1.4409653911527218
SB89015_component_2122a,251.662424,-4.23106,4.84499979019165,17.365589141845703,251.66242548519264,-4.2305894546956715,2.038921745914637,1.7811547825251277,2.3762558812762276
SB89015_component_2123a,252.024619,-3.683481,5.39900016784668,20.373586654663086,252.02453011575264,-3.6831853542745514,3.064212314322389,1.3206962478082445,1.7619536814114654
SB89015_component_2124a,249.0932,-9.474281,5.038000106811523,11.2706937789917,249.09329836406982,-9.473963360238434,3.371796663946253,1.1199670670677604,1.4941589333311678
SB89015_component_2125a,251.569449,-9.260507,4.926000118255615,15.94174861907959,251.56940162154993,-9.26048664097583,3.060111151292752,1.2066065346781556,1.6097454878966122
SB89015_component_2126a,252.792566,-9.087199,4.96999979019165,12.36318302154541,252.79240430611125,-9.087013212180166,3.138499589454661,1.1869782218833844,1.583559165306511
SB89015_component_2129a,252.823292,-8.719331,4.748000144958496,15.465798377990723,252.82351888334688,-8.719504195262141,3.6280633787024477,0.9809442254685875,1.308687211152465
SB89015_component_2132a,250.984724,-3.509642,5.170000076293945,19.007352828979492,250.984856848885,-3.509076156851517,2.555686939511881,1.5163217081245015,2.0229395065427616
SB89015_component_2139a,254.315741,-7.582238,4.51800012588501,13.690909385681152,254.31562725022525,-7.582452499772767,4.226141082165495,0.8013287122819734,1.0690604118615852
SB89015_component_2140a,251.777498,-6.247955,4.6579999923706055,15.578595161437988,251.7772592399863,-6.248141709191599,3.0388016267589006,1.1489618002012694,1.5328410881952488
SB89015_component_2142a,251.450861,-7.069557,5.210999965667725,13.785714149475098,251.45085549765324,-7.069285843311893,2.43876792002945,1.6016184139137992,2.1367346695313256
SB89015_component_2143a,252.15978,-8.640395,4.835999965667725,16.791667938232422,252.15994680876173,-8.640288075178937,4.0056000263400175,0.9049553761528915,1.2073097498170473
SB89015_component_2145a,249.52407,-3.41808,4.959000110626221,12.428571701049805,249.52381391982888,-3.4179893842284543,3.032014418980034,1.2259459189882744,1.6355463481913197
SB89015_component_2148a,254.384763,-7.304027,5.046999931335449,16.823331832885742,254.38457714467046,-7.304263940676738,3.470478177689506,1.090065105484429,1.4542664361876272
SB89015_component_2149a,251.887086,-4.447109,5.176000118255615,19.241636276245117,251.88736998026067,-4.446924968724019,2.7949121582613894,1.3881441628882334,1.851936599494208
SB89015_component_2150a,252.950432,-7.218591,5.248000144958496,18.34964942932129,252.9504634653583,-7.218305618931251,2.752532530478855,1.429123743310319,1.9066078554375911
SB89015_component_2166a,251.171299,-4.455425,4.914000034332275,17.4255313873291,251.17113641893522,-4.455106754847037,3.0100863376617575,1.2236709759644413,1.6325113246251544
SB89015_component_2168a,249.303535,-4.922182,4.9029998779296875,16.620338439941406,249.3032270626772,-4.921941013600341,2.1639591346632607,1.6983268821689128,2.265754375575422
SB89015_component_2173a,254.715695,-6.720018,5.045000076293945,12.707808494567871,254.71549725926593,-6.719655368259948,2.5597581870697717,1.4773067868331322,1.9708893214124656
SB89015_component_2175a,254.326923,-3.403644,4.9629998207092285,10.765726089477539,254.3268684877548,-3.403552539944225,2.544580164996446,1.4619636635172455,1.9504199116934327
SB89015_component_2179a,252.299317,-8.239182,5.264999866485596,17.376237869262695,252.29928419545257,-8.23918396544724,4.2636351848971135,0.9256073265965448,1.234861717328812
SB89015_component_2180a,254.796591,-6.547831,4.507999897003174,10.70783805847168,254.79638426721138,-6.547829749354714,2.2259345328897235,1.5180286456556633,2.025216748468724
SB89015_component_2183a,249.365995,-5.534098,4.760000228881836,15.97315502166748,249.36560803165364,-5.534024147928712,2.1986946309015076,1.6227458767008665,2.164921022675233
SB89015_component_2184a,253.095252,-5.077071,5.044000148773193,16.92617416381836,253.09537472405475,-5.077295003329099,3.0831862435751747,1.226263460752992,1.6359699837413373
SB89015_component_2185a,251.11742,-9.628764,5.015999794006348,13.234827995300293,251.11777604371392,-9.628909635093224,4.227135616646619,0.889446407444812,1.1866190841507787
SB89015_component_2188a,249.749936,-7.273408,4.823999881744385,17.045936584472656,249.74984760720156,-7.273175420791376,2.472603603497679,1.4623833953780863,1.9509798800424314
SB89015_component_2194a,248.16471,-4.665012,4.646999835968018,11.502474784851074,248.16504321971743,-4.665004362430858,2.6196251228967578,1.3296641725032543,1.7739178767797918
SB89015_component_2200a,251.610635,-7.83338,4.249000072479248,13.706451416015625,251.61069038078324,-7.833547786833692,3.645177474103126,0.8737285304343194,1.1656497118908289
SB89015_component_2206a,253.460202,-4.804781,5.047999858856201,17.588850021362305,253.45988359977977,-4.804265306619789,3.1166482127597757,1.2140595960014764,1.619688689339187
SB89015_component_2218a,250.545094,-3.243493,4.5329999923706055,13.571856498718262,250.54516921605057,-3.2431541484431574,3.409431462251791,0.9965800990611718,1.3295471818567495
SB89015_component_2221a,248.890008,-3.501688,4.810999870300293,12.272958755493164,248.8899457778444,-3.501808297298062,3.0975541199321994,1.164192772367473,1.5531608759770752
SB89015_component_2229a,252.850641,-6.028633,4.854000091552734,18.88715934753418,252.85061222104287,-6.028209283667232,3.4032496157890173,1.0690904069586842,1.4262838873273103
SB89015_component_2231a,251.163917,-4.741112,4.815999984741211,18.666667938232422,251.1639496487064,-4.740861750760201,3.4271164967299628,1.0533339107068662,1.4052629927627127
SB89015_component_2233a,250.368347,-4.316189,4.7789998054504395,16.709789276123047,250.36857163534435,-4.315948292393495,2.4272051056806214,1.4758390331352553,1.9689311769597415
SB89015_component_2234a,251.751609,-8.96403,4.673999786376953,13.706744194030762,251.75238171772222,-8.964084453418538,3.5545095819712924,0.9856380378385005,1.314949271788094
SB89015_component_2238a,249.021659,-3.625264,4.3480000495910645,13.215806007385254,249.02185224810833,-3.6253785830954066,3.844249485443682,0.8477863738484194,1.1310400290238296
SB89015_component_2240a,248.360154,-6.559332,4.63700008392334,14.720635414123535,248.35969872870612,-6.558917104467156,2.9632857030252833,1.1729298387137275,1.5648170809818727
SB89015_component_2252a,248.799584,-3.537383,4.499000072479248,11.59536075592041,248.7993752581944,-3.53725233997868,3.571646712699315,0.9441825340436137,1.259643081854273
SB89015_component_2253a,252.547144,-3.13163,4.696000099182129,13.494253158569336,252.54712100700885,-3.1313081630337036,2.8213643367798302,1.2476057900165543,1.6644429923367918
SB89015_component_2257a,252.297093,-3.713324,4.392000198364258,17.15625,252.29681693317337,-3.7131367015771604,2.615296167443798,1.2587802788514373,1.679350986338583
SB89015_component_2259a,250.843113,-5.335351,4.440999984741211,17.146717071533203,250.84322651511337,-5.335129751441935,4.083386095442654,0.8152086564228925,1.0875777800433026
SB89015_component_2268a,248.989459,-4.168121,4.639999866485596,16.571428298950195,248.98948855232854,-4.168130388796004,2.4352056171666288,1.4282057846970582,1.9053831979429539
SB89015_component_2269a,249.510471,-9.125557,4.4079999923706055,12.487252235412598,249.51026885243667,-9.125310661958594,2.631517795884891,1.2555780950513502,1.6750789218540485
SB89015_component_2271a,248.206056,-6.930322,4.7820000648498535,13.065573692321777,248.20589101323054,-6.930223415053011,2.8323581623652125,1.2655224784379575,1.6883458202392585
SB89015_component_2274a,252.845987,-3.377533,4.446000099182129,14.577049255371094,252.84590861118704,-3.377285704085066,3.135202693455723,1.0629486900430358,1.4180901631854628
SB89015_component_2279a,249.360774,-3.434923,4.415999889373779,11.294116973876953,249.36034455162607,-3.4347187294456374,2.9398916963589277,1.1259164875049181,1.502096112874845
SB89015_component_2290a,251.30858,-6.075083,4.7729997634887695,15.752473831176758,251.30840415010823,-6.074825332716473,2.409971100483094,1.4845267741790389,1.9805215765998154
SB89015_component_2296a,251.103485,-7.812609,4.142000198364258,15.397770881652832,251.10389729101172,-7.812839691425471,7.034678375475265,0.4413410517065284,0.5887973802475971
SB89015_component_2299a,249.907289,-5.977325,4.709000110626221,19.37860107421875,249.90729935691883,-5.977181734195963,3.1803665504676952,1.1098389952751004,1.4806469744607675
SB89015_component_2302a,249.343893,-8.574398,4.479000091552734,17.160919189453125,249.34393701786678,-8.574293882074178,1.915844085181714,1.752384347591925,2.337872964817964
SB89015_component_2303a,249.918302,-4.114856,4.206999778747559,13.02476692199707,249.91840952418454,-4.11479008041995,2.2045011464509936,1.4304431973785479,1.9083681519151712
SB89015_component_2307a,252.237148,-3.905244,4.586999893188477,20.118419647216797,252.23725544227187,-3.9050107487855255,2.4860887372219165,1.382994842464634,1.845066841143501
SB89015_component_2308a,253.855923,-5.458138,4.330999851226807,17.051179885864258,253.85558355575552,-5.457873258400031,2.9372777989251198,1.10522729707996,1.4744944631426118
SB89015_component_2311a,251.219566,-8.936531,4.1620001792907715,14.351725578308105,251.21968704715917,-8.936818377415424,3.784263838572853,0.8243832201805246,1.0998176545904825
SB89015_component_2312a,250.281197,-9.232596,4.442999839782715,14.286173820495605,250.2814081699703,-9.232538887110161,2.829674151292631,1.1769237491302915,1.5701453956290679
SB89015_component_2331a,254.446898,-7.677935,4.589000225067139,10.622685432434082,254.44690215504625,-7.67776304265625,5.01490585642497,0.6859046562030335,0.9150720584690196
SB89015_component_2332a,249.678881,-5.718751,4.488999843597412,17.535154342651367,249.67868393391714,-5.718843744049452,2.7394074107519457,1.2282914267098775,1.6386755128056023
SB89015_component_2342a,251.350707,-5.316171,4.452000141143799,19.356521606445312,251.35068999400815,-5.316183621535494,2.6384771048391533,1.2647663315446354,1.6873370373305556
SB89015_component_2351a,253.607124,-7.683749,3.8989999294281006,11.535502433776855,253.60751510014285,-7.68370285871596,2.4082991932906497,1.2135320302967723,1.618984858812575
SB89015_component_2358a,251.53731,-6.09901,3.7130000591278076,12.629251480102539,251.53708852141915,-6.098938892044187,3.1118674367224655,0.8943599121785941,1.1931742385011352
SB89015_component_2361a,249.079054,-8.422691,4.577000141143799,18.308000564575195,249.07895791551698,-8.422285846958738,4.073765007728468,0.8421576711925268,1.1235307221846689
SB89015_component_2364a,249.121829,-6.468549,4.513999938964844,18.5,249.12187328428203,-6.468265337558036,3.182823567722222,1.0630591752925653,1.4182375626291073
SB89015_component_2366a,253.934362,-8.584515,4.568999767303467,13.320699691772461,253.9344098218208,-8.584331738871073,4.160817133548357,0.8230968950071065,1.0981015556929825
SB89015_component_2369a,248.279,-4.675689,4.26800012588501,11.535135269165039,248.27920951067105,-4.675390518089383,2.1423973909864995,1.4932511206690544,1.9921608119209593
SB89015_component_2371a,249.25633,-8.517072,4.199999809265137,16.153846740722656,249.25606582203218,-8.5168590361232,3.6335100214634926,0.8664257778336668,1.1559070387738948
SB89015_component_2379a,253.934778,-7.199983,4.380000114440918,17.176471710205078,253.9351564253368,-7.199977320339931,2.7451800244479463,1.1959464895737357,1.595523818268251
SB89015_component_2384a,249.174158,-3.952387,4.3460001945495605,14.249180793762207,249.1745095195459,-3.952352510861053,2.0423170509729482,1.5950526934328713,2.127975278118131
SB89015_component_2388a,249.092605,-6.590582,3.996000051498413,14.69117546081543,249.09234213256397,-6.590409232190147,2.305269024135746,1.2993086419043367,1.733420268810721
SB89015_component_2392a,254.304962,-3.842705,4.020999908447266,10.128462791442871,254.30476315737403,-3.842441665081037,1.9383969117599125,1.5548905015743202,2.074394508190024
SB89015_component_2398a,252.040567,-7.301468,4.323999881744385,14.317880630493164,252.04088943404423,-7.301302945266592,3.002147773330094,1.0795979829276419,1.4403021464023549
SB89015_component_2401a,248.491335,-4.552572,4.255000114440918,13.255451202392578,248.4912715216956,-4.552752266305561,3.007811038145764,1.0603701262797256,1.4146500762441556
SB89015_component_2406a,251.406602,-8.039267,3.484999895095825,10.822980880737305,251.40688000536954,-8.039345958373298,3.4942578952172134,0.7475775842848089,0.9973505103518374
SB89015_component_2407a,250.040282,-9.083582,4.256999969482422,15.203571319580078,250.04048151031668,-9.083440562201273,2.959942536346754,1.0780249783893237,1.4382035857819502
SB89015_component_2410a,251.017752,-7.422873,4.23799991607666,15.754647254943848,251.01799322446325,-7.4233005813460595,2.4487294096421017,1.2972647075180503,1.73069343610982
SB89015_component_2421a,249.966343,-6.033333,4.385000228881836,19.23245620727539,249.96647481095212,-6.033393878282047,3.3413774498226476,0.9836770512614049,1.3123331005644339
SB89015_component_2422a,253.771655,-4.960107,4.35099983215332,17.129920959472656,253.7715122801912,-4.95971325704064,4.367893714530491,0.7466644273498595,0.9961322588228347
SB89015_component_2423a,249.787878,-6.733624,4.181000232696533,19.17889976501465,249.78777852072187,-6.733448924317563,3.183894803212771,0.9843055598073445,1.3131715999151774
SB89015_component_2427a,252.199983,-7.801244,4.2170000076293945,13.559486389160156,252.2005481214398,-7.801212206383157,2.887277068444488,1.0947717869244284,1.4605456655745515
SB89015_component_2432a,249.696378,-8.471083,3.5260000228881836,12.683453559875488,249.69646285667272,-8.471183439434803,2.131558160928331,1.2399197571802183,1.6541889813377404
SB89015_component_2438a,250.568606,-4.225812,4.144999980926514,14.595069885253906,250.56858632492526,-4.2258092555510105,2.2091146141254208,1.4064190515218962,1.876317305776143
SB89015_component_2439a,252.733727,-6.153268,3.7909998893737793,11.92138385772705,252.73336790317293,-6.153028939409686,2.7564465548401387,1.0308907719281666,1.375321383509879
SB89015_component_2441a,248.309913,-5.030751,3.63700008392334,11.582802772521973,248.30976124206944,-5.0307816828832514,3.60260179012807,0.756720513503363,1.0095481809534235
SB89015_component_2450a,251.355999,-6.572769,3.947000026702881,14.511028289794922,251.35534565953347,-6.572755090680342,3.4767056309503492,0.8509570975290311,1.1352701222576551
SB89015_component_2463a,249.709963,-4.093751,4.11899995803833,13.50491714477539,249.70999014476683,-4.094122800157685,3.6202460626286785,0.8528293816387377,1.1377679546587238
SB89015_component_2464a,253.937687,-4.950413,4.265999794006348,16.220531463623047,253.93744650353335,-4.9500298104459235,4.0665434991825,0.7863282243992836,1.049048115399219
SB89015_component_2473a,252.566594,-5.216165,3.7730000019073486,16.995494842529297,252.5668216807873,-5.216189630324569,2.7221224445049974,1.0389331541442592,1.3860508036747947
SB89015_component_2476a,254.399284,-5.034795,4.283999919891357,13.429466247558594,254.3993869292694,-5.034472315844218,2.8045933989701335,1.1449539061544816,1.5274941178512622
SB89015_component_2477a,254.15859,-3.640942,4.179999828338623,10.773195266723633,254.1583799004424,-3.64039090711017,2.0568204034000197,1.523310195108756,2.0322629148509463
SB89015_component_2500a,253.098517,-4.096659,3.884000062942505,12.213836669921875,253.09832897395896,-4.096711943017483,2.8061373586204366,1.0374776728420034,1.384109031944171
SB89015_component_2517a,251.035714,-3.458608,4.074999809265137,14.14930534362793,251.0353976698349,-3.458509249386211,2.2669985237842587,1.3473636049713307,1.7975308614064798
SB89015_component_2518a,248.206127,-4.848263,3.944999933242798,11.112676620483398,248.20648633786126,-4.848491026104059,1.2915985996235062,2.289432751315895,3.054354452221258
SB89015_component_2527a,250.43645,-4.498181,3.6530001163482666,11.860389709472656,250.43629871458708,-4.498077478431955,2.3181507393850604,1.181181047064678,1.5758250981199367
SB89015_component_2533a,248.145287,-5.390766,3.8589999675750732,10.128608703613281,248.1454373554379,-5.391108167320222,3.3943307426697866,0.8521755585046501,1.1368956828702568
SB89015_component_2537a,248.13397,-6.516343,4.051000118255615,11.190608024597168,248.13370065462544,-6.51621610575768,1.835132751494289,1.6546388851285088,2.207469794736657
SB89015_component_2542a,253.509079,-4.306442,3.7890000343322754,13.020618438720703,253.50868564030188,-4.305897695506641,4.121575050335006,0.6890803305965199,0.919308756496937
SB89015_component_2568a,250.35326,-8.144365,4.054999828338623,16.417003631591797,250.35317344190688,-8.144362882966323,2.6568151676687912,1.1440314267445424,1.526263429117902
SB89015_component_2574a,251.731895,-6.045067,3.7679998874664307,15.898733139038086,251.73141437696563,-6.045013295445859,2.7586342098961114,1.02382379787728,1.3658932648443924
SB89015_component_2576a,250.011049,-8.290126,4.0279998779296875,15.92094898223877,250.01144343669876,-8.29044009050736,2.613216931583171,1.1553736055461854,1.5413951399317605
SB89015_component_2578a,253.681991,-4.431983,3.5390000343322754,12.869091033935547,253.681790737224,-4.431924513664099,2.2109225452345314,1.199818337234987,1.6006892878089782
SB89015_component_2582a,252.120194,-6.637611,3.361999988555908,12.498141288757324,252.12050498823615,-6.6379410735430815,2.0861984050544105,1.2079544419511439,1.6115437440707963
SB89015_component_2588a,251.918142,-4.191128,3.88100004196167,15.971193313598633,251.91789162034337,-4.1907138100758665,1.8154431140165943,1.6023945491183604,2.1377701190400367
SB89015_component_2596a,248.885946,-5.924308,3.1659998893737793,11.94717025756836,248.88604388249115,-5.924297789523868,2.478548378791076,0.9574628929147444,1.2773605375086572
SB89015_component_2597a,251.486744,-6.421838,4.011000156402588,12.773885726928711,251.4864806294287,-6.421748294700029,2.3258274834944515,1.2926579972587824,1.7245475792453189
SB89015_component_2600a,252.232908,-3.053044,4.064000129699707,11.480226516723633,252.23285075947936,-3.052517274225106,3.8448237842772897,0.7922928372210933,1.0570055632507007
SB89015_component_2601a,252.316218,-3.748765,3.5190000534057617,13.43129825592041,252.31581069064532,-3.74820812123269,1.963424470145319,1.3434253242129757,1.7922767628261809
SB89015_component_2608a,252.025809,-3.016932,3.877000093460083,11.436578750610352,252.02568307191575,-3.0164243101837904,2.4525558238969545,1.1849100054072947,1.5807999376339485
SB89015_component_2625a,252.077314,-5.528269,3.5789999961853027,14.78925609588623,252.07734119589725,-5.528008048453241,1.8611298222395896,1.441429766550289,1.923025440470625
SB89015_component_2631a,254.345551,-6.176764,3.309000015258789,13.289156913757324,254.3455034625753,-6.176475351680683,2.2501595714069778,1.1022799510832737,1.4705623802447667
SB89015_component_2632a,253.675283,-3.829822,3.436000108718872,11.569024085998535,253.67531819363663,-3.829665153360821,3.352661831984327,0.7681957058766424,1.024857346464084
SB89015_component_2643a,251.554232,-3.590996,3.7219998836517334,12.878891944885254,251.55423745444793,-3.5908030752673783,2.1826013612022654,1.278234073059283,1.7053044819881835
SB89015_component_2647a,248.924186,-6.095477,3.765000104904175,13.303887367248535,248.924197392545,-6.09561412307623,3.606774022990184,0.7824462547665684,1.0438691420381292
SB89015_component_2657a,250.066873,-5.87955,3.6480000019073486,17.046728134155273,250.0667300218301,-5.879142652670124,2.023387008038625,1.351401290623476,1.8029175770202983
SB89015_component_2660a,249.088151,-8.390556,3.546999931335449,12.758993148803711,249.0881482369374,-8.390363620754234,2.9762652280085025,0.8933013825908548,1.1917620439052203
SB89015_component_2663a,252.208921,-3.979067,3.4619998931884766,14.546217918395996,252.20906285189807,-3.978678498860946,2.0835491029962636,1.2454656861578173,1.6615878590093804
SB89015_component_2676a,251.059074,-4.436342,3.303999900817871,11.199999809265137,251.0590547311658,-4.43605131488995,2.062515006560971,1.2007465986504573,1.601927690372031
SB89015_component_2677a,248.244788,-7.163235,3.4130001068115234,10.342424392700195,248.24461879125326,-7.162886372864889,4.463796039416831,0.5731132061206899,0.7645958902856619
SB89015_component_2679a,249.15926,-6.842928,3.5409998893737793,13.724806785583496,249.15879983539577,-6.842916336076182,1.6716963081286782,1.5877312269621924,2.1182076386455786
SB89015_component_2689a,252.431754,-3.164143,3.4159998893737793,10.675000190734863,252.4317629921888,-3.1635471825882227,2.659843915780738,0.9626538505059031,1.284285844408689
SB89015_component_2690a,250.209214,-4.596696,3.6389999389648438,11.060790061950684,250.20893157966412,-4.596296293993101,2.7902956310244864,0.9775529390794444,1.3041628630686515
SB89015_component_2698a,249.845275,-7.546323,3.6110000610351562,13.423791885375977,249.84498603809197,-7.546051497351163,2.028432968721082,1.3343669960909035,1.7801919593684556
SB89015_component_2700a,251.785536,-9.131612,3.3610000610351562,12.541044235229492,251.78609490392273,-9.131664498899767,2.2669819106122997,1.1112938789525169,1.4825879488942937
SB89015_component_2701a,250.169817,-5.788948,3.359999895095825,13.386454582214355,250.16982590135225,-5.788719586465658,2.199893902607476,1.1448431354108342,1.5273463375271443
SB89015_component_2705a,248.877605,-7.474396,3.6989998817443848,12.088234901428223,248.87754491528386,-7.474405562357937,2.44131113409112,1.1357157332830812,1.515169381768085
SB89015_component_2714a,254.324379,-4.622562,3.808000087738037,11.574468612670898,254.32456155201254,-4.622350067556566,2.223354982530658,1.2837977147504356,1.7127269903628752
SB89015_component_2718a,250.786428,-8.245667,3.5,13.888888359069824,250.7866299656342,-8.245677940391344,2.311936787878698,1.134750924739242,1.513882221326389
SB89015_component_2719a,249.408781,-7.648045,3.308000087738037,12.161764144897461,249.40888969312581,-7.647816191225221,2.2063788914852625,1.1238125431002246,1.4992892202259962
SB89015_component_2722a,251.242535,-4.437563,3.694000005722046,12.522034645080566,251.24267207868922,-4.437078827907086,2.352877899826738,1.176808936933696,1.5699922235633503
SB89015_component_2729a,251.022438,-7.089416,3.7209999561309814,13.195034980773926,251.02246332072065,-7.089432600979821,2.1471410471795362,1.2989952021273776,1.7330021057623817
SB89015_component_2730a,250.012386,-5.999236,3.5910000801086426,15.889381408691406,250.013410932263,-5.999468425301178,2.5429750322352818,1.0584778523256408,1.4121255751977022
SB89015_component_2749a,248.338705,-4.379719,3.7279999256134033,10.681947708129883,248.33897211594402,-4.379912529807243,4.357330971346127,0.6413037841040563,0.855569602155261
SB89015_component_2758a,249.229985,-7.970048,3.447999954223633,12.314285278320312,249.2299834040482,-7.969924717792632,2.668106916136117,0.9686624826366915,1.2923020188474819
SB89015_component_2772a,249.860466,-4.408862,3.505000114440918,10.462686538696289,249.86053349775065,-4.408812520083617,1.592736482598385,1.6495009313809517,2.200615200778771
SB89015_component_2778a,250.53012,-3.862675,3.552999973297119,11.764901161193848,250.52967828921732,-3.862338928820575,4.395075631918959,0.6059507227860955,0.8084047399534336
SB89015_component_2779a,248.733193,-6.364265,3.3989999294281006,12.588888168334961,248.73311991534024,-6.36424064418196,1.8733232554541566,1.3600249874703394,1.8144225346757192
SB89015_component_2780a,249.92497,-4.417831,3.260999917984009,10.003067016601562,249.92482954496714,-4.417411352480324,2.183383290189393,1.1195133122997145,1.493553574691478
SB89015_component_2784a,251.883246,-3.37678,3.2290000915527344,11.45035457611084,251.8830871089324,-3.3766017095189227,2.9719345609918553,0.8143990744763822,1.0864977089115602
SB89015_component_2794a,249.727372,-7.326461,3.505000114440918,13.964144706726074,249.72700094557382,-7.326161891162221,1.8635576673890943,1.4097875034751564,1.8808111902174396
SB89015_component_2806a,251.71077,-5.902472,3.552000045776367,13.714285850524902,251.71066561803738,-5.902456930945847,2.3757230695969835,1.1206902777162362,1.4951237756759783
SB89015_component_2821a,251.918188,-5.762517,3.384999990463257,13.432538986206055,251.9182597782466,-5.762420026057933,2.8708019446615545,0.8838201457481079,1.1791130338189604
SB89015_component_2838a,251.090292,-7.166039,3.3940000534057617,13.853060722351074,251.0905653289641,-7.165977241723609,1.509429037434853,1.6854178958646,2.2485323716665593
SB89015_component_2847a,249.136126,-5.582295,3.1579999923706055,12.531745910644531,249.1358326881286,-5.582190266152913,3.3177589050383918,0.713470067470325,0.9518473411599696
SB89015_component_2852a,248.410062,-6.796148,3.1710000038146973,10.196142196655273,248.4100706602832,-6.796126649015054,2.5729111041111463,0.923804169018895,1.232456107305025
SB89015_component_2859a,249.088638,-5.364047,3.1589999198913574,12.291828155517578,249.08839455894952,-5.363720028620521,2.648832485756922,0.893930134041192,1.1926008673170783
SB89015_component_2864a,250.912293,-3.800741,3.2850000858306885,12.032967567443848,250.91216737846554,-3.800384435341775,2.191923250948893,1.1233588169881863,1.4986838998165644
SB89015_component_2865a,248.802018,-4.394858,3.316999912261963,11.320817947387695,248.80189175022505,-4.394923592674668,2.4100026497733724,1.0316595351844473,1.376346998030845
SB89015_component_2867a,249.885591,-6.697278,3.513000011444092,15.824324607849121,249.88551046989767,-6.696589741378837,3.9781495791144623,0.6619199932736195,0.8830738868863968
SB89015_component_2887a,251.738954,-4.807893,2.989000082015991,10.637011528015137,251.7388722083465,-4.807903357998981,1.5014514755663904,1.4921864171796793,1.990740380662955
SB89015_component_2888a,250.147153,-5.32708,3.378000020980835,13.90123462677002,250.1475922627244,-5.326857126916951,2.4032906996634398,1.0535661256285855,1.4055727929433983
SB89015_component_2897a,252.575984,-3.655446,3.178999900817871,12.767067909240723,252.57572033126144,-3.6550963998965846,2.8082261400110164,0.8485293978646525,1.1320313045748518
SB89015_component_2916a,248.622904,-6.145232,3.3949999809265137,12.212230682373047,248.62297705743902,-6.144790834826982,2.438109631306754,1.0437464291069614,1.3924722405148349
SB89015_component_2923a,251.384448,-6.016885,3.4170000553131104,11.314570426940918,251.38483342974007,-6.016584905070057,2.3768286770015514,1.0775949903252393,1.4376299345326689
SB89015_component_2938a,252.796807,-4.393852,2.8340001106262207,10.614233016967773,252.79667383438766,-4.393752835282201,2.40060075711781,0.8848881529112405,1.1805378725401865
SB89015_component_2940a,249.0663,-8.726925,3.197000026702881,10.764309883117676,249.06566698501211,-8.726684485696781,2.1153370869946193,1.1328476622263863,1.511343060337037
SB89015_component_2985a,254.073377,-5.943826,3.061000108718872,11.7279691696167,254.07327176609465,-5.94345813169515,1.957251893353254,1.1722630597276482,1.5639275246655278
SB89015_component_2996a,253.656814,-4.33162,3.0799999237060547,11.711026191711426,253.65669680339138,-4.3313754314406845,1.8368458978654734,1.256858653478542,1.6767873272794425
SB89015_component_3026a,251.389637,-5.287825,3.117000102996826,14.565421104431152,251.38960073360377,-5.287432695413945,2.973522308000676,0.7857313332112368,1.0482517970724832
SB89015_component_3030a,248.740965,-5.145527,3.063999891281128,10.903914451599121,248.74114935493535,-5.145153886668116,2.11215450777378,1.0873554052789056,1.450651398846099
SB89015_component_3037a,251.357605,-5.847628,3.1619999408721924,11.582417488098145,251.35749460439357,-5.847683729429114,1.871110300721702,1.2666916987700079,1.6899056884314003
SB89015_component_3053a,250.418437,-8.522562,3.0320000648498535,13.125540733337402,250.41861009578736,-8.52271841627494,3.080279057680008,0.737815202749882,0.9843264224032621
SB89015_component_3092a,249.041587,-7.821692,2.9200000762939453,10.69597053527832,249.0410393075102,-7.821586364072581,1.2012990720028836,1.8219656203860963,2.4307020161311974
SB89015_component_3103a,250.946415,-5.794726,2.9240000247955322,11.289575576782227,250.94620140164545,-5.794627192749429,1.9477759731864617,1.1252443067077411,1.5011993499498908
SB89015_component_3105a,248.868305,-6.368169,2.9079999923706055,11.821137428283691,248.86850618605192,-6.368007148572141,2.6081496149445966,0.8357383989989173,1.1149667088528503
SB89015_component_3132a,254.027835,-4.623009,3.0339999198913574,10.683097839355469,254.0279940009178,-4.6229905515699405,1.6871100393145326,1.3479711950662405,1.7983414532486937
SB89015_component_3144a,252.439173,-4.563066,2.7750000953674316,11.659664154052734,252.43832415427462,-4.56288061865132,2.3098950650269434,0.9004906503051258,1.2013533157338743
SB89015_component_3161a,252.680462,-5.230714,2.5820000171661377,10.758333206176758,252.68026062814255,-5.230489775203499,2.432958465889695,0.7954813506059782,1.061259389901644
SB89015_component_3210a,254.031035,-6.916812,2.7049999237060547,10.525291442871094,254.0309476816578,-6.916585186607219,1.9276228204782624,1.0518496206165802,1.4032827869483913
SB89015_component_3212a,253.441707,-6.934246,2.821000099182129,11.284000396728516,253.44128437418033,-6.93393466196857,1.8098136332358044,1.1683627509191867,1.5587240848320956
SB89015_component_3300a,248.623335,-7.085246,2.7809998989105225,10.03971004486084,248.6232402127029,-7.08511164656381,1.8256833813938829,1.1417840379666995,1.5232651659387233
SB89015_component_3304a,252.526649,-3.68872,2.6110000610351562,10.657142639160156,252.52708271705418,-3.688396141293952,2.741632679661378,0.7138485314332976,0.952352253605922
SB89015_component_3349a,251.621079,-5.324716,2.7100000381469727,11.106557846069336,251.62057638377732,-5.3247395817328504,1.891131016491823,1.074128242942462,1.4330049132049072
