Component_ID,RA,DEC,ASKAP_flux,ASKAP_flux_SNR,RA_comp,DEC_comp,Comp_flux,Flux_Ratio_AlphaCorr,Flux_Ratio_NOAlphaCorr
SB88086_component_14a,192.050527,-33.30878,526.198974609375,1457.6148681640625,192.050537109375,-33.30878448486328,487.06280517578125,1.0287413597106934,1.0803513526916504
SB88086_component_16a,194.264344,-35.00046,515.489013671875,497.5762634277344,194.2643280029297,-35.00040817260742,487.3416442871094,1.0072263479232788,1.0577569007873535
SB88086_component_17a,188.861695,-32.209857,482.7699890136719,1915.75390625,188.86167907714844,-32.20988082885742,446.6810302734375,1.0291624069213867,1.0807936191558838
SB88086_component_18a,190.027012,-33.081821,460.3739929199219,1674.087158203125,190.0270233154297,-33.081851959228516,425.8039855957031,1.0295376777648926,1.0811876058578491
SB88086_component_19a,188.541874,-33.443989,422.6260070800781,1376.6318359375,188.54188537597656,-33.44400405883789,392.59375,1.025071144104004,1.0764970779418945
SB88086_component_20a,194.962449,-29.641416,424.45001220703125,425.30059814453125,194.9623565673828,-29.64141082763672,382.5782470703125,1.0564463138580322,1.1094462871551514
SB88086_component_22a,186.844927,-30.64578,402.9909973144531,876.0673828125,186.84494018554688,-30.64576530456543,383.5857849121094,1.0004007816314697,1.0505889654159546
SB88086_component_24a,190.179403,-31.952424,415.4779968261719,1442.6319580078125,190.17941284179688,-31.952442169189453,377.2119445800781,1.048826813697815,1.1014444828033447
SB88086_component_28a,188.947453,-32.048336,359.98699951171875,1551.6680908203125,188.94744873046875,-32.0483512878418,327.7885437011719,1.0457652807235718,1.0982294082641602
SB88086_component_30a,187.687178,-31.356519,348.48699951171875,1189.3753662109375,187.6871795654297,-31.356542587280273,335.6154479980469,0.9887484312057495,1.038352131843567
SB88086_component_31a,190.410145,-35.059039,334.89801025390625,549.9146118164062,190.41014099121094,-35.0589599609375,316.28076171875,1.00827956199646,1.0588630437850952
SB88086_component_33a,190.078192,-28.082543,332.7049865722656,764.8390502929688,190.0782012939453,-28.08260726928711,322.2237243652344,0.9832025170326233,1.0325279235839844
SB88086_component_37a,190.30382,-32.266998,300.9389953613281,1269.7847900390625,190.30380249023438,-32.267005920410156,280.2852783203125,1.0223965644836426,1.0736881494522095
SB88086_component_39a,193.24335,-33.333188,285.7959899902344,1176.115234375,193.24337768554688,-33.33320236206055,244.5652313232422,1.1127628087997437,1.1685879230499268
SB88086_component_40a,195.176727,-32.886613,306.00201416015625,305.6962890625,195.17669677734375,-32.886653900146484,268.3998107910156,1.0856335163116455,1.140097737312317
SB88086_component_44a,191.404335,-33.106662,257.0899963378906,1004.2577514648438,191.40432739257812,-33.10667037963867,249.43031311035156,0.9814702272415161,1.03070867061615
SB88086_component_46a,193.595213,-28.382631,249.7779998779297,548.962646484375,193.59519958496094,-28.382652282714844,241.6345672607422,0.9843199849128723,1.0337014198303223
SB88086_component_48a,189.210803,-29.009006,246.8769989013672,1050.5404052734375,189.2108154296875,-29.008989334106445,231.22425842285156,1.016689658164978,1.0676950216293335
SB88086_component_51a,188.920332,-27.349785,234.14199829101562,203.60174560546875,188.9202880859375,-27.34986686706543,242.23202514648438,0.920426070690155,0.9666021466255188
SB88086_component_52a,189.046108,-33.399436,231.5070037841797,779.48486328125,189.04611206054688,-33.39946365356445,213.9518280029297,1.0303606986999512,1.0820519924163818
SB88086_component_53a,193.277701,-30.312585,225.98699951171875,862.5458374023438,193.27767944335938,-30.312570571899414,201.10154724121094,1.0700626373291016,1.1237456798553467
SB88086_component_59a,189.78396,-30.750221,203.04800415039062,1041.2718505859375,189.783935546875,-30.750226974487305,189.30682373046875,1.0213477611541748,1.0725867748260498
SB88086_component_60a,192.913419,-35.311085,206.78399658203125,173.62216186523438,192.91343688964844,-35.310970306396484,216.9805450439453,0.9074804782867432,0.9530071020126343
SB88086_component_61a,188.261186,-35.107402,218.11599731445312,279.6358947753906,188.2611846923828,-35.107322692871094,207.33065795898438,1.0017634630203247,1.0520199537277222
SB88086_component_64a,188.029934,-32.099954,188.82200622558594,806.931640625,188.0299530029297,-32.09996032714844,176.47642517089844,1.0188425779342651,1.0699559450149536
SB88086_component_66a,187.884875,-34.558222,203.0800018310547,540.1063842773438,187.88491821289062,-34.558189392089844,186.2548828125,1.038246989250183,1.0903338193893433
SB88086_component_68a,187.325848,-31.559665,180.41600036621094,646.6522827148438,187.32586669921875,-31.559656143188477,168.76022338867188,1.017996072769165,1.069067120552063
SB88086_component_69a,191.497442,-34.600767,182.46800231933594,434.4476318359375,191.49746704101562,-34.6007080078125,169.13742065429688,1.0272784233093262,1.0788151025772095
SB88086_component_70a,192.204665,-31.026527,178.1020050048828,820.74658203125,192.2046661376953,-31.026525497436523,136.5651397705078,1.241852879524231,1.3041542768478394
SB88086_component_71a,189.608241,-29.694271,175.7209930419922,813.5230712890625,189.6082763671875,-29.69424819946289,170.16493225097656,0.9833197593688965,1.0326510667800903
SB88086_component_72a,194.902721,-32.946152,182.84500122070312,270.48077392578125,194.90272521972656,-32.94615936279297,168.0928192138672,1.0357980728149414,1.0877621173858643
SB88086_component_75a,192.363077,-35.368123,175.82400512695312,172.2076416015625,192.36306762695312,-35.36800765991211,155.86228942871094,1.0741829872131348,1.128072738647461
SB88086_component_81a,191.524537,-35.524877,155.97300720214844,123.68993377685547,191.52459716796875,-35.52474594116211,141.068115234375,1.0528385639190674,1.1056574583053589
SB88086_component_85a,186.129705,-29.267044,146.7209930419922,140.2686309814453,186.1298065185547,-29.2670841217041,158.2841796875,0.8826649785041809,0.9269466400146484
SB88086_component_86a,191.734446,-29.25494,146.41299438476562,607.5228271484375,191.7344512939453,-29.25493621826172,141.13612365722656,0.9878308773040771,1.037388563156128
SB88086_component_87a,186.51497,-31.908396,139.00999450683594,332.5597839355469,186.51502990722656,-31.908357620239258,135.8473358154297,0.9743973016738892,1.0232809782028198
SB88086_component_88a,189.319033,-28.650213,139.3509979248047,595.51708984375,189.3190460205078,-28.65022850036621,130.92318725585938,1.0135254859924316,1.064372181892395
SB88086_component_89a,190.776942,-34.462245,145.76699829101562,507.8989562988281,190.77694702148438,-34.462215423583984,134.001953125,1.0358318090438843,1.0877975225448608
SB88086_component_92a,189.393292,-32.396568,137.4340057373047,663.932373046875,189.39328002929688,-32.3966064453125,128.23062133789062,1.0205719470977783,1.0717720985412598
SB88086_component_93a,190.367226,-32.651854,137.2209930419922,599.2183227539062,190.36721801757812,-32.651859283447266,128.34524536132812,1.0180801153182983,1.069155216217041
SB88086_component_94a,191.043852,-32.359113,133.00599670410156,668.371826171875,191.0438232421875,-32.3591194152832,127.77839660644531,0.9911855459213257,1.0409114360809326
SB88086_component_96a,187.885059,-29.866206,126.64600372314453,532.1260375976562,187.88507080078125,-29.866201400756836,121.4764404296875,0.9927515983581543,1.0425560474395752
SB88086_component_99a,186.550411,-34.892985,143.92999267578125,116.26008605957031,186.5504608154297,-34.892845153808594,135.17369079589844,1.0139120817184448,1.064778208732605
SB88086_component_101a,195.074457,-33.562913,127.96199798583984,134.27281188964844,195.07435607910156,-33.56293487548828,120.16889953613281,1.0139816999435425,1.06485116481781
SB88086_component_103a,190.725318,-33.63004,132.4770050048828,551.987548828125,190.72532653808594,-33.63004684448242,123.10509490966797,1.0247210264205933,1.0761293172836304
SB88086_component_104a,190.846232,-27.416287,128.50799560546875,115.35726928710938,190.84625244140625,-27.41640281677246,124.7186508178711,0.9811601638793945,1.0303831100463867
SB88086_component_108a,188.22985,-32.743855,125.57599639892578,523.2333374023438,188.2298583984375,-32.7438850402832,112.26944732666016,1.0650898218154907,1.118523359298706
SB88086_component_111a,194.306832,-30.796484,123.9280014038086,421.5238037109375,194.3068084716797,-30.796489715576172,116.38806915283203,1.0139163732528687,1.064782738685608
SB88086_component_112a,189.55025,-27.347423,127.16000366210938,134.8462371826172,189.55027770996094,-27.347484588623047,130.45980834960938,0.9281431436538696,0.9747063517570496
SB88086_component_114a,194.055542,-32.058064,121.59100341796875,453.69775390625,194.05555725097656,-32.05807876586914,117.75525665283203,0.9832462668418884,1.032573938369751
SB88086_component_115a,190.324178,-32.830896,125.64800262451172,541.5862426757812,190.3241729736328,-32.83091735839844,115.78313446044922,1.0333595275878906,1.0852012634277344
SB88086_component_116a,187.802232,-34.645196,129.6179962158203,295.25738525390625,187.80226135253906,-34.645172119140625,118.27851104736328,1.0435196161270142,1.095871090888977
SB88086_component_118a,193.331284,-28.998232,119.822998046875,357.6805725097656,193.33132934570312,-28.998231887817383,112.8578109741211,1.010996699333191,1.0617164373397827
SB88086_component_119a,188.646719,-33.87699,119.6520004272461,476.70123291015625,188.64669799804688,-33.87698745727539,110.96282196044922,1.0267947912216187,1.0783071517944336
SB88086_component_120a,195.013209,-32.415592,115.4800033569336,116.2940673828125,195.01318359375,-32.415618896484375,107.69580078125,1.0210551023483276,1.0722795724868774
SB88086_component_121a,192.438278,-27.781837,118.19100189208984,229.94358825683594,192.43824768066406,-27.781932830810547,117.58137512207031,0.957165539264679,1.0051847696304321
SB88086_component_125a,187.50686,-31.778345,112.06700134277344,472.8565368652344,187.50686645507812,-31.778356552124023,106.9083023071289,0.9981768131256104,1.0482535362243652
SB88086_component_131a,194.469988,-34.699505,114.9469985961914,142.6141357421875,194.47003173828125,-34.699462890625,105.44480895996094,1.0380388498306274,1.0901153087615967
SB88086_component_135a,188.243537,-31.113485,103.38099670410156,492.29046630859375,188.2435302734375,-31.113525390625,94.22264862060547,1.0447841882705688,1.0971989631652832
SB88086_component_136a,193.265228,-33.469208,102.55799865722656,447.8515319824219,193.26524353027344,-33.469200134277344,95.30535888671875,1.024692177772522,1.076098918914795
SB88086_component_142a,188.950625,-34.756908,98.7969970703125,272.16802978515625,188.95066833496094,-34.75688171386719,95.31732940673828,0.9869906902313232,1.036506175994873
SB88086_component_147a,191.070323,-29.296627,97.16000366210938,390.2008361816406,191.0703125,-29.296613693237305,93.16926574707031,0.993015468120575,1.0428332090377808
SB88086_component_148a,188.955299,-33.493449,94.17400360107422,322.5137023925781,188.95530700683594,-33.49347686767578,86.59989929199219,1.0355112552642822,1.0874608755111694
SB88086_component_149a,186.314628,-28.831396,96.80999755859375,107.20929718017578,186.31466674804688,-28.8314266204834,110.45525360107422,0.8345934748649597,0.8764634728431702
SB88086_component_152a,189.545874,-29.518626,91.68800354003906,402.140380859375,189.5458984375,-29.518617630004883,83.61058807373047,1.0442209243774414,1.0966075658798218
SB88086_component_154a,193.714927,-30.781497,91.73600006103516,339.762939453125,193.71490478515625,-30.78148651123047,86.77193450927734,1.0067037343978882,1.0572081804275513
SB88086_component_156a,191.980916,-28.339602,89.34500122070312,284.5382080078125,191.98089599609375,-28.339643478393555,85.44449615478516,0.9956973195075989,1.045649528503418
SB88086_component_159a,186.211465,-32.450729,90.27400207519531,167.174072265625,186.21144104003906,-32.450687408447266,93.012939453125,0.9241883754730225,0.9705531597137451
SB88086_component_160a,191.805851,-32.149693,89.0530014038086,473.6861877441406,191.8058319091797,-32.14969253540039,83.3415756225586,1.0174850225448608,1.0685303211212158
SB88086_component_163a,192.605799,-31.969465,85.94000244140625,467.0652160644531,192.60580444335938,-31.96946144104004,79.95082092285156,1.0235607624053955,1.0749108791351318
SB88086_component_166a,194.117745,-32.804958,84.78299713134766,288.3775329589844,194.1177978515625,-32.80498123168945,104.5402603149414,0.7722650170326233,0.811008095741272
SB88086_component_167a,194.469521,-32.18888,85.93900299072266,246.951171875,194.46951293945312,-32.18889236450195,82.93280029296875,0.9867454767227173,1.0362486839294434
SB88086_component_168a,194.957667,-32.391403,85.03099822998047,108.73529052734375,194.95767211914062,-32.39137649536133,94.89866638183594,0.8532147407531738,0.896018922328949
SB88086_component_169a,187.260696,-33.753357,85.72899627685547,338.84979248046875,187.26071166992188,-33.753334045410156,79.00914001464844,1.0332170724868774,1.0850516557693481
SB88086_component_171a,187.914027,-32.593553,82.98699951171875,384.1990661621094,187.91404724121094,-32.59355163574219,69.4813232421875,1.1373212337493896,1.1943784952163696
SB88086_component_172a,189.438911,-28.099088,81.85099792480469,287.1965026855469,189.43890380859375,-28.0991268157959,84.151611328125,0.9261956214904785,0.9726610779762268
SB88086_component_173a,195.280536,-31.381019,87.16699981689453,90.89363861083984,195.28053283691406,-31.38105583190918,80.52513885498047,1.0307700634002686,1.082481861114502
SB88086_component_176a,188.548488,-27.541676,83.1259994506836,112.18083953857422,188.54849243164062,-27.541778564453125,94.52362823486328,0.8374090790748596,0.8794203400611877
SB88086_component_178a,189.72752,-27.307694,86.79000091552734,96.32630157470703,189.7274932861328,-27.307748794555664,90.82782745361328,0.9098963737487793,0.9555441737174988
SB88086_component_179a,189.980465,-30.748274,86.91300201416016,474.9344482421875,189.98045349121094,-30.748287200927734,79.28810119628906,1.0438014268875122,1.096166968345642
SB88086_component_180a,190.498416,-33.589927,82.80999755859375,374.70587158203125,190.49842834472656,-33.58992385864258,75.97377014160156,1.037911295890808,1.0899814367294312
SB88086_component_182a,190.805882,-29.638562,79.37200164794922,370.8971862792969,190.80587768554688,-29.638553619384766,77.18869018554688,0.9791626334190369,1.0282853841781616
SB88086_component_188a,188.597254,-33.596058,84.22000122070312,293.4494934082031,188.59727478027344,-33.59608459472656,78.2514419555664,1.024858832359314,1.0762741565704346
SB88086_component_189a,194.544131,-29.657888,78.03099822998047,156.06199645996094,194.5440216064453,-29.657861709594727,70.59611511230469,1.0525132417678833,1.1053158044815063
SB88086_component_190a,190.96904,-28.369564,74.83799743652344,300.55419921875,190.9690399169922,-28.369600296020508,72.27210235595703,0.9860357046127319,1.0355032682418823
SB88086_component_191a,194.39423,-28.624209,76.37000274658203,142.2160186767578,194.39418029785156,-28.624225616455078,74.42155456542969,0.9771590232849121,1.0261812210083008
SB88086_component_195a,187.98001,-35.027538,82.5770034790039,114.21439361572266,187.98001098632812,-35.027503967285156,77.3351821899414,1.0167710781097412,1.0677804946899414
SB88086_component_196a,186.322689,-28.184977,82.03299713134766,57.8511962890625,186.32275390625,-28.184982299804688,83.5123062133789,0.9353609681129456,0.9822863340377808
SB88086_component_198a,187.281659,-34.65504,76.38600158691406,157.17283630371094,187.28173828125,-34.654964447021484,76.21420288085938,0.9543749690055847,1.0022541284561157
SB88086_component_202a,187.775274,-27.636081,71.04000091552734,92.2597427368164,187.77529907226562,-27.636165618896484,74.22821044921875,0.9113288521766663,0.9570485353469849
SB88086_component_205a,187.478423,-28.455095,70.4209976196289,222.8512420654297,187.47845458984375,-28.455154418945312,69.8793716430664,0.9596090912818909,1.0077508687973022
SB88086_component_207a,190.735066,-33.812209,76.72699737548828,290.632568359375,190.73507690429688,-33.81221008300781,69.18161010742188,1.0560846328735352,1.109066367149353
SB88086_component_211a,193.507508,-33.119491,69.53199768066406,293.3839416503906,193.5075225830078,-33.11953353881836,68.37773895263672,0.9683027267456055,1.0168806314468384
SB88086_component_215a,186.687127,-29.613055,66.84200286865234,176.36412048339844,186.68719482421875,-29.61307144165039,66.8173828125,0.9525793194770813,1.0003684759140015
SB88086_component_216a,193.584764,-30.824094,69.59200286865234,280.6129150390625,193.58473205566406,-30.824085235595703,65.70606231689453,1.0085445642471313,1.0591412782669067
SB88086_component_221a,186.981884,-34.585612,69.69300079345703,128.11212158203125,186.98190307617188,-34.5855598449707,65.62279510498047,1.0112897157669067,1.0620242357254028
SB88086_component_222a,186.621393,-34.743901,69.33300018310547,74.5516128540039,186.6213836669922,-34.74381637573242,67.70665740966797,0.9751014709472656,1.0240204334259033
SB88086_component_223a,193.945378,-29.718895,67.302001953125,207.72222900390625,193.94532775878906,-29.718860626220703,60.235111236572266,1.0639456510543823,1.1173217296600342
SB88086_component_224a,185.95091,-31.651817,66.54199981689453,75.96118927001953,185.950927734375,-31.65182113647461,61.15245819091797,1.0361511707305908,1.0881328582763672
SB88086_component_225a,185.934875,-32.875612,67.8010025024414,81.49158477783203,185.93495178222656,-32.875648498535156,74.55967712402344,0.865911066532135,0.9093521237373352
SB88086_component_228a,186.183954,-34.13085,69.21600341796875,87.28373718261719,186.18392944335938,-34.13082504272461,69.09394073486328,0.9539106488227844,1.001766562461853
SB88086_component_230a,194.276356,-28.864605,63.229000091552734,137.75381469726562,194.27633666992188,-28.8646240234375,58.33648681640625,1.032089114189148,1.083867073059082
SB88086_component_231a,191.49445,-32.32041,63.92100143432617,327.8000183105469,191.49441528320312,-32.320411682128906,57.60182189941406,1.0566922426223755,1.1097044944763184
SB88086_component_233a,190.484441,-34.333299,65.63400268554688,256.3828125,190.4844512939453,-34.33327865600586,61.840091705322266,1.0106481313705444,1.0613503456115723
SB88086_component_235a,191.524743,-30.858277,62.987998962402344,364.0924987792969,191.5247802734375,-30.858295440673828,57.919349670410156,1.035560131072998,1.0875121355056763
SB88086_component_237a,191.564013,-34.467977,63.50400161743164,206.85342407226562,191.56407165527344,-34.46792984008789,58.035213470458984,1.0419590473175049,1.094232201576233
SB88086_component_238a,189.053035,-31.478691,63.46099853515625,373.29998779296875,189.05303955078125,-31.47870635986328,60.821441650390625,0.9935537576675415,1.0433984994888306
SB88086_component_239a,191.026515,-30.025861,63.452999114990234,292.41015625,191.02650451660156,-30.025836944580078,64.33244323730469,0.9392111897468567,0.9863296747207642
SB88086_component_240a,188.108439,-28.069901,59.68600082397461,174.0116729736328,188.10841369628906,-28.069988250732422,74.44410705566406,0.763454794883728,0.8017559051513672
SB88086_component_245a,187.452464,-29.936328,63.12099838256836,250.4801483154297,187.4524688720703,-29.93631362915039,58.60367202758789,1.0256288051605225,1.077082633972168
SB88086_component_246a,192.751678,-28.009634,61.70600128173828,155.0402069091797,192.75164794921875,-28.009695053100586,62.0773811340332,0.9465317130088806,0.994017481803894
SB88086_component_247a,187.697795,-33.271786,61.38600158691406,242.63243103027344,187.69781494140625,-33.27180480957031,56.579689025878906,1.0331180095672607,1.0849477052688599
SB88086_component_251a,186.57739,-27.927188,57.19200134277344,43.425968170166016,186.57740783691406,-27.927297592163086,64.0244369506836,0.8506104350090027,0.8932839632034302
SB88086_component_252a,187.671941,-35.29839,65.4800033569336,48.792850494384766,187.67205810546875,-35.29835510253906,61.36958694458008,1.0160068273544312,1.066978096961975
SB88086_component_256a,187.360981,-35.270911,64.39900207519531,44.16941452026367,187.36102294921875,-35.270816802978516,78.60034942626953,0.7801818251609802,0.8193221092224121
SB88086_component_258a,186.6236,-34.040866,58.5369987487793,144.1798095703125,186.6236572265625,-34.040836334228516,56.94215774536133,0.9788985848426819,1.0280081033706665
SB88086_component_259a,189.356499,-32.664251,60.22700119018555,325.5513610839844,189.3565216064453,-32.6642951965332,55.5457878112793,1.0324790477752686,1.0842766761779785
SB88086_component_260a,193.786324,-32.992161,58.70000076293945,237.65182495117188,193.78634643554688,-32.9921989440918,56.27641296386719,0.9932369589805603,1.0430657863616943
SB88086_component_263a,192.690536,-33.570448,56.5629997253418,221.81568908691406,192.69053649902344,-33.57044219970703,53.248939514160156,1.0114924907684326,1.0622371435165405
SB88086_component_264a,189.46601,-34.766664,58.268001556396484,181.52024841308594,189.46604919433594,-34.76661682128906,54.44832992553711,1.0190293788909912,1.0701522827148438
SB88086_component_265a,192.168273,-30.53165,56.64899826049805,261.0552978515625,192.16827392578125,-30.53162384033203,51.63104248046875,1.0447744131088257,1.0971887111663818
SB88086_component_269a,194.647638,-31.40438,58.06800079345703,150.4352264404297,194.6476287841797,-31.404369354248047,52.55196762084961,1.0521776676177979,1.1049634218215942
SB88086_component_276a,191.826333,-29.54928,53.619998931884766,235.17543029785156,191.8263397216797,-29.54924964904785,54.294921875,0.9403916597366333,0.9875693321228027
SB88086_component_280a,190.225349,-27.938169,56.49300003051758,157.36212158203125,190.22543334960938,-27.938251495361328,55.586875915527344,0.9677507877349854,1.0163010358810425
SB88086_component_281a,189.811458,-34.795083,56.87099838256836,156.66941833496094,189.81150817871094,-34.79503631591797,52.61807632446289,1.0291935205459595,1.0808262825012207
SB88086_component_284a,194.437244,-29.766321,56.762001037597656,130.4873504638672,194.43724060058594,-29.76631736755371,50.89483642578125,1.0620014667510986,1.1152801513671875
SB88086_component_285a,185.929148,-30.986916,54.51599884033203,60.843746185302734,185.92916870117188,-30.9869327545166,52.699554443359375,0.985049843788147,1.0344679355621338
SB88086_component_289a,185.996114,-34.486378,53.00899887084961,37.91773986816406,185.9959259033203,-34.486289978027344,54.98313522338867,0.9180393218994141,0.9640955924987793
SB88086_component_290a,193.90756,-28.932694,52.83599853515625,146.76666259765625,193.90753173828125,-28.932737350463867,48.33932876586914,1.0408076047897339,1.0930230617523193
SB88086_component_294a,188.692172,-34.14973,50.858001708984375,182.28672790527344,188.69215393066406,-34.149715423583984,64.55652618408203,0.7501710653305054,0.7878057360649109
SB88086_component_296a,193.023342,-29.856569,52.611000061035156,197.78570556640625,193.02334594726562,-29.856536865234375,48.84847640991211,1.0255732536315918,1.0770243406295776
SB88086_component_297a,189.281787,-28.592624,50.944000244140625,198.99998474121094,189.28182983398438,-28.592641830444336,47.925254821777344,1.0122079849243164,1.0629886388778687
SB88086_component_300a,190.157908,-32.039934,52.98400115966797,245.29629516601562,190.15794372558594,-32.039939880371094,48.793827056884766,1.0340012311935425,1.0858750343322754
SB88086_component_301a,188.260739,-31.533178,49.393001556396484,228.67129516601562,188.2607421875,-31.533191680908203,45.180477142333984,1.0410120487213135,1.0932377576828003
SB88086_component_307a,189.324166,-29.3125,49.016998291015625,233.41429138183594,189.32421875,-29.312496185302734,45.920082092285156,1.0164481401443481,1.067441463470459
SB88086_component_308a,194.695333,-33.60594,53.22600173950195,95.90270233154297,194.69532775878906,-33.605926513671875,49.506988525390625,1.0237607955932617,1.0751209259033203
SB88086_component_313a,193.075609,-34.656957,50.04399871826172,141.7677001953125,193.07554626464844,-34.65690994262695,45.4967155456543,1.0474013090133667,1.099947452545166
SB88086_component_315a,194.695728,-29.947297,49.422000885009766,94.13714599609375,194.6956024169922,-29.94727897644043,46.435909271240234,1.0134621858596802,1.0643056631088257
SB88086_component_316a,192.059379,-29.748612,48.262001037597656,201.0916748046875,192.0594024658203,-29.748592376708984,46.509246826171875,0.9881142973899841,1.0376861095428467
SB88086_component_317a,190.212443,-27.99469,47.013999938964844,144.2147216796875,190.21243286132812,-27.9947509765625,47.62736892700195,0.9399652481079102,0.9871215224266052
SB88086_component_318a,187.431587,-28.4509,52.125,149.78448486328125,187.4315948486328,-28.45095443725586,52.61387634277344,0.94338059425354,0.9907082319259644
SB88086_component_319a,192.262752,-30.856454,49.03300094604492,252.74742126464844,192.2627716064453,-30.85645866394043,45.40043640136719,1.028417944908142,1.0800116062164307
SB88086_component_320a,190.878649,-29.811245,45.582000732421875,226.776123046875,190.8786163330078,-29.81124496459961,42.716758728027344,1.0160995721817017,1.0670753717422485
SB88086_component_322a,194.500707,-28.590295,47.66600036621094,70.51183319091797,194.500732421875,-28.590349197387695,46.371864318847656,0.9788030982017517,1.0279077291488647
SB88086_component_324a,191.901879,-29.03642,47.59199905395508,209.65638732910156,191.90188598632812,-29.03643035888672,45.4986457824707,0.9960396885871887,1.0460091829299927
SB88086_component_327a,186.962633,-33.810989,48.36899948120117,155.52732849121094,186.96261596679688,-33.810943603515625,46.21792221069336,0.9965472221374512,1.0465420484542847
SB88086_component_330a,191.259338,-31.712169,46.880001068115234,241.6494903564453,191.25930786132812,-31.712182998657227,43.52048873901367,1.0257346630096436,1.0771938562393188
SB88086_component_331a,187.066183,-33.756478,48.94900131225586,179.9595489501953,187.06622314453125,-33.75646209716797,45.753265380859375,1.018738865852356,1.0698471069335938
SB88086_component_333a,194.477939,-28.479895,46.66999816894531,67.24783325195312,194.47787475585938,-28.479990005493164,43.04241943359375,1.0324814319610596,1.084279179573059
SB88086_component_336a,190.847748,-28.846623,44.4010009765625,227.69744873046875,190.8477325439453,-28.84661865234375,41.51618957519531,1.0183954238891602,1.069486379623413
SB88086_component_337a,187.994459,-34.353156,45.7400016784668,143.38558959960938,187.99447631835938,-34.35314178466797,41.83767318725586,1.0410457849502563,1.0932730436325073
SB88086_component_340a,190.560018,-30.039841,48.597999572753906,244.2110595703125,190.5600128173828,-30.039823532104492,45.08847427368164,1.0263465642929077,1.0778363943099976
SB88086_component_341a,189.738627,-30.80752,44.36800003051758,220.73631286621094,189.73863220214844,-30.807518005371094,41.37217712402344,1.0211807489395142,1.0724115371704102
SB88086_component_343a,187.390803,-32.332597,45.665000915527344,220.60386657714844,187.3908233642578,-32.33257293701172,43.701011657714844,0.9950230717658997,1.0449415445327759
SB88086_component_344a,186.323737,-28.672642,49.224998474121094,54.33222579956055,186.3237762451172,-28.672636032104492,62.012916564941406,0.7558658719062805,0.7937862277030945
SB88086_component_347a,194.162109,-29.444649,45.000999450683594,117.19010162353516,194.16204833984375,-29.444684982299805,40.8744010925293,1.0483635663986206,1.100957989692688
SB88086_component_349a,191.272082,-34.888948,45.72100067138672,104.86468505859375,191.2720947265625,-34.88890075683594,40.97364807128906,1.0625569820404053,1.115863561630249
SB88086_component_352a,189.443108,-34.88137,44.83100128173828,110.69383239746094,189.44314575195312,-34.88132858276367,43.12940979003906,0.9897968769073486,1.039453148841858
SB88086_component_353a,188.363006,-33.022385,45.22100067138672,186.0946502685547,188.36302185058594,-33.02240753173828,41.86842727661133,1.0284773111343384,1.0800740718841553
SB88086_component_355a,192.828162,-32.857362,42.64099884033203,190.36160278320312,192.82821655273438,-32.85738754272461,41.87266159057617,0.9697012901306152,1.0183494091033936
SB88086_component_356a,194.399642,-33.324942,42.68199920654297,106.9724349975586,194.3996124267578,-33.324928283691406,39.799644470214844,1.0211904048919678,1.072421669960022
SB88086_component_357a,186.616437,-29.579937,41.6619987487793,92.58222198486328,186.61647033691406,-29.579984664916992,40.761260986328125,0.9732707738876343,1.0220979452133179
SB88086_component_359a,191.604537,-31.754123,43.84600067138672,228.3645782470703,191.60447692871094,-31.754121780395508,41.46785354614258,1.0068379640579224,1.0573492050170898
SB88086_component_360a,186.720875,-32.890936,42.4739990234375,119.64507293701172,186.72088623046875,-32.89088439941406,41.43752670288086,0.9760465025901794,1.0250128507614136
SB88086_component_361a,193.988254,-33.399752,40.93899917602539,151.06642150878906,193.98828125,-33.39976501464844,43.077919006347656,0.9049481153488159,0.9503476619720459
SB88086_component_362a,191.670583,-31.580168,41.9379997253418,223.07447814941406,191.67056274414062,-31.580169677734375,39.470645904541016,1.0117533206939697,1.0625110864639282
SB88086_component_368a,193.445073,-31.088136,42.4739990234375,208.2058868408203,193.44509887695312,-31.08810043334961,40.44249725341797,1.0000606775283813,1.0502318143844604
SB88086_component_369a,192.268819,-27.818276,40.88600158691406,88.49783325195312,192.26882934570312,-27.818321228027344,39.867671966552734,0.9765509963035583,1.0255427360534668
SB88086_component_371a,191.271191,-30.246669,42.96799850463867,236.08790588378906,191.2711944580078,-30.24663543701172,40.95170974731445,0.9991121888160706,1.0492358207702637
SB88086_component_372a,187.747136,-27.451481,43.39799880981445,39.85123825073242,187.7471466064453,-27.451725006103516,44.75635528564453,0.9233283400535583,0.9696499705314636
SB88086_component_374a,187.655752,-33.346391,42.6619987487793,173.42276000976562,187.65576171875,-33.346397399902344,38.46732711791992,1.0560643672943115,1.1090450286865234
SB88086_component_376a,194.167799,-31.110751,41.606998443603516,156.4172821044922,194.16783142089844,-31.110782623291016,39.72538375854492,0.9973313212394714,1.0473655462265015
SB88086_component_378a,194.444327,-33.417191,41.13100051879883,99.3502426147461,194.44435119628906,-33.41718292236328,41.815093994140625,0.9366500377655029,0.9836400151252747
SB88086_component_379a,189.98715,-28.536465,39.770999908447266,185.84579467773438,189.98715209960938,-28.53647232055664,40.589115142822266,0.9330353736877441,0.9798439741134644
SB88086_component_384a,192.080043,-33.728043,39.481998443603516,107.58037567138672,192.0800018310547,-33.72801971435547,36.52244567871094,1.0293911695480347,1.0810338258743286
SB88086_component_385a,192.623471,-27.526968,43.84199905395508,54.05918502807617,192.62342834472656,-27.527082443237305,42.7480354309082,0.9765969514846802,1.0255910158157349
SB88086_component_389a,194.475189,-30.902786,39.62099838256836,108.25409698486328,194.47520446777344,-30.902822494506836,37.267059326171875,1.0123751163482666,1.0631641149520874
SB88086_component_391a,191.193765,-27.930689,40.266998291015625,103.5141372680664,191.19375610351562,-27.93079948425293,39.74711227416992,0.964683473110199,1.0130798816680908
SB88086_component_393a,191.717358,-34.341078,38.637001037597656,143.09999084472656,191.7174072265625,-34.34104919433594,36.08436965942383,1.0195897817611694,1.0707405805587769
SB88086_component_394a,193.543587,-33.235353,40.862998962402344,174.62820434570312,193.54359436035156,-33.235416412353516,38.12361145019531,1.0206512212753296,1.0718554258346558
SB88086_component_395a,193.22544,-27.952745,37.85300064086914,78.20867919921875,193.2254638671875,-27.95284652709961,33.17729949951172,1.0864267349243164,1.1409307718276978
SB88086_component_396a,193.379876,-32.280968,41.06800079345703,188.3853302001953,193.3799591064453,-32.280982971191406,38.869720458984375,1.0060818195343018,1.0565550327301025
SB88086_component_397a,188.616823,-33.496565,38.40800094604492,139.159423828125,188.61679077148438,-33.49660110473633,36.122127532958984,1.0124871730804443,1.063281774520874
SB88086_component_399a,189.236167,-29.194943,40.52199935913086,185.03196716308594,189.236083984375,-29.194931030273438,36.99286651611328,1.0430715084075928,1.095400333404541
SB88086_component_400a,193.42543,-34.492363,38.12099838256836,113.45535278320312,193.4253692626953,-34.4923095703125,35.155906677246094,1.0325405597686768,1.0843411684036255
SB88086_component_402a,186.54158,-29.6692,38.055999755859375,80.97021484375,186.5416717529297,-29.66924285888672,62.57429122924805,0.5791197419166565,0.6081730723381042
SB88086_component_403a,187.36147,-28.826647,37.40599822998047,134.553955078125,187.36148071289062,-28.826684951782227,37.37870407104492,0.9529238343238831,1.0007301568984985
SB88086_component_406a,191.508846,-28.585455,37.0890007019043,166.31838989257812,191.50881958007812,-28.58548927307129,31.99319839477539,1.103897213935852,1.1592776775360107
SB88086_component_409a,188.074879,-34.882634,36.81399917602539,69.72348022460938,188.07496643066406,-34.882625579833984,34.532981872558594,1.0151262283325195,1.0660532712936401
SB88086_component_411a,191.701419,-29.866364,37.513999938964844,176.9528350830078,191.701416015625,-29.866334915161133,35.70627975463867,1.0004374980926514,1.0506274700164795
SB88086_component_413a,191.576625,-34.175611,35.803001403808594,129.7210235595703,191.5766143798828,-34.17559814453125,32.01664733886719,1.0648409128189087,1.1182620525360107
SB88086_component_417a,191.38443,-27.789706,36.106998443603516,80.4164810180664,191.3844757080078,-27.789756774902344,35.21147918701172,0.9764460921287537,1.0254325866699219
SB88086_component_419a,188.908942,-28.563053,35.9739990234375,159.8844451904297,188.90892028808594,-28.563091278076172,35.24073028564453,0.9720419645309448,1.0208073854446411
SB88086_component_424a,194.117897,-29.20683,35.35200119018555,97.65746307373047,194.11781311035156,-29.206817626953125,30.908321380615234,1.0891300439834595,1.1437697410583496
SB88086_component_427a,190.412838,-32.050808,36.42300033569336,186.7846221923828,190.41282653808594,-32.05082321166992,33.629608154296875,1.0313239097595215,1.0830634832382202
SB88086_component_435a,186.632587,-34.466451,35.404998779296875,56.82985305786133,186.6326904296875,-34.46637725830078,33.37769317626953,1.0100653171539307,1.0607383251190186
SB88086_component_436a,190.950719,-33.422665,33.72100067138672,141.09205627441406,190.95071411132812,-33.42266845703125,30.738611221313477,1.044617772102356,1.0970242023468018
SB88086_component_438a,192.995446,-27.223394,36.57899856567383,250.5410919189453,192.9952392578125,-27.223419189453125,42.94379425048828,0.8110965490341187,0.8517877459526062
SB88086_component_446a,185.914405,-32.898006,34.974998474121094,39.4306640625,185.914306640625,-32.89802551269531,37.730567932128906,0.882684588432312,0.926967203617096
SB88086_component_448a,194.628917,-29.198244,32.77399826049805,57.39754867553711,194.62872314453125,-29.198230743408203,29.71533966064453,1.0502432584762573,1.1029319763183594
SB88086_component_449a,190.14269,-31.959175,33.23899841308594,111.5402603149414,190.14268493652344,-31.959209442138672,30.933094024658203,1.023212194442749,1.074544906616211
SB88086_component_450a,194.103258,-29.161436,31.68199920654297,86.5628433227539,194.1031951904297,-29.161457061767578,29.14873504638672,1.0349849462509155,1.086908221244812
SB88086_component_456a,186.396331,-32.874418,35.51100158691406,74.917724609375,186.39633178710938,-32.87442398071289,35.95975112915039,0.9403454661369324,0.9875207543373108
SB88086_component_458a,190.017274,-33.329131,32.349998474121094,156.28018188476562,190.01727294921875,-33.329139709472656,30.767009735107422,1.0012215375900269,1.0514508485794067
SB88086_component_463a,186.110816,-33.682628,33.94599914550781,54.05413818359375,186.11080932617188,-33.68254470825195,29.61332893371582,1.0915472507476807,1.1463080644607544
SB88086_component_465a,193.937118,-29.333147,33.40800094604492,90.04852294921875,193.93716430664062,-29.333126068115234,30.55512809753418,1.0411362648010254,1.0933680534362793
SB88086_component_466a,192.248538,-28.312447,32.016998291015625,118.58146667480469,192.24851989746094,-28.31249237060547,31.072265625,0.9811803698539734,1.0304043292999268
SB88086_component_467a,188.255249,-34.358424,31.781999588012695,110.35417175292969,188.2551727294922,-34.35842514038086,29.776269912719727,1.0163705348968506,1.0673600435256958
SB88086_component_468a,195.0333,-30.508461,32.37200164794922,41.66280746459961,195.03317260742188,-30.50848960876465,29.426788330078125,1.047533392906189,1.1000860929489136
SB88086_component_471a,189.786812,-27.849923,32.36899948120117,82.9974365234375,189.78680419921875,-27.849964141845703,28.527324676513672,1.0804617404937744,1.1346664428710938
SB88086_component_472a,194.948133,-31.055629,32.3650016784668,53.85191345214844,194.94796752929688,-31.05565643310547,29.119964599609375,1.0583418607711792,1.1114368438720703
SB88086_component_477a,191.118755,-30.298455,34.18299865722656,175.2974395751953,191.1187744140625,-30.298429489135742,32.655357360839844,0.9967744946479797,1.0467807054519653
SB88086_component_479a,194.738934,-30.272497,33.755001068115234,59.84929275512695,194.7389373779297,-30.272459030151367,28.88756561279297,1.1126750707626343,1.1684958934783936
SB88086_component_480a,192.172524,-32.874787,30.80699920654297,153.26864624023438,192.1725616455078,-32.874839782714844,29.03603172302246,1.01030695438385,1.0609921216964722
SB88086_component_481a,188.701797,-34.846757,31.142000198364258,75.22222137451172,188.70184326171875,-34.84672546386719,29.026275634765625,1.0216363668441772,1.0728899240493774
SB88086_component_482a,187.285578,-34.874701,31.55699920654297,45.017120361328125,187.28550720214844,-34.87467575073242,29.800800323486328,1.0083445310592651,1.0589312314987183
SB88086_component_484a,191.29536,-31.355286,31.798999786376953,172.82064819335938,191.29534912109375,-31.355283737182617,29.23360824584961,1.0357911586761475,1.0877548456192017
SB88086_component_486a,191.222195,-33.936987,32.15800094604492,128.6320037841797,191.22225952148438,-33.93696975708008,29.020381927490234,1.0551812648773193,1.1081178188323975
SB88086_component_491a,194.722183,-28.86121,30.05500030517578,40.614864349365234,194.72215270996094,-28.86117935180664,25.92241859436035,1.1040338277816772,1.1594212055206299
SB88086_component_495a,187.602038,-33.571831,29.405000686645508,126.20172119140625,187.60195922851562,-33.57185363769531,27.759275436401367,1.0086818933486938,1.0592856407165527
SB88086_component_498a,187.992312,-31.194616,28.714000701904297,145.02020263671875,187.99227905273438,-31.194612503051758,26.876720428466797,1.0173224210739136,1.0683594942092896
SB88086_component_499a,186.294637,-30.494568,29.344999313354492,59.2828254699707,186.2947540283203,-30.494586944580078,28.704410552978516,0.9734790921211243,1.0223166942596436
SB88086_component_502a,193.306133,-27.435109,29.367000579833984,25.03580665588379,193.30613708496094,-27.435253143310547,34.84370040893555,0.8025581240653992,0.842820942401886
SB88086_component_507a,194.755331,-33.96573,30.13800048828125,45.38855743408203,194.75531005859375,-33.965675354003906,24.201820373535156,1.1857894659042358,1.245278239250183
SB88086_component_509a,191.892856,-32.028617,31.985000610351562,170.1329803466797,191.8928680419922,-32.02859878540039,29.930164337158203,1.0176031589508057,1.0686544179916382
SB88086_component_511a,192.08526,-31.166595,28.917999267578125,142.4532012939453,192.08526611328125,-31.166584014892578,28.068347930908203,0.9810531735420227,1.0302708148956299
SB88086_component_516a,187.401648,-31.257811,27.722999572753906,121.0611343383789,187.40162658691406,-31.257797241210938,26.88407325744629,0.9819430708885193,1.0312052965164185
SB88086_component_519a,186.474838,-30.16723,27.964000701904297,65.64319610595703,186.47488403320312,-30.167219161987305,28.670812606811523,0.9287535548210144,0.9753473401069641
SB88086_component_521a,189.339741,-33.056629,27.371000289916992,146.36898803710938,189.33982849121094,-33.05663299560547,25.337560653686523,1.0286486148834229,1.0802539587020874
SB88086_component_523a,190.241077,-32.611306,27.038999557495117,131.2572784423828,190.2410888671875,-32.611297607421875,29.55278968811035,0.871230959892273,0.9149389863014221
SB88086_component_531a,191.552284,-35.343961,27.267000198364258,31.928573608398438,191.55221557617188,-35.34378433227539,26.537168502807617,0.978416919708252,1.0275022983551025
SB88086_component_532a,187.350758,-30.241354,26.250999450683594,105.8508071899414,187.3507843017578,-30.2413387298584,24.875743865966797,1.004872441291809,1.0552849769592285
SB88086_component_538a,188.900476,-28.760225,26.231000900268555,116.58222961425781,188.9004669189453,-28.76024627685547,24.846450805664062,1.0052907466888428,1.0557242631912231
SB88086_component_541a,192.441002,-33.984423,25.684999465942383,96.56015014648438,192.44100952148438,-33.98440933227539,23.129043579101562,1.0574578046798706,1.1105084419250488
SB88086_component_542a,195.095701,-31.595785,25.834999084472656,34.49265670776367,195.09568786621094,-31.595815658569336,25.277482986450195,0.9732307195663452,1.0220558643341064
SB88086_component_543a,189.186202,-33.759682,26.156999588012695,121.66046142578125,189.18618774414062,-33.759708404541016,24.798553466796875,1.004390835762024,1.054779291152954
SB88086_component_545a,187.946891,-33.664693,26.506999969482422,111.37394714355469,187.94679260253906,-33.664669036865234,24.345420837402344,1.0367748737335205,1.0887879133224487
SB88086_component_550a,194.159708,-28.422937,25.945999145507812,54.9703369140625,194.15972900390625,-28.42296600341797,24.643760681152344,1.0025466680526733,1.0528424978256226
SB88086_component_551a,190.716594,-32.00093,26.538999557495117,141.91978454589844,190.71661376953125,-32.000946044921875,23.861560821533203,1.0590753555297852,1.1122071743011475
SB88086_component_552a,190.664818,-31.967434,27.618999481201172,143.10362243652344,190.6648406982422,-31.967439651489258,25.197431564331055,1.043741226196289,1.0961037874221802
SB88086_component_553a,189.985073,-28.235384,25.572999954223633,95.42163848876953,189.9850616455078,-28.235431671142578,24.10137939453125,1.0103710889816284,1.061059594154358
SB88086_component_555a,192.330446,-28.142791,25.43600082397461,82.3171615600586,192.3303985595703,-28.14287567138672,29.527097702026367,0.8202934265136719,0.8614460229873657
SB88086_component_556a,189.322968,-35.421024,27.76799964904785,29.603410720825195,189.32286071777344,-35.420921325683594,25.902679443359375,1.0208009481430054,1.0720126628875732
SB88086_component_559a,193.897759,-29.395634,25.270999908447266,72.2028579711914,193.89776611328125,-29.395618438720703,23.406879425048828,1.0280638933181763,1.0796399116516113
SB88086_component_561a,191.040545,-35.525215,25.368999481201172,21.850990295410156,191.04034423828125,-35.525047302246094,23.990333557128906,1.0069507360458374,1.0574675798416138
SB88086_component_564a,193.556183,-31.108304,26.125,107.06967163085938,193.55628967285156,-31.108259201049805,26.1656436920166,0.9507493376731873,0.9984467029571533
SB88086_component_569a,192.593098,-35.462596,25.819000244140625,21.444353103637695,192.5932159423828,-35.462215423583984,22.816465377807617,1.0775370597839355,1.1315951347351074
SB88086_component_570a,190.014052,-28.379407,25.488000869750977,109.39056396484375,190.01406860351562,-28.379472732543945,25.474817276000977,0.9527212977409363,1.00051748752594
SB88086_component_571a,193.706378,-31.01518,24.850000381469727,113.47032165527344,193.70645141601562,-31.015153884887695,29.486003875732422,0.8025122284889221,0.8427727222442627
SB88086_component_573a,193.418588,-30.42609,24.06399917602539,122.15228271484375,193.4186248779297,-30.426040649414062,22.8568115234375,1.0025206804275513,1.0528151988983154
SB88086_component_576a,192.663818,-31.276383,24.011999130249023,125.06249237060547,192.6638641357422,-31.276391983032227,22.3367862701416,1.0236437320709229,1.074997901916504
SB88086_component_580a,188.77356,-33.963143,24.854999542236328,115.06944274902344,188.7736358642578,-33.963157653808594,22.249671936035156,1.0637297630310059,1.1170951128005981
SB88086_component_584a,190.128903,-34.12762,24.77899932861328,108.20523834228516,190.12887573242188,-34.127647399902344,22.787261962890625,1.0354586839675903,1.0874056816101074
SB88086_component_586a,191.114946,-28.921964,25.878000259399414,128.7462615966797,191.11492919921875,-28.921981811523438,24.311662673950195,1.0135780572891235,1.064427375793457
SB88086_component_589a,189.567422,-33.720829,24.357999801635742,124.91282653808594,189.5674285888672,-33.72088623046875,22.06732940673828,1.0510733127593994,1.1038037538528442
SB88086_component_593a,191.775174,-29.587924,24.764999389648438,116.8160400390625,191.77517700195312,-29.58791732788086,23.201072692871094,1.0164158344268799,1.067407488822937
SB88086_component_594a,188.822938,-27.701662,24.958999633789062,46.73970031738281,188.8229522705078,-27.701753616333008,24.970664978027344,0.9517836570739746,0.9995328187942505
SB88086_component_600a,192.581122,-35.273141,23.892000198364258,29.243576049804688,192.58099365234375,-35.27302551269531,22.74055290222168,1.000443696975708,1.0506341457366943
SB88086_component_601a,195.210392,-32.671107,25.555999755859375,29.14025115966797,195.2102813720703,-32.67115783691406,21.940052032470703,1.1091656684875488,1.164810299873352
SB88086_component_602a,190.30906,-27.507307,23.860000610351562,32.81980895996094,190.30909729003906,-27.507305145263672,27.809371948242188,0.8169969916343689,0.857984185218811
SB88086_component_604a,193.330492,-33.725262,24.139999389648438,116.05768585205078,193.33047485351562,-33.725250244140625,23.266328811645508,0.9879854321479797,1.0375508069992065
SB88086_component_609a,194.267941,-30.375064,24.35300064086914,57.98333740234375,194.2678680419922,-30.375043869018555,22.816682815551758,1.0163449048995972,1.0673331022262573
SB88086_component_610a,186.574516,-30.802583,23.642000198364258,63.55376434326172,186.57447814941406,-30.80253791809082,21.258371353149414,1.058998703956604,1.1121265888214111
SB88086_component_611a,195.209784,-31.673102,25.47100067138672,29.548725128173828,195.20947265625,-31.673328399658203,23.653966903686523,1.0253762006759644,1.076817274093628
SB88086_component_614a,193.252029,-34.294823,22.909000396728516,82.40647888183594,193.25210571289062,-34.29475021362305,21.214237213134766,1.028300166130066,1.0798879861831665
SB88086_component_615a,187.144379,-29.986942,21.638999938964844,61.825714111328125,187.1443634033203,-29.9869327545166,22.603605270385742,0.9115923047065735,0.9573251605033875
SB88086_component_616a,194.750639,-28.957839,24.19300079345703,31.791067123413086,194.75064086914062,-28.957733154296875,21.24600601196289,1.0843104124069214,1.138708233833313
SB88086_component_618a,194.515207,-34.858111,22.738000869750977,21.573055267333984,194.5150604248047,-34.858123779296875,21.76331329345703,0.9948748350143433,1.0447858572006226
SB88086_component_624a,194.340559,-33.065789,23.033000946044922,67.15160369873047,194.34056091308594,-33.065826416015625,21.949275970458984,0.9992438554763794,1.0493741035461426
SB88086_component_627a,188.776272,-32.750829,23.22800064086914,121.6125717163086,188.77626037597656,-32.750877380371094,20.514568328857422,1.0781784057617188,1.1322685480117798
SB88086_component_629a,195.10209,-32.387614,22.20800018310547,21.170639038085938,195.10211181640625,-32.38751220703125,22.361053466796875,0.9457107782363892,0.9931553602218628
SB88086_component_630a,189.348866,-33.29919,22.729000091552734,114.21607971191406,189.34884643554688,-33.299224853515625,21.294147491455078,1.0163919925689697,1.0673824548721313
SB88086_component_631a,190.06524,-27.76416,25.30699920654297,56.488834381103516,190.065185546875,-27.76427459716797,24.642845153808594,0.9778921604156494,1.0269511938095093
SB88086_component_632a,193.776942,-31.004619,22.916000366210938,102.7623291015625,193.77694702148438,-31.004619598388672,21.638063430786133,1.0084668397903442,1.0590596199035645
SB88086_component_633a,191.355603,-34.297875,22.238000869750977,86.19380950927734,191.35562133789062,-34.29779052734375,20.650476455688477,1.0254319906234741,1.076875925064087
SB88086_component_634a,189.885372,-32.855498,22.440000534057617,105.84906005859375,189.88536071777344,-32.85551071166992,20.885896682739258,1.0230830907821655,1.0744092464447021
SB88086_component_638a,194.474702,-30.50347,24.01099967956543,48.703853607177734,194.4745330810547,-30.503454208374023,21.79766082763672,1.0489180088043213,1.101540207862854
SB88086_component_639a,193.200986,-29.283948,21.71500015258789,82.56653594970703,193.20106506347656,-29.283899307250977,20.566370010375977,1.0054103136062622,1.0558499097824097
SB88086_component_642a,193.684747,-31.40726,21.469999313354492,99.86045837402344,193.6847381591797,-31.407270431518555,36.994808197021484,0.5526273846626282,0.580351710319519
SB88086_component_644a,187.467183,-29.320057,21.447999954223633,84.77470397949219,187.46719360351562,-29.320093154907227,20.777706146240234,0.982947587966919,1.0322602987289429
SB88086_component_647a,190.805152,-29.457124,20.98200035095215,109.28125,190.80517578125,-29.457134246826172,20.532445907592773,0.9730773568153381,1.0218948125839233
SB88086_component_648a,190.473296,-32.499346,21.445999145507812,100.68544006347656,190.4733428955078,-32.4993782043457,19.96048355102539,1.0230960845947266,1.074422836303711
SB88086_component_649a,194.174028,-27.718237,20.31100082397461,18.893953323364258,194.17379760742188,-27.7183780670166,20.979412078857422,0.921890139579773,0.9681396484375
SB88086_component_651a,188.633396,-34.466451,21.594999313354492,75.243896484375,188.6333770751953,-34.46648025512695,20.87626075744629,0.9850122928619385,1.0344284772872925
SB88086_component_654a,191.281677,-27.993514,23.11199951171875,69.19760131835938,191.28158569335938,-27.993486404418945,23.130535125732422,0.9514654278755188,0.9991986751556396
SB88086_component_657a,188.293922,-29.088149,22.541000366210938,103.87557983398438,188.2938995361328,-29.088165283203125,22.1771240234375,0.9678523540496826,1.0164077281951904
SB88086_component_659a,185.870209,-31.82343,21.347000122070312,23.028047561645508,185.87033081054688,-31.82343101501465,23.724990844726562,0.8567851781845093,0.8997685313224792
SB88086_component_660a,189.948345,-34.259188,21.249000549316406,84.65737915039062,189.9482879638672,-34.25918197631836,21.41938591003418,0.9446538090705872,0.9920452833175659
SB88086_component_662a,187.725673,-33.592077,21.910999298095703,89.43264770507812,187.72564697265625,-33.592063903808594,19.90909767150879,1.047977089881897,1.1005520820617676
SB88086_component_665a,193.400132,-30.804554,21.559999465942383,108.34170532226562,193.40011596679688,-30.804567337036133,20.677555084228516,0.9928662180900574,1.0426764488220215
SB88086_component_666a,194.35316,-29.062402,21.038999557495117,48.476959228515625,194.35317993164062,-29.062376022338867,25.562089920043945,0.7837361693382263,0.8230547308921814
SB88086_component_670a,187.071575,-34.808125,22.035999298095703,34.485130310058594,187.07150268554688,-34.808143615722656,21.605079650878906,0.9712209105491638,1.0199452638626099
SB88086_component_673a,190.383827,-31.110317,20.41900062561035,113.43888854980469,190.38380432128906,-31.110319137573242,18.2844295501709,1.0633940696716309,1.1167426109313965
SB88086_component_677a,193.236768,-34.497229,21.516000747680664,66.61299896240234,193.2367401123047,-34.4971809387207,19.87506675720215,1.0308468341827393,1.0825624465942383
SB88086_component_678a,189.503687,-34.947676,20.424999237060547,46.42045211791992,189.50360107421875,-34.94757080078125,19.03741455078125,1.0216338634490967,1.0728873014450073
SB88086_component_680a,189.962887,-34.427984,21.336999893188477,86.3846206665039,189.96290588378906,-34.427955627441406,19.221086502075195,1.0570526123046875,1.1100828647613525
SB88086_component_681a,186.32494,-31.949613,21.759000778198242,42.25048828125,186.32501220703125,-31.94959831237793,20.79709815979004,0.9962707161903381,1.0462517738342285
SB88086_component_683a,188.475766,-29.93901,20.868000030517578,93.57847595214844,188.47576904296875,-29.938961029052734,19.26658058166504,1.031376838684082,1.0831190347671509
SB88086_component_684a,190.504483,-30.012475,20.200000762939453,110.989013671875,190.50445556640625,-30.01247787475586,19.756023406982422,0.9736279249191284,1.0224729776382446
SB88086_component_694a,194.179694,-33.26389,20.093000411987305,63.58544158935547,194.1797332763672,-33.263912200927734,19.30525016784668,0.9910841584205627,1.0408049821853638
SB88086_component_697a,187.333547,-33.996397,19.975000381469727,78.95257568359375,187.3335723876953,-33.996334075927734,14.072667121887207,1.3516104221343994,1.419418215751648
SB88086_component_701a,188.261645,-32.577793,20.299999237060547,92.2727279663086,188.2615966796875,-32.577816009521484,17.71808624267578,1.0909889936447144,1.1457219123840332
SB88086_component_703a,192.360558,-32.107904,21.031999588012695,107.30612182617188,192.36056518554688,-32.1078987121582,19.178924560546875,1.0442332029342651,1.0966204404830933
SB88086_component_704a,194.763186,-30.776391,19.20199966430664,41.38362121582031,194.76307678222656,-30.776371002197266,19.026674270629883,0.9610030055046082,1.0092147588729858
SB88086_component_707a,186.81141,-29.900818,19.398000717163086,58.07784652709961,186.8113555908203,-29.900802612304688,20.456560134887695,0.9029537439346313,0.9482532739639282
SB88086_component_718a,191.820502,-31.114025,20.136999130249023,105.42931365966797,191.82052612304688,-31.114013671875,18.82716178894043,1.0184766054153442,1.0695717334747314
SB88086_component_723a,191.697885,-28.295307,18.350000381469727,76.77824401855469,191.69789123535156,-28.295392990112305,18.762096405029297,0.9313134551048279,0.9780356884002686
SB88086_component_725a,194.886753,-34.025805,19.46500015258789,25.645586013793945,194.88671875,-34.02595138549805,17.97428321838379,1.0312026739120483,1.0829360485076904
SB88086_component_728a,188.703314,-34.778652,19.496000289916992,46.97831344604492,188.70333862304688,-34.778526306152344,19.411893844604492,0.9563542604446411,1.0043327808380127
SB88086_component_735a,190.409446,-27.723654,18.243000030517578,36.26838684082031,190.40956115722656,-27.723705291748047,18.766010284423828,0.9256897568702698,0.9721299409866333
SB88086_component_736a,192.796262,-28.161826,18.240999221801758,57.54258346557617,192.79611206054688,-28.161916732788086,20.383888244628906,0.8521239161491394,0.8948733806610107
SB88086_component_737a,192.020357,-33.006023,18.56999969482422,89.27883911132812,192.0203094482422,-33.00603485107422,17.007232666015625,1.0397273302078247,1.091888427734375
SB88086_component_738a,190.955468,-29.59688,18.59600067138672,87.30516815185547,190.95545959472656,-29.596881866455078,18.251787185668945,0.9701867699623108,1.0188591480255127
SB88086_component_739a,190.461085,-29.997645,17.94499969482422,95.4521255493164,190.46109008789062,-29.997644424438477,17.14956283569336,0.9963951110839844,1.0463823080062866
SB88086_component_744a,194.502795,-31.085151,18.44099998474121,53.76384735107422,194.5028533935547,-31.08518409729004,17.748001098632812,0.9894097447395325,1.0390466451644897
SB88086_component_747a,186.988724,-33.837084,19.0310001373291,65.62413787841797,186.98878479003906,-33.83709716796875,18.449398040771484,0.9822466969490051,1.0315241813659668
SB88086_component_749a,195.113812,-34.51808,17.89699935913086,22.17719841003418,195.11361694335938,-34.51827621459961,17.346424102783203,0.9824522137641907,1.0317399501800537
SB88086_component_751a,191.43134,-30.727652,18.51099967956543,100.60325622558594,191.43138122558594,-30.727664947509766,17.154449462890625,1.0275293588638306,1.0790786743164062
SB88086_component_753a,191.274295,-28.135838,16.908000946044922,64.28897094726562,191.27426147460938,-28.135900497436523,17.663700103759766,0.9114896655082703,0.9572173953056335
SB88086_component_755a,186.876868,-34.148017,18.492000579833984,51.79832077026367,186.8767852783203,-34.148033142089844,17.352678298950195,1.0147488117218018,1.0656569004058838
SB88086_component_756a,195.076627,-29.773744,16.476999282836914,17.163541793823242,195.0765838623047,-29.77364730834961,15.48643970489502,1.0131359100341797,1.0639630556106567
SB88086_component_757a,186.383997,-29.036978,18.136999130249023,25.90999984741211,186.3839111328125,-29.036916732788086,18.903181076049805,0.9136328101158142,0.9594680666923523
SB88086_component_758a,192.615077,-33.839857,17.95400047302246,79.09251403808594,192.61505126953125,-33.83986282348633,17.17905044555664,0.9951836466789246,1.0451102256774902
SB88086_component_760a,185.912218,-30.692177,17.736000061035156,20.939786911010742,185.91221618652344,-30.692276000976562,18.10497283935547,0.9328224062919617,0.9796203374862671
SB88086_component_762a,188.727788,-33.049482,18.24799919128418,82.19819641113281,188.72779846191406,-33.049522399902344,16.910444259643555,1.0275462865829468,1.0790964365005493
SB88086_component_763a,191.459957,-27.958209,17.649999618530273,53.00300216674805,191.4599151611328,-27.958263397216797,16.708118438720703,1.0059081315994263,1.0563726425170898
SB88086_component_765a,193.446294,-30.168946,18.190000534057617,73.3467788696289,193.4461669921875,-30.168912887573242,16.999788284301758,1.0188971757888794,1.070013403892517
SB88086_component_768a,192.878512,-30.702579,17.440000534057617,83.84615325927734,192.87855529785156,-30.7025203704834,17.031238555908203,0.9750826358795166,1.0240007638931274
SB88086_component_771a,191.328903,-30.427232,18.368999481201172,97.19047546386719,191.3289337158203,-30.42719841003418,20.845685958862305,0.8390936851501465,0.8811894655227661
SB88086_component_773a,195.089425,-33.127158,16.857999801635742,21.420583724975586,195.08949279785156,-33.127227783203125,16.622488021850586,0.9657198786735535,1.0141682624816895
SB88086_component_774a,195.297766,-32.258059,17.66900062561035,15.775893211364746,195.29742431640625,-32.25830078125,14.63772201538086,1.1494224071502686,1.2070868015289307
SB88086_component_775a,186.713359,-34.156309,18.23900032043457,43.42619323730469,186.7133026123047,-34.15617752075195,17.543235778808594,0.9899938106536865,1.0396599769592285
SB88086_component_778a,193.733267,-28.124574,17.750999450683594,38.58913040161133,193.73330688476562,-28.124588012695312,17.47197151184082,0.9674356579780579,1.01596999168396
SB88086_component_785a,188.591462,-31.918968,17.753999710083008,81.81566619873047,188.59146118164062,-31.919008255004883,16.59335708618164,1.0188332796096802,1.0699461698532104
SB88086_component_786a,194.278123,-34.270416,16.71500015258789,38.425289154052734,194.27816772460938,-34.270301818847656,16.262744903564453,0.9787092208862305,1.0278092622756958
SB88086_component_789a,191.560878,-31.88064,17.44099998474121,95.82967376708984,191.5608367919922,-31.880680084228516,16.645109176635742,0.9977595210075378,1.0478153228759766
SB88086_component_790a,194.068974,-27.903934,16.565000534057617,23.363893508911133,194.06918334960938,-27.904003143310547,17.03822898864746,0.9257807731628418,0.9722254872322083
SB88086_component_793a,188.92406,-30.730472,16.768999099731445,90.1559066772461,188.92410278320312,-30.73048210144043,15.095148086547852,1.0578179359436035,1.1108866930007935
SB88086_component_797a,189.469562,-28.1981,16.929000854492188,64.125,189.46954345703125,-28.19814109802246,16.301597595214844,0.9888771772384644,1.038487195968628
SB88086_component_799a,193.022569,-27.417336,16.125,15.430623054504395,193.02317810058594,-27.41744041442871,17.273515701293945,0.8889148831367493,0.9335100054740906
SB88086_component_800a,194.164105,-31.257917,17.03700065612793,64.77946472167969,194.16403198242188,-31.257915496826172,16.421977996826172,0.9878905415534973,1.037451148033142
SB88086_component_804a,187.922493,-28.741814,16.767000198364258,71.65384674072266,187.92245483398438,-28.741865158081055,16.383161544799805,0.9745380878448486,1.0234287977218628
SB88086_component_806a,191.563548,-32.751868,16.389999389648438,77.31131744384766,191.5635223388672,-32.7518196105957,14.753921508789062,1.0578221082687378,1.1108911037445068
SB88086_component_807a,188.7358,-34.136264,16.948999404907227,66.46666717529297,188.73580932617188,-34.13624572753906,16.35293960571289,0.9869369268417358,1.036449670791626
SB88086_component_808a,193.849726,-33.497182,16.187999725341797,57.608543395996094,193.8496856689453,-33.49718475341797,16.167631149291992,0.9534281492233276,1.0012598037719727
SB88086_component_818a,193.998588,-32.182697,16.229999542236328,63.398433685302734,193.99867248535156,-32.18274688720703,16.60906982421875,0.9304956793785095,0.9771769046783447
SB88086_component_819a,192.206072,-34.813881,15.611000061035156,40.973751068115234,192.2061767578125,-34.813926696777344,14.635344505310059,1.015708088874817,1.0666643381118774
SB88086_component_820a,188.054661,-33.638769,16.982999801635742,70.17768859863281,188.05465698242188,-33.638755798339844,15.015128135681152,1.0770268440246582,1.1310592889785767
SB88086_component_821a,186.675317,-33.748085,17.097000122070312,50.58283996582031,186.67535400390625,-33.74798583984375,16.035593032836914,1.0152571201324463,1.0661907196044922
SB88086_component_822a,187.613821,-33.617202,17.04400062561035,71.91561126708984,187.61383056640625,-33.6171989440918,16.61996078491211,0.9765235781669617,1.0255138874053955
SB88086_component_825a,193.669556,-33.490698,15.586000442504883,69.58036041259766,193.66954040527344,-33.49062728881836,14.975578308105469,0.99104243516922,1.040761113166809
SB88086_component_828a,191.898728,-29.321132,16.110000610351562,62.9296875,191.8987579345703,-29.321157455444336,14.878798484802246,1.0310242176055908,1.0827487707138062
SB88086_component_831a,188.244696,-29.52762,16.285999298095703,64.62698364257812,188.2446746826172,-29.527679443359375,15.429681777954102,1.0050753355026245,1.0554981231689453
SB88086_component_834a,187.396482,-35.103424,16.551000595092773,16.73508644104004,187.3968048095703,-35.10335922241211,17.563947677612305,0.8973116874694824,0.9423280358314514
SB88086_component_839a,191.464228,-28.939044,15.720000267028809,76.68292999267578,191.4641876220703,-28.93907356262207,15.748215675354004,0.9505223631858826,0.9982083439826965
SB88086_component_843a,190.977344,-27.525569,15.767999649047852,21.308107376098633,190.97726440429688,-27.525665283203125,15.179433822631836,0.9891501069068909,1.0387738943099976
SB88086_component_844a,186.464062,-29.626071,15.40999984741211,29.130435943603516,186.46408081054688,-29.626174926757812,15.234493255615234,0.9631984829902649,1.0115203857421875
SB88086_component_845a,190.090781,-29.755815,15.423999786376953,85.68888092041016,190.09078979492188,-29.755807876586914,15.63584041595459,0.9393272995948792,0.9864516258239746
SB88086_component_846a,192.200222,-30.382707,16.464000701904297,83.5736083984375,192.20025634765625,-30.382659912109375,15.542084693908691,1.0087121725082397,1.0593173503875732
SB88086_component_847a,192.679878,-30.881104,15.847000122070312,73.70697784423828,192.679931640625,-30.881113052368164,14.70622730255127,1.026093602180481,1.0775706768035889
SB88086_component_849a,186.676854,-31.490819,16.125,50.707550048828125,186.67681884765625,-31.490835189819336,16.049184799194336,0.9567267894744873,1.0047239065170288
SB88086_component_850a,191.202275,-35.215062,14.786999702453613,23.92718505859375,191.20245361328125,-35.215057373046875,15.475112915039062,0.90988689661026,0.9555342197418213
SB88086_component_852a,189.256348,-31.682794,16.177000045776367,83.3865966796875,189.25628662109375,-31.682889938354492,14.899588584899902,1.0338674783706665,1.0857347249984741
SB88086_component_854a,188.038995,-32.048025,15.361000061035156,75.66995239257812,188.03904724121094,-32.048057556152344,15.394296646118164,0.9501689076423645,0.9978370666503906
SB88086_component_857a,192.51829,-30.528664,15.491000175476074,79.03572082519531,192.51824951171875,-30.528589248657227,12.646889686584473,1.166371464729309,1.224886178970337
SB88086_component_859a,194.950121,-34.431232,14.312000274658203,13.721956253051758,194.95005798339844,-34.43108367919922,13.710382461547852,0.994012713432312,1.0438804626464844
SB88086_component_860a,191.761968,-29.981822,15.081999778747559,76.94898223876953,191.76202392578125,-29.981796264648438,13.589262008666992,1.0568277835845947,1.109846830368042
SB88086_component_862a,193.232623,-31.204563,15.520999908447266,76.08333587646484,193.23257446289062,-31.20452308654785,13.264080047607422,1.1142528057098389,1.1701527833938599
SB88086_component_866a,191.424541,-33.184046,14.782999992370605,56.20912170410156,191.42449951171875,-33.18406295776367,14.009343147277832,1.004814624786377,1.0552242994308472
SB88086_component_869a,187.277539,-33.430945,15.437999725341797,64.86554718017578,187.27752685546875,-33.43092346191406,11.149158477783203,1.3185303211212158,1.3846784830093384
SB88086_component_870a,186.825169,-28.845924,14.807000160217285,35.67951965332031,186.82525634765625,-28.84591293334961,15.724264144897461,0.8966808915138245,0.9416657090187073
SB88086_component_871a,193.713296,-31.378264,14.553000450134277,71.33824157714844,193.71334838867188,-31.37828254699707,12.831031799316406,1.080020785331726,1.1342034339904785
SB88086_component_873a,191.234266,-30.214208,14.82699966430664,81.46703338623047,191.23431396484375,-30.214237213134766,12.921021461486816,1.0926916599273682,1.1475098133087158
SB88086_component_876a,193.818151,-33.758523,15.628000259399414,55.028167724609375,193.81802368164062,-33.758487701416016,14.675679206848145,1.0140197277069092,1.0648910999298096
SB88086_component_879a,192.547359,-31.097312,14.836000442504883,79.33689880371094,192.54730224609375,-31.09733009338379,13.985762596130371,1.0101174116134644,1.0607930421829224
SB88086_component_887a,191.752191,-28.271328,15.793999671936035,61.45525360107422,191.75221252441406,-28.271320343017578,15.084057807922363,0.9970458149909973,1.0470657348632812
SB88086_component_892a,186.079591,-31.344726,15.37600040435791,23.01796531677246,186.07952880859375,-31.34490203857422,14.256991386413574,1.0269674062728882,1.0784884691238403
SB88086_component_894a,190.07089,-31.54579,14.473999977111816,79.96685028076172,190.0708770751953,-31.545793533325195,13.141796112060547,1.0487573146820068,1.1013715267181396
SB88086_component_896a,194.355058,-34.079277,15.222999572753906,35.81882095336914,194.35507202148438,-34.07925796508789,13.7995023727417,1.0504562854766846,1.1031557321548462
SB88086_component_897a,186.671129,-32.918323,15.210000038146973,41.331520080566406,186.67115783691406,-32.91823959350586,14.117498397827148,1.0259180068969727,1.0773863792419434
SB88086_component_898a,188.874018,-32.925623,14.723999977111816,73.25373077392578,188.87413024902344,-32.92574691772461,12.29992389678955,1.1398942470550537,1.1970806121826172
SB88086_component_905a,189.848564,-35.171876,14.16100025177002,26.079191207885742,189.84872436523438,-35.17182540893555,14.33749008178711,0.9405068755149841,0.9876903295516968
SB88086_component_906a,191.745294,-30.670172,14.326000213623047,78.2841567993164,191.74534606933594,-30.670198440551758,13.716707229614258,0.994526207447052,1.044419765472412
SB88086_component_908a,187.268108,-29.451307,13.666000366210938,51.96197509765625,187.26800537109375,-29.451332092285156,10.779657363891602,1.207195520401001,1.2677583694458008
SB88086_component_909a,189.783605,-32.137504,14.062999725341797,74.80319213867188,189.78358459472656,-32.137535095214844,14.02410888671875,0.9548691511154175,1.0027731657028198
SB88086_component_913a,188.588534,-33.395866,14.795000076293945,50.32312774658203,188.58860778808594,-33.39582443237305,13.02546215057373,1.0815907716751099,1.1358522176742554
SB88086_component_914a,188.151875,-33.709389,13.597999572753906,58.86579895019531,188.15176391601562,-33.70940399169922,13.319805145263672,0.9721164703369141,1.0208858251571655
SB88086_component_915a,190.889204,-35.388163,14.699000358581543,18.8933162689209,190.88925170898438,-35.388031005859375,14.252140998840332,0.9820845127105713,1.0313538312911987
SB88086_component_918a,191.993759,-27.461644,14.151000022888184,19.626907348632812,191.99388122558594,-27.4616641998291,14.073272705078125,0.9574876427650452,1.0055230855941772
SB88086_component_919a,193.588666,-28.200368,13.85099983215332,32.978572845458984,193.5886993408203,-28.200571060180664,12.981035232543945,1.016045093536377,1.0670181512832642
SB88086_component_920a,188.271074,-33.982698,14.383000373840332,61.99569320678711,188.27113342285156,-33.98274612426758,12.988289833068848,1.054480791091919,1.1073821783065796
SB88086_component_921a,189.328762,-33.151656,13.434000015258789,61.063636779785156,189.32888793945312,-33.15167999267578,12.195326805114746,1.0489459037780762,1.1015695333480835
SB88086_component_922a,189.49556,-32.560748,13.71500015258789,74.1351318359375,189.49562072753906,-32.5608024597168,13.61950969696045,0.9589048624038696,1.0070112943649292
SB88086_component_923a,187.501898,-29.966396,13.793999671936035,58.697872161865234,187.5019989013672,-29.966352462768555,13.636940002441406,0.9631955623626709,1.0115171670913696
SB88086_component_925a,194.164861,-27.908258,14.722000122070312,18.541561126708984,194.16468811035156,-27.908388137817383,14.50605297088623,0.9664040207862854,1.014886736869812
SB88086_component_926a,193.264974,-32.431198,14.085000038146973,63.445945739746094,193.26504516601562,-32.43120574951172,13.905163764953613,0.9645437598228455,1.0129330158233643
SB88086_component_930a,191.949769,-27.744039,14.20199966430664,31.008731842041016,191.94979858398438,-27.744022369384766,12.496849060058594,1.0821566581726074,1.136446475982666
SB88086_component_934a,192.660201,-30.745342,13.810999870300293,68.03448486328125,192.66017150878906,-30.745386123657227,12.451579093933105,1.0561895370483398,1.1091766357421875
SB88086_component_935a,190.259605,-27.796979,13.157999992370605,32.650123596191406,190.2597198486328,-27.797138214111328,13.559147834777832,0.9240567684173584,0.9704149961471558
SB88086_component_938a,193.092679,-27.673889,12.652999877929688,19.83228874206543,193.09243774414062,-27.673982620239258,12.61093521118164,0.9554047584533691,1.0033355951309204
SB88086_component_941a,193.944295,-32.139134,13.793000221252441,59.709957122802734,193.94436645507812,-32.13921356201172,11.360725402832031,1.1560958623886108,1.2140949964523315
SB88086_component_942a,193.275928,-34.643291,13.994000434875488,35.42784881591797,193.27584838867188,-34.64333724975586,12.732595443725586,1.0465648174285889,1.0990689992904663
SB88086_component_943a,191.698267,-31.040646,13.713000297546387,78.81034851074219,191.69822692871094,-31.040679931640625,13.309513092041016,0.9810959696769714,1.0303157567977905
SB88086_component_944a,192.631625,-31.723417,14.168999671936035,81.9017333984375,192.63169860839844,-31.723400115966797,13.322206497192383,1.0127545595169067,1.0635625123977661
SB88086_component_950a,188.619393,-32.736537,14.232999801635742,66.50934600830078,188.619384765625,-32.73653030395508,12.39148235321045,1.093740701675415,1.1486115455627441
SB88086_component_953a,192.207017,-32.038921,14.109000205993652,80.1647720336914,192.20701599121094,-32.03899002075195,12.97916316986084,1.0351200103759766,1.0870500802993774
SB88086_component_954a,186.28061,-31.065372,13.89799976348877,28.59670639038086,186.28067016601562,-31.0653018951416,13.732553482055664,0.9637007117271423,1.0120477676391602
SB88086_component_956a,192.724322,-34.95981,12.680000305175781,23.83458709716797,192.72442626953125,-34.959861755371094,12.853487968444824,0.9393759369850159,0.9865027070045471
SB88086_component_957a,192.792125,-28.995761,12.791000366210938,51.995933532714844,192.7921905517578,-28.99580192565918,12.92131233215332,0.9426252245903015,0.9899149537086487
SB88086_component_959a,187.541303,-31.783153,13.968000411987305,58.936710357666016,187.5413360595703,-31.783199310302734,13.852832794189453,0.9601449966430664,1.0083136558532715
SB88086_component_960a,188.192826,-29.819979,13.210000038146973,60.319637298583984,188.19290161132812,-29.81998634338379,12.04315185546875,1.0444889068603516,1.0968888998031616
SB88086_component_967a,189.60989,-31.0817,13.373000144958496,72.28648376464844,189.60984802246094,-31.08170509338379,12.334024429321289,1.0324410200119019,1.0842365026474
SB88086_component_969a,193.074345,-29.036994,13.305999755859375,52.38582229614258,193.0744171142578,-29.036983489990234,12.848180770874023,0.9861592054367065,1.0356329679489136
SB88086_component_971a,190.884983,-30.232822,12.63700008392334,73.90058135986328,190.8849639892578,-30.232852935791016,12.390338897705078,0.971185028553009,1.0199075937271118
SB88086_component_974a,192.301793,-30.435984,13.944000244140625,70.07035064697266,192.30181884765625,-30.435890197753906,13.253030776977539,1.001874566078186,1.0521366596221924
SB88086_component_976a,188.056797,-29.258252,12.680999755859375,58.16972351074219,188.0568084716797,-29.258153915405273,12.310613632202148,0.9808779358863831,1.0300867557525635
SB88086_component_977a,187.328451,-29.981488,13.121000289916992,49.14232635498047,187.3285369873047,-29.981454849243164,13.795125007629395,0.9056960344314575,0.951133131980896
SB88086_component_981a,193.898459,-30.675339,14.237000465393066,53.32210159301758,193.89849853515625,-30.675304412841797,13.720520973205566,0.9880731105804443,1.0376428365707397
SB88086_component_983a,194.872701,-31.291307,13.586999893188477,27.173999786376953,194.87257385253906,-31.291152954101562,12.35015869140625,1.047592043876648,1.1001478433609009
SB88086_component_987a,186.54322,-28.64441,12.541000366210938,20.559017181396484,186.54324340820312,-28.644468307495117,13.2395658493042,0.9019855856895447,0.9472365379333496
SB88086_component_989a,189.458328,-28.412287,12.586000442504883,53.78632736206055,189.45828247070312,-28.412389755249023,13.120094299316406,0.9134650826454163,0.959291934967041
SB88086_component_990a,192.864366,-27.975086,13.435999870300293,32.77073287963867,192.86428833007812,-27.975053787231445,13.526716232299805,0.9458423852920532,0.9932935237884521
SB88086_component_991a,190.515648,-33.09706,13.9350004196167,58.062503814697266,190.515625,-33.09708023071289,12.67873764038086,1.046579360961914,1.0990842580795288
SB88086_component_994a,187.546253,-31.212736,12.923999786376953,60.392520904541016,187.54624938964844,-31.212745666503906,13.529709815979004,0.9095982313156128,0.9552311301231384
SB88086_component_1002a,187.910819,-30.248059,12.628999710083008,60.71634292602539,187.91075134277344,-30.2480525970459,11.280165672302246,1.0660918951034546,1.1195757389068604
SB88086_component_1003a,188.944774,-28.773696,13.270000457763672,58.71681594848633,188.9447784423828,-28.773731231689453,12.348104476928711,1.0233207941055298,1.0746588706970215
SB88086_component_1006a,192.078965,-31.816939,13.793000221252441,76.62777709960938,192.0789794921875,-31.817012786865234,12.550779342651367,1.046475887298584,1.0989755392074585
SB88086_component_1009a,193.52318,-31.961053,12.767999649047852,65.47692108154297,193.52325439453125,-31.96101951599121,11.391441345214844,1.067297101020813,1.1208415031433105
SB88086_component_1010a,186.596982,-32.769778,12.807000160217285,30.86024284362793,186.5970001220703,-32.76973342895508,11.744857788085938,1.0383429527282715,1.0904346704483032
SB88086_component_1013a,189.585537,-34.479725,13.062000274658203,54.882354736328125,189.5855255126953,-34.47977066040039,11.899833679199219,1.0452253818511963,1.0976624488830566
SB88086_component_1014a,187.226282,-32.181882,12.767000198364258,52.97510528564453,187.22622680664062,-32.18181610107422,11.269590377807617,1.0787527561187744,1.1328717470169067
SB88086_component_1015a,186.708395,-28.899778,12.137999534606934,26.97333335876465,186.70828247070312,-28.89971160888672,13.26035213470459,0.8716320991516113,0.9153602719306946
SB88086_component_1018a,189.949137,-32.05775,12.91100025177002,64.87939453125,189.94921875,-32.057804107666016,16.933637619018555,0.7260236740112305,0.762446939945221
SB88086_component_1019a,193.850898,-30.687635,12.942999839782715,48.11524200439453,193.85093688964844,-30.687606811523438,8.030139923095703,1.534804344177246,1.611802577972412
SB88086_component_1022a,192.132198,-30.544315,12.24899959564209,59.751216888427734,192.13229370117188,-30.54431915283203,11.866360664367676,0.982933759689331,1.0322456359863281
SB88086_component_1026a,187.205751,-29.627354,12.612000465393066,43.48965835571289,187.2058868408203,-29.62738800048828,11.99954891204834,1.000829815864563,1.0510395765304565
SB88086_component_1028a,190.748693,-32.466409,12.557000160217285,60.661834716796875,190.7487030029297,-32.46638107299805,11.611347198486328,1.0297800302505493,1.08144211769104
SB88086_component_1030a,189.447018,-27.730759,13.5600004196167,29.73684310913086,189.4469451904297,-27.73077392578125,12.545491218566895,1.0292317867279053,1.0808664560317993
SB88086_component_1033a,194.363429,-28.142373,11.631999969482422,14.855683326721191,194.36318969726562,-28.142303466796875,12.662969589233398,0.874701738357544,0.918583869934082
SB88086_component_1035a,187.713875,-31.328402,12.145999908447266,44.00724792480469,187.71388244628906,-31.328458786010742,11.802597045898438,0.97993403673172,1.0290955305099487
SB88086_component_1037a,192.506175,-33.795116,12.401000022888184,51.4564323425293,192.5062713623047,-33.795101165771484,11.47204875946045,1.029335379600525,1.0809751749038696
SB88086_component_1038a,191.077288,-28.611995,12.354000091552734,50.63114547729492,191.07723999023438,-28.612001419067383,11.29589557647705,1.0414252281188965,1.0936715602874756
SB88086_component_1039a,192.04166,-28.504153,12.288999557495117,46.02621841430664,192.04165649414062,-28.5041446685791,12.285340309143066,0.9525121450424194,1.0002979040145874
SB88086_component_1040a,189.760859,-29.057284,12.545999526977539,61.802955627441406,189.76095581054688,-29.057275772094727,12.310349464416504,0.9704564809799194,1.0191423892974854
SB88086_component_1043a,189.417262,-31.38005,12.251999855041504,63.48186492919922,189.41725158691406,-31.380037307739258,12.644146919250488,0.9226959943771362,0.9689858555793762
SB88086_component_1048a,189.690693,-30.661332,12.177000045776367,64.42857360839844,189.69070434570312,-30.661319732666016,13.408428192138672,0.8647759556770325,0.9081601500511169
SB88086_component_1049a,192.10105,-35.123631,13.875,23.63713836669922,192.10101318359375,-35.123626708984375,12.737195014953613,1.0372904539108276,1.0893293619155884
SB88086_component_1056a,192.83047,-34.253125,11.847999572753906,44.709434509277344,192.83045959472656,-34.2531623840332,11.282155990600586,0.9999864101409912,1.0501538515090942
SB88086_component_1058a,191.333595,-35.299149,12.800000190734863,17.58241844177246,191.3338165283203,-35.29899215698242,12.073493003845215,1.0095276832580566,1.060173749923706
SB88086_component_1061a,190.853066,-31.823823,12.449999809265137,64.84375,190.85301208496094,-31.823850631713867,8.3729829788208,1.4158926010131836,1.4869252443313599
SB88086_component_1062a,193.878631,-27.766516,10.92300033569336,14.701211929321289,193.87838745117188,-27.766374588012695,10.91156005859375,0.9532268047332764,1.0010484457015991
SB88086_component_1069a,194.012627,-31.807002,11.682999610900879,49.92734909057617,194.0126953125,-31.806970596313477,11.924562454223633,0.9329386353492737,0.9797424077987671
SB88086_component_1071a,187.934298,-33.89817,11.614999771118164,48.802520751953125,187.934326171875,-33.8981819152832,11.534236907958984,0.9588959813117981,1.0070019960403442
SB88086_component_1072a,189.3956,-34.879451,12.529999732971191,31.32499885559082,189.39566040039062,-34.87936782836914,12.005524635314941,0.9938276410102844,1.0436861515045166
SB88086_component_1074a,190.456997,-28.092554,11.598999977111816,44.957366943359375,190.45703125,-28.092626571655273,8.974255561828613,1.23073148727417,1.2924748659133911
SB88086_component_1075a,187.049223,-34.217261,11.4350004196167,32.03081512451172,187.04917907714844,-34.217193603515625,11.269287109375,0.9662308692932129,1.0147048234939575
SB88086_component_1077a,187.231374,-28.432191,11.71500015258789,32.18406677246094,187.2313690185547,-28.43225860595703,11.841198921203613,0.942080020904541,0.9893423914909363
SB88086_component_1078a,187.318567,-32.603486,10.99899959564209,48.03056716918945,187.31861877441406,-32.603546142578125,11.074760437011719,0.9457144141197205,0.9931591153144836
SB88086_component_1079a,186.744302,-32.618747,11.571999549865723,34.85542297363281,186.74427795410156,-32.61884689331055,11.54152774810791,0.9547425508499146,1.0026402473449707
SB88086_component_1080a,189.873838,-29.537683,12.111000061035156,67.28333282470703,189.87379455566406,-29.53766441345215,11.452571868896484,1.0069737434387207,1.0574917793273926
SB88086_component_1084a,191.798295,-28.287226,11.972000122070312,46.22393798828125,191.79832458496094,-28.28736114501953,12.284069061279297,0.928037703037262,0.9745956659317017
SB88086_component_1085a,191.8063,-33.389596,11.229000091552734,45.646339416503906,191.8063201904297,-33.3896369934082,12.19655990600586,0.8766877055168152,0.920669436454773
SB88086_component_1086a,187.181314,-28.512592,12.190999984741211,35.64619827270508,187.181396484375,-28.512603759765625,11.655991554260254,0.9959356784820557,1.0458998680114746
SB88086_component_1090a,187.075054,-30.214278,12.777999877929688,44.062068939208984,187.07501220703125,-30.21419906616211,11.506193161010742,1.0574805736541748,1.1105324029922485
SB88086_component_1091a,189.970823,-33.501425,12.305999755859375,52.3659553527832,189.9708251953125,-33.50126266479492,11.282309532165527,1.038628101348877,1.0907341241836548
SB88086_component_1092a,187.652237,-32.81735,11.862000465393066,49.63180160522461,187.65225219726562,-32.817386627197266,11.21475887298584,1.0071848630905151,1.0577133893966675
SB88086_component_1096a,194.682155,-28.92866,11.041999816894531,15.75178337097168,194.68211364746094,-28.928699493408203,11.327768325805664,0.9282063841819763,0.9747727513313293
SB88086_component_1097a,194.759883,-31.217972,11.847000122070312,26.622472763061523,194.7598114013672,-31.217954635620117,10.4849271774292,1.0759302377700806,1.1299077272415161
SB88086_component_1099a,186.292521,-29.646748,10.543999671936035,11.386609077453613,186.29249572753906,-29.646804809570312,11.72199821472168,0.8565345406532288,0.8995053172111511
SB88086_component_1106a,190.990127,-32.08021,12.559000015258789,65.07254028320312,190.99008178710938,-32.08023452758789,11.817132949829102,1.0120084285736084,1.0627789497375488
SB88086_component_1107a,194.046382,-29.166464,10.869000434875488,33.65015411376953,194.04629516601562,-29.166446685791016,10.595818519592285,0.9767788648605347,1.0257821083068848
SB88086_component_1109a,191.403097,-29.200611,11.14799976348877,53.3397102355957,191.40318298339844,-29.2005558013916,8.433690071105957,1.2586948871612549,1.3218412399291992
SB88086_component_1114a,187.750906,-33.967283,12.081000328063965,49.310203552246094,187.75086975097656,-33.96726989746094,10.64931869506836,1.080245018005371,1.1344387531280518
SB88086_component_1115a,191.087532,-28.31696,11.005000114440918,42.98828125,191.08746337890625,-28.317014694213867,11.073393821716309,0.9463471174240112,0.9938235878944397
SB88086_component_1118a,189.989379,-27.706566,11.465999603271484,23.937368392944336,189.98951721191406,-27.706619262695312,11.268558502197266,0.9689128398895264,1.0175213813781738
SB88086_component_1120a,193.991832,-30.671956,11.133000373840332,42.81923294067383,193.9918670654297,-30.6719913482666,10.431829452514648,1.0162321329116821,1.0672146081924438
SB88086_component_1124a,195.139603,-31.385343,10.616999626159668,12.520047187805176,195.13943481445312,-31.385286331176758,9.677324295043945,1.0446906089782715,1.0971007347106934
SB88086_component_1125a,189.212209,-33.686887,11.41100025177002,54.598087310791016,189.21214294433594,-33.68689727783203,10.21848201751709,1.063355565071106,1.1167020797729492
SB88086_component_1128a,187.674606,-30.847429,11.772000312805176,59.45454788208008,187.6744842529297,-30.847501754760742,10.420631408691406,1.07571542263031,1.1296820640563965
SB88086_component_1129a,189.103762,-28.335467,12.074000358581543,43.90545654296875,189.1038818359375,-28.33543586730957,11.827777862548828,0.9720513224601746,1.0208172798156738
SB88086_component_1132a,187.630953,-29.93731,12.12399959564209,53.64601516723633,187.631103515625,-29.93732261657715,11.149333000183105,1.0354715585708618,1.0874192714691162
SB88086_component_1133a,191.979186,-27.95554,11.562999725341797,32.03047180175781,191.97906494140625,-27.955642700195312,11.86589241027832,0.9279215931892395,0.9744736552238464
SB88086_component_1134a,186.902169,-31.729676,12.491999626159668,44.29787063598633,186.90216064453125,-31.729745864868164,12.312509536743164,0.9661099314689636,1.014577865600586
SB88086_component_1137a,192.028926,-29.734336,10.866000175476074,47.03895950317383,192.02886962890625,-29.73426055908203,10.14296817779541,1.0201071500778198,1.0712840557098389
SB88086_component_1138a,192.949913,-30.64525,11.418999671936035,54.8990364074707,192.94996643066406,-30.64525032043457,9.811262130737305,1.1082669496536255,1.1638665199279785
SB88086_component_1139a,186.685769,-29.349187,11.38700008392334,29.272493362426758,186.68588256835938,-29.349245071411133,12.556437492370605,0.8635432124137878,0.9068655371665955
SB88086_component_1143a,188.115147,-29.340354,11.342000007629395,53.0,188.11526489257812,-29.34023094177246,10.370424270629883,1.0414401292800903,1.0936871767044067
SB88086_component_1145a,190.866532,-28.076033,11.50100040435791,33.33623504638672,190.86630249023438,-28.076032638549805,11.46971607208252,0.954825758934021,1.0027275085449219
SB88086_component_1148a,188.200461,-31.325285,10.480999946594238,49.43867874145508,188.20042419433594,-31.32529640197754,10.394030570983887,0.9601960182189941,1.0083673000335693
SB88086_component_1149a,190.262826,-32.996,11.034000396728516,52.04717254638672,190.26283264160156,-32.99602127075195,10.027647018432617,1.0477921962738037,1.1003578901290894
SB88086_component_1150a,188.126514,-34.74486,10.741000175476074,24.1370792388916,188.1265106201172,-34.74468231201172,10.193754196166992,1.0033483505249023,1.0536844730377197
SB88086_component_1151a,189.268528,-35.165035,11.656000137329102,19.924787521362305,189.26841735839844,-35.16495132446289,10.70151138305664,1.0371595621109009,1.0891919136047363
SB88086_component_1152a,191.503525,-31.180544,11.248000144958496,63.191009521484375,191.5034942626953,-31.18060302734375,11.97629165649414,0.894322395324707,0.9391888976097107
SB88086_component_1155a,189.35955,-29.936498,11.074000358581543,58.28421401977539,189.3594970703125,-29.936540603637695,10.594769477844238,0.9953004121780396,1.0452327728271484
SB88086_component_1157a,194.197046,-28.20519,11.517000198364258,18.023473739624023,194.19680786132812,-28.205413818359375,10.78777027130127,1.016597032546997,1.0675978660583496
SB88086_component_1159a,192.895147,-29.978602,11.274999618530273,47.978721618652344,192.89501953125,-29.978668212890625,10.468950271606445,1.0255446434020996,1.0769942998886108
SB88086_component_1161a,189.166911,-30.603522,10.982999801635742,57.203125,189.1669921875,-30.603511810302734,10.510110855102539,0.9950727820396423,1.0449937582015991
SB88086_component_1163a,191.762326,-30.545156,10.42199993133545,56.95082092285156,191.7622833251953,-30.545089721679688,9.95116901397705,0.9972823858261108,1.047314167022705
SB88086_component_1165a,188.108628,-33.347844,11.060999870300293,51.20833206176758,188.10867309570312,-33.34782409667969,9.069707870483398,1.1612942218780518,1.2195541858673096
SB88086_component_1167a,191.291327,-29.394191,10.57699966430664,46.390350341796875,191.29136657714844,-29.394237518310547,10.19173812866211,0.9882240295410156,1.0378013849258423
SB88086_component_1170a,190.474845,-31.914588,11.4350004196167,57.46231460571289,190.47482299804688,-31.914567947387695,10.353777885437012,1.0516676902770996,1.1044278144836426
SB88086_component_1172a,192.147885,-29.334256,11.001999855041504,43.832672119140625,192.14797973632812,-29.33432960510254,10.776571273803711,0.9721476435661316,1.020918369293213
SB88086_component_1174a,188.167484,-33.107906,9.993000030517578,44.61160659790039,188.16748046875,-33.10797119140625,10.102656364440918,0.9418928027153015,0.989145815372467
SB88086_component_1177a,195.333866,-30.512409,10.26099967956543,24.96593475341797,195.33348083496094,-30.51274299621582,9.00228214263916,1.0853710174560547,1.139822006225586
SB88086_component_1179a,189.207458,-29.36002,10.47599983215332,53.17766571044922,189.2074737548828,-29.360092163085938,8.963525772094727,1.1129041910171509,1.168736457824707
SB88086_component_1183a,186.253592,-29.227253,10.243000030517578,13.302597999572754,186.25411987304688,-29.227392196655273,9.68793773651123,1.0067856311798096,1.0572941303253174
SB88086_component_1185a,191.327538,-28.188247,10.496000289916992,39.01858901977539,191.32766723632812,-28.188335418701172,6.168308258056641,1.620313048362732,1.7016011476516724
SB88086_component_1186a,189.72004,-29.708333,10.569000244140625,52.321781158447266,189.72007751464844,-29.708322525024414,9.35417652130127,1.0758941173553467,1.1298696994781494
SB88086_component_1187a,186.650498,-32.867214,10.543000221252441,26.0320987701416,186.65052795410156,-32.86723709106445,9.595898628234863,1.046212077140808,1.098698616027832
SB88086_component_1189a,190.428468,-27.34529,11.107000350952148,11.994601249694824,190.42913818359375,-27.345516204833984,10.731321334838867,0.9855638146400452,1.0350077152252197
SB88086_component_1191a,189.061823,-31.286129,10.722999572753906,55.273193359375,189.06192016601562,-31.28609275817871,9.832027435302734,1.0385187864303589,1.0906193256378174
SB88086_component_1194a,194.97018,-29.686105,11.114999771118164,12.645051002502441,194.97012329101562,-29.686229705810547,10.258743286132812,1.0317071676254272,1.0834660530090332
SB88086_component_1195a,187.527125,-30.495236,10.251999855041504,47.46295928955078,187.527099609375,-30.49519920349121,9.65331745147705,1.0112839937210083,1.0620182752609253
SB88086_component_1197a,188.343584,-30.542686,10.178000450134277,49.89215850830078,188.34359741210938,-30.542667388916016,9.702223777770996,0.9989237785339355,1.0490379333496094
SB88086_component_1201a,191.40516,-30.19612,10.071999549865723,55.64640808105469,191.40512084960938,-30.196001052856445,10.06375503540039,0.9530085325241089,1.000819206237793
SB88086_component_1205a,187.766814,-30.670548,10.312999725341797,47.30733871459961,187.7667236328125,-30.670576095581055,9.164985656738281,1.0715054273605347,1.125260829925537
SB88086_component_1206a,192.034381,-34.223989,10.03600025177002,41.13114929199219,192.03424072265625,-34.22404861450195,10.812304496765137,0.883860170841217,0.9282017946243286
SB88086_component_1207a,193.862265,-32.688837,10.008999824523926,39.40550994873047,193.86219787597656,-32.688838958740234,9.876876831054688,0.9649664163589478,1.0133769512176514
SB88086_component_1208a,190.187266,-34.517966,10.324000358581543,41.29600143432617,190.18731689453125,-34.517913818359375,10.669258117675781,0.921414315700531,0.9676399230957031
SB88086_component_1209a,188.6208,-31.429054,11.208000183105469,53.626792907714844,188.6207733154297,-31.42915153503418,9.768692970275879,1.0925287008285522,1.1473387479782104
SB88086_component_1213a,189.014974,-31.773141,10.152999877929688,57.03932571411133,189.0149688720703,-31.773134231567383,9.694902420043945,0.9972226023674011,1.0472513437271118
SB88086_component_1215a,192.098034,-32.27331,10.402000427246094,58.111732482910156,192.09811401367188,-32.27337646484375,9.521553039550781,1.0402799844741821,1.0924688577651978
SB88086_component_1224a,189.586212,-27.928944,9.64900016784668,28.296188354492188,189.5862274169922,-27.92898941040039,11.144508361816406,0.8244466781616211,0.8658075928688049
SB88086_component_1226a,192.0793,-32.644478,10.085000038146973,56.65730285644531,192.07928466796875,-32.64447784423828,9.222257614135742,1.0413094758987427,1.0935499668121338
SB88086_component_1228a,189.04047,-33.869796,11.039999961853027,51.11111068725586,189.0404052734375,-33.86974334716797,9.8207368850708,1.0704494714736938,1.1241519451141357
SB88086_component_1232a,190.692872,-33.924937,9.557000160217285,46.16908264160156,190.69287109375,-33.924800872802734,9.073395729064941,1.002981424331665,1.0532991886138916
SB88086_component_1233a,194.246355,-32.992785,9.4399995803833,27.846607208251953,194.24644470214844,-32.99272537231445,9.518255233764648,0.9443995952606201,0.9917783737182617
SB88086_component_1234a,189.855955,-27.407215,9.729000091552734,13.550139427185059,189.85598754882812,-27.407344818115234,11.030208587646484,0.8398962616920471,0.8820322751998901
SB88086_component_1238a,190.270847,-31.395985,10.352999687194824,59.15999984741211,190.2707977294922,-31.395952224731445,10.407110214233398,0.9472774863243103,0.9948006272315979
SB88086_component_1239a,187.053915,-29.570382,9.569999694824219,31.480262756347656,187.0538787841797,-29.57052230834961,9.658926010131836,0.9434615969657898,0.9907933473587036
SB88086_component_1240a,187.377019,-30.480857,9.550000190734863,44.62616729736328,187.3769989013672,-30.48088264465332,11.239402770996094,0.8090983629226685,0.8496893048286438
SB88086_component_1242a,191.894217,-30.695818,9.984000205993652,51.46391677856445,191.8942413330078,-30.695819854736328,9.681663513183594,0.9819644093513489,1.031227707862854
SB88086_component_1245a,194.995128,-30.210981,9.501999855041504,12.372395515441895,194.99496459960938,-30.21108055114746,10.909686088562012,0.829361617565155,0.8709691166877747
SB88086_component_1246a,194.533228,-34.333873,10.022000312805176,17.399307250976562,194.533203125,-34.333717346191406,6.974469184875488,1.368309736251831,1.4369553327560425
SB88086_component_1249a,187.129685,-32.956737,10.097999572753906,42.970211029052734,187.12973022460938,-32.95662307739258,8.135616302490234,1.1819144487380981,1.2412089109420776
SB88086_component_1251a,191.223954,-29.61084,10.82800006866455,54.68687057495117,191.22398376464844,-29.610876083374023,10.318965911865234,0.9992018938064575,1.0493299961090088
SB88086_component_1252a,186.98102,-34.91696,9.71500015258789,11.747279167175293,186.98101806640625,-34.91678237915039,8.811095237731934,1.0499149560928345,1.102587103843689
SB88086_component_1253a,191.187179,-31.21535,9.845999717712402,52.935482025146484,191.18707275390625,-31.215290069580078,9.519635200500488,0.9848740696907043,1.0342832803726196
SB88086_component_1254a,187.988477,-27.537274,10.116000175476074,11.681293487548828,187.98828125,-27.53713035583496,11.762836456298828,0.8189133405685425,0.8599966764450073
SB88086_component_1256a,187.78352,-31.729827,9.960000038146973,48.11594009399414,187.7833709716797,-31.729928970336914,8.69715690612793,1.0904937982559204,1.1452018022537231
SB88086_component_1267a,188.210494,-32.814956,9.303999900817871,39.423728942871094,188.21051025390625,-32.8149299621582,9.027728080749512,0.9813691973686218,1.0306025743484497
SB88086_component_1269a,191.391388,-28.212826,10.166000366210938,35.42160415649414,191.39138793945312,-28.212757110595703,9.552251815795898,1.0134108066558838,1.0642516613006592
SB88086_component_1272a,186.384875,-30.071314,9.612000465393066,18.033771514892578,186.385009765625,-30.071353912353516,11.902362823486328,0.7689918875694275,0.80757075548172
SB88086_component_1280a,189.690733,-30.054842,9.607999801635742,50.83597946166992,189.6907196044922,-30.05486488342285,9.16976261138916,0.9977369904518127,1.047791600227356
SB88086_component_1283a,193.809135,-29.139089,9.857000350952148,28.73760986328125,193.80911254882812,-29.138954162597656,8.488578796386719,1.1057348251342773,1.1612074375152588
SB88086_component_1288a,194.58074,-31.376701,9.572999954223633,26.37190055847168,194.58078002929688,-31.376678466796875,9.377365112304688,0.9720942974090576,1.0208624601364136
SB88086_component_1289a,193.879035,-29.657599,9.232000350952148,30.569538116455078,193.8791961669922,-29.657583236694336,9.39244270324707,0.9359624981880188,0.9829179048538208
SB88086_component_1293a,187.411329,-30.753808,9.043999671936035,44.33333206176758,187.41134643554688,-30.753732681274414,8.909520149230957,0.9666013717651367,1.0150939226150513
SB88086_component_1296a,189.418663,-34.769521,9.571999549865723,26.96337890625,189.41880798339844,-34.76968002319336,8.985554695129395,1.014375925064087,1.0652652978897095
SB88086_component_1297a,188.100384,-30.257007,9.631999969482422,42.619468688964844,188.10037231445312,-30.257007598876953,8.879175186157227,1.0329636335372925,1.0847854614257812
SB88086_component_1301a,186.980391,-29.125504,9.444000244140625,29.420560836791992,186.9801483154297,-29.12554168701172,8.367162704467773,1.074778437614441,1.1286981105804443
SB88086_component_1303a,187.945598,-33.623974,8.782999992370605,41.2347412109375,187.94566345214844,-33.62401580810547,8.694742202758789,0.9618942737579346,1.010150671005249
SB88086_component_1306a,188.000858,-33.730488,9.21399974822998,38.074378967285156,188.00088500976562,-33.73043441772461,8.973369598388672,0.9777634739875793,1.0268160104751587
SB88086_component_1315a,194.106393,-34.8323,9.85200023651123,14.257597923278809,194.10671997070312,-34.832157135009766,9.384214401245117,0.999695360660553,1.049848198890686
SB88086_component_1316a,187.58487,-31.502532,9.746999740600586,47.31553268432617,187.5846710205078,-31.502479553222656,9.138246536254883,1.0156621932983398,1.0666159391403198
SB88086_component_1317a,194.642773,-31.627375,9.725000381469727,25.129199981689453,194.6427459716797,-31.627485275268555,8.959352493286133,1.0336039066314697,1.0854579210281372
SB88086_component_1318a,188.613099,-28.341336,9.123000144958496,36.638553619384766,188.6131134033203,-28.34133529663086,9.106256484985352,0.9539793729782104,1.0018386840820312
SB88086_component_1320a,189.666613,-27.681569,9.053999900817871,19.3875789642334,189.66648864746094,-27.681303024291992,8.20987319946289,1.0501351356506348,1.102818489074707
SB88086_component_1321a,191.882923,-34.257477,9.026000022888184,35.535430908203125,191.8828887939453,-34.25749206542969,8.403703689575195,1.0227411985397339,1.0740501880645752
SB88086_component_1323a,194.257152,-31.693212,8.472999572753906,32.463600158691406,194.25711059570312,-31.693313598632812,8.249464988708496,0.9780308604240417,1.0270968675613403
SB88086_component_1325a,192.266154,-30.508021,9.267000198364258,43.91943359375,192.26620483398438,-30.508045196533203,9.34848403930664,0.943928599357605,0.9912837147712708
SB88086_component_1328a,187.305302,-31.197778,8.902999877929688,40.10360336303711,187.30531311035156,-31.19776153564453,8.2657470703125,1.0256412029266357,1.077095627784729
SB88086_component_1329a,187.460154,-28.858223,9.253999710083008,34.78947067260742,187.4602813720703,-28.8582706451416,9.071370124816895,0.9713992476463318,1.0201325416564941
SB88086_component_1331a,189.412457,-29.690991,8.918999671936035,42.67463684082031,189.41241455078125,-29.690988540649414,8.524941444396973,0.996244490146637,1.0462241172790527
SB88086_component_1332a,189.331608,-29.032899,9.074000358581543,43.20952606201172,189.33155822753906,-29.03293228149414,8.174229621887207,1.0570441484451294,1.1100740432739258
SB88086_component_1334a,189.783948,-33.392106,9.399999618530273,44.761905670166016,189.78396606445312,-33.39205551147461,8.9013090133667,1.005576491355896,1.056024432182312
SB88086_component_1339a,186.004897,-31.919986,9.71500015258789,13.530640602111816,186.0043487548828,-31.919885635375977,8.402016639709473,1.1010332107543945,1.1562700271606445
SB88086_component_1342a,186.797883,-29.851177,9.706000328063965,26.738292694091797,186.79794311523438,-29.851205825805664,10.344649314880371,0.8934406638145447,0.9382628798484802
SB88086_component_1344a,192.294062,-30.265119,8.972999572753906,44.641788482666016,192.29415893554688,-30.265047073364258,9.200382232666016,0.9286946654319763,0.975285530090332
SB88086_component_1347a,186.717469,-31.996483,9.182000160217285,29.335464477539062,186.7173614501953,-31.99651527404785,8.993376731872559,0.9722001552581787,1.020973563194275
SB88086_component_1348a,186.386129,-29.419957,9.079999923706055,14.598071098327637,186.38592529296875,-29.41988182067871,10.353599548339844,0.8350945711135864,0.8769896626472473
SB88086_component_1349a,192.95709,-28.668299,8.758999824523926,33.68846130371094,192.95706176757812,-28.668209075927734,10.827340126037598,0.7703248858451843,0.80897057056427
SB88086_component_1350a,192.379019,-28.936651,8.765000343322754,36.36929702758789,192.37890625,-28.936582565307617,10.1477689743042,0.8224747180938721,0.8637366890907288
SB88086_component_1353a,191.236803,-29.832216,8.892000198364258,45.367347717285156,191.2367401123047,-29.83220100402832,9.873510360717773,0.8575689196586609,0.9005915522575378
SB88086_component_1355a,189.629812,-33.855532,9.04699993133545,42.07906723022461,189.62991333007812,-33.855648040771484,7.111320972442627,1.211422085762024,1.2721967697143555
SB88086_component_1356a,187.646417,-32.741499,8.795999526977539,39.621620178222656,187.6464080810547,-32.741458892822266,8.31531047821045,1.0072746276855469,1.0578076839447021
SB88086_component_1360a,190.272544,-32.498795,8.390999794006348,42.378787994384766,190.27256774902344,-32.49885559082031,7.890651226043701,1.012609601020813,1.0634102821350098
SB88086_component_1362a,188.360715,-30.189355,8.336000442504883,41.26732635498047,188.36074829101562,-30.189374923706055,7.662402629852295,1.0359383821487427,1.087909460067749
SB88086_component_1363a,193.806378,-33.717422,9.13700008392334,31.078231811523438,193.80642700195312,-33.7173957824707,8.230097770690918,1.0571577548980713,1.1101933717727661
SB88086_component_1370a,188.66056,-32.964775,8.954000473022461,42.2358512878418,188.66058349609375,-32.96483612060547,9.15414810180664,0.9314088225364685,0.978135883808136
SB88086_component_1372a,192.548994,-30.421335,8.196999549865723,40.379310607910156,192.54901123046875,-30.421327590942383,8.059684753417969,0.9684518575668335,1.017037272453308
SB88086_component_1378a,185.670507,-32.805017,8.543000221252441,19.284425735473633,185.670166015625,-32.80458068847656,9.727503776550293,0.8362770676612854,0.8782315254211426
SB88086_component_1379a,187.646933,-29.277241,8.805999755859375,36.388427734375,187.64688110351562,-29.277179718017578,8.260210037231445,1.0151466131210327,1.0660746097564697
SB88086_component_1382a,187.715656,-33.820976,8.78600025177002,34.05426788330078,187.7157440185547,-33.82101821899414,7.507567405700684,1.114379644393921,1.170285940170288
SB88086_component_1384a,189.921049,-29.934564,8.779000282287598,47.972679138183594,189.9210662841797,-29.93450355529785,8.425650596618652,0.9921624660491943,1.0419373512268066
SB88086_component_1390a,190.290667,-34.697226,8.130000114440918,29.244604110717773,190.29100036621094,-34.697227478027344,8.276285171508789,0.9353976249694824,0.9823247790336609
SB88086_component_1391a,193.525534,-31.14126,7.982999801635742,31.678569793701172,193.52542114257812,-31.14116096496582,7.744966983795166,0.9814941883087158,1.0307338237762451
SB88086_component_1393a,187.750464,-30.03555,8.49899959564209,39.165897369384766,187.75057983398438,-30.035499572753906,7.956618309020996,1.0171393156051636,1.0681673288345337
SB88086_component_1396a,186.458104,-33.396323,8.930999755859375,22.051851272583008,186.4580535888672,-33.39643478393555,8.91812801361084,0.9536028504371643,1.0014432668685913
SB88086_component_1397a,193.046021,-33.500258,8.222999572753906,33.83950424194336,193.04588317871094,-33.50031661987305,8.161709785461426,0.959379255771637,1.007509469985962
SB88086_component_1398a,187.451781,-34.333489,8.13599967956543,25.345792770385742,187.45167541503906,-34.33351516723633,10.392157554626465,0.7454978227615356,0.7828980088233948
SB88086_component_1401a,190.205911,-32.830917,8.930999755859375,43.99507522583008,190.20584106445312,-32.830989837646484,7.626359462738037,1.1151260137557983,1.171069860458374
SB88086_component_1404a,189.368033,-29.140124,8.630999565124512,39.95833206176758,189.36814880371094,-29.140108108520508,7.75492000579834,1.059802532196045,1.1129708290100098
SB88086_component_1405a,189.232046,-27.372894,9.416999816894531,10.440133094787598,189.23178100585938,-27.372787475585938,9.332130432128906,0.9608883261680603,1.0090943574905396
SB88086_component_1410a,190.610295,-29.435832,8.12399959564209,45.38547134399414,190.6102752685547,-29.435863494873047,7.8673996925354,0.9832859635353088,1.0326155424118042
SB88086_component_1412a,193.316875,-35.161314,8.880000114440918,10.16018295288086,193.317138671875,-35.161312103271484,8.478431701660156,0.9973293542861938,1.047363519668579
SB88086_component_1421a,189.059372,-33.297413,8.079999923706055,35.75221252441406,189.05929565429688,-33.29741287231445,7.80811882019043,0.9853853583335876,1.034820318222046
SB88086_component_1427a,187.399825,-28.78181,8.135000228881836,28.444055557250977,187.3999481201172,-28.781831741333008,7.419246673583984,1.0440924167633057,1.0964725017547607
SB88086_component_1431a,191.852756,-35.200933,7.175000190734863,10.954198837280273,191.8525390625,-35.200984954833984,7.692432403564453,0.8881767392158508,0.9327349066734314
SB88086_component_1438a,189.635544,-31.610582,8.222000122070312,45.4254150390625,189.63555908203125,-31.610578536987305,7.354340553283691,1.064571738243103,1.1179792881011963
SB88086_component_1440a,189.460586,-31.605846,8.689000129699707,45.97354507446289,189.46060180664062,-31.605857849121094,13.601712226867676,0.6082994341850281,0.6388166546821594
SB88086_component_1442a,189.54244,-33.925204,8.397000312805176,39.79621124267578,189.5425567626953,-33.92525100708008,7.876753807067871,1.015121579170227,1.0660483837127686
SB88086_component_1443a,188.369981,-31.088857,7.742000102996826,38.90452194213867,188.36990356445312,-31.08887481689453,7.027935028076172,1.048978567123413,1.1016038656234741
SB88086_component_1446a,186.632579,-30.560722,8.062000274658203,24.137725830078125,186.63230895996094,-30.560882568359375,8.128381729125977,0.9444519877433777,0.9918333888053894
SB88086_component_1448a,192.039266,-33.400503,7.38700008392334,23.60063934326172,192.03953552246094,-33.40038299560547,7.720449447631836,0.9111013412475586,0.9568095803260803
SB88086_component_1450a,192.980709,-34.193498,7.665999889373779,28.928302764892578,192.98077392578125,-34.19336700439453,7.497966766357422,0.9735684394836426,1.02241051197052
SB88086_component_1451a,188.486026,-34.638966,8.149999618530273,18.480724334716797,188.48619079589844,-34.63911819458008,8.795185089111328,0.8823761940002441,0.9266433119773865
SB88086_component_1453a,190.234402,-29.538456,7.9039998054504395,42.26737594604492,190.23434448242188,-29.538427352905273,7.827829360961914,0.9614943265914917,1.0097306966781616
SB88086_component_1455a,187.729801,-33.325829,8.850000381469727,38.986785888671875,187.73007202148438,-33.32587432861328,7.923016548156738,1.0636380910873413,1.1169987916946411
SB88086_component_1459a,191.152777,-30.062417,8.550999641418457,45.973114013671875,191.1528778076172,-30.06239128112793,9.890655517578125,0.8232523202896118,0.8645533919334412
SB88086_component_1460a,191.251096,-34.929075,7.869999885559082,15.7715425491333,191.25103759765625,-34.92910385131836,7.1120076179504395,1.0537161827087402,1.1065791845321655
SB88086_component_1463a,188.239371,-30.616723,7.954999923706055,41.21761703491211,188.23922729492188,-30.61666488647461,5.9592084884643555,1.2711381912231445,1.3349088430404663
SB88086_component_1464a,191.068564,-34.284697,7.956999778747559,30.72200584411621,191.068603515625,-34.284698486328125,8.419078826904297,0.8999657034873962,0.9451152682304382
SB88086_component_1468a,187.176089,-34.595371,8.531000137329102,17.164989471435547,187.17608642578125,-34.59522247314453,8.40025520324707,0.9670493602752686,1.0155644416809082
SB88086_component_1470a,186.435674,-32.455103,8.49899959564209,20.985183715820312,186.4358673095703,-32.4549446105957,8.649310111999512,0.9356803297996521,0.9826216697692871
SB88086_component_1471a,191.34291,-33.820621,7.909999847412109,28.868614196777344,191.34303283691406,-33.82054138183594,8.459527969360352,0.8903720378875732,0.9350403547286987
SB88086_component_1472a,194.536117,-31.410782,7.663000106811523,20.654987335205078,194.53611755371094,-31.410762786865234,7.891502380371094,0.9246562719345093,0.9710445404052734
SB88086_component_1473a,193.707713,-32.923051,9.045000076293945,36.918365478515625,193.70779418945312,-32.92301559448242,8.368935585021973,1.0291519165039062,1.0807826519012451
SB88086_component_1476a,192.942108,-30.506129,8.07699966430664,37.74298858642578,192.94200134277344,-30.50614356994629,7.190752983093262,1.0695888996124268,1.1232481002807617
SB88086_component_1477a,195.01638,-32.498803,7.918000221252441,10.714479446411133,195.0162811279297,-32.498939514160156,7.433968544006348,1.0142288208007812,1.0651108026504517
SB88086_component_1478a,191.524353,-33.549995,8.168999671936035,36.632286071777344,191.52442932128906,-33.54999542236328,7.953270435333252,0.978057324886322,1.0271246433258057
SB88086_component_1479a,192.197867,-30.208275,8.119000434875488,39.995079040527344,192.1979522705078,-30.208208084106445,7.090572357177734,1.090341329574585,1.145041584968567
SB88086_component_1480a,190.444597,-35.255778,7.7769999504089355,11.487444877624512,190.44427490234375,-35.25585174560547,7.07329797744751,1.0469629764556885,1.099487066268921
SB88086_component_1481a,188.61292,-30.898736,7.675000190734863,40.18324661254883,188.6128387451172,-30.898767471313477,7.669294357299805,0.9529369473457336,1.0007439851760864
SB88086_component_1482a,190.073434,-32.115288,8.888999938964844,43.36097717285156,190.07354736328125,-32.11539840698242,7.906458377838135,1.070562720298767,1.1242707967758179
SB88086_component_1487a,188.258666,-34.310973,8.159000396728516,28.527971267700195,188.25863647460938,-34.310890197753906,8.37486743927002,0.9276841878890991,0.9742244482040405
SB88086_component_1490a,187.840973,-33.050007,7.508999824523926,33.37333297729492,187.84107971191406,-33.05015182495117,7.412532806396484,0.96462082862854,1.0130140781402588
SB88086_component_1493a,193.699039,-31.821129,8.081999778747559,40.818180084228516,193.6991424560547,-31.82111167907715,7.72530460357666,0.9961951375007629,1.0461722612380981
SB88086_component_1494a,187.16928,-32.031096,8.355999946594238,36.173160552978516,187.1692657470703,-32.03116989135742,8.017528533935547,0.9924281239509583,1.042216420173645
SB88086_component_1496a,186.840782,-34.552503,8.0649995803833,15.102995872497559,186.84078979492188,-34.5525016784668,7.191427230834961,1.0678995847702026,1.1214741468429565
SB88086_component_1498a,190.487321,-32.463906,7.474999904632568,37.375,190.48715209960938,-32.463871002197266,8.442472457885742,0.8431070446968079,0.885404109954834
SB88086_component_1499a,193.857586,-34.277358,7.797999858856201,23.20833396911621,193.8574981689453,-34.277130126953125,7.963276386260986,0.9324651956558228,0.9792451858520508
SB88086_component_1501a,189.654259,-34.637867,8.687000274658203,30.05882453918457,189.65432739257812,-34.63792419433594,7.576570987701416,1.0917880535125732,1.1465609073638916
SB88086_component_1504a,189.932124,-32.530719,8.460000038146973,43.608245849609375,189.93203735351562,-32.53071212768555,8.293556213378906,0.9713388085365295,1.0200690031051636
SB88086_component_1505a,187.637469,-30.04719,7.892000198364258,32.47736740112305,187.63748168945312,-30.047168731689453,6.958318710327148,1.080000400543213,1.134182095527649
SB88086_component_1508a,192.986826,-32.002752,7.414999961853027,39.02631759643555,192.9869384765625,-32.00278091430664,6.699492931365967,1.0539265871047974,1.1068001985549927
SB88086_component_1512a,190.040588,-34.947765,7.484000205993652,19.64304542541504,190.04055786132812,-34.9477424621582,8.08949089050293,0.8809551000595093,0.9251509308815002
SB88086_component_1514a,189.786624,-31.059461,7.651000022888184,41.80874252319336,189.78659057617188,-31.059518814086914,7.175849437713623,1.0152806043624878,1.0662152767181396
SB88086_component_1515a,188.932647,-34.425942,7.578000068664551,30.19123649597168,188.93287658691406,-34.42607879638672,7.000715255737305,1.030750036239624,1.082460880279541
SB88086_component_1516a,188.120697,-27.941209,7.269999980926514,17.434053421020508,188.12074279785156,-27.94122886657715,7.6161932945251465,0.9089450240135193,0.9545450806617737
SB88086_component_1525a,189.205091,-32.715348,7.507999897003174,40.14973068237305,189.20526123046875,-32.71533966064453,8.243764877319336,0.8672410845756531,0.9107488989830017
SB88086_component_1527a,189.027172,-33.457869,7.341000080108643,28.126436233520508,189.02728271484375,-33.45783615112305,7.596046447753906,0.9202563166618347,0.9664238095283508
SB88086_component_1528a,189.446376,-34.009515,7.745999813079834,36.19626235961914,189.44650268554688,-34.0094108581543,7.467700481414795,0.9877152442932129,1.0372670888900757
SB88086_component_1529a,190.683969,-32.79008,7.964000225067139,33.46218490600586,190.683837890625,-32.79019546508789,7.579246997833252,1.0005674362182617,1.0507640838623047
SB88086_component_1532a,190.504474,-32.70055,7.578999996185303,36.4375,190.50437927246094,-32.70045852661133,6.989990234375,1.0324678421020508,1.0842647552490234
SB88086_component_1534a,190.757881,-29.795878,7.432000160217285,35.90338134765625,190.7578125,-29.795879364013672,7.218050479888916,0.9804534316062927,1.0296409130096436
SB88086_component_1537a,193.106857,-34.943586,7.072000026702881,12.256498336791992,193.10679626464844,-34.94374465942383,7.771952152252197,0.8664695024490356,0.9099386930465698
SB88086_component_1538a,186.828874,-33.347718,7.535999774932861,26.25783920288086,186.8290557861328,-33.347740173339844,8.01611614227295,0.8951958417892456,0.9401060938835144
SB88086_component_1541a,191.885386,-30.242911,7.614999771118164,41.612022399902344,191.88543701171875,-30.242902755737305,8.22492504119873,0.8816152811050415,0.9258442521095276
SB88086_component_1542a,187.864149,-29.455219,7.6539998054504395,35.271888732910156,187.86416625976562,-29.45516586303711,7.215219974517822,1.010136365890503,1.060813069343567
SB88086_component_1545a,194.858094,-32.230073,7.38100004196167,14.304264068603516,194.85812377929688,-32.23016357421875,7.422081470489502,0.9469578862190247,0.9944649934768677
SB88086_component_1546a,191.987775,-28.749087,7.066999912261963,28.043649673461914,191.98768615722656,-28.74904441833496,7.824082851409912,0.8600878715515137,0.9032368659973145
SB88086_component_1547a,193.131558,-33.469977,7.5929999351501465,31.90336036682129,193.1316375732422,-33.470027923583984,7.848127841949463,0.9212732911109924,0.967491865158081
SB88086_component_1550a,188.494185,-28.169315,7.211999893188477,24.03999900817871,188.49429321289062,-28.169384002685547,7.520233631134033,0.913199245929718,0.9590127468109131
SB88086_component_1552a,186.289889,-32.011435,7.6519999504089355,15.212722778320312,186.2901153564453,-32.011207580566406,8.37996768951416,0.8695083856582642,0.913129985332489
SB88086_component_1555a,194.1457,-32.594955,7.809999942779541,28.297101974487305,194.14553833007812,-32.594886779785156,7.166903972625732,1.0376732349395752,1.0897313356399536
SB88086_component_1557a,187.393328,-32.79624,7.26800012588501,30.53781509399414,187.393310546875,-32.7962646484375,6.420403003692627,1.0779380798339844,1.1320161819458008
SB88086_component_1560a,190.857576,-32.421554,8.130000114440918,38.71428680419922,190.8577423095703,-32.42158508300781,7.541263580322266,1.0265676975250244,1.078068733215332
SB88086_component_1561a,193.276912,-34.676283,7.671999931335449,19.571428298950195,193.27700805664062,-34.67618942260742,6.4126105308532715,1.1392390727996826,1.1963926553726196
SB88086_component_1562a,192.505183,-30.021647,7.456999778747559,31.731914520263672,192.50506591796875,-30.021699905395508,7.01658821105957,1.0119972229003906,1.0627671480178833
SB88086_component_1564a,192.595704,-29.900156,7.355000019073486,32.25877380371094,192.59585571289062,-29.900104522705078,7.145134925842285,0.9801970720291138,1.029371738433838
SB88086_component_1565a,193.325466,-28.839656,7.293000221252441,25.679576873779297,193.3254852294922,-28.83957290649414,6.1667938232421875,1.1261285543441772,1.182624340057373
SB88086_component_1566a,191.631522,-32.014643,7.315000057220459,37.70618438720703,191.631591796875,-32.01445007324219,6.590587615966797,1.0568938255310059,1.1099162101745605
SB88086_component_1570a,193.709026,-33.92808,7.434999942779541,26.744604110717773,193.70907592773438,-33.92814636230469,6.810312747955322,1.0395731925964355,1.0917266607284546
SB88086_component_1572a,189.651716,-31.898848,7.50600004196167,42.89142990112305,189.6516571044922,-31.898927688598633,6.713520526885986,1.064631700515747,1.1180423498153687
SB88086_component_1574a,193.581408,-28.134901,7.942999839782715,18.689411163330078,193.58096313476562,-28.134986877441406,7.581686019897461,0.9976080060005188,1.0476561784744263
SB88086_component_1579a,187.882452,-28.015013,7.015999794006348,15.766291618347168,187.8824005126953,-28.0151424407959,7.895118713378906,0.8461982011795044,0.8886502981185913
SB88086_component_1580a,190.660329,-33.805808,7.53000020980835,34.38356399536133,190.6604461669922,-33.805870056152344,7.101932048797607,1.0096238851547241,1.0602748394012451
SB88086_component_1585a,187.180289,-34.812,8.067000389099121,12.703937530517578,187.18011474609375,-34.81175994873047,6.218568325042725,1.2352726459503174,1.2972439527511597
SB88086_component_1589a,190.436332,-33.419838,6.7789998054504395,33.39408874511719,190.43629455566406,-33.419803619384766,6.868525981903076,0.9398168921470642,0.9869657158851624
SB88086_component_1591a,193.804122,-30.812997,7.2170000076293945,30.45147705078125,193.80419921875,-30.812883377075195,6.810173511505127,1.0091127157211304,1.059738039970398
SB88086_component_1596a,192.640328,-31.569504,7.38700008392334,38.27461242675781,192.6402587890625,-31.56951141357422,7.033429145812988,1.0000970363616943,1.0502700805664062
SB88086_component_1598a,192.41588,-27.981625,6.834000110626221,19.98245620727539,192.41610717773438,-27.981714248657227,7.193957328796387,0.904582679271698,0.9499639272689819
SB88086_component_1599a,191.370875,-30.242487,7.1570000648498535,40.20786666870117,191.37086486816406,-30.242431640625,6.356329441070557,1.0721752643585205,1.1259642839431763
SB88086_component_1601a,191.252409,-27.680694,7.145999908447266,13.040145874023438,191.2521514892578,-27.680795669555664,6.572444438934326,1.035326361656189,1.0872666835784912
SB88086_component_1605a,193.384828,-34.994961,7.861000061035156,10.69523811340332,193.3846435546875,-34.99522018432617,4.156736373901367,1.8008041381835938,1.8911471366882324
SB88086_component_1607a,192.437427,-34.859387,6.650000095367432,15.393518447875977,192.43748474121094,-34.859432220458984,7.2816243171691895,0.8696300983428955,0.9132577776908875
SB88086_component_1609a,189.010394,-32.436758,6.949999809265137,36.57894515991211,189.01040649414062,-32.436729431152344,6.925589561462402,0.9555847644805908,1.003524661064148
SB88086_component_1613a,188.498802,-32.975512,7.050000190734863,32.04545593261719,188.4986572265625,-32.975589752197266,6.141367435455322,1.0931134223937988,1.1479527950286865
SB88086_component_1615a,186.524653,-30.088574,6.071000099182129,13.673423767089844,186.52452087402344,-30.088390350341797,7.722434997558594,0.7485954165458679,0.7861509919166565
SB88086_component_1621a,187.280538,-32.942394,7.2779998779296875,32.3466682434082,187.28042602539062,-32.942344665527344,6.968760967254639,0.9944835901260376,1.0443750619888306
SB88086_component_1622a,190.049878,-32.92173,7.573999881744385,32.78787612915039,190.04989624023438,-32.92177963256836,7.357929229736328,0.9801913499832153,1.0293656587600708
SB88086_component_1626a,190.927521,-29.476177,6.943999767303467,27.555553436279297,190.92758178710938,-29.476383209228516,3.713818311691284,1.780451774597168,1.8697737455368042
SB88086_component_1627a,190.535506,-29.109701,7.039999961853027,36.288658142089844,190.5355682373047,-29.10957908630371,6.359899520874023,1.0540556907653809,1.106935739517212
SB88086_component_1628a,192.26023,-30.095673,7.316999912261963,34.51415252685547,192.26028442382812,-30.09562873840332,6.742389678955078,1.0333807468414307,1.0852235555648804
SB88086_component_1629a,190.303689,-29.714853,6.560999870300293,33.474491119384766,190.30374145507812,-29.71470832824707,6.902366638183594,0.9051346182823181,0.9505435228347778
SB88086_component_1630a,193.056442,-30.961816,7.590000152587891,29.6484375,193.05673217773438,-30.96173095703125,6.489293575286865,1.1137443780899048,1.169618844985962
SB88086_component_1636a,192.682692,-29.744567,6.76200008392334,29.27272605895996,192.6826629638672,-29.7445011138916,6.503711223602295,0.9900453090667725,1.0397140979766846
SB88086_component_1638a,191.686626,-32.575973,7.244999885559082,37.153846740722656,191.68643188476562,-32.5759162902832,7.261070251464844,0.9501210451126099,0.9977867603302002
SB88086_component_1641a,192.479069,-30.125181,7.0229997634887695,34.09223175048828,192.47897338867188,-30.125396728515625,6.1092848777771,1.094645380973816,1.1495616436004639
SB88086_component_1646a,191.716786,-32.210875,6.451000213623047,35.25136947631836,191.71673583984375,-32.210853576660156,6.2632670402526855,0.9807702898979187,1.0299736261367798
SB88086_component_1649a,191.083823,-28.156558,6.135000228881836,20.314571380615234,191.08372497558594,-28.15658950805664,7.0878143310546875,0.8242205381393433,0.8655701279640198
SB88086_component_1656a,193.837936,-29.332292,7.354000091552734,18.85641098022461,193.83799743652344,-29.33243179321289,6.275908470153809,1.1158047914505005,1.1717826128005981
SB88086_component_1661a,189.8589,-28.619092,6.357999801635742,32.773193359375,189.8590087890625,-28.619089126586914,5.945623397827148,1.018273115158081,1.069357991218567
SB88086_component_1663a,193.05518,-34.420783,6.5960001945495605,21.555557250976562,193.0550537109375,-34.42079544067383,6.183487415313721,1.0157535076141357,1.0667120218276978
SB88086_component_1664a,187.759208,-28.061696,6.756999969482422,17.45994758605957,187.7595672607422,-28.061914443969727,7.038987159729004,0.9140815138816833,0.9599392414093018
SB88086_component_1666a,190.702703,-35.327466,7.046000003814697,10.39233112335205,190.7028350830078,-35.3273811340332,5.875402450561523,1.141947627067566,1.1992369890213013
SB88086_component_1667a,188.989704,-34.659032,6.807000160217285,22.690000534057617,188.98989868164062,-34.6590690612793,5.795292854309082,1.1184628009796143,1.1745740175247192
SB88086_component_1668a,187.308685,-33.512522,6.855000019073486,30.87837791442871,187.3087615966797,-33.5124626159668,6.2227678298950195,1.0489747524261475,1.1015998125076294
SB88086_component_1670a,192.902963,-32.32812,6.776000022888184,35.66315841674805,192.9029083251953,-32.328094482421875,6.349238395690918,1.0162322521209717,1.0672146081924438
SB88086_component_1672a,194.465105,-31.344033,7.300000190734863,23.47266960144043,194.46534729003906,-31.343948364257812,6.79069709777832,1.0236457586288452,1.0750001668930054
SB88086_component_1677a,192.042738,-33.13212,6.699999809265137,32.2115364074707,192.0425262451172,-33.132110595703125,6.209387302398682,1.0274653434753418,1.0790114402770996
SB88086_component_1678a,192.743118,-31.179151,6.543000221252441,33.38265609741211,192.74330139160156,-31.17912483215332,6.4968671798706055,0.9589900374412537,1.0071008205413818
SB88086_component_1680a,189.594709,-34.22865,6.034999847412109,27.43181800842285,189.59487915039062,-34.228546142578125,5.870287895202637,0.9789466857910156,1.0280585289001465
SB88086_component_1683a,190.297199,-32.612414,6.673999786376953,33.53768539428711,190.2970428466797,-32.61247634887695,6.1964945793151855,1.025607705116272,1.077060580253601
SB88086_component_1686a,188.330604,-33.729363,7.124000072479248,30.839826583862305,188.33067321777344,-33.72950744628906,5.937032222747803,1.142603874206543,1.1999261379241943
SB88086_component_1688a,193.490386,-30.297899,7.074999809265137,28.995901107788086,193.4903106689453,-30.297710418701172,6.432562351226807,1.0473301410675049,1.0998727083206177
SB88086_component_1689a,189.87981,-34.022666,6.495999813079834,32.64321517944336,189.88006591796875,-34.02265167236328,6.115052223205566,1.0115491151809692,1.062296748161316
SB88086_component_1690a,193.857343,-34.448902,6.830999851226807,18.61307716369629,193.8573455810547,-34.44881057739258,6.2716383934021,1.0371568202972412,1.089189052581787
SB88086_component_1693a,188.049271,-29.19028,7.164000034332275,32.416290283203125,188.0496368408203,-29.19032859802246,6.492176532745361,1.0507670640945435,1.1034820079803467
SB88086_component_1694a,189.225457,-34.927265,6.2789998054504395,14.43448257446289,189.22572326660156,-34.9272575378418,5.350844860076904,1.1174015998840332,1.173459529876709
SB88086_component_1701a,194.384139,-30.681906,6.3979997634887695,20.908496856689453,194.384033203125,-30.681943893432617,5.816638469696045,1.047401785850525,1.0999479293823242
SB88086_component_1702a,187.626581,-34.428377,6.355999946594238,20.636363983154297,187.62660217285156,-34.428279876708984,5.767996311187744,1.049301028251648,1.1019424200057983
SB88086_component_1704a,190.957751,-31.215208,6.863999843597412,36.12631607055664,190.95773315429688,-31.21512794494629,6.426268577575684,1.0170904397964478,1.0681159496307373
SB88086_component_1705a,187.622639,-29.366218,7.245999813079834,31.50434684753418,187.6224365234375,-29.366334915161133,6.536337375640869,1.0556137561798096,1.1085718870162964
SB88086_component_1706a,193.518298,-31.508299,6.466000080108643,33.32989501953125,193.518310546875,-31.50831413269043,6.1869401931762695,0.9951784610748291,1.0451046228408813
SB88086_component_1713a,193.10906,-32.113256,6.320000171661377,31.7587947845459,193.1092071533203,-32.1131591796875,6.269375801086426,0.9599176049232483,1.0080748796463013
SB88086_component_1716a,189.955071,-30.905112,6.517000198364258,36.2055549621582,189.95516967773438,-30.905292510986328,6.317562580108643,0.9822891354560852,1.0315687656402588
SB88086_component_1721a,193.00271,-31.237715,6.921000003814697,28.71784210205078,193.00265502929688,-31.237590789794922,5.9403181076049805,1.1094310283660889,1.1650891304016113
SB88086_component_1722a,189.637456,-35.195862,7.261000156402588,12.627826690673828,189.63778686523438,-35.19541549682617,6.957938194274902,0.9937040209770203,1.0435563325881958
SB88086_component_1724a,192.125158,-31.160146,6.494999885559082,32.80302810668945,192.12530517578125,-31.160127639770508,6.137077331542969,1.0077637434005737,1.0583213567733765
SB88086_component_1728a,190.573888,-33.628705,6.383999824523926,28.0,190.57374572753906,-33.62857437133789,5.8455047607421875,1.0399489402770996,1.0921212434768677
SB88086_component_1729a,193.454354,-28.699,6.059000015258789,21.639286041259766,193.45443725585938,-28.69902801513672,5.894038200378418,0.9788793325424194,1.0279879570007324
SB88086_component_1730a,188.750633,-28.781704,6.507999897003174,33.546390533447266,188.7504119873047,-28.781604766845703,5.539401054382324,1.1187316179275513,1.174856185913086
SB88086_component_1731a,191.181231,-34.109297,6.876999855041504,26.863279342651367,191.1809844970703,-34.109310150146484,5.666992664337158,1.15554678440094,1.2135183811187744
SB88086_component_1734a,188.767348,-32.854373,6.383999824523926,33.599998474121094,188.76736450195312,-32.854400634765625,7.052379608154297,0.8619823455810547,0.9052263498306274
SB88086_component_1735a,187.768256,-34.677229,6.585000038146973,15.278422355651855,187.76803588867188,-34.67719650268555,6.094644546508789,1.0288417339324951,1.0804567337036133
SB88086_component_1736a,191.233051,-33.911052,6.5,25.096525192260742,191.23291015625,-33.911041259765625,6.234980583190918,0.9927031993865967,1.0425052642822266
SB88086_component_1737a,187.625094,-31.852002,5.763999938964844,23.33603286743164,187.62498474121094,-31.852052688598633,5.571827411651611,0.9850708842277527,1.0344899892807007
SB88086_component_1740a,189.669552,-29.696613,6.26800012588501,31.97959327697754,189.66961669921875,-29.696603775024414,6.012300491333008,0.99272620677948,1.0425294637680054
SB88086_component_1744a,189.438296,-28.742513,6.6620001792907715,33.98979949951172,189.43833923339844,-28.74251365661621,6.498654842376709,0.9761629700660706,1.0251352787017822
SB88086_component_1745a,189.198188,-31.278259,6.468999862670898,32.837562561035156,189.19821166992188,-31.278337478637695,6.134362697601318,1.004173755645752,1.0545512437820435
SB88086_component_1748a,187.981106,-29.287739,6.111999988555908,31.343591690063477,187.9811248779297,-29.287796020507812,6.6134724617004395,0.8800249099731445,0.9241741299629211
SB88086_component_1751a,187.16061,-34.790624,6.625,10.255417823791504,187.1609344482422,-34.79048538208008,6.021281719207764,1.0477027893066406,1.100264072418213
SB88086_component_1752a,194.234463,-30.858219,6.315999984741211,22.637990951538086,194.23451232910156,-30.858301162719727,5.782947063446045,1.0400017499923706,1.0921766757965088
SB88086_component_1755a,188.480828,-28.399824,6.584000110626221,25.420848846435547,188.48065185546875,-28.3997802734375,6.465565204620361,0.9696712493896484,1.0183178186416626
SB88086_component_1757a,187.200971,-32.57803,6.230999946594238,24.15116310119629,187.20101928710938,-32.57804489135742,6.04641580581665,0.98129802942276,1.0305278301239014
SB88086_component_1758a,194.225906,-28.308654,5.7870001792907715,10.483695983886719,194.2258758544922,-28.30902099609375,5.174108028411865,1.065023422241211,1.1184537410736084
SB88086_component_1764a,191.926706,-34.673431,5.505000114440918,16.335311889648438,191.9268341064453,-34.67340087890625,5.604372024536133,0.935344398021698,0.9822688698768616
SB88086_component_1765a,190.050691,-27.813582,6.925000190734863,17.399497985839844,190.0509033203125,-27.813655853271484,6.486135959625244,1.016658067703247,1.0676618814468384
SB88086_component_1767a,192.717716,-28.562907,5.965000152587891,23.484251022338867,192.71778869628906,-28.56302833557129,6.159860610961914,0.9221057891845703,0.9683660864830017
SB88086_component_1768a,192.776794,-29.742109,5.98799991607666,25.480850219726562,192.77685546875,-29.742095947265625,5.9044904708862305,0.9656962752342224,1.0141433477401733
SB88086_component_1769a,187.417203,-32.619896,6.5370001792907715,30.26388931274414,187.4173126220703,-32.61983108520508,6.05694580078125,1.0276991128921509,1.0792568922042847
SB88086_component_1770a,190.874126,-28.257812,5.660999774932861,20.889297485351562,190.87411499023438,-28.257869720458984,6.045589447021484,0.891652524471283,0.9363850951194763
SB88086_component_1778a,187.303571,-31.406481,6.051000118255615,28.14418601989746,187.30352783203125,-31.406593322753906,5.697759628295898,1.0112632513046265,1.061996340751648
SB88086_component_1779a,193.301967,-29.287576,6.34499979019165,23.413284301757812,193.30213928222656,-29.287538528442383,5.797947406768799,1.0420738458633423,1.0943527221679688
SB88086_component_1781a,187.603352,-31.957591,6.383999824523926,26.936708450317383,187.60311889648438,-31.957725524902344,5.608952045440674,1.0838078260421753,1.1381804943084717
SB88086_component_1784a,191.456277,-28.171424,6.059000015258789,20.893104553222656,191.45639038085938,-28.17146873474121,6.079030990600586,0.9490907788276672,0.9967049360275269
SB88086_component_1786a,189.089757,-27.948653,6.711999893188477,19.122507095336914,189.08958435058594,-27.948823928833008,5.817196369171143,1.0987006425857544,1.1538203954696655
SB88086_component_1787a,193.010447,-33.022383,6.164999961853027,29.49760627746582,193.0106201171875,-33.022430419921875,6.633261680603027,0.8850077986717224,0.929407000541687
SB88086_component_1788a,187.549268,-30.543012,6.216000080108643,30.02898597717285,187.54913330078125,-30.543136596679688,6.241145133972168,0.9483920335769653,0.9959710836410522
SB88086_component_1793a,188.858592,-32.010771,6.716000080108643,28.100419998168945,188.8583526611328,-32.0108757019043,6.0629353523254395,1.0547971725463867,1.107714295387268
SB88086_component_1794a,192.623914,-28.59382,6.0329999923706055,24.72541046142578,192.62387084960938,-28.593753814697266,5.4430742263793945,1.0554319620132446,1.1083810329437256
SB88086_component_1799a,188.400949,-30.779322,6.052000045776367,33.436466217041016,188.4010009765625,-30.779376983642578,5.234836101531982,1.1008723974227905,1.156101107597351
SB88086_component_1802a,193.285049,-32.025443,5.910999774932861,30.626941680908203,193.2852020263672,-32.02520751953125,5.828888416290283,0.965642511844635,1.0140869617462158
SB88086_component_1807a,188.779665,-30.520741,6.35699987411499,33.63492202758789,188.77960205078125,-30.52078628540039,5.902116775512695,1.0256178379058838,1.077071189880371
SB88086_component_1808a,192.384036,-34.285117,6.176000118255615,24.507936477661133,192.38394165039062,-34.285152435302734,7.150990962982178,0.8223983645439148,0.8636565208435059
SB88086_component_1815a,188.814716,-33.329867,5.609000205993652,14.568832397460938,188.81504821777344,-33.330081939697266,5.200159549713135,1.0270934104919434,1.0786207914352417
SB88086_component_1818a,191.145571,-30.239982,5.873000144958496,29.661617279052734,191.14547729492188,-30.239877700805664,6.0581512451171875,0.923126220703125,0.9694377183914185
SB88086_component_1823a,193.117434,-30.491444,5.823999881744385,27.471698760986328,193.1173553466797,-30.491416931152344,6.492079257965088,0.8542376756668091,0.8970931768417358
SB88086_component_1825a,191.148841,-31.4128,6.13700008392334,32.818180084228516,191.1490020751953,-31.412771224975586,5.861043453216553,0.9970624446868896,1.0470831394195557
SB88086_component_1831a,189.030392,-30.065289,5.860000133514404,29.59596061706543,189.0305938720703,-30.065412521362305,6.331760406494141,0.881280779838562,0.9254930019378662
SB88086_component_1834a,186.83615,-28.959924,5.514999866485596,15.027247428894043,186.8364715576172,-28.95987319946289,7.518775463104248,0.6984568238258362,0.7334970831871033
SB88086_component_1835a,190.801196,-31.816266,6.052999973297119,33.258243560791016,190.80126953125,-31.816335678100586,5.265268802642822,1.0946903228759766,1.1496089696884155
SB88086_component_1836a,187.940736,-33.862927,5.627999782562256,24.258621215820312,187.9405517578125,-33.86292266845703,5.380234241485596,0.996079683303833,1.046051025390625
SB88086_component_1837a,190.675557,-29.904914,5.7210001945495605,32.14044952392578,190.675537109375,-29.904800415039062,5.940887928009033,0.9169840216636658,0.9629874229431152
SB88086_component_1839a,191.52569,-32.476886,5.650000095367432,30.874317169189453,191.5256805419922,-32.476966857910156,6.232964515686035,0.8631672859191895,0.906470775604248
SB88086_component_1841a,189.832127,-29.145389,5.526000022888184,28.484535217285156,189.83216857910156,-29.145328521728516,5.376308441162109,0.9787412285804749,1.0278427600860596
SB88086_component_1843a,189.614122,-31.579099,5.747000217437744,31.064865112304688,189.6139373779297,-31.57923698425293,5.828437328338623,0.9389235973358154,0.9860275983810425
SB88086_component_1844a,190.593045,-34.089123,6.0,26.548673629760742,190.5929718017578,-34.08911895751953,5.802193641662598,0.9846915006637573,1.034091591835022
SB88086_component_1847a,187.239145,-33.041715,6.420000076293945,25.57769012451172,187.2390594482422,-33.041648864746094,5.3541646003723145,1.1417853832244873,1.1990666389465332
SB88086_component_1849a,192.054666,-29.113726,5.96999979019165,23.690475463867188,192.0546417236328,-29.113744735717773,5.860673904418945,0.9699914455413818,1.0186541080474854
SB88086_component_1851a,190.106419,-34.463666,5.980000019073486,22.82442855834961,190.1066131591797,-34.4637451171875,3.580026149749756,1.5905823707580566,1.6703789234161377
SB88086_component_1859a,193.885287,-33.363683,6.308000087738037,22.69064712524414,193.88528442382812,-33.363616943359375,5.356832981109619,1.121307611465454,1.1775615215301514
SB88086_component_1860a,191.791802,-30.62473,5.877999782562256,30.14358901977539,191.79173278808594,-30.62494468688965,5.463651180267334,1.0244429111480713,1.075837254524231
SB88086_component_1861a,191.021297,-32.771515,6.035999774932861,30.33165740966797,191.02120971679688,-32.77149963378906,7.410792350769043,0.7755784392356873,0.8144877552986145
SB88086_component_1862a,192.093774,-31.197335,5.90500020980835,30.282052993774414,192.09393310546875,-31.197429656982422,5.5354413986206055,1.0158014297485352,1.0667623281478882
SB88086_component_1863a,192.310511,-28.537472,5.9679999351501465,23.403921127319336,192.31068420410156,-28.537405014038086,6.454179286956787,0.8804991841316223,0.9246721863746643
SB88086_component_1871a,187.285391,-29.267643,6.013000011444092,21.322694778442383,187.2855682373047,-29.267671585083008,5.408342361450195,1.0586885213851929,1.1118009090423584
SB88086_component_1874a,187.579127,-30.028168,5.21999979019165,22.30769157409668,187.57904052734375,-30.028093338012695,5.404799461364746,0.9196701049804688,0.9658082127571106
SB88086_component_1876a,191.957404,-34.234594,5.815999984741211,23.642274856567383,191.95736694335938,-34.234500885009766,4.973896503448486,1.1134450435638428,1.169304609298706
SB88086_component_1877a,186.695443,-32.83668,5.956999778747559,13.91822338104248,186.69508361816406,-32.836830139160156,5.26694917678833,1.0769848823547363,1.1310151815414429
SB88086_component_1878a,188.651028,-32.059587,5.6620001792907715,26.96190643310547,188.65121459960938,-32.05965042114258,5.523900032043457,0.9760347008705139,1.0250004529953003
SB88086_component_1880a,186.504313,-30.518886,5.949999809265137,14.371979713439941,186.504150390625,-30.518878936767578,4.635044097900391,1.222374439239502,1.2836986780166626
SB88086_component_1883a,187.474107,-33.527082,6.0920000076293945,27.565610885620117,187.47425842285156,-33.52705001831055,4.660634517669678,1.2446751594543457,1.3071181774139404
SB88086_component_1886a,194.697522,-32.477456,5.24399995803833,12.42654037475586,194.69732666015625,-32.47719955444336,5.097928047180176,0.9795128703117371,1.0286531448364258
SB88086_component_1887a,190.886569,-33.482099,5.466000080108643,23.868995666503906,190.88671875,-33.48212432861328,6.76434326171875,0.7694584131240845,0.8080607056617737
SB88086_component_1890a,192.162697,-28.301782,5.849999904632568,22.328245162963867,192.16275024414062,-28.302091598510742,5.385798931121826,1.0343008041381836,1.086189866065979
SB88086_component_1892a,186.747409,-28.764788,6.109000205993652,13.485651016235352,186.74720764160156,-28.765003204345703,5.670822620391846,1.0258060693740845,1.0772688388824463
SB88086_component_1898a,192.092841,-34.919193,5.710999965667725,14.066502571105957,192.09249877929688,-34.91917037963867,7.826414108276367,0.6948491334915161,0.7297083735466003
SB88086_component_1902a,191.621143,-34.567705,4.935999870300293,16.02597427368164,191.62103271484375,-34.56758117675781,4.6888298988342285,1.0024248361587524,1.0527145862579346
SB88086_component_1906a,189.384687,-30.320001,5.150000095367432,26.82291603088379,189.384521484375,-30.32002830505371,4.957714080810547,0.9891608953475952,1.0387852191925049
SB88086_component_1908a,193.09981,-30.634622,6.26800012588501,32.64583206176758,193.0998077392578,-30.634681701660156,5.4639573097229,1.0923526287078857,1.1471539735794067
SB88086_component_1914a,193.467639,-33.508326,5.666999816894531,24.964757919311523,193.4676055908203,-33.508384704589844,5.610009670257568,0.961901843547821,1.010158658027649
SB88086_component_1920a,187.473781,-32.897059,5.140999794006348,23.69124412536621,187.47364807128906,-32.89711380004883,5.259959697723389,0.9306927919387817,0.9773838520050049
SB88086_component_1923a,194.214045,-33.082869,5.193999767303467,16.863636016845703,194.214111328125,-33.08296203613281,4.539895534515381,1.089424729347229,1.1440790891647339
SB88086_component_1924a,188.585453,-28.941861,5.89300012588501,28.887256622314453,188.58534240722656,-28.941856384277344,5.470146656036377,1.0258376598358154,1.0773019790649414
SB88086_component_1926a,188.760507,-34.473756,5.9039998054504395,20.643354415893555,188.76046752929688,-34.473663330078125,4.755404472351074,1.1822247505187988,1.24153470993042
SB88086_component_1927a,190.316389,-32.096722,6.059000015258789,29.270530700683594,190.31614685058594,-32.096885681152344,5.235476970672607,1.1020108461380005,1.1572966575622559
SB88086_component_1945a,193.110325,-32.214513,5.817999839782715,25.406112670898438,193.11032104492188,-32.21455001831055,5.568549156188965,0.9948848485946655,1.044796347618103
SB88086_component_1946a,187.794303,-32.022628,6.0329999923706055,30.469697952270508,187.7942657470703,-32.022640228271484,5.747434616088867,0.9995406270027161,1.0496857166290283
SB88086_component_1947a,186.88223,-33.823235,5.635000228881836,18.118972778320312,186.88218688964844,-33.82329177856445,5.4667229652404785,0.9815400838851929,1.0307821035385132
SB88086_component_1952a,191.233404,-30.362139,5.3480000495910645,29.38461685180664,191.23342895507812,-30.362056732177734,4.841368198394775,1.0518758296966553,1.1046464443206787
SB88086_component_1954a,194.647353,-32.483318,5.86899995803833,15.567639350891113,194.64697265625,-32.4832763671875,5.737895965576172,0.9739857316017151,1.0228488445281982
SB88086_component_1955a,191.71976,-32.559926,5.861000061035156,29.601011276245117,191.7196044921875,-32.55992126464844,5.260905742645264,1.0608460903167725,1.11406672000885
SB88086_component_1956a,188.894381,-30.209008,5.453000068664551,29.16042709350586,188.89451599121094,-30.209083557128906,5.096663951873779,1.0188040733337402,1.069915533065796
SB88086_component_1966a,188.254302,-31.319309,5.478000164031982,26.852943420410156,188.2541961669922,-31.319250106811523,4.582033157348633,1.138426423072815,1.1955392360687256
SB88086_component_1969a,189.242602,-31.098549,5.51200008392334,30.120220184326172,189.24232482910156,-31.098615646362305,5.018940448760986,1.0457751750946045,1.098239779472351
SB88086_component_1973a,188.751055,-29.017974,5.616000175476074,27.940298080444336,188.7508544921875,-29.018043518066406,5.053189277648926,1.0582852363586426,1.1113773584365845
SB88086_component_1974a,192.797566,-32.986805,5.116000175476074,24.132076263427734,192.7973175048828,-32.986690521240234,5.605000972747803,0.8691526055335999,0.9127563238143921
SB88086_component_1979a,189.5004,-33.497246,5.360000133514404,27.77202033996582,189.5004119873047,-33.497352600097656,4.455342769622803,1.1455785036087036,1.2030500173568726
SB88086_component_1983a,194.41184,-32.517246,4.923999786376953,15.291924476623535,194.4115753173828,-32.51727294921875,5.795259475708008,0.8090704083442688,0.8496599197387695
SB88086_component_1986a,189.834822,-31.711925,5.60699987411499,32.22413635253906,189.83465576171875,-31.711910247802734,5.192550182342529,1.0282317399978638,1.079816222190857
SB88086_component_1988a,192.786958,-34.349627,4.784999847412109,17.150535583496094,192.7869110107422,-34.349586486816406,5.5142412185668945,0.826299250125885,0.8677530884742737
SB88086_component_1991a,191.792977,-29.382379,4.914999961853027,21.557018280029297,191.79306030273438,-29.382421493530273,6.060469627380371,0.7722508907318115,0.8109932541847229
SB88086_component_1993a,186.710748,-31.830873,5.3979997634887695,18.053510665893555,186.71107482910156,-31.830991744995117,5.063039779663086,1.015225887298584,1.0661579370498657
SB88086_component_1995a,192.490746,-30.70449,4.938000202178955,27.741573333740234,192.49053955078125,-30.70464324951172,4.690866470336914,1.002395749092102,1.0526840686798096
SB88086_component_1998a,189.825517,-31.131548,5.111999988555908,28.087913513183594,189.8256378173828,-31.13155746459961,4.666020393371582,1.0432426929473877,1.0955803394317627
SB88086_component_1999a,192.895874,-32.103099,5.369999885559082,25.450237274169922,192.89590454101562,-32.102996826171875,5.897770881652832,0.8670168519020081,0.9105134606361389
SB88086_component_2001a,187.200614,-32.365274,5.867000102996826,25.072650909423828,187.20083618164062,-32.36544418334961,5.238720893859863,1.0664291381835938,1.1199299097061157
SB88086_component_2004a,192.881298,-33.192073,5.164999961853027,24.831729888916016,192.88148498535156,-33.192012786865234,5.038206577301025,0.9761925935745239,1.025166392326355
SB88086_component_2012a,193.632681,-31.105756,5.539000034332275,25.0633487701416,193.63258361816406,-31.105886459350586,5.457163333892822,0.9665083289146423,1.0149961709976196
SB88086_component_2013a,187.007884,-32.048425,5.48799991607666,21.86454200744629,187.00784301757812,-32.048492431640625,5.087185382843018,1.0272536277770996,1.0787891149520874
SB88086_component_2014a,187.509997,-31.683506,5.550000190734863,24.88789176940918,187.5099334716797,-31.6834774017334,4.52186393737793,1.1687366962432861,1.227370023727417
SB88086_component_2016a,192.35272,-30.055745,5.353000164031982,24.442922592163086,192.35269165039062,-30.0556697845459,7.648146152496338,0.6664724946022034,0.6999081969261169
SB88086_component_2018a,189.014316,-30.535458,5.789000034332275,28.239025115966797,189.01431274414062,-30.535322189331055,5.446254730224609,1.012154459953308,1.0629322528839111
SB88086_component_2020a,194.806816,-32.235537,5.639999866485596,10.542055130004883,194.80722045898438,-32.2353401184082,4.771032810211182,1.1256616115570068,1.1821339130401611
SB88086_component_2021a,187.691546,-32.368998,5.485000133514404,26.7560977935791,187.69171142578125,-32.36897659301758,5.210752487182617,1.002345323562622,1.052631139755249
SB88086_component_2025a,194.15392,-32.51804,5.058000087738037,19.015037536621094,194.1541290283203,-32.51795959472656,4.584754467010498,1.0505189895629883,1.1032215356826782
SB88086_component_2028a,187.835476,-28.500098,5.2779998779296875,20.37837791442871,187.83566284179688,-28.50005531311035,5.576030731201172,0.9013332724571228,0.9465514421463013
SB88086_component_2030a,190.294548,-30.683082,5.658999919891357,31.093406677246094,190.29458618164062,-30.683074951171875,4.490018844604492,1.2001421451568604,1.2603510618209839
SB88086_component_2032a,192.857809,-29.546951,5.74399995803833,22.70355796813965,192.8574981689453,-29.546857833862305,2.7735486030578613,1.972058653831482,2.070993185043335
SB88086_component_2033a,193.508593,-33.427819,5.328999996185303,24.55760383605957,193.5084991455078,-33.427799224853516,4.459449768066406,1.1379040479660034,1.1949905157089233
SB88086_component_2034a,187.445412,-32.342238,5.216000080108643,25.076923370361328,187.44537353515625,-32.342384338378906,4.856486797332764,1.0227195024490356,1.074027419090271
SB88086_component_2041a,186.639236,-29.54226,4.533999919891357,10.795238494873047,186.63931274414062,-29.542617797851562,5.55387544631958,0.7773678302764893,0.8163668513298035
SB88086_component_2043a,190.303498,-34.136711,5.238999843597412,23.705881118774414,190.3033905029297,-34.136558532714844,5.942422389984131,0.8395103216171265,0.8816269636154175
SB88086_component_2044a,189.102949,-32.860699,5.077000141143799,25.771574020385742,189.10296630859375,-32.86080551147461,4.896336078643799,0.9873636364936829,1.0368977785110474
SB88086_component_2045a,191.916349,-30.04111,4.988999843597412,26.537233352661133,191.9164276123047,-30.041048049926758,4.65008020401001,1.0216313600540161,1.0728846788406372
SB88086_component_2047a,191.76944,-30.651109,4.939000129699707,24.819095611572266,191.7694091796875,-30.651031494140625,4.477773189544678,1.05031156539917,1.1030036211013794
SB88086_component_2048a,190.923438,-31.448751,4.710000038146973,21.40909194946289,190.92323303222656,-31.448749542236328,4.216147422790527,1.063766360282898,1.117133617401123
SB88086_component_2055a,191.667069,-32.029197,5.289999961853027,28.13829803466797,191.66717529296875,-32.02914810180664,4.7133355140686035,1.0687311887741089,1.1223474740982056
SB88086_component_2056a,193.795319,-28.054264,5.077000141143799,10.013806343078613,193.79527282714844,-28.05404281616211,5.00621223449707,0.9656930565834045,1.014140009880066
SB88086_component_2058a,192.383881,-31.317217,5.341000080108643,29.346155166625977,192.38389587402344,-31.31742286682129,4.94119930267334,1.0292749404907227,1.080911636352539
SB88086_component_2064a,186.438207,-33.42455,4.980000019073486,12.0,186.4382781982422,-33.42450714111328,5.0031304359436035,0.9478261470794678,0.9953768253326416
SB88086_component_2066a,189.494398,-31.583145,5.00600004196167,26.347368240356445,189.4942626953125,-31.5831241607666,4.939787864685059,0.9649919867515564,1.0134038925170898
SB88086_component_2067a,190.600909,-31.954534,4.989999771118164,25.075376510620117,190.6011199951172,-31.954444885253906,4.723615646362305,1.005928635597229,1.056394100189209
SB88086_component_2072a,188.404743,-31.533546,4.859000205993652,24.054454803466797,188.4047393798828,-31.533409118652344,4.73352575302124,0.977469801902771,1.0265076160430908
SB88086_component_2083a,190.869409,-27.756629,4.998000144958496,11.623255729675293,190.86990356445312,-27.756860733032227,4.8032612800598145,0.9908347129821777,1.0405430793762207
SB88086_component_2086a,186.348905,-32.076734,4.664999961853027,11.054502487182617,186.34893798828125,-32.076297760009766,5.188326835632324,0.8561807870864868,0.8991338014602661
SB88086_component_2088a,190.520449,-32.372742,4.671000003814697,25.66483497619629,190.5205841064453,-32.372920989990234,4.670084476470947,0.9524152278900146,1.000196099281311
SB88086_component_2094a,189.698065,-33.1584,5.2779998779296875,27.347148895263672,189.69798278808594,-33.15842056274414,4.9101881980896,1.0235579013824463,1.074907898902893
SB88086_component_2097a,191.372606,-30.63772,4.821000099182129,27.706897735595703,191.3726348876953,-30.637638092041016,4.603265285491943,0.9972689747810364,1.047300100326538
SB88086_component_2102a,194.812546,-31.652231,4.951000213623047,10.716450691223145,194.81248474121094,-31.65209197998047,5.00823450088501,0.9413464069366455,0.9885719418525696
SB88086_component_2106a,192.515033,-34.42473,4.885000228881836,16.559324264526367,192.51483154296875,-34.424678802490234,4.533422470092773,1.026076078414917,1.0775524377822876
SB88086_component_2109a,189.74924,-31.531404,5.091000080108643,27.518918991088867,189.74928283691406,-31.53136444091797,4.124886989593506,1.175255298614502,1.2342156171798706
SB88086_component_2116a,189.845783,-30.453489,5.144999980926514,27.22222328186035,189.84561157226562,-30.453426361083984,3.877291440963745,1.263566493988037,1.3269572257995605
SB88086_component_2118a,191.258332,-31.752301,5.301000118255615,27.32474136352539,191.25839233398438,-31.752328872680664,4.989321231842041,1.0117135047912598,1.062469244003296
SB88086_component_2123a,188.841583,-31.694955,4.627999782562256,23.492385864257812,188.8415985107422,-31.6949405670166,4.539525032043457,0.9707873463630676,1.0194898843765259
SB88086_component_2124a,186.758946,-34.166548,5.175000190734863,12.469880104064941,186.7590789794922,-34.16653823852539,4.408771514892578,1.1177223920822144,1.1737964153289795
SB88086_component_2126a,190.608398,-29.116116,5.0879998207092285,25.827409744262695,190.6083984375,-29.116212844848633,4.7031073570251465,1.0301568508148193,1.0818378925323486
SB88086_component_2129a,191.761293,-29.753544,5.078999996185303,26.731578826904297,191.76116943359375,-29.753583908081055,4.073480129241943,1.187281608581543,1.2468453645706177
SB88086_component_2132a,190.012043,-31.427488,5.260000228881836,28.279569625854492,190.01220703125,-31.427452087402344,4.209218502044678,1.1899410486221313,1.2496381998062134
SB88086_component_2134a,192.019419,-28.484627,4.749000072479248,17.786518096923828,192.0194549560547,-28.484603881835938,5.066315174102783,0.892588198184967,0.9373676776885986
SB88086_component_2137a,187.814566,-28.185333,5.03000020980835,14.579710960388184,187.81422424316406,-28.18524169921875,5.120814323425293,0.9353413581848145,0.9822657108306885
SB88086_component_2138a,192.895868,-34.43338,5.182000160217285,17.625850677490234,192.89581298828125,-34.433258056640625,4.273817539215088,1.154576301574707,1.2124991416931152
SB88086_component_2144a,193.478595,-28.815112,4.939000129699707,16.972509384155273,193.47825622558594,-28.81519889831543,3.8708975315093994,1.2149783372879028,1.275931477546692
SB88086_component_2146a,188.183925,-34.703059,4.590000152587891,11.222494125366211,188.18409729003906,-34.7031135559082,3.665252923965454,1.192476749420166,1.2523010969161987
SB88086_component_2148a,189.247498,-32.97424,4.9720001220703125,25.367347717285156,189.24746704101562,-32.974342346191406,5.8046875,0.8156304955482483,0.8565491437911987
SB88086_component_2151a,193.580351,-34.691829,4.39300012588501,10.12212085723877,193.57998657226562,-34.69186019897461,3.780306339263916,1.1065610647201538,1.162075161933899
SB88086_component_2152a,188.260599,-33.07615,4.764999866485596,20.45064353942871,188.26063537597656,-33.07598876953125,4.535733699798584,1.0003604888916016,1.050546646118164
SB88086_component_2154a,188.500387,-32.915932,4.627999782562256,20.66071319580078,188.50022888183594,-32.91595458984375,5.721773147583008,0.7702006101608276,0.8088401556015015
SB88086_component_2163a,188.35421,-31.235069,4.673999786376953,20.2337646484375,188.35411071777344,-31.235172271728516,4.016584873199463,1.1080845594406128,1.16367506980896
SB88086_component_2168a,190.186288,-31.213914,4.486999988555908,23.24870491027832,190.18630981445312,-31.213821411132812,4.771006107330322,0.895544707775116,0.9404724836349487
SB88086_component_2170a,191.286151,-28.452217,4.572000026702881,18.585365295410156,191.28634643554688,-28.452213287353516,4.503786087036133,0.9666508436203003,1.0151458978652954
SB88086_component_2175a,189.168553,-29.160493,5.046999931335449,23.47441864013672,189.16880798339844,-29.160520553588867,4.69791841506958,1.0229843854904175,1.074305534362793
SB88086_component_2177a,194.570366,-30.935066,4.6020002365112305,11.447761535644531,194.57049560546875,-30.935348510742188,4.554340839385986,0.9621931910514832,1.0104646682739258
SB88086_component_2181a,192.599619,-29.185046,4.973999977111816,14.170939445495605,192.59954833984375,-29.185195922851562,4.154801368713379,1.1399786472320557,1.1971691846847534
SB88086_component_2188a,193.134546,-28.630069,4.974999904632568,18.563432693481445,193.134765625,-28.630062103271484,4.698622226715088,1.008239507675171,1.0588209629058838
SB88086_component_2192a,192.415265,-33.507085,4.3420000076293945,17.368000030517578,192.41510009765625,-33.50691604614258,4.535551071166992,0.9115929007530212,0.95732581615448
SB88086_component_2194a,191.294726,-27.738052,5.276000022888184,10.900826454162598,191.29490661621094,-27.737905502319336,4.004678249359131,1.2545220851898193,1.3174591064453125
SB88086_component_2196a,194.331075,-30.916542,5.177000045776367,16.539936065673828,194.3313446044922,-30.916746139526367,4.497620582580566,1.096065640449524,1.1510530710220337
SB88086_component_2198a,192.175846,-31.862452,4.543000221252441,27.203594207763672,192.17584228515625,-31.86233901977539,4.636361598968506,0.933053731918335,0.9798632264137268
SB88086_component_2203a,190.462405,-30.566428,4.264999866485596,23.96067237854004,190.4625701904297,-30.566368103027344,4.184674263000488,0.9705067276954651,1.0191951990127563
SB88086_component_2210a,186.808475,-32.873065,4.309999942779541,14.7098970413208,186.8087158203125,-32.87317657470703,3.553293228149414,1.1550143957138062,1.2129592895507812
SB88086_component_2211a,191.412731,-32.756515,4.572999954223633,22.638612747192383,191.4126434326172,-32.756622314453125,4.635791778564453,0.9393305778503418,0.9864550232887268
SB88086_component_2212a,190.12568,-33.485115,4.936999797821045,22.85647964477539,190.12586975097656,-33.48533630371094,4.461407661437988,1.0537374019622803,1.106601357460022
SB88086_component_2214a,192.893995,-34.205729,4.460000038146973,16.397058486938477,192.89407348632812,-34.20569610595703,4.482372283935547,0.947475790977478,0.9950088262557983
SB88086_component_2219a,191.191834,-31.950545,4.4029998779296875,23.545454025268555,191.19180297851562,-31.950571060180664,5.878801345825195,0.7131831049919128,0.7489621639251709
SB88086_component_2220a,189.132675,-32.368996,4.745999813079834,24.978946685791016,189.1330108642578,-32.36880874633789,4.467849254608154,1.0115104913711548,1.0622559785842896
SB88086_component_2221a,193.97712,-29.971146,4.954999923706055,17.32517433166504,193.9768829345703,-29.971078872680664,4.098859786987305,1.151123046875,1.2088727951049805
SB88086_component_2224a,192.285334,-33.519837,4.446000099182129,15.992806434631348,192.28526306152344,-33.519813537597656,3.7013440132141113,1.1438028812408447,1.2011853456497192
SB88086_component_2230a,191.811706,-28.442313,4.611000061035156,18.225297927856445,191.81179809570312,-28.442319869995117,4.353373050689697,1.008580207824707,1.0591787099838257
SB88086_component_2232a,191.018104,-28.52584,4.635000228881836,20.50885009765625,191.01792907714844,-28.525739669799805,3.537498950958252,1.2476552724838257,1.310247778892517
SB88086_component_2234a,189.968678,-31.04858,4.466000080108643,24.674034118652344,189.9687042236328,-31.04854393005371,4.701869487762451,0.9044598937034607,0.9498350024223328
SB88086_component_2235a,190.428567,-34.07315,4.834000110626221,23.812808990478516,190.42837524414062,-34.073081970214844,4.583742141723633,1.004217267036438,1.0545969009399414
SB88086_component_2236a,190.553384,-30.423659,4.585999965667725,26.81871223449707,190.5533447265625,-30.423707962036133,4.103752136230469,1.0641286373138428,1.11751389503479
SB88086_component_2238a,190.604509,-30.926194,4.502999782562256,25.731428146362305,190.6046142578125,-30.92623519897461,4.262247085571289,1.0060150623321533,1.0564849376678467
SB88086_component_2245a,187.280929,-29.305027,4.355000019073486,16.070110321044922,187.28126525878906,-29.305086135864258,4.37722635269165,0.9473932981491089,0.9949222803115845
SB88086_component_2246a,192.995574,-29.615217,4.747000217437744,17.58148193359375,192.99545288085938,-29.61525535583496,4.948309898376465,0.9134894013404846,0.9593175053596497
SB88086_component_2247a,189.649362,-32.90129,4.511000156402588,25.777143478393555,189.6494598388672,-32.901363372802734,4.203341007232666,1.021925926208496,1.073193907737732
SB88086_component_2249a,189.260806,-33.196621,4.677000045776367,23.26865577697754,189.2608642578125,-33.196651458740234,4.327148914337158,1.0292164087295532,1.0808502435684204
SB88086_component_2250a,186.400459,-30.526042,4.632999897003174,10.577625274658203,186.4006805419922,-30.52613067626953,4.6544270515441895,0.9478448033332825,0.9953963756561279
SB88086_component_2255a,186.503155,-31.743386,4.501999855041504,12.540390014648438,186.502685546875,-31.7435359954834,3.427081823348999,1.2508987188339233,1.3136540651321411
SB88086_component_2256a,189.688092,-29.299846,3.9660000801086426,20.44329833984375,189.6881561279297,-29.29983139038086,4.151879787445068,0.9095972180366516,0.9552299976348877
SB88086_component_2260a,188.973381,-29.305578,4.625999927520752,21.41666603088379,188.973388671875,-29.305349349975586,4.029969215393066,1.0930626392364502,1.1478996276855469
SB88086_component_2268a,192.681749,-34.725607,4.605000019073486,11.9921875,192.68194580078125,-34.72552490234375,4.112060070037842,1.0663783550262451,1.1198766231536865
SB88086_component_2271a,193.788112,-30.131439,4.394000053405762,16.45693016052246,193.7881317138672,-30.131738662719727,1.5787262916564941,2.6502959728240967,2.7832562923431396
SB88086_component_2272a,188.639359,-34.156952,4.3460001945495605,15.249123573303223,188.63970947265625,-34.1570930480957,4.225030422210693,0.9794924259185791,1.0286316871643066
SB88086_component_2283a,189.247575,-34.654306,4.173999786376953,16.304685592651367,189.24749755859375,-34.65422058105469,4.054938793182373,0.9801877737045288,1.0293619632720947
SB88086_component_2284a,192.761404,-33.287939,4.519999980926514,19.824562072753906,192.76138305664062,-33.28786087036133,4.5937066078186035,0.9369498491287231,0.9839548468589783
SB88086_component_2285a,189.08534,-30.346949,4.48199987411499,23.465967178344727,189.08584594726562,-30.34702491760254,5.867825984954834,0.7273371815681458,0.763826310634613
SB88086_component_2288a,187.612038,-30.109153,4.142000198364258,17.115703582763672,187.61260986328125,-30.10914421081543,4.175740718841553,0.944534420967102,0.9919198751449585
SB88086_component_2290a,188.779875,-28.49269,4.353000164031982,16.937744140625,188.77989196777344,-28.49271583557129,4.3070573806762695,0.9623857736587524,1.010666847229004
SB88086_component_2292a,189.263517,-34.94486,4.515999794006348,10.405529975891113,189.26341247558594,-34.945106506347656,3.93813157081604,1.091955304145813,1.1467366218566895
SB88086_component_2293a,190.190358,-31.487767,4.495999813079834,24.172040939331055,190.19029235839844,-31.487545013427734,3.954387664794922,1.0826503038406372,1.1369649171829224
SB88086_component_2299a,192.915456,-28.000812,4.73799991607666,12.211339950561523,192.91529846191406,-28.000829696655273,5.0053510665893555,0.9013670086860657,0.9465869069099426
SB88086_component_2304a,193.07206,-33.230137,4.598999977111816,20.62331771850586,193.07200622558594,-33.23019790649414,4.255465507507324,1.0290998220443726,1.0807278156280518
SB88086_component_2308a,187.749506,-31.495493,4.685999870300293,21.594470977783203,187.7495574951172,-31.49573516845703,3.7833566665649414,1.1794136762619019,1.2385826110839844
SB88086_component_2312a,194.284486,-30.438427,4.205999851226807,12.1560697555542,194.28448486328125,-30.438459396362305,4.342831134796143,0.9222262501716614,0.9684926271438599
SB88086_component_2316a,188.201382,-28.040152,4.045000076293945,11.758720397949219,188.20098876953125,-28.040258407592773,5.2209978103637695,0.7377448678016663,0.774756133556366
SB88086_component_2319a,192.768246,-28.958065,3.8610000610351562,15.954545974731445,192.7686004638672,-28.95818328857422,3.9519126415252686,0.9303227663040161,0.9769952893257141
SB88086_component_2320a,191.787655,-32.058711,4.452000141143799,23.80748748779297,191.78753662109375,-32.05867385864258,3.9656548500061035,1.0690091848373413,1.1226392984390259
SB88086_component_2321a,190.109914,-34.15144,4.578000068664551,20.809091567993164,190.1100311279297,-34.151485443115234,4.2680864334106445,1.021371603012085,1.0726118087768555
SB88086_component_2322a,191.101303,-28.079066,4.394999980926514,14.847972869873047,191.1014404296875,-28.079227447509766,4.0450520515441895,1.034608244895935,1.086512565612793
SB88086_component_2327a,193.766198,-30.409378,3.821000099182129,16.190677642822266,193.76632690429688,-30.409353256225586,3.9446442127227783,0.9223811030387878,0.9686551690101624
SB88086_component_2328a,194.486083,-33.260419,4.567999839782715,11.92689323425293,194.48587036132812,-33.26029586791992,3.1183247566223145,1.394909143447876,1.4648890495300293
SB88086_component_2333a,193.600102,-33.52809,4.39900016784668,18.405858993530273,193.60011291503906,-33.52814865112305,4.230278968811035,0.9902073740959167,1.0398842096328735
SB88086_component_2336a,191.707875,-29.555828,3.934999942779541,19.974618911743164,191.70782470703125,-29.55565071105957,3.7165088653564453,1.0082093477249146,1.0587893724441528
SB88086_component_2338a,188.037116,-28.025097,4.047999858856201,10.852546691894531,188.0369873046875,-28.024885177612305,4.168828010559082,0.9246293902397156,0.9710162878036499
SB88086_component_2348a,188.957908,-31.081775,4.005000114440918,20.3299503326416,188.95779418945312,-31.08177947998047,3.7517621517181396,1.0165023803710938,1.0674984455108643
SB88086_component_2351a,187.616698,-31.931486,4.125999927520752,18.176210403442383,187.61656188964844,-31.931655883789062,3.433260202407837,1.1443625688552856,1.2017731666564941
SB88086_component_2354a,190.350237,-28.923341,3.989000082015991,21.33155059814453,190.3502960205078,-28.923381805419922,4.0378618240356445,0.9407056570053101,0.987899124622345
SB88086_component_2360a,187.343862,-28.707672,4.408999919891357,16.269372940063477,187.34388732910156,-28.707630157470703,3.710171699523926,1.1315851211547852,1.188354730606079
SB88086_component_2366a,188.366626,-28.979188,4.068999767303467,19.10328483581543,188.36647033691406,-28.97918701171875,3.861906051635742,1.0032914876937866,1.0536247491836548
SB88086_component_2367a,189.116794,-30.811272,4.00600004196167,23.29069709777832,189.11703491210938,-30.811065673828125,3.884262800216675,0.9820724725723267,1.0313411951065063
SB88086_component_2368a,189.826368,-32.396904,3.615000009536743,21.017440795898438,189.82620239257812,-32.39706802368164,4.102787494659424,0.8390163779258728,0.881108283996582
SB88086_component_2369a,190.093201,-31.275638,4.008999824523926,22.272220611572266,190.09303283691406,-31.27582359313965,3.1260340213775635,1.2211908102035522,1.282455563545227
SB88086_component_2373a,187.755031,-34.351029,3.9800000190734863,13.771626472473145,187.7553253173828,-34.35090637207031,5.066616058349609,0.7480079531669617,0.785534143447876
SB88086_component_2375a,191.748315,-32.509594,3.880000114440918,22.958580017089844,191.74822998046875,-32.50969696044922,3.924511432647705,0.9414283633232117,0.9886581301689148
SB88086_component_2379a,188.907311,-27.928517,4.164000034332275,11.471074104309082,188.90762329101562,-27.928682327270508,3.034868001937866,1.3065080642700195,1.3720531463623047
SB88086_component_2387a,192.495345,-33.862945,3.808000087738037,15.354839324951172,192.49554443359375,-33.86286544799805,3.630143165588379,0.9988824129104614,1.0489944219589233
SB88086_component_2394a,192.720178,-33.631768,3.7890000343322754,15.787500381469727,192.72003173828125,-33.631927490234375,4.141862869262695,0.8711041212081909,0.9148057699203491
SB88086_component_2404a,187.632708,-33.048667,4.006999969482422,17.888391494750977,187.63294982910156,-33.048583984375,4.035744667053223,0.945446252822876,0.9928774833679199
SB88086_component_2405a,189.324391,-29.402842,4.052999973297119,18.09375,189.32432556152344,-29.40273094177246,3.893505573272705,0.9912358522415161,1.0409642457962036
SB88086_component_2408a,189.326279,-30.953398,3.9560000896453857,20.391752243041992,189.32675170898438,-30.953243255615234,3.5853941440582275,1.0506560802459717,1.103365421295166
SB88086_component_2412a,189.356211,-30.023104,3.7049999237060547,19.707447052001953,189.35614013671875,-30.022842407226562,2.530259609222412,1.394325852394104,1.4642765522003174
SB88086_component_2414a,193.990946,-32.873336,4.14300012588501,15.175824165344238,193.99111938476562,-32.87321090698242,4.874984264373779,0.8092503547668457,0.8498489260673523
SB88086_component_2418a,192.234552,-29.240475,3.7960000038146973,16.15319061279297,192.23455810546875,-29.240373611450195,4.209357738494873,0.8587199449539185,0.901800274848938
SB88086_component_2420a,190.337066,-33.003845,4.23199987411499,21.15999984741211,190.337158203125,-33.003822326660156,3.8667783737182617,1.0421675443649292,1.0944510698318481
SB88086_component_2422a,191.415977,-29.058091,3.8510000705718994,17.269058227539062,191.4159393310547,-29.057863235473633,4.046483993530273,0.9062267541885376,0.9516904354095459
SB88086_component_2426a,191.98642,-31.602066,3.9110000133514404,21.60773468017578,191.9863739013672,-31.602170944213867,3.613657236099243,1.030580759048462,1.0822830200195312
SB88086_component_2432a,187.178293,-32.924405,3.9200000762939453,16.065574645996094,187.17822265625,-32.92442321777344,4.006074905395508,0.9317688345909119,0.9785138964653015
SB88086_component_2438a,191.271505,-32.641609,4.015999794006348,19.400964736938477,191.27134704589844,-32.641658782958984,3.62257719039917,1.0556433200836182,1.1086030006408691
SB88086_component_2439a,186.838829,-32.805142,4.447999954223633,13.813664436340332,186.83853149414062,-32.80502700805664,4.107660293579102,1.0311251878738403,1.0828548669815063
SB88086_component_2442a,192.252033,-32.916788,3.5980000495910645,17.381643295288086,192.2521514892578,-32.916873931884766,3.8604514598846436,0.8874915838241577,0.9320153594017029
SB88086_component_2449a,188.812321,-34.426252,3.743000030517578,15.595833778381348,188.81243896484375,-34.42609786987305,3.885789394378662,0.9172373414039612,0.9632534384727478
SB88086_component_2453a,193.125364,-33.156688,4.335999965667725,20.16744041442871,193.12533569335938,-33.15669631958008,3.0849783420562744,1.338376522064209,1.4055204391479492
SB88086_component_2456a,189.083631,-33.185444,3.9670000076293945,18.89047622680664,189.08364868164062,-33.185611724853516,3.5070297718048096,1.0771195888519287,1.1311566829681396
SB88086_component_2458a,193.191328,-33.463271,3.6619999408721924,15.852812767028809,193.19134521484375,-33.463294982910156,4.012808799743652,0.8689825534820557,0.912577748298645
SB88086_component_2460a,190.758109,-34.85153,3.7130000591278076,10.062331199645996,190.7580108642578,-34.85129928588867,4.273082733154297,0.8274177312850952,0.8689277172088623
SB88086_component_2466a,192.082951,-28.513263,4.288000106811523,16.948617935180664,192.08291625976562,-28.51318359375,4.225040912628174,0.9664180874824524,1.0149013996124268
SB88086_component_2470a,188.576374,-28.619679,4.099999904632568,18.22222137451172,188.5762481689453,-28.619598388671875,3.7446300983428955,1.0425961017608643,1.094901204109192
SB88086_component_2475a,194.570984,-31.067013,4.113999843597412,10.108107566833496,194.5709991455078,-31.066659927368164,3.670398712158203,1.0673139095306396,1.120859146118164
SB88086_component_2481a,187.5953,-33.832235,3.6600000858306885,15.443037986755371,187.59523010253906,-33.83208084106445,3.4578871726989746,1.0078860521316528,1.0584498643875122
SB88086_component_2482a,193.778055,-31.689382,3.6559998989105225,16.24888801574707,193.778076171875,-31.689252853393555,3.521850109100342,0.9884995222091675,1.038090705871582
SB88086_component_2484a,188.068826,-28.545422,3.7209999561309814,15.18775463104248,188.06875610351562,-28.54553985595703,3.4745726585388184,1.019763469696045,1.070923089981079
SB88086_component_2488a,194.538252,-31.380006,4.22599983215332,11.93785285949707,194.53799438476562,-31.380029678344727,3.454745054244995,1.164808750152588,1.2232450246810913
SB88086_component_2490a,189.987051,-29.970956,4.081999778747559,22.93258285522461,189.98707580566406,-29.971065521240234,3.6877355575561523,1.0540333986282349,1.1069122552871704
SB88086_component_2491a,193.399281,-30.026932,4.245999813079834,17.99152374267578,193.3994903564453,-30.026906967163086,3.5185370445251465,1.1491031646728516,1.2067514657974243
SB88086_component_2492a,192.936401,-31.211081,3.3910000324249268,15.206277847290039,192.93643188476562,-31.21109390258789,3.932905435562134,0.8210232853889465,0.8622124791145325
SB88086_component_2494a,187.390554,-33.228732,3.756999969482422,14.124059677124023,187.39053344726562,-33.22880935668945,4.528786659240723,0.7899516820907593,0.8295820355415344
SB88086_component_2495a,192.825338,-34.187387,4.215000152587891,16.995967864990234,192.82534790039062,-34.18729019165039,3.391883373260498,1.1833081245422363,1.2426724433898926
SB88086_component_2497a,189.960326,-28.456191,3.690999984741211,17.247663497924805,189.9605255126953,-28.456310272216797,2.147177219390869,1.6368818283081055,1.719001054763794
SB88086_component_2499a,191.07966,-29.20967,4.085000038146973,19.26886749267578,191.079345703125,-29.20975685119629,3.7812891006469727,1.028710961341858,1.0803194046020508
SB88086_component_2502a,193.561761,-32.257451,3.76200008392334,18.71641731262207,193.56182861328125,-32.25753402709961,3.405911684036255,1.0517840385437012,1.1045501232147217
SB88086_component_2503a,187.363262,-33.09073,4.005000114440918,17.413043975830078,187.3632354736328,-33.09074401855469,3.6762406826019287,1.0373845100402832,1.089428186416626
SB88086_component_2509a,188.037958,-28.114006,3.8559999465942383,11.792049407958984,188.03807067871094,-28.114187240600586,4.364102840423584,0.8413625955581665,0.8835722208023071
SB88086_component_2513a,193.838478,-28.967156,4.176000118255615,12.000000953674316,193.8382110595703,-28.96727752685547,3.8487982749938965,1.0331811904907227,1.08501398563385
SB88086_component_2514a,193.049797,-32.473335,3.822000026702881,18.375,193.0496826171875,-32.47350311279297,4.28972053527832,0.8484042882919312,0.8909671306610107
SB88086_component_2516a,188.905691,-32.325092,3.9149999618530273,19.381187438964844,188.90573120117188,-32.32509994506836,3.193190336227417,1.1674764156341553,1.2260465621948242
SB88086_component_2517a,191.200656,-30.786477,4.073999881744385,22.02161979675293,191.20074462890625,-30.78653335571289,3.620758533477783,1.0714271068572998,1.125178575515747
SB88086_component_2519a,189.077888,-31.22179,3.7179999351501465,21.00564956665039,189.07740783691406,-31.221776962280273,3.3018431663513184,1.0722452402114868,1.1260377168655396
SB88086_component_2520a,191.807735,-29.237698,3.9549999237060547,15.632411003112793,191.80789184570312,-29.237560272216797,3.8073506355285645,0.9891559481620789,1.0387800931930542
SB88086_component_2521a,193.586906,-30.419622,3.575000047683716,16.705608367919922,193.5867156982422,-30.419811248779297,3.513354778289795,0.9689362645149231,1.0175459384918213
SB88086_component_2522a,190.282577,-33.196444,3.443000078201294,16.317535400390625,190.28273010253906,-33.196495056152344,3.8054442405700684,0.861534833908081,0.9047564268112183
SB88086_component_2524a,191.860008,-31.353712,4.015999794006348,23.48537826538086,191.8597412109375,-31.35377311706543,3.716153860092163,1.0290610790252686,1.080687165260315
SB88086_component_2528a,188.864132,-34.514936,4.122000217437744,14.77419376373291,188.86428833007812,-34.5151481628418,4.120872974395752,0.9524889588356018,1.000273585319519
SB88086_component_2530a,193.356363,-30.383749,3.7160000801086426,17.44601058959961,193.35626220703125,-30.383628845214844,3.640402317047119,0.9720027446746826,1.0207663774490356
SB88086_component_2538a,191.127395,-30.330132,3.6740000247955322,19.13541603088379,191.127197265625,-30.330020904541016,3.6447696685791016,0.959865152835846,1.0080198049545288
SB88086_component_2539a,190.409824,-30.850504,3.697999954223633,20.430938720703125,190.40940856933594,-30.85045623779297,3.1631240844726562,1.1132477521896362,1.1690973043441772
SB88086_component_2540a,189.955441,-30.617553,3.8989999294281006,20.202072143554688,189.95526123046875,-30.617380142211914,3.449007749557495,1.0764658451080322,1.1304700374603271
SB88086_component_2543a,190.876301,-30.882805,3.4159998893737793,19.745664596557617,190.87632751464844,-30.882722854614258,3.232844829559326,1.006176471710205,1.056654453277588
SB88086_component_2545a,191.521066,-30.894737,3.378999948501587,20.113094329833984,191.52120971679688,-30.894590377807617,3.4790287017822266,0.9248501062393188,0.9712480902671814
SB88086_component_2551a,190.745602,-33.257126,3.2639999389648438,15.041475296020508,190.7456817626953,-33.257137298583984,3.790947198867798,0.8198673129081726,0.8609985113143921
SB88086_component_2553a,189.910118,-28.816949,3.634999990463257,18.93229103088379,189.91000366210938,-28.816810607910156,3.3422863483428955,1.035623550415039,1.0875788927078247
SB88086_component_2554a,187.24339,-29.489891,3.799999952316284,14.022140502929688,187.2433624267578,-29.49012565612793,3.1991848945617676,1.1310594081878662,1.1878025531768799
SB88086_component_2560a,187.296449,-32.626397,3.4070000648498535,13.963114738464355,187.29638671875,-32.62617874145508,3.0469303131103516,1.0647577047348022,1.1181745529174805
SB88086_component_2573a,187.400335,-33.449839,3.2860000133514404,14.412281036376953,187.40025329589844,-33.44992446899414,3.332484483718872,0.9389459490776062,0.986051082611084
SB88086_component_2574a,190.966395,-33.79599,3.305999994277954,14.311687469482422,190.9665069580078,-33.79596710205078,3.5004584789276123,0.8993300199508667,0.9444476962089539
SB88086_component_2576a,192.472885,-33.896298,3.257999897003174,13.031999588012695,192.4729766845703,-33.89628219604492,4.073862075805664,0.7615280151367188,0.799732506275177
SB88086_component_2579a,192.938731,-28.853216,3.578000068664551,14.72428035736084,192.93890380859375,-28.853052139282227,3.8652732372283936,0.8814573287963867,0.9256784319877625
SB88086_component_2580a,188.240587,-31.355821,3.688999891281128,17.238317489624023,188.24078369140625,-31.355777740478516,3.080449104309082,1.1403437852859497,1.1975525617599487
SB88086_component_2582a,189.59705,-31.958443,3.9800000190734863,23.69047737121582,189.59683227539062,-31.958646774291992,3.7445132732391357,1.0121126174926758,1.062888503074646
SB88086_component_2584a,187.127963,-34.030346,3.8269999027252197,14.551329612731934,187.1282196044922,-34.030487060546875,3.839019775390625,0.9492470622062683,0.9968690276145935
SB88086_component_2586a,188.782557,-33.041212,3.8919999599456787,18.53333282470703,188.78260803222656,-33.04126739501953,3.845707654953003,0.9636908173561096,1.0120373964309692
SB88086_component_2588a,187.097521,-30.806392,3.437999963760376,13.377431869506836,187.097412109375,-30.806161880493164,3.2406020164489746,1.0102324485778809,1.0609139204025269
SB88086_component_2592a,191.46668,-30.194992,3.677000045776367,20.774011611938477,191.46665954589844,-30.19486427307129,3.1923768520355225,1.0967828035354614,1.151806354522705
SB88086_component_2597a,191.985608,-29.608445,3.683000087738037,13.691450119018555,191.9856719970703,-29.6085147857666,3.5120689868927,0.9985730648040771,1.0486695766448975
SB88086_component_2599a,187.472428,-30.941568,3.4170000553131104,16.349281311035156,187.47247314453125,-30.941652297973633,2.7357349395751953,1.189356803894043,1.249024510383606
SB88086_component_2601a,188.243111,-29.502529,3.746999979019165,15.17004108428955,188.24362182617188,-29.50244903564453,3.355426788330078,1.063352108001709,1.1166985034942627
SB88086_component_2603a,189.190831,-29.79518,3.1500000953674316,16.071430206298828,189.1908721923828,-29.79525375366211,3.1987457275390625,0.9377174973487854,0.9847609996795654
SB88086_component_2605a,194.209754,-30.842511,3.3440001010894775,12.20438003540039,194.2097930908203,-30.842601776123047,3.776480197906494,0.8431798815727234,0.8854806423187256
SB88086_component_2606a,188.302539,-34.145393,3.6710000038146973,12.277592658996582,188.30221557617188,-34.14524459838867,3.5122618675231934,0.9952648878097534,1.045195460319519
SB88086_component_2608a,191.810769,-28.704543,3.7690000534057617,16.676992416381836,191.8108673095703,-28.704692840576172,3.284534454345703,1.0926812887191772,1.1474989652633667
SB88086_component_2613a,189.177834,-33.37428,3.440000057220459,16.0,189.17776489257812,-33.37443161010742,3.7928857803344727,0.8636342883110046,0.9069611430168152
SB88086_component_2615a,190.738713,-28.43388,3.368000030517578,14.580086708068848,190.73843383789062,-28.434206008911133,3.084750175476074,1.039664626121521,1.091822624206543
SB88086_component_2616a,188.640126,-32.363579,3.8550000190734863,20.83783721923828,188.6402587890625,-32.36338424682617,3.4862351417541504,1.052952766418457,1.105777382850647
SB88086_component_2618a,192.098766,-29.769652,3.7880001068115234,16.541484832763672,192.0987091064453,-29.769521713256836,3.2532758712768555,1.1087414026260376,1.1643648147583008
SB88086_component_2620a,190.022839,-31.884836,3.759000062942505,18.608909606933594,190.02256774902344,-31.884727478027344,3.3807740211486816,1.0587595701217651,1.1118755340576172
SB88086_component_2625a,189.458224,-31.804002,3.9619998931884766,23.58333396911621,189.45840454101562,-31.804155349731445,3.393768072128296,1.111663818359375,1.1674338579177856
SB88086_component_2628a,189.039517,-32.82786,3.4760000705718994,17.917526245117188,189.03924560546875,-32.82809829711914,3.161717653274536,1.0468822717666626,1.0994024276733398
SB88086_component_2630a,187.15765,-31.658341,3.634999990463257,14.897541046142578,187.15777587890625,-31.658647537231445,4.025804042816162,0.8597910404205322,0.9029251933097839
SB88086_component_2631a,190.278486,-28.064478,3.7269999980926514,13.077193260192871,190.2784881591797,-28.06480598449707,3.7593014240264893,0.9440465569496155,0.991407573223114
SB88086_component_2635a,192.349034,-29.653251,3.8310000896453857,15.57317066192627,192.34901428222656,-29.653162002563477,3.2422714233398438,1.1251332759857178,1.1815791130065918
SB88086_component_2636a,189.153014,-29.484716,3.640000104904175,18.860103607177734,189.15310668945312,-29.48457145690918,2.9545817375183105,1.1731311082839966,1.2319848537445068
SB88086_component_2637a,191.981009,-34.477658,3.6510000228881836,11.777419090270996,191.98092651367188,-34.47772216796875,3.322552442550659,1.0463600158691406,1.0988539457321167
SB88086_component_2640a,188.44348,-31.008975,3.9189999103546143,19.994897842407227,188.44325256347656,-31.008987426757812,3.2726211547851562,1.1403040885925293,1.197511076927185
SB88086_component_2642a,187.615877,-31.531245,3.4030001163482666,16.519418716430664,187.61575317382812,-31.53116798400879,3.1365368366241455,1.0331246852874756,1.0849546194076538
SB88086_component_2645a,188.518124,-29.570671,3.575000047683716,14.591836929321289,188.5178985595703,-29.57061767578125,3.3057289123535156,1.0297931432724,1.081455945968628
SB88086_component_2650a,192.853515,-30.189352,3.2790000438690186,14.638392448425293,192.853515625,-30.189311981201172,3.3384621143341064,0.9352681636810303,0.9821887612342834
SB88086_component_2651a,186.640317,-31.998456,3.5840001106262207,11.674266815185547,186.64031982421875,-31.998323440551758,3.9084694385528564,0.8731773495674133,0.9169830083847046
SB88086_component_2654a,192.254855,-32.044457,3.5759999752044678,18.625,192.25498962402344,-32.0444450378418,3.3600809574127197,1.0134187936782837,1.0642600059509277
SB88086_component_2665a,188.966146,-33.381171,3.6459999084472656,11.64856243133545,188.9667205810547,-33.381080627441406,3.48555588722229,0.9960606098175049,1.04603111743927
SB88086_component_2667a,192.83033,-30.103595,3.510999917984009,16.48356819152832,192.830322265625,-30.103443145751953,2.573140859603882,1.2992969751358032,1.3644802570343018
SB88086_component_2673a,189.660091,-31.182087,3.306999921798706,17.779569625854492,189.6600799560547,-31.182157516479492,3.528923749923706,0.8923456072807312,0.9371128678321838
SB88086_component_2676a,189.544655,-34.224385,3.697999954223633,17.864734649658203,189.54441833496094,-34.22450256347656,2.791670799255371,1.2613739967346191,1.3246546983718872
SB88086_component_2681a,191.381947,-28.842911,3.7070000171661377,17.322429656982422,191.3822021484375,-28.84294891357422,3.691758155822754,0.9561598896980286,1.0041285753250122
SB88086_component_2688a,190.752544,-30.826626,2.9690001010894775,17.67262077331543,190.7526397705078,-30.826274871826172,2.1082379817962646,1.3410091400146484,1.408285140991211
SB88086_component_2694a,188.130123,-28.100701,3.5439999103546143,10.51632022857666,188.13063049316406,-28.101011276245117,3.0149455070495605,1.1193228960037231,1.1754772663116455
SB88086_component_2703a,188.714188,-33.673346,3.2139999866485596,14.158590316772461,188.71392822265625,-33.67322540283203,1.8352465629577637,1.6676028966903687,1.7512632608413696
SB88086_component_2706a,187.18344,-31.150447,3.190000057220459,13.809523582458496,187.18350219726562,-31.150516510009766,3.4092416763305664,0.8909925222396851,0.9356919527053833
SB88086_component_2707a,187.06591,-29.39901,3.437999963760376,11.773972511291504,187.066162109375,-29.399185180664062,3.0863125324249268,1.0607355833053589,1.1139507293701172
SB88086_component_2710a,186.561196,-31.803824,3.5959999561309814,10.044692039489746,186.56129455566406,-31.80372428894043,2.61625337600708,1.3088233470916748,1.3744845390319824
SB88086_component_2716a,189.397994,-33.348641,3.450000047683716,16.428571701049805,189.39820861816406,-33.34874725341797,2.734581708908081,1.2013494968414307,1.261618971824646
SB88086_component_2724a,188.809925,-32.696819,3.6519999504089355,19.52941131591797,188.8096466064453,-32.69676208496094,2.9438486099243164,1.181289792060852,1.2405529022216797
SB88086_component_2725a,190.848344,-28.555593,3.3989999294281006,16.910446166992188,190.84869384765625,-28.555334091186523,3.2270572185516357,1.002964735031128,1.053281545639038
SB88086_component_2728a,187.435922,-33.635056,3.3259999752044678,13.9163179397583,187.43588256835938,-33.634883880615234,2.8389341831207275,1.1155989170074463,1.171566367149353
SB88086_component_2729a,187.405965,-33.67204,3.322000026702881,13.559183120727539,187.40582275390625,-33.671974182128906,2.6721696853637695,1.183795690536499,1.2431845664978027
SB88086_component_2731a,190.687352,-33.416086,3.7109999656677246,15.592436790466309,190.68728637695312,-33.416236877441406,3.381218194961548,1.045102596282959,1.0975334644317627
SB88086_component_2732a,189.853461,-34.255234,3.3420000076293945,15.122172355651855,189.85362243652344,-34.255245208740234,2.92212176322937,1.089053750038147,1.143689513206482
SB88086_component_2735a,192.19496,-33.143324,3.259999990463257,14.553570747375488,192.19525146484375,-33.143348693847656,2.830652952194214,1.0966603755950928,1.1516777276992798
SB88086_component_2736a,186.770206,-33.073566,3.571000099182129,11.66993522644043,186.77029418945312,-33.073734283447266,3.5912253856658936,0.9468656778335571,0.9943681359291077
SB88086_component_2738a,187.010966,-31.290568,3.5959999561309814,13.93798542022705,187.0111083984375,-31.29071044921875,2.52992844581604,1.3534824848175049,1.4213840961456299
SB88086_component_2744a,193.026822,-28.283897,3.684000015258789,11.922330856323242,193.0269775390625,-28.28428077697754,2.4713101387023926,1.4194939136505127,1.490707278251648
SB88086_component_2748a,189.753479,-32.570008,3.440000057220459,17.11442756652832,189.75375366210938,-32.569969177246094,2.8736507892608643,1.1398969888687134,1.197083592414856
SB88086_component_2750a,192.354214,-28.44898,3.2339999675750732,13.475000381469727,192.3542938232422,-28.448976516723633,3.4964680671691895,0.88074791431427,0.9249333739280701
SB88086_component_2752a,191.939942,-28.174178,3.0,10.0,191.94017028808594,-28.17398452758789,2.848379373550415,1.0029160976409912,1.0532305240631104
SB88086_component_2753a,190.32502,-32.637855,3.5810000896453857,16.426607131958008,190.32481384277344,-32.63810348510742,2.8754992485046387,1.1858566999435425,1.2453490495681763
SB88086_component_2755a,188.349965,-28.595591,3.6019999980926514,14.18110179901123,188.3501739501953,-28.595670700073242,4.161670684814453,0.824170708656311,0.865517795085907
SB88086_component_2759a,192.574266,-33.087269,3.0769999027252197,13.675555229187012,192.57398986816406,-33.08723068237305,2.9638960361480713,0.9885660409927368,1.0381605625152588
SB88086_component_2762a,188.835553,-30.465201,3.7330000400543213,19.143590927124023,188.8353271484375,-30.46539306640625,3.0213990211486816,1.1764976978302002,1.235520362854004
SB88086_component_2763a,187.872684,-29.593363,3.4779999256134033,16.801931381225586,187.873046875,-29.59324073791504,3.4570472240448,0.9579998254776001,1.0060608386993408
SB88086_component_2767a,192.079943,-33.856789,3.0920000076293945,11.9844970703125,192.0800018310547,-33.85675048828125,2.6764025688171387,1.1000925302505493,1.1552821397781372
SB88086_component_2777a,191.127183,-32.359579,3.1029999256134033,15.285714149475098,191.12734985351562,-32.35969161987305,3.0730974674224854,0.9614940881729126,1.009730339050293
SB88086_component_2781a,193.169327,-33.1069,2.9630000591278076,13.468182563781738,193.16905212402344,-33.1069450378418,3.136634111404419,0.8995161056518555,0.9446431994438171
SB88086_component_2782a,192.213451,-33.440967,3.075000047683716,11.061151504516602,192.2133026123047,-33.44109344482422,4.045628547668457,0.7237695455551147,0.7600796818733215
SB88086_component_2790a,186.828174,-30.278606,3.2739999294281006,10.841059684753418,186.8277587890625,-30.278911590576172,2.652920961380005,1.1751559972763062,1.2341114282608032
SB88086_component_2793a,186.690727,-33.043658,3.4590001106262207,11.086538314819336,186.6908416748047,-33.04370880126953,3.0275449752807617,1.08793044090271,1.142509937286377
SB88086_component_2794a,187.036498,-32.667855,3.571000099182129,14.05905532836914,187.036376953125,-32.667667388916016,3.085644245147705,1.1020091772079468,1.1572948694229126
SB88086_component_2798a,188.552255,-32.510738,3.135999917984009,15.758793830871582,188.55226135253906,-32.51085662841797,2.900886058807373,1.0294057130813599,1.0810489654541016
SB88086_component_2805a,190.935372,-32.837954,3.0360000133514404,14.388626098632812,190.93524169921875,-32.83793640136719,3.6627094745635986,0.7892969846725464,0.8288945555686951
SB88086_component_2807a,188.887305,-30.56622,3.1480000019073486,16.834224700927734,188.88714599609375,-30.566484451293945,2.434088706970215,1.23151433467865,1.2932971715927124
SB88086_component_2809a,188.845831,-30.2633,3.2739999294281006,16.369998931884766,188.8455352783203,-30.263334274291992,3.235858678817749,0.9634523987770081,1.0117870569229126
SB88086_component_2810a,191.045529,-31.059352,2.9149999618530273,17.774389266967773,191.0454864501953,-31.059207916259766,2.0941898822784424,1.3254510164260864,1.3919463157653809
SB88086_component_2813a,192.172031,-32.705189,3.11899995803833,16.07731819152832,192.17210388183594,-32.70559310913086,2.7235326766967773,1.0904957056045532,1.1452038288116455
SB88086_component_2822a,187.165216,-31.554053,2.880000114440918,11.851852416992188,187.16534423828125,-31.554059982299805,3.6747374534606934,0.7462895512580872,0.7837294936180115
SB88086_component_2824a,190.943008,-31.191809,3.3399999141693115,18.351648330688477,190.9427947998047,-31.191883087158203,3.003355026245117,1.058963418006897,1.1120896339416504
SB88086_component_2831a,192.36033,-30.22476,3.174999952316284,14.23766803741455,192.3604278564453,-30.22467041015625,3.314385175704956,0.9121828675270081,0.9579453468322754
SB88086_component_2832a,189.479192,-33.594395,3.496000051498413,19.422222137451172,189.4794158935547,-33.59447479248047,3.621067762374878,0.9193395972251892,0.9654610753059387
SB88086_component_2836a,189.932856,-32.56905,3.2769999504089355,17.24736785888672,189.9327850341797,-32.56904983520508,3.133384943008423,0.9958727359771729,1.0458338260650635
SB88086_component_2837a,189.185589,-32.945973,2.9769999980926514,14.593137741088867,189.1860809326172,-32.94596862792969,2.7082667350769043,1.0467153787612915,1.0992270708084106
SB88086_component_2839a,190.633442,-29.78033,2.7679998874664307,14.492146492004395,190.63314819335938,-29.780576705932617,3.2734665870666504,0.8051917552947998,0.8455867171287537
SB88086_component_2840a,192.627614,-30.795097,2.8410000801086426,14.644330024719238,192.62794494628906,-30.795316696166992,2.8540873527526855,0.9478620886802673,0.9954145550727844
SB88086_component_2847a,190.153975,-30.968428,3.246000051498413,19.321428298950195,190.15380859375,-30.968351364135742,3.162687063217163,0.9773125052452087,1.026342511177063
SB88086_component_2849a,189.917331,-33.6867,3.1080000400543213,15.618090629577637,189.9176788330078,-33.6865119934082,3.2043380737304688,0.9235998392105103,0.9699351191520691
SB88086_component_2850a,190.436401,-31.075251,3.377000093460083,18.058822631835938,190.43626403808594,-31.07511329650879,3.00069260597229,1.0716444253921509,1.1254068613052368
SB88086_component_2855a,190.093803,-28.983872,3.046999931335449,15.625640869140625,190.09420776367188,-28.98409652709961,2.836597442626953,1.0228593349456787,1.0741742849349976
SB88086_component_2866a,189.565437,-32.189411,3.255000114440918,18.924419403076172,189.5653839111328,-32.189613342285156,2.9045660495758057,1.067114233970642,1.1206493377685547
SB88086_component_2867a,192.721845,-29.438704,3.134999990463257,12.057692527770996,192.7216796875,-29.438636779785156,2.9740471839904785,1.0037622451782227,1.0541191101074219
SB88086_component_2869a,193.752927,-29.930602,3.2279999256134033,11.65342903137207,193.75328063964844,-29.930587768554688,3.7174644470214844,0.8268521428108215,0.8683337569236755
SB88086_component_2873a,193.858547,-33.072426,3.3320000171661377,13.768594741821289,193.8588104248047,-33.07227325439453,2.9803121089935303,1.0645949840545654,1.1180037260055542
SB88086_component_2876a,191.522733,-34.091955,3.509000062942505,10.505988121032715,191.5231475830078,-34.09144592285156,2.559002637863159,1.3057312965393066,1.3712373971939087
SB88086_component_2880a,189.545307,-34.140602,2.7139999866485596,13.638191223144531,189.5452423095703,-34.140811920166016,3.13088059425354,0.8254380822181702,0.8668487668037415
SB88086_component_2886a,191.682218,-33.427067,3.2279999256134033,14.157894134521484,191.68246459960938,-33.427223205566406,2.489698886871338,1.2346045970916748,1.2965422868728638
SB88086_component_2894a,191.994983,-30.532365,3.065000057220459,16.47849464416504,191.99484252929688,-30.532133102416992,2.979238271713257,0.9796398282051086,1.028786540031433
SB88086_component_2895a,189.266093,-33.341196,3.174999952316284,15.047393798828125,189.26609802246094,-33.34111785888672,2.6239242553710938,1.1522152423858643,1.2100197076797485
SB88086_component_2898a,190.439869,-29.115134,3.2699999809265137,17.30158805847168,190.43939208984375,-29.1152400970459,2.8488609790802,1.0929937362670898,1.1478271484375
SB88086_component_2900a,189.068123,-31.716343,3.2100000381469727,18.342857360839844,189.0679931640625,-31.716333389282227,2.3944742679595947,1.2765446901321411,1.340586543083191
SB88086_component_2913a,190.134768,-33.24541,2.927999973297119,12.199999809265137,190.13482666015625,-33.24519729614258,2.4094130992889404,1.1571800708770752,1.2152336835861206
SB88086_component_2918a,187.715765,-30.476445,2.8550000190734863,14.064040184020996,187.71615600585938,-30.476232528686523,2.7313077449798584,0.9953518509864807,1.045286774635315
SB88086_component_2923a,193.049047,-30.836952,3.421999931335449,16.69268226623535,193.04869079589844,-30.836997985839844,2.900667667388916,1.123370885848999,1.179728388786316
SB88086_component_2927a,190.634489,-29.691227,3.2980000972747803,16.489999771118164,190.63455200195312,-29.691164016723633,2.8694519996643066,1.0944422483444214,1.1493483781814575
SB88086_component_2931a,187.38899,-28.85771,3.0380001068115234,11.55133056640625,187.388671875,-28.85773468017578,3.1708290576934814,0.9123387336730957,0.9581090807914734
SB88086_component_2938a,191.008473,-29.182818,2.9260001182556152,14.70351791381836,191.0083465576172,-29.182905197143555,3.082118272781372,0.9039953947067261,0.9493471384048462
SB88086_component_2939a,190.644512,-31.537868,3.1600000858306885,13.859649658203125,190.64453125,-31.53767967224121,2.5615897178649902,1.1746776103973389,1.2336089611053467
SB88086_component_2940a,193.588981,-30.198157,2.628000020980835,11.526315689086914,193.5892333984375,-30.19829559326172,3.093662738800049,0.8088976144790649,0.8494784832000732
SB88086_component_2944a,189.018122,-33.725373,2.865999937057495,13.77884578704834,189.01795959472656,-33.7255744934082,2.71467661857605,1.0053082704544067,1.055742621421814
SB88086_component_2947a,191.389778,-29.151779,3.2679998874664307,15.561904907226562,191.38917541503906,-29.15195083618164,2.732699155807495,1.1387578248977661,1.1958872079849243
SB88086_component_2952a,190.518946,-28.318782,2.9830000400543213,12.076923370361328,190.51895141601562,-28.318622589111328,2.4983859062194824,1.1369330883026123,1.1939709186553955
SB88086_component_2953a,188.287857,-33.704251,2.7179999351501465,11.048779487609863,188.28773498535156,-33.70444107055664,2.5844063758850098,1.0014512538909912,1.0516921281814575
SB88086_component_2957a,191.154405,-31.070962,2.7009999752044678,17.09493637084961,191.15478515625,-31.07082748413086,2.2565672397613525,1.1397706270217896,1.1969507932662964
SB88086_component_2960a,194.256455,-32.301321,2.9179999828338623,10.928839683532715,194.25657653808594,-32.30147171020508,2.601947784423828,1.0678932666778564,1.1214675903320312
SB88086_component_2963a,193.223056,-30.992201,2.700000047683716,12.053571701049805,193.2230987548828,-30.991966247558594,2.8956804275512695,0.8878800868988037,0.9324233531951904
SB88086_component_2971a,189.880558,-29.596082,3.180000066757202,16.4766845703125,189.8804931640625,-29.595796585083008,2.508450508117676,1.2071542739868164,1.2677148580551147
SB88086_component_2976a,187.321262,-31.673482,3.046999931335449,15.15920352935791,187.32159423828125,-31.673080444335938,2.441812038421631,1.188232421875,1.2478437423706055
SB88086_component_2979a,188.063537,-30.316733,2.743000030517578,14.513228416442871,188.06358337402344,-30.31688690185547,2.321859121322632,1.1249445676803589,1.1813808679580688
SB88086_component_2980a,190.11834,-30.533549,2.8910000324249268,15.543010711669922,190.11807250976562,-30.53350830078125,2.9789867401123047,0.9241036772727966,0.9704642295837402
SB88086_component_2985a,187.597695,-31.666496,2.930000066757202,13.440367698669434,187.59747314453125,-31.666358947753906,3.0492067337036133,0.9150017499923706,0.9609056711196899
SB88086_component_2986a,191.686267,-30.166146,2.8369998931884766,17.512344360351562,191.68600463867188,-30.16597557067871,2.737886667251587,0.9866997599601746,1.0362006425857544
SB88086_component_2987a,187.45599,-30.32348,3.0260000228881836,12.931624412536621,187.45594787597656,-30.323572158813477,2.0809755325317383,1.3846598863601685,1.4541257619857788
SB88086_component_2988a,192.757243,-30.053233,2.885999917984009,13.36111068725586,192.7578887939453,-30.053075790405273,3.0682485103607178,0.8956677913665771,0.9406017661094666
SB88086_component_2990a,188.562527,-34.331914,3.1679999828338623,11.436822891235352,188.5625457763672,-34.33186721801758,2.3611598014831543,1.2776178121566772,1.341713547706604
SB88086_component_2992a,187.097726,-31.647451,2.7929999828338623,11.262097358703613,187.09771728515625,-31.64743995666504,3.0947554111480713,0.8593810200691223,0.9024945497512817
SB88086_component_2996a,191.215994,-32.863178,2.5190000534057617,11.716279029846191,191.2158660888672,-32.86318588256836,2.5079658031463623,0.956417977809906,1.0043996572494507
SB88086_component_3000a,187.410262,-30.532813,2.8499999046325684,13.443395614624023,187.41029357910156,-30.53274917602539,2.8592629432678223,0.9491435885429382,0.996760368347168
SB88086_component_3003a,191.646129,-30.94248,2.813999891281128,15.808987617492676,191.64617919921875,-30.942367553710938,2.877413749694824,0.931242823600769,0.9779614806175232
SB88086_component_3004a,193.417418,-33.37756,3.0329999923706055,12.90638256072998,193.4173126220703,-33.377540588378906,2.769211530685425,1.0429354906082153,1.0952576398849487
SB88086_component_3015a,192.726308,-29.905365,2.9079999923706055,12.867257118225098,192.7262420654297,-29.905677795410156,2.973992347717285,0.9310986995697021,0.9778102040290833
SB88086_component_3017a,193.189609,-29.927382,2.677999973297119,10.543306350708008,193.18939208984375,-29.927425384521484,3.1580798625946045,0.8074741959571838,0.8479835987091064
SB88086_component_3023a,194.089858,-31.63171,3.0269999504089355,12.405736923217773,194.09019470214844,-31.63148307800293,2.8905253410339355,0.9971874952316284,1.0472145080566406
SB88086_component_3025a,192.076503,-34.063904,2.6489999294281006,11.037500381469727,192.0765380859375,-34.06354904174805,2.590806245803833,0.9736170768737793,1.0224616527557373
SB88086_component_3026a,193.107536,-32.978641,3.0460000038146973,14.504762649536133,193.1078338623047,-32.978675842285156,2.667482376098633,1.0873503684997559,1.141900658607483
SB88086_component_3027a,193.254799,-30.03965,3.234999895095825,13.097166061401367,193.2545166015625,-30.039701461791992,2.5184922218322754,1.2231361865997314,1.284498691558838
SB88086_component_3028a,191.140454,-31.518299,2.8359999656677246,16.584794998168945,191.14071655273438,-31.518421173095703,3.0921051502227783,0.8733596801757812,0.9171745181083679
SB88086_component_3032a,191.546878,-32.62665,2.8499999046325684,15.079364776611328,191.54701232910156,-32.62645721435547,2.6502442359924316,1.0240004062652588,1.075372576713562
SB88086_component_3035a,187.708321,-29.819939,3.138000011444092,14.801886558532715,187.70828247070312,-29.82008171081543,3.2936744689941406,0.9072217345237732,0.9527353048324585
SB88086_component_3038a,187.93451,-28.516037,2.9179999828338623,11.053030014038086,187.93435668945312,-28.515592575073242,2.863257884979248,0.9704339504241943,1.0191187858581543
SB88086_component_3040a,191.135626,-32.825776,2.9590001106262207,14.648514747619629,191.13558959960938,-32.82594680786133,2.722668409347534,1.0348833799362183,1.086801528930664
SB88086_component_3041a,187.370688,-29.281008,3.134999990463257,12.057692527770996,187.3712158203125,-29.280559539794922,2.485170841217041,1.2012196779251099,1.2614827156066895
SB88086_component_3048a,193.41971,-33.619168,3.1530001163482666,12.662651062011719,193.42001342773438,-33.619468688964844,4.282198905944824,0.7011296153068542,0.736303985118866
SB88086_component_3068a,187.478685,-29.602483,2.9639999866485596,12.61276626586914,187.4783935546875,-29.60280418395996,2.348449468612671,1.201816439628601,1.2621092796325684
SB88086_component_3070a,192.165752,-29.942903,2.703000068664551,11.80349349975586,192.1654815673828,-29.94314956665039,2.960646152496338,0.8693621754646301,0.9129763841629028
SB88086_component_3076a,189.535049,-29.024372,2.492000102996826,12.649746894836426,189.53494262695312,-29.02427101135254,2.5993735790252686,0.9128943681716919,0.9586925506591797
SB88086_component_3078a,191.395081,-28.703794,2.615999937057495,12.637681007385254,191.39492797851562,-28.703800201416016,2.740020990371704,0.909127950668335,0.9547371864318848
SB88086_component_3080a,191.839139,-30.523673,2.4600000381469727,13.442623138427734,191.8390655517578,-30.52341079711914,2.6653013229370117,0.8788807392120361,0.922972559928894
SB88086_component_3089a,189.081796,-32.666462,2.513000011444092,13.02072525024414,189.0816650390625,-32.66658401489258,2.7972443103790283,0.8554670214653015,0.898384153842926
SB88086_component_3091a,188.083526,-31.648287,2.8929998874664307,14.537688255310059,188.08351135253906,-31.6483154296875,2.2406935691833496,1.2294392585754395,1.2911180257797241
SB88086_component_3092a,189.467206,-29.468897,2.5360000133514404,12.076190948486328,189.467041015625,-29.46932601928711,2.8572044372558594,0.8451797962188721,0.8875808715820312
SB88086_component_3093a,187.904365,-30.824182,2.690000057220459,14.699454307556152,187.90396118164062,-30.823989868164062,2.761909246444702,0.9274362325668335,0.9739639759063721
SB88086_component_3099a,189.526128,-28.59299,2.4749999046325684,11.8421049118042,189.52639770507812,-28.592979431152344,2.745347261428833,0.8584580421447754,0.9015252590179443
SB88086_component_3103a,191.010779,-28.834089,2.1670000553131104,10.17370891571045,191.01028442382812,-28.834064483642578,1.815328598022461,1.1366972923278809,1.1937233209609985
SB88086_component_3107a,192.323316,-30.540817,3.0360000133514404,15.104476928710938,192.32350158691406,-30.541059494018555,2.598914623260498,1.112374186515808,1.168179988861084
SB88086_component_3108a,188.97098,-33.812212,2.638000011444092,11.570175170898438,188.97109985351562,-33.8123664855957,2.8760128021240234,0.8734240531921387,0.9172421097755432
SB88086_component_3110a,188.247936,-29.789181,2.687000036239624,11.195834159851074,188.24783325195312,-29.78931427001953,2.8853986263275146,0.8867536783218384,0.9312404990196228
SB88086_component_3111a,190.325817,-28.274549,2.8410000801086426,11.229249954223633,190.32598876953125,-28.274593353271484,2.0457746982574463,1.322374939918518,1.3887159824371338
SB88086_component_3127a,189.825695,-33.92704,2.5350000858306885,11.418919563293457,189.82571411132812,-33.926902770996094,2.3224329948425293,1.039383888244629,1.0915278196334839
SB88086_component_3132a,188.574397,-29.313309,2.5160000324249268,11.232142448425293,188.5745086669922,-29.313098907470703,1.9239411354064941,1.2452600002288818,1.307732343673706
SB88086_component_3137a,193.385958,-32.251756,2.305000066757202,11.299019813537598,193.38613891601562,-32.25212097167969,2.502551555633545,0.8770595192909241,0.9210599660873413
SB88086_component_3141a,190.888934,-29.227749,2.5450000762939453,12.294686317443848,190.88876342773438,-29.227689743041992,2.772505760192871,0.8740906715393066,0.917942225933075
SB88086_component_3145a,190.356646,-33.143507,2.509000062942505,11.669767379760742,190.35670471191406,-33.14331817626953,2.6637606620788574,0.8969054222106934,0.941901445388794
SB88086_component_3148a,190.019922,-34.141129,2.88700008392334,13.365740776062012,190.0199737548828,-34.14103317260742,2.1783156394958496,1.262022614479065,1.32533597946167
SB88086_component_3151a,188.009631,-33.314646,2.3399999141693115,10.934578895568848,188.0099334716797,-33.314476013183594,2.676750421524048,0.8324326872825623,0.8741942644119263
SB88086_component_3152a,188.43738,-28.307699,2.819000005722046,10.363969802856445,188.43756103515625,-28.307889938354492,2.5213022232055664,1.0646610260009766,1.1180729866027832
SB88086_component_3153a,194.027498,-32.085751,2.5989999771118164,10.034749031066895,194.02786254882812,-32.08587646484375,2.109640598297119,1.1731107234954834,1.2319633960723877
SB88086_component_3157a,188.331543,-32.723674,2.869999885559082,12.058822631835938,188.3316192626953,-32.72384262084961,2.6698756217956543,1.023604154586792,1.0749564170837402
SB88086_component_3168a,193.882579,-31.059945,2.4779999256134033,11.579439163208008,193.88294982910156,-31.05978775024414,2.4564425945281982,0.9605850577354431,1.0087758302688599
SB88086_component_3170a,192.385281,-30.725388,2.494999885559082,12.412934303283691,192.38490295410156,-30.725305557250977,2.0392379760742188,1.1650478839874268,1.2234961986541748
SB88086_component_3172a,188.974724,-32.694983,2.8389999866485596,14.709844589233398,188.97427368164062,-32.695106506347656,2.180216073989868,1.2399581670761108,1.3021645545959473
SB88086_component_3173a,193.604565,-32.620073,2.746999979019165,12.373873710632324,193.60433959960938,-32.62039566040039,2.430612802505493,1.0761778354644775,1.1301676034927368
SB88086_component_3174a,193.741086,-33.064694,2.6480000019073486,11.268085479736328,193.74070739746094,-33.064632415771484,2.574113130569458,0.9795610308647156,1.0287038087844849
SB88086_component_3176a,189.460846,-31.564148,2.7049999237060547,14.944751739501953,189.46035766601562,-31.564266204833984,2.5619654655456543,1.0053913593292236,1.0558300018310547
SB88086_component_3180a,187.500126,-31.54982,2.8320000171661377,13.050691604614258,187.50022888183594,-31.549589157104492,2.3268065452575684,1.1589752435684204,1.2171188592910767
SB88086_component_3181a,192.562093,-30.46942,2.2739999294281006,11.543147087097168,192.5620880126953,-30.469131469726562,2.342527151107788,0.9243724346160889,0.9707464575767517
SB88086_component_3184a,191.121862,-31.153057,2.6510000228881836,15.323699951171875,191.1217803955078,-31.15284538269043,2.484346389770508,1.0161054134368896,1.0670814514160156
SB88086_component_3185a,193.572738,-33.036839,2.4049999713897705,11.2910795211792,193.5722198486328,-33.03712844848633,2.526388168334961,0.9064757227897644,0.9519518613815308
SB88086_component_3195a,188.256025,-28.903013,2.434999942779541,12.054454803466797,188.25596618652344,-28.903284072875977,2.729646682739258,0.8494419455528259,0.8920568227767944
SB88086_component_3196a,187.699938,-31.54565,2.4149999618530273,11.18055534362793,187.69981384277344,-31.54570198059082,2.929192066192627,0.7850736975669861,0.824459433555603
SB88086_component_3200a,187.831077,-32.141545,2.7780001163482666,14.101523399353027,187.8308563232422,-32.14203643798828,2.8641889095306396,0.9235741496086121,0.9699081182479858
SB88086_component_3201a,189.27016,-28.543067,2.4749999046325684,10.487287521362305,189.26998901367188,-28.54311752319336,2.5042521953582764,0.9411054253578186,0.9883189797401428
SB88086_component_3203a,192.573536,-32.893826,2.2920000553131104,10.465753555297852,192.57345581054688,-32.894046783447266,2.5772011280059814,0.8468518853187561,0.889336884021759
SB88086_component_3204a,193.754925,-30.72722,2.8499999046325684,10.477940559387207,193.7549285888672,-30.72712516784668,2.5209860801696777,1.0765037536621094,1.1305099725723267
SB88086_component_3207a,189.275232,-32.116447,2.5,12.755102157592773,189.2757568359375,-32.11641311645508,2.2176830768585205,1.0734496116638184,1.127302646636963
SB88086_component_3209a,192.243911,-32.298061,2.615000009536743,13.341836929321289,192.24342346191406,-32.29843521118164,2.349705696105957,1.0597401857376099,1.1129053831100464
SB88086_component_3218a,189.764886,-34.022106,2.5869998931884766,12.68137264251709,189.76467895507812,-34.0218391418457,2.6202778816223145,0.9401350021362305,0.9872997999191284
SB88086_component_3221a,189.47528,-33.524987,2.6419999599456787,13.276381492614746,189.47525024414062,-33.52510452270508,2.525290012359619,0.9962371587753296,1.0462164878845215
SB88086_component_3227a,192.281384,-34.016573,2.617000102996826,10.769547462463379,192.28173828125,-34.01664352416992,2.418379068374634,1.0304348468780518,1.0821298360824585
SB88086_component_3229a,190.901791,-32.927373,2.2239999771118164,10.49056625366211,190.9016876220703,-32.927433013916016,2.6183602809906006,0.8088100552558899,0.8493865132331848
SB88086_component_3230a,192.994574,-32.362332,2.763000011444092,14.935134887695312,192.99435424804688,-32.36213684082031,2.0629968643188477,1.2753325700759888,1.3393137454986572
SB88086_component_3232a,193.585806,-30.860761,2.427000045776367,10.59825325012207,193.5858154296875,-30.860536575317383,3.0540881156921387,0.7567098736763,0.7946725487709045
SB88086_component_3234a,190.314567,-32.063572,2.552999973297119,13.227978706359863,190.31442260742188,-32.06403350830078,2.305943012237549,1.0542495250701904,1.107139229774475
SB88086_component_3238a,191.502159,-33.220731,2.700000047683716,12.272727966308594,191.5018310546875,-33.22087097167969,2.3768115043640137,1.081708312034607,1.13597571849823
SB88086_component_3242a,192.931703,-33.688076,2.440999984741211,10.21338939666748,192.93148803710938,-33.68777847290039,2.3537516593933105,0.9875255227088928,1.0370677709579468
SB88086_component_3243a,191.521009,-29.465006,2.744999885559082,13.45588207244873,191.5209197998047,-29.46482276916504,2.9372973442077637,0.8898884654045105,0.9345325231552124
SB88086_component_3248a,192.540103,-31.533271,2.299999952316284,12.299464225769043,192.54026794433594,-31.53314781188965,1.9798930883407593,1.1061837673187256,1.1616789102554321
SB88086_component_3251a,191.651702,-33.163415,2.7269999980926514,12.742990493774414,191.6517791748047,-33.16326141357422,1.6515750885009766,1.5722731351852417,1.6511510610580444
SB88086_component_3266a,187.616219,-31.17431,2.247999906539917,10.553990364074707,187.6164093017578,-31.1744384765625,2.3607451915740967,0.9067516326904297,0.9522416591644287
SB88086_component_3267a,188.895356,-31.098905,2.6480000019073486,14.16042709350586,188.8953094482422,-31.09910774230957,2.393545389175415,1.053458571434021,1.1063086986541748
SB88086_component_3268a,190.898302,-33.782071,2.128000020980835,10.037735939025879,190.89785766601562,-33.782005310058594,2.1318905353546143,0.9504907727241516,0.9981750845909119
SB88086_component_3276a,190.940715,-29.156202,2.632999897003174,13.713541030883789,190.9410400390625,-29.15633773803711,2.5546324253082275,0.9814395904541016,1.0306766033172607
SB88086_component_3287a,190.059255,-33.02539,2.2939999103546143,10.620369911193848,190.0594940185547,-33.025177001953125,2.3690242767333984,0.9220724701881409,0.9683310985565186
SB88086_component_3298a,193.618804,-32.140641,2.444999933242798,12.41116714477539,193.61874389648438,-32.14078140258789,2.5779716968536377,0.903112530708313,0.948419988155365
SB88086_component_3302a,192.491755,-31.105456,2.640000104904175,13.968255043029785,192.49151611328125,-31.105287551879883,2.954934597015381,0.8507407903671265,0.8934208154678345
SB88086_component_3307a,187.784681,-30.942682,2.3489999771118164,11.984694480895996,187.7845458984375,-30.942665100097656,2.351987361907959,0.9510189890861511,0.9987298250198364
SB88086_component_3308a,189.536994,-28.841201,2.38700008392334,11.531401634216309,189.53717041015625,-28.841325759887695,2.3199970722198486,0.979729413986206,1.0288805961608887
SB88086_component_3311a,188.095159,-29.9278,2.7290000915527344,13.183575630187988,188.09490966796875,-29.92772102355957,2.410874843597412,1.0778790712356567,1.131954312324524
SB88086_component_3316a,189.075718,-29.845573,2.4509999752044678,12.569231033325195,189.0758056640625,-29.845651626586914,2.2325451374053955,1.0454041957855225,1.0978500843048096
SB88086_component_3325a,188.902519,-30.169907,2.443000078201294,12.401016235351562,188.902587890625,-30.16983985900879,2.3884637355804443,0.9739709496498108,1.022833228111267
SB88086_component_3329a,190.449098,-32.046225,2.2070000171661377,11.260204315185547,190.44918823242188,-32.04605484008789,1.943450927734375,1.0813590288162231,1.1356087923049927
SB88086_component_3339a,188.502107,-29.258356,2.2090001106262207,11.156566619873047,188.50198364257812,-29.25861167907715,2.2932448387145996,0.9172474145889282,0.963263988494873
SB88086_component_3340a,187.582242,-29.785984,2.3389999866485596,10.631817817687988,187.58197021484375,-29.785930633544922,2.376460552215576,0.9372183084487915,0.9842368364334106
SB88086_component_3346a,190.505292,-33.175454,2.3440001010894775,11.603960037231445,190.50509643554688,-33.175262451171875,2.2318310737609863,1.0000863075256348,1.050258755683899
SB88086_component_3348a,189.764759,-32.700205,2.6600000858306885,14.148937225341797,189.76417541503906,-32.70033645629883,2.4746205806732178,1.0235620737075806,1.0749123096466064
SB88086_component_3353a,187.688848,-29.590299,2.5910000801086426,12.051162719726562,187.68882751464844,-29.590167999267578,3.0416197776794434,0.8111546635627747,0.8518487811088562
SB88086_component_3356a,192.999709,-33.420792,2.490000009536743,11.066666603088379,192.99951171875,-33.420936584472656,2.00900936126709,1.1802080869674683,1.2394168376922607
SB88086_component_3357a,193.55659,-30.618137,2.3919999599456787,12.08080768585205,193.5564422607422,-30.618026733398438,2.433870315551758,0.9358471035957336,0.9827967882156372
SB88086_component_3364a,188.341921,-33.769728,2.364000082015991,10.233766555786133,188.34188842773438,-33.76996994018555,2.0100462436676025,1.1199085712432861,1.1760923862457275
SB88086_component_3365a,187.447295,-31.374258,2.618000030517578,12.526315689086914,187.44775390625,-31.374225616455078,2.292865753173828,1.087256908416748,1.1418025493621826
SB88086_component_3367a,188.465612,-30.85422,2.6559998989105225,14.593406677246094,188.46585083007812,-30.854541778564453,2.366884231567383,1.0685434341430664,1.1221503019332886
SB88086_component_3368a,193.704761,-32.294623,2.3489999771118164,11.185714721679688,193.70497131347656,-32.294673919677734,2.144378185272217,1.0430923700332642,1.095422387123108
SB88086_component_3372a,190.781911,-28.483749,2.631999969482422,11.749999046325684,190.78131103515625,-28.484180450439453,2.208577871322632,1.1347869634628296,1.1917170286178589
SB88086_component_3386a,192.998123,-30.220019,2.5220000743865967,12.867347717285156,192.9989013671875,-30.21991539001465,1.9685686826705933,1.219932198524475,1.2811338901519775
SB88086_component_3387a,193.65334,-32.326949,2.256999969482422,10.497673988342285,193.65342712402344,-32.32708740234375,2.475879430770874,0.8680469989776611,0.9115952849388123
SB88086_component_3389a,190.495838,-30.535107,2.3340001106262207,13.112360000610352,190.49588012695312,-30.535083770751953,2.136603593826294,1.0402029752731323,1.0923880338668823
SB88086_component_3392a,191.505367,-28.866837,2.4040000438690186,10.732142448425293,191.5056915283203,-28.866981506347656,2.4251291751861572,0.943932056427002,0.9912874102592468
SB88086_component_3393a,192.880033,-33.055033,2.4709999561309814,11.995145797729492,192.88003540039062,-33.055423736572266,2.4642040729522705,0.9548545479774475,1.0027577877044678
SB88086_component_3403a,189.952293,-32.120247,2.447999954223633,12.363636016845703,189.95208740234375,-32.12056350708008,2.242852210998535,1.0393263101577759,1.0914673805236816
SB88086_component_3409a,190.126029,-31.177597,2.4200000762939453,12.039800643920898,190.12582397460938,-31.177614212036133,2.415034294128418,0.9541864991188049,1.0020562410354614
SB88086_component_3410a,192.189408,-32.257015,2.4489998817443848,13.026595115661621,192.18896484375,-32.257110595703125,2.0281739234924316,1.1498064994812012,1.207490086555481
SB88086_component_3412a,189.362904,-32.149019,2.313999891281128,12.178946495056152,189.36305236816406,-32.14931869506836,1.8336552381515503,1.201674461364746,1.2619601488113403
SB88086_component_3418a,189.08566,-29.705745,2.499000072479248,12.190244674682617,189.08583068847656,-29.70578384399414,2.2143352031707764,1.0746426582336426,1.128555417060852
SB88086_component_3421a,192.447163,-32.935192,2.2269999980926514,10.455399513244629,192.44686889648438,-32.93521499633789,2.3516271114349365,0.9017640948295593,0.9470039010047913
SB88086_component_3424a,187.97517,-29.985846,2.5209999084472656,11.947867393493652,187.9749755859375,-29.985822677612305,2.3284008502960205,1.0309942960739136,1.0827172994613647
SB88086_component_3429a,192.941731,-30.170109,2.5280001163482666,12.514851570129395,192.94131469726562,-30.170169830322266,2.4238202571868896,0.9931568503379822,1.0429816246032715
SB88086_component_3433a,190.357494,-31.699799,2.50600004196167,12.851283073425293,190.357421875,-31.69985008239746,1.9830090999603271,1.2033655643463135,1.2637360095977783
SB88086_component_3434a,192.258925,-29.19756,2.390000104904175,10.042016983032227,192.2597198486328,-29.19754981994629,1.844099760055542,1.23411226272583,1.2960253953933716
SB88086_component_3436a,191.24029,-30.654258,2.2730000019073486,12.914772987365723,191.2403564453125,-30.654537200927734,2.2165939807891846,0.9764600396156311,1.025447130203247
SB88086_component_3442a,191.274743,-31.124506,2.3429999351501465,13.237287521362305,191.27491760253906,-31.124969482421875,2.460578203201294,0.9067264199256897,0.9522151947021484
SB88086_component_3447a,192.404414,-34.118913,2.453000068664551,10.306722640991211,192.4044952392578,-34.118934631347656,2.2210681438446045,1.0516636371612549,1.1044236421585083
SB88086_component_3451a,191.281499,-31.05931,2.127000093460083,11.559782981872559,191.28138732910156,-31.059429168701172,2.2047672271728516,0.918641209602356,0.9647277593612671
SB88086_component_3454a,189.944951,-29.570029,2.1640000343322754,11.634408950805664,189.9454345703125,-29.569927215576172,1.4584698677062988,1.4128659963607788,1.4837467670440674
SB88086_component_3456a,190.719521,-30.999345,2.250999927520752,12.936781883239746,190.71957397460938,-30.999296188354492,2.060884952545166,1.0400707721710205,1.0922491550445557
SB88086_component_3458a,188.890312,-31.807876,2.5290000438690186,13.10362720489502,188.89065551757812,-31.808082580566406,1.968522548675537,1.2233469486236572,1.2847198247909546
SB88086_component_3462a,190.697785,-28.551223,2.2860000133514404,11.043478012084961,190.69776916503906,-28.551105499267578,2.6933231353759766,0.808218777179718,0.8487656116485596
SB88086_component_3476a,189.27419,-30.919333,2.555000066757202,13.73655891418457,189.2740936279297,-30.919422149658203,2.583826780319214,0.9416048526763916,0.9888433814048767
SB88086_component_3489a,192.446631,-31.801922,2.2790000438690186,13.25,192.4468994140625,-31.80194854736328,1.7826344966888428,1.2173717021942139,1.2784448862075806
SB88086_component_3503a,189.303567,-29.830892,2.118000030517578,11.147368431091309,189.303955078125,-29.831298828125,2.5117383003234863,0.8029578328132629,0.8432407379150391
SB88086_component_3510a,189.33409,-29.063926,2.2100000381469727,11.050000190734863,189.33404541015625,-29.063920974731445,1.559006929397583,1.3498495817184448,1.4175690412521362
SB88086_component_3513a,192.698358,-32.577041,2.3970000743865967,12.750000953674316,192.698486328125,-32.57687759399414,2.174813747406006,1.049511432647705,1.1021634340286255
SB88086_component_3530a,192.843783,-30.447022,2.3570001125335693,12.604278564453125,192.84408569335938,-30.44690704345703,2.204864978790283,1.0179320573806763,1.0689997673034668
SB88086_component_3532a,189.763824,-29.416876,2.127000093460083,11.3743314743042,189.76327514648438,-29.417203903198242,2.266240119934082,0.893722653388977,0.9385589957237244
SB88086_component_3545a,191.441446,-30.048139,2.312000036239624,11.333333969116211,191.44125366210938,-30.04840087890625,1.9831386804580688,1.1101353168487549,1.1658287048339844
SB88086_component_3546a,190.386686,-32.87603,2.2279999256134033,10.50943374633789,190.3866729736328,-32.87580108642578,1.8905956745147705,1.1221674680709839,1.1784645318984985
SB88086_component_3547a,189.428951,-33.744016,2.127000093460083,10.852041244506836,189.42909240722656,-33.743812561035156,2.161013603210449,0.9372407793998718,0.9842603802680969
SB88086_component_3553a,190.471432,-29.69898,2.2149999141693115,12.038043022155762,190.47149658203125,-29.699399948120117,1.9927786588668823,1.0584145784378052,1.1115132570266724
SB88086_component_3555a,193.111156,-31.41304,2.2850000858306885,11.482412338256836,193.1112060546875,-31.413057327270508,2.600079298019409,0.8368368148803711,0.8788194060325623
SB88086_component_3579a,188.116643,-30.671466,1.9869999885559082,10.740540504455566,188.11643981933594,-30.671648025512695,1.8928600549697876,0.999586820602417,1.0497342348098755
SB88086_component_3580a,189.511473,-30.935242,2.4590001106262207,14.380117416381836,189.5118865966797,-30.93498420715332,2.308387041091919,1.014357566833496,1.0652459859848022
SB88086_component_3593a,187.437061,-30.46807,2.246000051498413,10.850241661071777,187.43698120117188,-30.468107223510742,2.0711452960968018,1.032619595527649,1.0844241380691528
SB88086_component_3597a,191.180305,-28.644635,2.1579999923706055,10.475728034973145,191.180419921875,-28.644502639770508,1.9709243774414062,1.042611837387085,1.09491765499115
SB88086_component_3607a,191.387656,-31.94408,1.937999963760376,11.333333015441895,191.38720703125,-31.94371223449707,1.9519339799880981,0.9454309344291687,0.9928614497184753
SB88086_component_3612a,190.612167,-31.721729,2.309000015258789,12.089005470275879,190.6120147705078,-31.721965789794922,2.0447962284088135,1.0752638578414917,1.1292078495025635
SB88086_component_3618a,190.066728,-30.419823,2.0789999961853027,12.157894134521484,190.06658935546875,-30.41974449157715,1.8344457149505615,1.0791723728179932,1.1333123445510864
SB88086_component_3622a,190.495611,-32.053037,2.1549999713897705,10.939085960388184,190.49578857421875,-32.05282211303711,2.1473701000213623,0.9556118845939636,1.0035531520843506
SB88086_component_3634a,190.760065,-29.060418,2.065000057220459,10.98404312133789,190.76010131835938,-29.060514450073242,2.313321352005005,0.8500124216079712,0.8926559686660767
SB88086_component_3640a,192.659669,-31.322431,2.1659998893737793,10.776118278503418,192.6598358154297,-31.322175979614258,1.8836017847061157,1.0949909687042236,1.1499245166778564
SB88086_component_3646a,188.829199,-30.337422,1.965000033378601,10.076923370361328,188.8290557861328,-30.337646484375,2.275165557861328,0.8224144577980042,0.8636734485626221
SB88086_component_3652a,192.375773,-32.080248,2.184000015258789,11.316061973571777,192.37583923339844,-32.080204010009766,2.396280288696289,0.8678730130195618,0.9114125967025757
SB88086_component_3665a,192.475743,-31.030118,2.2960000038146973,12.212766647338867,192.4759063720703,-31.030174255371094,2.5266189575195312,0.8653131723403931,0.908724308013916
SB88086_component_3669a,188.116276,-30.873871,2.2219998836517334,12.276243209838867,188.1154022216797,-30.8739013671875,1.6982252597808838,1.2459193468093872,1.308424711227417
SB88086_component_3691a,191.182706,-33.607783,2.135999917984009,10.123222351074219,191.18251037597656,-33.607948303222656,2.100604295730591,0.9682736992835999,1.016850233078003
SB88086_component_3692a,189.769755,-31.258809,2.0869998931884766,12.422618865966797,189.7696533203125,-31.25885772705078,1.8695340156555176,1.0629925727844238,1.1163208484649658
SB88086_component_3696a,191.804799,-32.998654,2.1579999923706055,10.475728034973145,191.80479431152344,-32.998443603515625,1.4238746166229248,1.4431812763214111,1.5155829191207886
SB88086_component_3710a,188.555592,-32.479485,2.0959999561309814,10.532663345336914,188.55545043945312,-32.4796142578125,2.040658712387085,0.9780522584915161,1.0271192789077759
SB88086_component_3720a,192.744708,-32.27678,1.968999981880188,10.529411315917969,192.74473571777344,-32.276615142822266,2.4333889484405518,0.7705047726631165,0.8091595768928528
SB88086_component_3726a,192.036237,-30.679311,2.234999895095825,12.016128540039062,192.03634643554688,-30.679279327392578,3.3997275829315186,0.6260003447532654,0.6574055552482605
SB88086_component_3729a,188.201199,-32.283298,1.9459999799728394,10.135416030883789,188.2017364501953,-32.28290939331055,1.8497520685195923,1.0017756223678589,1.0520328283309937
SB88086_component_3741a,189.643036,-32.819083,2.1619999408721924,11.75,189.64295959472656,-32.818939208984375,1.5009613037109375,1.371599555015564,1.4404101371765137
SB88086_component_3742a,192.237311,-30.706114,1.9119999408721924,10.563535690307617,192.23709106445312,-30.70634651184082,1.6930694580078125,1.075360894203186,1.1293097734451294
SB88086_component_3754a,189.488281,-30.439444,1.9759999513626099,10.185566902160645,189.4881134033203,-30.43928337097168,2.0452945232391357,0.9199669361114502,0.9661200046539307
SB88086_component_3758a,190.224131,-30.095701,2.0490000247955322,10.841270446777344,190.2238311767578,-30.095840454101562,1.7385218143463135,1.1222845315933228,1.1785874366760254
SB88086_component_3782a,191.044829,-30.5053,1.9989999532699585,10.983516693115234,191.04481506347656,-30.505416870117188,2.0222604274749756,0.9412757158279419,0.988497793674469
SB88086_component_3790a,188.526556,-30.447114,2.0460000038146973,10.601036071777344,188.52577209472656,-30.447080612182617,1.9877105951309204,0.9801525473594666,1.0293248891830444
SB88086_component_3793a,188.188804,-30.117932,2.187000036239624,10.514423370361328,188.18881225585938,-30.11786460876465,2.178501844406128,0.9559431076049805,1.0039008855819702
SB88086_component_3799a,187.297612,-30.8698,2.0490000247955322,10.29648208618164,187.29847717285156,-30.8697566986084,2.037316083908081,0.9576894640922546,1.005734920501709
SB88086_component_3848a,189.883942,-30.681769,1.8739999532699585,10.77011489868164,189.88409423828125,-30.681556701660156,2.0322682857513428,0.878071129322052,0.9221222996711731
SB88086_component_3852a,189.869122,-33.764231,2.1050000190734863,10.420791625976562,189.86993408203125,-33.764339447021484,1.9034416675567627,1.0530613660812378,1.1058915853500366
SB88086_component_3871a,189.761134,-32.454195,1.9839999675750732,10.387434005737305,189.76121520996094,-32.45431900024414,2.108391523361206,0.8960486650466919,0.9410016536712646
SB88086_component_3879a,190.896304,-29.939389,2.069000005722046,12.242603302001953,190.89602661132812,-29.939786911010742,2.0514845848083496,0.9603585600852966,1.0085378885269165
SB88086_component_3880a,191.110311,-32.538853,2.072999954223633,10.910526275634766,191.11056518554688,-32.538692474365234,1.9189801216125488,1.0286556482315063,1.0802613496780396
SB88086_component_3908a,191.90201,-32.127118,1.9019999504089355,10.063491821289062,191.90213012695312,-32.12701416015625,1.8932842016220093,0.9566121101379395,1.0046035051345825
SB88086_component_3916a,188.553512,-30.217275,2.0250000953674316,10.492228507995605,188.55250549316406,-30.217300415039062,1.4647657871246338,1.3164308071136475,1.3824735879898071
SB88086_component_3931a,188.138165,-29.065063,1.9579999446868896,10.04102611541748,188.13848876953125,-29.064617156982422,1.6911652088165283,1.1024726629257202,1.1577816009521484
SB88086_component_3955a,190.044161,-31.769099,2.0309998989105225,11.474575996398926,190.0438690185547,-31.76909065246582,2.1156439781188965,0.9141310453414917,0.9599913358688354
SB88086_component_3987a,191.56457,-32.329583,1.8839999437332153,10.704545021057129,191.564697265625,-32.329830169677734,1.8858309984207153,0.9513039588928223,0.9990290403366089
SB88086_component_4126a,189.464823,-31.500191,1.7269999980926514,10.04069709777832,189.4647979736328,-31.500450134277344,1.5736169815063477,1.045043706893921,1.0974715948104858
