Component_ID,RA,DEC,ASKAP_flux,ASKAP_flux_SNR,RA_comp,DEC_comp,Comp_flux,Flux_Ratio_AlphaCorr,Flux_Ratio_NOAlphaCorr
SB88715_component_1a,258.756138,-3.358897,2205.8349609375,2371.865478515625,258.75604542683124,-3.358804333069564,1297.7037028092107,1.2741070783192383,1.699798618253464
SB88715_component_3a,254.683575,-7.654877,835.375,2125.635986328125,254.68350683688644,-7.654825400488397,878.2742558884742,0.7129511565683577,0.9511550570896824
SB88715_component_7a,258.735762,-5.972378,603.4349975585938,2088.01025390625,258.7356531745768,-5.972224472730689,517.9706667094414,0.8732403301985905,1.1649983992184139
SB88715_component_13a,254.939826,-4.347631,442.3089904785156,1450.193359375,254.9398835321221,-4.347394197829443,328.5117653675776,1.0092140675042525,1.3464022817679249
SB88715_component_15a,260.368326,-4.574725,389.510986328125,1176.7703857421875,260.36818191737785,-4.5745543530248,262.8713954592093,1.1106694787859774,1.481754930572379
SB88715_component_26a,258.27808,-5.580491,265.25201416015625,1100.6307373046875,258.27803636845675,-5.580343720894961,169.98187945059098,1.1696731482884433,1.5604722986796817
SB88715_component_29a,259.415773,-5.157091,268.1090087890625,1000.40673828125,259.41571175342926,-5.156933237533174,153.01763387023183,1.3133436586914788,1.7521445209147273
SB88715_component_31a,259.996944,-2.452074,251.05599975585938,235.9548797607422,259.9966941452618,-2.4521312342997925,202.4546762595289,0.9295039693921776,1.2400602662989513
SB88715_component_32a,259.816605,-5.419268,227.46200561523438,868.1755981445312,259.8165330777405,-5.419113757006957,163.19194862962195,1.04476494548257,1.393831053096123
SB88715_component_33a,254.432386,-7.720734,223.19700622558594,601.6091918945312,254.43233608218924,-7.720700247498319,177.12061419645605,0.9445560021892206,1.260141329331794
SB88715_component_34a,257.250654,-6.896451,229.2429962158203,959.1757202148438,257.25050846451376,-6.896272531562424,153.61915301205556,1.1185596950151762,1.4922813446174255
SB88715_component_35a,257.571713,-3.930577,223.52099609375,904.9432983398438,257.57169506478306,-3.930461404053567,182.01551262968928,0.9204885222378849,1.2280326707564957
SB88715_component_36a,256.050145,-5.102017,219.76600646972656,919.5230712890625,256.0500949842242,-5.101918862524342,136.00329430765046,1.2112102706696493,1.6158873767616104
SB88715_component_38a,257.002888,-2.592928,220.4340057373047,335.006103515625,257.00286123626097,-2.5928517074520823,185.26652500525742,0.891846461765287,1.1898210199119852
SB88715_component_42a,259.820774,-9.471557,205.29200744628906,475.2129821777344,259.8205557935148,-9.471314735444968,129.699879385187,1.1864267385554086,1.582823426046574
SB88715_component_43a,256.776895,-7.013461,209.24000549316406,1001.1483154296875,256.77674967593043,-7.013258929539595,123.64892869641696,1.2684192411183968,1.6922104194439924
SB88715_component_44a,253.576418,-6.729821,223.51400756835938,228.77584838867188,253.57657985186265,-6.729665936339395,142.99047887421372,1.1716720806871832,1.5631390937922576
SB88715_component_45a,258.250124,-7.94328,189.14199829101562,501.7029113769531,258.24996359460096,-7.943176175719214,131.37821370013796,1.079128287564818,1.4396755212604706
SB88715_component_52a,256.482592,-3.05439,183.88800048828125,580.0883178710938,256.48256902093976,-3.054292907057954,155.7830364369278,0.8847930089627831,1.1804109400751883
SB88715_component_53a,261.357443,-4.893274,191.83599853515625,245.3145751953125,261.35721873129324,-4.893137728334512,166.0555356428848,0.8659348246986152,1.1552520534317767
SB88715_component_54a,258.936594,-6.755135,167.3000030517578,708.8983154296875,258.93649000446453,-6.75498819658839,93.03197149028797,1.347945027717854,1.7983065431352598
SB88715_component_57a,261.10459,-7.259241,170.35499572753906,338.0059509277344,261.10437336421097,-7.259104412666982,104.87408634351807,1.2175733680415053,1.6243764467185573
SB88715_component_59a,254.462419,-5.960223,161.64599609375,540.6220703125,254.46249062887836,-5.960003794863481,99.82816056991688,1.2137251172186232,1.6192424579489033
SB88715_component_60a,257.291641,-3.60803,155.5469970703125,650.8242797851562,257.291616980265,-3.6079086262810187,109.75503313783149,1.0622962357746386,1.4172197176139976
SB88715_component_63a,257.408929,-6.742915,161.86099243164062,682.957763671875,257.4087920483993,-6.7427586426601325,103.48126625187034,1.1724353953242248,1.5641574392574185
SB88715_component_70a,261.267303,-4.859713,143.52999877929688,219.80091857910156,261.267078790634,-4.859586376134541,87.60313390770662,1.2280936756446355,1.6384116911903108
SB88715_component_71a,255.519351,-8.185403,136.1009979248047,560.08642578125,255.5191943244967,-8.185301560771045,69.89206222826603,1.4596270770805528,1.9473026490519287
SB88715_component_72a,255.045816,-8.903872,137.79200744628906,454.75909423828125,255.04573478244853,-8.903773766755165,82.2629688930639,1.2555329206197783,1.6750186542064756
SB88715_component_77a,254.565297,-7.791433,125.8759994506836,386.1226806640625,254.56524558818242,-7.791394249305818,93.4465339338706,1.009690316206382,1.3470376497833765
SB88715_component_78a,260.570875,-3.006062,131.72999572753906,204.5496826171875,260.570712655412,-3.0059570645703557,92.1720733211142,1.0712572587424658,1.4291747053211092
SB88715_component_81a,260.339722,-9.956021,128.7209930419922,135.06924438476562,260.339532805782,-9.95575148737277,85.3395103939798,1.1305966419639035,1.508339952358957
SB88715_component_83a,254.270829,-9.521014,121.43900299072266,148.45843505859375,254.2708327325967,-9.520899757987381,87.20707329026409,1.0437943410485733,1.3925361603011193
SB88715_component_85a,254.421762,-8.912072,119.63700103759766,284.17340087890625,254.4217624681666,-8.911997103272993,103.09485079381152,0.8698352433411571,1.160455639795922
SB88715_component_89a,257.584728,-8.444814,120.29900360107422,481.1960144042969,257.5846578999367,-8.44477979643738,65.54801796667832,1.375659408369369,1.835280567327434
SB88715_component_91a,260.644708,-8.581103,115.0479965209961,341.3887023925781,260.6446246873217,-8.580947852981208,73.97793491045947,1.165696017842521,1.5551663703541674
SB88715_component_98a,256.057606,-3.703653,105.88899993896484,387.8717956542969,256.05755682001137,-3.7035743921208284,71.24635885097396,1.1140293408034838,1.486237355097022
SB88715_component_101a,253.731691,-3.836092,106.36299896240234,98.94232177734375,253.73177678599197,-3.8358265048959375,81.58527181189235,0.9772085672230065,1.303703433232887
SB88715_component_102a,254.084445,-4.347943,100.9739990234375,189.80075073242188,254.08453822619276,-4.347691019454696,65.23161724132414,1.1602721483172287,1.547930333382423
SB88715_component_105a,258.08814,-8.023008,111.88099670410156,374.1839294433594,258.08792759654574,-8.022842842961618,64.07831301997474,1.3087410165899698,1.7460040914189732
SB88715_component_107a,255.310226,-6.721555,102.47799682617188,401.87451171875,255.31016415247493,-6.721436915133047,103.73004931797568,0.7405160906096748,0.9879297031088287
SB88715_component_109a,258.516536,-5.709289,98.74500274658203,418.4110412597656,258.5164516091721,-5.709170002379071,76.9746096149791,0.9615593335729657,1.282825638746292
SB88715_component_113a,253.788018,-8.796168,101.08799743652344,115.92660522460938,253.7881402202143,-8.796082851731612,88.73182671444725,0.8539424976936043,1.1392529735901895
SB88715_component_114a,257.846482,-9.763016,103.59700012207031,252.6756134033203,257.84637927906334,-9.762853125866458,60.50903402807481,1.283321340763136,1.7120914552032622
SB88715_component_119a,257.841445,-3.115948,93.00800323486328,313.15826416015625,257.8414338478021,-3.115803730920314,66.26909150570623,1.052004894694459,1.4034899396026073
SB88715_component_122a,256.362708,-10.433492,99.96499633789062,20.154232025146484,256.3625947934286,-10.433344546667843,58.67462914689018,1.2770445784528173,1.7037175656897845
SB88715_component_124a,259.928999,-9.739459,88.73999786376953,168.06817626953125,259.92883350445356,-9.739103637063328,52.842315619564836,1.2587689735857075,1.6793359038738567
SB88715_component_127a,254.151937,-7.746017,87.84700012207031,207.67611694335938,254.15194170693763,-7.746023172859066,60.99533789929009,1.0795400289442358,1.440224829430656
SB88715_component_128a,258.990855,-4.895696,85.9000015258789,367.0940246582031,258.99080482775935,-4.895519749584956,63.75666959867227,1.0098944953746993,1.347310047193365
SB88715_component_132a,254.444946,-2.897143,84.99600219726562,102.15865325927734,254.4450391903449,-2.896941235352211,51.20778308198774,1.244144950144784,1.6598258522767966
SB88715_component_136a,254.822536,-6.735478,81.11699676513672,329.7438659667969,254.82254861858848,-6.735289931249479,52.39622062430485,1.1604337668210205,1.5481459501968213
SB88715_component_137a,258.582225,-8.35508,81.34700012207031,300.1734313964844,258.5820569590013,-8.354942298682623,58.61432939916401,1.0402702960674635,1.3878346976913554
SB88715_component_141a,259.884808,-6.214722,81.53399658203125,370.60906982421875,259.88468716075437,-6.214552706394025,54.20719824526842,1.1274316604742678,1.50411751983784
SB88715_component_144a,257.618697,-3.507954,83.23100280761719,342.514404296875,257.61872287766585,-3.5078323188948244,49.59457028223927,1.2579386246287259,1.678228127271903
SB88715_component_146a,257.561457,-5.757558,84.59600067138672,374.318603515625,257.5614379298553,-5.757453866463282,53.76104140386357,1.1794800939851033,1.5735558401089151
SB88715_component_148a,256.61329,-8.397615,76.00299835205078,376.25244140625,256.61316934893756,-8.397513408311342,52.661291174854306,1.0818017487787248,1.443242211811588
SB88715_component_149a,255.27466,-7.586021,80.29000091552734,341.6595764160156,255.2745803427618,-7.585954979101852,56.78345213478567,1.0598590868083477,1.4139682935258089
SB88715_component_157a,260.619125,-3.395344,76.3219985961914,155.75917053222656,260.6189761358065,-3.395283661414068,40.85425711848473,1.4002993047673578,1.8681528922394504
SB88715_component_159a,255.363354,-9.881889,75.59400177001953,111.66027069091797,255.36329300525932,-9.881707657355232,48.43951043961458,1.1697580641027032,1.5605855856915842
SB88715_component_162a,254.702744,-6.836059,70.8499984741211,285.68548583984375,254.70276542783714,-6.83588787600557,52.62625230946537,1.0091270743927379,1.3462862234135946
SB88715_component_164a,261.241405,-9.536195,73.8499984741211,50.3408317565918,261.24123004116916,-9.536084773435277,72.63774082640333,0.7620730770938082,1.0166890879854722
SB88715_component_168a,254.26281,-3.596975,71.11799621582031,139.44705200195312,254.26292034197664,-3.596710424345406,48.48443818494491,1.0994756124288694,1.4668210848301306
SB88715_component_169a,256.028827,-7.622643,70.95800018310547,299.4008483886719,256.02871793296555,-7.622509770450271,50.47701268548577,1.0536980566693834,1.4057488034253032
SB88715_component_172a,257.813348,-7.971981,69.86100006103516,288.68182373046875,257.81321645523934,-7.971877451424667,48.69608644624099,1.0753484046498414,1.4346327427802559
SB88715_component_180a,256.931944,-3.347154,66.65899658203125,264.51983642578125,256.93187221496584,-3.3470354293959454,40.84843189158514,1.2231841341180496,1.631861824193137
SB88715_component_184a,260.615193,-8.143946,67.89199829101562,214.84808349609375,260.61511421874803,-8.14380167130069,56.41905573811658,0.9019889868726721,1.203352261089828
SB88715_component_185a,253.648948,-7.697051,70.12200164794922,77.82685852050781,253.64907066225294,-7.696996645246125,50.382434974136665,1.0432385051340147,1.391794614213181
SB88715_component_186a,254.703456,-6.41537,65.88400268554688,266.7368469238281,254.70347254656895,-6.415145474974527,41.8195881611332,1.180887923396067,1.5754340389889099
SB88715_component_187a,259.726299,-9.035763,64.9260025024414,240.46665954589844,259.72609066949354,-9.035605292899112,77.8466083090521,0.6251545913751607,0.8340248074095186
SB88715_component_188a,255.614269,-4.745599,65.02799987792969,263.2712707519531,255.61425552238367,-4.745447700264087,44.91189240574526,1.0852942396949221,1.4479015778371234
SB88715_component_189a,256.435405,-7.209533,68.22100067138672,327.9855651855469,256.435299457926,-7.20934149730632,39.772905867390044,1.2856987439294214,1.7152631718398372
SB88715_component_190a,254.143944,-3.921903,63.590999603271484,116.68073272705078,254.14400677676448,-3.921650945960181,46.76338474922345,1.0192909550309548,1.3598459552123732
SB88715_component_192a,254.0485,-9.660292,70.25199890136719,53.22121047973633,254.0485163460704,-9.660194262915388,56.70438931060907,0.9286465825619635,1.2389164182079186
SB88715_component_194a,254.551985,-6.860805,65.16400146484375,239.57351684570312,254.55200648829896,-6.860606162808587,42.73927916924125,1.1428494093212929,1.5246864882021969
SB88715_component_195a,255.5588,-2.538978,61.94300079345703,78.8078842163086,255.5588309230839,-2.538877299189067,49.41589507188167,0.9395805783485076,1.2535035680999627
SB88715_component_198a,259.493084,-7.638398,62.48500061035156,241.25482177734375,259.49294224071417,-7.638186015053117,41.193447761464604,1.1369885532931239,1.5168674632960597
SB88715_component_202a,256.350294,-4.259933,63.67100143432617,284.24554443359375,256.35026411827835,-4.259823719541067,40.659418165809186,1.1737861413312491,1.5659594826142298
SB88715_component_215a,253.975242,-8.246509,59.21900177001953,114.10212707519531,253.97531602812114,-8.246433256624831,39.3150232826145,1.1290443499728433,1.506269024548862
SB88715_component_218a,255.180736,-9.881881,61.47800064086914,88.8410415649414,255.18075432904578,-9.881712020795147,41.87406910149184,1.1004822100449363,1.4681639964786435
SB88715_component_219a,257.763178,-9.013951,59.970001220703125,236.10235595703125,257.76316652934406,-9.0137931123249,41.17445461233094,1.0917285278012145,1.45648562404378
SB88715_component_222a,254.215029,-9.802276,60.06399917602539,44.06749725341797,254.21506549717594,-9.802147146967963,39.92865343131982,1.1275557848452322,1.5042831153657565
SB88715_component_224a,255.831293,-2.264921,59.45000076293945,56.13786697387695,255.8311219488921,-2.2650787244790314,52.32535406102479,0.8516244969574961,1.1361605063122076
SB88715_component_226a,258.909729,-6.50563,57.07899856567383,288.27777099609375,258.9096168531214,-6.505502048085146,34.79994159980471,1.2294370206089686,1.6402038607442417
SB88715_component_227a,256.026516,-2.627356,55.89500045776367,99.4572982788086,256.02655165376575,-2.627312218250159,43.19780148106434,0.9698839584924996,1.293931601641003
SB88715_component_230a,258.32024,-7.289958,54.90800094604492,247.3333282470703,258.320016453746,-7.289743688135606,47.82960962840264,0.8604928236991903,1.1479918270844285
SB88715_component_231a,254.948238,-7.648108,54.57899856567383,200.65806579589844,254.94816143085717,-7.648084342952457,34.83725980221154,1.1743296656296487,1.5666846036555677
SB88715_component_241a,259.614036,-6.829629,53.20800018310547,247.47906494140625,259.61389505427843,-6.829453953495491,30.619970286706273,1.3025086854601773,1.7376894779746352
SB88715_component_245a,255.608402,-7.529678,53.67399978637695,243.9727325439453,255.6083603969034,-7.529580633870134,31.806189762603612,1.264913334854459,1.687533155872842
SB88715_component_248a,257.222043,-9.103368,54.229000091552734,232.74249267578125,257.22206549423737,-9.103269530612458,32.78407634381124,1.2398727092887079,1.6541262142890818
SB88715_component_250a,258.176362,-4.509678,50.79199981689453,239.5849151611328,258.1763696880822,-4.509505989753757,32.74601445319503,1.162640158906432,1.5510895192907592
SB88715_component_254a,256.003333,-6.599497,53.42300033569336,251.9952850341797,256.0033493613658,-6.599231057193061,53.93038525180726,0.7425115421775078,0.9905918544111105
SB88715_component_257a,254.743716,-4.329534,49.04499816894531,174.53736877441406,254.74378933083753,-4.329272088106355,43.107432479146006,0.8528075226145787,1.1377387923224542
SB88715_component_258a,258.192042,-9.184359,52.571998596191406,184.46315002441406,258.191935635992,-9.184150179917546,35.06439827200336,1.1238194745874124,1.499298467590323
SB88715_component_260a,259.643299,-3.392624,53.61800003051758,175.79672241210938,259.6431782000991,-3.3925447236089603,33.289832889174214,1.207278460060086,1.610641910069607
SB88715_component_261a,259.051827,-8.456263,51.53200149536133,204.4920654296875,259.0516113460009,-8.456113586497057,30.199079543435296,1.2790624851124484,1.7064096745479582
SB88715_component_265a,259.51932,-7.269355,52.986000061035156,235.49334716796875,259.5192115225241,-7.26911244442353,35.903974843103605,1.1061832073469158,1.47576975230676
SB88715_component_268a,254.23849,-6.436376,48.441001892089844,147.23709106445312,254.2385719687278,-6.43616133828768,35.80072003559298,1.0142144926746364,1.353073397516305
SB88715_component_269a,259.167541,-9.789874,49.6609992980957,105.8869857788086,259.16735586991166,-9.789669806446577,32.095261823240456,1.1597996892499758,1.5473000211556382
SB88715_component_270a,259.753595,-4.25507,48.36899948120117,204.95338439941406,259.75346905241787,-4.2549137071319425,31.470063518551875,1.152067542048283,1.5369844885342296
SB88715_component_271a,260.04728,-5.037511,51.13100051879883,195.156494140625,260.0472010646149,-5.037397297432569,30.602145695796207,1.2523936849501225,1.6708305694336543
SB88715_component_273a,261.015775,-3.338378,49.26300048828125,61.1203498840332,261.01555116079055,-3.3383496783528104,28.691595950759464,1.2869883346160857,1.7169836272902506
SB88715_component_277a,259.02933,-9.380389,46.59700012207031,154.80731201171875,259.0291475969321,-9.380147892014138,25.245360499042125,1.383518076742605,1.8457648930716726
SB88715_component_279a,258.63133,-9.918269,49.191001892089844,102.91004943847656,258.6312007447641,-9.917983062790215,29.886248355877967,1.2337373807538299,1.6459410129480188
SB88715_component_283a,255.091207,-8.321317,46.98400115966797,190.2186279296875,255.0911213254287,-8.321249269265346,28.54007432220524,1.2339664598077753,1.6462466295370741
SB88715_component_284a,256.956764,-6.042865,46.81100082397461,238.83164978027344,256.956674686244,-6.042746728683475,54.10776067084673,0.6484803528007634,0.8651439321013406
SB88715_component_286a,258.718039,-7.298426,47.520999908447266,213.09864807128906,258.71781322102794,-7.298146480052562,32.37356967584868,1.100280553443739,1.4678949644499313
SB88715_component_290a,257.20062,-4.830273,45.26300048828125,211.5093536376953,257.2006752216486,-4.830170729119857,28.84382030019052,1.176248317889024,1.5692442962551074
SB88715_component_291a,258.431238,-4.566972,47.374000549316406,207.78070068359375,258.43123746242384,-4.566810148324988,28.010283647850628,1.2677423851026903,1.6913074192646262
SB88715_component_295a,260.046214,-6.850832,44.92499923706055,143.99037170410156,260.0460530641407,-6.850688659575017,26.4152948223781,1.2747971173480401,1.7007192060185405
SB88715_component_296a,253.575982,-5.407506,48.01599884033203,48.64842987060547,253.5761159166227,-5.4072046424237445,30.613816089600206,1.1756470414788285,1.5684421275609448
SB88715_component_297a,258.201523,-8.177703,45.0620002746582,104.3101806640625,258.2013853905664,-8.177597717345943,36.66005225574609,0.9213525513074347,1.229185380323488
SB88715_component_298a,257.527558,-9.235626,44.74700164794922,174.79296875,257.52754678842155,-9.235460843623452,25.710250102778534,1.304566118783927,1.740434319739012
SB88715_component_299a,258.036253,-3.531714,42.319000244140625,168.6016082763672,258.0362150768124,-3.531610025457344,39.10495433057064,0.8111703591713014,1.0821902484887285
SB88715_component_301a,256.844648,-9.017388,43.6349983215332,193.07521057128906,256.8446695138967,-9.017282928456234,30.155061723287172,1.084633960763338,1.447020693306563
SB88715_component_302a,261.252026,-5.365072,47.20399856567383,82.81403350830078,261.2518960149318,-5.364872536660612,21.75301533371104,1.626551352389139,2.1699979447226765
SB88715_component_303a,259.615486,-8.776095,44.2140007019043,164.9776153564453,259.6152843118601,-8.775919959846068,28.838185337488373,1.1492125015156294,1.5331755512517649
SB88715_component_308a,260.565321,-9.774219,46.619998931884766,59.46428680419922,260.5652130563077,-9.774124784569546,43.806939358162985,0.7976967162216364,1.0642149306693711
SB88715_component_311a,258.866589,-5.56756,45.45500183105469,211.41860961914062,258.8665855901269,-5.567318921262681,15.045340438543999,2.2645823440104347,3.021201282664599
SB88715_component_314a,255.438972,-4.466629,44.45100021362305,184.44398498535156,255.43899570835322,-4.466455755619561,28.829284075411888,1.1557293347247395,1.5418697216811816
SB88715_component_316a,257.87387,-7.165045,42.47800064086914,207.2097625732422,257.8736536519989,-7.164843420015258,24.779924590978155,1.2849095094643188,1.7142102464805111
SB88715_component_320a,258.383585,-8.465503,41.24599838256836,112.0815200805664,258.3834655081635,-8.4653799477743,26.201695300578496,1.179942611183775,1.5741728887923412
SB88715_component_324a,254.595219,-3.984738,40.542999267578125,121.75074768066406,254.59532406816092,-3.9844773403197107,29.01381171463011,1.0474168151515661,1.3973689381576315
SB88715_component_325a,260.71733,-3.586407,40.37300109863281,92.38672637939453,260.71719403043903,-3.586337026149015,27.82858161365453,1.0874477992264908,1.4507746625082454
SB88715_component_327a,254.603002,-3.762356,42.540000915527344,118.4958267211914,254.60308959095713,-3.762124274446362,23.952505767235888,1.3312358300335183,1.7760146403436792
SB88715_component_328a,255.121474,-4.493654,38.909000396728516,162.79916381835938,255.121517351694,-4.493410584404552,32.055410644727104,0.9098235738856921,1.2138044596576953
SB88715_component_330a,254.334212,-2.994137,37.564998626708984,46.4913330078125,254.3342890447011,-2.993922778580011,25.693707008914416,1.0958852116583222,1.4620310963177028
SB88715_component_332a,255.559352,-7.534557,39.96099853515625,185.8651123046875,255.5592855206077,-7.534458623143697,75.1411357105226,0.39862729576874434,0.5318125439187392
SB88715_component_336a,257.934209,-8.784613,39.82099914550781,161.8739776611328,257.9341681245256,-8.784450994125777,38.84256647992828,0.7684448272973872,1.0251897017691953
SB88715_component_340a,258.593642,-5.544694,38.880001068115234,192.47525024414062,258.59358851780763,-5.544539870019198,27.225678443201026,1.0704244339180042,1.4280636256403227
SB88715_component_342a,259.489565,-6.683382,40.33300018310547,195.791259765625,259.48940252570355,-6.68322540680023,37.02765962973572,0.8164746815116958,1.0892667964009082
SB88715_component_345a,259.664665,-7.31454,39.185001373291016,155.49603271484375,259.6645708462468,-7.31426095034353,22.123750214942916,1.3276071308097923,1.7711735574931828
SB88715_component_346a,255.304311,-7.944447,39.60599899291992,174.47576904296875,255.3042245911765,-7.944352002973181,23.26007552208896,1.2763162778936044,1.7027459328456622
SB88715_component_348a,261.448034,-4.298698,40.4900016784668,38.74641418457031,261.4478296209734,-4.298613854419237,33.44144012146429,0.9075515016856901,1.2107732660854642
SB88715_component_351a,254.795719,-7.61949,37.33300018310547,128.73448181152344,254.79564882196982,-7.619469755361341,32.7288211442396,0.8550095906165037,1.1406765926146478
SB88715_component_352a,255.353867,-6.526026,37.790000915527344,162.1888427734375,255.35381494859556,-6.525862722024352,40.376283463498616,0.7015506289138668,0.9359455025049706
SB88715_component_360a,253.777684,-4.993815,38.40999984741211,56.81952667236328,253.77787458652844,-4.993470597717309,36.48650222688635,0.7890790812272505,1.0527180601901698
SB88715_component_368a,253.612507,-7.723034,39.375,41.66666793823242,253.61256011023437,-7.722961057102459,23.87501706117881,1.2361903036212134,1.6492134811507395
SB88715_component_369a,254.761597,-6.74296,36.97200012207031,154.0500030517578,254.76163622653743,-6.742716741330686,25.91731769717318,1.0692797690779199,1.4265365171683209
SB88715_component_373a,258.12724,-5.224908,34.928001403808594,163.98123168945312,258.12729842068046,-5.224712075625506,36.182046178530896,0.7235841894527443,0.9653406894531463
SB88715_component_374a,261.101637,-7.739631,38.090999603271484,68.38600158691406,261.10144544716934,-7.7395108511432635,28.093546370719153,1.016305464740036,1.3558629836414067
SB88715_component_378a,258.590644,-5.70847,34.38199996948242,154.1793670654297,258.590540860754,-5.7083000436283395,22.63645972389401,1.1384948927710066,1.5188770854123606
SB88715_component_385a,255.412114,-8.986589,34.70199966430664,129.48507690429688,255.411931256866,-8.986446255896874,31.470762066288508,0.8265244367764742,1.1026742724314083
SB88715_component_388a,259.256699,-8.498,34.630001068115234,142.51028442382812,259.2565174297462,-8.497811406203796,21.184994245207374,1.22527228793709,1.63464765046842
SB88715_component_389a,255.555277,-9.113325,33.82400131225586,119.51943969726562,255.55506617085234,-9.113185018433198,29.82924778238007,0.8499456144299005,1.1339206928387737
SB88715_component_391a,254.850881,-8.877636,33.02000045776367,107.20779418945312,254.85081860472235,-8.877523841092184,19.89351900055989,1.2441533648668597,1.6598370784391814
SB88715_component_392a,255.665309,-8.456947,33.81399917602539,136.34677124023438,255.66507590892354,-8.456793664199784,21.244222617730955,1.1930651242813999,1.5916797608684154
SB88715_component_399a,257.915874,-6.45,31.358999252319336,138.7566375732422,257.9157341454965,-6.449881429090748,18.80350910315213,1.2500625560160576,1.6677205876993706
SB88715_component_401a,259.323052,-3.803621,33.31999969482422,138.25726318359375,259.3229240500058,-3.8034896290979208,18.52687125587344,1.3480666406283517,1.7984687880993946
SB88715_component_402a,258.45647,-7.832658,32.34199905395508,120.6791000366211,258.4562144542428,-7.83246618673017,22.520187539798005,1.076473427448168,1.436133646613725
SB88715_component_406a,255.675044,-2.719592,32.85300064086914,62.93678283691406,255.67503061944845,-2.719533805887507,21.36367777073791,1.1526766080758908,1.5377970494325792
SB88715_component_407a,259.945836,-8.785956,34.13199996948242,122.3369140625,259.94555167343236,-8.7858035361777,19.291348543431884,1.3261956696384483,1.7692905134464187
SB88715_component_409a,256.935725,-3.548548,34.5369987487793,160.63720703125,256.93566530270226,-3.548571079369666,38.126003096290816,0.6790031243293464,0.9058646578177327
SB88715_component_412a,254.18857,-2.769396,32.37200164794922,25.330204010009766,254.18874995618768,-2.76902732883803,27.04787185240959,0.8971083732895538,1.1968409871427768
SB88715_component_415a,260.409134,-8.834363,32.1349983215332,98.27217102050781,260.40902815101117,-8.834237192387663,23.38314176324617,1.0301106458996898,1.3742806098042515
SB88715_component_416a,253.877771,-3.52701,32.625,33.35889434814453,253.87793548550826,-3.5267601818293355,24.142553413552474,1.0129214686301249,1.3513483615898676
SB88715_component_418a,254.903103,-4.563566,33.12200164794922,132.48800659179688,254.90315950581055,-4.563331621610284,15.547577173973135,1.5968433344633288,2.130364189694837
SB88715_component_422a,256.591805,-5.042923,31.086000442504883,138.7767791748047,256.59176052903786,-5.0427971978582855,25.092019091387996,0.9286192797394999,1.2388799932474992
SB88715_component_423a,253.567732,-7.711554,31.513999938964844,30.987218856811523,253.56787264514787,-7.711598130310332,25.879571068630494,0.9127564538490808,1.2177172432801266
SB88715_component_424a,253.656494,-7.747399,31.341999053955078,34.863182067871094,253.65669518812615,-7.747322069215016,21.35929166044007,1.0998875944053457,1.4673707139831869
SB88715_component_427a,254.163844,-7.327227,31.775999069213867,83.40157318115234,254.1637861052409,-7.327176960832264,20.901031285578735,1.139567238917299,1.5203077128131293
SB88715_component_429a,257.22512,-7.672744,30.600000381469727,142.99066162109375,257.22493243997457,-7.672584820951351,21.518842627239767,1.065886542528689,1.4220095806981048
SB88715_component_430a,254.268118,-7.246222,29.785999298095703,93.08125305175781,254.26814370645934,-7.246225823483363,21.295798254078512,1.0483992646338773,1.3986796335465457
SB88715_component_433a,256.010233,-2.795403,31.010000228881836,68.30396270751953,256.0101789927351,-2.7953426227487026,26.414938641732125,0.8799553170105624,1.1739569282924671
SB88715_component_434a,255.815187,-3.178007,32.44200134277344,100.43962860107422,255.8152522007467,-3.1779931694934653,23.064953445087816,1.0542983143566425,1.4065496130313095
SB88715_component_437a,255.967501,-8.619715,31.697999954223633,136.0429229736328,255.96724610443914,-8.619535788268774,18.890731671750608,1.2577419251056197,1.6779657085291801
SB88715_component_438a,260.212203,-7.548166,29.99799919128418,101.00336456298828,260.21207402277435,-7.547873444852472,24.62835685556182,0.9129885015368671,1.2180268203523994
SB88715_component_439a,255.524181,-3.408974,29.7549991607666,102.9584732055664,255.5241994369801,-3.4089312373006044,19.59556618317356,1.1381790374438197,1.5184556997550194
SB88715_component_443a,257.71288,-4.554623,29.100000381469727,142.64706420898438,257.7128841830154,-4.554485225784203,26.014607045314566,0.8384635374835958,1.1186023425524263
SB88715_component_446a,260.901387,-4.403064,31.256999969482422,74.2446517944336,260.9011862043393,-4.402945113583581,19.985778111679156,1.1722889935329268,1.563962123206835
SB88715_component_447a,253.530429,-7.238228,30.099000930786133,30.997940063476562,253.5307227864984,-7.238236890123311,35.71963418668715,0.6316165984479608,0.8426458337584025
SB88715_component_450a,257.140547,-7.526008,28.93199920654297,143.94029235839844,257.14032934223724,-7.52583046223985,16.952011082645676,1.2792801861364798,1.7067001115968827
SB88715_component_453a,257.241125,-7.187424,29.898000717163086,157.35789489746094,257.240920990317,-7.187228438451778,20.307902910896384,1.1035335114823432,1.4722347673388299
SB88715_component_463a,255.131195,-9.040288,27.458999633789062,91.22591400146484,255.13109597070482,-9.04017094832604,16.796438251704227,1.225394622539434,1.6348108582486511
SB88715_component_464a,258.855837,-4.160158,27.738000869750977,107.51163482666016,258.8557844298862,-4.159942841838504,18.63835627909864,1.1155165163515737,1.4882214104286025
SB88715_component_465a,255.684961,-7.508243,28.018999099731445,119.73931121826172,255.6848981764987,-7.508144759366238,18.283888332886193,1.1486626867353045,1.532442038017442
SB88715_component_466a,256.705941,-6.519532,30.624000549316406,158.67356872558594,256.7059562785909,-6.519365238716142,21.60707307775137,1.062366676664728,1.4173136934890869
SB88715_component_467a,257.618555,-5.192726,28.229999542236328,131.3023223876953,257.6186155268025,-5.192567461855116,17.30622871843947,1.2226914875789932,1.631204579664302
SB88715_component_471a,259.07762,-9.972919,26.773000717163086,44.547420501708984,259.077422276738,-9.972615797758454,23.935976616580522,0.8384059548940908,1.118525521060935
SB88715_component_473a,261.044176,-6.355423,28.724000930786133,81.37110900878906,261.0439315537142,-6.355282602806738,15.543322122239527,1.385190617482584,1.8479962459047008
SB88715_component_474a,260.143865,-8.862955,28.93199920654297,97.41413879394531,260.143729398498,-8.862728408724557,19.522675964892397,1.1108298848064273,1.4819689298009835
SB88715_component_477a,259.00306,-3.865251,28.56999969482422,107.81132507324219,259.0029708729102,-3.8651224160127877,17.153298896182708,1.2484496647241474,1.6655688137739022
SB88715_component_478a,253.838263,-3.501624,28.84000015258789,26.33789825439453,253.83838589392022,-3.5013120617034437,19.828320035755358,1.0902291629941998,1.4544853069035726
SB88715_component_480a,258.744595,-3.210153,26.707000732421875,58.05869674682617,258.7446043525995,-3.2100347263606444,21.478574306754606,0.9320262072846082,1.2434252083492818
SB88715_component_483a,258.941273,-5.79455,26.948999404907227,130.1884002685547,258.94116233063335,-5.794374414850793,20.591629174627386,0.980980541197879,1.308735660319353
SB88715_component_485a,258.162894,-2.5796,29.636999130249023,51.363948822021484,258.1629175949011,-2.5795644906934845,14.00780711020566,1.5858880666014403,2.1157486605206333
SB88715_component_486a,256.516968,-9.705859,29.72100067138672,80.3270263671875,256.5167791978115,-9.705938780841008,16.125400965504593,1.3815333135565913,1.843117001243305
SB88715_component_487a,255.792456,-8.018433,28.51300048828125,130.7935791015625,255.79221814899307,-8.018428643147887,17.480832731279012,1.2226137082293467,1.6311008134790987
SB88715_component_489a,257.677835,-10.084222,28.79599952697754,50.5192985534668,257.677789690567,-10.084179520798326,17.287707745493464,1.2485421323060306,1.6656921756722802
SB88715_component_490a,260.039987,-9.451511,27.117000579833984,75.53482055664062,260.0396463128864,-9.451216480508005,15.868797812301196,1.2808730269649813,1.7088251360045303
SB88715_component_491a,257.749941,-4.248121,27.56800079345703,130.65403747558594,257.74994137086935,-4.24799659114432,16.091861180359142,1.2841254454978925,1.7131642191336478
SB88715_component_495a,257.838676,-5.044245,26.96299934387207,131.52682495117188,257.83868065906586,-5.044047450918723,22.31754670158219,0.9055870542581368,1.2081524777076211
SB88715_component_497a,258.104317,-3.69939,26.94300079345703,112.73222351074219,258.1042612567949,-3.699270008450719,17.680787841761315,1.1422280145066017,1.52385747934935
SB88715_component_498a,255.099295,-6.443663,25.763999938964844,113.49779510498047,255.09928574733203,-6.4435093675120525,15.900086367173092,1.214569196999068,1.6203685529756953
SB88715_component_499a,256.102766,-9.588645,28.635000228881836,81.81428527832031,256.10258016463774,-9.58858210366859,19.7325957272268,1.087730807608908,1.4511522267377932
SB88715_component_500a,257.871757,-4.511833,25.98699951171875,120.3101806640625,257.871752186129,-4.511661411514895,14.683502936934252,1.3265845054257854,1.7698092630439137
SB88715_component_506a,256.196452,-7.18568,28.113000869750977,140.56500244140625,256.19635097048155,-7.185526949955092,19.372229979085727,1.087767418575782,1.4512010697840048
SB88715_component_507a,257.269676,-3.217458,25.892000198364258,98.07575988769531,257.26963155904053,-3.21736872162308,21.04497357301731,0.9222011798717945,1.2303175439270466
SB88715_component_508a,254.23091,-6.004659,26.86400032043457,76.75428771972656,254.23104524342642,-6.00437231264605,20.01404583793597,1.0061071849157817,1.3422573595546952
SB88715_component_509a,258.001613,-5.708215,25.827999114990234,121.25820922851562,258.0015594061227,-5.708043125904781,16.67883074909871,1.1607364372054036,1.5485497456940094
SB88715_component_512a,257.966126,-9.261907,25.229000091552734,90.75180053710938,257.96606878041086,-9.261732809813633,14.81151788787371,1.2767589987789794,1.7033365710753985
SB88715_component_514a,254.877008,-2.836167,25.49799919128418,44.037994384765625,254.87717720731692,-2.8359307972232757,18.227050465473567,1.0485717754474724,1.3989097818971612
SB88715_component_520a,258.73617,-9.137215,27.573999404907227,104.84410095214844,258.73601397114345,-9.137004047209983,18.357293873022417,1.1258993232089334,1.502073213820994
SB88715_component_524a,255.663681,-4.935272,25.78499984741211,101.11764526367188,255.6636472508012,-4.935159518474143,15.035119659474296,1.28548999507546,1.7149846779678828
SB88715_component_527a,259.615126,-7.750336,25.5049991607666,104.95884704589844,259.61501010175374,-7.750070683006532,16.77126189787047,1.1399033481267655,1.5207561193713812
SB88715_component_530a,256.485884,-9.13588,24.80900001525879,104.6793212890625,256.48580194118847,-9.135742744570724,25.019599807395736,0.7432541745642323,0.9915826074854046
SB88715_component_531a,256.550692,-8.835561,26.67300033569336,126.41232299804688,256.55056958128256,-8.83544665934344,11.78607573185336,1.696332956444806,2.2630942599160635
SB88715_component_541a,259.782553,-3.907814,24.625999450683594,99.29838562011719,259.78246395673204,-3.9076377178027264,13.503004947838544,1.3670106411227216,1.8237421630083555
SB88715_component_549a,260.231857,-5.972358,23.916000366210938,109.20548248291016,260.23176711239637,-5.9721909790823435,15.19056159246685,1.1801118682087266,1.5743986962319496
SB88715_component_551a,256.217745,-6.540789,24.80900001525879,118.13809967041016,256.2176438071426,-6.5405492332370265,16.443763995175136,1.1308798890709988,1.5087178350734143
SB88715_component_553a,254.673642,-6.935763,23.80699920654297,94.8486099243164,254.67369051369423,-6.9355603215114145,16.86205423098755,1.0582849799858438,1.4118682623373746
SB88715_component_554a,258.01904,-4.972134,23.020999908447266,110.6778793334961,258.01910038045224,-4.971998765116503,11.024745504746383,1.5651791958893846,2.0881207551263876
SB88715_component_555a,257.559422,-3.449608,23.874000549316406,100.73417663574219,257.5594210250082,-3.449472288393147,14.897373337257115,1.2012238723738649,1.6025644258783178
SB88715_component_563a,260.779487,-7.55486,25.04199981689453,78.2562484741211,260.7792882305968,-7.554624626076666,15.619162644800728,1.2017654586849604,1.6032869614319853
SB88715_component_564a,256.480171,-6.881054,24.18400001525879,132.87911987304688,256.4801255955171,-6.88075816003442,12.055126456919979,1.503712536889752,2.006117488827875
SB88715_component_568a,255.640334,-3.277917,23.274999618530273,76.5625,255.64032518526534,-3.277851542948246,13.5385070063813,1.2886274106099624,1.719170334480732
SB88715_component_570a,254.801401,-7.953686,22.350000381469727,87.99212646484375,254.8013384401345,-7.953641842716874,14.387106695758177,1.16442769724617,1.5534742915376647
SB88715_component_575a,257.054195,-3.015068,23.011999130249023,73.99356842041016,257.0541526846246,-3.0150080733881097,17.032319089416287,1.0127191463614078,1.3510784414876569
SB88715_component_576a,256.297627,-4.778734,22.618000030517578,96.24681091308594,256.297563004017,-4.778663848349088,14.170268918607261,1.1964224803490233,1.596158842181
SB88715_component_582a,256.750132,-2.401842,23.246999740600586,33.257511138916016,256.7499811385148,-2.401830909326203,11.611289088605396,1.5007036175245585,2.002103260301542
SB88715_component_586a,260.354868,-6.282383,22.503999710083008,94.55461883544922,260.354713258378,-6.282242598054577,13.626571012656047,1.2378886652272356,1.6514792818517445
SB88715_component_589a,255.390175,-9.095647,21.58300018310547,76.80783081054688,255.39003438721755,-9.095512332942949,14.037392005832116,1.1524811820634173,1.5375363296927504
SB88715_component_590a,261.096601,-4.938776,22.533000946044922,47.63848114013672,261.09647351245104,-4.938644121228634,9.605653409921741,1.7583307819826433,2.3458061606481073
SB88715_component_593a,254.801204,-5.743209,21.52199935913086,82.77692413330078,254.80110556847194,-5.743033557135389,16.49601613586091,0.9779395221992051,1.3046786073604704
SB88715_component_595a,258.755065,-9.445229,23.23200035095215,77.18272399902344,258.75478930841126,-9.444767562165017,8.509143993890653,2.046487937707537,2.7302394186338987
SB88715_component_601a,256.600937,-6.586384,21.77400016784668,108.87000274658203,256.6009043800175,-6.5862258909379525,26.173749694880353,0.6235635683810855,0.8319022081924213
SB88715_component_602a,257.405945,-4.615591,23.197999954223633,104.96832275390625,257.40593919594073,-4.6155000908251065,13.77361778134449,1.262440657338212,1.6842343328013563
SB88715_component_606a,256.27057,-2.704034,21.131000518798828,45.837310791015625,256.2705195082086,-2.7039529488033205,14.412501529526589,1.0989783854482773,1.46615772948979
SB88715_component_608a,255.807899,-7.282944,20.70199966430664,101.48039245605469,255.80781921777654,-7.282822104984616,16.69500817760268,0.9294673051221989,1.24001135214055
SB88715_component_610a,260.369547,-5.250741,21.187000274658203,81.1762466430664,260.3693745925097,-5.25063843949659,18.23741212106437,0.8707925736007299,1.1617328233860018
SB88715_component_614a,258.576995,-7.995394,21.198999404907227,75.17375183105469,258.5767744041377,-7.995247482421051,17.489929130649873,0.9085226720261959,1.212068913861833
SB88715_component_616a,253.934042,-6.769922,22.503999710083008,41.906890869140625,253.93408259266891,-6.769839492431548,15.004414417754528,1.124214336716869,1.4998252569893242
SB88715_component_617a,255.67454,-5.665735,19.9689998626709,88.35840606689453,255.67449153699656,-5.665587076093296,12.59410188110413,1.1884955728671165,1.585583477979631
SB88715_component_620a,259.307801,-8.357746,20.076000213623047,88.0526351928711,259.3076128749669,-8.3576424993444,11.76684574986036,1.278867609231556,1.7061496887440113
SB88715_component_625a,254.845522,-6.267018,20.325000762939453,92.8082275390625,254.84545254372233,-6.266824224798401,11.688160946772587,1.3034454005370417,1.7389391586493963
SB88715_component_626a,259.304198,-6.665436,19.538000106811523,91.29906463623047,259.3041197772204,-6.66534868515119,11.208864308039558,1.3065527623944813,1.7430847202600082
SB88715_component_627a,254.001099,-5.835568,20.999000549316406,47.61677932739258,254.0012064372235,-5.835394272589875,13.07514173695008,1.203817565634903,1.6060246972293741
SB88715_component_636a,255.713399,-9.444235,19.88800048828125,59.014835357666016,255.713302521276,-9.443983087224616,13.594232112385518,1.0965915565121431,1.4629734378421835
SB88715_component_639a,256.384694,-2.827027,19.80699920654297,49.394012451171875,256.3846526224889,-2.8269366609646553,19.841866322223982,0.7482463747464465,0.9982427501972453
SB88715_component_640a,259.887242,-6.024298,19.964000701904297,104.52356719970703,259.88696360265715,-6.024148045048054,11.436192965953113,1.308502504794488,1.7456858905178907
SB88715_component_649a,258.015948,-4.620303,21.101999282836914,99.07041931152344,258.01596433353274,-4.620173449257495,12.48379978218606,1.2670252381426097,1.6903506665453512
SB88715_component_653a,258.555923,-6.10553,19.347000122070312,100.24352264404297,258.55584627776716,-6.105386453334223,10.580248094115076,1.3706489555151522,1.8285960735487348
SB88715_component_656a,260.512621,-6.136304,20.31999969482422,83.62139892578125,260.5124774716716,-6.136232508440761,13.144623504076984,1.158734672296801,1.5458791717025364
SB88715_component_657a,256.398036,-2.523384,19.437999725341797,31.1506404876709,256.3979602750579,-2.5233353572170167,12.991720087247117,1.1214847523405715,1.4961836919825922
SB88715_component_658a,259.253232,-10.08109,20.670000076293945,28.990182876586914,259.2529524472925,-10.080785247625196,13.776118516251968,1.1246621112411093,1.500422637327715
SB88715_component_659a,256.482029,-7.051262,20.770000457763672,105.96939086914062,256.4819416781987,-7.051117993734357,11.795497453319685,1.3198625354510825,1.7608414176646898
SB88715_component_663a,260.014771,-3.728126,19.357999801635742,77.1235122680664,260.0146396354439,-3.7280058827252325,13.438453649019484,1.0797411173241023,1.4404931033897763
SB88715_component_669a,256.505885,-2.504102,20.160999298095703,32.20606994628906,256.50588702187076,-2.5040540817532455,13.71219309710413,1.1020811915639326,1.4702972132410748
SB88715_component_671a,254.410658,-3.98563,19.104000091552734,49.364341735839844,254.4107515284473,-3.9852778954081858,10.618871817368134,1.3485106780859173,1.7990611827808674
SB88715_component_672a,257.603235,-5.163627,19.506000518798828,92.8857192993164,257.60328493459366,-5.163501533806365,11.135440538930093,1.3130137823667132,1.751704429708444
SB88715_component_674a,258.242505,-3.884136,19.03499984741211,79.64435577392578,258.2423886127753,-3.8840064671021777,10.339950737015693,1.3798849075997712,1.8409178468587146
SB88715_component_678a,259.694601,-6.54894,18.672000885009766,89.76923370361328,259.69445650032117,-6.54878894859211,12.072267021429466,1.1593390995534845,1.5466855439715772
SB88715_component_679a,258.042492,-3.478495,19.27199935913086,82.35897064208984,258.042459123716,-3.4784243351791795,27.456452611266844,0.5261272592660147,0.7019114825934408
SB88715_component_681a,257.648425,-3.059148,19.194000244140625,63.55629348754883,257.6484278529338,-3.05899678780686,12.678978105841779,1.1347225894928004,1.5138444189991211
SB88715_component_688a,261.302704,-5.288345,18.724000930786133,28.412748336791992,261.30260314429603,-5.288273650788312,13.031219313447307,1.0770157557220903,1.4368571720272003
SB88715_component_690a,256.544766,-4.847934,18.54199981689453,85.84259033203125,256.5447242284253,-4.8478250776965295,15.93160506515065,0.8723795913763205,1.1638500792022488
SB88715_component_692a,260.085165,-9.379595,18.51799964904785,54.78697967529297,260.0850467091936,-9.37918664670768,14.817441470962398,0.9367620916884535,1.2497433976936843
SB88715_component_694a,253.875974,-7.727775,18.533000946044922,29.940227508544922,253.87602130023657,-7.727759056582463,10.560307805401422,1.3154599418080801,1.7549678747588777
SB88715_component_695a,257.726919,-4.290271,18.358999252319336,87.84210205078125,257.726955976785,-4.29016243385905,10.141849959011099,1.356876370719013,1.8102219345107988
SB88715_component_696a,260.819909,-9.40029,18.408000946044922,26.52449607849121,260.81967180325574,-9.40002680650571,14.483253805930381,0.9526841573663993,1.270985180036512
SB88715_component_700a,254.289309,-7.374717,18.82200050354004,55.35882568359375,254.28934307275892,-7.374672051758831,13.213148472697796,1.0677459239317582,1.4244901994730295
SB88715_component_701a,256.870366,-2.939132,19.77199935913086,57.144508361816406,256.87029786496595,-2.9389659243349127,16.310813460516112,0.9086223669946399,1.212201917886763
SB88715_component_705a,256.927616,-9.182109,18.503000259399414,84.48858642578125,256.9276562600629,-9.182001964273669,12.04476478876033,1.1514690999256634,1.536186101090628
SB88715_component_706a,256.953613,-4.133263,18.149999618530273,80.66666412353516,256.95369208015563,-4.133074255848322,11.619223611147747,1.1708680815189472,1.5620664706991911
SB88715_component_708a,261.475276,-3.659971,17.113000869750977,13.453617095947266,261.4751238604581,-3.6598412387172847,12.579738174838717,1.0196779473154407,1.3603622453748232
SB88715_component_709a,257.270501,-5.658044,17.601999282836914,91.67707824707031,257.27042723301327,-5.6579674556897555,11.149543336484927,1.1833504373932942,1.5787193028110358
SB88715_component_715a,259.019496,-8.958274,17.35300064086914,65.73106384277344,259.01936771420077,-8.95802528359365,11.076585414267797,1.1742948022955109,1.5666380921431498
SB88715_component_717a,257.491637,-8.468358,18.566999435424805,85.95832824707031,257.4915794035682,-8.468265593771703,10.431828639995937,1.334104153708867,1.7798412987957246
SB88715_component_719a,253.724394,-8.539836,18.6200008392334,22.219572067260742,253.7244163606758,-8.539961571499834,11.559013732794305,1.2074450435106288,1.6108641506676498
SB88715_component_723a,259.189491,-4.250618,18.992000579833984,76.89069366455078,259.18939090975687,-4.250414841740892,11.005635877519234,1.2934928469664881,1.7256613603424926
SB88715_component_724a,258.656965,-7.643824,18.599000930786133,78.14706420898438,258.6567451969052,-7.643642041877357,11.231012715376378,1.2413068551354822,1.6560395221814896
SB88715_component_734a,253.660286,-6.551619,16.86400032043457,21.67609214782715,253.66048458052876,-6.551479726157935,10.295575300985673,1.2277740190184476,1.6379852341830818
SB88715_component_736a,259.326483,-4.399841,16.968000411987305,74.7489013671875,259.3263375208804,-4.399667392125322,10.561339916493376,1.2042595582834061,1.6066143639112316
SB88715_component_737a,255.968005,-5.704934,17.865999221801758,83.48597717285156,255.96795701793485,-5.704828119656203,13.248638611176967,1.0107983248055425,1.3485158548086171
SB88715_component_738a,257.019553,-5.094116,17.53700065612793,90.86528778076172,257.01959213475544,-5.094058980124193,10.919278809186945,1.2038429105629376,1.6060585101438345
SB88715_component_740a,257.160442,-9.947524,17.684999465942383,38.69803237915039,257.1603023831556,-9.947417084083545,9.947570211691389,1.3325898298139947,1.77782102459123
SB88715_component_742a,259.367375,-4.871419,16.72100067138672,67.97154235839844,259.3672945843266,-4.871222315600593,14.578809589995,0.8597034253129788,1.14693868303636
SB88715_component_750a,258.063565,-2.136138,17.42300033569336,15.150435447692871,258.06318792862965,-2.136483135467904,10.702357096395911,1.2202588440041777,1.6279591662626047
SB88715_component_751a,260.658477,-2.842281,18.006999969482422,22.707441329956055,260.65830355173637,-2.842269090050746,13.373102526738903,1.0092938947744523,1.3465087801038131
SB88715_component_752a,259.135626,-7.452043,16.472000122070312,70.09362030029297,259.13542063885944,-7.451796580703611,11.295001990444533,1.0931216140964566,1.4583441539900102
SB88715_component_757a,258.131784,-5.770965,17.024999618530273,81.4593276977539,258.13169057868544,-5.770846873739678,10.038440826887733,1.2712451355854721,1.69598047267751
SB88715_component_758a,260.633484,-3.111481,17.804000854492188,31.736186981201172,260.6333347673477,-3.1115773995173774,12.634698320104697,1.0562365368790045,1.4091354145086272
SB88715_component_759a,256.628504,-8.016179,17.826000213623047,88.68656921386719,256.6283311366567,-8.016049025156697,12.011155684084837,1.1124424882331647,1.4841203196827315
SB88715_component_761a,257.922118,-5.889817,16.17099952697754,79.26960754394531,257.9220316074763,-5.88969573230314,8.886778933657192,1.36395783268153,1.8196693816397949
SB88715_component_762a,260.613417,-9.559947,17.701000213623047,26.340774536132812,260.6132264391963,-9.559655401974128,10.996376028565319,1.2065815536091695,1.6097121604100393
SB88715_component_763a,254.221058,-8.555316,15.427000045776367,34.43526840209961,254.22108402191242,-8.555147577789691,12.350364854730831,0.9362894927538367,1.2491128988684919
SB88715_component_765a,255.837798,-4.590215,15.97700023651123,61.687259674072266,255.83778819269324,-4.5900805204108295,11.669747611159618,1.026224159852646,1.3690956110509747
SB88715_component_767a,261.025066,-5.395602,17.261999130249023,44.60464859008789,261.02495337496003,-5.395400964321603,14.830846636424509,0.8724360504453962,1.1639254017942315
SB88715_component_769a,254.857185,-6.239837,16.93000030517578,76.60633850097656,254.85714208258756,-6.239618058481438,10.223235329121641,1.2413008836636306,1.6560315555829401
SB88715_component_771a,261.016379,-6.011158,16.905000686645508,45.5660400390625,261.0161680143195,-6.011028509456614,16.70990300112012,0.7583151287232415,1.0116755725938271
SB88715_component_774a,253.781189,-7.456887,17.232999801635742,28.9144287109375,253.7812638107809,-7.456853604869605,10.317909432914316,1.2519230284649907,1.670202662049171
SB88715_component_779a,253.638948,-3.843107,16.729999542236328,12.49439811706543,253.6389658148423,-3.842582438101894,9.087611871012411,1.3799222441531969,1.8409676579169871
SB88715_component_780a,254.707624,-3.263015,16.26300048828125,38.176055908203125,254.70773875578297,-3.2627206283649786,10.924764113356078,1.115827506580101,1.4886363055106067
SB88715_component_781a,256.941906,-9.654598,16.288999557495117,48.33530807495117,256.9418927687318,-9.654734468126408,9.837629018855356,1.2411161502096124,1.6557851008891167
SB88715_component_788a,258.266144,-3.622188,15.982000350952148,68.00851440429688,258.2661065713649,-3.6221636446041177,11.22014924405161,1.067679634280454,1.4244017618058908
SB88715_component_791a,255.993755,-7.011006,16.83799934387207,84.18999481201172,255.99370725794572,-7.010702635853856,8.017337867136309,1.5742320818190882,2.1001982981024585
SB88715_component_793a,259.431078,-7.805041,15.26099967956543,69.36817932128906,259.43090030379295,-7.804844061576665,8.307236424284229,1.3770029451346735,1.8370729927649019
SB88715_component_796a,258.440882,-7.937556,15.508000373840332,54.9929084777832,258.44068825673037,-7.9373925552864835,10.042254678191746,1.1575320593557026,1.544274754106592
SB88715_component_797a,259.305912,-4.697732,15.605999946594238,65.57142639160156,259.305955532044,-4.697525318079355,8.194630335426186,1.4274821641223934,1.9044178087116361
SB88715_component_801a,259.396475,-4.629359,15.810999870300293,66.71308135986328,259.3962582980446,-4.629120718696893,10.178100089475071,1.1643969906739837,1.5534333256017072
SB88715_component_807a,261.101094,-7.010522,15.635000228881836,37.31503677368164,261.1007745834707,-7.010300088185483,10.912186491653586,1.0739759816937273,1.432801779995292
SB88715_component_808a,255.086941,-9.013449,15.710000038146973,47.17717742919922,255.0866650373203,-9.013373981697045,9.933371748260235,1.1854628640852578,1.5815375117616508
SB88715_component_809a,256.946365,-8.056233,15.329999923706055,74.05796813964844,256.94624650494455,-8.056184820055227,7.5240590629084245,1.5272087836776096,2.037464059696023
SB88715_component_813a,260.077808,-4.455736,15.473999977111816,65.84680938720703,260.07761501299535,-4.455621198632415,10.620166983661237,1.0921434943685981,1.4570392349685306
SB88715_component_814a,260.378462,-9.170766,14.737000465393066,40.48626708984375,260.3782712502564,-9.170635343061562,8.704658649399958,1.2690122333867924,1.6930015361841833
SB88715_component_816a,254.760799,-5.167776,15.098999977111816,56.76315689086914,254.76094450698452,-5.167656232136167,11.25997735522269,1.005122798549634,1.3409440801502572
SB88715_component_818a,257.240971,-9.676783,15.37600040435791,42.71110916137695,257.2409548864913,-9.676840542443312,10.080333634380846,1.1433440391128726,1.525346378607471
SB88715_component_822a,255.948351,-7.082943,14.812999725341797,73.69651794433594,255.94826864137235,-7.082762024269946,10.856601477466098,1.0227219458414931,1.3644232733500974
SB88715_component_828a,260.2595,-7.829111,15.729000091552734,60.965118408203125,260.259258960585,-7.828742838782938,11.891550793595327,0.9914505916633446,1.3227038562560083
SB88715_component_829a,256.437344,-6.853784,16.160999298095703,84.61256408691406,256.4373291849682,-6.853513442800582,8.265431361139479,1.4655854483060005,1.9552517699291299
SB88715_component_833a,259.371188,-3.367316,15.055999755859375,48.56774139404297,259.3711053754637,-3.3672078522868736,11.445854209335183,0.9859839507128167,1.3154107575107654
SB88715_component_836a,254.828768,-9.094156,14.196999549865723,42.37910079956055,254.82867176744344,-9.094048569661574,11.193961487386382,0.950651235035537,1.268273038625623
SB88715_component_839a,260.862586,-5.064792,15.89799976348877,48.32218933105469,260.86242149275824,-5.064692356924735,12.24841267122548,0.9729065621150489,1.2979640864678785
SB88715_component_840a,255.621488,-7.342577,14.836000442504883,70.98564910888672,255.62142257843436,-7.3425879487372026,7.867902864314285,1.4134039628012662,1.8856359437017391
SB88715_component_841a,260.960057,-5.268513,14.895999908447266,41.72549057006836,260.960008809854,-5.268350336932007,12.017400851873035,0.9291109315052233,1.2395359106395767
SB88715_component_842a,257.463881,-2.235505,15.934000015258789,16.143871307373047,257.46400458507196,-2.235476209942866,10.760360864150261,1.1099577133572431,1.4808053574062998
SB88715_component_843a,260.470112,-4.146879,15.10099983215332,46.89751434326172,260.46989945561376,-4.146781504517218,9.212419917862045,1.2286846529189133,1.6392001197072936
SB88715_component_848a,257.722061,-7.017888,14.369999885559082,70.09756469726562,257.7218717944995,-7.01766844410336,9.445933970194758,1.140303128504131,1.5212894702526487
SB88715_component_851a,256.173432,-3.168942,15.562999725341797,45.110145568847656,256.1733306462438,-3.16884582196915,10.91354077289694,1.0688975731949315,1.4260266259316574
SB88715_component_852a,260.720043,-8.127396,14.670000076293945,39.97275161743164,260.71989430908144,-8.127240577846408,9.19120505658707,1.1963716614597053,1.596091044207569
SB88715_component_853a,255.153468,-9.224229,14.394000053405762,43.48640441894531,255.15331171414616,-9.224127155081758,8.89161696633806,1.213414584725983,1.6188281735367887
SB88715_component_854a,255.64129,-10.064223,14.654000282287598,17.362560272216797,255.64109730127902,-10.063997304358695,8.105111910868306,1.3552070005745673,1.8079948116000417
SB88715_component_871a,255.284154,-8.39258,14.371000289916992,60.63713073730469,255.28402959448385,-8.392411801150654,12.004365314498154,0.897338396681736,1.1971478635826385
SB88715_component_882a,259.527407,-8.201056,13.479000091552734,53.91600036621094,259.5271883522031,-8.20093489238458,9.548899132633816,1.0580661658698338,1.4115763403016388
SB88715_component_884a,258.594484,-2.664856,14.916999816894531,25.369047164916992,258.59437353366894,-2.6647140684276063,11.198392630999656,0.9984682296838352,1.3320661552445427
SB88715_component_885a,259.330003,-4.727529,14.064000129699707,59.59321975708008,259.32966160766813,-4.7273714192391125,7.663331748833951,1.3756238332820667,1.835233106258212
SB88715_component_888a,259.986152,-6.49107,14.343999862670898,62.91228103637695,259.9857759587644,-6.490920817814154,9.497452191601782,1.1320656499891748,1.510299770222031
SB88715_component_890a,257.542438,-4.538232,13.621000289916992,68.1050033569336,257.54251713738626,-4.538121149669031,7.34123430936945,1.3907477728383297,1.855410100796377
SB88715_component_893a,259.658928,-9.434218,15.413999557495117,47.869564056396484,259.6587471623053,-9.433875986277808,7.234618966537881,1.597011840777727,2.1305889956042106
SB88715_component_895a,259.403593,-8.490974,13.286999702453613,54.90495681762695,259.4032781930448,-8.490873272427457,9.428806273316775,1.0562790572341596,1.409192141327095
SB88715_component_897a,256.892441,-2.707047,13.942000389099121,28.98544692993164,256.8924079765743,-2.7068650863004184,9.810685649723862,1.0652074290308895,1.4211035687899696
SB88715_component_902a,256.208128,-2.8291,12.61299991607666,26.950855255126953,256.20814332421213,-2.829061318423737,11.807474374318247,0.8007000169728755,1.0682216633482995
SB88715_component_903a,259.728346,-9.332094,12.463000297546387,35.206214904785156,259.72794751731084,-9.331801305857551,9.819311266787599,0.951371275670402,1.2692336518245106
SB88715_component_905a,261.51224,-8.268713,13.305999755859375,10.835504531860352,261.5121975695749,-8.26827138154826,7.5191642841170365,1.3264362862344892,1.7696115223823543
SB88715_component_906a,253.727675,-5.449799,14.696000099182129,20.64044952392578,253.72746440041854,-5.449328065701173,8.88406038762574,1.2399269537878017,1.65419858240176
SB88715_component_910a,258.901171,-7.832286,13.126999855041504,55.38818359375,258.9009844973154,-7.832115615490785,8.723816860606489,1.1278916907123968,1.5047312506430701
SB88715_component_912a,257.692074,-8.203825,13.92199993133545,58.00833511352539,257.69202154073236,-8.203779118105434,12.323692206284974,0.8467773658469736,1.1296939016567902
SB88715_component_914a,257.266584,-2.661616,13.229999542236328,26.727272033691406,257.26641912274926,-2.6615980639412298,9.40060569898266,1.0549028090955723,1.4073560753290701
SB88715_component_916a,255.100701,-5.483872,13.210000038146973,58.19383239746094,255.10063341628862,-5.483729240038083,8.490204137038702,1.1662539910758913,1.5559107678598747
SB88715_component_918a,254.740619,-3.169415,13.17199993133545,26.991802215576172,254.74072557566706,-3.1691573559432533,9.89560287095673,0.9977412284875354,1.3310962558930934
SB88715_component_919a,255.832115,-9.335534,13.130000114440918,43.62126159667969,255.8319253698932,-9.335333550816152,8.199182437914542,1.2003354612450574,1.6013791879694443
SB88715_component_924a,257.999938,-9.504284,13.918000221252441,45.04207229614258,257.9998362619516,-9.504203539089406,8.457463563966407,1.2335170595975817,1.6456470803552756
SB88715_component_925a,260.348106,-8.722011,13.736000061035156,46.72108840942383,260.34773925057834,-8.72182443364986,9.98830847570268,1.030805659117871,1.3752078336836533
SB88715_component_926a,255.083095,-5.287038,12.729000091552734,56.573333740234375,255.08315007108428,-5.286841625189446,7.668369432207642,1.2442272792200513,1.6599356882951048
SB88715_component_927a,260.469776,-8.960954,12.413000106811523,35.26420593261719,260.4695816789163,-8.960718917217251,8.141970063651188,1.1427618000466113,1.5245696078186062
SB88715_component_931a,256.599151,-7.524058,13.527999877929688,70.09326171875,256.5990549956142,-7.5238558862238945,16.38073514199225,0.6190256700468276,0.8258481539848883
SB88715_component_933a,253.952779,-8.925397,13.366000175476074,18.512466430664062,253.95264074424568,-8.925543313277318,15.330957518460009,0.6534925469453172,0.8718307489523777
SB88715_component_937a,258.549759,-10.336756,13.458000183105469,13.607684135437012,258.54979133726323,-10.336454814787563,8.140689198571732,1.2391612161646197,1.6531770044072742
SB88715_component_940a,256.695193,-8.82013,14.005999565124512,64.54377746582031,256.6951495594617,-8.820016112908515,9.34264194746426,1.1237064147673501,1.4991476333871447
SB88715_component_943a,260.728157,-6.780945,14.541999816894531,49.801368713378906,260.72798873134593,-6.780810036006327,9.152903434294801,1.1908956556135337,1.5887854516641626
SB88715_component_945a,261.471167,-3.94292,12.736000061035156,10.551780700683594,261.4710950100577,-3.942974996456688,10.447051134613714,0.9137929195159447,1.2191000021850738
SB88715_component_951a,254.771738,-2.961031,13.069999694824219,24.475656509399414,254.77174826696967,-2.9610018912079776,10.839931781338555,0.9037690922625994,1.2057271169662551
SB88715_component_955a,257.110596,-7.660127,12.888999938964844,61.37619400024414,257.1104069789061,-7.659905705263032,8.00520117691772,1.2068559270433723,1.610078204671373
SB88715_component_956a,257.17359,-6.550195,13.159000396728516,64.5049057006836,257.17343211941505,-6.5501187672655234,9.57966005400656,1.0296301676929291,1.3736395991656245
SB88715_component_958a,257.584973,-9.263691,12.61400032043457,48.14503860473633,257.58493937896793,-9.263545677052743,10.437896906328074,0.9058333190499629,1.2084810219563686
SB88715_component_959a,256.191891,-8.396523,12.677000045776367,58.962791442871094,256.19172852799176,-8.396419525123443,10.897910725226694,0.8719301649291841,1.1632504950174902
SB88715_component_960a,261.146079,-5.429063,13.654000282287598,30.141281127929688,261.14579771827584,-5.428786833591195,6.632213024990142,1.5431562313132963,2.058739704355002
SB88715_component_961a,260.303755,-9.507166,13.425000190734863,31.07638931274414,260.30354288756786,-9.506816077992458,9.611143752934908,1.047002416687049,1.396816085144428
SB88715_component_966a,255.626147,-5.693761,12.470000267028809,54.21739196777344,255.62603568769302,-5.693681940550689,6.726082678132039,1.3896733143674989,1.853976655322941
SB88715_component_968a,254.072329,-7.121915,12.67199993133545,31.05882453918457,254.07269885887757,-7.121861785637378,8.98664314340334,1.0569540862982159,1.4100927041525346
SB88715_component_969a,259.991411,-9.128452,12.229000091552734,40.359737396240234,259.99130583440353,-9.128209023083643,21.27485254810797,0.430856695311666,0.5748100986316962
SB88715_component_970a,259.070133,-9.195277,12.04800033569336,41.979095458984375,259.0698436110284,-9.194981507611136,3.430054959226406,2.63282715606586,3.5124802602027674
SB88715_component_972a,261.558357,-4.489268,13.152999877929688,11.785841941833496,261.5581975010664,-4.489218533824765,12.253254545718486,0.8046033142394347,1.0734290901126826
SB88715_component_973a,256.141004,-5.478007,12.939000129699707,63.73891830444336,256.1409171382368,-5.477883614747272,19.41373882830918,0.49957418782311047,0.6664867722868514
SB88715_component_975a,258.660429,-8.720981,12.654999732971191,48.3015251159668,258.6601732669206,-8.720855347735522,8.626029945520923,1.0996630574526942,1.4670711570555486
SB88715_component_978a,261.240657,-6.938521,12.982000350952148,23.99630355834961,261.2403925368279,-6.93832197222606,11.075847029489026,0.8785634344839068,1.1721000043055905
SB88715_component_981a,257.75498,-7.203886,12.383999824523926,61.00492858886719,257.7547836947312,-7.203729889889715,11.032387253580684,0.841394940016213,1.122513155120127
SB88715_component_983a,259.151603,-7.000019,13.041999816894531,65.53768920898438,259.1514990987804,-6.999873699611639,8.978880593353466,1.0887557214738868,1.4525195742717363
SB88715_component_987a,261.127787,-7.760298,12.102999687194824,20.409780502319336,261.1278850538313,-7.760210648290338,5.591657034125427,1.6224112632402035,2.1644746116099762
SB88715_component_991a,260.818443,-3.313404,12.836000442504883,20.70322608947754,260.8183594763046,-3.3134187959936834,8.033762960089764,1.1976203486308927,1.5977569298810208
SB88715_component_992a,257.561165,-9.506266,12.633000373840332,40.75161361694336,257.5612170304623,-9.506332517901397,9.77931749667636,0.9682921685656892,1.2918079792515007
SB88715_component_994a,256.399787,-3.230965,12.682000160217285,44.18815231323242,256.3997341761825,-3.2308513523904385,7.487188733245874,1.2696307436898022,1.6938266967820026
SB88715_component_997a,259.131034,-7.898977,11.855999946594238,51.103450775146484,259.13083313212644,-7.898877970975702,7.85973205969573,1.1306779014388717,1.508448361413126
SB88715_component_999a,256.963803,-5.210578,11.611000061035156,56.364078521728516,256.9637429029503,-5.21053972044829,12.376566240651327,0.7031984638650822,0.9381438951054423
SB88715_component_1000a,256.774217,-3.83591,12.322999954223633,58.4028434753418,256.77423865298056,-3.8357885548512307,7.966600288225038,1.1594496018683607,1.5468329661822662
SB88715_component_1001a,255.843418,-3.646072,12.067000389099121,47.13671875,255.84340932593224,-3.646079191354168,8.158518973521204,1.1086550904881327,1.4790675155948092
SB88715_component_1006a,259.634882,-7.349902,11.96500015258789,49.03688430786133,259.6348004831885,-7.349679230544256,7.578113287800689,1.1834776799116487,1.5788890582896469
SB88715_component_1007a,254.108963,-5.997432,11.07699966430664,32.10724639892578,254.1091855616418,-5.997107204916168,6.648215135837575,1.248893871246139,1.6661614340058664
SB88715_component_1013a,259.133197,-3.786629,11.96399974822998,45.4904899597168,259.1332408767144,-3.7864785444936016,7.3158094852647215,1.225808037152899,1.6353623986966173
SB88715_component_1014a,259.935031,-3.991773,11.663000106811523,50.27155303955078,259.93489324953606,-3.9915323371340112,5.956297620309476,1.4677170726327324,1.9580955906306006
SB88715_component_1019a,256.889003,-3.245341,11.95300006866455,43.94485092163086,256.88893406687384,-3.245168481089726,7.97709985161257,1.1231566951860694,1.498414247158791
SB88715_component_1021a,259.67579,-8.977171,12.038999557495117,45.602272033691406,259.6755405219159,-8.977087408064847,7.08334522231651,1.2739736529858425,1.6996206142213028
SB88715_component_1023a,254.270188,-7.765513,12.366999626159668,34.5446891784668,254.27020923018907,-7.765486674817935,7.92119180230423,1.1702597682095812,1.5612549140095533
SB88715_component_1025a,259.354612,-7.586291,12.187999725341797,48.557769775390625,259.35440546901384,-7.586125345269774,7.148777416200197,1.2779360372262987,1.7049068694909943
SB88715_component_1029a,254.54487,-9.370125,11.914999961853027,22.82567024230957,254.5448206744737,-9.37011071325344,7.17393415665408,1.244930524410419,1.6608738945284909
SB88715_component_1030a,254.118758,-3.101833,10.081000328063965,11.832159996032715,254.11883792920463,-3.1013711103066925,5.447649008363564,1.3870846548378848,1.8505230995218296
SB88715_component_1031a,261.03214,-5.60275,12.241000175476074,31.712434768676758,261.0317482413549,-5.602535012491528,7.2960284803707705,1.257589318936161,1.6777621151574795
SB88715_component_1035a,258.718402,-7.587513,11.920000076293945,52.74336242675781,258.71807088228144,-7.587215618390279,7.468633982858046,1.196309463784501,1.5960080656854576
SB88715_component_1036a,254.944289,-4.005139,11.592000007629395,42.93333053588867,254.94421392593227,-4.004901695125397,7.156831253086351,1.2140764975022629,1.6197112377954135
SB88715_component_1038a,256.036006,-4.982196,11.135000228881836,43.83858108520508,256.03602258728813,-4.9820674546089245,7.806473302853177,1.0691627221252216,1.4263803636927985
SB88715_component_1046a,253.981239,-5.919207,11.711999893188477,25.968957901000977,253.9814395743066,-5.919104533622423,6.788426955104811,1.2932139092983908,1.725289226892425
SB88715_component_1050a,253.725201,-8.323299,10.994000434875488,13.166467666625977,253.72522617601314,-8.323211178217493,9.317114006147026,0.884469368495475,1.1799791681868577
SB88715_component_1052a,254.219078,-6.336823,10.649999618530273,32.56880569458008,254.2192235162026,-6.336585725956824,11.469115278776203,0.6960302757231348,0.9285807457388002
SB88715_component_1054a,259.146258,-6.348586,11.916999816894531,54.91705322265625,259.14612481306926,-6.348397478956502,6.443915563742591,1.3861988944150407,1.8493413979455067
SB88715_component_1061a,259.996576,-3.47724,11.081000328063965,37.060203552246094,259.99649278182534,-3.477074493347946,6.770729670339083,1.226738371488733,1.636603566762845
SB88715_component_1064a,256.029765,-5.996928,11.579000473022461,48.04564666748047,256.02975021919474,-5.9968180054454105,9.810341491305103,0.8846987285212294,1.1802851596231303
SB88715_component_1065a,255.593125,-5.09378,11.210000038146973,45.5691032409668,255.5931649524917,-5.09368337081001,11.819676721021048,0.7108999313534508,0.948418497623562
SB88715_component_1066a,254.784433,-9.49496,10.496999740600586,21.64329719543457,254.78434681249394,-9.494876816483577,6.786776931855838,1.1593379917864448,1.5466840660888188
SB88715_component_1068a,259.805021,-2.495205,12.07699966430664,13.945727348327637,259.80488078973127,-2.495216985337241,13.826792641044168,0.6547056080193039,0.8734491055038063
SB88715_component_1071a,257.304814,-4.677751,10.444999694824219,48.13364028930664,257.30490157792264,-4.677613990524269,14.43379603212458,0.5424207867975819,0.7236488358001807
SB88715_component_1074a,255.743843,-8.109616,11.031000137329102,50.60091781616211,255.74368508065024,-8.109529616151434,8.294140607897642,0.996900819535689,1.3299750581543595
SB88715_component_1078a,261.092311,-5.267702,10.847999572753906,25.828571319580078,261.09235330227784,-5.267466861904534,6.844450167043807,1.188008506010365,1.5849336773591085
SB88715_component_1081a,261.078926,-6.57168,11.810999870300293,28.80731773376465,261.07868854439187,-6.5715624416179015,6.91276501388832,1.2806879615643814,1.7085782384575507
SB88715_component_1083a,256.713343,-7.925212,10.666999816894531,52.289215087890625,256.71328072029553,-7.924959678932092,5.642416592155257,1.4170513765072557,1.890501993724645
SB88715_component_1084a,260.938569,-6.1964,11.656000137329102,35.97530746459961,260.93835063547215,-6.1962866793225295,6.298511215539271,1.387139355013562,1.8505960755570598
SB88715_component_1085a,260.156881,-4.298596,11.66100025177002,47.790985107421875,260.15672337746287,-4.298344301936115,7.698676070146215,1.1353459489573328,1.5146760489103877
SB88715_component_1087a,259.850297,-5.753989,10.890999794006348,51.372642517089844,259.85021279465656,-5.7538818679112635,4.660759040850353,1.7515379671304334,2.33674380043026
SB88715_component_1088a,259.873697,-8.167256,10.489999771118164,45.215518951416016,259.87358398128,-8.167111445016795,6.853829947516622,1.1472303043918122,1.5305310828318772
SB88715_component_1097a,258.924913,-6.650215,10.482000350952148,50.6376838684082,258.92474684855085,-6.650083873467848,6.9827710327308194,1.125187308358275,1.5011233078987056
SB88715_component_1099a,257.150274,-7.035584,10.699000358581543,51.19138717651367,257.15005168976387,-7.035445063417002,6.574856773437102,1.2197346519568206,1.6272598365650002
SB88715_component_1105a,255.832448,-6.107273,10.847000122070312,52.91219711303711,255.83234950117676,-6.107136626354493,5.850789071507183,1.3896443310885025,1.8539379884491527
SB88715_component_1107a,257.806493,-7.934301,10.694999694824219,48.83561706542969,257.80639437162307,-7.934148252597343,6.194602042995499,1.2941237921118909,1.7265031103842274
SB88715_component_1114a,256.247619,-3.6877,11.211000442504883,47.30379867553711,256.24755919798343,-3.6875898348090406,6.960719703087392,1.2072540764001263,1.6106093795922138
SB88715_component_1115a,255.833676,-9.847442,10.812000274658203,20.43856430053711,255.8336699001436,-9.84743561389767,6.587683985978477,1.2302170646252184,1.6412445250365608
SB88715_component_1120a,258.468573,-8.821551,11.322999954223633,40.01060104370117,258.4683675661243,-8.821325350996144,7.040498429526726,1.2054981720746052,1.6082668105906792
SB88715_component_1121a,259.665205,-8.295446,10.753000259399414,41.84046936035156,259.6649868141481,-8.295238023248846,6.503409153728111,1.2393587432043918,1.653440527148012
SB88715_component_1122a,255.327794,-4.626767,10.848999977111816,44.64609146118164,255.32787283924597,-4.626611419394014,6.189785056583151,1.3137798501420306,1.7527264481620979
SB88715_component_1124a,254.769565,-8.340887,10.656999588012695,38.61231994628906,254.76951699230702,-8.34089971094947,6.865401585352607,1.1635296628198415,1.5522762150941753
SB88715_component_1125a,256.711748,-5.261247,11.07699966430664,55.10945129394531,256.71167932978545,-5.2611042754715305,8.484434498267282,0.9786056029507935,1.3055672321554042
SB88715_component_1126a,256.903956,-2.224205,10.246999740600586,10.924306869506836,256.90382620722056,-2.224367577688488,7.801521371171529,0.9845230291847994,1.313461727922156
SB88715_component_1127a,254.211145,-7.212678,10.88599967956543,33.70278549194336,254.21111833565152,-7.2126648671646665,6.913614586116846,1.180243476194766,1.5745742757233658
SB88715_component_1129a,257.238606,-8.593241,9.913000106811523,49.31840896606445,257.23848414240854,-8.593092285928002,6.7766817083906625,1.0964693079531562,1.4628103448532304
SB88715_component_1132a,255.676064,-8.169315,10.154000282287598,47.44860076904297,255.67590440908808,-8.169273700868786,5.047810800444742,1.507795903970121,2.01156514847842
SB88715_component_1135a,261.317093,-3.87304,10.67199993133545,12.599763870239258,261.31692264463663,-3.8729185844320853,14.313128276111195,0.5588814651789594,0.745609186577833
SB88715_component_1141a,255.137891,-5.506486,9.878999710083008,44.904544830322266,255.1378683037862,-5.50629306040566,5.955559767145459,1.2433655835275457,1.6587860917090722
SB88715_component_1153a,260.05962,-8.97577,11.074000358581543,36.79069900512695,260.059397836109,-8.975610724400845,6.711694108139586,1.236746912761489,1.649956058806611
SB88715_component_1154a,256.061747,-10.262899,10.434000015258789,10.983158111572266,256.0615930706422,-10.262740469591577,9.615278991253534,0.8133873232929222,1.0851479218387732
SB88715_component_1165a,255.019991,-9.205538,10.711000442504883,32.457576751708984,255.01980533902446,-9.205502239506067,6.462948953392575,1.242246460796719,1.6572930592129143
SB88715_component_1168a,259.238409,-5.207398,10.262999534606934,46.02241897583008,259.23836621336864,-5.207258639459569,7.156634798338359,1.0749144719105612,1.4340538289015132
SB88715_component_1172a,257.102712,-9.731228,9.869000434875488,25.76762580871582,257.1027345468947,-9.73128877023394,6.6373908477392645,1.1145106748469151,1.4868795075156573
SB88715_component_1176a,260.724729,-8.05952,9.116999626159668,25.97435760498047,260.7247532999664,-8.059334185236,5.633951718074478,1.2129622160028588,1.6182246640330804
SB88715_component_1180a,254.625505,-4.200077,9.112000465393066,30.888137817382812,254.6255178750344,-4.199820638660481,6.903929682255673,0.9892950372446836,1.3198281101866562
SB88715_component_1183a,256.619814,-4.797695,10.501999855041504,50.49038314819336,256.61988171421774,-4.797627973741219,5.843196609910585,1.347193457265373,1.7973038657006972
SB88715_component_1188a,259.967931,-3.242766,9.923999786376953,29.53571319580078,259.9678553667046,-3.2426508130534963,7.377412732336195,1.008303145250866,1.3451870115492826
SB88715_component_1191a,259.388931,-4.281187,10.383999824523926,42.04048538208008,259.38880824931357,-4.280988141829256,7.5138188791529315,1.0358870564182447,1.3819869751364786
SB88715_component_1196a,258.013812,-5.279496,9.876999855041504,43.70354080200195,258.0138087082224,-5.2793369508480055,6.3653516015335905,1.163084066698157,1.5516817409837753
SB88715_component_1197a,257.60175,-8.018464,9.866000175476074,44.64253616333008,257.601575748505,-8.018385786254857,6.798342670581013,1.0877936618091721,1.4512360811363585
SB88715_component_1198a,257.905911,-4.774732,9.506999969482422,42.44196319580078,257.9060301294867,-4.774488952849474,5.736537568166403,1.2422302680103665,1.6572714562594923
SB88715_component_1199a,258.575929,-4.406663,9.220000267028809,38.41666793823242,258.5759999695665,-4.406526762440964,7.229353155678911,0.9559605040046089,1.2753561858831275
SB88715_component_1204a,261.058046,-7.300246,9.095000267028809,20.301340103149414,261.0578805973425,-7.300262316538652,6.957346526878137,0.9798679161445835,1.3072512964378487
SB88715_component_1205a,258.129618,-8.556665,10.197999954223633,35.409725189208984,258.1296489279846,-8.556457815729296,6.736686440245489,1.1346897420283468,1.5138005968780124
SB88715_component_1212a,258.531395,-3.891074,9.35200023651123,38.80498123168945,258.5315871328717,-3.890876158454958,6.301933147247256,1.1123441470456585,1.4839891217500891
SB88715_component_1213a,256.906213,-7.817361,9.345999717712402,45.149757385253906,256.9060052389578,-7.817320074603821,5.701312317013907,1.228738278442378,1.6392716620385777
SB88715_component_1214a,260.913211,-3.944408,9.315999984741211,19.489540100097656,260.91294012229787,-3.9441348999330406,6.730331439076944,1.0375319608373705,1.3841814580856493
SB88715_component_1216a,259.955886,-6.526655,9.545000076293945,43.19004440307617,259.9554295673316,-6.526495474025791,9.922996636253004,0.7210104324124602,0.961907015207677
SB88715_component_1223a,258.065073,-8.048246,9.746999740600586,32.48999786376953,258.0648390487829,-8.048162492494168,8.247357970427839,0.8858589267282152,1.1818329913106649
SB88715_component_1227a,258.252692,-6.581882,9.104000091552734,47.170982360839844,258.25254847802444,-6.581665085861197,6.007849323224695,1.1358518192498268,1.5153509353770194
SB88715_component_1228a,256.838026,-3.196091,9.517000198364258,33.98928451538086,256.8379942576557,-3.195914692124647,4.781801695411781,1.4918218826624607,1.9902540516257667
SB88715_component_1229a,259.949138,-7.590851,8.855999946594238,33.168540954589844,259.94905240071665,-7.590536363864199,6.1912216157218705,1.0721849624728272,1.4304123638710462
SB88715_component_1232a,258.778758,-7.820168,8.638999938964844,37.07725524902344,258.77848167583863,-7.81992713842067,7.82567863776579,0.8274655426623443,1.1039298109270756
SB88715_component_1235a,259.169176,-7.189443,8.664999961853027,45.605262756347656,259.16898120140496,-7.18924167507931,8.479758497405358,0.7659378615578571,1.021845134446264
SB88715_component_1236a,260.279771,-4.872319,9.706000328063965,40.78151321411133,260.2796699340788,-4.872087747248259,5.377156321099095,1.3529947021383952,1.805043362786234
SB88715_component_1239a,258.620476,-6.731637,9.315999984741211,46.11880874633789,258.6202997777892,-6.731405726992843,7.444558821304748,0.9379916449967766,1.2513837566949964
SB88715_component_1241a,254.542953,-6.167237,9.708999633789062,36.91634750366211,254.54292771980167,-6.167243517041384,4.908207709745741,1.4827229440186656,1.97811506927689
SB88715_component_1245a,258.025514,-2.354443,9.28499984741211,11.562889099121094,258.0254883296986,-2.3542713734190386,4.483246849022544,1.5523788086199428,2.071043634243888
SB88715_component_1249a,255.997406,-3.820304,9.75100040435791,37.794578552246094,255.99716021313554,-3.820186934567185,4.387682855617552,1.665798252117911,2.2223576145376374
SB88715_component_1250a,260.442553,-6.160186,9.661999702453613,45.149532318115234,260.44252555560547,-6.160023271838729,6.386190878951058,1.1340535989876048,1.5129519122736608
SB88715_component_1253a,255.058102,-10.264468,10.0600004196167,69.37931823730469,255.05770958793707,-10.264560698380494,3.525239383971846,2.1390347597117483,2.8537070320263513
SB88715_component_1254a,259.372937,-3.692054,9.48900032043457,34.88602828979492,259.3728719566427,-3.6920696714873484,4.783989859455384,1.4867524658200348,1.9834908934181585
SB88715_component_1258a,256.322399,-5.345654,9.381999969482422,47.38383865356445,256.3224293980915,-5.345646232738967,4.923074796628243,1.428457914640869,1.9057195669478848
SB88715_component_1260a,255.638348,-3.467741,8.300000190734863,30.402931213378906,255.63838034900863,-3.4676773310713154,12.94895558497867,0.4804540047100625,0.6409783504364793
SB88715_component_1263a,258.135824,-8.032174,8.347999572753906,26.58598518371582,258.1356263524791,-8.032172041740795,5.023660400963705,1.2455770603773302,1.6617364444365073
SB88715_component_1266a,260.80593,-6.286851,8.607000350952148,33.62109375,260.80560208933565,-6.286592389734253,9.35456290993088,0.6896627622459266,0.9200857842128451
SB88715_component_1267a,260.280315,-5.549163,9.0,38.79310607910156,260.2802919216975,-5.548938045280767,5.340026159343075,1.263303157128079,1.6853850021414825
SB88715_component_1269a,260.193189,-5.346451,9.659000396728516,41.27777862548828,260.1931245109107,-5.346292957720898,6.479391323194615,1.1173942456518215,1.4907265073112175
SB88715_component_1271a,255.82318,-9.742911,8.638999938964844,19.155210494995117,255.822807652681,-9.742803128348015,6.401316141081942,1.0115856298897787,1.3495662061622051
SB88715_component_1273a,259.831467,-8.151123,9.694999694824219,38.47222137451172,259.8313917343051,-8.150986838684654,5.534442607945742,1.3130533381869254,1.7517572015120741
SB88715_component_1274a,254.35593,-6.703,9.529000282287598,32.192569732666016,254.35602080133967,-6.702652342618596,5.2289913731749795,1.3659596513884458,1.8223400274041197
SB88715_component_1278a,257.078979,-2.390347,9.40999984741211,12.220779418945312,257.0789006031401,-2.390522880783402,5.608475068781667,1.2576311312567232,1.6778178973801252
SB88715_component_1280a,255.351874,-8.330625,8.993000030517578,38.93073654174805,255.3518097322963,-8.330438741962794,5.786558595497119,1.1649108659418033,1.5541188915836075
SB88715_component_1284a,255.5377,-2.181842,8.345999717712402,33.25099563598633,255.53770809845668,-2.1819179859373175,4.64345098825358,1.3472430638240789,1.7973700462920932
SB88715_component_1285a,254.394482,-3.058539,9.173999786376953,13.878971099853516,254.39462826382496,-3.058246963517915,5.658831048593402,1.2151795563297334,1.6211828392822056
SB88715_component_1289a,254.23206,-3.171006,9.699999809265137,12.712974548339844,254.2324814704156,-3.17049396455873,4.455223235339786,1.6319645191289776,2.1772197030044778
SB88715_component_1290a,259.43674,-8.818314,8.592000007629395,33.173744201660156,259.4365433382666,-8.81812267190006,5.049813887177812,1.2753440284006563,1.701448845361547
SB88715_component_1291a,257.385804,-4.148797,9.125,43.04245376586914,257.38575270865965,-4.1487477894310345,6.188625549520343,1.1052158988544794,1.4744792566593796
SB88715_component_1293a,255.755939,-9.856161,9.067999839782715,17.04511260986328,255.75585677280662,-9.855995838004326,5.060711346649005,1.3431001378337308,1.7918429285217328
SB88715_component_1296a,260.133998,-7.735364,8.406999588012695,31.137033462524414,260.1337279741611,-7.7350911661970025,16.568915246738722,0.38032546617119734,0.5073958954354272
SB88715_component_1300a,254.612368,-7.737179,9.272000312805176,27.190616607666016,254.61236751882385,-7.73726026643213,6.208431910756278,1.1194378105280698,1.4934528470451904
SB88715_component_1302a,259.440098,-8.706836,8.532999992370605,37.26200866699219,259.44001004913383,-8.706666450962642,7.897544754285734,0.809875211087019,1.0804623788602186
SB88715_component_1307a,255.839946,-5.718959,8.741000175476074,40.65581512451172,255.84000892587952,-5.718891089695745,4.397649420055578,1.4898720779569288,1.9876527982454781
SB88715_component_1309a,254.808817,-6.215687,8.829999923706055,38.898677825927734,254.8087705846241,-6.215441787103628,5.076446792052531,1.3037950199233521,1.73940558926569
SB88715_component_1323a,259.826963,-2.711379,8.902999877929688,14.988215446472168,259.8267354934947,-2.7112307022441664,5.514374102405183,1.2101761735671996,1.614507777781435
SB88715_component_1329a,259.616281,-6.08269,8.5649995803833,39.83720779418945,259.61617329248867,-6.082497160728174,8.191660645567069,0.7837252698028084,1.0455754884106758
SB88715_component_1330a,255.759466,-6.21241,8.388999938964844,40.92195129394531,255.75957648366784,-6.212363376894642,4.689456712363989,1.3408991531655572,1.7889065735156107
SB88715_component_1346a,258.854434,-6.974874,8.562999725341797,38.057777404785156,258.85405539069495,-6.974870709601663,5.594752097589894,1.147238040075161,1.5305414030821067
SB88715_component_1347a,257.346913,-5.455675,8.769000053405762,44.73979568481445,257.34690258322286,-5.455597584426339,4.808012909501466,1.3670767718529768,1.8238303886573806
SB88715_component_1349a,253.794826,-6.143561,8.425999641418457,13.290220260620117,253.79493682641416,-6.143194295728735,6.55082896430163,0.9641256392089181,1.2862493720009274
SB88715_component_1354a,259.737856,-9.104002,8.97599983215332,29.237783432006836,259.7375368203115,-9.103788216893719,5.245898943933652,1.282541338911972,1.7110508471637926
SB88715_component_1355a,258.802014,-3.516424,8.520999908447266,20.98768424987793,258.802025741662,-3.516291514000985,7.067993962416847,0.9036553983295715,1.2055754367868154
SB88715_component_1358a,255.168923,-6.189363,8.581999778747559,40.48113250732422,255.1687062537277,-6.189187602701559,4.301688777715662,1.4954020411374505,1.9950303757922911
SB88715_component_1359a,259.831079,-9.425122,8.444999694824219,23.07377052307129,259.8309091328279,-9.424732827330596,4.881848077803486,1.2966531954825518,1.729877611968605
SB88715_component_1364a,254.734702,-5.679265,8.583999633789062,32.63877868652344,254.73461550911193,-5.679012078011039,5.484228749684017,1.1732284502792591,1.5652154615694402
SB88715_component_1373a,253.987721,-4.847445,7.797999858856201,13.924999237060547,253.9878232148713,-4.847003128205132,9.336081415501546,0.6260759904564475,0.835254054865939
SB88715_component_1377a,256.046487,-9.695117,7.533999919891357,17.279817581176758,256.0466579552335,-9.694841331459362,4.040049265326362,1.3978076300931417,1.8648287248751525
SB88715_component_1380a,255.491455,-5.533259,7.932000160217285,35.253334045410156,255.4916045983795,-5.5332332609879,5.736525465399107,1.036435416523742,1.3827185476749961
SB88715_component_1383a,259.547284,-3.183736,8.661999702453613,25.779762268066406,259.5471212725561,-3.1836638310119354,5.308083930623694,1.2231756863337844,1.631850553922164
SB88715_component_1386a,261.296382,-8.342175,8.552000045776367,10.797980308532715,261.29628442806455,-8.342182386410025,4.98750897933327,1.2852643471715417,1.7146836389093778
SB88715_component_1391a,260.2418,-6.742186,7.939000129699707,30.186311721801758,260.2415044617008,-6.742079889419852,5.220657869879571,1.1398534878916229,1.5206896003477894
SB88715_component_1392a,257.647644,-10.126223,8.187999725341797,12.500763893127441,257.6476536500181,-10.125835193809753,4.744894657142288,1.2934799495453835,1.725644153767829
SB88715_component_1394a,255.008187,-6.777276,7.6529998779296875,34.01333236694336,255.00818871711482,-6.776999579179198,4.312779193951076,1.3300958526904296,1.7744937855069107
SB88715_component_1395a,261.420644,-6.707464,8.803000450134277,13.563945770263672,261.4202550206319,-6.707426419133341,11.39920725307204,0.5788479916862984,0.7722467233641975
SB88715_component_1397a,257.396047,-3.921822,8.571000099182129,40.81428909301758,257.3960055671144,-3.921654130741401,6.353691651289705,1.0111458931784227,1.348979549147989
SB88715_component_1398a,255.964768,-2.92561,8.130999565124512,20.532827377319336,255.96484180927158,-2.9255780620265908,5.466718033512378,1.1148738278050145,1.487363993401417
SB88715_component_1399a,253.866087,-4.062668,8.274999618530273,11.4771146774292,253.86586878246945,-4.06296795736662,3.1489958137686584,1.9697193698902933,2.6278217272784845
SB88715_component_1402a,255.627741,-8.902157,8.781999588012695,35.84489440917969,255.6276570149303,-8.901989971986643,5.214355024900782,1.2624124581388811,1.684196711975859
SB88715_component_1404a,254.725252,-5.262938,8.246000289916992,32.59288787841797,254.7253537923704,-5.262900456779943,4.1158177995884095,1.501743155671195,2.0034901182315723
SB88715_component_1407a,257.276402,-3.090911,8.642999649047852,28.714284896850586,257.27604333690124,-3.090872488797559,5.011568310427907,1.2927046098701531,1.7246097655825186
SB88715_component_1409a,257.565807,-7.865058,7.3379998207092285,35.62135696411133,257.56555282239043,-7.86494183273161,4.496025745618434,1.2233686973868507,1.6321080518412105
SB88715_component_1410a,254.560938,-5.256688,8.321000099182129,29.717857360839844,254.5610537755031,-5.256464795702191,4.911894444315797,1.2697989348400673,1.6940510822278478
SB88715_component_1414a,255.484487,-8.519504,7.895999908447266,33.31645584106445,255.48430623137992,-8.519392759250598,4.861606882127229,1.2174068836264411,1.6241543382447075
SB88715_component_1418a,260.949986,-7.012498,6.789999961853027,18.155078887939453,260.9498041582693,-7.012263769394277,7.702034654963699,0.6608041473320815,0.8815852259866299
SB88715_component_1422a,258.960905,-7.072031,7.376999855041504,35.63768005371094,258.96073130371445,-7.071831383539118,8.030050350453193,0.6886046690252088,0.9186741717784083
SB88715_component_1423a,259.274747,-7.867201,7.688000202178955,32.99570846557617,259.2745645762262,-7.867042684187627,3.876453346491288,1.4865765614811641,1.983256217732539
SB88715_component_1431a,254.125183,-4.330765,7.579999923706055,15.069581985473633,254.1255409409858,-4.330474248099591,4.64784684038998,1.2224352071128863,1.6308626734072955
SB88715_component_1438a,257.07539,-3.823869,6.941999912261963,33.69902801513672,257.0753533353604,-3.8239068825690308,4.982904625702699,1.044264431180236,1.3931633121079432
SB88715_component_1439a,255.020687,-9.862289,8.362000465393066,11.119682312011719,255.0205148552355,-9.861978652716866,5.1316291904351505,1.2214153596621393,1.6295020850257476
SB88715_component_1442a,258.183603,-10.157523,7.813000202178955,10.88161563873291,258.183723631338,-10.157120851659666,6.063629778551257,0.965814263665463,1.288502182276317
SB88715_component_1444a,259.877307,-7.170252,7.7769999504089355,25.92333221435547,259.8773424809531,-7.170046531591929,5.601861306323529,1.0406104925854769,1.3882885571676067
SB88715_component_1446a,254.491907,-6.466324,7.964000225067139,32.373985290527344,254.49195798702843,-6.466122268448455,5.444521419203213,1.096427726618643,1.462754870791314
SB88715_component_1448a,254.239103,-4.572006,8.064000129699707,20.059701919555664,254.23914531304467,-4.572114312014208,4.978844378252857,1.2140328289060633,1.619652979097425
SB88715_component_1455a,254.513088,-6.72811,7.755000114440918,28.406593322753906,254.51316074394484,-6.727778152276137,6.877680668755448,0.8451781433725782,1.1275603634334226
SB88715_component_1457a,260.669718,-7.067076,8.168999671936035,27.597970962524414,260.6693755910524,-7.067017275905697,5.364909200985385,1.1413397925178803,1.522672493774101
SB88715_component_1459a,254.725951,-8.062831,7.764999866485596,28.134057998657227,254.72579320014327,-8.06269814902171,4.747560010336753,1.2259688798559212,1.6355769805076799
SB88715_component_1463a,256.02083,-5.860651,7.4670000076293945,34.89252471923828,256.02063109623293,-5.860477596205655,4.436651205916949,1.2615350491834723,1.6830261521732912
SB88715_component_1465a,259.436626,-8.344468,7.73799991607666,32.64978790283203,259.4362736985772,-8.344426928685833,5.302990775967817,1.0937455663055888,1.4591765746876004
SB88715_component_1467a,258.841722,-6.538523,7.593999862670898,38.9435920715332,258.8416512125744,-6.538416291092852,8.826150675402875,0.6449227605763126,0.8603977137886631
SB88715_component_1471a,258.081602,-4.168102,8.213000297546387,39.29664993286133,258.08177472689425,-4.167947696287612,5.804617313969843,1.0605635628096994,1.4149081417960736
SB88715_component_1474a,259.801026,-5.596754,7.840000152587891,36.80751419067383,259.800733480826,-5.596572646260649,3.9885619491010926,1.4733576620473323,1.9656207557099123
SB88715_component_1475a,258.766936,-2.888455,7.492000102996826,15.25865650177002,258.76695889724357,-2.8884435608630854,5.038870473519545,1.1144819433027195,1.4868411764837095
SB88715_component_1477a,259.000121,-5.759867,7.609000205993652,35.064517974853516,259.00012866981126,-5.7597224371849665,5.164490942487326,1.104354569090543,1.473330148262202
SB88715_component_1482a,255.309362,-4.725365,7.820000171661377,31.280000686645508,255.3093743344925,-4.725125430106576,4.909005354613351,1.194047801586527,1.5929907601979598
SB88715_component_1483a,258.679843,-9.815559,7.886000156402588,17.642059326171875,258.679829685439,-9.815304852399006,4.896180834634206,1.207279394662283,1.6106431569314679
SB88715_component_1484a,257.354939,-7.308062,8.112000465393066,40.96969985961914,257.3547192254521,-7.3078878731360515,5.275125522508322,1.152666377521999,1.5377834007513456
SB88715_component_1485a,256.063596,-10.019897,7.329999923706055,11.690590858459473,256.06334877424456,-10.01990412111862,4.3990592384504845,1.248971753017772,1.6662653368332359
SB88715_component_1492a,257.774091,-5.368845,7.795000076293945,37.657005310058594,257.77426680377437,-5.368672491834699,4.3077403429989705,1.3563602785474458,1.8095334109360937
SB88715_component_1494a,259.888631,-5.118453,7.420000076293945,33.88127899169922,259.88859924201444,-5.118375654401842,3.8883724028163655,1.4303572255797528,1.9082534561040516
SB88715_component_1496a,258.127541,-6.877734,7.2789998054504395,37.52061462402344,258.1273732445332,-6.877758536499288,6.826383544809694,0.7992625763582817,1.0663039598741684
SB88715_component_1499a,254.500295,-3.943175,6.888000011444092,20.140350341796875,254.50042943924663,-3.943033441042039,4.565218603455909,1.1309411784973902,1.5087996018919703
SB88715_component_1503a,255.731838,-8.590531,7.368000030517578,32.60177230834961,255.73163761020083,-8.590403346617736,4.995696158105662,1.1055084313910744,1.4748695271554466
SB88715_component_1506a,256.105906,-9.673451,7.6020002365112305,19.05263328552246,256.10576311086106,-9.673389598329706,4.124145424230575,1.381663753645299,1.8432910226315566
SB88715_component_1510a,255.416671,-3.973301,7.418000221252441,28.640926361083984,255.41675604863792,-3.9730534124326318,4.847470102257682,1.1470442161343009,1.5302828206815653
SB88715_component_1511a,254.458308,-3.665225,7.8420000076293945,19.459056854248047,254.4580921579969,-3.665130228768888,5.60500959068895,1.0487185136057358,1.399105546698178
SB88715_component_1514a,258.834796,-6.242352,7.11299991607666,32.331817626953125,258.83459637395214,-6.242085964674379,3.067382124658764,1.7381745139614546,2.318915487866696
SB88715_component_1517a,258.486014,-3.445179,7.165999889373779,22.18575668334961,258.48563356025517,-3.445115391093616,3.216887374512202,1.6697421004221888,2.2276191408349844
SB88715_component_1527a,254.323971,-8.583656,6.769999980926514,17.95755958557129,254.32383652183123,-8.583509335631351,4.066501552033058,1.2478896469995004,1.6648216886925407
SB88715_component_1528a,259.756923,-7.701559,6.431000232696533,26.46502113342285,259.75681914856335,-7.701233472727019,4.977581910316734,0.9684307400776586,1.2919928488504402
SB88715_component_1533a,259.825504,-2.757059,6.953000068664551,12.573237419128418,259.82552574557,-2.7570831766925292,5.693600429002286,0.9153637396588903,1.221195648582413
SB88715_component_1536a,258.356224,-4.569133,7.333000183105469,31.07203483581543,258.3563428386225,-4.568998859568655,4.254283454446709,1.2920036176722363,1.7236745650882266
SB88715_component_1538a,258.141999,-6.104633,6.982999801635742,35.090450286865234,258.14177983363174,-6.104388467452394,5.659943982726882,0.9247798393390314,1.2337577585478912
SB88715_component_1539a,255.10862,-7.641459,7.38700008392334,25.472414016723633,255.1085038928259,-7.641294912605382,4.211289722952679,1.3148052817796274,1.7540944864615162
SB88715_component_1542a,259.189228,-3.470842,7.3520002365112305,19.71045684814453,259.18915344139,-3.470783172066268,7.042288903428641,0.782528441634071,1.043978788335679
SB88715_component_1545a,256.284321,-7.39544,7.455999851226807,40.96703338623047,256.28424261376705,-7.395153992496676,3.321318863357468,1.6826886881275158,2.2448913091378575
SB88715_component_1547a,261.040707,-3.848185,6.86299991607666,11.956445693969727,261.04044390147664,-3.8482667957051144,4.463929303125614,1.1524050221351525,1.5374347239933288
SB88715_component_1549a,257.860002,-5.473403,7.2769999504089355,35.15459060668945,257.8599585398627,-5.473289107122546,5.72306416711964,0.9530862701378614,1.2715216425873792
SB88715_component_1553a,258.713731,-9.571691,7.086999893188477,20.661808013916016,258.7135473872478,-9.571572125003012,7.012228267689456,0.7575561663915178,1.0106630335814293
SB88715_component_1556a,259.652707,-9.543136,6.879000186920166,18.007854461669922,259.6524370510708,-9.542756258732162,7.0697451428599125,0.7293399780220382,0.9730195428427304
SB88715_component_1561a,256.091986,-3.69018,7.4039998054504395,27.2205867767334,256.0918426949549,-3.6902132888624135,2.8446338440262045,1.9509605266179695,2.6027953724163857
SB88715_component_1564a,254.328988,-5.590451,7.5320000648498535,25.53220558166504,254.32901742943574,-5.590020731566584,4.9670486721010505,1.1366332490965072,1.5163934485191655
SB88715_component_1565a,256.042545,-9.365968,7.659999847412109,25.704696655273438,256.04240170403847,-9.365885821810307,6.372981679412393,0.9009372582904397,1.2019491397813626
SB88715_component_1566a,256.556361,-9.94361,7.535999774932861,13.701817512512207,256.55624371520486,-9.943637297799304,4.941393586789422,1.1431412228650657,1.5250757994829625
SB88715_component_1571a,258.880745,-5.977292,6.986000061035156,30.640350341796875,258.88067602470704,-5.977203711307337,3.786896874681767,1.3827815082833195,1.8447822299418246
SB88715_component_1572a,256.959528,-6.366471,7.331999778747559,37.2182731628418,256.95964650477435,-6.366302402478672,4.779363404597629,1.1499020438212286,1.5340954763335963
SB88715_component_1579a,256.946456,-7.12204,7.294000148773193,39.005348205566406,256.9462831279563,-7.121913420372959,4.220285954670893,1.2954848719913397,1.728318940260529
SB88715_component_1583a,256.149363,-8.284785,7.0320000648498535,33.97101593017578,256.14929343863844,-8.284643480252875,5.332504821491846,0.9884530955842515,1.3187048676465234
SB88715_component_1590a,256.988373,-6.158904,6.666999816894531,33.169151306152344,256.98812524609843,-6.158902810949982,5.125947712564453,0.9749104552780744,1.3006374997842316
SB88715_component_1591a,259.682835,-8.009304,6.7789998054504395,28.245832443237305,259.68245883172636,-8.00913252002216,4.612618838730884,1.1016065502744414,1.4696639896904236
SB88715_component_1593a,256.145222,-4.564468,7.0229997634887695,21.878503799438477,256.1455272252703,-4.564168531287126,5.695718770788542,0.9242353444879157,1.2330313426827555
SB88715_component_1596a,255.696463,-4.303303,6.864999771118164,29.718612670898438,255.69632561578922,-4.303210339905522,4.4651312173513515,1.152430536826482,1.5374687633906488
SB88715_component_1599a,259.101853,-5.199122,7.125,35.98484802246094,259.1017945049038,-5.199045553545254,4.711671308980909,1.133491686682505,1.5122022596141307
SB88715_component_1601a,258.172217,-5.286544,6.517000198364258,33.25,258.17221404583364,-5.286345335456577,4.33612918285983,1.126559095993331,1.5029534230956805
SB88715_component_1602a,255.924957,-8.38251,6.980999946594238,31.58823585510254,255.92475362658516,-8.382214133904629,4.043550082370029,1.2940863750876033,1.7264531919689974
SB88715_component_1605a,255.323008,-3.912191,7.414999961853027,30.142274856567383,255.32318574946922,-3.9120004557636574,6.558379616620868,0.8474675123289931,1.1306146327762472
SB88715_component_1608a,260.786629,-4.081761,6.1579999923706055,16.7792911529541,260.7864336312761,-4.081463897079074,3.358262227133346,1.3744645275014766,1.833686465165393
SB88715_component_1611a,258.540916,-8.390019,6.670000076293945,24.888059616088867,258.5407367055736,-8.390018663331832,4.9565522214531335,1.0086827859131933,1.345693493841264
SB88715_component_1612a,260.902357,-6.240325,6.781000137329102,21.32390022277832,260.90203728078234,-6.24032932689971,5.164260633379481,0.984224241059167,1.3130631117840446
SB88715_component_1614a,257.600371,-9.318056,6.763999938964844,24.418771743774414,257.60030567183577,-9.317968734553888,4.3944466494997325,1.1537397488129395,1.5392153958075387
SB88715_component_1615a,259.297755,-9.251022,6.803999900817871,24.923076629638672,259.2976586980175,-9.250810396671424,4.043623542847005,1.2612524961180844,1.6826491953866112
SB88715_component_1617a,255.083689,-5.810972,6.761000156402588,29.26839828491211,255.08356577410999,-5.81083770844574,3.588499629278649,1.4122334595119892,1.8840743639039101
SB88715_component_1619a,255.501897,-7.75636,7.011000156402588,27.821428298950195,255.50192744918647,-7.756423050739869,5.7805253391794835,0.9091198159065933,1.2128655693078865
SB88715_component_1622a,259.379385,-3.494031,6.968999862670898,24.114185333251953,259.3792527775482,-3.4937590175011293,7.899275079006752,0.6612895728893518,0.8822328369335855
SB88715_component_1626a,254.569798,-8.803268,7.433000087738037,21.991125106811523,254.5699523979452,-8.803202137068478,4.3636873344788585,1.2767885207439027,1.70337595661531
SB88715_component_1632a,256.382281,-8.276654,6.734000205993652,33.336631774902344,256.3821774084824,-8.276612419641424,5.513856821711606,0.9154320162052626,1.2212867369855445
SB88715_component_1633a,259.410512,-6.958437,6.572999954223633,31.30000114440918,259.4104252149294,-6.958327747477229,4.4023780253928395,1.1191408642019243,1.4930566880696488
SB88715_component_1635a,255.532003,-7.779271,6.315999984741211,25.779590606689453,255.53186498818718,-7.77937702507591,6.290396537784744,0.7526144514449417,1.0040702437124072
SB88715_component_1636a,256.996116,-3.224941,6.316999912261963,21.707902908325195,256.99614632366195,-3.224911274094167,5.234633650067156,0.9045509514906771,1.2067702029502907
SB88715_component_1641a,260.296444,-5.84541,6.728000164031982,31.735849380493164,260.29614827146526,-5.845208796708714,3.649232584531563,1.3819518317411348,1.8436753504149772
SB88715_component_1643a,260.343583,-3.313008,6.875,18.58108139038086,260.3434010992092,-3.3128284271546438,4.831349445062232,1.0666273328857472,1.4229978763027447
SB88715_component_1645a,255.902135,-5.371317,6.938000202178955,30.165218353271484,255.90211548949657,-5.371189939447848,4.482062462556267,1.1602854871302821,1.5479481288223695
SB88715_component_1647a,255.825572,-5.91185,7.076000213623047,34.019229888916016,255.82545988574836,-5.91185327353071,4.036401306087208,1.3140199408626434,1.7530467555225213
SB88715_component_1654a,259.766506,-4.286006,6.7230000495910645,30.420814514160156,259.76641100737896,-4.285759481032021,4.245061586220471,1.1871007401857459,1.5837226181627178
SB88715_component_1657a,256.464759,-4.428649,6.644999980926514,31.34433937072754,256.4641562461488,-4.428577898609927,4.254300092473396,1.1707800660228846,1.5619490483717136
SB88715_component_1659a,256.356396,-3.054164,7.188000202178955,21.716012954711914,256.35622861892006,-3.0540565126176307,4.975704084571911,1.0828342727828384,1.4446197121060067
SB88715_component_1663a,260.900249,-8.057013,6.525000095367432,15.799032211303711,260.90010429903145,-8.056796682978407,7.0212987085026315,0.6965808472994521,0.929315268622001
SB88715_component_1664a,255.165812,-3.551129,6.801000118255615,23.94718360900879,255.16582734121127,-3.550955239247647,4.561097100798066,1.1176656945614374,1.4910886499359173
SB88715_component_1671a,257.279709,-4.825684,6.585000038146973,32.43842315673828,257.2796914564238,-4.825564873320085,3.9165048258190387,1.2602757287033406,1.6813460804991822
SB88715_component_1688a,258.022346,-8.328697,6.045000076293945,22.47212028503418,258.0223657953846,-8.328691418813387,4.914391871483935,0.922008624066021,1.2300606533578315
SB88715_component_1689a,255.087341,-2.907617,6.1579999923706055,12.644763946533203,255.0874224008607,-2.9073440624777427,5.155475794626501,0.8953222726899243,1.194458132998903
SB88715_component_1694a,259.291126,-9.159843,6.295000076293945,23.576780319213867,259.2909088557333,-9.159700059951192,4.546897977107819,1.0377410264291984,1.384460374520665
SB88715_component_1695a,258.949126,-7.79497,6.380000114440918,27.500001907348633,258.9489266490516,-7.794811569276381,4.753494270400499,1.006042130636697,1.3421705700096236
SB88715_component_1696a,257.646763,-6.326704,6.928999900817871,33.3125,257.6464768041168,-6.326460167051461,2.3639781505624233,2.1970278061513655,2.9310761180975238
SB88715_component_1698a,259.479765,-5.532233,6.659999847412109,30.410959243774414,259.4796933914591,-5.531989992101648,3.658165495898221,1.3646438636645002,1.8205846222320299
SB88715_component_1703a,260.637437,-6.634773,6.080999851226807,24.227092742919922,260.63748270719645,-6.634645496191709,5.061030533925471,0.9006260238733664,1.2015339189250496
SB88715_component_1706a,254.319759,-8.073481,6.184000015258789,16.80434799194336,254.31964690680667,-8.073583795187364,3.575257944174644,1.2964941402690051,1.7296654148645991
SB88715_component_1709a,260.100712,-7.448802,6.546000003814697,24.889732360839844,260.10074468689055,-7.448443922866169,4.359694198730314,1.1254557649395682,1.50148145842915
SB88715_component_1718a,255.388902,-5.731824,6.334000110626221,30.89756202697754,255.3888459326595,-5.731718005617094,3.8521347349807655,1.2324946826791185,1.6442831173862997
SB88715_component_1725a,259.653278,-7.58829,5.691999912261963,23.13821029663086,259.6531190779179,-7.587920601902073,3.0613950771918454,1.3936507786755559,1.8592830290571698
SB88715_component_1728a,259.311029,-8.877198,6.6570000648498535,27.97058868408203,259.31081228242215,-8.877140143048868,4.896390842454721,1.019086247227178,1.359572852544688
SB88715_component_1731a,258.010459,-5.797151,5.947999954223633,27.924882888793945,258.0103797051553,-5.796922015238186,3.685558496800196,1.2096956095096738,1.6138666526084688
SB88715_component_1735a,253.9832,-7.881049,6.250999927520752,11.662313461303711,253.98327567583317,-7.881264369321769,4.531294960357822,1.0340359008458073,1.3795173305220305
SB88715_component_1739a,258.176674,-3.275504,6.446000099182129,20.996742248535156,258.17658305889296,-3.2752391921362562,4.279999185739105,1.128898973253045,1.5060750760561141
SB88715_component_1751a,258.934257,-7.559878,6.271999835968018,28.25225067138672,258.9340767428702,-7.559631281172275,12.13433342627158,0.3874347495657615,0.5168804594069215
SB88715_component_1752a,255.561635,-3.798936,5.9079999923706055,23.53784942626953,255.56166584776437,-3.798939786594577,5.336136858031399,0.8298927738881208,1.1071680036613938
SB88715_component_1753a,256.225254,-2.805746,6.021999835968018,13.26431655883789,256.2251747047762,-2.8058680609850972,3.582398625494658,1.2600137555175424,1.680996579529588
SB88715_component_1754a,257.672955,-3.946966,5.951000213623047,27.808412551879883,257.6729315084477,-3.946755430839579,4.33506670715004,1.0289698218218544,1.3727586253304402
SB88715_component_1762a,255.867036,-7.509952,6.15500020980835,31.085859298706055,255.86682308855998,-7.509779031407679,9.638317245153079,0.47866901039296605,0.6385969721948692
SB88715_component_1765a,256.90932,-5.011988,6.02400016784668,31.375,256.90941946849426,-5.0118401568955155,3.6497881771277383,1.2371597206713172,1.6505067898453678
SB88715_component_1769a,255.581146,-3.649564,5.936999797821045,22.40377426147461,255.58114215330096,-3.6494801120245075,4.823391671687696,0.9226202056245142,1.2308765702503484
SB88715_component_1770a,258.329487,-7.466392,6.65500020980835,28.080169677734375,258.32929023646125,-7.46626106594193,4.457547935610592,1.1190783861927736,1.4929733355512984
SB88715_component_1777a,256.089447,-2.916983,5.675000190734863,14.40355396270752,256.0894873733439,-2.9168686862875344,4.114048883130177,1.0339627414420087,1.3794197278514189
SB88715_component_1789a,254.320127,-9.209068,6.059000015258789,11.325233459472656,254.32028817936884,-9.208961538261976,5.58119378911355,0.8137337105708495,1.0856100404679063
SB88715_component_1790a,257.248026,-3.782899,5.60699987411499,27.485294342041016,257.24797869677207,-3.782791452039231,3.7318089282969504,1.1262105815127,1.5024884665447764
SB88715_component_1791a,254.442439,-4.537519,6.0970001220703125,17.8797664642334,254.44260120383535,-4.537319641437497,2.9388949928431867,1.5550365145188019,2.0745893054762967
SB88715_component_1797a,257.635363,-7.269302,5.751999855041504,26.26483917236328,257.63522807731573,-7.269160367090524,4.332312650399008,0.9951935030780306,1.3276973106988808
SB88715_component_1798a,260.826366,-7.161559,5.807000160217285,19.039344787597656,260.8261509295381,-7.161397042630358,3.3595350067274485,1.295630382774645,1.7285130676087026
SB88715_component_1799a,256.354014,-6.701453,5.913000106811523,30.796875,256.3540485907199,-6.701231913759453,6.202255716563002,0.7146060280340796,0.9533628371724456
SB88715_component_1805a,256.056237,-2.670937,6.22599983215332,10.734482765197754,256.05622932706996,-2.6707676185400526,3.943500528317468,1.1834111527836886,1.578800303802597
SB88715_component_1807a,255.637408,-4.826365,5.61899995803833,21.69498062133789,255.6374123302881,-4.82634030400245,3.896172714509762,1.0810089380776031,1.4421845153610815
SB88715_component_1814a,256.892021,-9.631465,6.331999778747559,19.072288513183594,256.89193652440787,-9.631450491316658,3.5670962633450203,1.3305601675919325,1.7751132325231305
SB88715_component_1816a,256.940217,-5.188104,5.770999908447266,31.026880264282227,256.94007242987533,-5.188104595754329,7.934489786888324,0.5451807572450001,0.7273309391592883
SB88715_component_1820a,260.828435,-8.87895,5.24399995803833,11.837471961975098,260.8282166133477,-8.878732285228578,7.247592893983397,0.5423471291434371,0.7235505684089467
SB88715_component_1821a,255.330272,-5.421487,6.120999813079834,27.448429107666016,255.3301662526337,-5.421262141933245,5.455176150133156,0.8410504433612025,1.1220535587893756
SB88715_component_1826a,255.476479,-3.21224,5.8460001945495605,18.441640853881836,255.47654199523987,-3.2121820333880224,4.514601261433755,0.9706169774369158,1.2949095293286161
SB88715_component_1827a,254.99827,-3.547501,6.163000106811523,21.70070457458496,254.99784090372304,-3.5471489341467777,2.501271854022951,1.846884496509005,2.4639465306016968
SB88715_component_1828a,256.875973,-4.238876,5.797999858856201,30.19791603088379,256.87586038345904,-4.23871484225767,3.419862211683361,1.2708024651017613,1.6953899016891234
SB88715_component_1831a,253.94216,-6.024337,5.008999824523926,11.106430053710938,253.94250405519537,-6.0241671995616635,3.87402850162506,0.9691626338041378,1.2929692753738835
SB88715_component_1832a,255.927889,-4.542608,6.110000133514404,22.057762145996094,255.92769580019356,-4.542524457147075,2.392673960267551,1.914106742884592,2.5536283818758063
SB88715_component_1842a,256.066761,-8.901586,5.965000152587891,26.04803466796875,256.0666117461878,-8.901153894329488,3.5562267419843048,1.2572726615934016,1.6773396595233794
SB88715_component_1844a,259.400983,-4.688197,6.171000003814697,26.830434799194336,259.4010555004428,-4.68813753033297,2.9859847728175173,1.54908915879808,2.066654880490854
SB88715_component_1845a,258.952936,-5.253093,5.611999988555908,26.471698760986328,258.9528662359759,-5.252952841491688,5.482815738335385,0.7672245078976809,1.0235616618149828
SB88715_component_1849a,258.724078,-4.311995,5.692999839782715,22.238279342651367,258.72383142784065,-4.312032580717382,4.193685469023563,1.017545348572084,1.357517124694677
SB88715_component_1855a,253.921185,-7.759089,6.116000175476074,10.843972206115723,253.92148106408334,-7.759009959044392,4.818347213031166,0.9514322175035449,1.2693149549155403
SB88715_component_1857a,259.586555,-5.423495,5.416999816894531,24.291479110717773,259.5862544502124,-5.423463858427023,4.087275170975667,0.9934211465864432,1.325332792702931
SB88715_component_1862a,257.574269,-9.128632,5.827000141143799,25.225109100341797,257.5742001717584,-9.128528152204773,4.75394737571352,0.9187537299277593,1.2257182674995901
SB88715_component_1863a,260.817286,-8.136991,6.014999866485596,15.954906463623047,260.81728580028476,-8.137085600536732,3.9488577801354903,1.1417541159901194,1.5232252467393783
SB88715_component_1871a,256.706309,-7.254553,5.741000175476074,28.994951248168945,256.70651045240373,-7.254342615849354,3.577351754276277,1.202913423044132,1.6048184718244232
SB88715_component_1873a,256.872739,-9.4988,5.941999912261963,19.41830062866211,256.8725655928467,-9.49868291757442,5.706017038373142,0.7805631300246464,1.0413568470444146
SB88715_component_1875a,260.278679,-9.336443,5.613999843597412,15.091397285461426,260.2784603023275,-9.33635765503126,3.6129084829139964,1.164726326468887,1.553872695681855
SB88715_component_1880a,254.917999,-4.817742,5.392000198364258,21.482072830200195,254.9179023459083,-4.817531407573039,3.004963933715991,1.3449901140990803,1.7943643641993454
SB88715_component_1882a,254.442446,-5.783743,6.020999908447266,21.12631607055664,254.44245062353176,-5.783536597536608,3.5808320815397785,1.2603556754083818,1.6814527381742517
SB88715_component_1883a,258.184234,-5.215609,5.7270002365112305,26.150686264038086,258.18428744911057,-5.215436441338157,4.1683512149069495,1.029843786899571,1.3739245906223558
SB88715_component_1885a,256.318229,-8.316155,5.929999828338623,28.238096237182617,256.3180967579297,-8.31597075217537,3.109435389026443,1.4294915757650326,1.907098584285198
SB88715_component_1895a,255.019686,-6.910358,5.381999969482422,24.243242263793945,255.0197418756636,-6.910154419826566,1.9159282317017787,2.105585642671066,2.809082240362409
SB88715_component_1897a,254.637647,-3.958476,5.117000102996826,16.193037033081055,254.637770132008,-3.9582666678589598,3.2582826365011215,1.1771590023246257,1.570459249198735
SB88715_component_1900a,258.619311,-8.632692,5.164999961853027,21.52083396911621,258.6190886298238,-8.632632547360815,6.240297605198752,0.6204024113882621,0.8276848779696178
SB88715_component_1903a,255.375715,-5.790594,5.7829999923706055,27.407583236694336,255.3758019105564,-5.7905227470501055,3.163467635073573,1.370245084146473,1.828057264836253
SB88715_component_1906a,259.384483,-8.132383,5.689000129699707,23.508264541625977,259.3843944302796,-8.132192372180384,3.658426323379925,1.1656014713917418,1.55504023501662
SB88715_component_1909a,258.263256,-5.675275,5.73199987411499,27.037734985351562,258.2630493060995,-5.675135680989874,3.2890466731416037,1.3063050097340176,1.7427541910312714
SB88715_component_1913a,256.770917,-3.653412,5.550000190734863,26.17924690246582,256.7710293433128,-3.6532974164283174,3.4958998052250467,1.1899877142553357,1.5875741582867204
SB88715_component_1915a,258.592519,-5.579691,5.035999774932861,23.3148136138916,258.5924912411826,-5.579467666455613,3.5288955067666934,1.0696836552332307,1.4270753456077914
SB88715_component_1916a,254.414648,-8.228208,5.314000129699707,16.006025314331055,254.41455043751031,-8.228103358671463,5.63861914657087,0.7064106783139334,0.9424293415758395
SB88715_component_1918a,260.077585,-5.301021,5.803999900817871,25.017242431640625,260.07767364591905,-5.300866189537679,3.379250610574064,1.2874057721632817,1.7175405347731498
SB88715_component_1919a,258.515464,-7.229873,5.416999816894531,27.637754440307617,258.515163618145,-7.2296136001222004,2.9362639727612696,1.3828407883050624,1.8448613159941378
SB88715_component_1920a,259.079693,-3.495328,5.372000217437744,14.880887031555176,259.07960082390343,-3.495220333400752,3.357192431922405,1.1994115943960235,1.6001466482401232
SB88715_component_1922a,260.030777,-2.953793,5.499000072479248,12.274553298950195,260.03079193610085,-2.9533935065585575,3.582156738965714,1.150661539794428,1.5351087272822657
SB88715_component_1924a,257.795255,-4.703986,5.484000205993652,25.746479034423828,257.79536496060325,-4.703869412870746,3.6249062831895262,1.1339897682339088,1.5128667550456847
SB88715_component_1932a,254.743905,-4.361507,5.703999996185303,19.467575073242188,254.7440412346821,-4.360991916360516,3.3292564795036763,1.284223815416845,1.7132954553971917
SB88715_component_1933a,258.053919,-2.709702,5.76800012588501,12.092243194580078,258.05370801445144,-2.709771055047947,2.8936642613067174,1.494120337500417,1.9933204425313333
SB88715_component_1934a,257.285141,-6.15779,5.333000183105469,25.15566062927246,257.2849740189507,-6.157735001568289,3.3445828602177303,1.1951931498002923,1.5945187803654217
SB88715_component_1935a,256.888447,-7.170191,5.250999927520752,26.386934280395508,256.88816499700175,-7.17002335697722,2.9592547274508334,1.330050463274547,1.7744332310466824
SB88715_component_1937a,256.601327,-9.798904,5.583000183105469,12.270329475402832,256.6015703454806,-9.798611424865374,3.5175678234401984,1.1896894728993472,1.5871762715992972
SB88715_component_1941a,260.623662,-5.061136,5.64300012588501,18.02875518798828,260.62355692586175,-5.060930412149024,3.5947999052955226,1.176640506010717,1.5697675182344002
SB88715_component_1943a,254.954337,-4.900131,5.458000183105469,20.9923095703125,254.95426696178905,-4.899863765553166,4.402978838719008,0.9291704812745016,1.2396153565646948
SB88715_component_1945a,256.139903,-8.931393,5.784999847412109,25.262008666992188,256.13979383870617,-8.931103387129669,9.01333489846267,0.48108996759793077,0.6418267946971336
SB88715_component_1948a,256.057708,-5.189785,5.245999813079834,21.949790954589844,256.05775448378995,-5.189565217891403,2.9422436280890003,1.3364665591071156,1.7829930067644102
SB88715_component_1956a,259.46448,-7.193281,5.125,22.478069305419922,259.4645520954103,-7.193231189565956,2.9724663927237662,1.2923655514616768,1.7241574244692464
SB88715_component_1957a,259.311146,-5.340211,5.464000225067139,25.77358627319336,259.3111162937045,-5.340105283568761,2.685926985246101,1.524842410771077,2.0343070586360312
SB88715_component_1959a,256.823355,-6.118846,5.835000038146973,32.59776306152344,256.8233467168471,-6.118745773591392,3.745732427835974,1.1676496916792167,1.5577727855798909
SB88715_component_1961a,254.964387,-3.937623,4.9079999923706055,18.177776336669922,254.9644250101926,-3.937388783225354,3.887256971973824,0.946389163449624,1.2625869675599246
SB88715_component_1968a,260.261601,-7.544885,4.90500020980835,16.515151977539062,260.2616321965634,-7.544537448381539,2.6890934326967906,1.36723004915485,1.8240348773933488
SB88715_component_1970a,254.315727,-7.582547,5.494999885559082,16.30563735961914,254.31562725022525,-7.582452499772767,4.226141082165495,0.9746128949967899,1.3002405217251805
SB88715_component_1971a,256.246982,-4.781254,5.228000164031982,19.954198837280273,256.24668948445685,-4.780993464502813,4.074806488887197,0.961694339994429,1.2830057521233886
SB88715_component_1972a,257.993875,-3.122124,5.466000080108643,18.09933853149414,257.9934886727913,-3.1220830219320974,3.2840409130914052,1.2475832385156376,1.6644129061605593
SB88715_component_1973a,254.384543,-7.304303,5.040999889373779,16.973064422607422,254.38457714467046,-7.304263940676738,3.470478177689506,1.0887691997061761,1.4525375557122386
SB88715_component_1974a,254.142555,-5.953808,4.376999855041504,12.988129615783691,254.14275379909955,-5.9535236271747385,3.144078194898247,1.0434980700347636,1.3921409022663187
SB88715_component_1990a,255.012355,-5.341422,4.886000156402588,20.880342483520508,255.0123484562461,-5.341315901826883,3.2482123087356283,1.1275025308320934,1.5042120686700036
SB88715_component_1998a,258.246327,-9.377927,5.394999980926514,18.66781997680664,258.24627942050205,-9.377736758925057,3.2328739682297036,1.250866984443166,1.6687937834708642
SB88715_component_1999a,253.855306,-5.457778,5.546999931335449,10.085453987121582,253.85558355575552,-5.457873258400031,2.9372777989251198,1.4155382017101688,1.8884832525426578
SB88715_component_2000a,255.906288,-5.879534,5.363999843597412,26.038833618164062,255.9063110053422,-5.87933899577756,3.7564995817442672,1.0703205607762107,1.4279250474737786
SB88715_component_2001a,258.718267,-7.505313,5.432000160217285,25.3831787109375,258.718091547129,-7.504809214115947,2.83477626442072,1.4363141629155243,1.91620066401512
SB88715_component_2006a,254.90519,-8.003132,4.789000034332275,19.546937942504883,254.9052004532343,-8.002928913098872,3.0481430849783937,1.1776546386853592,1.5711204824776857
SB88715_component_2009a,257.670404,-9.248503,5.6579999923706055,20.5,257.67019437527006,-9.248141143006867,2.056548969867299,2.062207413882978,2.751210924355326
SB88715_component_2010a,259.705861,-3.421815,5.431000232696533,18.286195755004883,259.7059175634543,-3.421765946966503,3.311255774269414,1.2294066256373972,1.6401633105176883
SB88715_component_2011a,259.81391,-7.296033,5.258999824523926,19.770675659179688,259.81382342319426,-7.295774670494123,5.170856635805459,0.7623407164406484,1.0170461482355015
SB88715_component_2012a,256.964744,-5.103325,5.186999797821045,27.44444465637207,256.96466277734385,-5.103295947194355,3.0756484359792413,1.2641191078942264,1.6864735699773112
SB88715_component_2022a,256.906832,-5.893233,5.140999794006348,26.77604103088379,256.90665273067543,-5.893142645790295,3.362602134561762,1.1459892895276615,1.5288754328577023
SB88715_component_2026a,259.202387,-6.223806,4.986000061035156,22.561086654663086,259.2019026621903,-6.223721310168667,4.416595385689493,0.8462001961779906,1.1289238940000321
SB88715_component_2042a,257.722499,-3.331129,4.696000099182129,19.167346954345703,257.7221598507255,-3.3310869139298145,2.784484617103032,1.2641299796351095,1.6864880740723325
SB88715_component_2051a,258.000127,-6.704532,4.864999771118164,20.96982765197754,258.00009844288417,-6.704461322631078,5.410405005368417,0.6740024955466344,0.8991932704281694
SB88715_component_2055a,258.09567,-5.829517,4.979000091552734,24.169902801513672,258.0955073947444,-5.829248857249796,3.081031256158528,1.2113077244537134,1.6160173908007087
SB88715_component_2058a,255.346731,-9.054976,4.60699987411499,16.692028045654297,255.3466956835101,-9.054954456889098,2.9210809571277223,1.1821785184238256,1.5771558343405243
SB88715_component_2063a,259.215599,-3.40863,4.928999900817871,16.003246307373047,259.2154597004603,-3.408520768029177,3.1766917452970893,1.1630334120749928,1.5516141621594144
SB88715_component_2072a,259.211872,-9.511767,5.211999893188477,15.239765167236328,259.2115670461241,-9.511543343655447,5.2972516179304545,0.7375003867996456,0.983906423388798
SB88715_component_2073a,254.876033,-9.411877,5.114999771118164,11.704804420471191,254.87606177889077,-9.41215720045875,2.9124541248788924,1.3164215460321858,1.7562507602865194
SB88715_component_2074a,257.792963,-9.975388,5.38100004196167,10.634387969970703,257.79309606105,-9.975244359017317,2.7002184642183393,1.4937315336852506,1.992801735588222
SB88715_component_2084a,259.232046,-4.832735,5.363999843597412,22.923076629638672,259.23222052395613,-4.8324393740555776,4.236206988820378,0.9491176303468886,1.2662270417270336
SB88715_component_2086a,260.384405,-8.220366,4.888999938964844,17.778181076049805,260.3843048190874,-8.220239828439409,3.191793893564456,1.1481368310843227,1.5317404888900963
SB88715_component_2087a,258.463586,-5.18933,4.559000015258789,21.106481552124023,258.46345489274813,-5.1891114396999445,2.6991760539266747,1.2660382818495997,1.6890339585765448
SB88715_component_2092a,258.785995,-8.251048,4.915999889373779,20.230451583862305,258.78570453857685,-8.250958485483137,3.3283700186128886,1.1071047643056657,1.4769992103890366
SB88715_component_2093a,258.015535,-8.749601,4.506999969482422,16.817163467407227,258.015599053402,-8.749311127731666,3.8214335409576132,0.8840354905706035,1.1794003274365494
SB88715_component_2094a,257.810684,-4.281288,4.85099983215332,21.851350784301758,257.810618952273,-4.280977099123144,2.1949192066295535,1.6566134282626437,2.210104051894629
SB88715_component_2095a,256.590153,-5.888336,5.111999988555908,25.182266235351562,256.59015839891015,-5.888077453829396,2.823432221943771,1.357131509794461,1.8105623180274502
SB88715_component_2096a,254.886743,-3.262828,4.40500020980835,11.531414031982422,254.88682573359398,-3.262849872017641,2.3477022902894715,1.4064081239158122,1.876302727150815
SB88715_component_2107a,257.569539,-2.93894,4.690999984741211,14.987220764160156,257.5696529728023,-2.938785740531814,3.0979913349474737,1.1349943233026885,1.514206941712039
SB88715_component_2110a,255.515114,-7.861385,4.89300012588501,22.14027214050293,255.515015444861,-7.861238568606396,3.3516928608631837,1.094257341878258,1.4598593394458235
SB88715_component_2113a,255.503486,-9.098413,4.760000228881836,17.18411636352539,255.50331099039886,-9.098188971015968,2.898434481909062,1.2309826800258505,1.6422659399727568
SB88715_component_2118a,255.515209,-8.494342,4.385000228881836,19.23245620727539,255.51498986574592,-8.494229448560048,4.127262420770596,0.7963720214279987,1.0624476424891631
SB88715_component_2119a,258.723937,-3.538052,4.88700008392334,13.727527618408203,258.72361084468923,-3.5380947172880273,5.162390988586907,0.7095776193812497,0.9466543883885576
SB88715_component_2125a,258.417578,-8.769784,4.96999979019165,18.4758358001709,258.4175161797132,-8.769404653394448,2.7461200106590065,1.356579700673253,1.8098261441236005
SB88715_component_2128a,254.796092,-9.267331,4.771999835968018,12.827956199645996,254.7960122338435,-9.267395881567905,3.231499230287931,1.1068909071436888,1.4767139014737831
SB88715_component_2131a,260.324795,-3.78007,4.36899995803833,14.911261558532715,260.3243003302433,-3.780027655700124,2.8711109256028244,1.140618799522234,1.5217106100214521
SB88715_component_2133a,259.589741,-6.871805,4.526000022888184,20.115556716918945,259.5896942856766,-6.871679720863438,3.3197952868791556,1.0219077772236,1.3633370830955502
SB88715_component_2137a,256.906145,-8.77366,4.876999855041504,24.384998321533203,256.90624661630284,-8.773611580743447,2.435009022751261,1.5012762855611301,2.0028672622868124
SB88715_component_2148a,259.096226,-7.653746,4.547999858856201,19.353191375732422,259.0959837201582,-7.653600519770415,6.978803445762945,0.4884812882303531,0.6516876272847945
SB88715_component_2150a,258.665329,-4.928407,4.546000003814697,21.545024871826172,258.6654158783033,-4.928294753815297,3.4026294419940935,1.0014360767598252,1.3360255888312473
SB88715_component_2152a,260.087666,-4.295497,4.4070000648498535,17.77016258239746,260.08759856118246,-4.295272851870696,2.9425230025245717,1.1226170837745078,1.4976943463377574
SB88715_component_2155a,259.712495,-3.050732,4.796000003814697,12.234694480895996,259.712209787121,-3.0505765690319677,3.3963111779021444,1.0584739080248637,1.4121203130677566
SB88715_component_2158a,260.723835,-4.343188,4.335999965667725,12.21408462524414,260.7237753016919,-4.3433659620108775,2.5644691341254857,1.267360742516303,1.690798266186328
SB88715_component_2159a,257.302973,-5.567042,4.895999908447266,24.60301399230957,257.3028848201795,-5.567049438084196,1.923725377370334,1.9076855207831516,2.545061767153027
SB88715_component_2160a,259.313827,-7.458256,4.566999912261963,20.29777717590332,259.3135427981538,-7.457967178915457,3.2475183174847957,1.0541146531646552,1.4063045888526677
SB88715_component_2161a,258.138484,-6.983766,5.02400016784668,24.5073184967041,258.1381430120884,-6.983488768003664,2.494880161332979,1.5094141333724496,2.013724044028803
SB88715_component_2167a,259.632773,-4.082357,4.821000099182129,21.331859588623047,259.6328265703065,-4.082321840066409,2.8545821648593384,1.2659106365687964,1.6888636657686422
SB88715_component_2168a,257.834746,-6.588987,4.715000152587891,21.828702926635742,257.83489734701635,-6.588682972577217,2.94705964183762,1.1992265713013017,1.5998998071338262
SB88715_component_2169a,259.890998,-8.692519,4.296999931335449,17.257028579711914,259.8909740354802,-8.692536602934194,3.819183259316539,0.8433411761883328,1.1251096476853581
SB88715_component_2170a,256.049408,-3.789306,4.488999843597412,16.93962287902832,256.04922099004426,-3.7893273739264863,2.3154171962259893,1.4532113877259587,1.938743415620412
SB88715_component_2173a,260.652084,-6.056556,4.511000156402588,18.189517974853516,260.6522041108866,-6.056424975979624,2.6364041281916295,1.2825352658174665,1.7110427449894745
SB88715_component_2174a,259.432325,-6.424379,5.014999866485596,22.692306518554688,259.43208321199074,-6.424203308880414,2.491734298948729,1.5086123269150202,2.012654346252504
SB88715_component_2192a,260.278365,-4.304082,4.586999893188477,17.375,260.2779618244253,-4.303794342045402,2.3919143815991553,1.437446059080353,1.9177107376735447
SB88715_component_2194a,254.955621,-9.168067,4.710999965667725,14.020833015441895,254.95530615021605,-9.168194339005705,3.0141662637908166,1.1715325321739918,1.5629529207665063
SB88715_component_2195a,256.100788,-6.674666,4.715000152587891,24.68586540222168,256.1007957959291,-6.674648756328464,2.8796326498096554,1.2273066253554885,1.6373616797613242
SB88715_component_2202a,256.138531,-9.25782,4.254000186920166,15.357400894165039,256.1383368776543,-9.25759347612071,3.1776802080574473,1.0034500806725593,1.3387124909969104
SB88715_component_2203a,257.733924,-4.725384,4.50600004196167,22.530000686645508,257.73382133449684,-4.725078239391863,4.525773223947271,0.7462886889635805,0.9956309825952004
SB88715_component_2206a,257.46307,-5.630245,4.827000141143799,24.256282806396484,257.46288492299743,-5.630219124003697,2.9814222404185666,1.213562872486934,1.6190260056777896
SB88715_component_2210a,255.01283,-5.500182,4.374000072479248,19.10043716430664,255.01288734432498,-5.499877909379657,2.752794992424277,1.1910044190669535,1.5889305540429075
SB88715_component_2213a,259.5853,-5.845339,4.757999897003174,22.765548706054688,259.58526280995784,-5.845065986140266,3.9146110964590233,0.9110542995679325,1.2154463827344282
SB88715_component_2216a,257.639942,-9.498751,4.749000072479248,16.153060913085938,257.63964324869085,-9.49868732792117,3.1182115362320086,1.1415766021092353,1.5229884237481384
SB88715_component_2219a,258.796496,-9.645473,4.229000091552734,11.747221946716309,258.79657417721114,-9.64526116411272,3.060109508480332,1.0358793671369708,1.3819767167917074
SB88715_component_2221a,258.674182,-5.952803,4.556000232696533,18.297189712524414,258.6743440477374,-5.952511226548186,4.644054031433371,0.7353514112790952,0.9810394542912627
SB88715_component_2222a,255.213021,-5.207546,3.7899999618530273,16.844444274902344,255.212832762929,-5.207208694186951,2.571394120788811,1.1047881709432705,1.473908620701984
SB88715_component_2229a,258.36824,-5.394242,4.181000232696533,18.91855239868164,258.36823906514053,-5.393921887795704,2.835236678324226,1.1053487635100558,1.4746565126858207
SB88715_component_2233a,254.850319,-6.911305,4.561999797821045,18.469635009765625,254.8502355864079,-6.9110080985883355,2.6579533805504765,1.286519457563518,1.7163580938640204
SB88715_component_2248a,256.362596,-5.285496,4.60099983215332,21.702829360961914,256.3625145715009,-5.285418601530625,3.180637094123966,1.084292751204114,1.4465654823222016
SB88715_component_2262a,256.766884,-8.75613,4.447999954223633,21.080568313598633,256.7670029876339,-8.755995702367656,3.558110297299827,0.9370307089673346,1.2501017626123405
SB88715_component_2263a,259.90509,-3.106397,4.797999858856201,13.327776908874512,259.90521879898955,-3.1062793633207875,6.382996400404955,0.5634353457490775,0.7516845628413331
SB88715_component_2265a,260.915538,-5.740614,4.7220001220703125,15.134615898132324,260.9155195611508,-5.740240491586576,2.282786490455774,1.5504906685056656,2.068524648193241
SB88715_component_2272a,257.565705,-7.587313,4.256999969482422,17.590909957885742,257.56557855437524,-7.587280717420988,2.6277130483905453,1.2143228465274192,1.6200398944206647
SB88715_component_2281a,259.738695,-6.194231,4.682000160217285,23.1782169342041,259.7385388013151,-6.194448796351026,1.9865102038535452,1.7666441539654218,2.3568971108906847
SB88715_component_2283a,257.84043,-4.465269,4.339000225067139,20.466981887817383,257.8404296457903,-4.4654763545777785,2.205661007519529,1.47454952504907,1.967210831707429
SB88715_component_2304a,256.907702,-4.432165,4.395999908447266,21.339805603027344,256.9074378087975,-4.432075425540431,2.2299075534256505,1.4776761802261,1.971382132722946
SB88715_component_2308a,255.161168,-8.659131,4.2210001945495605,16.049428939819336,255.16110440703412,-8.659010572761073,2.4393317220488524,1.2970387919190227,1.7303920399166715
SB88715_component_2309a,254.535716,-3.957102,4.214000225067139,13.086956977844238,254.53599707079758,-3.9568893684753474,2.5478472837399027,1.2397371569611475,1.6539453726133633
SB88715_component_2312a,259.768479,-4.884576,4.020999908447266,15.52509593963623,259.76881778755745,-4.88447308121962,3.9105672947988714,0.7707308733403345,1.0282395379809144
SB88715_component_2313a,257.465143,-7.299283,4.415999889373779,22.190954208374023,257.46488005782317,-7.299084428178866,3.0879413720158855,1.0719350316707668,1.4300789287624667
SB88715_component_2323a,256.468499,-4.803109,3.752000093460083,17.532711029052734,256.46856257806155,-4.8028160442601004,2.1279930579590554,1.3216032265210795,1.7631636905143866
SB88715_component_2342a,254.640932,-3.592575,4.000999927520752,11.366477012634277,254.64114921451676,-3.5922704880642247,2.728932140227854,1.0989660188179335,1.4661412310482318
SB88715_component_2346a,260.378376,-8.248979,4.432000160217285,15.828572273254395,260.3781366633663,-8.248670295385978,2.78466115624129,1.1929874285423094,1.5915761062288665
SB88715_component_2353a,257.656658,-3.586407,4.031000137329102,20.461929321289062,257.65656088574275,-3.586325169569137,3.1837712922390975,0.9490288328042492,1.2661085760636284
SB88715_component_2361a,254.494422,-5.649921,3.953000068664551,13.968198776245117,254.49451695974403,-5.649710033922787,2.8126690505927248,1.0534565894895123,1.4054266597172247
SB88715_component_2371a,257.218901,-7.289169,3.7239999771118164,17.733333587646484,257.2187641844227,-7.289070398897145,2.5888434601945014,1.078232294790484,1.4384801686047213
SB88715_component_2377a,254.399447,-5.035056,3.2179999351501465,10.248407363891602,254.3993869292694,-5.034472315844218,2.8045933989701335,0.8600517424492545,1.1474033763082445
SB88715_component_2382a,259.703388,-3.448947,3.936000108718872,13.762237548828125,259.7033251073534,-3.4492551283714077,2.523452200591288,1.1691452663397874,1.5597680462489443
SB88715_component_2385a,259.077011,-6.366703,4.105999946594238,20.029268264770508,259.07686615932147,-6.366547368338663,2.237848717040147,1.3752975582627842,1.8347978195885244
SB88715_component_2386a,258.338408,-5.420375,4.308000087738037,20.225353240966797,258.3385786928401,-5.419997088113671,2.5701163772862774,1.2564099613382287,1.6761887227405432
SB88715_component_2391a,255.183885,-6.020588,4.086999893188477,18.577272415161133,255.18374130945847,-6.020443836555913,2.2016675493584317,1.3914299321942936,1.8563201762134491
SB88715_component_2393a,256.776767,-4.909205,3.7939999103546143,17.5648136138916,256.77688345875373,-4.909138689544587,3.746127685725247,0.7591423095097211,1.0127791225087672
SB88715_component_2398a,257.608884,-3.482434,4.13100004196167,17.96086883544922,257.6088515289023,-3.4822536680461926,2.219387733361807,1.3951807473175937,1.8613241750706881
SB88715_component_2400a,255.622294,-6.754865,3.5409998893737793,17.443349838256836,255.62226448367014,-6.754710901565266,1.940957139319415,1.3674719429116267,1.8243575902018165
SB88715_component_2401a,254.486747,-6.725279,3.5339999198913574,12.897809982299805,254.48656563301657,-6.725081926755197,2.4611701803986032,1.0763000175969921,1.4359022988483479
SB88715_component_2419a,254.446809,-7.678202,3.6760001182556152,11.276073455810547,254.44690215504625,-7.67776304265625,5.01490585642497,0.5494411579109347,0.7330147810344271
SB88715_component_2425a,256.602997,-3.320655,3.8980000019073486,15.346456527709961,256.60305070616033,-3.3205510791615898,2.78692585286371,1.048394846018758,1.398673738629233
SB88715_component_2433a,255.847546,-8.034328,4.117000102996826,19.698564529418945,255.84724963926897,-8.034242366870895,4.73764416051259,0.6513687157549487,0.868997325149761
SB88715_component_2435a,257.083291,-9.66295,4.130000114440918,12.591463088989258,257.0830376884849,-9.663171115402557,2.8520482671418104,1.0854295710444808,1.4480821247039453
SB88715_component_2437a,257.945506,-7.255124,3.815000057220459,17.910799026489258,257.9450269372413,-7.25484514721636,2.3451253795076856,1.2193740226346759,1.6267787174864594
SB88715_component_2440a,260.47392,-7.069141,3.9260001182556152,14.704120635986328,260.47367021160164,-7.069079149303384,2.038173007002348,1.4438355118740154,1.9262349686544997
SB88715_component_2441a,254.345563,-6.176747,4.131999969482422,14.102388381958008,254.3455034625753,-6.176475351680683,2.2501595714069778,1.3764341804878977,1.8363141983298406
SB88715_component_2443a,254.294603,-8.304799,4.086999893188477,11.016172409057617,254.29450905599614,-8.305078318458667,2.1722373374350674,1.4102814992285584,1.8814702347462275
SB88715_component_2446a,256.407584,-3.607107,3.946000099182129,15.658730506896973,256.407759631769,-3.606841922070465,2.7619471500059056,1.0709031211740194,1.4287022469541792
SB88715_component_2447a,257.548439,-4.3928,3.6519999504089355,18.632654190063477,257.5482129252934,-4.392549137655333,1.86218696203008,1.4699952719512028,1.9611349584510434
SB88715_component_2451a,254.617788,-8.269471,3.3329999446868896,11.613240242004395,254.61767071804485,-8.2693249437307,3.083633811552151,0.8101789664926909,1.0808676218948383
SB88715_component_2454a,255.887932,-4.565383,3.9010000228881836,14.185454368591309,255.8878270143384,-4.565200102932103,2.515856884614718,1.1622471153355856,1.5505651560484486
SB88715_component_2460a,259.973125,-5.508344,3.8910000324249268,18.980487823486328,259.97294879281407,-5.507915584222869,1.834951334664601,1.5894436671644694,2.1204922217384787
SB88715_component_2463a,254.913991,-5.470546,3.818000078201294,16.042016983032227,254.91372819056235,-5.470348405600781,2.0218095669285936,1.415481319688461,1.8884073656854639
SB88715_component_2474a,256.872771,-6.342032,3.684000015258789,18.70050811767578,256.87254663041955,-6.342047128084992,3.2733511683386953,0.8435978817171567,1.1254521210226607
SB88715_component_2482a,259.551505,-7.301418,3.615000009536743,15.855262756347656,259.5513822211471,-7.301117583131691,2.718645794882756,0.9966992492820055,1.3297061413227034
SB88715_component_2483a,255.02909,-7.174739,3.9140000343322754,17.017391204833984,255.02922656411693,-7.174640583088455,2.5507242270314463,1.1501799019723395,1.534466169589576
SB88715_component_2494a,256.404402,-5.314765,3.9619998931884766,19.909547805786133,256.4039278923075,-5.314803040143246,1.954264808671229,1.519635758981476,2.0273608139535475
SB88715_component_2497a,257.960192,-9.610744,4.034999847412109,12.57009220123291,257.9595435193949,-9.610212592241567,2.387711528454885,1.2666893610116596,1.6899025696053003
SB88715_component_2508a,257.974658,-9.101935,3.3450000286102295,13.487903594970703,257.97454583314067,-9.101845384195247,1.4222182165403525,1.7629433027738437,2.35195976939965
SB88715_component_2511a,260.528551,-5.17588,3.691999912261963,12.687284469604492,260.5283743402404,-5.175791712285135,2.438454973715759,1.1348942558772575,1.5140734407886283
SB88715_component_2521a,258.289969,-4.408579,3.877000093460083,17.86635971069336,258.28993856868436,-4.408316697480635,2.8734131920895947,1.0113609635243925,1.3492664765837812
SB88715_component_2523a,261.023548,-6.201505,4.006999969482422,11.514368057250977,261.02342198467875,-6.201682187320613,1.79079275291798,1.677190784695921,2.2375565028132245
SB88715_component_2527a,257.558183,-6.315813,3.634999990463257,17.731706619262695,257.55802353547796,-6.3155749166583925,3.204381707762154,0.8502930449356875,1.1343842032483185
SB88715_component_2530a,256.649739,-9.591491,3.674999952316284,11.77884578704834,256.64975118475695,-9.591582294842745,1.7809743504156832,1.5467072796406705,2.0634771923910815
SB88715_component_2532a,258.020004,-4.344764,3.8489999771118164,18.684465408325195,258.02020587804554,-4.344578775668956,3.6658361218320485,0.7870155599425134,1.049965096417957
SB88715_component_2535a,259.332383,-5.012718,3.9049999713897705,17.2026424407959,259.3325299161226,-5.01249436694987,3.2739725052317996,0.8940348819797471,1.1927406125584716
SB88715_component_2543a,259.848426,-4.996902,3.9110000133514404,17.858448028564453,259.84847876898965,-4.996767772150502,2.5290610270232063,1.1591428612120704,1.5464237404958254
SB88715_component_2550a,257.710908,-6.45319,3.5220000743865967,16.23041534423828,257.7110964411542,-6.4530365285216496,2.1609336123202474,1.2216769856710017,1.6298511228232222
SB88715_component_2553a,258.691433,-9.205666,3.9679999351501465,14.534798622131348,258.6910016410178,-9.205164409738487,2.4654225967988976,1.206392811667033,1.6094603579533155
SB88715_component_2563a,254.796298,-6.548254,3.635999917984009,15.538461685180664,254.79638426721138,-6.547829749354714,2.2259345328897235,1.224390451909871,1.6334711844663863
SB88715_component_2564a,257.060708,-5.987683,3.871000051498413,20.481481552124023,257.06046530577487,-5.98763138516077,2.402821326405495,1.2075639956851307,1.6110228459180704
SB88715_component_2567a,260.411539,-7.286892,3.3269999027252197,13.254980087280273,260.4116324713933,-7.286545309537951,2.8301678076798775,0.8811484022234864,1.1755486348537887
SB88715_component_2570a,259.600079,-3.143772,3.7720000743865967,10.506963729858398,259.6002201205744,-3.1437093880121845,2.3377671544991703,1.2094248747475613,1.613505462734884
SB88715_component_2571a,255.078821,-4.688818,3.868000030517578,15.168627738952637,255.07885658511233,-4.6887162333934045,2.340948860567424,1.2385199285246304,1.6523214563431392
SB88715_component_2572a,259.499077,-8.872461,3.316999912261963,13.162697792053223,259.498880742031,-8.872058508497705,2.313407952370916,1.0747357425266804,1.433815384295929
SB88715_component_2575a,258.360278,-6.175825,3.437000036239624,17.625642776489258,258.36005114008105,-6.175490073151229,2.823729857448085,0.9123570815419544,1.2171844368093254
SB88715_component_2584a,255.510878,-5.037724,3.885999917984009,17.194690704345703,255.51053562355708,-5.037947303280589,2.3211183737885324,1.2549139707066845,1.6741929071205768
SB88715_component_2602a,255.452575,-5.480406,3.5199999809265137,16.14678955078125,255.4525230291331,-5.4800160206531725,2.4429075030260967,1.080050579615341,1.4409059600358152
SB88715_component_2616a,259.046245,-5.729306,3.2760000228881836,15.902913093566895,259.0464054312827,-5.729299586349119,2.409795772660664,1.0189951442723264,1.3594513112084767
SB88715_component_2617a,257.851229,-8.815703,3.3970000743865967,15.233183860778809,257.85133663729863,-8.815444126675185,2.516661227931358,1.011764074692421,1.349804271105197
SB88715_component_2618a,260.55138,-7.144673,3.7230000495910645,14.486381530761719,260.5512258630467,-7.144432371068905,3.498519577999499,0.7976588535534896,1.0641644177163434
SB88715_component_2622a,257.348308,-9.324888,3.621999979019165,13.46468448638916,257.34833814098295,-9.324934822631905,2.6748243949933257,1.0149896755264198,1.354107576481933
SB88715_component_2629a,258.476838,-5.783393,3.4630000591278076,16.729469299316406,258.4765035003554,-5.783251137492547,1.8767966858317195,1.383068619381983,1.8451652676449328
SB88715_component_2631a,257.014059,-4.295026,3.6080000400543213,18.314722061157227,257.0140709771043,-4.294728026255088,2.445958105946667,1.105671145514374,1.475086605646463
SB88715_component_2638a,259.807517,-8.859974,3.5989999771118164,14.281745910644531,259.8072049490411,-8.859904486966837,2.203386464923507,1.2243331910864856,1.6333947922461982
SB88715_component_2639a,256.23493,-5.807681,3.565999984741211,18.670156478881836,256.2348221064898,-5.807745580536364,2.4301328469598826,1.0999166542971492,1.4674094830668654
SB88715_component_2640a,255.373998,-3.559343,3.6640000343322754,13.826416015625,255.37366636093213,-3.5593400797517996,2.4618572049396343,1.1155808913735394,1.4883072937701591
SB88715_component_2644a,259.687113,-3.225437,3.752000093460083,11.580246925354004,259.6869777026701,-3.2255494696355527,3.0627885491931606,0.9182359298535365,1.2250274653953774
SB88715_component_2645a,255.216744,-4.985709,3.76200008392334,15.108433723449707,255.2170250698906,-4.9852070892307685,2.351542702643347,1.1991524187701794,1.5998008795224137
SB88715_component_2652a,256.945919,-3.694196,3.186000108718872,15.541463851928711,256.9458577575129,-3.6938890631852677,3.0133103952472893,0.7925202594690955,1.057308969478868
SB88715_component_2656a,257.461001,-6.85024,3.3510000705718994,16.266990661621094,257.4611216021529,-6.850073643598295,1.5205944081587828,1.6518458039694817,2.2037435180558567
SB88715_component_2658a,254.363723,-7.941818,3.6019999980926514,11.256250381469727,254.36320917704995,-7.941750360646102,2.0223162735135145,1.335067082987803,1.781125952091875
SB88715_component_2661a,257.277417,-8.844143,3.2320001125335693,15.173709869384766,257.2773913732482,-8.844081095391138,2.59438650410838,0.9337812459329771,1.2457666224425261
SB88715_component_2675a,258.564089,-9.121334,3.4040000438690186,13.507936477661133,258.56403029430703,-9.121143771715985,1.884233023893029,1.3541394870904353,1.8065706315007615
SB88715_component_2680a,255.316745,-8.328807,3.3310000896453857,14.482608795166016,255.31660048274782,-8.328575411111082,2.017783515256673,1.237395497174017,1.6508213415658044
SB88715_component_2682a,258.056277,-4.69443,3.1670000553131104,15.373786926269531,258.0562165599058,-4.694231608503794,2.501462717072865,0.9489918729196539,1.266059267522898
SB88715_component_2683a,255.299031,-9.110142,3.7079999446868896,12.56949234008789,255.29873800399807,-9.109917309705775,2.133352321686381,1.3028235212995865,1.7381095035234382
SB88715_component_2691a,255.2048,-6.137918,3.444999933242798,17.224998474121094,255.2048655220974,-6.137722278875063,2.139630115601134,1.2068657774697502,1.610091346220801
SB88715_component_2715a,257.363418,-4.858514,3.1470000743865967,15.735000610351562,257.3637344322667,-4.858412836128136,1.9015092407935303,1.2405285663104597,1.6550011995068208
SB88715_component_2726a,260.506271,-4.152926,3.385999917984009,10.681387901306152,260.50588908010275,-4.1528376684897665,2.7866297540579588,0.9107855461121567,1.2150878361408552
SB88715_component_2729a,256.053003,-8.106271,3.5820000171661377,16.660465240478516,256.05307365825666,-8.106160970438218,1.7277584814938727,1.5539999718195556,2.0732064438017
SB88715_component_2730a,259.680933,-3.905889,3.2709999084472656,13.083999633789062,259.68126687285564,-3.9057599118595956,3.0961528356848804,0.7918931711846233,1.0564723649127317
SB88715_component_2734a,257.376081,-8.495874,3.265000104904175,15.772947311401367,257.3756729410851,-8.495756514967889,2.640438871471856,0.9268629847676279,1.236536903080877
SB88715_component_2751a,257.91258,-9.024333,3.015000104904175,12.256097793579102,257.91253236691,-9.024241149891916,2.1704344742752526,1.0412358419523038,1.3891228418268364
SB88715_component_2758a,257.146579,-6.855135,2.990000009536743,14.949999809265137,257.14665831635006,-6.8552401550538296,2.21300010595407,1.0127405783135583,1.3511070340630158
SB88715_component_2762a,259.240704,-7.55292,3.3919999599456787,14.557940483093262,259.24073170039577,-7.552561582972716,1.8053548168403173,1.4083212293612615,1.878855019692065
SB88715_component_2786a,256.752129,-9.136235,3.187000036239624,14.039648056030273,256.75210176663074,-9.136211459089429,2.283869800258739,1.0459698907744248,1.3954385823038467
SB88715_component_2808a,254.963611,-8.518376,3.13700008392334,11.837737083435059,254.96393073453888,-8.518481477235541,2.523572024494042,0.9317669086445575,1.2430792755171256
SB88715_component_2815a,258.896251,-8.122138,3.2929999828338623,13.894514083862305,258.896282857899,-8.121914597357486,2.6025104796480267,0.948435274545796,1.2653167042306088
SB88715_component_2824a,256.629963,-3.302361,3.0450000762939453,11.848249435424805,256.6298653634795,-3.3022010624336717,1.3194402350321162,1.7298404213645238,2.3077968940516866
SB88715_component_2833a,257.578933,-3.474094,3.2639999389648438,14.008584022521973,257.5788688340096,-3.4740144798486337,1.6507233504789773,1.4821231945811857,1.9773149377318462
SB88715_component_2837a,260.754168,-4.643386,3.4040000438690186,10.910256385803223,260.75422942318255,-4.643028842621358,1.7848750500774924,1.4295198649466188,1.9071363251568956
SB88715_component_2850a,260.265645,-5.57852,2.934000015258789,12.982300758361816,260.2657488665186,-5.578298434020911,3.859801674269864,0.569775247141214,0.7601426868166217
SB88715_component_2853a,260.164321,-4.395601,3.0,11.49425220489502,260.16401494704365,-4.3951654014451975,2.254358911635025,0.9974856371845265,1.330755269055264
SB88715_component_2859a,254.706708,-5.166633,3.0769999027252197,11.148550987243652,254.70673614861406,-5.166447687789187,2.391291033828919,0.9645028241434481,1.286752578082622
SB88715_component_2860a,257.739941,-3.087944,3.0190000534057617,10.233899116516113,257.73987526207253,-3.0879099252934727,2.1870861798742474,1.0346791103282598,1.380375442534847
SB88715_component_2874a,259.798009,-6.935379,2.5409998893737793,10.163999557495117,259.7972280188819,-6.935121873613495,3.655309287525457,0.5210614849405559,0.6951531839030688
SB88715_component_2876a,260.37179,-3.512946,3.3570001125335693,10.523510932922363,260.3718207408377,-3.5126319534529005,1.6307597270441123,1.5430138871170715,2.058549801581384
SB88715_component_2878a,258.525835,-7.031639,2.871999979019165,14.288557052612305,258.5252721766813,-7.031329529012726,2.0701629453591748,1.0398922899942087,1.3873303961205194
SB88715_component_2905a,255.501752,-5.108256,2.6740000247955322,12.045044898986816,255.50159554224686,-5.107925879839469,2.7771740548177855,0.7217167158855405,0.9628492748435162
SB88715_component_2937a,258.385648,-7.659568,3.1059999465942383,13.445886611938477,258.3853982731174,-7.659231544186347,2.1075141047359436,1.1046874257860426,1.4737742156100055
SB88715_component_2954a,256.428945,-4.296943,3.115000009536743,14.095022201538086,256.4287790560011,-4.296720903807827,2.3709362933545846,0.9847967896896097,1.313826954468439
SB88715_component_2958a,258.558041,-8.208542,2.6500000953674316,10.231660842895508,258.5576047965208,-8.208470829692452,2.2149734888486607,0.8967797926705318,1.196402624550101
SB88715_component_3034a,255.744011,-6.620891,2.936000108718872,14.321951866149902,255.74425626411647,-6.620753050322455,2.175735057137909,1.0114828286642066,1.3494290580494948
SB88715_component_3042a,254.89904,-4.109229,2.9579999446868896,11.12030029296875,254.89914521218108,-4.109004461948268,1.910072308765112,1.1607984236428388,1.548632442401763
SB88715_component_3082a,260.164949,-8.710048,2.928999900817871,10.768381118774414,260.1646597600709,-8.709819352499592,1.9229831194545473,1.1417008954241343,1.5231542446657982
SB88715_component_3142a,258.408076,-7.36262,2.7339999675750732,13.33658504486084,258.4075855964099,-7.362277680193328,2.321046585052902,0.8829235575454171,1.1779168867964618
SB88715_component_3156a,255.289238,-6.691035,2.756999969482422,11.439833641052246,255.28937533489054,-6.690788511807681,1.567466578323919,1.3183991924607115,1.7588891575796548
SB88715_component_3178a,256.642288,-4.035938,2.5190000534057617,11.048245429992676,256.642431706524,-4.03584179721848,1.8803828921805092,1.004130923593362,1.3396208101450584
SB88715_component_3215a,256.542195,-8.125169,2.805999994277954,13.68780517578125,256.5419308411224,-8.125100003394259,2.0371542329819508,1.0324575671868867,1.3774116602701114
SB88715_component_3234a,257.048658,-5.608454,2.306999921798706,12.015624046325684,257.04875501297835,-5.608158116323176,1.7410169086372294,0.9932373611297994,1.325087602741605
SB88715_component_3238a,257.919892,-8.362026,2.7899999618530273,11.772151947021484,257.9198168417304,-8.36177248709554,2.331266970863443,0.8970582470731349,1.196774113270983
SB88715_component_3240a,256.01281,-8.784006,2.6689999103546143,12.64928913116455,256.01255402018086,-8.783809885999016,2.0802958568981844,0.9616829395421447,1.2829905426693557
SB88715_component_3277a,259.31126,-7.685317,2.513000011444092,10.785408020019531,259.3110441408542,-7.685072579036829,3.5531173888667613,0.5301409977088825,0.7072662500029567
SB88715_component_3292a,257.76845,-6.967134,2.700000047683716,12.676056861877441,257.76861910940244,-6.966861131965075,2.8173464381009152,0.7183431828779852,0.9583486117183733
SB88715_component_3304a,256.350678,-6.446804,2.4779999256134033,13.921347618103027,256.35002151899687,-6.446679075886748,2.2195257206589414,0.8368537439357862,1.1164547013574255
SB88715_component_3318a,255.257401,-5.338797,2.368000030517578,11.065420150756836,255.25734806148077,-5.3388718033691,3.752994419255179,0.4729467458453089,0.6309628435278974
SB88715_component_3329a,258.858289,-4.986903,2.377000093460083,11.004630088806152,258.858022860955,-4.986696658433536,1.7427530763665153,1.0223551695359536,1.3639339535213537
SB88715_component_3336a,257.801449,-6.441473,2.5169999599456787,11.286994934082031,257.80090959600057,-6.4414454687430265,2.8203309910765073,0.668946807682916,0.8924484281842932
SB88715_component_3341a,255.451793,-6.364458,2.1440000534057617,10.561576843261719,255.4518824695455,-6.364269196961438,4.020043817652931,0.3997628766508777,0.5333275333942797
SB88715_component_3366a,259.460585,-6.509878,2.193000078201294,11.48167610168457,259.4605451978823,-6.50981986063179,2.138909992184911,0.7685189742023553,1.0252886218747006
SB88715_component_3541a,258.776822,-5.584579,2.436000108718872,11.330232620239258,258.77673222695347,-5.584329530539503,1.6732833727472418,1.0912299178893485,1.4558204237214054
SB88715_component_3722a,256.547959,-7.73012,2.111999988555908,10.775510787963867,256.54775855039185,-7.729875051689993,2.3783163605539124,0.6656297812227554,0.8880231509924194
SB88715_component_3941a,256.598383,-6.021464,1.9780000448226929,10.465608596801758,256.59840375255556,-6.02126872599164,1.778958941002584,0.8334294242032462,1.1118862831696013
