Component_ID,RA,DEC,RA_comp,DEC_comp
SB74557_component_86a,2.876566,0.964419,2.87668,0.96441
SB74557_component_127a,0.112602,3.120579,0.112594,3.121013
