Component_ID,RA,DEC,RA_comp,DEC_comp
SB74758_component_50a,206.918402,-37.843476,206.918454,-37.843506
