Component_ID,RA,DEC,RA_comp,DEC_comp
SB74874_component_28a,215.282332,-6.732195,215.282315,-6.732321
SB74874_component_43a,213.83666,-9.93286,213.836808,-9.93287
