Component_ID,RA,DEC,ASKAP_flux,ASKAP_flux_SNR,RA_comp,DEC_comp,Comp_flux,Flux_Ratio_AlphaCorr,Flux_Ratio_NOAlphaCorr
SB74783_component_103a,357.227103,-40.01405,135.2989959716797,169.97361755371094,357.2271129713871,-40.01399904126976,34.3885378963,1.4849729686886235,3.9344212999017047
SB74783_component_141a,359.809299,-39.920719,101.05599975585938,126.00498962402344,359.80954140011664,-39.92076727225712,46.04311699295,0.8283904280840809,2.194812305416525
SB74783_component_473a,2.88059,-40.007923,30.334999084472656,25.993999481201172,2.8808183168721,-40.00789870857438,14.90513931662,0.7681492875566582,2.0352039950842706
SB74783_component_790a,356.772172,-39.893246,18.159000396728516,16.344736099243164,356.7722900653,-39.89301826143785,7.447064054789997,0.9203320246121031,2.4384106626622253
SB74783_component_1144a,357.964753,-39.729901,11.052000045776367,25.06122398376465,357.96461366968765,-39.72985149448775,4.5540647818,0.9159660130712611,2.4268429579537183
