Component_ID,RA,DEC,RA_comp,DEC_comp
SB74737_component_13a,337.735309,-44.274922,337.735179,-44.27497
