Component_ID,RA,DEC,RA_comp,DEC_comp
SB74501_component_9a,176.755544,-38.203083,176.755711,-38.203062
SB74501_component_139a,172.518241,-36.134439,172.518403,-36.134468
