Component_ID,RA,DEC,ASKAP_flux,ASKAP_flux_SNR,RA_comp,DEC_comp,Comp_flux,Flux_Ratio_AlphaCorr,Flux_Ratio_NOAlphaCorr
SB74768_component_312a,314.71006,-39.89331,43.20800018310547,33.67731857299805,314.71010858972767,-39.89338046244004,8.0659645752,2.021834213544032,5.356829896817902
SB74768_component_345a,316.186824,-39.970487,42.83000183105469,50.44758987426758,316.18737971763136,-39.97157402356648,5.33411313575,3.030564668809794,8.029451333531306
SB74768_component_640a,314.167331,-39.98412,20.833999633789062,14.548882484436035,314.16760456775194,-39.98416019259151,8.12637863401,0.9676388221838036,2.563749558332901
