Component_ID,RA,DEC,RA_comp,DEC_comp
SB74510_component_2a,236.539673,0.440045,236.539714,0.440171
SB74510_component_25a,238.878015,-3.447117,238.878117,-3.447089
