Component_ID,RA,DEC,RA_comp,DEC_comp
SB74619_component_68a,48.305682,2.47629,48.305856,2.476474
SB74619_component_104a,43.337388,0.09984,43.337648,0.099985
