Component_ID,RA,DEC,ASKAP_flux,ASKAP_flux_SNR,RA_comp,DEC_comp,Comp_flux,Flux_Ratio_AlphaCorr,Flux_Ratio_NOAlphaCorr
SB74738_component_82a,350.017901,-40.006289,159.1230010986328,186.3267059326172,350.01805064454027,-40.006337776179954,54.56472873295,1.1006738441289965,2.9162245427336506
SB74738_component_340a,349.054671,-39.906087,47.992000579833984,47.42292785644531,349.05477618641333,-39.90639115237615,24.38758375301,0.7427416291272613,1.9678866535480641
