Component_ID,RA,DEC,RA_comp,DEC_comp
SB74965_component_62a,312.291632,-40.341903,312.291729,-40.341982
SB74965_component_112a,305.609929,-45.224839,305.610055,-45.224875
