Component_ID,RA,DEC,ASKAP_flux,ASKAP_flux_SNR,RA_comp,DEC_comp,Comp_flux,Flux_Ratio_AlphaCorr,Flux_Ratio_NOAlphaCorr
SB74527_component_946a,64.33809,-39.973772,14.072999954223633,15.830145835876465,64.33841128732847,-39.97423760179369,6.3521528614900005,0.8361870381889075,2.2154693473359806
SB74527_component_1024a,67.397938,-39.82872,12.42300033569336,15.113138198852539,67.39800347436427,-39.82881647724761,4.5228492540900005,1.0366975437183932,2.7467199629656625
SB74527_component_1327a,65.643184,-39.930641,9.45300006866455,13.038619995117188,65.64356734123203,-39.93074958133077,4.87346251745,0.7320988361999858,1.939688678186604
SB74527_component_1474a,66.548376,-39.901167,7.829999923706055,11.380813598632812,66.54877184309936,-39.90147672402257,3.0218144711900004,0.9779837681935082,2.591158391210753
