Component_ID,RA,DEC,RA_comp,DEC_comp
SB74942_component_3a,201.705288,-52.939986,201.705121,-52.939898
