Component_ID,RA,DEC,RA_comp,DEC_comp
SB74867_component_5a,334.579235,-50.644882,334.579271,-50.644926
