Component_ID,RA,DEC,RA_comp,DEC_comp
SB74343_component_71a,169.585794,-30.916267,169.585876,-30.916258
