Component_ID,RA,DEC,RA_comp,DEC_comp
SB74536_component_59a,83.008155,-38.815094,83.008591,-38.815095
SB74536_component_125a,83.543337,-39.846924,83.543769,-39.846905
