Component_ID,RA,DEC,RA_comp,DEC_comp
SB74592_component_4a,271.066495,1.025662,271.066602,1.025669
SB74592_component_14a,270.984479,3.685212,270.984511,3.685447
