Component_ID,RA,DEC,ASKAP_flux,ASKAP_flux_SNR,RA_comp,DEC_comp,Comp_flux,Flux_Ratio_AlphaCorr,Flux_Ratio_NOAlphaCorr
SB74737_component_80a,340.301237,-39.80869,151.9459991455078,114.50338745117188,340.3011020313536,-39.80855069843174,54.51420798016,1.052003653613306,2.7872733508447434
SB74737_component_122a,342.522055,-39.78889,102.48600006103516,87.0,342.5219414799202,-39.78877832216469,139.29936197872,0.2776854354415324,0.7357248346671638
SB74737_component_467a,340.336122,-39.796089,27.51300048828125,20.593563079833984,340.33596633020363,-39.7961632096488,7.31258802846,1.420052936844337,3.762416312966474
