Component_ID,RA,DEC,RA_comp,DEC_comp
SB74866_component_1a,314.067778,-47.246573,314.068166,-47.246563
