Component_ID,RA,DEC,RA_comp,DEC_comp
SB74696_component_3a,359.471606,-53.187144,359.471942,-53.187136
SB74696_component_9a,10.032561,-59.064548,10.032705,-59.064657
