Component_ID,RA,DEC,RA_comp,DEC_comp
SB74695_component_2a,359.471486,-53.187184,359.471942,-53.187136
SB74695_component_24a,356.832307,-51.176701,356.832767,-51.176685
SB74695_component_78a,356.931584,-49.77438,356.932022,-49.77441
