Component_ID,RA,DEC,RA_comp,DEC_comp
SB74611_component_60a,197.45192,-39.809223,197.452035,-39.809191
