Component_ID,RA,DEC,RA_comp,DEC_comp
SB74374_component_21a,91.291785,9.65395,91.292138,9.653781
SB74374_component_60a,92.818123,4.230565,92.818492,4.230402
