Component_ID,RA,DEC,RA_comp,DEC_comp
SB74566_component_12a,40.801831,-5.848615,40.801956,-5.848693
SB74566_component_39a,40.234028,-5.07828,40.234053,-5.078389
