Component_ID,RA,DEC,RA_comp,DEC_comp
SB74508_component_11a,208.528819,-2.10106,208.528731,-2.100886
SB74508_component_51a,204.415116,2.115888,204.415141,2.115973
