Component_ID,RA,DEC,ASKAP_flux,ASKAP_flux_SNR,RA_comp,DEC_comp,Comp_flux,Flux_Ratio_AlphaCorr,Flux_Ratio_NOAlphaCorr
SB74745_component_449a,4.935812,-39.820741,29.708999633789062,20.488964080810547,4.936311136274799,-39.82067536679288,10.37747137748,1.0805233834254564,2.862836094952778
