Component_ID,RA,DEC,RA_comp,DEC_comp
SB74552_component_20a,350.9127,-6.299751,350.912974,-6.299789
SB74552_component_84a,350.716834,-7.618229,350.717047,-7.618227
