Component_ID,RA,DEC,RA_comp,DEC_comp
SB74541_component_316a,172.382078,-44.597285,172.382175,-44.597205
