Component_ID,RA,DEC,RA_comp,DEC_comp
SB74720_component_41a,297.900233,1.578496,297.900077,1.578532
SB74720_component_92a,296.932502,-1.05695,296.932432,-1.056813
