Component_ID,RA,DEC,RA_comp,DEC_comp
SB74506_component_137a,220.921031,-6.019578,220.921073,-6.019684
