Component_ID,RA,DEC,RA_comp,DEC_comp
SB74885_component_4a,302.355802,-48.831485,302.355795,-48.831589
SB74885_component_32a,302.195775,-47.287072,302.195712,-47.287316
