Component_ID,RA,DEC,ASKAP_flux,ASKAP_flux_SNR,RA_comp,DEC_comp,Comp_flux,Flux_Ratio_AlphaCorr,Flux_Ratio_NOAlphaCorr
SB74751_component_62a,31.37142,-39.771087,180.0679931640625,158.51055908203125,31.37147024382249,-39.7708335929875,108.77435851297,0.6248095792366175,1.6554268453129202
SB74751_component_384a,32.192092,-39.888674,36.441001892089844,44.603431701660156,32.19208254215774,-39.88854123196534,9.99273059602,1.376397310626814,3.6467511599486047
SB74751_component_823a,30.890245,-39.84737,17.558000564575195,15.903985977172852,30.89027417312118,-39.84716672828191,10.30048049319,0.6433617843483905,1.7045807305963436
SB74751_component_1110a,30.136822,-39.943417,10.810999870300293,10.725197792053223,30.136889981632127,-39.9433818564309,3.79373149269,1.0755657345274972,2.849700852875752
SB74751_component_1635a,32.529942,-39.697704,6.386000156402588,17.788301467895508,32.529778666795806,-39.69743931492678,2.0195316835500003,1.193482181463746,3.1621193212364282
