Component_ID,RA,DEC,RA_comp,DEC_comp
SB74749_component_6a,23.273863,-52.001098,23.27401,-52.001096
SB74749_component_63a,21.239138,-51.221159,21.239131,-51.221158
