Component_ID,RA,DEC,ASKAP_flux,ASKAP_flux_SNR,RA_comp,DEC_comp,Comp_flux,Flux_Ratio_AlphaCorr,Flux_Ratio_NOAlphaCorr
SB74541_component_362a,179.634403,-40.014664,38.612998962402344,31.341720581054688,179.63459694773712,-40.01452124795112,21.77440030686,0.6693064590318517,1.7733208914248428
SB74541_component_403a,176.662208,-40.009527,33.060001373291016,45.349796295166016,176.66233757011253,-40.00947681802148,7.816942115439999,1.5962600951554522,4.229275448770563
SB74541_component_581a,179.598594,-39.985111,25.30500030517578,20.08333396911621,179.59861782621203,-39.985131044499774,8.77571466722,1.088332349514943,2.883525873932269
SB74541_component_641a,174.332779,-39.938184,21.6200008392334,25.707490921020508,174.3323028281694,-39.93799484139276,10.02517067934,0.813957289359682,2.156571846082199
SB74541_component_682a,173.57829,-39.827625,18.70800018310547,18.839879989624023,173.57826539554432,-39.8275712320312,7.69689383339,0.9173806065690547,2.430590909536525
SB74541_component_729a,177.698728,-39.7347,18.445999145507812,15.672046661376953,177.69903607247286,-39.73466973113738,10.55454541769,0.6596299051821743,1.7476829570121797
SB74541_component_834a,176.299623,-39.719547,16.80900001525879,15.034883499145508,176.2994912470776,-39.71961341090351,4.87330530616,1.3018349986543873,3.449199046489397
SB74541_component_1022a,177.851549,-39.728982,13.588000297546387,13.822991371154785,177.85168249614327,-39.72905515048583,5.362571389749999,0.9563572322919669,2.5338590966860495
SB74541_component_1228a,174.494232,-40.003738,9.210000038146973,13.063830375671387,174.49415083539833,-40.00349033819229,5.05623383781,0.6874959860210118,1.821513864583464
