Component_ID,RA,DEC,ASKAP_flux,ASKAP_flux_SNR,RA_comp,DEC_comp,Comp_flux,Flux_Ratio_AlphaCorr,Flux_Ratio_NOAlphaCorr
SB74597_component_7a,71.94931,-51.849955,835.1339721679688,1839.502197265625,71.94983021911541,-51.8501644131205,800.2404911436621,0.9937492045184873,1.0436037433877392
SB74597_component_14a,69.695463,-47.46669,549.0280151367188,1591.385498046875,69.69589677226166,-47.46677316917971,514.0247228699363,1.0170719191889899,1.0680965150301522
SB74597_component_15a,68.281605,-50.33584,554.927001953125,824.5572509765625,68.28184375376529,-50.33604599527076,527.4305679886425,1.0018708180960336,1.0521328031276993
SB74597_component_17a,67.70457,-49.93721,500.7669982910156,452.3640441894531,67.70480969966448,-49.937446374394746,459.496416194798,1.0377547679618326,1.089816983640459
SB74597_component_19a,71.031497,-52.594368,375.93499755859375,1178.4796142578125,71.03200839727293,-52.59452388091025,349.8846097672398,1.0231259125818328,1.0744542259480458
SB74597_component_27a,77.665829,-47.81045,311.0159912109375,1016.3921508789062,77.66576600563235,-47.810733731859685,295.20992033096815,1.003212506229386,1.053541801245191
SB74597_component_28a,70.492428,-51.914939,276.8940124511719,1130.1795654296875,70.49304220274632,-51.915181482546686,295.967817209655,0.890861603175931,0.935554463528135
SB74597_component_35a,74.641498,-52.742901,268.2770080566406,1131.970458984375,74.64169297778894,-52.743010039909066,254.62357905061077,1.0032888866704421,1.053622013550112
SB74597_component_43a,78.129151,-48.389219,240.6649932861328,307.7557373046875,78.12898552601386,-48.38937855898546,228.4090205348685,1.0033231603605488,1.0536580066871455
SB74597_component_48a,78.164613,-49.3066,230.6269989013672,779.145263671875,78.16425778925722,-49.30681361842482,228.26496831152033,0.9620819078990869,1.010347757727867
SB74597_component_55a,72.97189,-46.888658,217.0030059814453,738.10546875,72.97197905916718,-46.8888152184757,243.78013030349692,0.847634472571065,0.8901587086334103
SB74597_component_62a,74.758557,-52.821802,188.08399963378906,796.9661254882812,74.75878156405592,-52.82190820125808,176.65001776823613,1.0138631347300169,1.0647267518566246
SB74597_component_63a,78.897232,-49.285483,194.36500549316406,422.5326232910156,78.89685810937367,-49.285693977470785,195.42102256753074,0.9470828214111466,0.9945961951253133
SB74597_component_74a,73.206677,-49.769117,156.7429962158203,842.7042846679688,73.20679736309872,-49.76925205155149,159.01165221768167,0.9386428144717233,0.9857327688240378
SB74597_component_75a,73.284459,-52.739493,152.96400451660156,597.515625,73.28478916812043,-52.73963216634946,143.2156563771511,1.0170443996189462,1.068067614854752
SB74597_component_76a,71.220537,-49.029471,152.3300018310547,695.57080078125,71.22069003959518,-49.02960923366195,149.8967355123923,0.9676859562538115,1.0162329507066632
SB74597_component_80a,76.427568,-52.232615,147.75599670410156,618.2259521484375,76.42765369788947,-52.23270691878434,132.29560806279108,1.0635082295026892,1.1168624481772107
SB74597_component_81a,70.676542,-46.312756,145.38299560546875,219.6117706298828,70.67684234889738,-46.31290241569006,153.95004655299715,0.8992386282196976,0.9443517482498506
SB74597_component_83a,67.666768,-51.270305,149.80999755859375,198.9508514404297,67.6670572862858,-51.270542999120515,143.83618537852303,0.9917764826322295,1.0415320537342525
SB74597_component_85a,77.47527,-51.459231,138.4290008544922,576.7875366210938,77.47541289574073,-51.4594431428024,131.79123705365495,1.000188174750603,1.0503657447128663
SB74597_component_86a,72.246824,-48.705694,143.73500061035156,725.934326171875,72.24687971683863,-48.70578896199419,138.67638505354577,0.9869637203001428,1.0364778441178184
SB74597_component_87a,72.414513,-48.161113,142.9320068359375,687.173095703125,72.41455825046609,-48.161116278800556,124.19502227304348,1.095888747224502,1.1508674359081852
SB74597_component_91a,67.930483,-52.18838,134.14700317382812,230.88986206054688,67.931046725809,-52.18862671010375,132.43786644707748,0.9645171741897832,1.012905196773414
SB74597_component_95a,78.74607,-51.500701,132.87600708007812,466.2315979003906,78.74630836750973,-51.50092902165661,129.28059770473917,0.9787108063497055,1.0278108969108453
SB74597_component_97a,70.097849,-48.067332,131.86399841308594,578.3508911132812,70.09818533014352,-48.06742061045112,121.76219173199327,1.0312286003224458,1.0829634103772328
SB74597_component_98a,72.377907,-48.398395,126.81099700927734,646.994873046875,72.37801237278813,-48.39841254090281,124.60131665329608,0.9691153027728915,1.0177340048671373
SB74597_component_99a,69.2025,-48.991563,125.03399658203125,456.3284606933594,69.20276419866711,-48.99168667505976,120.02294108527072,0.9919847924488917,1.0417508140647913
SB74597_component_101a,77.682086,-50.04801,124.83300018310547,605.9854125976562,77.68171593965018,-50.048225830308944,120.327549868818,0.9878829738997977,1.037443214951184
SB74597_component_102a,70.15685,-49.728316,137.02999877929688,620.0452270507812,70.15693234296427,-49.72846086812142,125.72744443951467,1.0378312213479,1.0898972725499059
SB74597_component_109a,72.731744,-48.137846,120.97100067138672,617.198974609375,72.73171895589529,-48.13792672020066,112.92649874097735,1.0200620153153643,1.0712366186864721
SB74597_component_116a,79.07019,-49.558752,107.64600372314453,233.50543212890625,79.06973110541831,-49.55895245251582,106.20047598962299,0.9651895565026913,1.013611311249328
SB74597_component_117a,74.59562,-49.767968,105.69499969482422,550.4948120117188,74.59546858337886,-49.768172263944045,102.16935975414715,0.9850877891956367,1.034507801058565
SB74597_component_119a,77.834632,-51.122109,100.93000030517578,462.9816589355469,77.83468284898633,-51.12235264558863,97.0738862328954,0.99005432187234,1.0397234953901913
SB74597_component_120a,71.198854,-46.06737,106.85700225830078,97.5863037109375,71.19904065652221,-46.06749220405516,120.80391184676034,0.8422929282755661,0.8845491890515003
SB74597_component_125a,69.322166,-50.624874,103.41300201416016,463.73541259765625,69.32238978498586,-50.62510965080334,95.56377024792549,1.0304407757178466,1.0821360620857783
SB74597_component_127a,76.39576,-49.871431,100.60900115966797,521.2901611328125,76.39540462448412,-49.87166038882595,98.70659517967381,0.9705811035581781,1.0192733421361688
SB74597_component_131a,75.125747,-53.280362,99.14600372314453,364.5073547363281,75.1258891210498,-53.28047036609524,103.95753121792893,0.9081559281866872,0.9537164124771502
SB74597_component_133a,70.527237,-48.70849,95.62999725341797,434.6817932128906,70.52745573782263,-48.708591133060864,98.33385734963224,0.9260453034102449,0.9725032641951538
SB74597_component_135a,79.611067,-53.236636,94.29100036621094,96.21530151367188,79.61100307710743,-53.236717446918306,91.74822730550696,0.978619188984502,1.0277146832737918
SB74597_component_138a,76.068433,-47.42754,90.53900146484375,388.57940673828125,76.06856882956383,-47.42789887870096,86.10470912763282,1.001267137018478,1.0514988364996158
SB74597_component_140a,70.526058,-51.242129,92.23500061035156,425.0461120605469,70.52656712384952,-51.24239796575036,86.54766705205051,1.0148025622082286,1.0657133086543007
SB74597_component_141a,78.154409,-47.391061,92.12999725341797,260.2542419433594,78.15430905624946,-47.39147220816144,86.9223865834714,1.0092774777476923,1.0599110410405692
SB74597_component_142a,77.662093,-49.349657,91.25399780273438,336.7306213378906,77.66170377319445,-49.349870223322704,88.86889872181744,0.9777847674118133,1.0268384003315143
SB74597_component_151a,69.919872,-50.89955,81.42400360107422,378.7162780761719,69.92019281501133,-50.89976154345828,78.09825443299555,0.9927783355643708,1.0425841677541205
SB74597_component_153a,78.704926,-50.254042,83.69000244140625,320.6513366699219,78.70463735367964,-50.254196143837085,80.29512431162786,0.9924887016147204,1.0422800034109514
SB74597_component_154a,68.576893,-51.760986,81.28199768066406,248.5688018798828,68.57740884144519,-51.761159480529756,81.67008432385936,0.9477036004768534,0.9952481175156334
SB74597_component_158a,70.883285,-50.940119,84.47599792480469,428.8121643066406,70.88364673345008,-50.940372802223045,82.01455641682104,0.9808069990445287,1.0300122516724215
SB74597_component_160a,76.324221,-52.441003,83.8499984741211,390.0,76.32430475817513,-52.44111142388106,79.89647569762806,0.9993476652835293,1.0494830684579295
SB74597_component_162a,75.354195,-47.196842,86.8759994506836,387.8392639160156,75.35431092873444,-47.19716889369042,83.04249128791471,0.9961864037923515,1.046163212390604
SB74597_component_164a,77.439235,-53.323963,86.21199798583984,249.16763305664062,77.43933080414254,-53.32404875657196,81.39785338746401,1.008546494006791,1.0591433852126284
SB74597_component_167a,74.873164,-48.532248,79.9749984741211,390.1219482421875,74.87335124605114,-48.5324825967351,75.72255857775986,1.005703881772238,1.0561581644391267
SB74597_component_168a,75.671063,-49.667676,85.73100280761719,478.9441223144531,75.67066322801952,-49.66781267358548,75.26273280303808,1.0846736400153647,1.1390896877472478
SB74597_component_170a,74.347185,-51.467224,85.38200378417969,433.41119384765625,74.34713436062265,-51.467361885129286,81.51003664316082,0.9974621394649985,1.047502949335795
SB74597_component_174a,73.896888,-49.792881,76.89900207519531,406.873046875,73.89688216366513,-49.793060468030134,73.72339108281913,0.9932454090032469,1.0430746733938048
SB74597_component_175a,70.936974,-50.9444,76.68000030517578,381.4925231933594,70.93734678437552,-50.94461886946656,72.898924587966,1.0016180680256963,1.0518673730590802
SB74597_component_177a,80.278726,-52.368454,77.3270034790039,68.67406463623047,80.27890320270724,-52.368538647267584,81.19994984208165,0.9068105952999195,0.9523035867557814
SB74597_component_178a,78.456002,-51.65828,79.48799896240234,315.4285583496094,78.45626124529025,-51.65849357403788,76.07104250132704,0.9950006442212173,1.044917965479646
SB74597_component_179a,74.716894,-50.432002,75.69100189208984,425.2303466796875,74.71672099501433,-50.43219787971201,71.89987358241153,1.0024374725833016,1.0527278856107156
SB74597_component_181a,75.187107,-48.443928,72.98400115966797,363.1044616699219,75.187256689615,-48.44420173990907,73.23763023826011,0.9489308179240262,0.9965369021667274
SB74597_component_187a,69.365844,-46.409128,72.76699829101562,78.49729919433594,69.36601168795355,-46.409358560197006,71.47024348405048,0.9695056946163654,1.0181439819392042
SB74597_component_190a,71.253292,-49.713854,72.2969970703125,399.4309387207031,71.25344004779515,-49.714030499522806,69.55424210121303,0.9897780124760115,1.0394333240682616
SB74597_component_191a,72.734533,-49.740983,71.86499786376953,403.7359313964844,72.73468901270164,-49.74114824056238,70.30733324470198,0.9733251767772845,1.0221550803761275
SB74597_component_192a,75.131236,-51.780855,70.88800048828125,381.1182861328125,75.13120817340693,-51.78094242116188,67.38648962983298,1.0017078082827873,1.0519616154170182
SB74597_component_196a,76.006236,-50.386822,71.27899932861328,395.9944152832031,76.00596687300714,-50.387009320071705,83.85031109372575,0.8094650118811255,0.8500743574933124
SB74597_component_197a,80.081283,-51.673229,75.29299926757812,82.83058166503906,80.08149749377205,-51.673359367666045,82.18115803586639,0.8724157682010433,0.9161832355138868
SB74597_component_199a,70.287734,-48.470937,69.98600006103516,275.5354309082031,70.28797653020898,-48.47102038913397,65.22990300876334,1.0216581547231722,1.0729128334229296
SB74597_component_200a,73.677801,-49.783603,73.37200164794922,403.14288330078125,73.67783561088525,-49.783781669616985,71.36432986482822,0.9790172430916444,1.028132707010964
SB74597_component_210a,67.904585,-50.173293,69.81500244140625,125.79279327392578,67.90483622590145,-50.17352247959351,62.78015881743683,1.0589306365231337,1.1120552059198603
SB74597_component_212a,78.521613,-50.393023,74.55899810791016,299.4337158203125,78.52130934980087,-50.393242374793786,68.58671770681927,1.0351450497405674,1.0870763407372837
SB74597_component_219a,80.017277,-49.539468,70.81900024414062,71.1034164428711,80.01696683764514,-49.53957794961304,72.82587861840993,0.9259877136647793,0.9724427852798747
SB74597_component_224a,68.457859,-49.774125,66.33000183105469,190.60345458984375,68.45803496654779,-49.77430418154176,66.8922626878906,0.9442245511142225,0.9915945307537386
SB74597_component_225a,74.891525,-52.464807,62.856998443603516,289.6636047363281,74.8917132147197,-52.46488779390838,58.326952570743344,1.0261846597611126,1.0776664247521897
SB74597_component_229a,74.73853,-47.393057,61.24700164794922,263.9956970214844,74.73864351477083,-47.393344191441464,47.480769560287754,1.2283107396955408,1.2899327920576786
SB74597_component_232a,67.563957,-52.764608,64.35600280761719,64.61446380615234,67.56455502379195,-52.76480841298489,66.00928568914706,0.9283787573738627,0.9749537831796035
SB74597_component_235a,71.532548,-48.582219,60.15700149536133,289.2163391113281,71.53266964124664,-48.58228103474084,56.365974519497634,1.0162728575453928,1.0672573659584708
SB74597_component_237a,68.94797,-47.553926,61.013999938964844,144.2411346435547,68.94848585147764,-47.55412916458542,59.472906351176896,0.9769031292006537,1.0259125319803284
SB74597_component_238a,76.471401,-51.183168,58.99399948120117,312.1375732421875,76.4712228225171,-51.183341483667036,56.73548369633595,0.9901346158555854,1.039807817572393
SB74597_component_241a,68.638633,-53.113584,63.64799880981445,117.21546936035156,68.63908549489526,-53.113766748389985,60.976143243816615,0.9939532713871957,1.0438180479095613
SB74597_component_242a,74.153132,-52.741069,59.41699981689453,270.0772705078125,74.15337666301758,-52.7411836608903,55.77434160463395,1.0144191341979198,1.0653106447778835
SB74597_component_245a,79.352953,-52.728803,57.457000732421875,114.68463134765625,79.35296560710326,-52.7289036190386,56.353399232433716,0.9708765242302897,1.0195835835108416
SB74597_component_247a,73.628674,-48.802899,58.1879997253418,307.8730163574219,73.6287180424608,-48.8030605715871,55.2410116962235,1.003027800046699,1.0533478286987956
SB74597_component_252a,75.346827,-47.786193,62.24399948120117,315.9593811035156,75.34707570074215,-47.78652192729212,57.66035210449443,1.0279248521085695,1.07949391929484
SB74597_component_257a,79.454038,-52.635891,60.08399963378906,119.21428680419922,79.45399929225266,-52.63598394255708,58.4709357344438,0.9784980319375861,1.0275874480044458
SB74597_component_260a,73.985379,-47.821177,56.44499969482422,295.5235595703125,73.98561284643876,-47.82138182232881,52.296473435330505,1.027765978020268,1.0793270747906885
SB74597_component_261a,78.502324,-49.692745,59.290000915527344,200.30406188964844,78.50191999410049,-49.69294996942239,57.20661802611668,0.9869072722436046,1.036418564167865
SB74597_component_263a,69.599752,-47.068087,53.70100021362305,139.48312377929688,69.60015048144726,-47.06828218020501,54.4057385062009,0.9398938994458096,0.9870466183912285
SB74597_component_264a,69.512746,-49.600889,58.36000061035156,259.3777770996094,69.51288874707052,-49.60103443351104,55.868946042461396,0.9946859304054362,1.044587463060372
SB74597_component_266a,72.823185,-46.098695,53.91400146484375,66.07108306884766,72.82307945779564,-46.0988458380174,53.74396154030162,0.955241223437747,1.003163888922007
SB74597_component_267a,76.450906,-50.896923,52.72700119018555,258.4656982421875,76.45065826693684,-50.89711034252752,69.29810280353325,0.7245241944243354,0.7608722180991251
SB74597_component_269a,68.699925,-51.176337,52.742000579833984,160.7987823486328,68.70035999738884,-51.17648864875412,52.21535664262926,0.961832652002666,1.0100859971293343
SB74597_component_274a,69.709063,-50.189154,52.553001403808594,243.30091857910156,69.70922308325882,-50.189356561396075,48.47215825034385,1.0323960467904845,1.0841894254509659
SB74597_component_276a,77.611439,-52.852411,54.64500045776367,210.98455810546875,77.61147428723264,-52.85249760038854,50.38958530181812,1.0326444506567785,1.084450291274614
SB74597_component_279a,70.753098,-49.102037,51.750999450683594,265.3897399902344,70.75323202135536,-49.102148200282734,48.587553215465405,1.0142263233364726,1.0651081609561535
SB74597_component_280a,78.565195,-52.126869,56.117000579833984,196.21327209472656,78.56538773053285,-52.12703179972168,53.4996210866182,0.9988146641750167,1.048923327680735
SB74597_component_281a,76.925621,-48.868733,50.48099899291992,243.8695526123047,76.9254052924363,-48.86893900061023,47.489418992689096,1.0122137914910092,1.0629946641522687
SB74597_component_282a,74.407152,-46.471635,50.250999450683594,95.17234802246094,74.40724902649563,-46.47189558907566,48.65401914593904,0.983483658290428,1.0328231939062293
SB74597_component_284a,69.641414,-52.172454,49.33599853515625,218.30088806152344,69.64198392175211,-52.172716103366625,46.98472295026522,0.9998812350233529,1.0500434063936042
SB74597_component_286a,75.079602,-53.3559,51.00199890136719,184.78985595703125,75.07983814253808,-53.35603182958079,63.707189666081256,0.7623245674289937,0.8005689651151177
SB74597_component_291a,72.871035,-51.091847,49.77899932861328,260.623046875,72.87129387631536,-51.092028279463406,48.4955330727202,0.977429832786938,1.0264656593003834
SB74597_component_296a,69.634358,-48.868504,46.90800094604492,218.17674255371094,69.6345934409256,-48.86864593310102,40.48178946469864,1.1033883371209925,1.1587432662024522
SB74597_component_298a,70.963569,-46.751563,49.79100036621094,140.25634765625,70.96393508974164,-46.75176384658886,47.354435289370805,1.001224240606544,1.0514537880549288
SB74597_component_299a,78.729987,-52.39323,48.25400161743164,168.72027587890625,78.73013946692313,-52.39333270701616,47.71598399684965,0.9629652515450671,1.0112754170723486
SB74597_component_301a,70.370612,-49.25957,48.25400161743164,238.88119506835938,70.3707239555688,-49.259718135150884,44.74867945367199,1.0268198993406552,1.0783335331132775
SB74597_component_305a,72.760772,-49.607407,48.106998443603516,284.65679931640625,72.76085539278252,-49.60757514463461,66.61847343626134,0.6876298954456695,0.7221270011482764
SB74597_component_308a,72.004452,-46.669177,47.428001403808594,138.67835998535156,72.00465456406951,-46.669283770505274,47.315343770940174,0.9544957302727477,1.0023809957592997
SB74597_component_309a,74.791502,-51.508923,48.332000732421875,265.5604553222656,74.79142530311596,-51.509033888178514,45.04779555050964,1.0216506035066626,1.0729049033760116
SB74597_component_311a,71.671027,-54.157075,53.0890007019043,40.4333610534668,71.67133309768244,-54.15728911457005,57.707187031298474,0.8760236108136279,0.9199720768421891
SB74597_component_313a,74.445703,-52.747831,52.54800033569336,234.5892791748047,74.44556421806999,-52.747822142156735,37.717053611260035,1.3266598953699356,1.3932159409187175
SB74597_component_314a,77.872582,-48.665763,47.23400115966797,161.20819091796875,77.87232731226854,-48.666000097327874,44.43348030078167,1.0122448375417887,1.0630272677253472
SB74597_component_315a,74.962733,-49.48832,45.393001556396484,242.74331665039062,74.96253774066253,-49.48855563809788,42.337493322517695,1.0209510626532543,1.072170267866418
SB74597_component_316a,73.124675,-48.060674,48.03799819946289,265.4033203125,73.12470151285123,-48.06078074534993,45.10205698281335,1.0142142728363102,1.0650955059049372
SB74597_component_317a,70.078978,-53.520402,48.268001556396484,92.82308197021484,70.07937577481177,-53.5204278373373,45.32440122141715,1.014071105943371,1.0649451565967605
SB74597_component_320a,71.983369,-46.510856,49.07600021362305,114.13023376464844,71.98354724585009,-46.51103979677299,48.60615658378689,0.9614330424194436,1.0096663398807566
SB74597_component_321a,73.539557,-52.742619,45.9900016784668,216.93397521972656,73.53984959676502,-52.74273450530442,44.07357279252535,0.9936337478615506,1.0434824944862755
SB74597_component_323a,68.394346,-52.088535,45.4739990234375,125.61878204345703,68.39494637224584,-52.08877193679688,44.04041812225901,0.9832249269813547,1.0325514825313142
SB74597_component_332a,76.414288,-52.049725,44.24300003051758,232.85789489746094,76.41434996193614,-52.04982199242242,41.20532000846147,1.0224273124444438,1.0737205783484347
SB74597_component_333a,75.549254,-50.679742,44.334999084472656,260.7940979003906,75.54894068366184,-50.67994279418263,44.106711362821876,0.9571570268873612,1.0051758046473447
SB74597_component_335a,76.359465,-50.74727,44.03200149536133,253.05747985839844,76.35918099582454,-50.747479535677606,55.61989291406229,0.7538404621776535,0.7916592281720986
SB74597_component_336a,77.127559,-47.963043,43.69599914550781,209.07176208496094,77.12750177506976,-47.963355495859474,39.73921735286205,1.0470406199709426,1.0995686894764876
SB74597_component_340a,77.29522,-51.875768,43.02000045776367,212.9702911376953,77.29532914633151,-51.875884636470296,42.68308566064177,0.9597448014473907,1.0078934030168436
SB74597_component_341a,69.759437,-50.106785,46.70100021362305,237.0609130859375,69.75951395803389,-50.10693914857528,40.99087788609596,1.0848760666279416,1.1393022697243562
SB74597_component_344a,71.648674,-47.876457,42.87200164794922,187.21397399902344,71.6489210548696,-47.87649113094686,41.13768239230884,0.9923733792720099,1.0421588955620074
SB74597_component_345a,75.146376,-50.934683,46.25299835205078,264.3028564453125,75.14605771454463,-50.93486935369563,44.049242630278805,0.9998678662297118,1.0500293669125913
SB74597_component_350a,75.63481,-46.192588,44.71699905395508,63.88142776489258,75.63471962492171,-46.192804252793835,43.49743535013806,0.9789266797159538,1.0280376002401057
SB74597_component_353a,75.508477,-50.423705,41.8849983215332,225.1881561279297,75.50819553079086,-50.42392834277783,40.28088651230485,0.9901492163857021,1.039823150583797
SB74597_component_357a,74.383522,-49.233981,40.77399826049805,214.59999084472656,74.38354120274415,-49.23420898752399,39.484399651280526,0.9833291796474279,1.032660965358649
SB74597_component_358a,70.41407,-49.030384,44.75699996948242,195.44541931152344,70.41444799057534,-49.030673028692334,29.429163823306066,1.4481855560110026,1.52083831665097
SB74597_component_359a,73.917675,-51.06329,44.35200119018555,238.4516143798828,73.91763989775352,-51.06346980747135,42.91474782329768,0.9841194634759295,1.0334908962486693
SB74597_component_364a,69.216664,-52.277263,41.61399841308594,167.12449645996094,69.21732391602504,-52.27751086043574,40.08977024522098,0.9884325637850848,1.0380203767330558
SB74597_component_367a,75.350122,-51.487158,40.3129997253418,216.73655700683594,75.34991691264209,-51.48725786849304,37.56024025182784,1.022016529366171,1.0732891870514591
SB74597_component_369a,73.652205,-51.985837,44.10599899291992,186.88983154296875,73.65244721341283,-51.98601553282195,40.885960506748276,1.0272227381860053,1.0787565816300237
SB74597_component_371a,78.48265,-50.928091,39.917999267578125,165.63485717773438,78.48259501060429,-50.9283467098571,43.32367738767537,0.87737371320931,0.9213899113498135
SB74597_component_374a,79.536133,-47.389966,38.97800064086914,32.92060852050781,79.53597338705178,-47.390329270287324,44.55618319487037,0.8330148494824631,0.8748056463991863
SB74597_component_375a,74.840853,-51.360615,39.3390007019043,214.96722412109375,74.84075480372718,-51.36074226206847,36.804384468272104,1.0178058217131165,1.0688672360712133
SB74597_component_376a,75.465403,-47.048305,39.486000061035156,143.58544921875,75.46545859327638,-47.048642057012756,37.00040167993126,1.0161969072034642,1.0671776053299462
SB74597_component_382a,75.4913,-47.025096,38.39500045776367,139.11231994628906,75.4913786184703,-47.025448700180576,35.618398999495035,1.0264586249622514,1.0779541342750414
SB74597_component_387a,78.527228,-50.106322,38.768001556396484,154.45419311523438,78.52688010920986,-50.1065020159001,36.92906285417568,0.9996461398088566,1.0497965168919219
SB74597_component_393a,72.703368,-53.766583,39.98899841308594,71.92266082763672,72.70363427630096,-53.76680789702849,44.64336818132925,0.8529522896464611,0.8957433106449646
SB74597_component_394a,68.768512,-49.182112,37.790000915527344,119.58860778808594,68.76868281838578,-49.18224055419267,38.97902844159104,0.9231814261564328,0.9694957115761512
SB74597_component_395a,78.529284,-51.40996,38.736000061035156,152.50393676757812,78.52954693915464,-51.41021831701524,37.825650617390025,0.9751457487619836,1.0240669870520775
SB74597_component_396a,68.472704,-49.924269,37.823001861572266,116.02147674560547,68.4729766327038,-49.92447824297025,35.848076769762464,1.0046881939818433,1.0550915214920438
SB74597_component_397a,73.835553,-49.684902,36.15599822998047,203.1235809326172,73.83552765947769,-49.68505453219305,35.72438110243623,0.9637331736378021,1.0120818643801446
SB74597_component_400a,69.799868,-46.696374,36.207000732421875,79.57582092285156,69.80004629627688,-46.69650543353387,37.34161932261787,0.9232951820732556,0.9696151744145504
SB74597_component_403a,71.452065,-50.691,36.04999923706055,190.74073791503906,71.4523495059492,-50.69122343444872,34.27517724138164,1.0015363501876244,1.0517815555899184
SB74597_component_406a,78.512805,-52.184878,36.47200012207031,139.20611572265625,78.51300396793648,-52.18505424542639,36.51811240881651,0.9510260768176605,0.9987372762800558
SB74597_component_408a,68.184005,-52.07347,36.880001068115234,86.77647399902344,68.1846094140251,-52.073717189343476,34.70204273400139,1.0119919327553857,1.0627616751788465
SB74597_component_409a,70.439129,-53.884618,40.145999908447266,44.50775909423828,70.43942018389404,-53.88465683819111,35.71183185355023,1.0704621527000646,1.1241652366946902
SB74597_component_412a,72.012632,-49.620158,35.505001068115234,204.05174255371094,72.01283766748719,-49.62033978940595,35.59199570820645,0.949901023152762,0.9975557807771045
SB74597_component_413a,70.670917,-48.910021,39.763999938964844,168.4915313720703,70.67107629047234,-48.91015662813823,37.655874920317586,1.005537999934549,1.0559839606199084
SB74597_component_416a,79.737706,-53.429892,38.707000732421875,30.7198429107666,79.73775335396692,-53.429916676453246,33.214941996208864,1.109678542005392,1.1653490389006211
SB74597_component_417a,70.371827,-50.600507,35.0620002746582,176.19094848632812,70.37203814830677,-50.60071025345165,31.898457961235373,1.0466661181053512,1.0991753995527724
SB74597_component_419a,72.63316,-46.3014,36.2400016784668,63.13589096069336,72.63317686450306,-46.301540124811666,34.78071058175825,0.9921810415834555,1.0419569086513694
SB74597_component_422a,70.646488,-47.49848,35.03799819946289,159.99085998535156,70.64686937317126,-47.49861248636901,34.592387485114266,0.9644948537492767,1.0128817565581554
SB74597_component_423a,78.913301,-52.781582,34.17599868774414,92.61788940429688,78.9132962921954,-52.78176648536802,34.646398051782015,0.9392999288500927,0.9864228494016948
SB74597_component_424a,76.659473,-47.79194,37.974998474121094,163.6853485107422,76.65949611044915,-47.79232626938568,33.94825041734701,1.0651763954272069,1.118614302866002
SB74597_component_425a,70.253384,-49.531776,37.972999572753906,187.98513793945312,70.25353845920249,-49.53197004724065,33.25843494838531,1.0872120608176188,1.1417554563732557
SB74597_component_426a,68.429126,-47.619181,34.268001556396484,57.496646881103516,68.42976888636112,-47.61938451188111,32.617985539268346,1.0003979840288815,1.050586079730206
SB74597_component_429a,72.761321,-50.138422,34.45600128173828,192.4916229248047,72.76153903570595,-50.1385993197209,37.048664522700534,0.8855915885671843,0.9300200621435715
SB74597_component_431a,71.261866,-52.576038,36.220001220703125,140.93385314941406,71.26229683807702,-52.57622267070401,37.23367727319327,0.9263043344738641,0.9727752903627396
SB74597_component_432a,74.588128,-47.329297,32.755001068115234,156.7224884033203,74.58833228542942,-47.329591191832534,29.780375692518586,1.0473422211316683,1.099885421403328
SB74597_component_435a,78.23514,-51.879908,32.45199966430664,148.18264770507812,78.23551925525466,-51.88006178802724,32.32103605522449,0.9560868718894381,1.0040519619748074
SB74597_component_437a,76.741063,-52.352043,32.167999267578125,151.02346801757812,76.74114514697402,-52.35215975680438,29.926864055756532,1.0235380805547103,1.074887071617198
SB74597_component_438a,70.530939,-51.270808,33.45100021362305,150.00448608398438,70.53143067470678,-51.27107236674006,30.62697439610347,1.0400307460739013,1.092207143317391
SB74597_component_439a,73.698147,-46.715567,31.43600082397461,104.78666687011719,73.69818663609725,-46.715840148185,32.89130515376549,0.910096303221654,0.9557541324983186
SB74597_component_442a,75.662593,-50.500677,33.2239990234375,179.5891876220703,75.66231558550564,-50.500873389479366,31.22569607402039,1.0131667828402344,1.0639954652949974
SB74597_component_444a,71.366212,-53.658474,34.9379997253418,54.42055892944336,71.3664431603641,-53.65854428445384,29.909346541206602,1.1123264852213786,1.168129824475006
SB74597_component_446a,67.360205,-50.749439,35.0629997253418,31.559858322143555,67.36050332359564,-50.74985609200903,32.82863630611187,1.0170384953523193,1.068061414382112
SB74597_component_449a,78.668496,-47.848337,32.36199951171875,80.30272674560547,78.66834371968955,-47.84867845529778,30.676292276059137,1.0045548292669428,1.0549514661188437
SB74597_component_452a,75.5129,-50.106693,33.5629997253418,194.0057830810547,75.5129089011193,-50.107085890728165,27.16634714109778,1.1764424561678126,1.2354623737604764
SB74597_component_453a,74.16477,-46.412199,32.2599983215332,50.09316635131836,74.16480650787946,-46.412393739169346,31.623784870222423,0.9713855959325525,1.0201181943882325
SB74597_component_455a,71.078144,-47.858249,31.472999572753906,141.134521484375,71.0783937646644,-47.85831465394668,29.432958215120184,1.0182288260590389,1.0693114617539776
SB74597_component_458a,76.845152,-49.581259,31.65399932861328,158.26998901367188,76.84473640636776,-49.581475801806846,28.915277813147274,1.0424191601305304,1.0947153796399203
SB74597_component_462a,76.486607,-51.934069,30.368000030517578,144.60952758789062,76.48663828282001,-51.934143558105845,27.881399800885482,1.0371528927782832,1.0891849135047058
SB74597_component_463a,77.344475,-48.659778,29.923999786376953,124.68333435058594,77.34430148013146,-48.66002404386606,27.69055561230877,1.0290326124292524,1.080657253878842
SB74597_component_464a,72.085962,-46.39002,31.503000259399414,63.90060806274414,72.08608121048356,-46.3901290718757,35.96825996292602,0.8340146014830669,0.8758555540877114
SB74597_component_466a,77.553736,-48.705741,32.61899948120117,137.63290405273438,77.55353722802282,-48.70602205134358,30.110012626596323,1.0315751316672563,1.0833273265514558
SB74597_component_468a,73.331011,-52.70504,31.04800033569336,128.29751586914062,73.33134124097988,-52.70516932413577,29.353961687181318,1.0071822818706881,1.0577107331052973
SB74597_component_472a,77.160242,-51.610854,29.615999221801758,148.07998657226562,77.16032689292125,-51.611049886023835,27.440360344095865,1.0277269510601454,1.0792860899209733
SB74597_component_474a,75.81681,-53.136535,30.645999908447266,115.21052551269531,75.8169049798309,-53.13664198920103,28.183046510891756,1.035444973901175,1.0873913115320468
SB74597_component_475a,76.195704,-53.931394,31.35700035095215,45.97800827026367,76.19610666596046,-53.931560310119465,29.205247091685454,1.0223857594708212,1.073676940739847
SB74597_component_478a,68.994513,-50.395822,29.298999786376953,114.89804077148438,68.99471771905144,-50.39601970856972,29.5010789483407,0.9457058174470863,0.9931501094479422
SB74597_component_479a,76.740176,-49.791786,28.496000289916992,133.78404235839844,76.73985467524001,-49.79199960182723,20.34858978063362,1.3334930472500628,1.4003918992478541
SB74597_component_481a,79.089406,-52.644208,28.611000061035156,74.5078125,79.08944798188013,-52.64430347605562,28.358733266934564,0.9606990832218061,1.0088955593229803
SB74597_component_482a,75.507044,-47.200801,31.44700050354004,136.72608947753906,75.50714491063968,-47.20113717897394,29.66084056487741,1.0095711674527013,1.0602194646087573
SB74597_component_485a,74.402781,-53.727156,29.600000381469727,63.655914306640625,74.40294859838909,-53.72735795058205,31.266016873667834,0.9014887772539878,0.9467147830524834
SB74597_component_488a,75.7341,-50.407287,30.143999099731445,172.2514190673828,75.73383107764568,-50.407496680034114,28.2548230934021,1.015896447054303,1.0668620716570862
SB74597_component_490a,67.455261,-52.989455,29.204999923706055,22.621997833251953,67.45600047476167,-52.98982958605451,34.63670752210824,0.8029005822354495,0.8431806026905073
SB74597_component_492a,79.149598,-52.380193,27.479999542236328,70.46154022216797,79.14963637792151,-52.380264440866945,26.940727988828126,0.971289200453307,1.0200169629280926
SB74597_component_493a,69.85217,-48.013329,27.867000579833984,120.63636016845703,69.85256949599464,-48.01340088269563,26.802268294998107,0.9900561872214656,1.0397254543203935
SB74597_component_495a,74.945114,-52.245024,27.288000106811523,133.11219787597656,74.94534541827296,-52.24509423049971,25.84773956999751,1.0052875512499453,1.0557209473932405
SB74597_component_496a,72.081732,-47.099233,26.84000015258789,112.77310943603516,72.0820038974108,-47.09939228446167,26.8288556628212,0.952624026316407,1.0004153919163288
SB74597_component_497a,75.201136,-51.744572,27.972000122070312,159.83999633789062,75.20111604534571,-51.74453057263734,25.80236560085095,1.0322981823992323,1.0840866513862515
SB74597_component_498a,67.622379,-51.354309,28.768999099731445,37.95382308959961,67.62256973308723,-51.35459567022374,28.924343742771203,0.9471143227549814,0.9946292768326479
SB74597_component_499a,69.569925,-50.451004,27.95199966430664,141.88832092285156,69.57010153533597,-50.45118981416059,28.028892752748362,0.9496161814414642,0.9972566490899223
SB74597_component_500a,69.691756,-46.168284,27.742000579833984,24.144472122192383,69.6922162253635,-46.16843675504146,27.037786787898604,0.9770297844447836,1.0260455412811587
SB74597_component_501a,77.529969,-46.664107,30.506000518798828,63.68684768676758,77.52974160708608,-46.664449199843126,22.898457881835213,1.268586845588458,1.3322294748502908
SB74597_component_502a,68.519794,-52.113294,27.847000122070312,88.96805572509766,68.52041422154643,-52.113433848708254,27.7101405183196,0.9569315079452704,1.0049389718417425
SB74597_component_504a,70.728541,-52.943041,27.878000259399414,100.64259338378906,70.7288587437657,-52.94318663725861,25.8153602876549,1.0283112638897247,1.079899716632306
SB74597_component_508a,74.525596,-48.67925,27.8799991607666,154.03314208984375,74.52564695305351,-48.67946877064942,25.6469295647676,1.0351386940464247,1.0870696661898536
SB74597_component_510a,70.773469,-51.31546,28.211999893188477,138.97537231445312,70.77401703468743,-51.31566998735432,30.345199162735305,0.8852889573779466,0.9297022485136148
SB74597_component_512a,70.257886,-52.474741,28.041000366210938,126.3108139038086,70.25834635648732,-52.474905878903634,25.462390288057005,1.0486619208473806,1.101271327985394
SB74597_component_513a,79.658259,-48.82401,26.51099967956543,33.988460540771484,79.65780010679691,-48.82428124185167,26.209231105411696,0.9631922730452968,1.011513827816621
SB74597_component_515a,72.481735,-48.11423,28.277000427246094,150.40957641601562,72.48174992490645,-48.11430126767475,26.86943008062988,1.0021115076515794,1.052385567628058
SB74597_component_516a,71.730742,-46.941445,26.791000366210938,98.85977935791016,71.7311535413446,-46.94153874005688,26.98690109138318,0.945316152624324,0.9927408958698561
SB74597_component_517a,74.113085,-50.009207,26.861000061035156,151.75706481933594,74.1129769681268,-50.00938126752132,26.72215850726041,0.9571760158107827,1.005195746209537
SB74597_component_520a,71.366577,-51.7608,26.86199951171875,118.33480072021484,71.36712888989392,-51.760991270690525,25.61636527327534,0.9985320183551857,1.0486265020487875
SB74597_component_523a,78.616512,-50.87604,27.20199966430664,115.75318908691406,78.61644479537846,-50.87628915094925,25.900311066957293,1.000085237594491,1.0502576433921675
SB74597_component_526a,74.464981,-48.485263,27.40399932861328,144.23158264160156,74.46511234799429,-48.485488495266715,24.41127952938837,1.0689676691758263,1.122595777727342
SB74597_component_529a,77.783798,-47.695088,26.774999618530273,94.27816772460938,77.78356547365013,-47.69557660117388,25.913760811464233,0.9838756068190788,1.033234805759457
SB74597_component_530a,71.408601,-47.071619,25.035999298095703,98.56692504882812,71.40893701950975,-47.071902705049595,25.949670211538447,0.9187011364732425,0.9647906541395473
SB74597_component_531a,74.586895,-52.926849,25.61400032043457,111.36521911621094,74.58707241153047,-52.926940409419046,23.829314445665304,1.0235452053822256,1.0748945538839836
SB74597_component_532a,78.867544,-49.77039,28.849000930786133,69.34855651855469,78.86715939201142,-49.770361540281655,19.404786508017764,1.4156734084945093,1.486695095504718
SB74597_component_534a,68.227105,-51.532642,27.520000457763672,72.04188537597656,68.22756601896599,-51.53282946372973,25.25032044878286,1.0378216075307451,1.089887176425526
SB74597_component_535a,75.867979,-47.570962,25.374000549316406,114.81448364257812,75.86830275448844,-47.57130460182335,23.32703037231797,1.0357874768420443,1.0877509972048376
SB74597_component_538a,71.705191,-53.0039,27.14299964904785,88.12662506103516,71.70550539974151,-53.00404906360693,24.744752190608523,1.0445179266021902,1.0969194372999034
SB74597_component_539a,70.895194,-46.736116,25.961999893188477,71.71823120117188,70.89552205322285,-46.73625875184248,25.00170194329639,0.9888029106213938,1.038409303177441
SB74597_component_543a,69.996927,-53.776646,27.625,35.057106018066406,69.99726361411378,-53.77661486646703,27.80299981588064,0.946132139961509,0.9935978197655143
SB74597_component_546a,73.83506,-52.614281,26.85099983215332,135.61111450195312,73.83536380076526,-52.61440919070973,24.205085070719772,1.0563188122004223,1.109312351256069
SB74597_component_548a,79.651793,-53.112112,26.410999298095703,29.742115020751953,79.65173615732131,-53.11204392243721,26.403515576156032,0.952498374679529,1.0002834365718491
SB74597_component_550a,73.74851,-48.961679,25.00200080871582,141.25424194335938,73.74850971669184,-48.961828389969654,24.110124486895856,0.9874531007742869,1.0369917758950067
SB74597_component_551a,76.177938,-51.732473,25.211000442504883,134.10107421875,76.17785682860664,-51.73258533032805,23.24055803322064,1.0329628296176343,1.084784642712436
SB74597_component_553a,76.734303,-53.544691,25.104000091552734,60.49156951904297,76.7344376577613,-53.544810480311945,22.822660653080934,1.0474126645394548,1.0999593988251248
SB74597_component_556a,77.324099,-49.988017,23.982999801635742,120.51758575439453,77.3236272342125,-49.98823751679979,23.668373143213536,0.9648865711256296,1.0132931256626068
SB74597_component_557a,69.974438,-52.956215,25.139999389648438,82.42622375488281,69.97477537099918,-52.95630105975247,23.579189178511264,1.015260668300911,1.0661943970728056
SB74597_component_561a,77.006534,-47.687726,25.222999572753906,98.14396667480469,77.00652511714779,-47.68809696420156,21.387869840132648,1.1229757185242657,1.1793133098942346
SB74597_component_562a,75.453589,-53.041965,25.92099952697754,105.36991119384766,75.45371677007009,-53.04217253824807,24.901721216672506,0.9912051348148259,1.0409320424655062
SB74597_component_564a,68.151665,-48.804695,26.482999801635742,42.64573287963867,68.15214199429047,-48.804941856173016,24.937104108378225,1.0112588251000945,1.0619917888837034
SB74597_component_568a,74.711217,-50.649024,23.95800018310547,132.36463928222656,74.71097978481016,-50.649228608227546,22.504199642605816,1.0137436753971294,1.0646012994724443
SB74597_component_569a,73.328748,-49.215984,24.145999908447266,137.19317626953125,73.32879087055476,-49.216130260158835,22.757465585010944,1.0103281784195532,1.061014453399893
SB74597_component_571a,72.93285,-48.287907,23.509000778198242,127.07567596435547,72.93285898515806,-48.28798309992498,22.75505141801752,0.9837789256651167,1.0331332742928343
SB74597_component_572a,74.504783,-48.906959,24.226999282836914,148.63189697265625,74.50492384233262,-48.90720816686954,21.43029040445749,1.076496782151395,1.1305026122183444
SB74597_component_573a,79.191198,-48.324672,23.349000930786133,38.9799690246582,79.19090914694507,-48.3249567246814,23.690765106371,0.9384915821170556,0.9855739494250036
SB74597_component_574a,76.955707,-49.35039,23.38800048828125,111.90430450439453,76.95534867119005,-49.35053146998531,23.56971202869027,0.9448872386909392,0.9922904641266796
SB74597_component_577a,73.566154,-53.470003,23.836999893188477,73.34461975097656,73.56635510137167,-53.470195491615435,22.733422865187773,0.9984536983378064,1.048544252862627
SB74597_component_579a,70.547023,-47.098029,24.607999801635742,86.95406341552734,70.54738294665731,-47.09814851596502,22.317331978783063,1.0499659290588284,1.1026407558497764
SB74597_component_581a,71.534609,-51.80381,23.400999069213867,98.32352447509766,71.53517584669079,-51.804047734072135,21.78001947655246,1.0230981546394151,1.0744250754415758
SB74597_component_584a,74.762482,-49.818738,22.597999572753906,124.850830078125,74.76227024379627,-49.818963514438586,19.614563428376716,1.0970653934997738,1.152103112326273
SB74597_component_585a,71.578393,-48.020172,23.20800018310547,109.4717025756836,71.57855596756757,-48.020224792750994,18.61853962073412,1.1869523146824879,1.2464994922190569
SB74597_component_587a,76.173101,-50.800447,22.94499969482422,134.1812744140625,76.17280442922053,-50.80066359532283,21.58067595434343,1.0124280717764675,1.0632196944788561
SB74597_component_589a,75.543289,-47.331229,22.857999801635742,102.50223541259766,75.54340785260612,-47.33156853736945,21.62529518043837,1.006508266665149,1.057002903817583
SB74597_component_591a,72.538009,-46.769682,22.150999069213867,73.83666229248047,72.53810969843452,-46.76981840538517,22.120490170096197,0.9535418055566345,1.0013792144244125
SB74597_component_596a,72.293917,-46.147234,24.409000396728516,30.6260986328125,72.29395673258149,-46.14741341508631,22.846533761400146,1.0173510584773542,1.0683896582145078
SB74597_component_598a,74.896653,-49.324533,23.104999542236328,129.80335998535156,74.89649512504819,-49.32471014954709,22.04988246061683,0.9977939154376491,1.0478513698884353
SB74597_component_604a,79.458963,-49.33737,23.611000061035156,43.805198669433594,79.45853248775866,-49.337710506995414,22.086448708225113,1.017957524832086,1.069026549851914
SB74597_component_610a,77.576773,-50.877333,21.799999237060547,114.7368392944336,77.57676124236855,-50.87756123342346,20.37253561158791,1.0189492607256752,1.0700680392803288
SB74597_component_611a,69.82517,-51.665714,22.788000106811523,105.01383209228516,69.8257508322325,-51.66596934205315,21.907423247861658,0.990503648913573,1.040195364328656
SB74597_component_613a,70.484992,-53.247767,23.98699951171875,69.12680053710938,70.48548908414574,-53.24792017637398,21.119173891670474,1.0815339729330944,1.1357925094399342
SB74597_component_618a,77.716744,-48.001433,22.327999114990234,86.54263305664062,77.71660031676754,-48.00175001206195,20.161306139493785,1.0545624610695248,1.107467887274036
SB74597_component_619a,70.6951,-48.700613,21.48200035095215,92.59483337402344,70.6952943238506,-48.70071330138543,19.279344521914226,1.0610201234726722,1.1142495185214536
SB74597_component_622a,73.795544,-52.010891,20.937999725341797,96.0458755493164,73.79569450386573,-52.01105423710299,19.516434804619372,1.0215882058783163,1.0728393753753607
SB74597_component_625a,78.824814,-53.900561,23.176000595092773,17.11669158935547,78.82489049191283,-53.900674621370065,25.12442181924827,0.8783823141725373,0.9224491119368655
SB74597_component_628a,74.040282,-51.481681,23.3799991607666,124.36170196533203,74.04028467049447,-51.48182053530291,21.401184372792155,1.0402742500508382,1.0924628634333977
SB74597_component_631a,68.972619,-48.192709,21.43000030517578,64.93939208984375,68.97319823384066,-48.19285564992269,20.67936656596478,0.9867931164892627,1.0362986814328459
SB74597_component_633a,75.191778,-48.325966,21.746000289916992,122.16854095458984,75.19195011369975,-48.326177955142384,18.967421428507855,1.0917225013065717,1.146492177225153
SB74597_component_634a,68.06513,-47.476008,21.361000061035156,18.526453018188477,68.06565562524588,-47.47631032079152,24.272054290122735,0.8380235286243981,0.8800656016053737
SB74597_component_637a,76.746148,-48.081726,21.06800079345703,95.330322265625,76.7461709187001,-48.08206827696795,19.744288658827273,1.016068529138546,1.067042786777631
SB74597_component_638a,75.884422,-47.60953,20.367000579833984,91.74324798583984,75.88465802057219,-47.60986620917317,18.439006310745402,1.051794095783268,1.1045606382793545
SB74597_component_639a,68.734759,-50.969909,21.229999542236328,77.48175048828125,68.73507808586716,-50.97012099550391,20.499803045678814,0.9861465553328861,1.0356196835125904
SB74597_component_640a,76.481925,-50.139105,22.64299964904785,114.35858154296875,76.48158989961158,-50.13933318661487,21.390854148391572,1.007968590243161,1.0585364890980957
SB74597_component_644a,69.031097,-53.387914,22.11400032043457,37.35472869873047,69.03145684332874,-53.38823217773464,22.336116255621402,0.9427592797849278,0.9900557495025156
SB74597_component_647a,73.034038,-53.873788,22.52400016784668,38.2410888671875,73.03419173124497,-53.87399882627994,19.526937677115598,1.0983798258486754,1.1534834872875874
SB74597_component_650a,78.805504,-47.095165,22.861000061035156,32.519203186035156,78.80562346804959,-47.09540159071108,21.121361836572234,1.0306577515723532,1.0823639232130708
SB74597_component_651a,78.248413,-50.797243,20.496999740600586,97.60476684570312,78.2482852918077,-50.7974885783742,19.465667859732513,1.0026795388390142,1.0529820958777134
SB74597_component_654a,67.99197,-50.838317,21.326000213623047,43.257606506347656,67.99222512932265,-50.838602465223985,20.472300442569964,0.9919366310931429,1.0417002365439063
SB74597_component_658a,71.232419,-48.6155,20.95199966430664,97.45115661621094,71.23256500696615,-48.615462801920906,20.075740827975046,0.9937910101911521,1.0436476463728077
SB74597_component_659a,75.245411,-50.160365,22.225000381469727,138.04348754882812,75.24514386509715,-50.16054666983264,20.416012134911306,1.0366019648550306,1.0886063465580067
SB74597_component_661a,78.979697,-53.112953,21.74799919128418,41.66283416748047,78.9798523840614,-53.11301468593965,20.59066524343953,1.0057501266342919,1.0562067293194128
SB74597_component_662a,79.545173,-51.36949,20.974000930786133,42.37171936035156,79.54536610137352,-51.3696520625036,19.961040179872654,1.0005511140851289,1.0507468920349592
SB74597_component_663a,79.395213,-48.168747,21.451000213623047,26.096105575561523,79.39511418486134,-48.169182634318354,20.966286898932275,0.9742427636320161,1.0231187008470946
SB74597_component_668a,77.45329,-47.533373,19.47100067138672,74.03421783447266,77.45333212848554,-47.53350624547977,18.468524474670332,1.0039156818293744,1.054280253849802
SB74597_component_669a,76.506031,-46.478284,19.788000106811523,35.978179931640625,76.50610696288412,-46.478678944646866,17.5981592187724,1.0707197835946938,1.1244357924494266
SB74597_component_673a,69.75864,-46.550844,22.145000457763672,36.125614166259766,69.75892781409297,-46.55102584474893,21.465403655231267,0.9823761260971714,1.0316600988943798
SB74597_component_675a,70.424373,-53.618757,20.829999923706055,33.7601318359375,70.42467550792519,-53.618894106573734,19.314101432187048,1.0269656706559749,1.0784866175028343
SB74597_component_676a,67.939277,-47.86161,19.018999099731445,17.561403274536133,67.93983839371795,-47.861857321486795,22.195697092185792,0.8159434009386791,0.8568777552126203
SB74597_component_677a,76.523617,-51.477317,19.47599983215332,98.86294555664062,76.52351209340833,-51.47743515491959,18.438646223740907,1.0058006134822475,1.0562597489980992
SB74597_component_678a,74.050665,-47.506419,19.548999786376953,99.23350524902344,74.05089437874398,-47.506710034461776,15.283245588368667,1.2180079297498445,1.2791131094075163
SB74597_component_679a,76.376071,-46.789076,19.270000457763672,55.69364547729492,76.37610222677394,-46.78937370732243,18.61107613405825,0.9859420852744046,1.0354049555737184
SB74597_component_680a,72.123029,-49.452068,19.676000595092773,113.73411560058594,72.12317631514641,-49.452224740215584,26.172817883390824,0.715859033186642,0.751772341929567
SB74597_component_681a,79.52585,-48.546983,21.054000854492188,29.77935028076172,79.52538415216637,-48.54721984588659,14.140646280227045,1.417772483561675,1.4888994772418662
SB74597_component_682a,69.976394,-50.784859,21.677000045776367,115.91978454589844,69.97668816361151,-50.785065534093405,19.77217043197259,1.043965144787927,1.0963389234559486
SB74597_component_685a,79.262791,-49.08599,18.173999786376953,37.54958724975586,79.26245893992247,-49.08625929634063,18.781641481489626,0.9214210684585362,0.967647040025147
SB74597_component_686a,69.728254,-52.604886,19.389999389648438,76.64031982421875,69.72880643082053,-52.60506908495491,18.77912651982819,0.983203856346869,1.0325293548225074
SB74597_component_687a,77.48193,-50.106271,18.832000732421875,96.0816421508789,77.48163915209074,-50.1063594175551,21.176763276404994,0.8467945344997279,0.8892766324400652
SB74597_component_688a,78.137296,-48.450107,17.597000122070312,23.844175338745117,78.1368938460071,-48.4502568695662,18.261772632804803,0.9175650680730824,0.9635975913126683
SB74597_component_692a,72.227215,-51.695541,18.555999755859375,81.03056335449219,72.22777892157966,-51.695729903127486,20.38446638250487,0.8668145184362932,0.9103009815250896
SB74597_component_693a,69.82306,-46.880994,20.746000289916992,50.60000228881836,69.82339873721654,-46.881156138732976,19.57669971747251,1.009104321569118,1.0597291979403893
SB74597_component_694a,68.933677,-47.991616,20.31999969482422,57.8917350769043,68.93424794181908,-47.99176522202074,19.309310082492594,1.0020701053469692,1.0523420882472647
SB74597_component_697a,68.868845,-52.467788,20.541000366210938,68.24252319335938,68.86936128396042,-52.46803042408673,19.292655099263143,1.0138431139167798,1.0647057266366344
SB74597_component_704a,73.326787,-46.085035,20.086999893188477,24.34787940979004,73.32659885793637,-46.085262315785954,18.827447493355287,1.0159323694162197,1.0668997961767106
SB74597_component_706a,69.084048,-51.035804,19.090999603271484,79.21576690673828,69.08450200791337,-51.036015254016036,17.96364335739564,1.0119881106435784,1.0627576613188388
SB74597_component_707a,73.216809,-49.531065,17.826000213623047,99.58659362792969,73.21689300684366,-49.53125408506303,16.029737870671863,1.0589334145458473,1.1120581233107774
SB74597_component_711a,79.976772,-48.981484,19.97100067138672,17.673452377319336,79.97679396309297,-48.98173144690741,17.20482155127447,1.1053271039660657,1.1607792973538478
SB74597_component_714a,70.784049,-51.041952,17.767000198364258,95.5215072631836,70.78443778651534,-51.04222672387117,15.803392533547347,1.0705450444897635,1.1242522870104363
SB74597_component_717a,70.288771,-49.651399,18.139999389648438,90.24874877929688,70.28887627967694,-49.651561712298694,13.681192633041281,1.2625671225126947,1.325907753527185
SB74597_component_720a,70.433087,-52.402036,18.38599967956543,79.93912506103516,70.4336386571662,-52.40219777753713,16.78700262350742,1.042930229393913,1.0952520882923364
SB74597_component_721a,79.472897,-52.237809,18.042999267578125,38.7188835144043,79.47303799860842,-52.2379156629808,18.281098245881644,0.9398263444307581,0.9869756742674277
SB74597_component_724a,75.577172,-49.477901,17.577999114990234,99.87499237060547,75.57698569219308,-49.478109701770556,17.48238655155659,0.9574362916375538,1.005469079587714
SB74597_component_725a,68.277337,-53.054886,19.01300048828125,31.847572326660156,68.27777249725382,-53.054969278777634,21.573881384282924,0.8391962577554255,0.881297164363417
SB74597_component_726a,77.86947,-51.786532,19.263999938964844,92.17224884033203,77.86997837284758,-51.7871934134933,8.836729717278452,2.0758504486180867,2.1799919829275707
SB74597_component_729a,69.322615,-52.399906,17.868999481201172,75.07982635498047,69.32316176941251,-52.40010792318948,16.633215122359836,1.022975417538247,1.0742961808496112
SB74597_component_732a,78.16906,-51.114724,17.041000366210938,77.45909118652344,78.16916045764371,-51.114969131552726,15.621770553059115,1.0387379453808259,1.090849485231615
SB74597_component_733a,69.724612,-50.523872,17.2549991607666,88.94329071044922,69.72473817403352,-50.524013298256165,16.432876641489806,0.9998676404902616,1.0500291298482152
SB74597_component_734a,73.920637,-47.126377,16.84600067138672,73.24347686767578,73.92081384875335,-47.12657723766337,16.68165965959802,0.9616094508674112,1.009851598410602
SB74597_component_736a,78.981942,-47.919349,18.851999282836914,37.77955627441406,78.98152257603974,-47.919635067192,16.579068020141353,1.0827756161127835,1.1370964435355626
SB74597_component_738a,71.640381,-46.305847,19.516000747680664,29.171897888183594,71.640465381134,-46.30596518982184,17.993384929274406,1.0328068769489442,1.0846208661900536
SB74597_component_742a,77.966657,-51.134304,17.8799991607666,85.96153259277344,77.96671175169065,-51.134513741145184,17.310588176017827,0.9835508891905619,1.0328937976548733
SB74597_component_745a,75.237638,-49.194473,16.76799964904785,85.55101776123047,75.23754710911528,-49.194700418175294,20.0504966302556,0.7963377209281451,0.8362884949066768
SB74597_component_749a,74.811114,-50.870743,16.986000061035156,98.75581359863281,74.81080059097707,-50.87086910589356,16.625116397831444,0.972898631416578,1.0217071360324903
SB74597_component_750a,73.268464,-51.563662,16.937000274658203,64.6450424194336,73.26856544145656,-51.56393625612961,17.753276880448034,0.9084460354659638,0.954021073896008
SB74597_component_752a,68.050936,-53.154295,18.64699935913086,21.093891143798828,68.05147599360204,-53.15448301442114,18.0607261799841,0.9831389750186041,1.0324612185193582
SB74597_component_756a,74.263772,-46.591209,17.51799964904785,42.2120475769043,74.26381985298082,-46.59152214247742,17.73859080030505,0.9403868850989193,0.9875643362124681
SB74597_component_759a,74.03142,-46.052798,15.588000297546387,14.581851959228516,74.03107675025475,-46.0531465481758,18.016931725768142,0.8238549176442744,0.8651861779135316
SB74597_component_760a,73.264299,-52.447644,17.256999969482422,84.18048858642578,73.26470803071358,-52.44775533351824,15.570764516105575,1.0553500314024897,1.1082949685375239
SB74597_component_762a,79.550488,-51.562329,16.3700008392334,24.616540908813477,79.5508436822075,-51.56261709028635,16.541258297905998,0.9423697223174429,0.9896466486655202
SB74597_component_763a,69.610642,-50.329884,16.892000198364258,83.62376403808594,69.61074523586485,-50.329917741414185,15.99835901387079,1.0054183451223764,1.0558583029496131
SB74597_component_764a,69.664895,-49.877161,16.729000091552734,84.91878509521484,69.66498407889299,-49.87737764184423,15.950691615834955,0.9986921372683832,1.048794653828372
SB74597_component_768a,80.123724,-51.74789,18.464000701904297,22.599756240844727,80.1238133451767,-51.74831526930673,18.079331634944644,0.9724887870188428,1.0212767305078991
SB74597_component_770a,72.887935,-46.238603,17.792999267578125,26.756389617919922,72.8877367576315,-46.23874305629078,18.208420436194746,0.9305035918080595,0.977185216583046
SB74597_component_776a,78.479737,-50.43408,16.951000213623047,69.4713134765625,78.47946358891612,-50.43430666697725,16.21149232888701,0.9956655939927018,1.0456162745374353
SB74597_component_778a,75.747482,-53.99709,16.54199981689453,21.1805362701416,75.7477046611859,-53.99715736308448,19.146827751733582,0.8226826667054907,0.8639551173377426
SB74597_component_782a,74.508056,-50.54236,17.514999389648438,96.23625946044922,74.50793919650746,-50.54250307752155,14.871742705095377,1.1214745673744382,1.1777368487989928
SB74597_component_786a,76.67989,-48.072497,16.475000381469727,75.57339477539062,76.67988130266326,-48.07282239321194,16.058955993516523,0.9768981588615591,1.0259073122886178
SB74597_component_788a,73.626352,-53.285858,16.41200065612793,53.63399124145508,73.62676015962602,-53.28582202956554,16.271508904287487,0.9604502263825934,1.0086342178016092
SB74597_component_789a,70.847043,-49.195857,16.011999130249023,80.86868286132812,70.84716044515703,-49.19602659887555,15.261271360285152,0.999070208926385,1.0491916926343052
SB74597_component_790a,75.660281,-53.440685,16.94499969482422,52.46129608154297,75.66044032375919,-53.44080020209291,16.583404487300818,0.972991479923243,1.0218046425750698
SB74597_component_791a,73.946132,-49.456465,17.256000518798828,102.10651397705078,73.94613153183856,-49.45664760675539,16.437103559455853,0.9996685277423158,1.049820027986128
SB74597_component_793a,72.102679,-50.296209,16.63800048828125,95.07428741455078,72.10294070487899,-50.296376360408885,15.582301145261072,1.016741862404314,1.0677498999139314
SB74597_component_794a,77.926144,-51.352286,15.767000198364258,72.32569122314453,77.92617906454419,-51.3525813464508,14.948795479361983,1.0043475828561133,1.054733822543219
SB74597_component_796a,68.620454,-48.311826,16.41200065612793,41.132835388183594,68.62082493959514,-48.31202356817014,16.085448940063806,0.9715597288543759,1.0203010632330431
SB74597_component_798a,68.094341,-48.687022,16.599000930786133,26.946430206298828,68.09457834047244,-48.687105926718374,15.592270358667047,1.0137100649299378,1.064566002830979
SB74597_component_799a,73.837006,-50.667139,16.663000106811523,87.70000457763672,73.83703523608307,-50.66735571288958,17.793988252240265,0.8917047157031379,0.9364398734338633
SB74597_component_801a,77.652139,-49.870212,16.115999221801758,81.39393615722656,77.65169979601669,-49.87043467015878,15.122849991126229,1.0147633167246821,1.0656720942982498
SB74597_component_802a,75.302993,-53.846906,17.44499969482422,32.42565155029297,75.3032915248859,-53.84703370643985,15.376952394447127,1.0802937465954123,1.1344900632666262
SB74597_component_805a,68.995941,-48.761221,15.984999656677246,59.6455192565918,68.99601803417957,-48.76134405686536,15.858432533411372,0.9598282722267096,1.007981061369036
SB74597_component_810a,67.640816,-49.354848,16.55900001525879,18.522371292114258,67.64091133221078,-49.35507336880907,15.134467679775547,1.0418570193808092,1.0941250373402212
SB74597_component_811a,70.45927,-50.155699,15.644000053405762,84.56216430664062,70.45942587699437,-50.15586073425872,14.028681737035802,1.0618718597140402,1.1151439847769524
SB74597_component_812a,67.880096,-48.244399,16.965999603271484,17.784067153930664,67.88097657665519,-48.24434647923044,17.693929143306832,0.913053729009707,0.9588599268065507
SB74597_component_815a,77.592031,-53.450932,15.670000076293945,37.759037017822266,77.59216659264793,-53.451027800102274,15.479377329450543,0.9639548161465313,1.0123146262789737
SB74597_component_819a,74.317645,-47.042751,15.069999694824219,57.300376892089844,74.31783036531176,-47.04293465779586,13.47629583222078,1.0648388144711542,1.1182597861048
SB74597_component_820a,72.503785,-46.303029,16.516000747680664,29.12874984741211,72.50369777356397,-46.30313075776824,15.06095961971111,1.0442233866060724,1.0966101207830916
SB74597_component_822a,70.172659,-53.678692,16.52199935913086,23.53561019897461,70.17286303578305,-53.6787074479,14.722995463681501,1.068581345901686,1.1221900733371222
SB74597_component_825a,75.820047,-49.18252,15.276000022888184,84.86666107177734,75.8198204602584,-49.182704101945376,18.73054988934695,0.776605190039841,0.8155660198516889
SB74597_component_827a,74.871199,-53.002721,14.991000175476074,65.46288299560547,74.87137340989473,-53.00288629499162,13.703024553374382,1.0417304026382777,1.0939920684725422
SB74597_component_833a,72.552357,-47.182436,14.847999572753906,63.18297576904297,72.55256319847119,-47.18256476357659,15.331838675681963,0.9221782421600729,0.9684421997150622
SB74597_component_839a,78.543151,-47.796456,15.845000267028809,44.2597770690918,78.54303449485177,-47.79673616062665,14.512605332800973,1.0396520918885634,1.0918094927598145
SB74597_component_841a,69.995368,-50.190685,14.965999603271484,78.35601806640625,69.99543544230939,-50.19092995770861,16.971802177068753,0.839689909170455,0.8818155813466065
SB74597_component_849a,75.370141,-51.445576,15.109000205993652,84.88201904296875,75.36994688241514,-51.44570482105279,14.321343252041842,1.0045999192706485,1.0549988182036982
SB74597_component_851a,69.834933,-53.080597,14.782999992370605,46.05295944213867,69.83533181936781,-53.08057208701144,15.25685756225427,0.9226535366188154,0.968941338807803
SB74597_component_852a,71.771086,-52.465164,16.378999710083008,67.12704467773438,71.7716180850715,-52.46527550867976,14.692272147083015,1.0615478541330223,1.1148037244419593
SB74597_component_856a,75.078277,-49.063174,15.947999954223633,94.36686706542969,75.07815516503928,-49.063432784810914,14.234583313102943,1.0668482100508077,1.1203699893022852
SB74597_component_857a,71.54215,-49.969076,15.052000045776367,84.56179809570312,71.54226035037212,-49.969245953233454,15.595420184249607,0.91904821605878,0.965155146058709
SB74597_component_858a,79.561293,-49.529598,14.20199966430664,26.397769927978516,79.56085939967126,-49.52973141218658,14.690512649587612,0.9205634174785972,0.9667463622997061
SB74597_component_861a,70.342749,-52.94131,15.140000343322754,54.657039642333984,70.34317511479465,-52.941510134149915,13.990216980322373,1.0304871974982324,1.0821848127600582
SB74597_component_864a,71.008368,-51.069452,14.61400032043457,74.56122589111328,71.00882586493202,-51.06964596031785,13.104567895826802,1.0619096636901284,1.1151836853078119
SB74597_component_866a,73.022194,-47.395968,14.02400016784668,64.6267318725586,73.0222669188835,-47.39610956971437,12.32209841198659,1.0837482296500358,1.13811785127479
SB74597_component_867a,78.441403,-51.339343,16.226999282836914,70.86026000976562,78.4417244825733,-51.33957705728754,15.614911352577355,0.9895548226718434,1.0391989372490757
SB74597_component_868a,72.68365,-49.937408,15.96399974822998,102.33332824707031,72.68384887080936,-49.93754993667629,16.542511360832002,0.9189278977250928,0.9650287915792657
SB74597_component_869a,78.205569,-53.63921,14.618000030517578,22.04826545715332,78.20573232424763,-53.63931970538886,14.966466993250645,0.9300575701122503,0.9767168188130029
SB74597_component_873a,77.760476,-52.940068,15.147000312805176,53.33450698852539,77.7604856320775,-52.940107103961196,14.863397119771662,0.9703976111589344,1.0190806442664617
SB74597_component_875a,72.213658,-49.617011,15.484999656677246,87.98295593261719,72.21361062702722,-49.617202195419694,12.913342626554375,1.141862187509424,1.1991472777028807
SB74597_component_876a,70.678549,-48.213543,14.173999786376953,66.233642578125,70.6788118463561,-48.213642863380635,13.736479874845738,0.9825578584203924,1.0318509483883422
SB74597_component_877a,73.643471,-49.941319,14.37600040435791,77.7081069946289,73.64355210407828,-49.9414580856296,13.688143521965323,1.0000798842569594,1.0502520214877047
SB74597_component_878a,67.970897,-50.323856,14.92300033569336,27.132726669311523,67.97109887675416,-50.324124163138954,15.426094143813382,0.921173290459052,0.9673868314668761
SB74597_component_881a,74.86047,-48.180849,14.151000022888184,77.32787322998047,74.86067747746287,-48.18109462267737,14.126925178348989,0.9538512484604103,1.0017041814998844
SB74597_component_887a,77.118439,-53.512013,15.302000045776367,35.09633255004883,77.11861165851776,-53.51205924730875,14.001698456461021,1.040659478841581,1.092867418432035
SB74597_component_891a,70.728489,-51.164608,13.98900032043457,68.91133117675781,70.72905781456079,-51.16483231761918,18.29267015792387,0.7282001136587333,0.7647325513260255
SB74597_component_892a,71.07966,-46.391884,15.857999801635742,26.83248519897461,71.0799448220079,-46.392095748828766,15.227814975724426,0.9916353097361369,1.0413837984580145
SB74597_component_895a,69.000968,-49.688733,13.411999702453613,34.04060745239258,69.00105707517571,-49.68889926117181,14.054565490926281,0.9086931983722029,0.9542806365029561
SB74597_component_898a,69.221953,-49.213288,14.623000144958496,60.929168701171875,69.22220972181536,-49.213314581265344,14.139643298330485,0.9847799468829187,1.0341845148728104
SB74597_component_902a,78.987216,-47.066593,14.159000396728516,16.18171501159668,78.98703910628068,-47.066811140071785,10.30969265102631,1.3077599748563464,1.3733678467436188
SB74597_component_903a,73.091538,-49.391524,15.420999526977539,95.19135284423828,73.09165679118101,-49.391691773362105,14.658935238593633,1.0017313450461534,1.0519863329757788
SB74597_component_906a,71.796312,-47.256601,15.597999572753906,67.81739044189453,71.79634636331765,-47.25669686905977,12.8417080102295,1.1566108952110326,1.2146359004837042
SB74597_component_910a,71.59621,-53.430349,15.128000259399414,36.4530143737793,71.59641650814399,-53.43045602946556,12.956386308253753,1.1118310556712843,1.1676095401510413
SB74597_component_911a,74.420128,-53.664689,14.267000198364258,33.888362884521484,74.42022046330763,-53.664769457010095,13.732146772558002,0.9893168281597746,1.0389490029974844
SB74597_component_914a,71.561485,-53.901972,14.788000106811523,18.983312606811523,71.56147215587873,-53.90218407101506,12.574112331758123,1.1198846063513692,1.17606712240528
SB74597_component_917a,79.803775,-52.211083,14.336000442504883,22.900959014892578,79.80355487632812,-52.211204016206345,14.448599319207096,0.9448076996768253,0.9922069347889985
SB74597_component_918a,77.006327,-48.00728,13.92199993133545,63.86238479614258,77.0062317097292,-48.007613763777634,12.750287884119128,1.0397353322567837,1.0918969091416142
SB74597_component_919a,77.722373,-53.142515,15.065999984741211,48.75728225708008,77.72254269974897,-53.1425724456079,14.90286994748946,0.9626517771508372,1.0109462162540868
SB74597_component_926a,72.845315,-51.553473,13.461000442504883,63.19718551635742,72.84568326964268,-51.55370483930201,13.412357165195509,0.955681973715866,1.0036267508171943
SB74597_component_928a,75.353466,-53.265036,13.902999877929688,55.39044189453125,75.35359441620581,-53.265195169260046,14.299554994549602,0.9258212876322427,0.9722680099645713
SB74597_component_933a,77.426186,-47.809499,13.62399959564209,55.157894134521484,77.42611162822195,-47.80988911547387,12.434944587276807,1.0432825262966394,1.0956220592717318
SB74597_component_935a,72.065075,-51.531771,13.468999862670898,56.59243392944336,72.06562641777904,-51.53209164892839,12.196613513809202,1.0515677346819976,1.1043229210650218
SB74597_component_939a,79.61695,-51.753075,13.838000297546387,27.731462478637695,79.61729809620812,-51.75319157145927,13.864722805520342,0.9503931777746538,0.998072625875844
SB74597_component_941a,71.522197,-48.17241,13.633999824523926,75.32596588134766,71.5223858428217,-48.17252382397049,12.661690616084837,1.025351455800942,1.0767914205077727
SB74597_component_942a,68.258435,-53.0303,13.559000015258789,22.673913955688477,68.25885871467591,-53.03062311379361,15.252826649088448,0.8464834911518313,0.8889499846291844
SB74597_component_943a,78.985428,-51.143407,13.758999824523926,47.1198616027832,78.9854894742179,-51.1437556296709,13.841027303109795,0.9465851904611177,0.9940735989612968
SB74597_component_947a,77.211335,-52.094312,13.21399974822998,69.91534423828125,77.21160347181525,-52.09431709056368,12.964668296804913,0.9705413655409695,1.0192316105369634
SB74597_component_952a,69.835552,-48.057344,13.894000053405762,62.58558654785156,69.83590080920847,-48.057436880011686,12.715548862953904,1.0404790757366555,1.0926779648407638
SB74597_component_956a,75.679967,-50.805905,14.229000091552734,84.6964340209961,75.67980520145292,-50.80623349313736,13.783511463212955,0.9830048853029133,1.0323204017734342
SB74597_component_957a,69.600616,-48.31879,13.303999900817871,54.52458953857422,69.60088129367244,-48.31893460740749,14.055982381032164,0.9012851067605264,0.9465008947913128
SB74597_component_958a,73.338048,-50.451209,14.27400016784668,78.42857360839844,73.33827005489542,-50.45139873276596,12.316809420225498,1.103541428254976,1.158904037632284
SB74597_component_961a,73.486007,-48.240306,14.083999633789062,82.3625717163086,73.48604718170495,-48.24052539723578,12.318142348406697,1.0887344179337266,1.143354187298442
SB74597_component_962a,68.051129,-51.273997,12.449000358581543,21.878734588623047,68.05148733699983,-51.27417410043754,12.80548983092221,0.9257195799908429,0.9721611998410377
SB74597_component_963a,79.68223,-52.125803,14.147000312805176,27.31081199645996,79.68259906197646,-52.125923183565845,13.05573177851215,1.0318208744607176,1.0835853978012244
SB74597_component_964a,70.76429,-48.492158,13.579000473022461,62.86574172973633,70.76449446414836,-48.49223395264403,12.576835252976723,1.028105298131768,1.0796834179575139
SB74597_component_967a,79.771529,-49.120511,13.701000213623047,17.01987648010254,79.77083249356959,-49.12084159970391,16.751804528366147,0.778810579037589,0.8178820490904657
SB74597_component_968a,74.803082,-45.999298,14.284000396728516,14.38469409942627,74.80330120588432,-45.999784210334276,15.876106577641872,0.8567359947700177,0.899716837177479
SB74597_component_970a,76.596238,-50.411724,13.277000427246094,64.45146179199219,76.59594501070599,-50.41190805363176,10.876854774177653,1.1623523689304978,1.220665413200748
SB74597_component_972a,77.611604,-46.881685,13.451000213623047,34.84714889526367,77.61169046779024,-46.881949657086885,13.315438764397475,0.9619228995541794,1.0101807722317069
SB74597_component_973a,70.605232,-50.915482,12.642999649047852,68.71195220947266,70.60564587244944,-50.915715087701905,11.700281832339618,1.0289516517230557,1.0805722315254456
SB74597_component_975a,72.251792,-53.426392,13.939000129699707,36.11139678955078,72.25237074182841,-53.42661771687965,13.04917698893427,1.0171609208641383,1.0681899817528728
SB74597_component_981a,71.706066,-48.558234,12.701000213623047,57.99543380737305,71.70605102018551,-48.558282936070455,12.141200130540229,0.9961333291867239,1.0461074751312833
SB74597_component_982a,78.627851,-51.264607,13.553000450134277,52.735408782958984,78.6281174867441,-51.264810899814464,11.945370384646925,1.0803811501460225,1.1345818516898896
SB74597_component_986a,73.404503,-46.309793,12.116000175476074,16.8044376373291,73.40445520646603,-46.30990704449639,11.774830664582629,0.9798187964543257,1.028974472806615
SB74597_component_991a,67.334051,-50.72619,13.52400016784668,11.739583969116211,67.33431388026041,-50.72623344741888,14.173379576967632,0.9086003821797867,0.9541831638957711
SB74597_component_992a,68.147408,-47.408918,12.571999549865723,13.082204818725586,68.14811778752909,-47.40921431314316,13.927233509796,0.8595688434596248,0.9026918045872465
SB74597_component_995a,74.142582,-48.702485,12.498000144958496,67.92391204833984,74.14264627732155,-48.70261301456464,12.056452598909697,0.9871022643056306,1.036623338616927
SB74597_component_997a,69.885908,-50.063025,13.194000244140625,69.80952453613281,69.88585168068637,-50.06318373766523,16.33048207308082,0.7693405938046943,0.8079369724112202
SB74597_component_1000a,73.447118,-50.475236,13.102999687194824,72.79444122314453,73.44733358162503,-50.475421266601366,12.458058702252615,1.0015243748289246,1.0517689794498717
SB74597_component_1004a,77.970762,-48.819404,12.465999603271484,46.34200668334961,77.97045486169782,-48.819618753933284,9.286093978239812,1.278307096673579,1.3424373727514685
SB74597_component_1005a,70.920191,-48.916544,12.881999969482422,63.4581298828125,70.92030157387924,-48.916731116470196,11.562952433785618,1.060854249699331,1.1140753231711564
SB74597_component_1006a,68.351657,-49.803428,13.800000190734863,35.114501953125,68.3520128336075,-49.803580685791545,11.687726004622673,1.124320776943376,1.1807258473784168
SB74597_component_1007a,72.842485,-49.254132,12.607999801635742,66.70899200439453,72.84255449080763,-49.25431050074009,12.563591236161821,0.9555943233024785,1.0035347031465096
SB74597_component_1010a,72.802087,-51.227801,12.661999702453613,62.068626403808594,72.8024159925986,-51.22801880707849,12.447461446794318,0.968640614834644,1.0172355027228903
SB74597_component_1012a,71.851807,-52.185427,12.765000343322754,54.55128479003906,71.85236168369448,-52.185749237975564,11.8838659859511,1.022831868589077,1.074145430318157
SB74597_component_1017a,77.133205,-52.286695,12.684000015258789,61.275360107421875,77.13320352081452,-52.28679454600517,11.226261969478756,1.0758760187652074,1.1298507062941554
SB74597_component_1020a,68.954386,-49.25906,12.454000473022461,45.95572280883789,68.95459308788291,-49.25921023590627,12.73897607111357,0.930926775670369,0.977629630788199
SB74597_component_1023a,71.212278,-50.298675,11.593000411987305,61.01579284667969,71.21250459558291,-50.29892620300271,11.519541198779727,0.9583007648302827,1.0063769217836
SB74597_component_1024a,73.700404,-47.008992,12.335000038146973,53.16810607910156,73.7004547558902,-47.00917435959876,10.855605853424482,1.0819974927976457,1.1362792832291166
SB74597_component_1026a,73.881988,-51.757495,12.244000434875488,64.44210815429688,73.8820992299714,-51.75761086899647,11.266272317092783,1.0348663314987083,1.0867836397225488
SB74597_component_1027a,69.762644,-50.195135,11.706000328063965,57.382354736328125,69.76277247286107,-50.19531784308698,11.291649702469325,0.9871708008247084,1.0366953134849752
SB74597_component_1028a,73.837862,-51.341604,12.640999794006348,69.07649993896484,73.83793510448274,-51.34165183478891,12.260682737399913,0.9817658817131083,1.0310192396909772
SB74597_component_1034a,78.943396,-51.043535,11.699999809265137,43.01470184326172,78.94338837433627,-51.043717132421015,11.139283102706889,1.0001606846518298,1.0503368754872557
SB74597_component_1035a,76.938038,-46.447261,12.479000091552734,21.11505889892578,76.93823664494326,-46.44757547945916,13.432822488939824,0.8846137345832559,0.9289931510542601
SB74597_component_1036a,72.304689,-46.920086,12.982000350952148,49.54962158203125,72.30466895448141,-46.92032999391229,12.906312126930562,0.9578127599854802,1.0058644346485046
SB74597_component_1040a,77.002568,-49.711943,11.725000381469727,57.75862503051758,77.00215173852585,-49.71221786336531,11.295819001318073,0.9884081242854719,1.0379947111494594
SB74597_component_1041a,74.553161,-48.629842,11.786999702453613,61.712039947509766,74.55330041166383,-48.629998677512845,15.36800946693565,0.7303429123066114,0.7669828501741492
SB74597_component_1046a,78.089175,-51.860036,12.098999977111816,54.995452880859375,78.08926778821524,-51.860304193598935,10.656382951061358,1.08113722921886,1.135375861835631
SB74597_component_1049a,69.105557,-48.554977,11.482000350952148,39.187713623046875,69.10618467462271,-48.55510047335347,9.653841344553042,1.1325530772517174,1.189371146795426
SB74597_component_1058a,68.285602,-50.678128,12.208000183105469,30.520000457763672,68.28598732724406,-50.67832190819855,11.69525126763338,0.9939765441094367,1.0438424881807475
SB74597_component_1060a,74.069203,-52.828901,12.234999656677246,59.39320373535156,74.06946681656511,-52.82896980101814,9.092916185983817,1.2812737813515278,1.3455528904507843
SB74597_component_1062a,76.393542,-48.433272,12.67300033569336,58.94418716430664,76.393358484063,-48.43354523382404,10.767552212363245,1.1207367828082315,1.1769620509610614
SB74597_component_1069a,71.209452,-50.892417,11.779999732971191,64.37158203125,71.20985673655716,-50.89268011641485,9.717602885835381,1.1543228666505274,1.212233085809877
SB74597_component_1072a,78.255395,-53.856271,12.42300033569336,13.577049255371094,78.25527931184415,-53.8563645835574,11.050045759688624,1.0705416939342136,1.1242487683637812
SB74597_component_1075a,72.479082,-47.831648,11.819999694824219,62.87234115600586,72.47921698262516,-47.831726866141175,11.02803605045534,1.020611491607496,1.0718136611764322
SB74597_component_1076a,68.58696,-47.333832,12.197999954223633,18.622901916503906,68.58730675090302,-47.33393792880956,10.641927462358861,1.091464208513622,1.1462209263658951
SB74597_component_1077a,73.297413,-51.172869,13.157999992370605,68.89005279541016,73.29771277884969,-51.17304675162492,13.060615314492466,0.9593286387017577,1.0074563621646584
SB74597_component_1079a,71.119335,-50.906414,11.559000015258789,61.15873336791992,71.11977169006038,-50.906639992323726,11.325717415581153,0.9718420998305692,1.020597600232962
SB74597_component_1080a,67.638139,-52.190788,13.079000473022461,17.86748695373535,67.63885926796723,-52.19108031268726,11.0826118383711,1.1237600756749273,1.180137016776073
SB74597_component_1081a,77.701548,-46.948852,11.329999923706055,28.53904151916504,77.70147964389211,-46.94936663511769,11.069441804098373,0.9746425138204209,1.0235385057547537
SB74597_component_1085a,74.291195,-47.70969,11.845000267028809,64.72677612304688,74.29156795131735,-47.70993200297098,11.228302702586417,1.004528189036571,1.0549234893979422
SB74597_component_1087a,77.776478,-51.190159,11.927000045776367,59.6349983215332,77.77664318921701,-51.1906250885132,12.081629590163846,0.9400411608023485,0.9872012675745854
SB74597_component_1088a,75.578277,-48.008443,11.052000045776367,55.81818389892578,75.57864960717897,-48.0088054921766,10.389328032640641,1.0129653383492914,1.063783914710728
SB74597_component_1092a,78.57125,-53.442017,10.99899959564209,17.185937881469727,78.57160961013903,-53.44210699785316,10.054775104587463,1.0416504137468257,1.0939080666880183
SB74597_component_1093a,75.856826,-48.117751,11.357999801635742,58.546390533447266,75.85700395263015,-48.11804988946085,10.75490216167902,1.0056261512285587,1.0560765342994594
SB74597_component_1094a,71.140279,-53.843585,11.782999992370605,15.46325397491455,71.14040868243778,-53.84368752341558,11.018669413953075,1.0182815847422737,1.0693668672416698
SB74597_component_1097a,74.854671,-51.185318,11.22700023651123,65.27325439453125,74.85437701635621,-51.1854774952324,10.794691028156073,0.9903636262721394,1.0400483170132016
SB74597_component_1098a,69.795268,-48.584136,11.633000373840332,49.50212860107422,69.79552479002201,-48.58415677550152,10.561550079567153,1.048830347878829,1.1014482046859821
SB74597_component_1105a,77.932831,-47.705173,11.541999816894531,43.719696044921875,77.93273575314696,-47.705602431050025,10.748896076486211,1.022488341502282,1.0737846691199553
SB74597_component_1107a,73.486134,-49.103148,11.494999885559082,64.9435043334961,73.48617660280327,-49.10328897857705,11.918646023251128,0.9183816876327575,0.9644551791482364
SB74597_component_1108a,75.954126,-47.066209,11.416999816894531,43.0830192565918,75.95415121618038,-47.06645685361882,10.03925272943217,1.0829085247118466,1.137236019910447
SB74597_component_1112a,77.59576,-52.001604,11.189000129699707,53.28095626831055,77.59588842832153,-52.00175901066601,10.237865198079463,1.0406939690167185,1.0929036389147484
SB74597_component_1113a,73.157478,-49.347421,10.883000373840332,63.64327621459961,73.15751581660842,-49.347519067626315,10.151922495150007,1.0208020096996364,1.072013737204908
SB74597_component_1115a,76.139782,-49.248144,11.08899974822998,60.92856979370117,76.13950096555428,-49.24833423188889,11.170139723422507,0.9453114837972121,0.9927359928164207
SB74597_component_1116a,80.156854,-51.512483,9.753000259399414,11.596908569335938,80.15744493097807,-51.51273585601916,12.989216811947351,0.7149841849867702,0.750853604231835
SB74597_component_1117a,74.180475,-53.124344,11.354000091552734,46.15447235107422,74.18096548193805,-53.12454764281692,9.685819211809035,1.116230025918859,1.1722291985080455
SB74597_component_1119a,69.81305,-47.149252,11.515999794006348,35.763973236083984,69.81349346074272,-47.14941510223466,9.157805384749341,1.1974335006351782,1.257506499666847
SB74597_component_1121a,73.654102,-47.948791,11.618000030517578,63.14130401611328,73.65422776294233,-47.948974735247496,10.582244415470525,1.0454295001750746,1.0978767428139202
SB74597_component_1123a,71.539611,-51.719881,11.673999786376953,51.654869079589844,71.54010031026014,-51.72010916582904,11.133689681608166,0.9984394545023407,1.048529294440578
SB74597_component_1125a,71.677199,-53.029446,10.850000381469727,34.77564239501953,71.67744059422083,-53.02949662449908,10.022762442571226,1.0308215336883206,1.082535921971456
SB74597_component_1130a,70.074258,-46.31572,9.812000274658203,12.628056526184082,70.07462628259725,-46.315885916527165,11.120166291879817,0.8402092059971327,0.8823609303237789
SB74597_component_1133a,78.370919,-47.008919,11.045999526977539,20.56983184814453,78.37090395108315,-47.00941603017669,10.514045425239715,1.0004061134899414,1.050594617031122
SB74597_component_1136a,74.794211,-51.735709,11.180000305175781,57.333335876464844,74.79417615721225,-51.73580601228005,10.475392233176647,1.0162783828102704,1.0672631684155527
SB74597_component_1141a,75.181093,-53.916429,11.97700023651123,20.508562088012695,75.1811110709355,-53.91650001349025,10.388439977199102,1.097839592363408,1.152916151298824
SB74597_component_1147a,72.190635,-50.298725,10.345999717712402,62.32530212402344,72.19088983430142,-50.29895260712032,9.571048625558122,1.02932875520279,1.080968253581419
SB74597_component_1148a,73.391577,-53.580138,11.664999961853027,30.536649703979492,73.39186176215073,-53.58015287509692,9.534047147778356,1.1650608593518574,1.2235097835205515
SB74597_component_1149a,69.287067,-49.569356,10.560999870300293,46.11790466308594,69.28725159674832,-49.56950638547817,10.677937988123716,0.9418002658425346,0.9890486236243847
SB74597_component_1150a,71.286006,-47.16314,11.930999755859375,45.36501693725586,71.28626908249991,-47.16332715135206,11.085858498841203,1.024822546973262,1.0762359773134857
SB74597_component_1152a,73.795401,-48.49234,11.496000289916992,64.94915008544922,73.7955862720489,-48.49247283749404,10.7882995729465,1.0146936306905363,1.0655989122461127
SB74597_component_1154a,72.967114,-52.063347,11.236000061035156,51.305938720703125,72.96744879522221,-52.063518736252924,9.475642293589068,1.1291307658988117,1.185777144483081
SB74597_component_1155a,71.829442,-52.257142,11.86400032043457,46.52549362182617,71.82995114892172,-52.25730126858358,10.238241480500696,1.103435486772026,1.1587927812632886
SB74597_component_1156a,76.064063,-48.686059,10.97700023651123,56.005104064941406,76.06409395919559,-48.68631455555323,7.975710251546114,1.3105556623662078,1.3763037886667595
SB74597_component_1157a,70.614902,-46.376633,10.557999610900879,16.758729934692383,70.61512978917094,-46.37696386493286,11.319373644726582,0.8881788179248179,0.93273708795889
SB74597_component_1158a,77.150074,-47.602459,10.994000434875488,41.33082962036133,77.15003830221596,-47.60277291738218,7.924813801194941,1.3210153029711182,1.3872881698769706
SB74597_component_1161a,76.918434,-47.119059,10.522000312805176,37.57857131958008,76.91816781431375,-47.11938472032316,9.067379381628074,1.1049883240661214,1.1604235214999816
SB74597_component_1163a,72.179519,-46.925747,10.902999877929688,39.93772888183594,72.17981198775941,-46.925968529016814,11.393975685176365,0.9111961680080779,0.956909175443876
SB74597_component_1165a,76.370061,-49.025001,10.406999588012695,57.49723815917969,76.3697758364975,-49.02519583283989,9.245293119491892,1.0718796314322305,1.125653827683578
SB74597_component_1167a,72.743185,-47.885738,10.404999732971191,55.94085693359375,72.74310766234849,-47.88583597973952,9.765898647223654,1.0145443261688603,1.0654421173958453
SB74597_component_1172a,70.266921,-51.098224,10.229000091552734,53.27604293823242,70.26724135766085,-51.098516891859184,8.970709483029081,1.0857942964464387,1.1402665654153783
SB74597_component_1174a,70.277616,-51.839141,10.067000389099121,45.968040466308594,70.27816498982064,-51.839434418006576,11.120606181252413,0.8620109646323483,0.9052564424114303
SB74597_component_1176a,77.135904,-53.034498,10.562000274658203,41.58267593383789,77.13570389897461,-53.03455773834763,10.334414118323,0.9731986094453596,1.0220221633978932
SB74597_component_1179a,79.553388,-52.595248,11.21500015258789,20.923507690429688,79.55344058349937,-52.59520230112274,10.752570043093078,0.9931804663144654,1.043006472651797
SB74597_component_1183a,72.11349,-50.106396,10.666000366210938,58.92818069458008,72.11358175023011,-50.10658759316071,10.071495384965475,1.0084370701761476,1.0590284717930694
SB74597_component_1186a,73.841848,-51.740634,10.39900016784668,51.22660446166992,73.8419717228569,-51.740812369523915,10.919710086591035,0.9068211543337071,0.9523146755165445
SB74597_component_1189a,72.485417,-50.24939,11.07699966430664,62.2303352355957,72.48567652612425,-50.24955641096625,10.707170605141688,0.9851187511154156,1.0345403162799478
SB74597_component_1190a,72.15507,-47.258207,9.609000205993652,40.20502471923828,72.15519758566528,-47.25836121809192,9.436119899179507,0.9696743727230485,1.0183211223110018
SB74597_component_1191a,72.791641,-51.199144,10.293999671936035,49.49038314819336,72.79197151238635,-51.19935866062752,10.326666369060206,0.9492162613714626,0.9968366657780245
SB74597_component_1192a,78.199199,-47.349971,10.564000129699707,27.80000114440918,78.19907529654921,-47.35027979409734,8.811545387546081,1.1416092553441244,1.198881656403936
SB74597_component_1194a,74.896329,-50.628692,9.885000228881836,58.83928680419922,74.89611559779496,-50.628869565121605,9.640151261011862,0.976414007532394,1.0253988719928315
SB74597_component_1195a,79.345127,-49.294888,9.887999534606934,19.125722885131836,79.34492880140102,-49.29499627991386,9.27651422060373,1.0149970696317057,1.0659175741514044
SB74597_component_1196a,71.029356,-49.615014,9.994999885559082,51.78756332397461,71.02937635506758,-49.615177756596374,9.438033061874572,1.008422355514024,1.0590130189238696
SB74597_component_1202a,71.812623,-48.023307,9.946999549865723,46.9198112487793,71.81278609898469,-48.02331566391218,9.197317642101238,1.0298455064443628,1.0815109292662433
SB74597_component_1204a,78.58266,-49.707663,10.192999839782715,32.4617805480957,78.58226242757114,-49.7076748251366,9.57902916542835,1.0132618409618754,1.064095292304803
SB74597_component_1205a,73.300975,-51.396458,10.354000091552734,49.54066848754883,73.30111782034678,-51.39656056570756,10.188762118639977,0.9676714047039714,1.016217669132785
SB74597_component_1206a,68.589179,-50.756273,10.711000442504883,33.576805114746094,68.5894613378378,-50.756555468613165,9.899940220048295,1.0302405293140617,1.0819257696944589
SB74597_component_1207a,72.373922,-52.196504,10.96399974822998,54.00985336303711,72.37445869561321,-52.1966631349453,9.724218916927315,1.0736320197614022,1.1274941300575343
SB74597_component_1208a,68.324832,-51.741683,10.505000114440918,29.019338607788086,68.32535444354961,-51.741850095707406,9.51412982773824,1.0514004385764895,1.104147232026813
SB74597_component_1209a,71.698717,-47.255682,9.911999702453613,42.35897445678711,71.69908270442502,-47.25584130006372,9.450046279234417,0.9987769493105555,1.048883720732066
SB74597_component_1213a,69.252598,-48.230547,10.071000099182129,36.489131927490234,69.2531332720989,-48.23060738872957,9.092849500934408,1.0546631282590084,1.1075736047481268
SB74597_component_1217a,77.11254,-50.905098,9.64799976348877,50.51308822631836,77.1124762089475,-50.90534493834837,9.03248850201598,1.0171172796305228,1.068144151120194
SB74597_component_1218a,79.673498,-50.097086,10.496999740600586,18.677936553955078,79.67315627221559,-50.09762877710107,12.993757008769448,0.7692572735509707,0.8078494721362106
SB74597_component_1220a,71.850139,-50.453351,9.895000457763672,58.20588302612305,71.85066966000487,-50.45351189534601,9.70180263876221,0.9711907755233439,1.0199136002034885
SB74597_component_1221a,73.208157,-49.116454,10.102999687194824,61.60365676879883,73.20803559194974,-49.116762096956684,9.992347853473845,0.9627731299505359,1.0110736570967664
SB74597_component_1222a,70.787172,-50.259529,10.78600025177002,59.591163635253906,70.78691513437346,-50.259672979001,7.862217191327089,1.306340992215216,1.3718776763974663
SB74597_component_1223a,75.769096,-49.359652,9.210000038146973,50.05434799194336,75.76881173718985,-49.359954303273355,9.270238642707954,0.9460408366513028,0.99350193593901
SB74597_component_1224a,79.353707,-52.338641,10.057999610900879,24.591686248779297,79.3536585347508,-52.33859464560816,10.514391703750878,0.9108956498980274,0.9565935809023373
SB74597_component_1228a,76.402309,-53.484618,10.46500015258789,26.560914993286133,76.40231776617942,-53.48483559663385,9.376118259851014,1.0628141512912683,1.1161335493601356
SB74597_component_1238a,77.284886,-50.014557,10.430000305175781,50.63106918334961,77.28450883292744,-50.014786904444605,9.324848165350076,1.0650836499636616,1.118516904536023
SB74597_component_1241a,76.339397,-51.097392,10.33899974822998,56.190216064453125,76.33919849301888,-51.09755532616824,9.45813659088043,1.0409122243947466,1.0931328437568646
SB74597_component_1242a,77.461167,-47.445732,9.685999870300293,36.55094528198242,77.46103104535605,-47.446122796938056,8.06293027016755,1.1439122760957887,1.2013002153991112
SB74597_component_1243a,77.828518,-50.361362,9.552000045776367,49.492225646972656,77.82802938801912,-50.361782728667464,10.084352973545181,0.9019603431386,0.9472100065155034
SB74597_component_1246a,70.755825,-46.791771,9.668000221252441,30.59493637084961,70.75631409341852,-46.791921160661616,8.488682322282171,1.0845199277584807,1.1389282640339415
SB74597_component_1247a,68.469587,-48.488941,9.753000259399414,20.4894962310791,68.47018577542106,-48.48900587370128,9.439540254599308,0.9838492495841208,1.03320712623132
SB74597_component_1251a,67.970325,-51.851805,10.21500015258789,20.975360870361328,67.97103329087318,-51.85208397077655,10.396768891892206,0.9355804820052898,0.98251680486559
SB74597_component_1252a,70.68485,-49.774914,9.996000289916992,51.000003814697266,70.68506421706886,-49.775091833430984,8.901691731722764,1.0692884489892442,1.1229326504640085
SB74597_component_1254a,77.609222,-48.547772,9.539999961853027,34.81752014160156,77.60900516100799,-48.547928436968064,8.60612197322369,1.0555578546248443,1.1085132178622288
SB74597_component_1255a,72.53301,-46.624702,9.779999732971191,28.022920608520508,72.53320208857828,-46.6249007576944,10.009177008509269,0.9304255740130933,0.977103284781232
SB74597_component_1257a,68.163145,-51.11998,8.807999610900879,16.341373443603516,68.16334494388968,-51.120307859429005,10.016846093774285,0.8373122625497285,0.8793186526420992
SB74597_component_1258a,76.15796,-47.727196,9.807999610900879,45.407405853271484,76.15807405775854,-47.727466995734694,8.879525526035922,1.051796801226606,1.104563479449724
SB74597_component_1259a,73.779002,-49.806719,9.678000450134277,52.885250091552734,73.77902898869729,-49.806825264354686,8.806883359521175,1.0464164523870847,1.0989132085723985
SB74597_component_1262a,75.257703,-46.220117,8.960000038146973,12.240437507629395,75.25757804065165,-46.220527759681545,10.169565666846527,0.8389706582792869,0.8810602469835246
SB74597_component_1263a,67.737589,-52.549903,10.722999572753906,14.297332763671875,67.73802778099439,-52.550280491826655,9.830882362218148,1.0386397873358608,1.0907464027811304
SB74597_component_1265a,73.92614,-50.244056,9.579999923706055,58.060604095458984,73.92604647030716,-50.244254992190235,8.835337406492814,1.032484480196481,1.0842822953955342
SB74597_component_1268a,78.631512,-47.989822,9.003000259399414,24.136730194091797,78.6316280955003,-47.990159826153395,10.532161160214027,0.8139747490347367,0.8548103397248491
SB74597_component_1269a,74.422499,-49.210483,10.053999900817871,52.09326171875,74.4224205567608,-49.210546995490155,10.107689840352863,0.94717043930291,0.9946882086428249
SB74597_component_1272a,75.540964,-53.742678,9.157999992370605,19.402542114257812,75.54125833326778,-53.74288785920379,8.657334552774197,1.0072971471627903,1.057831360974259
SB74597_component_1276a,71.403559,-46.296507,9.269000053405762,14.326120376586914,71.40402282653483,-46.29671783850391,10.21204523601331,0.864293646597685,0.9076536422614101
SB74597_component_1284a,70.811396,-52.312433,9.902000427246094,46.055816650390625,70.81194367251702,-52.31254559679908,11.081709877097559,0.8508584779402187,0.8935444563217129
SB74597_component_1288a,72.247665,-46.860073,9.244999885559082,34.24073791503906,72.24792617969953,-46.860264860643625,8.30906478840695,1.0594877278161883,1.1126402454410966
SB74597_component_1292a,68.937911,-51.386127,9.567999839782715,34.792724609375,68.9383760959488,-51.386371125836995,8.3404339763592,1.0923798394273185,1.1471824927699237
SB74597_component_1296a,73.505454,-53.907117,9.963000297546387,17.47894859313965,73.50570356861789,-53.907268473921846,9.52645097401283,0.9958643191000303,1.0458249693117005
SB74597_component_1301a,76.962853,-51.963371,9.289999961853027,39.53191375732422,76.96301420843216,-51.96354104415367,8.368573709358037,1.057074100599435,1.1101055310613586
SB74597_component_1302a,78.73909,-50.149391,9.37600040435791,34.47058868408203,78.73858192109324,-50.14950156555309,9.61633683600849,0.9284298948626949,0.9750074861406023
SB74597_component_1306a,69.727993,-51.960573,9.187999725341797,40.83555603027344,69.72846092372059,-51.96107048912814,9.478590031010949,0.9230354903520227,0.969342454445394
SB74597_component_1309a,80.124717,-50.427904,8.640999794006348,11.536715507507324,80.12448153758679,-50.42820090975005,8.522520168259092,0.9654663083716486,1.0139019472419104
SB74597_component_1312a,74.313881,-47.96078,9.286999702453613,50.47282409667969,74.31412451208249,-47.9610555108978,9.066515615721856,0.9753852493611146,1.024318502948302
SB74597_component_1313a,75.318317,-46.399636,9.241000175476074,14.394081115722656,75.31854738520819,-46.39996676250417,7.692139930754744,1.143965608311207,1.2013562231920238
SB74597_component_1321a,71.493775,-52.225959,9.020000457763672,39.561405181884766,71.49434438812293,-52.22613542468879,8.30438251096412,1.034285366655239,1.0861735289595265
SB74597_component_1328a,75.005334,-53.696618,9.538999557495117,21.979263305664062,75.0057026631312,-53.69668150499551,8.686583924918956,1.0456707851655338,1.098130132621048
SB74597_component_1330a,76.316098,-50.380749,9.491999626159668,49.95789337158203,76.31583736238947,-50.38100438778918,10.15680820143199,0.8899008606666444,0.9345455223641428
SB74597_component_1333a,72.053759,-51.389749,9.998000144958496,47.609527587890625,72.05415251944623,-51.389917373454026,8.773002802774439,1.0851906329160659,1.139632617214787
SB74597_component_1337a,75.313037,-53.63095,9.407999992370605,23.578947067260742,75.31332180849972,-53.6310735307704,9.063044883769175,0.9884719353716344,1.0380617235184617
SB74597_component_1343a,67.630742,-50.811267,10.093999862670898,13.530831336975098,67.63067541525042,-50.8112334072926,9.343654509739386,1.0286975100816524,1.080305340073243
SB74597_component_1349a,77.183013,-48.624138,9.187000274658203,41.75909423828125,77.18284322858845,-48.624506449040034,8.103077495227279,1.079605038563319,1.133766804040731
SB74597_component_1357a,77.097361,-49.122378,9.642999649047852,45.91904830932617,77.09697894517035,-49.12250914341908,8.978407904974967,1.0227134898840007,1.0740211127748642
SB74597_component_1359a,75.633323,-48.884052,8.526000022888184,49.28323745727539,75.6331775870451,-48.88433945379051,7.847364465836874,1.034576648396954,1.0864794237614064
SB74597_component_1364a,68.353024,-52.681551,9.133999824523926,19.64301109313965,68.35306960786099,-52.68187056471183,8.407497980114515,1.0345116673601804,1.0864111827475593
SB74597_component_1365a,76.589935,-50.048556,9.807999610900879,46.70476150512695,76.58978255993034,-50.04870106303622,8.898906033586693,1.0495061426028254,1.102157902767266
SB74597_component_1368a,70.11164,-52.94341,8.994999885559082,29.88372039794922,70.1123351104551,-52.94340115707121,9.47300634767066,0.9041791738561341,0.9495401518200063
SB74597_component_1371a,76.448563,-50.74344,9.503999710083008,48.989688873291016,76.44822699219421,-50.74358533621576,8.847110181595944,1.022930538444098,1.0742490502552513
SB74597_component_1373a,70.292978,-50.133387,8.944000244140625,47.32275390625,70.29317792835329,-50.13360786624981,8.170848430713102,1.0423313826769314,1.0946231985556545
SB74597_component_1376a,71.856994,-47.64201,8.817000389099121,43.00975799560547,71.85709025622072,-47.64214829219702,7.064191202175711,1.1885010786701222,1.2481259547991226
SB74597_component_1377a,72.32883,-46.967588,9.76099967956543,38.2784309387207,72.32889309940258,-46.9678207027788,8.362033985730626,1.1115360075622214,1.1672996900302086
SB74597_component_1378a,73.69191,-51.719301,8.708999633789062,44.20812225341797,73.69221639804697,-51.71942217596182,8.448285977130245,0.9816141985821165,1.0308599469010136
SB74597_component_1379a,69.89214,-46.737464,8.33899974822998,18.86651611328125,69.89233382722216,-46.73762200790995,6.995126288986193,1.1351665020454536,1.1921156822228802
SB74597_component_1380a,75.930844,-46.879406,9.020000457763672,32.099647521972656,75.93077500715626,-46.879850166740766,8.87859249536524,0.967394473243537,1.0159268445389569
SB74597_component_1384a,74.665154,-47.081583,9.071999549865723,35.71653366088867,74.66532182006827,-47.08184492766978,8.329751957179129,1.037079659868872,1.0891080066372056
SB74597_component_1386a,69.895587,-47.558114,9.717000007629395,37.373077392578125,69.89576386530283,-47.55810795705792,8.74763547312208,1.0577491665462284,1.1108144638040505
SB74597_component_1387a,70.427468,-47.185355,8.439000129699707,31.72556495666504,70.42770114116254,-47.18544489335993,7.755478209005351,1.0361522571980766,1.088134077909042
SB74597_component_1396a,79.128586,-49.571014,8.918999671936035,19.688739776611328,79.12815479474098,-49.57120494360992,9.871753418770433,0.8603259345450248,0.9034868775163281
SB74597_component_1400a,80.352851,-49.852606,8.993000030517578,16.622920989990234,80.35371006159585,-49.85282187908187,6.877429013512895,1.2451441836218546,1.307610738380283
SB74597_component_1403a,79.120961,-49.440762,8.718999862670898,19.95194435119629,79.12034187977098,-49.44095908538043,8.559692052195652,0.9699507787122326,1.01861139507167
SB74597_component_1410a,73.575497,-53.31205,8.618000030517578,27.799999237060547,73.57563438605033,-53.31214171595343,8.09978355501562,1.013151153897462,1.0639790522773986
SB74597_component_1412a,68.220523,-51.662641,8.579000473022461,20.72222328186035,68.22064678357596,-51.66285256671551,8.094361580257612,1.0092418635856968,1.0598736401826794
SB74597_component_1414a,78.966981,-50.467448,9.166000366210938,30.655519485473633,78.96666887960916,-50.4677843972514,8.844597534347374,0.9868314015370486,1.0363388871698704
SB74597_component_1416a,77.472646,-52.2767,8.300999641418457,40.29611587524414,77.47280639195694,-52.27682554496759,7.7045184877700486,1.0259496773870345,1.077419653751918
SB74597_component_1417a,77.407203,-48.972469,8.536999702453613,37.77433395385742,77.40693271690651,-48.97276551425213,8.497813425398315,0.9566195242240508,1.0046113364807678
SB74597_component_1418a,78.377582,-51.725186,8.282999992370605,35.24680709838867,78.37792374127426,-51.725447854791476,10.856690924545843,0.7264928635570626,0.7629396516800169
SB74597_component_1419a,69.985646,-47.166595,8.718000411987305,28.583606719970703,69.98595482359254,-47.166694142673066,7.83230791091499,1.0599083131795182,1.1130819307854365
SB74597_component_1425a,76.942011,-47.743516,8.802000045776367,38.77532958984375,76.94170557910594,-47.74393344064375,6.87226915491415,1.219613918006717,1.2807996670913748
SB74597_component_1427a,69.4613,-50.591264,8.020000457763672,38.55769348144531,69.46171737713388,-50.59126802519488,9.284527790682645,0.8225375596977296,0.863802730582812
SB74597_component_1429a,74.582303,-47.141436,8.361000061035156,35.4279670715332,74.58233012066994,-47.141800427379366,8.028259315114989,0.9916947189573065,1.0414461881286905
SB74597_component_1434a,69.161236,-46.77053,7.796999931335449,11.382481575012207,69.16161507546595,-46.770599440750566,6.595055528819955,1.1257714734178401,1.1822493225816033
SB74597_component_1436a,71.481936,-49.427992,8.29800033569336,43.90476608276367,71.48197837296522,-49.42809576473434,8.457651052732892,0.9342537524139555,0.9811235157321908
SB74597_component_1437a,72.52183,-53.569595,9.086999893188477,22.326780319213867,72.52227144462945,-53.56987088529933,8.11640227447781,1.0661004454952765,1.1195847107976313
SB74597_component_1441a,70.205555,-51.516345,8.472000122070312,42.36000061035156,70.20605933651639,-51.51657176235479,7.914705390855181,1.0192773307458296,1.0704125679597678
SB74597_component_1443a,77.927429,-47.644735,8.859999656677246,31.756269454956055,77.92731873824276,-47.64528854767133,7.6067781277296005,1.1091087250325842,1.1647506352760804
SB74597_component_1445a,77.624052,-47.310106,7.742000102996826,26.51369857788086,77.62390862092147,-47.31054604212451,7.023628109564775,1.0496217712704419,1.1022793323088638
SB74597_component_1447a,73.37429,-50.263113,8.095000267028809,44.478023529052734,73.37429412617557,-50.26332854799198,9.599203358774973,0.8030134895618257,0.8432991743662646
SB74597_component_1448a,75.090629,-51.305288,8.460000038146973,50.65868377685547,75.09045747863702,-51.305482115283034,7.390796933950375,1.089984346041396,1.1446668219613916
SB74597_component_1450a,74.465297,-48.314919,8.461999893188477,45.98912811279297,74.46558659207834,-48.315166840192376,7.404332928363751,1.0882489158250614,1.1428443284570746
SB74597_component_1453a,75.552148,-49.557371,8.08899974822998,38.88941955566406,75.55195563031702,-49.557600584020214,8.674915075021936,0.887913697672616,0.9324586671195195
SB74597_component_1454a,74.609691,-46.585081,8.567999839782715,19.25393295288086,74.6099077846549,-46.58529942922284,8.062796358340472,1.011893775675696,1.0626585937420632
SB74597_component_1460a,75.930968,-51.350617,8.720000267028809,47.65027618408203,75.93078805934393,-51.35078100218346,8.172857847299072,1.0159766314579401,1.0669462787622757
SB74597_component_1461a,77.04062,-49.287578,7.89300012588501,37.056339263916016,77.04024990622733,-49.28770700044708,7.2349980339833015,1.038830897233424,1.0909471003047997
SB74597_component_1462a,71.323414,-49.442519,8.838000297546387,44.41205978393555,71.32345402244961,-49.4424425027439,7.997109112974465,1.0523547266510773,1.1051493949491904
SB74597_component_1464a,74.130649,-47.186896,8.02299976348877,35.188594818115234,74.13087102347899,-47.18708137127615,7.670045196212328,0.9960474365904824,1.0460172734641433
SB74597_component_1466a,79.391662,-48.784426,9.118000030517578,16.638687133789062,79.39125922522071,-48.78463171211019,9.614823163270149,0.9030243351124462,0.9483273769765732
SB74597_component_1471a,68.174217,-51.023983,8.22599983215332,17.921567916870117,68.17456386376001,-51.024374133035785,8.727788995350103,0.8974817455914309,0.94250672610622
SB74597_component_1473a,73.746296,-50.642103,8.854999542236328,39.355552673339844,73.74645290496774,-50.64235281055109,8.6340331108052,0.9765983789121868,1.025592492939898
SB74597_component_1474a,77.776508,-46.559293,8.541999816894531,15.091873168945312,77.77663614119446,-46.559847296855025,8.42873714888449,0.9650242193625889,1.0134376794541553
SB74597_component_1476a,68.681652,-53.23567,8.625,14.04723072052002,68.68183697162054,-53.23576607701538,7.607341254873899,1.0796111742864523,1.1337732475816178
SB74597_component_1477a,68.887729,-50.983497,8.824000358581543,35.86991882324219,68.88798925354314,-50.983692230776754,8.054984702123384,1.043138471981363,1.095470778020899
SB74597_component_1478a,69.696238,-47.380875,8.848999977111816,27.481367111206055,69.69681015939294,-47.38089021262619,6.527317349037163,1.290923871498366,1.355687107570635
SB74597_component_1481a,73.512399,-47.887085,7.730999946594238,42.478023529052734,73.51249162519356,-47.887131931481676,9.04359452874365,0.8140212712451845,0.8548591958675795
SB74597_component_1488a,79.183093,-52.513902,8.055000305175781,19.88888931274414,79.18297027331047,-52.51406052324511,8.74980724576807,0.8766136747807479,0.9205917432148761
SB74597_component_1491a,71.640952,-46.969528,8.019000053405762,30.961389541625977,71.64126721392286,-46.9697085787693,7.029013513395782,1.0863430841073245,1.1408428847267513
SB74597_component_1498a,75.187174,-49.166061,7.876999855041504,41.45789337158203,75.18711093220139,-49.16630607308044,8.050112051747938,0.9317514510793082,0.9784956786199211
SB74597_component_1500a,74.361755,-47.450762,8.199999809265137,41.41413879394531,74.36204173337804,-47.45099924107816,8.210227955440267,0.9510422101369161,0.9987542189777626
SB74597_component_1501a,68.54736,-52.457924,7.879000186920166,21.468664169311523,68.54779185521421,-52.458025280279486,7.268929773925449,1.0321475914461127,1.0839285055666812
SB74597_component_1503a,77.142693,-49.27125,8.20300006866455,38.693397521972656,77.14228565299378,-49.27130979173546,7.309408169690289,1.0686405919021482,1.122252291598613
SB74597_component_1511a,74.702229,-48.698417,8.29800033569336,46.8813591003418,74.70241416905058,-48.69870940735003,6.79617237099334,1.1626532997232728,1.2209814411285318
SB74597_component_1514a,72.431044,-47.803622,7.877999782562256,41.246070861816406,72.43115389214962,-47.80364584577285,6.9699769900030235,1.0762812783726872,1.1302762970181395
SB74597_component_1515a,72.473912,-52.960479,7.492000102996826,25.482994079589844,72.47432115608335,-52.96053679691137,7.286112598442222,0.9791360977670748,1.0282575244031533
SB74597_component_1517a,76.954374,-49.482925,7.6020002365112305,39.59375,76.95407866526112,-49.48302851590319,6.936913930823122,1.0435247127854952,1.0958763958037447
SB74597_component_1518a,70.07064,-49.644598,7.638999938964844,32.64529800415039,70.07090745256957,-49.64473784260797,6.216816122572597,1.1700640881485331,1.2287640149478523
SB74597_component_1520a,68.873231,-46.838519,8.237000465393066,11.345730781555176,68.87372090247545,-46.839297257572795,5.522852377707118,1.4201912132598202,1.4914395500849438
SB74597_component_1524a,77.494527,-47.085408,7.60699987411499,23.262996673583984,77.49430760273968,-47.085863937569314,7.719038964905367,0.9384072223913439,0.9854853575296404
SB74597_component_1526a,73.953806,-49.048378,8.218000411987305,45.655555725097656,73.95391351511829,-49.04847870158152,7.376969614615612,1.0607897871104688,1.1140076266147825
SB74597_component_1540a,73.674576,-47.407592,7.4720001220703125,35.75119400024414,73.6748746161813,-47.40773851246545,7.096659570080265,1.002591604664785,1.0528897502104364
SB74597_component_1541a,70.362523,-47.204159,7.5,28.62595558166504,70.36286940861514,-47.20432886802202,6.99130369798879,1.0215138543237137,1.0727612937423314
SB74597_component_1542a,74.709933,-50.719009,7.876999855041504,44.2528076171875,74.70957462862738,-50.71921113822378,7.130118326458395,1.0519746296121915,1.104750229152802
SB74597_component_1544a,74.740825,-48.116346,8.277000427246094,45.22951126098633,74.74106850134446,-48.11662154270034,6.164520206305619,1.2785415990195452,1.3426836396415154
SB74597_component_1545a,73.877986,-50.249979,7.5,43.60464859008789,73.87789424098203,-50.25014614749237,7.351154703302094,0.9715090860585679,1.0202478797828924
SB74597_component_1548a,72.884995,-47.479184,8.008999824523926,38.50480651855469,72.88528838621798,-47.47927486917707,5.578317656009439,1.3671501312636412,1.4357374962137464
SB74597_component_1551a,77.517423,-48.6279,7.295000076293945,26.81985092163086,77.51713096739418,-48.62808833589326,5.985050004326161,1.1606430717965555,1.2188703638266876
SB74597_component_1552a,72.397545,-52.802557,7.123000144958496,23.983165740966797,72.39808118233547,-52.802769618805236,6.219805386605546,1.090504150435295,1.1452127039694835
SB74597_component_1554a,73.772083,-47.221462,7.728000164031982,38.834171295166016,73.7722168141006,-47.221749824162586,7.369083982236922,0.9986074055157661,1.0487056712422091
SB74597_component_1558a,74.534035,-47.410134,7.301000118255615,34.43867874145508,74.53433472447607,-47.410540371025895,6.5486561321025185,1.0616254835283185,1.1148852483588183
SB74597_component_1561a,77.271887,-49.78009,7.900000095367432,39.69849395751953,77.2716748601333,-49.78046612924313,7.631025265926683,0.985792184832956,1.0352475349074979
SB74597_component_1562a,69.284385,-46.704698,7.199999809265137,11.285265922546387,69.28499929116438,-46.70475373264725,6.091275271231449,1.125551638512591,1.18201845897034
SB74597_component_1563a,71.694677,-46.796156,8.687999725341797,28.485244750976562,71.69478722031863,-46.796403958341074,7.975942151609424,1.0372393130131488,1.089275669281113
SB74597_component_1568a,73.935812,-52.235257,7.65500020980835,39.458763122558594,73.9360112203462,-52.23522411018047,7.2426815537056175,1.0064378983324616,1.0569290052372626
SB74597_component_1571a,69.109867,-50.342473,7.623000144958496,30.737903594970703,69.1100177732498,-50.342670192254225,6.329275164173055,1.1468671593287507,1.2044033395970188
SB74597_component_1577a,78.649792,-48.324307,6.889999866485596,14.53586483001709,78.64964996580906,-48.324815787287605,7.167921529027884,0.9153077446243018,0.9612270221685895
SB74597_component_1578a,68.357481,-50.516862,7.715000152587891,22.10601806640625,68.35765256496751,-50.51691557652331,6.739581387311455,1.0900443860274671,1.1447298740412641
SB74597_component_1579a,69.214452,-48.611775,7.571000099182129,27.63138771057129,69.21478464545747,-48.611964566594786,6.5990544406871265,1.0924780161281897,1.147285594812247
SB74597_component_1580a,74.921781,-48.53074,7.131999969482422,38.139034271240234,74.92190530337345,-48.53102430794099,7.07683130316894,0.9596517406262736,1.0077956735083933
SB74597_component_1582a,70.974269,-49.213163,7.65500020980835,39.86979293823242,70.9743199944196,-49.21342016914944,6.004571769226487,1.2139598761331456,1.2748619725123997
SB74597_component_1584a,76.775447,-49.81895,7.829999923706055,37.109004974365234,76.77505030611003,-49.819179811410365,8.389373602889824,0.8887372604198871,0.9333235464694186
SB74597_component_1589a,73.626476,-47.677641,7.11299991607666,39.516666412353516,73.6263503216015,-47.67800992465046,7.0483631172100285,0.9609608605044972,1.0091704694823125
SB74597_component_1591a,69.92758,-48.859504,7.195000171661377,32.409912109375,69.92791158542289,-48.85953720097402,7.32247536877584,0.9356513637551057,0.982591242620216
SB74597_component_1592a,69.09305,-48.237243,7.752999782562256,26.01677703857422,69.09352099806914,-48.23731831582818,6.579605674733354,1.1220470572561867,1.178338059427316
SB74597_component_1593a,74.428795,-50.356819,7.557000160217285,41.75138473510742,74.42874015579503,-50.35701885709431,6.231165938310757,1.1548385702367854,1.2127746612804788
SB74597_component_1595a,77.438377,-49.448438,7.841000080108643,33.65236282348633,77.4381061133782,-49.44864249631424,6.280150129264322,1.1888925297934245,1.2485370442931059
SB74597_component_1597a,77.090938,-48.793604,7.429999828338623,34.39814758300781,77.09063129121655,-48.793823734348294,5.276800382941793,1.3407854981987615,1.408050198820754
SB74597_component_1612a,71.110021,-50.700516,8.024999618530273,44.093406677246094,71.11032093383716,-50.70072776506171,6.9289720757504085,1.1028523555300727,1.1581803954176226
SB74597_component_1617a,72.489875,-49.1448,7.275000095367432,44.35975646972656,72.48990614537503,-49.14493311881845,7.551004289674893,0.9174226374027925,0.9634480151620541
SB74597_component_1621a,75.865856,-48.921641,7.285999774932861,40.47777557373047,75.86569615343518,-48.921904091337225,6.646289829095521,1.0438811211987018,1.096250684560411
SB74597_component_1622a,75.643212,-53.075338,7.921999931335449,32.0728759765625,75.6433907403307,-53.07544200039986,6.513506806165299,1.1581401792042092,1.216241905794426
SB74597_component_1624a,71.361187,-48.155052,7.4670000076293945,37.712120056152344,71.36127816380365,-48.15502403586391,6.75662467875673,1.0523434988354867,1.1051376038550922
SB74597_component_1626a,79.215435,-47.810821,7.223999977111816,11.287500381469727,79.21532484557099,-47.81109497630285,7.0526377626338945,0.9753653508080444,1.0242976061220426
SB74597_component_1628a,71.14501,-50.303411,7.3379998207092285,39.45161056518555,71.14501949455894,-50.30352273259636,7.605051377590086,0.9187909530314492,0.9648849766264851
SB74597_component_1632a,70.164099,-49.511546,7.611999988555908,36.075828552246094,70.16431956493503,-49.51171137278936,6.441496184539679,1.125260802505746,1.181713032265015
SB74597_component_1634a,69.961329,-48.721208,7.242000102996826,32.47533416748047,69.96159543325435,-48.72128808454528,6.767963871133389,1.0189236924515965,1.0700411882937626
SB74597_component_1635a,71.544243,-48.470481,7.668000221252441,36.514286041259766,71.54432893920448,-48.47044519965802,6.850366184603288,1.0658829010818724,1.119356252587905
SB74597_component_1639a,71.005178,-50.484754,7.343999862670898,38.25,71.00534246797685,-50.48497391153297,7.705336736265066,0.9075743284498922,0.953105634969392
SB74597_component_1645a,72.935601,-47.978404,7.415999889373779,38.03076934814453,72.93561046648782,-47.978501472244425,10.462858850716785,0.6749327684256586,0.7087928830145431
SB74597_component_1647a,71.495358,-48.508421,7.255000114440918,34.06103515625,71.49549792244727,-48.508512871997524,5.392643429064233,1.2810818682792773,1.3453513494586558
SB74597_component_1648a,68.36322,-52.618274,7.1539998054504395,16.370708465576172,68.3636886032873,-52.61846122744614,6.760895461582447,1.0075946873074224,1.0581438281514242
SB74597_component_1650a,71.855647,-52.437636,7.6479997634887695,29.874998092651367,71.85631464342158,-52.43776386116606,6.867276851217394,1.0604848668021005,1.1136874090248703
SB74597_component_1659a,68.820097,-50.23906,6.9079999923706055,21.125383377075195,68.82022549048092,-50.23945237714903,5.282612379632139,1.2452161635446966,1.3076863294012218
SB74597_component_1660a,78.243699,-49.011263,6.9679999351501465,24.885713577270508,78.24345908810119,-49.01150590503074,6.983706500280891,0.9500868879303093,0.9977509700428973
SB74597_component_1665a,74.426727,-47.053903,7.035999774932861,28.370967864990234,74.42671948393284,-47.05418145076965,5.900953715063877,1.1353892408829427,1.1923495954512326
SB74597_component_1666a,71.655661,-52.102577,6.882999897003174,28.325101852416992,71.6557418535878,-52.10299792593886,7.379041646609048,0.8882167674310346,0.9327769413208523
SB74597_component_1673a,74.981289,-53.614106,7.054999828338623,19.17119598388672,74.98157940518416,-53.61416580532772,5.892626303038199,1.1400641081736809,1.1972589920900145
SB74597_component_1676a,74.010641,-48.791454,7.455999851226807,44.118343353271484,74.01072998884632,-48.791526645491196,6.5047710131894805,1.0914781439919532,1.1462355609611092
SB74597_component_1678a,75.063892,-47.739249,6.728000164031982,34.502567291259766,75.06433768722022,-47.73968155942616,4.517823086340782,1.4180708796666077,1.4892128433212592
SB74597_component_1682a,69.128706,-46.990788,5.920000076293945,10.609318733215332,69.12928295140142,-46.99076411318424,8.696307462974044,0.6482283070384006,0.6807487087478584
SB74597_component_1683a,73.336564,-51.193225,7.171000003814697,35.15196228027344,73.33696334756533,-51.19314271807515,7.585783762836088,0.9001614908935478,0.9453209092179137
SB74597_component_1686a,77.635144,-51.269939,6.519999980926514,33.608245849609375,77.63508360471585,-51.27011157908388,3.645285773131658,1.7031667876744176,1.7886114797867256
SB74597_component_1688a,72.890341,-50.187934,6.901000022888184,37.102149963378906,72.89065479819857,-50.18811670107337,6.273056823397845,1.0475480990480532,1.1001016278297011
SB74597_component_1691a,73.797401,-52.520454,7.177000045776367,36.06532669067383,73.79771304073816,-52.520651061266584,6.871983282978295,0.9944936637586852,1.0443855507555715
SB74597_component_1694a,78.518088,-51.717014,7.211999893188477,30.302520751953125,78.51843490494701,-51.717188983404036,7.322364876328011,0.9378761916141357,0.9849276859315866
SB74597_component_1695a,74.188488,-46.868089,7.258999824523926,26.11151123046875,74.18837195544825,-46.868011776815095,6.427030437857282,1.0754930171483759,1.1294484902025788
SB74597_component_1697a,74.293719,-53.260924,6.9670000076293945,27.868000030517578,74.29408377614378,-53.26069784381607,7.353248256194147,0.9022102320590932,0.9474724318957424
SB74597_component_1698a,77.50096,-52.677462,7.35699987411499,29.194442749023438,77.50087486578079,-52.6774777265002,6.484161582701489,1.080408732210014,1.1346108174944418
SB74597_component_1699a,73.367389,-50.582739,7.619999885559082,38.48484802246094,73.36758247770076,-50.582925346104446,7.362159905827685,0.985577736495387,1.03502232809794
SB74597_component_1700a,71.618068,-49.709804,7.224999904632568,41.76300811767578,71.61822926378852,-49.70997540299013,5.717425949745994,1.2033125965086822,1.2636805387839873
SB74597_component_1701a,78.434588,-49.015458,6.505000114440918,22.744754791259766,78.43408027168435,-49.015720812426245,9.120278675678358,0.6791729266848129,0.713245762082712
SB74597_component_1703a,68.462164,-53.073321,7.204999923706055,13.005414962768555,68.46228333916173,-53.07348612847194,7.364941532083275,0.9315492979331953,0.9782833838285776
SB74597_component_1708a,74.920806,-46.82959,6.8429999351501465,24.79347801208496,74.92082366337122,-46.829908839755284,6.330984256909943,1.0292395543663775,1.080874577705886
SB74597_component_1710a,76.586793,-48.120871,7.043000221252441,30.621740341186523,76.58687549587432,-48.12123277900956,6.516109781758948,1.0292253519350227,1.0808596627651146
SB74597_component_1712a,68.152633,-50.257396,6.8470001220703125,13.86032485961914,68.15325300806742,-50.257515283766736,5.177848961950824,1.259192486126517,1.3223638179454762
SB74597_component_1716a,76.713468,-50.049911,6.234000205993652,29.68571662902832,76.71295196047474,-50.05040090632433,7.152363369424933,0.8299623807252925,0.8716000409938458
SB74597_component_1718a,76.047518,-49.114873,6.59499979019165,38.343021392822266,76.04720445897564,-49.114989995357654,6.961761089817625,0.9020629311475049,0.9473177411729332
SB74597_component_1720a,76.738946,-49.652782,6.958000183105469,35.8659782409668,76.73861339831821,-49.65299165647675,6.758823763918308,0.9802897897365126,1.0294690949408174
SB74597_component_1722a,72.447376,-50.67792,6.453000068664551,37.30057907104492,72.44770494890331,-50.67822622234629,5.982942007694176,1.02704161731435,1.0785663742630083
SB74597_component_1725a,74.204425,-51.083881,6.98199987411499,39.22471618652344,74.2044618325449,-51.08379846624703,6.814367922567198,0.9756530893539853,1.0245997799726434
SB74597_component_1727a,75.099579,-49.20161,6.572999954223633,35.72282409667969,75.09965636862091,-49.20183638667853,5.736413955823005,1.0910993858714284,1.1458378012541115
SB74597_component_1728a,76.035845,-52.824314,6.309000015258789,28.54751205444336,76.03614696544946,-52.82438873827177,5.938754340785387,1.0115942063627152,1.0623439955969687
SB74597_component_1733a,78.22268,-52.151398,6.504000186920166,30.82464599609375,78.22287833062089,-52.15141294050974,8.679888830960534,0.7135222952152369,0.7493183741848016
SB74597_component_1736a,69.781531,-50.597683,6.642000198364258,35.518714904785156,69.78156181510857,-50.59778292414841,4.659680859891731,1.3573250898411016,1.425419550839923
SB74597_component_1740a,75.598171,-48.587674,6.425000190734863,34.72972869873047,75.59828502039085,-48.587929725124305,5.310567303503788,1.152055478270645,1.2098519467959286
SB74597_component_1741a,71.655107,-53.173723,7.199999809265137,22.857141494750977,71.65536361317065,-53.17404963131637,6.418293774285766,1.0682036540044058,1.1217934333437953
SB74597_component_1742a,76.65218,-46.434967,6.441999912261963,11.544801712036133,76.65236814660308,-46.435239325497406,6.663318460692851,0.9206007201777969,0.9667855364055531
SB74597_component_1746a,68.869007,-46.950635,6.388999938964844,10.14126968383789,68.86874029567072,-46.950597020879776,5.99364003085833,1.0150405527263102,1.0659632387115339
SB74597_component_1747a,77.32014,-47.73168,6.421000003814697,28.4115047454834,77.31991007693338,-47.73239127318265,4.500531199590352,1.3585638653897383,1.426720473440813
SB74597_component_1749a,72.255672,-50.00302,6.3379998207092285,35.80790710449219,72.2556612905115,-50.00312651893591,5.201097938819435,1.1603749815438018,1.2185888239873928
SB74597_component_1750a,78.453371,-47.708529,6.77400016784668,16.72592544555664,78.45305919518606,-47.70859451874924,6.967819310494323,0.9257409792680479,0.9721836726799545
SB74597_component_1751a,74.736659,-47.812791,6.807000160217285,33.0436897277832,74.73718348491762,-47.813152110848236,6.111135074286251,1.0606571979815023,1.1138683857372123
SB74597_component_1753a,73.119267,-52.704648,6.670000076293945,29.25438690185547,73.11960574553902,-52.70469933607794,6.876616291127468,0.9236176273397596,0.9699537961569691
SB74597_component_1754a,76.233913,-46.343569,6.763999938964844,10.71949291229248,76.23404747386543,-46.34341211839129,4.758827780678453,1.3534579661150774,1.4213584207496828
SB74597_component_1756a,77.776919,-46.739206,6.142000198364258,13.012712478637695,77.7767077674663,-46.73971481804664,6.1883701099565975,0.945093360402197,0.9925069265786586
SB74597_component_1757a,69.625346,-47.560143,7.135000228881836,24.268709182739258,69.62569077088013,-47.56002024798164,6.594253933081118,1.0303137367160011,1.0820026497748256
SB74597_component_1762a,70.784345,-48.044307,6.263000011444092,28.729358673095703,70.78480983708336,-48.044333024477886,6.271596558584731,0.9509232481403888,0.9986292888803774
SB74597_component_1763a,77.374504,-50.694865,6.510000228881836,35.0,77.3742120647479,-50.69511548789127,5.505631330393032,1.1259394681017354,1.1824257452445703
SB74597_component_1764a,74.138438,-46.915038,6.974999904632568,24.388111114501953,74.13835879848091,-46.915296280317655,5.424309382470245,1.2244496169085168,1.285877963962324
SB74597_component_1765a,73.243535,-53.247884,6.36299991607666,20.394229888916016,73.24403104524177,-53.2479062723843,6.183763167303511,0.9798288782421773,1.0289850603789061
SB74597_component_1772a,71.259629,-50.29595,6.421000003814697,32.76020431518555,71.25984179522109,-50.296042749294784,6.328207403399838,0.9661913197626378,1.0146633310983149
SB74597_component_1773a,74.955774,-52.124146,6.414999961853027,32.897438049316406,74.95588325967329,-52.12424787333614,6.632560376614894,0.920993599022965,0.9671981252475377
SB74597_component_1774a,73.367878,-50.342843,6.383999824523926,35.4666633605957,73.36800689003168,-50.343050111350344,5.6363049139198065,1.0785481856005297,1.1326569307415504
SB74597_component_1777a,78.353576,-50.399992,6.265999794006348,26.892704010009766,78.35335127239452,-50.40025064790768,5.629822796523938,1.0598314839650043,1.1130012471929327
SB74597_component_1780a,70.447798,-52.65803,6.109000205993652,25.45416831970215,70.44829993851967,-52.65817383546192,6.030967293433233,0.9645490826067417,1.0129387059759691
SB74597_component_1781a,71.175361,-51.377906,6.363999843597412,31.196077346801758,71.17590257039045,-51.37797638855116,7.559536755611453,0.8016340263836222,0.8418505061005765
SB74597_component_1782a,75.480502,-50.262578,7.105999946594238,42.04733657836914,75.48020121528855,-50.262762886596455,6.734829796489068,1.0047077239429791,1.0551120312348004
SB74597_component_1783a,76.100435,-51.626893,6.618000030517578,34.46875,76.10045170501263,-51.62702602054303,6.649128409908802,0.9477705512626962,0.9953184270971763
SB74597_component_1787a,70.965188,-50.077875,6.7179999351501465,37.530723571777344,70.96542716464,-50.077852270950274,6.645055030723155,0.9626813963041584,1.01097732134493
SB74597_component_1791a,74.278424,-53.800401,5.880000114440918,12.30125617980957,74.27878939623818,-53.80052820625196,5.274377155455319,1.0615667777209223,1.1148235973908691
SB74597_component_1794a,77.027281,-48.864689,6.079999923706055,27.636363983154297,77.02708114256431,-48.86480189093222,5.790845227954712,0.9997761721364486,1.049933072698175
SB74597_component_1795a,74.997536,-52.400684,6.408999919891357,30.23113250732422,74.99781929395567,-52.40075579885929,6.60155122153632,0.9244542739075324,0.9708324157181725
SB74597_component_1796a,68.355353,-49.005626,6.065000057220459,12.876858711242676,68.35592752189896,-49.00555250170195,5.644832609539479,1.0231066490157628,1.0744339959648967
SB74597_component_1797a,77.843459,-49.734293,6.460999965667725,28.973093032836914,77.84304464881828,-49.73433582929011,6.642787503016851,0.9261696483345276,0.9726338472717114
SB74597_component_1798a,75.105567,-47.670285,6.059000015258789,31.889474868774414,75.10587431129274,-47.670531912896934,5.852497417808321,0.9858274088285777,1.0352845260250965
SB74597_component_1799a,70.285841,-47.69221,6.021999835968018,28.40566062927246,70.28654819908668,-47.69226916209255,7.2914172727051865,0.7864478914979726,0.825902511232058
SB74597_component_1802a,72.310093,-46.413627,6.085999965667725,13.49445629119873,72.31017886283615,-46.41369418113246,5.78154022342824,1.0023734614492965,1.0526606631578446
SB74597_component_1806a,73.061597,-52.979352,6.855000019073486,26.264368057250977,73.06197651312654,-52.97961178767492,6.428897548556403,1.015341462145734,1.0662792441937052
SB74597_component_1808a,73.151153,-48.851086,6.464000225067139,36.519775390625,73.15118662899123,-48.85122169561137,5.955872800907006,1.033468192459579,1.0853153586629236
SB74597_component_1809a,74.067,-51.940849,6.752999782562256,34.2791862487793,74.06706724923544,-51.940964828344896,6.170096868945912,1.042187642028901,1.0944722467081665
SB74597_component_1814a,69.269874,-51.515984,6.590000152587891,28.04255485534668,69.27036791873938,-51.51628415240789,6.154584696199819,1.0195953304853669,1.0707465211514469
SB74597_component_1816a,72.117101,-49.714159,6.639999866485596,40.98765182495117,72.11739706892399,-49.714304110165884,5.592170820351301,1.1306516148956418,1.187374291629466
SB74597_component_1817a,71.834374,-47.093427,6.574999809265137,25.288461685180664,71.83477323540482,-47.09362645956292,5.645054406270229,1.1090950790964018,1.1647363047488033
SB74597_component_1818a,71.736449,-47.859104,6.6620001792907715,28.22881507873535,71.73655954016341,-47.85919653606136,6.248536441256835,1.0152371443817942,1.066169693002666
SB74597_component_1819a,69.52278,-47.89947,6.251999855041504,25.10843276977539,69.52322166944279,-47.89953577262804,5.536608862490456,1.0752669108803954,1.1292110406060458
SB74597_component_1824a,77.803585,-47.076977,7.019999980926514,21.01796531677246,77.80327368564717,-47.077474241155016,6.448752492994685,1.036579385981006,1.088582634944104
SB74597_component_1827a,78.85945,-51.514639,6.822000026702881,24.897811889648438,78.85987149465952,-51.51537130359393,4.12850653168191,1.5734752154481475,1.6524135239586675
SB74597_component_1831a,71.43809,-47.749489,6.311999797821045,30.05714225769043,71.43816895948207,-47.74954478669909,4.6144376408177035,1.3025348764859106,1.36788061496103
SB74597_component_1832a,76.082131,-47.514645,6.14300012588501,26.942983627319336,76.08234221085954,-47.515075163974785,5.379310970041166,1.0874142979780421,1.1419678393937505
SB74597_component_1837a,72.014567,-52.630248,6.953999996185303,19.811965942382812,72.01519490839127,-52.630242379375645,5.623138101271728,1.177598116076167,1.2366760109648716
SB74597_component_1839a,79.176754,-51.332943,6.875999927520752,19.4787540435791,79.17682064873924,-51.33317799201212,6.54874541093946,0.999813328651352,1.049972093285933
SB74597_component_1841a,79.721345,-50.546989,6.9679999351501465,13.582845687866211,79.7209669102671,-50.546950038910346,6.626648664544272,1.0012795774992025,1.0515119010959892
SB74597_component_1842a,72.199793,-47.68914,5.800000190734863,27.619049072265625,72.20013881199965,-47.68924206742219,6.118545447660034,0.9026533190006247,0.9479377476803749
SB74597_component_1846a,68.690821,-48.454537,6.5920000076293945,17.672922134399414,68.69144958455583,-48.45477353261321,6.371767999552846,0.9851410372577195,1.0345637204763267
SB74597_component_1848a,70.634292,-48.544283,6.033999919891357,27.67889976501465,70.6344550772768,-48.54422310286671,5.635598920645148,1.0195449752032704,1.0706936396390327
SB74597_component_1856a,75.484243,-48.888806,6.3979997634887695,34.96174621582031,75.48409394301673,-48.88899306353698,6.262976522401612,0.972757531053336,1.0215589569279404
SB74597_component_1860a,72.908406,-49.471563,6.177999973297119,35.3028564453125,72.90838509008717,-49.471752813314644,6.626199229315816,0.8878192927716169,0.9323595261012133
SB74597_component_1863a,79.195127,-53.137512,6.439000129699707,11.120898246765137,79.19519618062085,-53.137397971277004,6.255328134537506,0.9801882752481184,1.0293624876604144
SB74597_component_1864a,77.921906,-47.31057,6.065999984741211,18.83850860595703,77.92180660704597,-47.31097858329696,4.816679201589327,1.1992116753294264,1.2593738820595846
SB74597_component_1867a,78.086603,-48.391135,6.745999813079834,11.87675952911377,78.08635703585995,-48.39151160308221,6.277288720163377,1.0233292465924737,1.074667760845682
SB74597_component_1868a,76.202583,-50.146735,5.885000228881836,32.158470153808594,76.20222700184415,-50.146861082477855,5.88735913960339,0.9518469452747671,0.9995993261722924
SB74597_component_1876a,77.356168,-49.750894,5.989999771118164,29.36274528503418,77.3559267779474,-49.751171691945885,6.543878316477209,0.8716311782160184,0.9153592841168207
SB74597_component_1880a,73.748468,-52.738098,6.685999870300293,31.537734985351562,73.74860146329695,-52.738234974774784,5.671140926162043,1.1226311540005305,1.1789514592128214
SB74597_component_1881a,75.505392,-52.608473,6.24399995803833,31.219999313354492,75.50556371073222,-52.60863045108515,5.919629822434323,1.0044064843446854,1.0547956790093027
SB74597_component_1884a,73.327752,-53.542268,6.538000106811523,17.863388061523438,73.32792724001735,-53.54241757205494,6.045373513680988,1.0298238609693275,1.0814881978782116
SB74597_component_1885a,71.898715,-48.265384,6.2729997634887695,31.68181800842285,71.89885958322319,-48.265440530508705,5.567742835842741,1.0728457106055018,1.1266683732420053
SB74597_component_1886a,70.588665,-53.560634,5.863999843597412,11.96734619140625,70.58881228155728,-53.56078568360888,5.051795037229089,1.1053234754564658,1.1607754868087081
SB74597_component_1888a,78.004053,-46.880442,6.48799991607666,14.914941787719727,78.00387590104499,-46.88066720171509,5.605546844169874,1.1021330227126493,1.1574249750181989
SB74597_component_1895a,74.239618,-53.46247,6.10099983215332,19.49201202392578,74.23985787072118,-53.46244400909082,5.5731440671659085,1.0424180168840949,1.0947141790389496
SB74597_component_1896a,73.742553,-48.610159,6.204999923706055,34.66480255126953,73.74254506493855,-48.61024863279079,5.104371677545085,1.157552390085527,1.215624628395068
SB74597_component_1897a,74.598491,-51.495827,5.823999881744385,33.09090805053711,74.5981676355766,-51.49620463604529,5.409027682897125,1.0252819675098956,1.0767184461191364
SB74597_component_1907a,68.744948,-49.518026,5.658999919891357,16.64411735534668,68.74511479886002,-49.51825127951182,5.638099121052453,0.9557584509856639,1.0037070648085737
SB74597_component_1908a,68.994945,-52.577721,6.539999961853027,21.727575302124023,68.99547934757365,-52.57801469637811,6.368697017839232,0.9778411807532577,1.0268976438247825
SB74597_component_1918a,73.364604,-53.243777,6.113999843597412,20.866891860961914,73.36470946989056,-53.24380475352996,6.133940426431194,0.949132916637578,0.99674913979473
SB74597_component_1919a,70.866449,-46.544093,6.006999969482422,13.319290161132812,70.86668933565919,-46.54442712471642,5.035810960478014,1.1358719548856113,1.1928565263125404
SB74597_component_1921a,76.679629,-50.183438,5.933000087738037,22.055763244628906,76.67935682651051,-50.18371744806991,5.98573371365353,0.943839454875461,0.9911901149569673
SB74597_component_1924a,70.941747,-46.390151,6.34499979019165,10.958548545837402,70.94153794712601,-46.390502365779895,5.1065335150363005,1.1831684796081439,1.2425258292163675
SB74597_component_1926a,79.130245,-51.386598,5.123000144958496,14.80635929107666,79.13058828257329,-51.386665490900604,4.8961985377353745,0.9963375861472809,1.0463219792815068
SB74597_component_1929a,69.106448,-50.424941,5.572999954223633,24.125539779663086,69.10661848672963,-50.42516887749975,4.087107358217982,1.2984168999936798,1.3635560472905008
SB74597_component_1933a,76.233846,-48.974992,5.670000076293945,30.000001907348633,76.23369252425508,-48.97512780906108,5.717572514139897,0.9443055652168266,0.9916796091823404
SB74597_component_1935a,74.208853,-49.036436,5.947999954223633,35.19526672363281,74.20891560874276,-49.03650587902802,5.2362376863449525,1.0816649824993516,1.1359300915110886
SB74597_component_1937a,78.221187,-51.136876,6.197000026702881,28.296804428100586,78.22133674575716,-51.137034613628806,6.13295816308626,0.9621718832185464,1.0104422469408127
SB74597_component_1939a,77.351029,-47.952091,5.423999786376953,23.278968811035156,77.35103444088632,-47.95243621181773,5.128099002134453,1.0071738203091043,1.0577018470429955
SB74597_component_1943a,73.855658,-51.523161,5.64900016784668,31.20994758605957,73.85586278652009,-51.523483577890055,4.479836976043475,1.2007443267541802,1.2609834237396274
SB74597_component_1946a,71.097209,-51.540221,5.416999816894531,24.963132858276367,71.0979451618947,-51.54056215460981,4.984225701890751,1.034909292060728,1.0868287555356109
SB74597_component_1948a,78.756978,-51.3229,5.736000061035156,21.244443893432617,78.75763727556159,-51.322874434466456,4.830664210036011,1.1306897710512906,1.187414362008076
SB74597_component_1950a,73.400703,-48.958574,6.068999767303467,36.34131622314453,73.40078467541875,-48.95874505782672,5.24057484527255,1.1027558204726458,1.158079017376925
SB74597_component_1957a,73.852211,-49.616704,5.676000118255615,31.18681526184082,73.85213543282592,-49.616722256302914,4.457443405250624,1.2125446055228373,1.2733757004227129
SB74597_component_1958a,72.953831,-52.406306,5.758999824523926,25.94144058227539,72.9542532851151,-52.40642561950701,5.06122037086582,1.0835101492570296,1.1378678268337754
SB74597_component_1959a,74.816814,-48.965608,6.001999855041504,35.514793395996094,74.8167496299305,-48.96585684589628,6.793314153361096,0.8413088309657236,0.8835157214202913
SB74597_component_1964a,78.38238,-47.728659,5.48199987411499,14.276041030883789,78.38214888441478,-47.729100055380584,5.516282815163597,0.946310508924938,0.993785137166215
SB74597_component_1971a,72.909294,-46.623889,5.672999858856201,15.5,72.90963810975337,-46.6242335677718,6.628568643780727,0.8149560355063988,0.8558408555033837
SB74597_component_1974a,71.779661,-52.146127,5.4029998779296875,23.907079696655273,71.78031761680342,-52.146310168831384,5.271386329668649,0.9760032807842407,1.0249675398519522
SB74597_component_1977a,69.83892,-52.694502,5.866000175476074,23.653226852416992,69.8391588988762,-52.69474588840394,5.109619495438755,1.0931875506211373,1.1480307253235829
SB74597_component_1981a,77.141963,-51.742195,5.776000022888184,27.769229888916016,77.14193988996232,-51.74234999383766,4.254949785261436,1.292629053233555,1.3574778350840842
SB74597_component_1984a,71.060089,-49.34964,5.791999816894531,32.17777633666992,71.06015606133046,-49.34996758743902,5.244092317271047,1.0517181693797373,1.104480902790172
SB74597_component_1989a,74.322606,-52.870916,5.659999847412109,26.082948684692383,74.32263372950047,-52.87103919498311,5.046854955150952,1.0679151847630268,1.121490492140133
SB74597_component_1990a,69.827741,-49.572193,5.440999984741211,25.425233840942383,69.8279145912291,-49.57230440931264,5.519118465367407,0.9387504849612652,0.9858458409406519
SB74597_component_1991a,76.480801,-50.329707,5.808000087738037,26.88888931274414,76.48045575930031,-50.330080183795,5.30705382695844,1.0421117376731148,1.0943925343728231
SB74597_component_1993a,73.712629,-51.459307,5.434999942779541,28.30729103088379,73.71259241968004,-51.459474057983336,6.386564215410633,0.8103514738969313,0.8510052916504011
SB74597_component_1994a,70.554571,-49.263154,5.85099983215332,32.14834976196289,70.5546875203434,-49.26337092539904,4.693212748073878,1.1871374612231274,1.2466939272153397
SB74597_component_1995a,74.359493,-46.559466,5.413000106811523,12.501154899597168,74.35930198342822,-46.55973963430205,3.4499164542539127,1.494068892135925,1.569023533928491
SB74597_component_1998a,71.644407,-47.106276,5.989999771118164,25.708154678344727,71.64454785073272,-47.10635787066448,5.0602588261236585,1.127185103190194,1.1837338715155645
SB74597_component_2000a,67.954082,-51.71404,5.349999904632568,10.510805130004883,67.95397481676315,-51.71432155179866,5.48152672086966,0.9293801759132326,0.9760054410140275
SB74597_component_2004a,78.268333,-47.174062,5.664000034332275,13.814634323120117,78.26857912319703,-47.17443873220691,4.998916263281324,1.0789182794324037,1.1330455914887412
SB74597_component_2005a,79.293222,-52.688532,5.60099983215332,11.79157829284668,79.29346938491926,-52.68864488491979,5.327091583816565,1.001190135974972,1.0514179724577806
SB74597_component_2006a,70.914059,-47.965749,5.568999767303467,25.199094772338867,70.9144152319252,-47.96607902746586,4.881540415289913,1.086329257355926,1.1408283643130968
SB74597_component_2007a,76.171902,-52.91731,6.122000217437744,28.47441864013672,76.17195775152592,-52.91755732609889,6.484188862161739,0.8990396601872176,0.9441427983633336
SB74597_component_2008a,70.170936,-47.709578,5.4070000648498535,20.637405395507812,70.17126857824553,-47.70970029177161,5.399800594273593,0.9534980697994364,1.0013332845260796
SB74597_component_2010a,71.928101,-49.092203,5.373000144958496,32.36747360229492,71.9284007714048,-49.09236896874141,6.060624963902737,0.8441907860054189,0.8865422587538818
SB74597_component_2016a,72.796057,-48.500966,5.298999786376953,26.494998931884766,72.79614134050829,-48.50104124795251,5.588776154248294,0.9028557172180646,0.9481502998378154
SB74597_component_2017a,72.866738,-51.365625,5.7179999351501465,28.16748809814453,72.86725118541803,-51.36601175214008,5.6134556536611315,0.969962659923991,1.0186238723415995
SB74597_component_2023a,67.992547,-50.469831,6.269999980926514,12.222222328186035,67.99269915766224,-50.47020474992749,4.800582260715232,1.2436975801169514,1.3060915614832846
SB74597_component_2024a,75.690803,-50.464357,5.631999969482422,30.279569625854492,75.69040920620938,-50.46444591185026,5.1175403604279355,1.0479547561985587,1.1005286862088308
SB74597_component_2030a,70.463933,-47.14541,5.205999851226807,19.0,70.46452518384606,-47.14561635700194,6.708106290876795,0.7390016051365683,0.7760759334280535
SB74597_component_2036a,76.844863,-47.210574,5.590000152587891,20.253623962402344,76.84472980017169,-47.21082987371232,4.338950319276262,1.2267845786042293,1.2883300663189672
SB74597_component_2037a,74.262213,-52.56913,5.785999774932861,29.979272842407227,74.26226619881947,-52.56921290212664,5.950407353405315,0.9259187537805599,0.9723703658072474
SB74597_component_2038a,76.940048,-48.248885,5.513000011444092,26.632850646972656,76.93974477263141,-48.24936285643605,4.235998739255911,1.2392911176148278,1.3014640349993345
SB74597_component_2039a,78.124833,-50.076158,5.5920000076293945,24.31304359436035,78.12449303138372,-50.07644749140602,5.647671013956333,0.9428420396270245,0.9901426612510952
SB74597_component_2041a,79.179886,-49.032219,5.216000080108643,11.004219055175781,79.17949063012419,-49.032429151949295,4.834265764923179,1.027420514435543,1.0789642799440773
SB74597_component_2045a,69.957363,-48.286192,5.566999912261963,26.014019012451172,69.957921193576,-48.28631148887999,4.4538687303425855,1.190213761590607,1.2499245598183035
SB74597_component_2048a,77.456,-48.60611,4.989999771118164,19.880477905273438,77.45573168891055,-48.60646409846571,3.945262314821272,1.2043863017520349,1.2648081098111268
SB74597_component_2053a,74.378554,-46.595095,5.781000137329102,15.624324798583984,74.37855725832121,-46.59507222957194,4.565256885061695,1.205810122505261,1.2663033609884096
SB74597_component_2054a,77.970055,-53.40386,5.986000061035156,13.451685905456543,77.97029859555046,-53.40412621075022,5.196458149632626,1.0969086183538805,1.1519384720645442
SB74597_component_2055a,78.894059,-52.728295,5.51800012588501,14.913514137268066,78.89419590936261,-52.728522551204044,6.0329284283325135,0.8709529585129163,0.9146470393997648
SB74597_component_2056a,72.907475,-48.618081,5.604000091552734,30.62295150756836,72.9073964177594,-48.618147657497886,5.160166680660735,1.0341310290603964,1.086011448536226
SB74597_component_2058a,72.978141,-51.196566,5.367000102996826,23.436681747436523,72.9784095308607,-51.19684326387198,4.973955385221522,1.027474101661365,1.079020555540789
SB74597_component_2059a,69.130709,-51.342459,5.0229997634887695,20.17268943786621,69.13104681831486,-51.34271832138704,4.929926398059523,0.9702058479394403,1.0188792606449217
SB74597_component_2062a,73.12263,-51.33895,5.453000068664551,25.721698760986328,73.12289703320387,-51.33921132117671,4.718949548036123,1.100351233832776,1.1555537971229033
SB74597_component_2064a,69.83259,-48.486611,4.986000061035156,21.39914321899414,69.83252296285592,-48.48706835250112,5.319042508488445,0.8926063748064477,0.9373867670879111
SB74597_component_2067a,69.765015,-46.706768,5.697999954223633,11.821577072143555,69.76567751080931,-46.70709783040729,5.351250444199209,1.0139308339919604,1.0647978474639141
SB74597_component_2072a,68.491708,-52.731095,5.828999996185303,13.780141830444336,68.49226934063913,-52.73116409539486,4.343434203933081,1.2779150174245837,1.3420256236199013
SB74597_component_2073a,74.075411,-50.221316,5.361000061035156,30.810346603393555,74.07558757651654,-50.221488156981096,4.9616581870178775,1.0288691275961286,1.0804855673174247
SB74597_component_2077a,68.135166,-50.430422,5.160999774932861,10.752082824707031,68.13536485672546,-50.43094604601753,5.073046312895821,0.9687376497468687,1.0173374056951658
SB74597_component_2078a,73.14147,-48.823009,5.215000152587891,29.63068199157715,73.14124619146126,-48.82309869959573,5.580084279877322,0.8899277162464616,0.9345737252381684
SB74597_component_2081a,70.046239,-50.296888,5.480999946594238,28.546875,70.04634151021932,-50.297028028835065,7.043107857715488,0.7410314230829839,0.7782075835442428
SB74597_component_2082a,78.631465,-49.937176,5.690000057220459,20.24911117553711,78.63082500543457,-49.93733520888593,5.43105857297017,0.9976287354002343,1.0476779030774985
SB74597_component_2084a,77.709894,-52.739921,5.421999931335449,22.0406494140625,77.71010256103978,-52.7402072706699,5.318206970674458,0.9708126766125633,1.0195165327775553
SB74597_component_2088a,70.013483,-46.66365,5.408999919891357,11.993348121643066,70.01377954546138,-46.663585683338994,5.330876437363083,0.9661832952580056,1.0146549040192945
SB74597_component_2092a,73.352747,-52.494505,5.394999980926514,26.975000381469727,73.35303984294218,-52.494627221581055,4.740742015348321,1.0836431524128027,1.138007502509103
SB74597_component_2096a,76.960591,-49.235811,5.584000110626221,25.73271942138672,76.96016710389907,-49.23594000162931,4.08917304231854,1.3003225525462827,1.3655573028673105
SB74597_component_2098a,68.910253,-48.18121,5.613999843597412,17.01211929321289,68.91057418279809,-48.18140197804695,5.384843796692163,0.9927512719220634,1.0425557463794988
SB74597_component_2105a,73.840347,-51.194887,5.340000152587891,30.867053985595703,73.84019009485885,-51.195040537045216,3.4710340389555645,1.4649525652511486,1.5384464953834618
SB74597_component_2108a,77.407692,-47.446946,5.2129998207092285,19.59774398803711,77.4073383969722,-47.44730911117512,4.209585267900815,1.1792056867275325,1.2383642304289952
SB74597_component_2116a,76.801489,-52.718234,5.315000057220459,24.269407272338867,76.80175674470746,-52.7183588088803,4.914114029942892,1.02990984454865,1.0815784950928835
SB74597_component_2117a,68.166782,-49.1774,5.019999980926514,10.06011962890625,68.16710283298322,-49.17756416601554,4.908679878643542,0.9738233213620809,1.022678215943007
SB74597_component_2118a,74.080151,-51.248824,4.75,24.73958396911621,74.0801094349155,-51.24887468245018,4.687575349358454,0.9649093475506767,1.0133170447382973
SB74597_component_2120a,73.581799,-53.355322,5.270999908447266,16.119266510009766,73.58220868560834,-53.35571578560581,4.944169170991227,1.0151748551425692,1.0661042788288158
SB74597_component_2121a,76.293547,-49.777518,5.526000022888184,29.084211349487305,76.29331117652066,-49.777706263728895,5.570482536070055,0.944624556100866,0.9920146032423873
SB74597_component_2123a,72.74786,-48.234494,5.168000221252441,28.086957931518555,72.74780836557986,-48.23477167653308,5.190500514415238,0.9481006644524862,0.99566510144825
SB74597_component_2127a,76.828582,-51.021595,5.247000217437744,29.312849044799805,76.82823515090213,-51.02179804401336,6.040934667478137,0.8270811236562169,0.8685742366467555
SB74597_component_2129a,70.098467,-48.234191,5.328000068664551,24.66666603088379,70.09893215228293,-48.234261540405484,4.511796334055932,1.12449078419001,1.1809043835706305
SB74597_component_2130a,74.318645,-47.414026,5.401000022888184,28.57672119140625,74.3186380202459,-47.4144160644663,5.902433233100669,0.8713331993783662,0.9150463562382268
SB74597_component_2132a,71.868578,-52.332059,4.822000026702881,20.519149780273438,71.86904362182399,-52.33228349153596,4.930433341789883,0.9312864467491899,0.9780073458923109
SB74597_component_2137a,74.817795,-52.835632,4.671999931335449,17.764257431030273,74.81789081730172,-52.83555550810199,5.149661102661253,0.8639037203735563,0.9072441541679399
SB74597_component_2140a,72.781091,-47.766626,5.4629998207092285,26.77941131591797,72.78108436188965,-47.76673085718001,4.750302195448225,1.0950932787462886,1.1500320602642744
SB74597_component_2141a,79.341693,-50.063055,5.644999980926514,14.291138648986816,79.34111458011695,-50.0629163621775,5.2405402695553045,1.025720529826215,1.077179010286573
SB74597_component_2142a,69.839239,-49.499585,5.263999938964844,24.59813117980957,69.83927647223076,-49.49958657181929,3.8521126242875887,1.301241978250824,1.3665228544397428
SB74597_component_2144a,68.618668,-50.090377,4.927999973297119,15.948220252990723,68.61865945790443,-50.09080542300697,4.79018080144056,0.9796252187900225,1.028771183712964
SB74597_component_2146a,71.609702,-48.257613,5.499000072479248,27.35820770263672,71.60996439903364,-48.25738861264126,4.876116512104141,1.073867791758538,1.1277417302947752
SB74597_component_2147a,69.599628,-47.17151,5.4770002365112305,14.605334281921387,69.59955562218205,-47.17161466716382,4.6163777282565714,1.1297506200502125,1.1864280955578743
SB74597_component_2148a,74.356201,-52.956362,5.482999801635742,25.151376724243164,74.35627064948011,-52.95658469371029,5.3243338302782135,0.9806050341851004,1.0298001546137534
SB74597_component_2149a,74.578104,-50.667656,5.454999923706055,30.8192081451416,74.57812196613118,-50.66801134832398,4.335812788241323,1.198023653278191,1.2581262591641307
SB74597_component_2151a,73.231617,-47.834427,4.895999908447266,25.5,73.23177364189621,-47.83464097285346,4.475779731077394,1.0416309163353579,1.0938875911278854
SB74597_component_2152a,72.923155,-51.434178,5.132999897003174,26.323078155517578,72.92335470975033,-51.4342773063393,5.244455081595611,0.9319917141078715,0.9787479951952364
SB74597_component_2156a,69.451215,-47.444622,5.442999839782715,15.96187686920166,69.4516793854129,-47.44472978406703,5.032229836055391,1.0299568230588019,1.0816278304270206
SB74597_component_2158a,71.772435,-47.944368,5.297999858856201,25.22857093811035,71.77256322605204,-47.94440304266413,5.001536787494652,1.0086712460592802,1.059274395842253
SB74597_component_2159a,77.380317,-50.363005,5.124000072479248,25.748743057250977,77.37978453245286,-50.36344730621323,4.5326932006193745,1.0764502638695872,1.1304537602013465
SB74597_component_2161a,71.055476,-52.381929,5.296999931335449,20.93675994873047,71.05601713737074,-52.38202148193766,4.300092657333954,1.1729873251892435,1.2318339053232346
SB74597_component_2162a,76.097045,-53.611544,5.519000053405762,11.817987442016602,76.09699155533305,-53.611908399993304,4.598918260642947,1.1427359054386983,1.2000648284264535
SB74597_component_2168a,73.297215,-48.692408,4.75600004196167,27.491331100463867,73.29728456099896,-48.692641113536865,4.481180340881102,1.0106262944732451,1.061327525378399
SB74597_component_2170a,76.067272,-53.163131,5.357999801635742,20.295454025268555,76.06736642614736,-53.16335983711173,4.112340903949749,1.240665625012881,1.3029074988626512
SB74597_component_2176a,70.324825,-48.377076,4.993000030517578,23.115739822387695,70.32504688972419,-48.377398219972896,5.25591101975526,0.9045961401098979,0.9499780364908225
SB74597_component_2178a,69.046421,-51.719896,4.76200008392334,19.04800033569336,69.0473727120916,-51.72005462203571,4.79631353665509,0.9454161115497625,0.9928458695476193
SB74597_component_2180a,76.469902,-50.535836,5.125999927520752,28.16483497619629,76.46967782661696,-50.53606601301544,5.377331920255276,0.9077221163126358,0.9532608370727852
SB74597_component_2182a,76.808748,-48.189323,4.565999984741211,22.273170471191406,76.80866875190874,-48.18961321031748,3.8757159856755923,1.1218250340003724,1.1781048976800328
SB74597_component_2183a,78.566189,-53.308149,5.408999919891357,11.106776237487793,78.56637111363149,-53.30805587849642,5.550546575481275,0.9279453280541339,0.9744986095215957
SB74597_component_2184a,74.222763,-46.728316,5.039999961853027,15.04477596282959,74.22272280080277,-46.72851149804113,5.295391713351693,0.9063033962580992,0.9517709424867048
SB74597_component_2186a,76.956271,-52.49574,5.665999889373779,28.90816307067871,76.95611104423081,-52.49596921325794,4.599322262171659,1.1730698883843027,1.2319206105593625
SB74597_component_2187a,76.031593,-50.788894,4.879000186920166,30.493751525878906,76.03123903385145,-50.7891106908999,4.264107321072042,1.089541743163254,1.1442020145247032
SB74597_component_2198a,68.319091,-50.534196,4.765999794006348,13.350139617919922,68.31942067710989,-50.53454761180729,4.142517673534975,1.095546498313721,1.150508017009697
SB74597_component_2206a,77.158398,-52.683837,4.896999835968018,22.158370971679688,77.15829750173344,-52.6838912533984,4.544521639553651,1.0260843872924894,1.0775611218013663
SB74597_component_2207a,74.798215,-49.634766,5.0960001945495605,29.287357330322266,74.79802005786378,-49.63507788762598,4.525939892926908,1.0721654784405004,1.1259540151016008
SB74597_component_2209a,68.779375,-53.165153,5.328000068664551,10.40625,68.7800728607394,-53.1655721910913,4.644330435915167,1.0924014705229381,1.1472052090571514
SB74597_component_2210a,78.22746,-49.128712,4.951000213623047,17.494701385498047,78.22750234500238,-49.12886513259915,4.220886181723806,1.1169416081188352,1.1729764794560424
SB74597_component_2217a,73.654008,-51.635246,5.059999942779541,25.816326141357422,73.65415220431217,-51.63530252821109,4.917077955928904,0.9799063771038299,1.029066447213493
SB74597_component_2220a,68.887035,-50.432994,5.053999900817871,18.85820770263672,68.88723884640584,-50.43339396384495,4.541597933763445,1.0596628554735346,1.1128241589254508
SB74597_component_2223a,74.382188,-46.86268,5.0960001945495605,18.666667938232422,74.38193382999792,-46.86310721250774,4.474503204221808,1.0844905655927153,1.1388974288232387
SB74597_component_2225a,76.542239,-50.206882,4.927999973297119,22.8148136138916,76.54202016132183,-50.20726566217511,5.413417492743564,0.8668427886718811,0.9103306700255199
SB74597_component_2232a,75.823457,-51.126295,5.335999965667725,30.31818199157715,75.82333652349526,-51.12643168843247,4.083510938957738,1.244294726643972,1.3067186657346552
SB74597_component_2233a,77.078467,-48.341811,5.059999942779541,23.211009979248047,77.07804506667563,-48.341850803192656,3.8677727209535404,1.2457495290838922,1.3082464528919049
SB74597_component_2237a,73.588887,-53.25875,4.7230000495910645,16.28620719909668,73.58919368405903,-53.25872357778345,4.289903520708978,1.0483627728552392,1.1009571722980172
SB74597_component_2240a,73.146359,-46.920396,4.419000148773193,16.3062744140625,73.14656932597339,-46.92075327785595,4.890640301053047,0.8603981336320118,0.9035626986964671
SB74597_component_2253a,75.659155,-46.881327,4.73199987411499,15.986485481262207,75.6591166453693,-46.88165668243409,4.148688106222635,1.0861132300364666,1.1406014993070805
SB74597_component_2255a,68.598443,-52.967938,4.9019999504089355,10.679738998413086,68.5989773639685,-52.96854658126557,4.020954172186767,1.1608746962877536,1.2191136084853755
SB74597_component_2258a,70.918168,-47.007741,4.921000003814697,16.458194732666016,70.91846153868622,-47.00789943310298,4.129950733071404,1.1346179768787903,1.191539638574574
SB74597_component_2259a,79.138816,-49.143328,5.188000202178955,11.45253849029541,79.13780300909873,-49.1437757018514,4.383278490676262,1.1270471516856877,1.1835889992421036
SB74597_component_2260a,78.15213,-47.833129,4.922999858856201,16.917524337768555,78.15210899406827,-47.8333445673524,4.175431227284725,1.1227153338454179,1.1790398622030756
SB74597_component_2263a,72.011465,-51.267312,4.627999782562256,22.79802894592285,72.01203005063988,-51.267302724788095,4.728431352129196,0.9320032083274681,0.9787600660583312
SB74597_component_2266a,79.098177,-50.818822,4.74399995803833,15.30322551727295,79.09868112354306,-50.818954592150085,4.963042802852332,0.910202075734866,0.9558652114206804
SB74597_component_2269a,74.954126,-46.907442,4.593999862670898,17.945310592651367,74.95405930009383,-46.9076840791945,3.995361541920053,1.0949040412642401,1.149833329091704
SB74597_component_2270a,73.84463,-53.62287,4.867000102996826,13.945558547973633,73.8447670659376,-53.62289308830237,3.981265657794178,1.1640760753830048,1.2224755947819341
SB74597_component_2273a,69.464911,-51.223218,4.485000133514404,21.35714340209961,69.46548101335249,-51.22354276068849,4.582874124560262,0.9318922440924651,0.978643534955207
SB74597_component_2276a,71.702234,-48.99044,4.771999835968018,24.98429298400879,71.70219877541976,-48.990294695309785,4.913947814098623,0.924721693061852,0.97111325079128
SB74597_component_2281a,77.582448,-47.51957,4.23799991607666,16.95199966430664,77.5821069901543,-47.51992645256978,4.477527261060104,0.9012885853837971,0.9465045479306066
SB74597_component_2282a,70.132301,-47.469101,5.01200008392334,20.796680450439453,70.13269873908712,-47.469336838298624,4.898682730921091,0.9742556265276995,1.0231322090501955
SB74597_component_2289a,72.568391,-51.584711,4.247000217437744,21.55837631225586,72.56865330713406,-51.58511426249791,5.269873261861589,0.7674026211740438,0.805901775318499
SB74597_component_2293a,69.063103,-48.927164,5.050000190734863,18.4306583404541,69.06344199512723,-48.92729590403529,4.771078391226427,1.007896664599209,1.0584609550791173
SB74597_component_2296a,72.290905,-47.083277,4.829999923706055,20.466100692749023,72.29126112590203,-47.083257624014976,4.9103451787924035,0.9366476917800406,0.983637554558617
SB74597_component_2298a,72.964877,-47.816737,4.513000011444092,22.122549057006836,72.96489636849039,-47.81678824707513,4.337591236720286,0.9907358482983217,1.0404392127222286
SB74597_component_2299a,74.625745,-52.875264,5.210000038146973,20.923694610595703,74.62622659076071,-52.87573842022702,2.661181288003606,1.864251199515372,1.957777195275361
SB74597_component_2301a,69.121996,-49.69682,4.614999771118164,16.08013916015625,69.12227682634364,-49.696763983675424,3.6421156435820907,1.2065883237862123,1.267120603172068
SB74597_component_2303a,70.993865,-46.656059,4.855000019073486,12.137499809265137,70.99430298812909,-46.65618897543507,3.527496145892896,1.3105809585960944,1.376330353961185
SB74597_component_2307a,77.950681,-50.272233,4.238999843597412,19.80841064453125,77.95032271456789,-50.27247341134426,3.8449009517209416,1.049831041497454,1.102499101231743
SB74597_component_2310a,69.254971,-52.706688,4.914999961853027,17.679855346679688,69.25540304074231,-52.706933819892846,4.8104402989991275,0.9729261031497275,1.0217359859711084
SB74597_component_2313a,68.065546,-52.304023,5.059000015258789,10.199597358703613,68.06606233385793,-52.30429694696139,4.9942700715398445,0.9645701608572821,1.0129608416829141
SB74597_component_2316a,72.321365,-50.17889,4.659999847412109,26.327682495117188,72.32148475376513,-50.17920234313012,4.165111802411597,1.0653698565855931,1.1188174696088524
SB74597_component_2317a,79.629516,-50.884849,4.644000053405762,10.073753356933594,79.62972075951357,-50.88482601772121,4.52014121309735,0.978321007159013,1.0274015422238412
SB74597_component_2322a,73.614996,-52.053354,4.954999923706055,23.37264060974121,73.61490811677633,-52.05330520622452,4.697652430072004,1.004393600331738,1.0547821486295244
SB74597_component_2325a,75.572432,-50.529803,4.876999855041504,29.737802505493164,75.57217162546064,-50.529987367342066,4.938937353949586,0.9402869115036172,0.9874593471288815
SB74597_component_2326a,72.965519,-53.339128,4.513000011444092,14.059189796447754,72.96558022146408,-53.33951736615824,4.873591906628192,0.8817741033341078,0.9260110608166253
SB74597_component_2327a,70.549855,-46.933651,4.7729997634887695,13.99706745147705,70.55001125320096,-46.93389752496021,3.776846946333746,1.2033811182484548,1.2637524981312804
SB74597_component_2335a,74.592419,-48.459282,4.492000102996826,23.642107009887695,74.59262967202365,-48.459762137135016,4.231596523570886,1.010826622716059,1.0615379037144579
SB74597_component_2336a,79.262138,-49.144217,4.804999828338623,10.400432586669922,79.26221813844482,-49.144499483995354,5.356381476100182,0.8542068363139106,0.8970607955721998
SB74597_component_2337a,73.575522,-49.662825,4.38100004196167,22.699481964111328,73.57555884661271,-49.662936364902045,4.440439660850595,0.9394819707127595,0.9866140239641182
SB74597_component_2343a,72.300071,-49.173348,4.855000019073486,26.243242263793945,72.30010118186172,-49.173414895734076,4.737244220924095,0.975898447436708,1.024857447211455
SB74597_component_2351a,73.680912,-49.223974,4.876999855041504,28.857986450195312,73.68097925855349,-49.22421117551587,3.8321821146109083,1.2118469351832,1.2726430292670678
SB74597_component_2352a,75.501131,-47.613135,4.329999923706055,21.330049514770508,75.50138864249728,-47.61352050940082,3.966028547379954,1.0396166313858202,1.091772253269974
SB74597_component_2354a,79.359302,-49.793178,4.815000057220459,10.676275253295898,79.35924764668574,-49.793254831904264,4.33978799651122,1.0564986541293502,1.1095012155181925
SB74597_component_2360a,76.565588,-49.085383,4.508999824523926,23.85714340209961,76.56529816189416,-49.08557679582846,4.338521072476183,0.9896455427676356,1.0392942086023897
SB74597_component_2361a,69.632139,-53.161192,4.388999938964844,12.648414611816406,69.63241592992114,-53.16126211608933,4.024287530632293,1.0385268699973538,1.0906278205909525
SB74597_component_2362a,76.275462,-51.051221,4.593999862670898,26.554914474487305,76.27504932975279,-51.05146867956211,4.489593810206698,0.9743726678825299,1.0232551221508819
SB74597_component_2366a,72.955271,-49.586234,4.114999771118164,23.514284133911133,72.95511187192653,-49.58651102091132,4.666418691136357,0.8397060421766482,0.881832523715545
SB74597_component_2367a,68.829391,-48.584238,4.396999835968018,13.529231071472168,68.83010388439975,-48.584475091280474,4.333354086100854,0.9662142487585793,1.0146874103990962
SB74597_component_2368a,75.552304,-49.074025,4.876999855041504,29.029762268066406,75.55228166834208,-49.074180866952275,4.5419874231927455,1.0224638947570306,1.07375899592722
SB74597_component_2369a,74.729483,-46.803905,4.36899995803833,14.76013469696045,74.72958533407304,-46.8041040128839,4.940160459301587,0.8421358407336694,0.8843842207214451
SB74597_component_2370a,68.668447,-48.716572,4.177999973297119,11.261455535888672,68.66887967267506,-48.71644237073819,3.783255514150079,1.0515838917162645,1.1043398886674776
SB74597_component_2373a,76.838783,-47.331506,4.5,17.241378784179688,76.83891570337316,-47.331855583179205,4.170067115731962,1.0275681502109242,1.0791193223301696
SB74597_component_2376a,73.887813,-52.92184,4.498000144958496,20.1704044342041,73.88794179943699,-52.9221142420184,3.8128212194934683,1.1233476701050535,1.1797039215901273
SB74597_component_2379a,72.770464,-50.464773,4.323999881744385,25.585798263549805,72.7708717976282,-50.46495740073256,4.334660519375101,0.9498865733950965,0.9975406061021238
SB74597_component_2380a,76.199827,-51.279667,4.705999851226807,24.768421173095703,76.19970238717434,-51.27985775407832,6.034857519380112,0.7425506008786353,0.7798029756484122
SB74597_component_2383a,71.930623,-53.174325,4.374000072479248,15.963504791259766,71.93090460852788,-53.17464349394164,4.317183885230995,0.9647602566495123,1.013160474225483
SB74597_component_2385a,72.852073,-52.191832,4.065999984741211,19.179244995117188,72.8528434006413,-52.192117569756334,3.70153757779626,1.0459872139294561,1.098462436024204
SB74597_component_2398a,69.627023,-50.949627,4.526000022888184,24.59782600402832,69.6271549758814,-50.949758747498485,3.9200774621963674,1.099413508064727,1.1545690274070057
SB74597_component_2406a,69.098647,-48.335153,4.328000068664551,14.097719192504883,69.09922804443892,-48.335548533206406,4.442144314844216,0.9277602498667752,0.97430424630775
SB74597_component_2407a,73.412193,-46.889514,4.151000022888184,16.089147567749023,73.41247747928136,-46.889722729943216,3.293412495437572,1.2001838338533437,1.260394811958309
SB74597_component_2409a,75.606927,-49.686243,4.26800012588501,23.711111068725586,75.60681808998493,-49.68631860478144,5.6441332137767874,0.7200594159175316,0.7561834500056148
SB74597_component_2412a,71.534714,-49.921181,4.465000152587891,26.736528396606445,71.53513272833082,-49.92145392386132,3.4482487293703485,1.2330027891295279,1.2948602328356984
SB74597_component_2419a,72.992259,-51.918526,4.4120001792907715,20.054546356201172,72.9926447399114,-51.91871278534541,3.71711734746732,1.1302393291042199,1.1869413222310332
SB74597_component_2420a,74.191591,-48.219693,4.815000057220459,25.887096405029297,74.1920431271794,-48.219970932056796,3.62712044679673,1.2640826917038313,1.3274993559899004
SB74597_component_2424a,71.63746,-50.71621,4.6570000648498535,23.169153213500977,71.63757098248115,-50.71657165680117,3.726848873434153,1.189886747709051,1.249581140261961
SB74597_component_2425a,75.701777,-49.169001,4.192999839782715,23.294443130493164,75.70168864523382,-49.16912517459896,4.186789016593698,0.9536410459521291,1.0014834335249283
SB74597_component_2426a,70.152489,-48.344554,4.159999847412109,19.530515670776367,70.15267883907914,-48.344682327997816,3.111909968754991,1.272938601765209,1.3367995504948482
SB74597_component_2431a,70.428596,-52.434247,4.584000110626221,20.556053161621094,70.42912656156756,-52.434241289977166,3.5878911751995233,1.2165963895614342,1.2776307548880168
SB74597_component_2436a,69.706561,-49.044952,4.21999979019165,19.905658721923828,69.70710921995706,-49.04479736158368,4.271149818314503,0.940824871426131,0.9880242954945005
SB74597_component_2437a,76.93232,-46.874782,4.251999855041504,12.617209434509277,76.93316351834889,-46.875086461544996,2.9062642436214157,1.3931545834489911,1.4630465431261694
SB74597_component_2440a,72.681687,-47.916258,4.375999927520752,21.98995018005371,72.6818052477614,-47.916298474651576,4.083915431074525,1.020332527048735,1.071520701487537
SB74597_component_2442a,76.949192,-49.579449,4.03000020980835,19.375,76.94900102179177,-49.579455419304104,5.6076295688215145,0.6843321086483904,0.7186637705556012
SB74597_component_2443a,71.545241,-48.832195,4.177999973297119,22.34224510192871,71.5455468775546,-48.83217003636902,3.5114193572289176,1.132992147103322,1.1898322439602436
SB74597_component_2448a,73.073722,-50.762427,4.683000087738037,26.913793563842773,73.07411391208379,-50.762706733841625,4.524594004980187,0.9855660071458536,1.0350100103088793
SB74597_component_2450a,74.531429,-47.642241,4.443999767303467,21.67804718017578,74.53181159254811,-47.642466489957286,3.251562852161665,1.3014366716576107,1.366727315250591
SB74597_component_2457a,71.933717,-52.421706,4.245999813079834,17.260160446166992,71.93395266670183,-52.422146486024836,3.6605132981686,1.1045341490525422,1.1599465613754663
SB74597_component_2462a,70.782643,-48.29295,4.573999881744385,20.60360336303711,70.78265087547722,-48.293095941773785,3.6206955398563054,1.2029437159825611,1.2632931522118298
SB74597_component_2465a,71.62973,-52.237005,4.4120001792907715,19.18260955810547,71.63010012766638,-52.23729554943802,4.280696307218681,0.9814366438278843,1.0306734845568624
SB74597_component_2466a,71.491639,-50.254914,4.566999912261963,26.097143173217773,71.49153430867304,-50.25512235743899,3.653165072211589,1.1904272845341402,1.2501487948085377
SB74597_component_2467a,76.060199,-52.280792,4.000999927520752,20.413265228271484,76.06050720551717,-52.28092130447844,4.1931841632089,0.9085854387473469,0.9541674707792762
SB74597_component_2468a,74.696732,-50.839903,4.401000022888184,25.736841201782227,74.69669503475488,-50.84019611241304,4.231562660623066,0.9903569652431238,1.0400413218128193
SB74597_component_2469a,78.288071,-47.224287,4.13100004196167,10.199999809265137,78.28804755401005,-47.224621307548816,2.7104007342511878,1.4513189264309192,1.5241288824041572
SB74597_component_2473a,72.696075,-48.164252,4.085999965667725,21.06185531616211,72.6957275789598,-48.164411665993875,4.200715852679832,0.9262244022470444,0.9726913480856066
SB74597_component_2477a,73.728102,-47.305588,4.110000133514404,18.026315689086914,73.72787405904063,-47.305752620962366,3.503383842093077,1.117108301392277,1.173151535419227
SB74597_component_2478a,71.40127,-48.170817,3.6740000247955322,18.841026306152344,71.40167234450064,-48.17102770122737,3.3684141144590587,1.0386156018889074,1.09072100399554
SB74597_component_2479a,74.977949,-49.58102,4.111999988555908,25.073169708251953,74.97779281069911,-49.581388138690336,3.4726870082597094,1.1275313561445832,1.1840974953330394
SB74597_component_2482a,72.122681,-51.621432,4.3520002365112305,19.34222412109375,72.12311792631789,-51.621537159054526,3.905832498225179,1.061002632518143,1.114231150078451
SB74597_component_2487a,75.136083,-51.505815,4.244999885559082,23.196720123291016,75.13593582101777,-51.505865879487864,4.241601989736022,0.9529912969694354,1.0008010878510718
SB74597_component_2488a,77.429279,-47.734258,4.119999885559082,17.38396644592285,77.42958581576542,-47.73465366387495,4.758244408186725,0.824501829895223,0.8658655445421171
SB74597_component_2491a,78.833873,-48.612213,4.36899995803833,11.032828330993652,78.83350969710206,-48.612422323942255,3.8896184839765304,1.0695872098746113,1.123246399624188
SB74597_component_2494a,75.994119,-53.568052,3.996999979019165,10.60212230682373,75.99430345849824,-53.56792207599661,3.0759618017793433,1.23735516013266,1.2994309541513263
SB74597_component_2496a,74.317484,-51.991334,3.9539999961853027,21.144384384155273,74.31745995951809,-51.991727206652094,4.2176922602340925,0.892694669803307,0.9374794916796149
SB74597_component_2497a,68.835376,-52.678019,3.4630000591278076,10.754658699035645,68.83560980959163,-52.678336773263595,3.1334450836745376,1.0523775552507872,1.1051733688170486
SB74597_component_2503a,72.799418,-51.433719,4.296999931335449,21.92346954345703,72.79974487913759,-51.43386160462948,3.4884740145008384,1.1729270990351692,1.231770657735658
SB74597_component_2506a,74.510269,-53.70178,4.5229997634887695,10.518604278564453,74.51067399347633,-53.701911989762095,4.527347767819895,0.9513139707909658,0.9990396133555213
SB74597_component_2508a,75.787689,-48.197585,4.000999927520752,21.863388061523438,75.78776019171713,-48.19802181238032,3.6600356737282485,1.0409368684641027,1.0931587241730856
SB74597_component_2509a,72.618306,-47.957009,4.289000034332275,22.108247756958008,72.61818034458159,-47.95716112129894,3.3930960899243217,1.2036523186790176,1.2640373041801878
SB74597_component_2511a,71.24479,-48.69109,4.182000160217285,19.81990623474121,71.24526058210887,-48.69122622242528,3.3563739007104254,1.1864648476702742,1.2459875698986052
SB74597_component_2512a,78.906521,-50.801638,3.9260001182556152,14.328468322753906,78.90611499371028,-50.80154395295024,3.2230424360909247,1.159913092227895,1.2181037625484308
SB74597_component_2514a,75.16627,-53.232175,4.0289998054504395,15.436779975891113,75.16637042528724,-53.23252421260747,3.2942191795568383,1.1646244966454804,1.2230515293133741
SB74597_component_2515a,74.554239,-47.062842,4.256999969482422,17.37550926208496,74.5545781874263,-47.063189940293086,3.8017394606175015,1.0662583917368436,1.1197505809067132
SB74597_component_2516a,75.834805,-52.999707,4.255000114440918,16.952192306518555,75.8351234823572,-52.999600228218014,3.619773214809655,1.1193331857312425,1.175488038044026
SB74597_component_2518a,69.702789,-47.069886,3.8929998874664307,11.028328895568848,69.7033953608522,-47.07005290206273,3.1825347751832886,1.16480278166525,1.223238758559119
SB74597_component_2524a,72.291516,-47.443054,4.2870001792907715,19.665138244628906,72.2919025797919,-47.44328268466441,4.239384415312654,0.9629236835589151,1.0112317636980808
SB74597_component_2533a,77.052941,-53.062571,3.881999969482422,14.014439582824707,77.05269435091066,-53.06279475587476,3.4336327765377974,1.0765714228310146,1.1305809974812515
SB74597_component_2535a,70.694255,-47.67585,4.090000152587891,18.590909957885742,70.69466055852112,-47.67605819669664,4.3196621569198,0.9016016716314444,0.9468333411296976
SB74597_component_2540a,70.396079,-48.096264,3.98799991607666,17.64601707458496,70.39616885079839,-48.09611608440621,3.5612882362665834,1.0663239927873052,1.1198194730391755
SB74597_component_2543a,70.211477,-47.519988,3.7669999599456787,16.029787063598633,70.2120773635861,-47.51997860357256,4.1562924981462155,0.863039509666433,0.9063365876260709
SB74597_component_2546a,74.668197,-50.442168,3.9140000343322754,22.112995147705078,74.66812607966317,-50.442312187955494,4.499187907941448,0.828376669975397,0.8699347781015622
SB74597_component_2548a,74.386307,-52.531353,3.624000072479248,18.97382164001465,74.38657607098753,-52.53156815335445,3.715821161307628,0.9286981059056636,0.9752891528299312
SB74597_component_2549a,68.794847,-49.649468,4.318999767303467,11.276762008666992,68.79506764281899,-49.64971108365723,3.5082322714028065,1.1722925559231296,1.2311042807825452
SB74597_component_2550a,72.566638,-53.26357,4.144000053405762,13.813332557678223,72.56717877599651,-53.263974110886345,3.5984583966551122,1.0965903812072202,1.151604269555471
SB74597_component_2552a,69.833109,-53.003577,4.327000141143799,13.521875381469727,69.8333902339736,-53.00398383188885,4.642945025195055,0.8874308736510502,0.931951620719872
SB74597_component_2557a,75.004826,-53.157493,4.366000175476074,17.188976287841797,75.00547147658652,-53.157551612870236,4.069453759542119,1.02161861247846,1.0728713074177605
SB74597_component_2558a,75.533052,-48.634082,3.634999990463257,20.307262420654297,75.5330715103194,-48.6341923732331,3.1524156490977684,1.0979994058031683,1.1530839822799401
SB74597_component_2561a,75.40444,-53.145769,4.400000095367432,17.74193572998047,75.40442156832162,-53.1460704595761,3.858045060403227,1.0859918248107183,1.1404740034082343
SB74597_component_2564a,72.077807,-48.044948,3.872999906539917,19.26865577697754,72.07802579201832,-48.045259424653395,3.7965930740999023,0.9713921759577749,1.0201251045210131
SB74597_component_2568a,69.809121,-49.137673,3.819999933242798,18.72549057006836,69.80939754746979,-49.1377628294654,3.4457011042279495,1.0556669349787613,1.1086277705734766
SB74597_component_2569a,73.343379,-47.240308,4.366000175476074,19.936073303222656,73.3432704823021,-47.24033285880851,3.181702836967645,1.3066681322542848,1.3722212284404083
SB74597_component_2571a,76.68947,-51.195211,3.815000057220459,19.365482330322266,76.68930704663542,-51.19550642254105,3.6338897434877335,0.9996868247659465,1.0498392429372112
SB74597_component_2573a,76.567987,-50.126506,3.7739999294281006,17.635513305664062,76.56766130232181,-50.12676689864304,4.3689095128376865,0.8225645780392059,0.8638311043839447
SB74597_component_2578a,74.017923,-52.512693,4.252999782562256,22.26701545715332,74.01829401807144,-52.51277672431734,3.6040943413551103,1.123674112718672,1.1800467412190887
SB74597_component_2580a,74.03129,-47.129007,3.696000099182129,16.5,74.03108957924906,-47.12919439407645,3.7151100854960273,0.9473303534115353,0.9948561453431745
SB74597_component_2583a,69.098635,-51.070625,3.6549999713897705,14.166666984558105,69.09896262943053,-51.07068528461732,3.5009386452643225,0.994131978195508,1.0440057201041912
SB74597_component_2587a,68.506602,-51.097525,3.7230000495910645,11.146706581115723,68.50676087603664,-51.09755633409422,3.861072407612126,0.9181766871190031,0.9642398941421427
SB74597_component_2591a,72.10765,-51.814494,3.884000062942505,13.822064399719238,72.10796850763201,-51.81484286486496,4.935171185023035,0.7494077370390552,0.7870041215043235
SB74597_component_2592a,70.995267,-49.883897,3.8399999141693115,21.57303237915039,70.99558473499553,-49.884401548219806,4.346513238079023,0.8412621967701774,0.8834667476743797
SB74597_component_2596a,75.001521,-49.616318,3.9030001163482666,23.654544830322266,75.00103880252256,-49.6164860024253,3.618802012024397,1.0270105546701769,1.078533753264077
SB74597_component_2597a,70.729405,-52.268452,4.186999797821045,20.227052688598633,70.73002431141941,-52.26867279601021,4.247531995580756,0.9386581314246809,0.9857488541998765
SB74597_component_2598a,74.342334,-47.062685,3.694000005722046,14.373540878295898,74.3422728706256,-47.062743053746416,3.340807966413232,1.0528985920972445,1.1057205451075385
SB74597_component_2600a,73.088601,-53.523717,3.8399999141693115,10.666666030883789,73.08851223383084,-53.523729205092465,3.6943228025888177,0.989777415334324,1.0394326969690926
SB74597_component_2614a,71.924819,-49.456407,3.802000045776367,21.72571563720703,71.92496698895846,-49.456282077941246,4.30162456396013,0.8416291715538488,0.8838521328965534
SB74597_component_2615a,73.07886,-50.371413,4.119999885559082,25.432098388671875,73.07904524495198,-50.3714115779995,3.5403749251870233,1.1081259201471216,1.163718524907765
SB74597_component_2618a,76.353528,-47.812516,4.039999961853027,19.238096237182617,76.35361974228653,-47.81254525964501,3.00458464427495,1.280377646658695,1.3446117983565538
SB74597_component_2620a,78.938919,-51.09211,3.9749999046325684,14.454545021057129,78.93841162141456,-51.09241059769093,3.339882229086408,1.1333058625490156,1.1901616979230705
SB74597_component_2626a,77.547216,-51.473168,3.993000030517578,17.746667861938477,77.54747228923326,-51.473358045335964,3.6509493521910428,1.0414409996254324,1.0936881466518458
SB74597_component_2643a,70.702407,-51.206775,3.1570000648498535,16.025381088256836,70.70334663559814,-51.20718746012096,3.911040614379434,0.7686407951646049,0.80720206618227
SB74597_component_2649a,75.464118,-53.181806,3.890000104904175,15.077520370483398,75.46457909958355,-53.18210038299137,4.418316927504072,0.8383664959471091,0.8804257749571746
SB74597_component_2650a,72.606629,-49.183731,3.4070000648498535,20.15976333618164,72.60675484424134,-49.183921533727016,3.680917259984661,0.8813679466805503,0.9255845280434397
SB74597_component_2654a,72.331969,-47.749761,3.7669999599456787,19.219388961791992,72.33223102211538,-47.74988132625397,4.765650689189441,0.7526872768428776,0.7904481896860099
SB74597_component_2656a,77.279815,-53.427393,4.01800012588501,10.601583480834961,77.27928472614127,-53.427369685785195,1.9249990718065408,1.9875615535264846,2.0872737991059207
SB74597_component_2660a,77.400946,-49.365159,3.5220000743865967,14.860759735107422,77.40069351103868,-49.365376950429514,3.528477122267145,0.9504805204078869,0.9981643503256197
SB74597_component_2668a,68.985405,-49.350439,3.744999885559082,13.717947959899902,68.98553311095971,-49.35044705822837,3.4547189660078828,1.032238968599949,1.0840244669414123
SB74597_component_2672a,71.391664,-49.558064,4.118000030517578,23.134830474853516,71.39189655899284,-49.55821326158658,3.5405541543212924,1.1075319658448657,1.163094773029105
SB74597_component_2675a,73.753867,-46.616978,3.5810000896453857,10.689552307128906,73.75424008686822,-46.61742264914329,4.846442177872846,0.7035945423507031,0.7388925645280522
SB74597_component_2676a,75.071182,-51.234584,3.622999906539917,22.226993560791016,75.07097232648395,-51.23463370389505,3.5552171207744836,0.9703834029547458,1.019065723263244
SB74597_component_2677a,69.079882,-48.050236,4.02400016784668,12.614419937133789,69.080446595529,-48.05034282083653,3.8070242650091184,1.0064993784626146,1.0569935697105524
SB74597_component_2680a,76.35111,-51.575465,3.6610000133514404,19.473405838012695,76.35118756457808,-51.575682030656,3.642060872766548,0.9571801772595192,1.005200116430373
SB74597_component_2683a,70.067031,-51.034004,3.8340001106262207,21.908573150634766,70.06787268479691,-51.03424257673899,3.571312041640892,1.0222697004884573,1.073555059295416
SB74597_component_2685a,77.552977,-48.162064,3.9210000038146973,17.122270584106445,77.55267298666485,-48.16212698698444,2.470668124888271,1.5112057461102253,1.5870201118136873
SB74597_component_2687a,74.165275,-52.216065,3.999000072479248,21.0473690032959,74.16556353556834,-52.216185041090526,4.476438472190718,0.8506677300293624,0.8933441389449462
SB74597_component_2689a,70.189983,-48.387264,3.680000066757202,17.19626235961914,70.1903837589684,-48.3873410652849,3.5442313369974268,0.9887054569907302,1.0383069604804056
SB74597_component_2692a,74.382174,-49.470429,3.757999897003174,22.91463279724121,74.38150861970328,-49.4708858900005,3.6090815051654976,0.9915194539852619,1.0412621304408163
SB74597_component_2695a,76.514005,-50.229156,3.556999921798706,17.183574676513672,76.5136859500897,-50.22924060070693,2.8180008195349657,1.2019430936222544,1.2622423304992836
SB74597_component_2696a,69.953797,-47.535437,3.5220000743865967,13.866141319274902,69.95403202369586,-47.535329732335654,4.036768332584838,0.830800406441039,0.8724801088922972
SB74597_component_2697a,69.485502,-50.70697,3.4839999675750732,16.66985511779785,69.48524343372384,-50.70705323375234,3.3932014132400146,0.9777091258392115,1.026758963962696
SB74597_component_2710a,74.791904,-50.002364,3.427000045776367,19.695404052734375,74.79157863334873,-50.002651801317775,2.918344549174976,1.1181980001847218,1.1742959023619022
SB74597_component_2712a,74.751982,-47.643393,3.6500000953674316,19.312170028686523,74.75198110959833,-47.64381281813842,3.0770379520009215,1.1295388912447908,1.1862057447143046
SB74597_component_2713a,78.946447,-51.186065,3.2360000610351562,10.969491958618164,78.94622403658133,-51.18634311190905,3.8369602693523737,0.8030866096070698,0.8433759627074139
SB74597_component_2715a,70.026951,-52.16194,3.7809998989105225,18.354368209838867,70.02769132268314,-52.16249658639945,2.2657824534979816,1.589020947112049,1.6687391559032085
SB74597_component_2717a,74.835553,-47.313481,3.9170000553131104,19.014562606811523,74.83602224864934,-47.313630245379166,3.583549214468155,1.0408337597621449,1.0930504427004064
SB74597_component_2718a,74.669164,-50.175404,3.2850000858306885,19.323530197143555,74.66923966080999,-50.175386964098536,2.797989842291804,1.1179706894135706,1.1740571878345274
SB74597_component_2720a,71.077157,-52.877748,3.5209999084472656,12.992619514465332,71.07770483951235,-52.87829830694761,3.2869281295208634,1.0200394571505513,1.0712129288207233
SB74597_component_2721a,72.845336,-52.356597,3.502000093460083,15.160173416137695,72.84542384097347,-52.35651567395649,2.6531798772288453,1.2568707642615693,1.3199256196371432
SB74597_component_2722a,73.944803,-49.840198,3.7709999084472656,20.494564056396484,73.94499233159608,-49.840423962195224,3.6021622722545437,0.9968605612700169,1.0468711910879709
SB74597_component_2728a,78.859073,-51.638754,3.9560000896453857,13.880702018737793,78.85938972702212,-51.638979488829634,3.3479905246649495,1.1251572899569608,1.1816043266852683
SB74597_component_2732a,75.720345,-50.945139,3.321000099182129,19.421052932739258,75.7202491607315,-50.945246035508454,3.5091426033746886,0.9011747963307385,0.9463850502935885
SB74597_component_2733a,78.182481,-50.089161,3.7009999752044678,17.134258270263672,78.1823727437908,-50.089416679300236,3.302307924582061,1.0671922955331892,1.1207313369097356
SB74597_component_2738a,70.224111,-47.787038,3.4820001125335693,15.205240249633789,70.22482443361444,-47.78724486098009,3.669114297769108,0.903667588286431,0.9490029009591476
SB74597_component_2739a,69.854283,-51.704007,3.799999952316284,17.351598739624023,69.8550469299807,-51.704171689372295,3.0190194852452352,1.1985574090640758,1.2586867924794496
SB74597_component_2740a,76.324354,-47.247645,3.815999984741211,15.203187942504883,76.3244799952445,-47.2478977961501,3.3120260167151256,1.0971241893450483,1.1521648578491324
SB74597_component_2753a,76.739733,-50.002218,3.693000078201294,16.78636360168457,76.7394776614832,-50.00230920675238,2.9800678553603803,1.1800334809547446,1.2392335535442693
SB74597_component_2757a,78.75893,-50.433024,3.6029999256134033,13.05434799194336,78.75914648557847,-50.433412292525134,2.3577446620899547,1.4551529653152302,1.5281552678480579
SB74597_component_2759a,76.675858,-51.81107,3.941999912261963,17.83710289001465,76.67568430275614,-51.8110169510633,2.9288503283076643,1.281623899196219,1.3459205730528785
SB74597_component_2761a,71.250522,-47.467176,3.5380001068115234,16.68868064880371,71.25098763897086,-47.4673942198509,3.841176283124881,0.8770710349195063,0.9210720482563438
SB74597_component_2762a,71.788328,-52.333683,3.8450000286102295,14.564393997192383,71.78915073542188,-52.333425109061594,3.6409172264638294,1.0056033407489526,1.0560525794607563
SB74597_component_2763a,71.147206,-51.554363,3.3259999752044678,16.224390029907227,71.14786021459946,-51.554668232804055,2.2939043479364596,1.3806643237226608,1.4499296704313134
SB74597_component_2764a,74.303242,-48.297572,3.377000093460083,18.353261947631836,74.30362715152842,-48.297740760956785,3.287669768029249,0.9781017824535425,1.027171319424938
SB74597_component_2766a,71.43008,-46.968159,3.303999900817871,11.592982292175293,71.43057912994986,-46.96853107803431,3.8807126256803692,0.8107177988529495,0.8513899944442836
SB74597_component_2768a,69.073187,-50.510198,3.6610000133514404,15.190871238708496,69.0736814109546,-50.5105112010128,3.1316952412468924,1.1131697701199819,1.169015415399681
SB74597_component_2769a,76.62486,-47.363299,3.8239998817443848,15.801652908325195,76.62502367211736,-47.36376291648912,2.80965376574526,1.2960036687874077,1.3610217487883491
SB74597_component_2775a,73.023316,-46.942424,3.252000093460083,12.08922004699707,73.02372454634634,-46.94269818647346,3.0585583415847633,1.0124531738817613,1.0632460559098211
SB74597_component_2777a,77.603786,-47.658324,3.243000030517578,13.076613426208496,77.60363703234371,-47.65869866324707,2.8642353711386477,1.0781505651792906,1.132239362447492
SB74597_component_2778a,73.556392,-47.836027,3.321000099182129,17.571430206298828,73.55624140736022,-47.83634639703791,3.458318907731021,0.9144185239314726,0.960293190936811
SB74597_component_2779a,70.153497,-52.976308,3.553999900817871,11.652458190917969,70.15392686027742,-52.97627454238344,2.4195337051784205,1.3987074907058945,1.4688780293539219
SB74597_component_2781a,69.215845,-51.345695,3.3540000915527344,14.03347396850586,69.21652858099138,-51.34604446514701,4.105591755301129,0.7779084219192072,0.8169346324368609
SB74597_component_2782a,68.620671,-49.28582,3.572999954223633,11.16562557220459,68.62100794964141,-49.2858547763084,2.5146788753127485,1.352980829000508,1.420857346558519
SB74597_component_2784a,75.903167,-51.150965,3.868000030517578,22.619882583618164,75.90347734332519,-51.15088194020229,3.0052005819913985,1.2256152901111754,1.2871021168092696
SB74597_component_2796a,76.467164,-49.319288,3.8459999561309814,20.457447052001953,76.46703025523964,-49.3194128945314,3.0293799510248065,1.2089175821425209,1.2695667160634379
SB74597_component_2798a,75.577192,-48.949135,3.4609999656677246,20.12209129333496,75.57708477732082,-48.9492356022426,2.996740938986373,1.0997489598926702,1.1549213082257233
SB74597_component_2802a,77.503159,-47.401869,3.5940001010894775,13.360595703125,77.5027484199385,-47.40223064739567,3.0805480701952375,1.1109416796304155,1.1666755457777027
SB74597_component_2804a,77.239183,-49.526346,3.500999927520752,17.16176414489746,77.23919355761429,-49.52630848355488,3.1511099549378745,1.0579611251906635,1.1110370560172267
SB74597_component_2808a,76.040443,-50.03437,3.296999931335449,18.215469360351562,76.03999949601683,-50.03473306449666,4.016966328108688,0.7815592591890583,0.820768625383967
SB74597_component_2813a,76.021125,-52.552374,3.424999952316284,16.079811096191406,76.02093372959061,-52.55224765072743,2.60900901673699,1.2500464628000387,1.3127589557355497
SB74597_component_2814a,69.930757,-49.227309,3.563999891281128,18.0,69.93099435665707,-49.227335041856605,3.393619138552552,1.000036260579856,1.0502062092923152
SB74597_component_2820a,77.894331,-49.256206,3.8320000171661377,16.16877555847168,77.89380261226597,-49.25636397194524,3.3598465904480936,1.0860434984087908,1.140528269374071
SB74597_component_2824a,73.934313,-49.335408,3.611999988555908,21.37278175354004,73.93408439527059,-49.33549635258161,3.0741677629495867,1.1188228873484347,1.1749521389458215
SB74597_component_2825a,77.839259,-51.224564,3.75600004196167,18.05769157409668,77.83880557271328,-51.22473618692819,3.0367038279203484,1.177780385292422,1.2368674242867876
SB74597_component_2826a,74.313398,-50.947438,3.7769999504089355,21.83237075805664,74.31326408894334,-50.9474819047188,3.3364727875696594,1.077954817654024,1.1320337946350114
SB74597_component_2832a,72.359313,-52.814259,3.625999927520752,11.8496732711792,72.35924894195641,-52.81423414984184,3.8815475917757696,0.8895370497657519,0.9341634597508292
SB74597_component_2833a,78.427275,-49.103385,3.5299999713897705,11.766666412353516,78.42650935896192,-49.103633491995765,2.922561413733243,1.15014400907865,1.2078445827698083
SB74597_component_2837a,74.363863,-47.238776,3.2869999408721924,16.601009368896484,74.36379319341923,-47.23907732038859,3.4167186420931728,0.9160762941734734,0.962034128411138
SB74597_component_2842a,70.126657,-50.744864,3.2249999046325684,17.338708877563477,70.12702677758347,-50.745056218232584,2.9603450154767605,1.0373577186658811,1.0894000151239756
SB74597_component_2853a,78.186577,-51.960952,3.6700000762939453,16.383928298950195,78.18697630225064,-51.96119265668485,2.5234534824197055,1.384879337927809,1.4543561440153165
SB74597_component_2856a,76.68434,-53.107994,3.568000078201294,12.9745454788208,76.68499146649692,-53.10815522188143,2.6741868748675848,1.2704988260113574,1.3342373757548143
SB74597_component_2857a,78.82869,-49.941931,3.75,13.020833969116211,78.82777847836658,-49.942179327898266,3.3591719228183012,1.0630169802813123,1.1163465539012363
SB74597_component_2858a,77.884507,-50.298738,3.5510001182556152,16.99043083190918,77.88395307710498,-50.298911865644634,3.3677239946135336,1.0040500481845385,1.0544213611136841
SB74597_component_2868a,78.870547,-51.03982,3.4719998836517334,13.669290542602539,78.87039674484328,-51.039952265437414,3.166541647082146,1.0440845358619917,1.0964643041568887
SB74597_component_2874a,77.638262,-47.448127,3.313999891281128,12.365671157836914,77.63810968185857,-47.44841797191693,3.270812581583355,0.9648015576749118,1.013203847246077
SB74597_component_2878a,75.81795,-47.08368,3.2869999408721924,13.307692527770996,75.81786969639666,-47.08365567444072,2.7591755938063685,1.1343877348393903,1.191297845722705
SB74597_component_2880a,76.302566,-47.009327,2.8940000534057617,10.523635864257812,76.30291624464765,-47.00927541018481,2.9250536922517143,0.9421192077144203,0.9893835662134299
SB74597_component_2882a,72.149124,-50.795186,3.7009999752044678,17.708133697509766,72.14920918265862,-50.79538968244332,3.763089018932601,0.9365171955437314,0.9835005115702139
SB74597_component_2883a,73.2424,-53.101051,3.48799991607666,11.073016166687012,73.24259176768724,-53.101497883072476,3.745794388881227,0.8866938511812554,0.9311776232113042
SB74597_component_2886a,70.578751,-50.352946,3.5810000896453857,20.580461502075195,70.5787591631637,-50.352903385355354,3.471314001941658,0.9823168587636457,1.0315978582295855
SB74597_component_2887a,78.060676,-51.489501,3.50600004196167,16.306976318359375,78.06087272588343,-51.48998404036636,3.095176802754585,1.078617894111849,1.1327301363984987
SB74597_component_2891a,75.692459,-50.212309,3.1110000610351562,18.40828514099121,75.69234462415353,-50.21246198321778,3.6191207697197285,0.8185366122370757,0.8596010630714813
SB74597_component_2892a,70.917219,-48.463225,3.6470000743865967,17.790245056152344,70.91782413046032,-48.4631655494194,2.8531772528487087,1.217161439143139,1.2782241519503594
SB74597_component_2894a,68.976745,-50.954779,3.621000051498413,15.540773391723633,68.9771259779264,-50.955047779549204,3.3114911947270658,1.0412286085698936,1.0934651003343094
SB74597_component_2898a,70.266966,-51.422679,3.056999921798706,14.488151550292969,70.26765590514714,-51.422879368912064,3.871381973650428,0.7519181531356542,0.7896404804809742
SB74597_component_2902a,76.188571,-50.393706,3.2339999675750732,17.576086044311523,76.188336781387,-50.393932562674976,2.6158653408235617,1.1772421232469614,1.2363021586412786
SB74597_component_2903a,77.593826,-53.062803,3.5280001163482666,11.682120323181152,77.59390822205046,-53.06258773989116,3.2649604218080603,1.0289442284835804,1.0805644358759305
SB74597_component_2904a,71.835507,-53.141625,3.49399995803833,12.845587730407715,71.83625459463096,-53.14157097062,3.6703341947894743,0.9064804692609173,0.9519568989108746
SB74597_component_2906a,77.853614,-50.511298,3.007999897003174,14.46153736114502,77.85333664954759,-50.5117374576839,2.721731897279582,1.0523825537426759,1.1051786180739263
SB74597_component_2910a,73.149117,-51.24268,3.260999917984009,17.72282600402832,73.1492060086968,-51.242842916386415,2.3536505773682026,1.31931945188042,1.385507241108994
SB74597_component_2915a,77.137836,-48.940631,3.240000009536743,14.59459400177002,77.1375932045293,-48.940665322106625,2.5470476821103856,1.2112927058475376,1.2720609952822728
SB74597_component_2919a,74.606849,-47.446266,3.378999948501587,16.645320892333984,74.60671450535473,-47.44668413383399,3.1375612515866314,1.0255034790233772,1.0769510704509315
SB74597_component_2921a,75.746506,-53.019271,3.007999897003174,12.854700088500977,75.7466473729755,-53.01945494518902,2.3844949171052594,1.2012200756289326,1.2614830400455792
SB74597_component_2930a,69.261388,-48.874136,3.122999906539917,12.799180030822754,69.26162333989026,-48.87400382878634,2.521968242512726,1.1791621316314413,1.2383184902551991
SB74597_component_2935a,71.41163,-49.746246,3.3910000324249268,19.60115623474121,71.41186203722262,-49.74654550696137,2.972992606738325,1.0861132965774254,1.1406015691862748
SB74597_component_2936a,71.479812,-50.148313,3.009999990463257,17.00564956665039,71.48012824470358,-50.148517670055604,2.0291175291229764,1.412539032104649,1.4834034733139567
SB74597_component_2938a,74.751857,-53.574408,3.568000078201294,10.844985008239746,74.75173464645935,-53.57456526610721,3.391445860183688,1.0018002424695138,1.0520586868540025
SB74597_component_2945a,70.480715,-51.684326,3.2869999408721924,14.480175971984863,70.48159488555771,-51.6847663829962,2.7009894259193916,1.1588253259513304,1.216961425072343
SB74597_component_2949a,73.192023,-48.416066,2.9730000495910645,16.33516502380371,73.19235800515611,-48.416265640153114,2.1966450409131255,1.288772314366762,1.3534276108420389
SB74597_component_2952a,70.098604,-47.538364,3.4600000381469727,14.849785804748535,70.09883997925482,-47.5385239324131,3.6945093503278277,0.8917856902877226,0.9365249103619007
SB74597_component_2957a,75.514897,-52.849267,2.946000099182129,13.766355514526367,75.51486018139495,-52.84949580007721,3.2213853521994125,0.8708257115567963,0.9145134087018607
SB74597_component_2958a,78.480529,-49.853721,3.2820000648498535,12.770428657531738,78.48019916551297,-49.85377453894732,2.8540642206233393,1.0950047672238838,1.1499391082843438
SB74597_component_2959a,77.558582,-52.032661,3.3989999294281006,15.957746505737305,77.55862745817724,-52.032825521164554,2.549314026506928,1.2696060575125072,1.3332998187302223
SB74597_component_2966a,75.261632,-52.227372,3.505000114440918,19.47222137451172,75.26195286074658,-52.227379290140256,2.4760779909884056,1.3479223746491127,1.415545119013713
SB74597_component_2968a,74.287065,-53.459269,3.4040000438690186,11.422818183898926,74.28724515861056,-53.45941439685,2.7157245832771495,1.1935620430289495,1.2534408182737389
SB74597_component_2969a,74.640862,-48.552513,3.260999917984009,14.890410423278809,74.64109079253653,-48.55282251238182,3.4318926773317497,0.9048117996701794,0.9502045152878709
SB74597_component_2971a,76.411815,-50.509994,3.3610000610351562,17.783069610595703,76.41070008857184,-50.510200259079554,2.304883038898853,1.388547670179492,1.4582085096347701
SB74597_component_2974a,71.921031,-51.305191,3.371999979019165,17.292308807373047,71.92151695626005,-51.305462868335475,3.465189875124328,0.9266200481286488,0.97310684278107
SB74597_component_2977a,73.886979,-51.259979,3.3980000019073486,19.30681800842285,73.88693411133724,-51.25995215283878,2.597111902779663,1.2458732978083034,1.3083764308617212
SB74597_component_2978a,70.682307,-47.013994,3.125999927520752,11.707865715026855,70.6824784720588,-47.014268538079584,3.0224332356735966,0.9848575376382698,1.0342659982112306
SB74597_component_2984a,74.954591,-51.719565,3.246000051498413,18.03333282470703,74.95451971536475,-51.71927574429612,2.2937150375022406,1.3475665630108113,1.4151714569710327
SB74597_component_2995a,73.04346,-49.695426,3.1489999294281006,18.969879150390625,73.04385509697103,-49.69559091893598,3.0198662629020743,0.9929470876955937,1.042761385864131
SB74597_component_3000a,75.541794,-47.588049,3.2230000495910645,16.034826278686523,75.5416234801293,-47.58826174922,2.872889237875991,1.068273845136093,1.1218671458332727
SB74597_component_3001a,76.682257,-53.031209,3.244999885559082,13.084676742553711,76.68233415679651,-53.0313156713083,2.545260666056176,1.21401369389427,1.2749184902099384
SB74597_component_3005a,70.821145,-48.468669,3.0980000495910645,14.211009979248047,70.82175125974432,-48.46883581369045,2.4095180823577493,1.2243128178234128,1.2857343019229908
SB74597_component_3007a,69.960978,-52.001592,3.2669999599456787,14.986238479614258,69.9610492001521,-52.001678018531805,2.8698424918959162,1.0840073660011862,1.1383899880119854
SB74597_component_3010a,69.68344,-50.373867,3.140000104904175,16.10256576538086,69.68376328319397,-50.37411739019521,2.4202092353203173,1.235429349715559,1.2974085294276603
SB74597_component_3011a,75.580985,-50.571102,2.9539999961853027,18.122699737548828,75.58080912966265,-50.57141675275783,3.075357059266457,0.9146524670369666,0.9605388705303375
SB74597_component_3012a,78.697007,-50.378592,3.2809998989105225,12.428030014038086,78.69614143838899,-50.37894325611171,3.0382262495089525,1.0283176052343592,1.07990637611034
SB74597_component_3017a,69.013066,-48.227504,3.236999988555908,10.341853141784668,69.01355557579099,-48.22796317605771,3.213031117751789,0.9593320015927849,1.0074598937656385
SB74597_component_3018a,70.0302,-49.71517,3.0339999198913574,14.800000190734863,70.03052755176881,-49.71559717734003,2.4294370230350832,1.189189552764525,1.2488489683511108
SB74597_component_3022a,71.774878,-48.876067,3.427999973297119,17.489795684814453,71.77460466838238,-48.87639143022149,2.9616202120568063,1.1021802136918732,1.1574745334805836
SB74597_component_3034a,70.530816,-51.935265,3.127000093460083,12.815573692321777,70.5309087099951,-51.93583336394827,2.524408392547517,1.1795312317303588,1.2387061074157095
SB74597_component_3038a,73.832602,-46.82674,3.2639999389648438,11.255172729492188,73.83247834053086,-46.82685843805607,3.12719460083673,0.9938856041236762,1.043746985905997
SB74597_component_3039a,77.8388,-49.385065,3.48799991607666,15.711710929870605,77.8384847526837,-49.385100608451175,3.010914371605549,1.1031110295704403,1.1584520466507682
SB74597_component_3040a,75.236601,-48.490927,3.0360000133514404,15.180000305175781,75.23696206643554,-48.4911673118798,2.0387828119949902,1.4179860924056753,1.489123802442033
SB74597_component_3041a,73.624573,-47.106791,3.1500000953674316,14.0625,73.62486773820804,-47.10713745762297,2.0524769757201957,1.4614145897625708,1.5347310262820975
SB74597_component_3043a,73.76107,-49.690613,3.186000108718872,18.310346603393555,73.76108295189519,-49.69094400884411,2.1931020639610534,1.383337367309912,1.4527368156156417
SB74597_component_3045a,71.563708,-51.910105,2.7829999923706055,11.221774101257324,71.56426495584314,-51.91002782253942,2.9087906269693438,0.9110493630186928,0.9567550055227595
SB74597_component_3047a,78.685529,-51.3347,3.1050000190734863,12.081711769104004,78.68510336193722,-51.335175152927896,3.0717881126334685,0.9625238899572167,1.0108119131991644
SB74597_component_3053a,68.722989,-50.559506,2.9679999351501465,10.487632751464844,68.72319142639618,-50.559573407032566,2.1646608336694007,1.305615188252671,1.3711154602076736
SB74597_component_3055a,77.016885,-50.873255,3.374000072479248,17.57291603088379,77.01676380273969,-50.87332942265927,3.0598289458980044,1.0499995299154437,1.1026760423985205
SB74597_component_3063a,69.813093,-52.092138,2.7799999713897705,12.990653991699219,69.81366175212032,-52.09242491024019,2.949761948433905,0.8974267038216964,0.9424489229938487
SB74597_component_3064a,72.408989,-48.456123,3.053999900817871,15.04433536529541,72.40950505516156,-48.45617782001355,2.855170668780114,1.0185400508961295,1.0696383001590262
SB74597_component_3065a,76.890959,-52.139388,2.8380000591278076,13.77669906616211,76.89078645811145,-52.13925045381786,1.9071588351696265,1.416989727281753,1.488077451543458
SB74597_component_3072a,68.881128,-51.899346,3.138000011444092,11.328519821166992,68.88188061180279,-51.899456669441555,3.060776998099463,0.9762530813812357,1.025229872477668
SB74597_component_3078a,77.06902,-50.162079,3.2360000610351562,13.154471397399902,77.06856979168214,-50.16281055578984,3.9876263652802013,0.7727432641986515,0.8115103484144432
SB74597_component_3083a,73.860189,-50.728071,2.8480000495910645,16.090394973754883,73.86021970397003,-50.728325720562765,2.754943257322934,0.9843929620776152,1.033778115763646
SB74597_component_3085a,76.374383,-47.89448,3.0480000972747803,13.98165225982666,76.37485391546194,-47.89478838288458,2.7259263833419385,1.0647361983929258,1.1181520219698615
SB74597_component_3091a,69.012102,-49.242571,3.319000005722046,12.716474533081055,69.01265519400447,-49.24267487415826,2.34673028979095,1.3467445912675713,1.414308248442861
SB74597_component_3092a,69.839615,-52.576626,2.9140000343322754,12.614718437194824,69.83993314187278,-52.57673015764169,3.789548852915723,0.7322227331454324,0.7689569781084126
SB74597_component_3107a,70.953091,-47.225825,2.4240000247955322,10.227848052978516,70.95310311604648,-47.22579163163398,2.548484897604209,0.9057153358804929,0.9511533802198698
SB74597_component_3110a,70.38993,-50.127468,3.0899999141693115,15.527637481689453,70.39018256356216,-50.12766671395718,2.5034740415728827,1.175321120717656,1.2342847830081458
SB74597_component_3111a,73.804936,-47.092056,2.9130001068115234,13.548837661743164,73.80518971335752,-47.092556361544545,3.9261792675033425,0.7064989828578241,0.7419427153829122
SB74597_component_3112a,78.300702,-50.340884,3.177999973297119,13.46610164642334,78.30065721124309,-50.341119609964636,1.8503451184555908,1.6354689989664035,1.717517419642055
SB74597_component_3114a,72.482294,-49.611491,2.9489998817443848,17.24561309814453,72.48228248026989,-49.61152354008599,2.8606618290406196,0.9816335651438934,1.0308802850469716
SB74597_component_3121a,76.49716,-48.898421,3.249000072479248,15.771844863891602,76.49718285375604,-48.89846032636636,2.5839872430084556,1.1972932155131562,1.2573591767026446
SB74597_component_3127a,72.959402,-50.105236,3.0160000324249268,17.43352699279785,72.95965238819251,-50.10536026225836,2.9844830618388034,0.9622842756800286,1.0105602779218674
SB74597_component_3130a,76.397493,-47.678269,2.927999973297119,13.013333320617676,76.39775471195708,-47.678476378195164,1.9660123166571823,1.4181625086599607,1.4893090691698248
SB74597_component_3133a,75.344802,-52.944449,2.7829999923706055,13.379807472229004,75.34559275107557,-52.9445986551007,2.772320709882473,0.9558965665150294,1.0038521093357144
SB74597_component_3135a,77.787319,-50.419628,2.984999895095825,14.282296180725098,77.78662896406107,-50.41995605788571,2.289903409045064,1.2412758968860178,1.3035483869342028
SB74597_component_3138a,75.71784,-47.224883,2.614000082015991,11.076271057128906,75.7180031760086,-47.225201569290256,2.6888304801242584,0.9257278726882199,0.9721699085675312
SB74597_component_3139a,75.995383,-51.941663,2.99399995803833,15.51295280456543,75.99473909055509,-51.94207843429613,2.3342990040706093,1.2213396908937313,1.2826120187762227
SB74597_component_3143a,75.111677,-50.359371,3.1610000133514404,18.485380172729492,75.11154549537311,-50.35982231808179,2.433730057912225,1.2367822893286515,1.2988293434905858
SB74597_component_3145a,69.868551,-48.403292,3.003999948501587,13.53153133392334,69.86909572576423,-48.40322138342952,1.9747559991511403,1.4485305025110058,1.521200568471686
SB74597_component_3146a,71.812695,-48.77496,2.9549999237060547,15.718085289001465,71.81302430935753,-48.7748902846109,2.8853934806092094,0.9751997776556336,1.0241237264742655
SB74597_component_3147a,75.490954,-51.286713,2.6410000324249268,15.005681991577148,75.49121619801147,-51.286524168876255,2.706200692491848,0.9292863788905541,0.9759069383701603
SB74597_component_3149a,71.630396,-52.29597,2.882999897003174,12.534782409667969,71.6309142359163,-52.29645058225409,2.832926531674728,0.9690595835011194,1.0176754902637184
SB74597_component_3151a,72.260438,-48.467787,3.0929999351501465,17.47457504272461,72.2601677699189,-48.46748074084588,2.706788479207591,1.088094856419914,1.1426825401797256
SB74597_component_3156a,74.651684,-49.164429,2.7660000324249268,16.96932601928711,74.651982766155,-49.16458728300191,3.5952571981507324,0.7325940417335439,0.7693469145538893
SB74597_component_3157a,69.097162,-52.728203,3.1410000324249268,10.298360824584961,69.09821761200207,-52.72843045642688,2.3884195995314665,1.252271452560346,1.315095569070482
SB74597_component_3168a,76.379553,-51.056374,2.6989998817443848,14.130889892578125,76.37906665822129,-51.05690094814758,1.958829449839509,1.3120410000711191,1.377863642986131
SB74597_component_3169a,76.881511,-50.047587,3.015000104904175,13.704545974731445,76.88141606355208,-50.047988200329485,2.909711242398213,0.9866851803524964,1.0361853303419832
SB74597_component_3174a,70.770486,-47.043665,2.8570001125335693,10.58148193359375,70.77055435827914,-47.04384656264053,2.7632209045360514,0.9845455588463119,1.0339383680268095
SB74597_component_3176a,69.141511,-52.284824,2.6110000610351562,10.528225898742676,69.1417463916413,-52.28505157242765,1.953104682266695,1.272982773297,1.3368459380297701
SB74597_component_3177a,74.10886,-49.638178,3.0850000381469727,17.13888931274414,74.10854747283399,-49.638465708081654,2.6690112154705123,1.1006416439410405,1.1558587765631128
SB74597_component_3178a,76.314016,-49.216917,3.186000108718872,16.50777244567871,76.31382035523278,-49.21692735635847,3.4122338267804597,0.889095000345945,0.9336992335384455
SB74597_component_3183a,69.960292,-49.35518,2.818000078201294,14.525773048400879,69.95964208007932,-49.3553774161841,2.1928649901124837,1.2236867925866182,1.285076870170992
SB74597_component_3185a,72.834785,-48.975832,2.5989999771118164,16.043209075927734,72.83449854679439,-48.975767428954114,3.212427519493698,0.7703961500452543,0.809045483934043
SB74597_component_3186a,71.476087,-49.227842,2.921999931335449,15.06185531616211,71.47675093475058,-49.227890902338025,2.9322096767194274,0.948912886520785,0.9965180711785246
SB74597_component_3187a,70.251911,-51.604417,2.7709999084472656,12.047825813293457,70.25276449340453,-51.60445277474503,2.3253013314785465,1.1347454157795318,1.1916734708466026
SB74597_component_3205a,75.170706,-50.414616,2.6610000133514404,16.527950286865234,75.17100175385661,-50.41472891766724,2.6884634189176557,0.9425011981382039,0.9897847203822949
SB74597_component_3214a,77.063282,-49.108382,2.6649999618530273,12.511736869812012,77.06309567872843,-49.10837150136015,2.0528134688117077,1.2362004131941664,1.2982182757187823
SB74597_component_3217a,77.633772,-52.766289,2.7660000324249268,11.198381423950195,77.63362842852902,-52.76630570589669,2.612985335547769,1.0079903495947924,1.0585593400756996
SB74597_component_3220a,71.912901,-51.991069,2.615999937057495,10.548386573791504,71.91297592509862,-51.99117783150724,2.4548031462981466,1.0147573922838404,1.0656658726392925
SB74597_component_3222a,69.814517,-51.600175,2.6389999389648438,12.448113441467285,69.81541050623682,-51.60051137694128,2.6573059693009426,0.9456686302428225,0.993111056631196
SB74597_component_3224a,73.246065,-47.963577,2.7339999675750732,14.389473915100098,73.24684386479025,-47.96384940001715,2.297742339845946,1.1330220032337492,1.189863597916891
SB74597_component_3229a,71.336269,-49.56396,3.078000068664551,17.488636016845703,71.33626798883014,-49.5642342920061,3.3680931124372187,0.8702132701679434,0.9138702422740472
SB74597_component_3232a,72.052059,-48.177919,2.7860000133514404,13.860695838928223,72.05227569892024,-48.1779699721416,2.9256897592692823,0.9067634546224798,0.9522540811187271
SB74597_component_3237a,76.844968,-51.158168,2.3980000019073486,11.93034839630127,76.84501176285002,-51.15799011649452,2.176133176418428,1.0493125685200313,1.1019546174348016
SB74597_component_3239a,72.024816,-49.067609,2.8929998874664307,14.989636421203613,72.02461255408102,-49.067787687797974,2.3985452870968986,1.1485281913981111,1.206147702538483
SB74597_component_3241a,75.438933,-50.228461,2.765000104904175,16.360946655273438,75.4385300007101,-50.22869873014337,2.7935506063624604,0.9424965620478701,0.9897798517079804
SB74597_component_3243a,77.157131,-50.286375,2.694999933242798,11.768558502197266,77.15661038233868,-50.28646100048238,2.3292586519913963,1.1017478386383632,1.1570204669793591
SB74597_component_3247a,74.865686,-49.624953,2.9110000133514404,16.353931427001953,74.86594193412675,-49.6251600939821,2.121628735411914,1.3065137489846719,1.3720591000509192
SB74597_component_3257a,70.683923,-48.422354,2.859999895095825,13.490565299987793,70.6838753451058,-48.42210264225607,2.4790919425513738,1.098536646145516,1.153648174965402
SB74597_component_3268a,73.601724,-47.132707,2.4579999446868896,10.640691757202148,73.60183876927756,-47.13302412639377,2.391683180076638,0.9786319385854296,1.0277280724983509
SB74597_component_3273a,76.24093,-52.448217,2.440999984741211,12.024630546569824,76.24083619296785,-52.44807093348553,2.1499302887614147,1.0811465437557768,1.1353856436654433
SB74597_component_3275a,74.082487,-49.1575,3.0339999198913574,18.05952262878418,74.08275088433606,-49.15762069989107,2.454921086285793,1.1768448049235323,1.2358849076007123
SB74597_component_3277a,69.487149,-51.393276,2.5250000953674316,10.836910247802734,69.48778063726041,-51.39355942736765,2.383027740871226,1.0089588791988662,1.0595764589984593
SB74597_component_3284a,75.87294,-49.594464,2.6530001163482666,14.821228981018066,75.87250858021365,-49.59462585211216,3.603396836074096,0.7010780046316148,0.7362497768185622
SB74597_component_3287a,72.593173,-51.707352,2.924999952316284,14.408866882324219,72.59385811949332,-51.70769147942825,2.388462332060041,1.1661344691298463,1.2246372542930084
SB74597_component_3288a,76.879624,-48.602108,2.496999979019165,11.560184478759766,76.879937291331,-48.602934520300174,2.90317777266703,0.8190040970733543,0.8600920007476063
SB74597_component_3289a,75.133112,-50.584728,2.6549999713897705,15.71005916595459,75.13269200179248,-50.58485881580674,2.5990372271115807,0.9727319625442068,1.021532105694532
SB74597_component_3295a,73.805932,-49.753039,2.990000009536743,17.58823585510254,73.80601216278208,-49.752964638054245,2.597550153696286,1.0960955480142316,1.1510846115067328
SB74597_component_3300a,71.031516,-51.440017,2.8010001182556152,14.290817260742188,71.0320653339893,-51.440723647142,2.1716833651874343,1.228168029967724,1.2897829228497433
SB74597_component_3302a,74.795615,-51.179731,2.431999921798706,14.0578031539917,74.79560197166727,-51.17983028406899,2.668202114403948,0.8679325948616204,0.9114751497534108
SB74597_component_3305a,78.441678,-52.43217,2.9539999961853027,11.494163513183594,78.4417637881825,-52.432252328558775,2.627805491151512,1.0704304145604788,1.1241319063120048
SB74597_component_3311a,69.641814,-48.124022,2.5220000743865967,10.824034690856934,69.64230692641048,-48.12373761934169,1.7656581976621462,1.3601275129555408,1.4283625662803252
SB74597_component_3312a,74.766587,-50.205706,2.6489999294281006,15.957831382751465,74.76592753911298,-50.205563215732326,2.511317535297525,1.004434181011656,1.0548247651662512
SB74597_component_3314a,71.723755,-51.470292,2.6679999828338623,13.20792007446289,71.7236823125599,-51.47038417061536,2.2878490072350393,1.1104515882538066,1.1661608674334025
SB74597_component_3316a,78.428986,-51.838072,2.562000036239624,11.286343574523926,78.42932442611634,-51.83820574443376,2.302884723370156,1.0593710450052658,1.1125177088717952
SB74597_component_3318a,77.723575,-50.702154,2.5209999084472656,12.237863540649414,77.72355558259262,-50.70267518625777,2.3722709087761356,1.0119282320347553,1.0626947787122087
SB74597_component_3325a,75.031606,-51.070717,2.8589999675750732,17.327272415161133,75.03147728994122,-51.070752760290915,2.230541733964048,1.2205201754988275,1.2817513898267885
SB74597_component_3333a,77.746845,-52.780594,2.4609999656677246,10.169421195983887,77.74681060739127,-52.780419484685794,1.6424382079059017,1.4268020806712054,1.4983820723493055
SB74597_component_3339a,71.488746,-49.496486,2.680999994277954,14.491891860961914,71.48913453786989,-49.49662708749919,2.224528328044297,1.1476250999818915,1.2051993047150658
SB74597_component_3346a,75.644438,-53.192156,2.7730000019073486,10.624521255493164,75.64482728228707,-53.19241562748446,2.7741239066266563,0.9518426937764923,0.9995948613843012
SB74597_component_3348a,74.251729,-47.494907,2.555999994277954,12.591133117675781,74.25146939950108,-47.49530598403906,2.451789555778728,0.9927018325695326,1.0425038267471236
SB74597_component_3356a,74.9794,-49.887712,2.632999897003174,15.219653129577637,74.9790179636926,-49.888029096165894,3.0462636651098873,0.8230467749768912,0.8643374922400862
SB74597_component_3362a,75.814948,-52.566397,2.6600000858306885,12.850241661071777,75.81551792095158,-52.56665011310062,1.9147601500768248,1.3228434036072327,1.3892079829026955
SB74597_component_3369a,74.981086,-47.125514,2.4149999618530273,10.5921049118042,74.98090266697201,-47.126092451345514,1.8580909379328776,1.2376314268761859,1.299721080680642
SB74597_component_3388a,76.699231,-48.001174,2.2190001010894775,10.273148536682129,76.69903268882278,-48.00155425652358,2.294388225442664,0.9209405218287482,0.9671423852697633
SB74597_component_3392a,73.741687,-51.885001,2.7869999408721924,12.726027488708496,73.74210979959634,-51.885423901560756,2.1414310305882127,1.239293105788776,1.3014661229162507
SB74597_component_3393a,74.041238,-52.422752,2.496000051498413,14.022472381591797,74.04172293271314,-52.42262105627749,2.4021331555246577,0.9894382105416535,1.039076474906427
SB74597_component_3397a,69.935776,-49.196703,2.390000104904175,11.890547752380371,69.93589327045083,-49.196891460522494,2.102213469085775,1.08258566340034,1.136896961250826
SB74597_component_3398a,75.76396,-48.289547,2.5230000019073486,13.278947830200195,75.76386938652088,-48.28997439304014,2.2374288824978095,1.073764833988921,1.1276336073264304
SB74597_component_3399a,73.930224,-49.26174,2.4809999465942383,14.594117164611816,73.92998733863314,-49.26183948030541,2.218043861468522,1.0651181632871949,1.118553149328444
SB74597_component_3404a,74.019148,-52.238697,2.6679999828338623,13.75257682800293,74.01918636602481,-52.23869132782684,2.249807363033801,1.1292280421481022,1.1858793008998516
SB74597_component_3407a,72.721909,-49.019647,2.5450000762939453,15.42424201965332,72.72221581563699,-49.019847642996005,2.0021997583598585,1.2103795037505127,1.2711019795441052
SB74597_component_3417a,73.347742,-51.240897,2.739000082015991,14.11855697631836,73.34777604004998,-51.24102317585238,2.48815993186446,1.0482259788735935,1.1008135156181735
SB74597_component_3419a,74.245653,-47.988409,2.5889999866485596,13.484375,74.2458727167567,-47.98884551660732,2.8036595812002885,0.879321988356393,0.9234359278169464
SB74597_component_3445a,74.865711,-46.982515,2.5959999561309814,10.383999824523926,74.86641844562126,-46.98281292695758,2.9222976612931593,0.8459046183577416,0.8883420708697463
SB74597_component_3449a,76.192546,-48.476403,2.634000062942505,14.161290168762207,76.19269520128299,-48.476508718809484,1.8127143239128831,1.3836542463979435,1.4530695919348249
SB74597_component_3451a,69.61843,-52.438473,2.3910000324249268,10.174468040466309,69.61864987050251,-52.43874285498998,2.099643649773147,1.0843641599596412,1.1387646816559842
SB74597_component_3455a,75.795997,-51.243807,2.2239999771118164,12.086956024169922,75.79603679682272,-51.243836979446755,1.6949633228304564,1.2494406725078133,1.3121227740774415
SB74597_component_3461a,70.152355,-51.193072,2.48799991607666,12.256157875061035,70.15207217681326,-51.1933840001381,2.4828883459785724,0.9541888494274873,1.0020587192760266
SB74597_component_3472a,75.264907,-52.363611,2.430999994277954,12.466667175292969,75.26480804192327,-52.36349049511719,2.8420860024988928,0.8144959101424246,0.8553576465105233
SB74597_component_3474a,74.14579,-51.488169,2.440999984741211,13.266304016113281,74.14578503538235,-51.48835065633361,2.047974449541326,1.134970068367232,1.1919093938344343
SB74597_component_3479a,75.112187,-49.346219,2.4749999046325684,13.749999046325684,75.11185891851065,-49.34641031833618,1.8699055509829197,1.2603660071237448,1.3235962122961662
SB74597_component_3484a,75.606042,-50.22703,2.2709999084472656,13.59880256652832,75.60595896662507,-50.22715180554464,2.0634745670983183,1.0479948827720513,1.1005708258574622
SB74597_component_3487a,75.099432,-48.578616,2.6519999504089355,13.6701021194458,75.0997510199126,-48.57881882228652,2.1226587169529423,1.189691897746662,1.249376515041409
SB74597_component_3488a,77.42184,-52.099357,2.4019999504089355,11.603864669799805,77.42235110274929,-52.09971918691706,2.023406507158304,1.1303970554470937,1.1871069614095158
SB74597_component_3492a,72.161481,-47.712376,2.4100000858306885,11.367924690246582,72.16111156798831,-47.712642488314316,2.976712567339996,0.7709413195019446,0.8096180035226833
SB74597_component_3493a,69.629776,-49.461655,2.1700000762939453,10.000000953674316,69.63072309809297,-49.46218390477486,1.6395989120252301,1.2602691154610848,1.323494459760018
SB74597_component_3504a,78.007249,-50.863009,2.374000072479248,12.429319381713867,78.00783684641141,-50.86340350353165,2.0857439659612447,1.0838293258438005,1.1382030159129126
SB74597_component_3512a,77.304276,-48.806549,2.7170000076293945,12.29411792755127,77.30440520864514,-48.80691992194163,2.242677864051116,1.1536230076946905,1.2114981162392513
SB74597_component_3518a,74.843358,-50.020846,2.359999895095825,14.216867446899414,74.84284414064314,-50.02102936297775,2.7423766901546296,0.8194567569701868,0.8605673697448019
SB74597_component_3520a,73.932069,-48.38475,2.2309999465942383,11.93048095703125,73.93176050876161,-48.384818950344794,2.614877808173692,0.8124363125501238,0.853194722759315
SB74597_component_3521a,73.192958,-50.401654,2.556999921798706,15.881987571716309,73.19368763064695,-50.401695007999386,1.9474682396474567,1.2502633393387999,1.312986712564612
SB74597_component_3524a,74.282053,-48.054209,2.5280001163482666,12.640000343322754,74.28219711839063,-48.05461835790789,1.8616606891017002,1.2930571709629062,1.3579274306791602
SB74597_component_3529a,75.153511,-48.260493,2.5989999771118164,14.359116554260254,75.1533128230295,-48.26079848094799,1.2116043890484913,2.0426154078733054,2.1450896023518764
SB74597_component_3536a,71.333796,-48.682245,2.5260000228881836,11.915094375610352,71.3338192381424,-48.68265160829669,2.1775346564445726,1.104611194532308,1.160027472082845
SB74597_component_3538a,76.972549,-48.918964,2.359999895095825,11.799999237060547,76.97303502316811,-48.91918457537029,1.9993572349555508,1.1239907854459577,1.1803793008247934
SB74597_component_3541a,75.834812,-48.366634,2.4519999027252197,12.078817367553711,75.83469420418352,-48.367332761750866,1.8610904033371933,1.2545678232432498,1.3175071443753854
SB74597_component_3557a,76.664793,-51.27397,2.3239998817443848,12.041449546813965,76.6645569280994,-51.27436935030013,3.6748581835742096,0.6021943597343973,0.6324053244101071
SB74597_component_3565a,76.394129,-51.003547,2.507999897003174,13.704917907714844,76.39368347851621,-51.00372429373157,2.2122238768502895,1.0795421523567585,1.133700762950811
SB74597_component_3571a,74.789014,-49.732602,2.3469998836517334,13.488505363464355,74.78900824946821,-49.73314385022525,2.7635248035748403,0.8087063756035079,0.8492776618526099
SB74597_component_3575a,72.295249,-50.144904,2.318000078201294,12.806631088256836,72.29573739712522,-50.14517896575458,2.1280126038233154,1.0372427697131654,1.0892792993973042
SB74597_component_3578a,74.695531,-50.253817,2.5230000019073486,14.668603897094727,74.69475667080633,-50.25394270054674,2.6808002656855408,0.896177340523693,0.9411368814760099
SB74597_component_3581a,75.129484,-48.727932,2.575000047683716,14.798851013183594,75.12976645959827,-48.72799716737884,2.239567193614455,1.0948492119503517,1.149775749093691
SB74597_component_3582a,70.399703,-50.971097,2.5239999294281006,13.425532341003418,70.40053119035352,-50.971557779467865,2.6474945041679026,0.9078109919605536,0.9533541714457248
SB74597_component_3585a,70.682983,-50.275007,2.566999912261963,14.838150024414062,70.68264320141529,-50.2753384905914,2.521893689515021,0.9692598979974592,1.0178858541636686
SB74597_component_3589a,70.592003,-49.244611,2.3359999656677246,11.507389068603516,70.59208490463767,-49.24495837878965,1.9076024850412874,1.1660740170286994,1.2245737694230174
SB74597_component_3598a,71.223149,-50.718495,2.3010001182556152,12.437838554382324,71.22277397206908,-50.71888180756644,2.3341408194074584,0.938708505916169,0.9858017558853813
SB74597_component_3603a,73.557963,-48.18971,1.9670000076293945,11.921211242675781,73.55813204429431,-48.18976035948749,2.686593902104859,0.6971777247843359,0.7321538272264796
SB74597_component_3617a,76.380672,-50.206155,2.2209999561309814,11.62827205657959,76.38014623626644,-50.206080203115164,1.7983288520822476,1.1760359658863864,1.2350354906219358
SB74597_component_3621a,73.739911,-49.098447,2.437999963760376,13.469613075256348,73.74007093289468,-49.09866877315912,2.469215133971651,0.9401906555880747,0.9873582622340945
SB74597_component_3626a,73.22217,-50.957114,2.2239999771118164,11.829787254333496,73.2225672373383,-50.95735853235391,2.1687045131168428,0.9765074500212769,1.025497002316606
SB74597_component_3651a,77.446545,-51.865857,2.3959999084472656,11.248826026916504,77.44673293472682,-51.865722122162936,1.9324087708403312,1.1806711816181414,1.2399032464571853
SB74597_component_3653a,74.81703,-50.487572,2.1579999923706055,11.792349815368652,74.81660876117932,-50.48785376176414,2.7081422633018866,0.7587891805985537,0.7968562145400281
SB74597_component_3656a,73.363762,-52.111281,2.4839999675750732,12.48241138458252,73.36424834192637,-52.110964587761245,1.5093560784247968,1.567115634966519,1.6457348952193178
SB74597_component_3659a,73.211214,-51.998906,2.5329999923706055,11.948113441467285,73.21107517932325,-51.99872357900501,1.8141637221518114,1.3295353108584103,1.3962356106240343
SB74597_component_3667a,73.269649,-47.898925,2.4570000171661377,13.281081199645996,73.26980094210478,-47.89941095765456,1.5531672999064237,1.5063576136840024,1.5819287576516508
SB74597_component_3668a,73.691229,-51.2555,2.497999906539917,13.28723430633545,73.69062849138993,-51.25576689096949,2.5775204039485,0.9228507546106004,0.9691484508573568
SB74597_component_3685a,71.790533,-50.144965,2.4100000858306885,14.093567848205566,71.79100973560499,-50.14511273806978,2.153113086651158,1.0658384497641236,1.1193095712306869
SB74597_component_3698a,69.87328,-49.126161,2.0880000591278076,10.086956977844238,69.87345462334932,-49.126547480389384,2.1642367588113327,0.9186855878439059,0.9647743254645593
SB74597_component_3701a,69.917685,-52.360733,2.247999906539917,10.218181610107422,69.91793842235384,-52.36140906756164,2.4487518252603238,0.8741635261484785,0.9180186752085157
SB74597_component_3704a,75.609695,-50.478943,2.1549999713897705,12.827381134033203,75.60979837455814,-50.479026731146725,2.075041695194874,0.9889210169865893,1.0385333347180705
SB74597_component_3711a,75.639171,-47.918868,2.0959999561309814,11.089946746826172,75.63916055582179,-47.91913994340774,1.9160458863433214,1.0416612999602637,1.093919499042423
SB74597_component_3714a,70.350767,-50.768149,2.437000036239624,12.4974365234375,70.35038033328401,-50.76793194685463,2.2171607463374428,1.0466452826971162,1.0991535188710773
SB74597_component_3716a,70.927232,-49.912204,2.0299999713897705,11.404494285583496,70.9276798612661,-49.912447295049276,1.9237581094890863,1.004816444530577,1.0552262061309257
SB74597_component_3723a,74.565766,-47.451933,2.3389999866485596,11.24519157409668,74.56601923588464,-47.4518819840417,1.9385892841025238,1.1489088567156722,1.2065474651230248
SB74597_component_3729a,73.608303,-48.076082,2.322999954223633,12.556756019592285,73.60830757020413,-48.07638069157093,2.0875969755961896,1.0596042901810374,1.1127626555217704
SB74597_component_3733a,75.487206,-51.694678,2.384999990463257,13.104395866394043,75.48766092404384,-51.69485209480712,1.6312993408277385,1.3921815909773925,1.4620247374421684
SB74597_component_3742a,71.672266,-49.80824,1.9390000104904175,11.273255348205566,71.67181197226542,-49.80836491829276,3.1994652592689894,0.5770873817341053,0.6060387762839589
SB74597_component_3745a,70.872614,-49.784899,2.0,10.98901081085205,70.87264994832032,-49.78523902963728,2.16125092890224,0.8811827128168639,0.9253900013432759
SB74597_component_3748a,70.135982,-51.127301,2.255000114440918,11.86842155456543,70.13724355566231,-51.128060066320884,2.0251516661043962,1.0603034644215026,1.1134969060261353
SB74597_component_3763a,73.347504,-49.886446,2.371000051498413,13.471590995788574,73.34786194008929,-49.886672154379774,2.205891554616553,1.0235017067688754,1.0748488730265622
SB74597_component_3765a,72.854514,-48.77905,2.1480000019073486,12.274286270141602,72.85447285641736,-48.778986027948946,2.269836743483472,0.9011162494771568,0.9463235662538695
SB74597_component_3779a,75.19733,-51.971842,2.2639999389648438,12.172042846679688,75.19751776176247,-51.97156927985413,2.100174361202248,1.0265077303042465,1.078005703140197
SB74597_component_3788a,74.467281,-47.238201,2.186000108718872,10.262911796569824,74.46717176914628,-47.238509707116236,2.293208070987463,0.907711595573386,0.9532497885277254
SB74597_component_3794a,73.238056,-52.372337,2.2179999351501465,10.511848449707031,73.23851114065303,-52.37243639585972,2.125842874541644,0.9935083765689044,1.0433508335503736
SB74597_component_3799a,71.553324,-50.74527,1.812999963760376,10.242938041687012,71.55392712455824,-50.745087477309966,2.1704460218934836,0.7954080309957198,0.8353121641692458
SB74597_component_3805a,74.329039,-47.80311,2.184999942779541,11.5,74.32934543081629,-47.80305287377753,2.5567577049824712,0.8137725239089876,0.8545979693427856
SB74597_component_3808a,72.788033,-49.523087,2.056999921798706,11.491619110107422,72.7887690617026,-49.5223487742036,1.552135019862622,1.261961028093573,1.3252712524847028
SB74597_component_3809a,72.881681,-49.147059,2.2019999027252197,11.902702331542969,72.88208029534599,-49.147236554892054,1.3645668286743384,1.5366099868004734,1.613698835742943
SB74597_component_3810a,76.788266,-51.243848,2.053999900817871,10.019512176513672,76.78783500742152,-51.24414606018152,1.9548119059913278,1.0005449598489857,1.0507404290522995
SB74597_component_3818a,73.309199,-50.5077,2.0299999713897705,11.277776718139648,73.30893859113277,-50.507774287774176,1.4291374789388935,1.3525807084346568,1.4204371526922697
SB74597_component_3820a,75.508464,-50.334553,2.138000011444092,12.430232048034668,75.5082319714317,-50.33500092048363,2.007781434802125,1.0139871114566963,1.0648569482637937
SB74597_component_3823a,69.808784,-50.197183,2.1530001163482666,11.213541984558105,69.80893522995432,-50.19701398723533,1.8907604110031553,1.0842981546725803,1.1386953650071288
SB74597_component_3832a,70.877203,-49.308484,2.2869999408721924,12.295698165893555,70.87692069163401,-49.30845245337624,1.3930919046394268,1.5632468082870523,1.641671976741646
SB74597_component_3837a,75.832548,-49.295067,2.25,13.719511985778809,75.8320724804564,-49.295537199084734,1.7422860005614034,1.2297143382278697,1.2914068065030655
SB74597_component_3843a,75.136705,-47.486507,2.3259999752044678,12.572972297668457,75.13680352867675,-47.48658340402506,2.1555644230658357,1.027519007654588,1.0790677143836989
SB74597_component_3857a,73.786248,-48.80901,2.256999969482422,13.198829650878906,73.78630091297053,-48.809249108610274,2.2104475803446846,0.9722825664734102,1.0210601642634196
SB74597_component_3861a,71.52734,-49.057115,1.9589999914169312,10.25654411315918,71.52736176708781,-49.05718805461384,1.657655067845087,1.1253339835346639,1.1817898846492747
SB74597_component_3875a,76.079139,-52.625191,2.249000072479248,11.533333778381348,76.07933328010336,-52.624696635652015,2.275733432394854,0.9410425167717859,0.9882528597000602
SB74597_component_3883a,73.1878,-51.920533,2.111999988555908,10.057143211364746,73.18794209097767,-51.92077649923657,2.197008821990439,0.9153839143252448,0.96130701316096
SB74597_component_3886a,74.107328,-47.763502,2.1989998817443848,11.951086044311523,74.10767693399495,-47.76357203441798,1.9313608477671262,1.0841838870271312,1.138575364767635
SB74597_component_3888a,75.629962,-49.320644,2.062000036239624,11.85057544708252,75.62970459171868,-49.320509964291126,1.8320511863094535,1.0717468875564693,1.1255144242958557
SB74597_component_3894a,73.440406,-47.89745,1.8910000324249268,10.447514533996582,73.44044361468356,-47.89758802885381,2.0146458166636467,0.8937869219766043,0.9386265401014837
SB74597_component_3895a,75.382834,-49.50144,1.9149999618530273,10.521978378295898,75.38313392397161,-49.50148098205463,1.8460918935400026,0.9877717929473449,1.0373264562583009
SB74597_component_3902a,74.120228,-51.582523,1.9110000133514404,10.219250679016113,74.12010651813435,-51.58291291982619,3.7547053742490104,0.484647516482321,0.5089613758932191
SB74597_component_3934a,74.425536,-51.88007,2.1449999809265137,11.171875,74.42533767129153,-51.880095715569674,1.6308047672612593,1.2524675600685131,1.3153015149255318
SB74597_component_3946a,73.302157,-48.650478,1.8569999933242798,10.432583808898926,73.30213262263145,-48.650573236655944,1.8729276709546239,0.944130574435086,0.9914958394403849
SB74597_component_3950a,71.638188,-50.333758,1.99399995803833,12.158535957336426,71.63822729759005,-50.33397572499434,2.0883035742653746,0.9092277431211424,0.9548419983621305
SB74597_component_3961a,74.506131,-50.357304,1.7990000247955322,10.106741905212402,74.50612524743697,-50.35755900433013,1.9491299626129344,0.8788839579396134,0.9229759222334547
SB74597_component_3975a,75.498368,-51.77156,2.00600004196167,10.613757133483887,75.4980680819209,-51.771701142002684,1.6600882140556512,1.1506438942593018,1.2083695462549815
SB74597_component_4034a,74.448485,-49.454497,1.6970000267028809,10.34756088256836,74.44802567572704,-49.454500905502314,1.3254776285223284,1.2191316687182747,1.2802932242581369
SB74597_component_4082a,72.512658,-48.624814,1.9259999990463257,10.943181991577148,72.51257004693436,-48.62484339231743,1.8030945491426096,1.017135817518561,1.0681636190194013
SB74597_component_4091a,72.973961,-50.052607,1.9950000047683716,12.018073081970215,72.97429577266965,-50.05284430672092,1.892084011345811,1.0040229753888552,1.054392930126479
SB74597_component_4126a,75.420219,-50.103469,1.878999948501587,11.817609786987305,75.42012030256659,-50.10358139972047,1.649903560326468,1.0844496034307378,1.1388544116662112
SB74597_component_4139a,73.157907,-48.981565,2.000999927520752,12.428570747375488,73.15759019465816,-48.981995174840776,1.7883785460577655,1.0654394844255737,1.1188905905473319
SB74597_component_4145a,72.849195,-48.160236,1.8980000019073486,10.042327880859375,72.84926473599724,-48.160163476023016,1.7319223002830386,1.0435396861290498,1.0958921203319392
SB74597_component_4153a,73.336079,-50.725138,2.0390000343322754,11.327777862548828,73.33672928602944,-50.725499677152904,1.8675562775199555,1.0396441185335703,1.0918011193965147
SB74597_component_4202a,73.854606,-49.202313,1.9839999675750732,11.209039688110352,73.85482203375012,-49.20224309844476,2.1764485946608843,0.868029355121802,0.9115767642948641
SB74597_component_4271a,74.007792,-50.853333,1.937999963760376,12.423076629638672,74.00725250943762,-50.85343362136444,1.3692895224738608,1.3477199132515962,1.4153325005065696
SB74597_component_4321a,75.868605,-50.30097,1.8029999732971191,10.543859481811523,75.86856833502677,-50.30073748056385,2.0600067029411706,0.8334283177349141,0.8752398575805066
