Component_ID,RA,DEC,RA_comp,DEC_comp
SB74587_component_10a,180.643014,-5.467084,180.642604,-5.467359
SB74587_component_55a,181.069724,-7.168994,181.069436,-7.169168
