Component_ID,RA,DEC,RA_comp,DEC_comp
SB74765_component_47a,297.947745,-5.162028,297.947785,-5.162212
SB74765_component_289a,300.854218,-4.360345,300.854063,-4.360674
