Component_ID,RA,DEC,RA_comp,DEC_comp
SB74337_component_34a,143.321144,-8.319624,143.321231,-8.319681
SB74337_component_83a,142.13928,-4.152472,142.139456,-4.152458
