Component_ID,RA,DEC,RA_comp,DEC_comp
SB74368_component_46a,71.255692,7.265005,71.255953,7.264976
SB74368_component_368a,72.33789,7.486381,72.338211,7.486304
