Component_ID,RA,DEC,ASKAP_flux,ASKAP_flux_SNR,RA_comp,DEC_comp,Comp_flux,Flux_Ratio_AlphaCorr,Flux_Ratio_NOAlphaCorr
SB74535_component_94a,87.272126,-39.985634,149.0240020751953,131.9964599609375,87.27259464500061,-39.98573193221014,44.83391412848,1.254547912818914,3.32391237687031
SB74535_component_153a,85.294512,-39.922144,93.13400268554688,113.57805633544922,85.29497624952171,-39.92228244781232,29.97068558958,1.172868375108356,3.107503243700473
SB74535_component_626a,83.423627,-39.888445,22.94499969482422,28.574098587036133,83.42423752600544,-39.88853533067885,12.05585502922,0.7183361536226557,1.9032245858308678
SB74535_component_1128a,85.98443,-39.915377,10.881999969482422,11.663451194763184,85.98477656100538,-39.915423907012894,3.0088838587100004,1.3650261818360185,3.616623465868126
SB74535_component_1623a,82.995563,-39.697794,7.258999824523926,12.624347686767578,82.99586523260794,-39.698269485169575,4.57229415617,0.5992117332807193,1.5876056037926605
