Component_ID,RA,DEC,RA_comp,DEC_comp
SB74585_component_13a,212.519407,2.051618,212.5194,2.05192
SB74585_component_18a,211.191171,-1.506209,211.191231,-1.506096
