Component_ID,RA,DEC,RA_comp,DEC_comp
SB74569_component_87a,47.508519,-8.394164,47.508539,-8.394248
SB74569_component_113a,47.34694,-5.988884,47.347037,-5.989014
