Component_ID,RA,DEC,RA_comp,DEC_comp
SB74710_component_15a,57.813878,-3.021722,57.814029,-3.021612
SB74710_component_109a,62.077069,-1.376101,62.077226,-1.37636
