Component_ID,RA,DEC,RA_comp,DEC_comp
SB74852_component_114a,143.807067,9.251735,143.806839,9.252176
SB74852_component_322a,143.442362,10.152045,143.442114,10.15245
