Component_ID,RA,DEC,RA_comp,DEC_comp
SB74567_component_5a,15.467896,-28.522636,15.46829,-28.522341
SB74567_component_77a,11.556983,-26.531861,11.557401,-26.531792
