Component_ID,RA,DEC,RA_comp,DEC_comp
SB74776_component_36a,301.479427,-37.394948,301.479462,-37.394855
SB74776_component_131a,310.059214,-38.61353,310.059306,-38.613594
