Component_ID,RA,DEC,RA_comp,DEC_comp
SB74724_component_31a,301.79962,6.612355,301.799647,6.612388
SB74724_component_72a,300.539829,6.854294,300.539895,6.854275
