Component_ID,RA,DEC,ASKAP_flux,ASKAP_flux_SNR,RA_comp,DEC_comp,Comp_flux,Flux_Ratio_AlphaCorr,Flux_Ratio_NOAlphaCorr
SB74965_component_296a,308.948491,-39.985263,48.358001708984375,82.66325378417969,308.94876943237097,-39.98533208476365,16.9888009481,1.0743438546732313,2.846463494199257
SB74965_component_713a,310.832591,-39.828028,17.716999053955078,19.97406768798828,310.83276542507286,-39.828105417902655,6.1652573588,1.0846175748580795,2.8736836149535043
SB74965_component_1076a,310.344648,-39.983102,12.218999862670898,21.43684196472168,310.3447538905375,-39.98332818776874,6.973852090349999,0.6613031835409767,1.752116291594257
