Component_ID,RA,DEC,RA_comp,DEC_comp
SB74584_component_24a,165.51992,-44.073024,165.520151,-44.073011
SB74584_component_329a,172.382032,-44.597251,172.382175,-44.597205
