Component_ID,RA,DEC,ASKAP_flux,ASKAP_flux_SNR,RA_comp,DEC_comp,Comp_flux,Flux_Ratio_AlphaCorr,Flux_Ratio_NOAlphaCorr
SB74770_component_652a,324.774074,-39.796863,20.759000778198242,18.534822463989258,324.77409563520234,-39.79683456531078,5.933318174939999,1.3205245898286673,3.498716934796467
SB74770_component_734a,325.171688,-39.739738,17.79800033569336,13.555217742919922,325.17142747476106,-39.7400759878829,6.38168079704,1.0526253351717243,2.7889204900296116
