Component_ID,RA,DEC,RA_comp,DEC_comp
SB74512_component_49a,245.930089,1.254819,245.930221,1.254622
