Component_ID,RA,DEC,ASKAP_flux,ASKAP_flux_SNR,RA_comp,DEC_comp,Comp_flux,Flux_Ratio_AlphaCorr,Flux_Ratio_NOAlphaCorr
SB74748_component_162a,24.654778,-40.011546,78.34300231933594,129.92205810546875,24.65484773423987,-40.01157605601362,66.5151447785,0.444546664257882,1.177822022040597
SB74748_component_317a,22.578345,-40.000472,43.03799819946289,52.87223434448242,22.57837522339832,-40.00053145015212,17.36909753591,0.9352172197597785,2.477848841051375
SB74748_component_817a,23.656297,-39.863646,14.71399974822998,17.43364906311035,23.65655816970877,-39.86359154777272,7.086559596010001,0.7836695749254019,2.0763248440773032
SB74748_component_1437a,23.839644,-39.718374,7.28000020980835,12.884956359863281,23.840071011212352,-39.71843453417807,5.0301118524,0.5462499812298433,1.4472839617542237
SB74748_component_1473a,25.785354,-39.884262,7.736000061035156,10.626374244689941,25.78538401392842,-39.884306792688,8.927286346359997,0.32706546180289425,0.8665567296594474
