Component_ID,RA,DEC,ASKAP_flux,ASKAP_flux_SNR,RA_comp,DEC_comp,Comp_flux,Flux_Ratio_AlphaCorr,Flux_Ratio_NOAlphaCorr
SB74746_component_740a,16.341963,-39.770393,18.87700080871582,17.926876068115234,16.34213385982935,-39.77035165272503,5.61519847237,1.2688362238784945,3.361769116728732
SB74746_component_840a,15.818704,-39.929216,16.055999755859375,19.485437393188477,15.81861346877925,-39.929113414517005,4.86754019327,1.24498893651102,3.2985859630001326
