Component_ID,RA,DEC,RA_comp,DEC_comp
SB74335_component_6a,124.36481,-3.126968,124.364525,-3.127031
SB74335_component_58a,117.759243,1.871258,117.759507,1.871045
