Component_ID,RA,DEC,RA_comp,DEC_comp
SB74601_component_40a,67.177377,-50.092775,67.177634,-50.09286
SB74601_component_41a,59.341086,-48.204053,59.341325,-48.20421
