Component_ID,RA,DEC,RA_comp,DEC_comp
SB74966_component_147a,319.123918,-55.455511,319.124234,-55.455679
