Component_ID,RA,DEC,RA_comp,DEC_comp
SB74707_component_58a,44.558435,-39.161165,44.558521,-39.161301
SB74707_component_76a,50.19318,-38.624426,50.193351,-38.624582
