Component_ID,RA,DEC,ASKAP_flux,ASKAP_flux_SNR,RA_comp,DEC_comp,Comp_flux,Flux_Ratio_AlphaCorr,Flux_Ratio_NOAlphaCorr
SB74608_component_164a,161.556979,-39.93058,88.86100006103516,84.79103088378906,161.557385559763,-39.93101820155417,46.92800732755,0.7146884584920866,1.8935600533983803
