Component_ID,RA,DEC,ASKAP_flux,ASKAP_flux_SNR,RA_comp,DEC_comp,Comp_flux,Flux_Ratio_AlphaCorr,Flux_Ratio_NOAlphaCorr
SB74708_component_239a,40.146443,-39.936443,47.67599868774414,61.756473541259766,40.14660643746095,-39.93656651453455,23.41474468504,0.7685074079061041,2.036152831433818
SB74708_component_427a,40.598599,-39.799378,26.5310001373291,25.70833396911621,40.59872158951055,-39.7994955614429,8.12225748555,1.2328622490120587,3.266456423541041
SB74708_component_430a,43.973841,-39.956457,27.799999237060547,30.515914916992188,43.97395882822202,-39.95667748700792,4.31946396887,2.429140383046928,6.435983593661787
