Component_ID,RA,DEC,RA_comp,DEC_comp
SB74708_component_3a,41.500014,-46.854922,41.500492,-46.854787
SB74708_component_79a,46.121388,-43.554381,46.121676,-43.554452
