Component_ID,RA,DEC,ASKAP_flux,ASKAP_flux_SNR,RA_comp,DEC_comp,Comp_flux,Flux_Ratio_AlphaCorr,Flux_Ratio_NOAlphaCorr
SB74584_component_398a,169.157934,-39.736786,36.13600158691406,24.301279067993164,169.15786494013295,-39.73704617438919,9.67599127696,1.4095559334813674,3.734604605624165
