Component_ID,RA,DEC,RA_comp,DEC_comp
SB74807_component_9a,263.861533,-5.997166,263.861602,-5.997281
SB74807_component_71a,265.006396,-8.187437,265.006526,-8.187439
