Component_ID,RA,DEC,ASKAP_flux,ASKAP_flux_SNR,RA_comp,DEC_comp,Comp_flux,Flux_Ratio_AlphaCorr,Flux_Ratio_NOAlphaCorr
SB74620_component_135a,47.192161,-39.844452,84.37000274658203,70.95879364013672,47.192445296248685,-39.844363650684976,21.9840264758,1.4485000363619858,3.837786623822368
SB74620_component_545a,47.284725,-39.868785,24.951000213623047,23.62784194946289,47.28518998813864,-39.86868603411055,9.69773379613,0.9710808437933679,2.572869160790952
SB74620_component_680a,47.611588,-39.893249,18.121000289916992,18.87604331970215,47.61192127280771,-39.8931706244882,13.54675971291,0.504875650096326,1.3376630776618679
SB74620_component_721a,48.244534,-39.912744,16.559999465942383,18.92571449279785,48.24481032914692,-39.91263401041255,11.53516430705,0.5418439381076138,1.435610193763892
SB74620_component_763a,47.006354,-39.805481,14.036999702453613,10.756321907043457,47.00671886734138,-39.80524625238851,6.57756772622,0.805464951966898,2.1340714815445017
SB74620_component_965a,47.842952,-39.998676,13.572999954223633,16.736127853393555,47.843150717068994,-39.99884441213781,6.65842847242,0.76938159768054,2.0384689886577
SB74620_component_1208a,47.44392,-39.984979,10.41100025177002,12.248235702514648,47.44412741578586,-39.98530366714564,4.502980213030001,0.872629928767409,2.3120244280986046
