Component_ID,RA,DEC,ASKAP_flux,ASKAP_flux_SNR,RA_comp,DEC_comp,Comp_flux,Flux_Ratio_AlphaCorr,Flux_Ratio_NOAlphaCorr
SB74542_component_318a,182.421792,-39.868497,43.387001037597656,48.154273986816406,182.4219675338903,-39.86838672930025,18.62230132824,0.8793544548862705,2.3298409940238134
