Component_ID,RA,DEC,RA_comp,DEC_comp
SB74505_component_72a,197.451862,-39.809173,197.452035,-39.809191
