Component_ID,RA,DEC,RA_comp,DEC_comp
SB74783_component_9a,357.895652,-42.992604,357.895608,-42.992635
SB74783_component_16a,3.249398,-39.907275,3.249624,-39.907238
