Component_ID,RA,DEC,RA_comp,DEC_comp
SB74579_component_32a,151.880556,-33.551886,151.880781,-33.551866
SB74579_component_41a,152.772686,-28.79447,152.772989,-28.79456
