Component_ID,RA,DEC,RA_comp,DEC_comp
SB74357_component_11a,239.879088,3.080082,239.879053,3.080071
SB74357_component_21a,235.891298,4.872042,235.891357,4.872033
