Component_ID,RA,DEC,RA_comp,DEC_comp
SB74618_component_31a,38.52964,4.778642,38.529814,4.778637
SB74618_component_193a,42.061474,4.57799,42.061784,4.578017
