Component_ID,RA,DEC,ASKAP_flux,ASKAP_flux_SNR,RA_comp,DEC_comp,Comp_flux,Flux_Ratio_AlphaCorr,Flux_Ratio_NOAlphaCorr
SB74868_component_94a,333.71251,-39.789857,112.83699798583984,107.97798919677734,333.7125258114878,-39.789737262090576,26.44923363608,1.610186258395588,4.26617268153722
SB74868_component_282a,332.800463,-39.906428,44.82699966430664,53.1125602722168,332.80053965062206,-39.90644026917453,10.44027086829,1.62056177620855,4.293662514107625
SB74868_component_286a,337.973989,-39.784143,46.92499923706055,32.76885223388672,337.9740905652944,-39.78398751109108,23.37303373378,0.7577516207698143,2.0076554790250416
