Component_ID,RA,DEC,RA_comp,DEC_comp
SB74350_component_21a,187.687126,-31.356508,187.687219,-31.356475
SB74350_component_203a,178.762804,-31.132943,178.763157,-31.13298
