Component_ID,RA,DEC,RA_comp,DEC_comp
SB74596_component_24a,52.643322,-5.856451,52.643777,-5.856289
SB74596_component_209a,53.987257,-7.165822,53.98773,-7.165515
