Component_ID,RA,DEC,RA_comp,DEC_comp
SB74868_component_14a,337.735231,-44.274864,337.735179,-44.27497
