Component_ID,RA,DEC,RA_comp,DEC_comp
SB74751_component_1a,30.919879,-43.830959,30.919592,-43.830886
SB74751_component_2a,28.904293,-40.811849,28.904414,-40.811766
