Component_ID,RA,DEC,RA_comp,DEC_comp
SB74863_component_63a,305.39691,5.251314,305.397005,5.251327
SB74863_component_87a,307.946744,2.660467,307.94688,2.660357
