Component_ID,RA,DEC,RA_comp,DEC_comp
SB74806_component_22a,265.154799,3.196475,265.154996,3.196622
