Component_ID,RA,DEC,RA_comp,DEC_comp
SB74734_component_47a,323.711665,-33.853907,323.711769,-33.854097
