Component_ID,RA,DEC,RA_comp,DEC_comp
SB74869_component_27a,329.209048,-3.557641,329.208987,-3.557763
SB74869_component_139a,331.185925,-6.267498,331.186174,-6.267608
