Component_ID,RA,DEC,RA_comp,DEC_comp
SB74814_component_27a,24.716165,-5.669135,24.716047,-5.668956
SB74814_component_152a,25.40815,-9.500732,25.408082,-9.500496
