Component_ID,RA,DEC,RA_comp,DEC_comp
SB74864_component_10a,315.256876,-29.557666,315.256917,-29.557732
SB74864_component_129a,317.030819,-29.188085,317.030836,-29.188102
