Component_ID,RA,DEC,RA_comp,DEC_comp
SB74616_component_9a,229.167561,0.250685,229.167579,0.25053
SB74616_component_24a,226.276966,3.441948,226.276988,3.441892
