Component_ID,RA,DEC,RA_comp,DEC_comp
SB74530_component_12a,70.330879,-29.876679,70.331296,-29.876769
SB74530_component_36a,70.656552,-28.425315,70.656905,-28.425232
