Component_ID,RA,DEC,RA_comp,DEC_comp
SB74522_component_38a,51.184057,-29.305702,51.184564,-29.305894
SB74522_component_127a,51.562375,-32.723525,51.56269,-32.723622
