Component_ID,RA,DEC,RA_comp,DEC_comp
SB74558_component_13a,5.635053,6.134404,5.635172,6.134519
SB74558_component_122a,0.112643,3.120923,0.112594,3.121013
