Component_ID,RA,DEC,RA_comp,DEC_comp
SB74345_component_11a,182.39667,-40.270378,182.396849,-40.270305
