Component_ID,RA,DEC,RA_comp,DEC_comp
SB74519_component_48a,25.390565,-2.039828,25.390792,-2.03932
SB74519_component_63a,20.89894,-3.811188,20.899061,-3.810921
