Component_ID,RA,DEC,RA_comp,DEC_comp
SB74364_component_9a,54.321148,1.62313,54.321283,1.622985
SB74364_component_175a,53.541294,2.436183,53.541449,2.436014
