Component_ID,RA,DEC,ASKAP_flux,ASKAP_flux_SNR,RA_comp,DEC_comp,Comp_flux,Flux_Ratio_AlphaCorr,Flux_Ratio_NOAlphaCorr
SB74534_component_995a,77.733668,-39.956774,12.937000274658203,15.97160530090332,77.73450308418636,-39.95704469230022,6.41788383439,0.7608156211518268,2.0157735179524052
