Component_ID,RA,DEC,ASKAP_flux,ASKAP_flux_SNR,RA_comp,DEC_comp,Comp_flux,Flux_Ratio_AlphaCorr,Flux_Ratio_NOAlphaCorr
SB74798_component_276a,205.374396,-39.98527,47.95800018310547,34.37849426269531,205.37469129197643,-39.98534029790822,16.9649003908,1.0669582763824255,2.826895477035215
SB74798_component_292a,206.558615,-39.710102,46.316001892089844,32.16388702392578,206.5587890612201,-39.71013154765209,21.25761514231,0.8223452883945609,2.1787957671651035
SB74798_component_773a,206.76896,-40.000186,17.03700065612793,21.137718200683594,206.768905175588,-40.00021475713702,10.52088371399,0.6111933288814022,1.6193507236918903
SB74798_component_774a,209.041008,-40.002699,17.222999572753906,21.96811294555664,209.0410509444413,-40.002829514087686,6.0381155177100005,1.0765769049989928,2.8523799391115086
SB74798_component_903a,206.3569,-39.953437,12.741000175476074,13.554255485534668,206.35696047803108,-39.95349913354721,7.2849065673,0.6601113820751681,1.748958625312646
