Component_ID,RA,DEC,ASKAP_flux,ASKAP_flux_SNR,RA_comp,DEC_comp,Comp_flux,Flux_Ratio_AlphaCorr,Flux_Ratio_NOAlphaCorr
SB87829_component_29a,9.700137,-30.579756,251.5449981689453,341.3093566894531,9.69996750293786,-30.579738150717805,137.1113312845349,1.126664150933338,1.8346040098388106
SB87829_component_41a,10.649503,-30.003946,195.28700256347656,616.0473022460938,10.649424333716468,-30.004014857861833,93.13223823762328,1.2877318473710955,2.0968786561878754
SB87829_component_47a,10.685545,-34.575315,176.11000061035156,323.7315979003906,10.685215846528191,-34.57531330428748,101.7144028441656,1.063294830081255,1.7314165515002415
SB87829_component_49a,16.872936,-33.950509,169.427001953125,570.4613037109375,16.872723088740024,-33.95055820817538,92.13733152657075,1.1292734905715407,1.8388529290569404
SB87829_component_54a,12.345497,-31.274316,162.656005859375,838.4329833984375,12.345296147395452,-31.274208432979226,151.171208138967,0.6607743211307918,1.0759721236721902
SB87829_component_55a,10.275922,-31.551863,159.96400451660156,449.33709716796875,10.275781344280125,-31.552032903130275,83.47333800173728,1.176864938212469,1.9163484813950096
SB87829_component_61a,14.339486,-34.770842,154.7239990234375,399.8036193847656,14.339337856604358,-34.770873775970244,93.52549950981347,1.015967423572738,1.6543509506431726
SB87829_component_69a,12.479648,-35.104337,145.43800354003906,234.19969177246094,12.47999620060549,-35.10440330250742,50.02772766138588,1.785333132216156,2.9071479025479707
SB87829_component_71a,12.56545,-32.879159,124.11199951171875,551.60888671875,12.565234998176393,-32.87903958354648,154.06158145781055,0.49473377266091134,0.8055999317760254
SB87829_component_92a,9.895046,-30.060745,108.83899688720703,200.80995178222656,9.894962518585286,-30.060846782422693,55.697644139889924,1.200051383077313,1.9541041379388966
SB87829_component_94a,18.59662,-32.812484,108.73300170898438,137.9860382080078,18.596782567129665,-32.81263259956013,52.99609879789985,1.2599972980174212,2.0517170919247607
SB87829_component_98a,12.944157,-29.415425,105.93499755859375,446.98309326171875,12.944100792037794,-29.415445464019545,58.34679983339232,1.1149992036424348,1.8156093883655697
SB87829_component_102a,16.639594,-30.073417,101.9280014038086,461.2126770019531,16.63967151277194,-30.07356687030487,62.678801093690204,0.9986768099089376,1.626195773136279
SB87829_component_103a,10.587443,-27.740787,102.88600158691406,98.92884826660156,10.587293177703451,-27.7405722129817,60.77258330302843,1.0396824895074726,1.692967387512504
SB87829_component_109a,9.290061,-30.796651,103.72000122070312,5762.22265625,9.289924704837102,-30.796781598167886,55.12327871370891,1.1555257006108495,1.8816007255190432
SB87829_component_110a,17.042349,-31.014178,97.97100067138672,507.62176513671875,17.0423238272488,-31.014233140104114,52.41493520424152,1.1478750813544099,1.8691428366672618
SB87829_component_117a,11.798925,-30.950791,93.11199951171875,354.0379943847656,11.798771805765892,-30.950692292784503,41.463173393389724,1.3790983932019243,2.2456554067461503
SB87829_component_119a,14.598466,-29.776471,91.31199645996094,438.9999694824219,14.598579478618452,-29.776315297623015,53.96045601078806,1.0392125064343605,1.6922020903919968
SB87829_component_121a,16.409255,-29.185814,90.13700103759766,393.6113586425781,16.409125889392243,-29.185782753682638,100.02175001198069,0.5534275732820289,0.9011740049219392
SB87829_component_123a,12.334945,-32.076206,90.71199798583984,465.18975830078125,12.334798283461254,-32.07622521896043,43.06099323456453,1.2936977628326478,2.106593256957818
SB87829_component_128a,16.120043,-34.117049,86.35199737548828,279.4563293457031,16.119805891275814,-34.11705545796926,46.320859060538545,1.144848237252908,1.8642140738933937
SB87829_component_129a,13.749927,-30.367579,86.81199645996094,413.3904724121094,13.749709648558373,-30.367457886145683,41.70476025248442,1.2783396293490732,2.08158483430652
SB87829_component_130a,13.540017,-33.124204,85.23899841308594,437.1230773925781,13.539791555498095,-33.124223764168555,39.958584627724505,1.3100273982587618,2.133183625176365
SB87829_component_134a,12.219176,-29.200289,82.69000244140625,357.9653625488281,12.21913609092261,-29.200261093172454,51.182383636531064,0.9921666718596045,1.6155949873031479
SB87829_component_141a,16.58147,-34.469269,84.15399932861328,210.9122772216797,16.58128434280041,-34.46922652987977,39.74199609430695,1.3004007798479988,2.1175081173305323
SB87829_component_142a,10.790423,-34.454949,80.6240005493164,205.15013122558594,10.79013762317509,-34.45494814350609,35.16898731547953,1.4078507558137066,2.2924743276252935
SB87829_component_144a,15.637522,-28.824626,80.72699737548828,317.82281494140625,15.637461255437797,-28.824641357630576,44.50262145051795,1.1140003893601402,1.8139829687392208
SB87829_component_152a,13.377741,-35.512628,83.0719985961914,80.26280212402344,13.377647814457957,-35.51250994116405,49.528213109130135,1.0300401106823343,1.677266216189773
SB87829_component_154a,11.754146,-29.881382,79.22200012207031,282.9356994628906,11.754076125505481,-29.88136403869515,46.56825768318433,1.0447393456344958,1.7012017211603165
SB87829_component_158a,10.325852,-33.288397,78.39399719238281,261.3133239746094,10.325503748614173,-33.28844712834909,35.45132899442012,1.3580083048530023,2.2113133531530416
SB87829_component_159a,14.46632,-27.529452,80.49099731445312,135.2789764404297,14.46637058364948,-27.529576372686456,45.77791485879969,1.0798002876884176,1.7582932198359116
SB87829_component_165a,13.479746,-30.599626,74.08699798583984,379.933349609375,13.479667280147979,-30.599492380129806,60.41850769361534,0.7530505684316149,1.2262301869741299
SB87829_component_175a,16.781408,-32.801416,73.5260009765625,289.4724426269531,16.780912992230675,-32.802299348658984,1.2416091223577697,36.367059601681234,59.2183156941851
SB87829_component_179a,15.502193,-30.307245,68.71199798583984,345.2864074707031,15.502110540241668,-30.307129384041616,45.3749439646495,0.929969301671179,1.5143158752850838
SB87829_component_185a,16.286488,-32.967431,64.62300109863281,187.85755920410156,16.286300408868403,-32.96752920251874,35.24569594084493,1.125986464640284,1.8335004990990575
SB87829_component_189a,11.830535,-30.822752,68.98799896240234,291.0885925292969,11.830282223944664,-30.82296403667579,14.590849133305186,2.9036556991320346,4.728168890796753
SB87829_component_196a,16.202567,-31.392372,65.08799743652344,346.2127685546875,16.20248110142944,-31.39253968008875,26.52846493650575,1.5067490518999944,2.453515406651216
SB87829_component_201a,11.52453,-35.134789,66.39600372314453,79.89892578125,11.5245908662401,-35.134557194301784,24.2717938904249,1.6799339329686833,2.735521075322637
SB87829_component_206a,11.291304,-30.232602,59.67399978637695,270.0180969238281,11.29119919690361,-30.232625439296005,22.264004853002856,1.6460157930736845,2.6802904589884884
SB87829_component_208a,15.344898,-28.956993,61.402000427246094,225.7426300048828,15.344947624872665,-28.957062961343745,48.531619509364205,0.7769800604781456,1.2651957846862816
SB87829_component_209a,15.16241,-27.868941,62.323001861572266,134.0279541015625,15.162474019358514,-27.8690389112826,34.60056768426806,1.1061582854367378,1.801213275755266
SB87829_component_213a,11.663446,-32.687697,57.32099914550781,178.57008361816406,11.663284618612755,-32.68771114618973,27.24042033868336,1.2922664953996206,2.1042626520747136
SB87829_component_218a,11.892024,-33.368342,53.99700164794922,247.6926727294922,11.891789619357215,-33.368294265751814,27.82445627626872,1.1917772638637911,1.9406309726886875
SB87829_component_219a,14.087405,-31.781224,53.75199890136719,253.5471649169922,14.0872343894652,-31.781145551955124,28.30210011785241,1.1663478514901793,1.8992229791266082
SB87829_component_222a,17.762348,-30.743227,55.43299865722656,195.87632751464844,17.76233530538662,-30.743135025141108,26.994272682806027,1.2610981229746945,2.0535096206735197
SB87829_component_224a,18.223235,-28.327781,57.17300033569336,60.37275314331055,18.22323503242709,-28.32783046289749,28.480475558269557,1.232809250476599,2.0074454241018693
SB87829_component_226a,14.614801,-28.813547,55.99100112915039,226.68421936035156,14.614951005081457,-28.813715194243652,30.7517545233053,1.118151037280824,1.8207416779006043
SB87829_component_228a,14.615469,-29.711452,56.66699981689453,279.1477966308594,14.615565565732,-29.71132534805321,27.488986018414604,1.265970649266373,2.0614438007620164
SB87829_component_236a,15.153347,-33.279362,55.527000427246094,260.6901550292969,15.153302067641981,-33.279364203134676,23.07986661117725,1.477484918180543,2.4058631430891877
SB87829_component_237a,13.455475,-27.562198,55.18299865722656,96.64273071289062,13.455469156600923,-27.562240903089222,40.1943717376732,0.8431254311610361,1.372903624850165
SB87829_component_240a,10.208835,-32.962101,53.430999755859375,174.61111450195312,10.208495750863678,-32.96214520910309,26.78492426533703,1.2250533862207562,1.9948161595142395
SB87829_component_242a,14.313721,-34.606711,50.74100112915039,171.42230224609375,14.31359708850814,-34.60682712002997,33.47925955780975,0.9307548859982991,1.5155950818307145
SB87829_component_243a,17.6252,-31.36321,53.09600067138672,223.09243774414062,17.62492773777227,-31.363293627362076,29.42352621982482,1.1082027630693463,1.8045424017061555
SB87829_component_245a,11.652371,-32.458754,53.73699951171875,267.3482360839844,11.652602693686232,-32.458961030280115,13.064013727774164,2.526090599032236,4.113360612709217
SB87829_component_248a,12.429244,-35.032995,53.50699996948242,109.64549255371094,12.428455822895106,-35.03340902496239,9.888353298665958,3.3230644487504337,5.411113291906861
SB87829_component_250a,17.883798,-34.399869,48.45199966430664,89.39483642578125,17.883812407319837,-34.3999917435741,28.49456564481954,1.0442435507594172,1.700394393382005
SB87829_component_251a,13.723543,-28.372397,52.665000915527344,228.97825622558594,13.723576317629668,-28.372600621319044,28.602464705918525,1.1307608799191868,1.841274920081615
SB87829_component_252a,13.155841,-31.712913,46.86899948120117,235.52261352539062,13.155654073259115,-31.712831996645797,33.55484897670528,0.8577930666501747,1.3967876748227641
SB87829_component_258a,13.771433,-30.650502,48.64400100708008,231.6381072998047,13.771252176399297,-30.650424634289056,24.455273614979745,1.221543395569659,1.9891006648677958
SB87829_component_261a,11.212256,-34.965589,47.64899826049805,71.8687744140625,11.212163024576919,-34.965631996200486,35.295119391110404,0.8290701077764941,1.350016633532033
SB87829_component_264a,17.958037,-32.99224,49.915000915527344,134.1800994873047,17.958105338695077,-32.99243272222674,34.99945171785639,0.875834361584897,1.4261652244701075
SB87829_component_266a,10.891528,-27.447658,48.58000183105469,38.9262809753418,10.891358385279439,-27.447377770569872,30.65967110662815,0.9730657185912172,1.5844919425946626
SB87829_component_267a,15.972219,-30.937886,45.72700119018555,252.6353759765625,15.972061346959817,-30.937921898102807,63.587508608715346,0.4416243883614193,0.7191192451266785
SB87829_component_271a,15.209485,-33.742752,45.88800048828125,221.68115234375,15.209411286139325,-33.742761846488456,23.76817204201736,1.185647225397867,1.9306491221605293
SB87829_component_272a,9.752364,-32.104496,45.016998291015625,82.14781188964844,9.752224964010969,-32.104681880225854,24.127016774333864,1.145842811115704,1.8658335886309974
SB87829_component_273a,12.726008,-30.138747,47.858001708984375,199.40834045410156,12.725931135694385,-30.138648454710737,21.6931819967171,1.3548257380395325,2.2061310192403716
SB87829_component_278a,18.031129,-29.317402,45.369998931884766,97.9913558959961,18.031201488704202,-29.317390249259784,43.03536965844414,0.6474338003426878,1.0542490814409105
SB87829_component_287a,12.630878,-29.599474,46.3120002746582,174.10525512695312,12.630796489630423,-29.599450276580946,27.33498494333617,1.04046347127509,1.694239099478572
SB87829_component_288a,15.07477,-32.137734,44.49800109863281,209.896240234375,15.074599606709821,-32.13786626402739,26.6926357596191,1.0237671253201261,1.6670515980272678
SB87829_component_290a,15.917571,-33.874681,42.729000091552734,169.5595245361328,15.917308417849823,-33.874730362781676,25.527907395386354,1.0279207940995443,1.6738152262051502
SB87829_component_295a,9.569246,-34.193957,41.70600128173828,43.94731521606445,9.56904348793256,-34.19383359143675,30.862312063103328,0.8298932483375485,1.3513569947858461
SB87829_component_296a,13.39607,-33.950442,43.198001861572266,227.35791015625,13.395943965920258,-33.950500103748475,20.47590540002498,1.2956051983168333,2.1096992302728435
SB87829_component_297a,16.080835,-33.517891,43.79499816894531,135.1697540283203,16.08067205566624,-33.51795267969751,21.963597511264897,1.2245405563987708,1.993981092873484
SB87829_component_298a,16.846352,-28.217644,45.637001037597656,105.64120483398438,16.846267789742356,-28.217397893964318,21.278677534952823,1.3171177483885073,2.144729199577056
SB87829_component_303a,9.914613,-28.840385,40.67300033569336,54.9635124206543,9.914517493589583,-28.84026701273199,19.76836594972179,1.2635358706018116,2.057479127973436
SB87829_component_304a,13.832444,-29.992534,41.08300018310547,208.54315185546875,13.832376884219528,-29.99236580818321,36.02659311245868,0.7003112358760866,1.1403520742264743
SB87829_component_306a,9.936086,-33.166638,44.20399856567383,106.00479125976562,9.935884702772107,-33.166688844407226,26.194333422835335,1.0363497388537364,1.6875405016849283
SB87829_component_308a,10.60875,-28.934484,40.88199996948242,115.16056823730469,10.608630932796604,-28.934263182192232,20.872856788328193,1.2028248104292152,1.9586202494496614
SB87829_component_309a,17.477462,-33.596222,43.71500015258789,146.6946258544922,17.477343285453447,-33.596275501499456,25.16216700340114,1.066926694207051,1.7373304988667704
SB87829_component_317a,10.800538,-31.835739,40.38999938964844,167.59335327148438,10.800359688537675,-31.835821895494984,18.91032436150431,1.3116773095598009,2.135870258887269
SB87829_component_319a,10.851424,-30.322279,40.65599822998047,179.893798828125,10.851328154505337,-30.32235759120292,19.38681404049549,1.2878649437644567,2.097095383751944
SB87829_component_332a,17.554735,-34.730309,38.48899841308594,44.85897445678711,17.554781268334384,-34.73043419691718,21.3071049395777,1.109339053612852,1.8063926808560964
SB87829_component_335a,16.977682,-34.192686,37.875999450683594,115.82875061035156,16.977502722417412,-34.19265444877974,20.159676809503704,1.1538056826367424,1.8787999335796908
SB87829_component_336a,13.603019,-28.981225,40.952999114990234,228.78770446777344,13.602845754317165,-28.981337683768874,24.408876659604676,1.0303625293652803,1.6777912267779678
SB87829_component_337a,10.814493,-27.532739,40.29800033569336,32.97708511352539,10.814449936989332,-27.532544634165216,18.56101154868764,1.3333187688111277,2.171110137504474
SB87829_component_338a,11.705923,-30.124811,39.84700012207031,176.3141632080078,11.705727251872467,-30.124799057205447,20.57008407574753,1.1896294360605886,1.9371335564471797
SB87829_component_339a,12.395939,-34.914839,36.970001220703125,90.39119720458984,12.395838271608602,-34.91495164775579,18.461275869937392,1.2298152957592725,2.0025702167695574
SB87829_component_341a,13.542429,-30.133039,38.249000549316406,213.6815643310547,13.542269293781354,-30.13288761954265,27.997812887112453,0.8389732658804165,1.366142444895138
SB87829_component_343a,14.252193,-33.949299,36.611000061035156,175.1722412109375,14.252127005587234,-33.94930769556018,37.92369977913106,0.5928612013913753,0.9653857686422708
SB87829_component_347a,14.149438,-34.453274,36.37099838256836,124.13309478759766,14.149394959847806,-34.453400107884356,19.786658087259795,1.1288465519336983,1.8381577233594018
SB87829_component_353a,13.735692,-34.75977,36.242000579833984,103.84526824951172,13.735624929230594,-34.75982870929932,17.292891736626217,1.2870537308510779,2.095774444887878
SB87829_component_356a,14.621813,-28.985309,36.641998291015625,148.95120239257812,14.621926453910385,-28.985429360654955,30.36472176299365,0.7410746909690826,1.20672926223458
SB87829_component_357a,10.896396,-35.226619,36.85100173950195,28.002281188964844,10.896376468479009,-35.2266609810559,22.162649854497793,1.0211269779112577,1.6627525129637526
SB87829_component_363a,12.60637,-33.004876,34.03200149536133,170.16000366210938,12.606166852098273,-33.004779647858044,17.431012852308978,1.1989939893732384,1.9523823304882322
SB87829_component_368a,17.539692,-31.690562,34.51100158691406,138.04400634765625,17.53943895932523,-31.690560791817358,19.887695482877902,1.0656761335378195,1.7352941479130117
SB87829_component_370a,15.349113,-28.443094,34.4640007019043,117.22449493408203,15.349130657286704,-28.44311361440995,22.63575124793594,0.9350243376155306,1.5225472450377333
SB87829_component_371a,18.303381,-32.003031,35.305999755859375,72.05306243896484,18.303249379117272,-32.002998174947784,19.120874671718862,1.133947365590945,1.846463635268708
SB87829_component_378a,17.685018,-33.926298,33.43000030517578,90.84239196777344,17.684919611385236,-33.92638805053521,18.243152154486804,1.1253526492289434,1.8324684255266628
SB87829_component_380a,18.01325,-34.627319,36.58100128173828,44.82965850830078,18.013559511964743,-34.627334781551156,17.135687632185935,1.3110105582543383,2.134784554138828
SB87829_component_381a,16.359969,-34.239867,34.547000885009766,123.38214874267578,16.35977929388415,-34.23988610044418,19.598162902412444,1.0825479084733702,1.7627673092133136
SB87829_component_385a,18.250658,-28.77375,34.527000427246094,48.35714340209961,18.250814754147527,-28.773776588866184,18.34804889214726,1.155636097040176,1.8817804895878179
SB87829_component_389a,13.250962,-34.5159,32.840999603271484,116.45744323730469,13.250860314944614,-34.51608499360836,17.533577815626938,1.1502651442688865,1.8730346965467417
SB87829_component_395a,13.1811,-33.97213,30.915000915527344,155.3517608642578,13.180932603884344,-33.972176797422186,24.262514130054345,0.7825022586695353,1.2741878582661992
SB87829_component_396a,11.655014,-29.683509,32.43299865722656,127.188232421875,11.654903545792584,-29.683461741235018,20.848469572575674,0.955355616975143,1.5556536917169843
SB87829_component_398a,11.144834,-28.71598,33.007999420166016,122.7063217163086,11.144664691938775,-28.715834366315164,15.680878113329806,1.2927095623105191,2.104984120251977
SB87829_component_399a,13.386447,-32.942218,30.854000091552734,164.11703491210938,13.386177804937594,-32.94216625196969,10.39428691770939,1.8229254711722032,2.9683614023569875
SB87829_component_400a,16.664536,-33.520839,31.06800079345703,112.56522369384766,16.66430553507578,-33.52087913527341,21.3661450971008,0.8929749408365825,1.4540760933834849
SB87829_component_406a,14.597787,-30.03709,31.323999404907227,177.97726440429688,14.597902073498743,-30.03693822708029,20.71024991355234,0.9288466195225946,1.5124877553703242
SB87829_component_407a,10.937832,-32.17605,32.36399841308594,148.45870971679688,10.937501821337602,-32.17597111376442,15.880941918620808,1.251520740464416,2.037914286125455
SB87829_component_412a,12.612326,-30.66734,30.774999618530273,143.1395263671875,12.61214133583397,-30.66717020464861,49.6280597564562,0.3808227608036431,0.6201128911659034
SB87829_component_413a,17.756316,-33.765901,30.542999267578125,80.58838653564453,17.75633325564017,-33.766080039599075,13.711222898114595,1.3680048217258618,2.2275911853039774
SB87829_component_419a,14.73361,-28.264812,31.03499984741211,105.2033920288086,14.733674079603455,-28.264957875345498,14.467691635077824,1.3173605123228196,2.145124504324229
SB87829_component_422a,15.904001,-32.837561,31.059999465942383,96.1609878540039,15.903982076641114,-32.83765401889287,17.592336328969683,1.0842515760578533,1.7655414769893414
SB87829_component_423a,13.462907,-32.950559,27.85300064086914,139.26499938964844,13.462697631690268,-32.95051739492852,13.963550325252298,1.224977951886946,1.9946933259873423
SB87829_component_426a,12.039842,-32.123903,29.149999618530273,142.89215087890625,12.039751293519272,-32.123895406249105,13.349941307715165,1.3409461400297893,2.1835301704048673
SB87829_component_428a,17.633551,-33.912027,29.683000564575195,83.61408996582031,17.633431692595867,-33.91211312344707,12.948439122262615,1.4078050491738678,2.292399901200476
SB87829_component_430a,14.944708,-31.906187,29.641000747680664,146.01478576660156,14.94459883127686,-31.906257624988996,20.413313693795697,0.8917261247388522,1.4520425832034107
SB87829_component_431a,13.095153,-35.000624,29.72100067138672,67.24208068847656,13.095042595691915,-35.00053056338226,18.43924216707988,0.9898570871914475,1.611834174207468
SB87829_component_434a,12.925392,-30.670895,29.849000930786133,156.27749633789062,12.925281253883593,-30.670762730810658,16.796725348552965,1.0913330712175078,1.7770726323960295
SB87829_component_440a,15.314065,-30.596526,30.78700065612793,165.52149963378906,15.314240875179111,-30.59671660523575,8.115879851603621,2.329613687482492,3.7934273571145476
SB87829_component_447a,18.196056,-34.614797,29.530000686645508,30.79249382019043,18.19612701888336,-34.61511488546692,14.38391565565793,1.2607775492543285,2.052987614330862
SB87829_component_449a,16.736451,-30.853775,27.729000091552734,146.71429443359375,16.736367061166508,-30.85377214587632,24.92313918882873,0.6832562353274484,1.1125805574276
SB87829_component_450a,15.091898,-28.726296,28.18600082397461,87.26315307617188,15.091972747201572,-28.726385363457073,19.17953650895538,0.9025005804020577,1.4695871722871874
SB87829_component_451a,11.456564,-34.153014,28.347000122070312,116.6543197631836,11.456228237318314,-34.152960995645245,14.764199196201305,1.179096491281447,1.9199822317057154
SB87829_component_457a,13.745627,-34.148051,27.54599952697754,130.5497589111328,13.74561300957839,-34.14811183759294,36.99928228930703,0.45721173998324516,0.7445009152228464
SB87829_component_458a,17.516192,-29.502051,28.350000381469727,85.90908813476562,17.516245835003787,-29.502130413250264,17.336404712401638,1.0042600107844846,1.6352871804607496
SB87829_component_459a,13.187654,-32.416498,27.555999755859375,153.08888244628906,13.18749861586863,-32.41656867803711,16.81823418860482,1.0062083432066287,1.6384597483206602
SB87829_component_460a,11.38219,-29.373698,28.291000366210938,124.08333587646484,11.382168720407094,-29.373643788562052,14.282630151537626,1.2164443664664373,1.9807976588377325
SB87829_component_463a,11.833734,-27.343448,27.930999755859375,24.543935775756836,11.833702002604255,-27.343268809971754,16.949430808704303,1.0120069615812655,1.647901930813838
SB87829_component_464a,12.028113,-28.80506,27.631999969482422,114.65560150146484,12.028207324529452,-28.805038473151996,17.017316803402725,0.997179572266487,1.623757745636916
SB87829_component_465a,11.534592,-31.369757,27.597000122070312,137.98500061035156,11.534383482080788,-31.36970654144717,14.683557644385175,1.1542043862890936,1.8794491628275856
SB87829_component_475a,13.34586,-34.700331,26.591999053955078,83.0999984741211,13.345782531189123,-34.70055642881192,13.256444742296454,1.2319017104264685,2.0059676309070835
SB87829_component_476a,12.003023,-35.206042,26.726999282836914,36.66255187988281,12.002985847699644,-35.206014703053114,15.169161748957338,1.082033625436125,1.7619298762289228
SB87829_component_478a,12.193011,-32.230419,25.600000381469727,123.67150115966797,12.192896538815233,-32.230391371961886,15.105554809722708,1.0407715885900328,1.694740822428598
SB87829_component_479a,16.383998,-31.637155,26.094999313354492,136.62303161621094,16.383889453817787,-31.637288561644187,22.952106035162128,0.6982113198115925,1.1369326750833897
SB87829_component_481a,15.611057,-27.328346,28.45599937438965,23.459190368652344,15.611133910869217,-27.328383211429532,16.3416274342788,1.0693765960460242,1.7413197974823056
SB87829_component_483a,12.694579,-29.627403,26.687999725341797,103.8443603515625,12.694484294485703,-29.627416523745826,13.089418288948814,1.252125371263697,2.038898836923414
SB87829_component_484a,11.318119,-27.579838,28.19499969482422,32.557735443115234,11.317993779078861,-27.579560462998607,15.51101196220483,1.116308158738178,1.8177408259065264
SB87829_component_486a,16.135799,-27.610858,28.774999618530273,36.843788146972656,16.13565996862047,-27.611001504615874,17.116880360954042,1.0323877645276913,1.6810890192450025
SB87829_component_488a,12.307585,-33.700321,26.365999221801758,127.99028778076172,12.307380798254961,-33.70027192712198,15.161353907117707,1.067968361350838,1.7390266979668534
SB87829_component_499a,17.707464,-32.698188,26.076000213623047,96.57777404785156,17.707338848702697,-32.69823913645043,14.379739036495701,1.1136330436283652,1.813384801173533
SB87829_component_500a,9.357964,-31.198537,26.69099998474121,26.348468780517578,9.35738978526548,-31.19866401365209,15.58263427278025,1.051903995329452,1.712868281287013
SB87829_component_501a,17.370839,-34.088342,27.677000045776367,85.16000366210938,17.370799798958462,-34.08843153275795,21.703378637752873,0.7831479306262692,1.2752392384489124
SB87829_component_502a,11.601531,-32.308982,25.02199935913086,131.00523376464844,11.601299419659775,-32.30900380691204,15.830248581779164,0.97070308850898,1.5806447529782652
SB87829_component_503a,12.041022,-34.797466,24.82200050354004,63.97422790527344,12.04095666610778,-34.79753646014443,14.169144569160366,1.0758340512915783,1.7518347972513446
SB87829_component_505a,11.963968,-29.688331,25.57200050354004,97.23193359375,11.963938297656364,-29.68831012862508,15.360479541146805,1.0223793464553903,1.6647918077713117
SB87829_component_506a,15.873358,-29.429229,26.788000106811523,124.01851654052734,15.87331248997989,-29.42927779418383,13.458483727534054,1.2223520231480143,1.9904173939005674
SB87829_component_513a,12.293372,-31.323643,25.386999130249023,122.64250946044922,12.293235725528389,-31.323587644945082,13.523538056025261,1.1528509932333508,1.8772453647171223
SB87829_component_514a,16.968489,-29.823314,24.84600067138672,109.93805694580078,16.968590692976427,-29.82335336897241,13.302084940423715,1.1470673371227589,1.8678275460324412
SB87829_component_518a,10.324524,-33.080771,25.180999755859375,90.90613555908203,10.324188977095226,-33.08083349564033,15.26950484430441,1.012745103612523,1.6491038846784867
SB87829_component_529a,16.374232,-29.808104,25.384000778198242,119.17371368408203,16.374471275902625,-29.808123808609444,7.854606462698279,1.984667597373323,3.23173425667441
SB87829_component_532a,17.918966,-28.846615,24.704999923706055,49.90909194946289,17.91897026586439,-28.846656511468538,15.177744765965866,0.9996080594089561,1.6277121736230424
SB87829_component_534a,12.710091,-28.001695,26.042999267578125,79.15805053710938,12.710163956667229,-28.001759041352017,13.418333129934753,1.1919130271583414,1.9408520429023481
SB87829_component_536a,12.189683,-28.619569,24.384000778198242,101.60000610351562,12.189831446644348,-28.619594676124333,16.770936241184657,0.8928937706374779,1.4539439198580972
SB87829_component_537a,16.458937,-30.714371,24.71299934387207,121.14215850830078,16.458848626121785,-30.71438259707718,13.684581582005572,1.109037093475647,1.8059009839488425
SB87829_component_538a,13.16621,-35.236047,25.569000244140625,37.601470947265625,13.166127929638526,-35.2360341983482,11.975327634120713,1.3112288030566834,2.1351399331478937
SB87829_component_539a,13.90872,-33.473078,23.590999603271484,120.36224365234375,13.908628257793191,-33.47305365748695,12.850583184322705,1.127393803529232,1.8357921399280726
SB87829_component_541a,10.587013,-29.713517,22.82200050354004,70.87577819824219,10.586876370763079,-29.713567400798105,12.560383606808294,1.115842618001757,1.816982762466704
SB87829_component_543a,14.900726,-30.955923,23.349000930786133,127.59017181396484,14.900513864474743,-30.95589305206924,13.17613861864998,1.0882590432396868,1.7720670377387437
SB87829_component_544a,13.190228,-31.251039,23.426000595092773,120.13333892822266,13.19008257200805,-31.250958823281383,15.578010620240004,0.9235029601078136,1.5037864054769696
SB87829_component_550a,18.727807,-34.019848,22.940000534057617,17.686969757080078,18.727968470048967,-34.0200049742198,19.48139430987077,0.7231452275645072,1.177533813502992
SB87829_component_556a,13.228565,-29.729485,23.725000381469727,124.86842346191406,13.228438089496432,-29.729376017200494,13.620194127830564,1.069732198069017,1.7418988421752155
SB87829_component_558a,12.015413,-31.500798,23.360000610351562,105.22522735595703,12.015257771205725,-31.50072007072524,12.745118640031412,1.1255922771650044,1.8328586237698599
SB87829_component_559a,11.764949,-30.998939,23.52400016784668,92.98023986816406,11.764760596902173,-30.998791989314164,13.830960384393324,1.0445060837090059,1.7008218890129174
SB87829_component_563a,12.313698,-30.010584,22.739999771118164,78.95833587646484,12.313651377159838,-30.010616068749105,11.847832512585933,1.1787010957734503,1.9193383892759708
SB87829_component_564a,14.277509,-30.374238,22.506000518798828,111.97014617919922,14.27738110907534,-30.374188334795274,12.14032574569289,1.138466149842664,1.8538217993683936
SB87829_component_565a,11.205496,-28.059036,23.011999130249023,52.779815673828125,11.205330261266086,-28.05875386592116,10.298862222645246,1.3721994412085445,2.2344214955755013
SB87829_component_567a,15.318451,-34.237965,22.191999435424805,96.06925964355469,15.318289381002641,-34.23804264420761,10.30275250222651,1.3228034014584489,2.1539874349722496
SB87829_component_570a,9.613719,-30.493275,23.30299949645996,35.79569625854492,9.613499934911404,-30.493411069163304,9.890244967026968,1.446961296245983,2.3561599914005873
SB87829_component_575a,12.679649,-28.352374,22.250999450683594,93.10041809082031,12.679797680702965,-28.352396305419852,11.346534504016994,1.2043103598522613,1.9610392444323959
SB87829_component_577a,14.069991,-31.955257,22.354000091552734,107.47115325927734,14.06978744661475,-31.955194786904727,14.105765909052217,0.9732193014488048,1.584742029300749
SB87829_component_580a,17.676227,-34.512651,20.3799991607666,33.030792236328125,17.676287074723607,-34.51277116195094,11.690808431067135,1.070561830497935,1.7432497744645978
SB87829_component_582a,11.336957,-31.892227,21.68600082397461,89.98340606689453,11.33662046645081,-31.892240078483336,6.76371155119791,1.9690036862243538,3.206227920842342
SB87829_component_584a,12.775055,-34.758581,21.31100082397461,64.3836898803711,12.775028037841604,-34.758677831376225,16.229418137340055,0.8064046690672251,1.3131093575648922
SB87829_component_587a,10.900449,-28.85823,21.691999435424805,81.54886627197266,10.900453092582419,-28.858177688674722,8.727237843413457,1.5264230302628323,2.485551536995866
SB87829_component_589a,15.936331,-31.567142,21.44499969482422,95.31111145019531,15.93608541656488,-31.5673190739322,9.290527757130686,1.4175480751884963,2.3082649614134896
SB87829_component_591a,12.132327,-33.734964,20.10700035095215,103.11282348632812,12.13207731153217,-33.73489098651812,11.59279939785824,1.0651508101899174,1.7344387374344543
SB87829_component_592a,10.485967,-29.59695,22.135000228881836,69.60691833496094,10.48586560705872,-29.597020338232245,15.381439880303976,0.8837606814679847,1.43907205054488
SB87829_component_597a,15.38434,-27.912107,22.191999435424805,45.289794921875,15.384374001028123,-27.912156903274713,21.210092240179687,0.6425486461823284,1.0462943387575196
SB87829_component_598a,18.125583,-34.92515,20.777000427246094,15.799999237060547,18.12594079658927,-34.92534208401444,16.979300662386347,0.7514761252994613,1.223666441885481
SB87829_component_600a,11.729739,-33.836247,21.27199935913086,104.27450561523438,11.729428955923728,-33.83622302451739,9.896122414712316,1.3200652231282737,2.1495287212197693
SB87829_component_602a,17.069551,-28.368823,21.89699935913086,55.71755599975586,17.069462944723384,-28.368567604679054,10.679772698689927,1.2591420667205921,2.050324475708826
SB87829_component_603a,16.694508,-33.419438,21.100000381469727,79.92424774169922,16.69420551239949,-33.419491755808295,11.792789672248096,1.0987984743154917,1.7892289244439112
SB87829_component_604a,15.427971,-31.283802,22.190000534057617,117.40740966796875,15.427826791502401,-31.283868903671646,11.623133655783112,1.1724280986274218,1.909123751925277
SB87829_component_606a,10.722542,-29.06242,20.400999069213867,68.92229461669922,10.722413133261721,-29.062250862908602,12.561214417232584,0.9974059265936445,1.624126329793875
SB87829_component_607a,13.975027,-32.242336,20.58300018310547,105.55384826660156,13.97472751608866,-32.24231855655343,15.590591198373824,0.8107710467234723,1.3202193503253665
SB87829_component_610a,11.901051,-31.582563,20.857999801635742,101.746337890625,11.900846729305457,-31.582521845516297,11.55090023907028,1.1089423349106762,1.8057466838025935
SB87829_component_611a,9.379304,-32.818538,21.767000198364258,25.820878982543945,9.37913496533729,-32.81870144173803,13.855265162194014,0.9647968501326295,1.5710273274132995
SB87829_component_613a,16.954879,-35.108,21.628999710083008,26.185230255126953,16.954967994308696,-35.10796384187121,11.423592969286306,1.1627486708855768,1.893362251984569
SB87829_component_615a,11.999963,-29.746155,21.31100082397461,72.7337875366211,12.000026248959225,-29.74613790264885,11.259444303175938,1.1623556376138169,1.8927222561031223
SB87829_component_616a,10.401273,-28.338381,19.972999572753906,36.44708251953125,10.401144000914082,-28.33815178341589,12.605405794678692,0.9730577120672534,1.584478905168242
SB87829_component_622a,17.045703,-32.188769,21.167999267578125,109.67874908447266,17.045622529131307,-32.18877494648445,10.745223801838954,1.209808088628549,1.9699914732306834
SB87829_component_623a,16.925261,-34.146179,20.143999099731445,64.35782623291016,16.925019521917473,-34.146114415681794,8.49004992547729,1.4570940563876984,2.372659675331532
SB87829_component_624a,10.966539,-29.203819,18.972000122070312,75.58566284179688,10.966444506139691,-29.20369597556929,9.068520546805702,1.2847801404756432,2.092072243112799
SB87829_component_625a,11.153554,-29.292088,20.274999618530273,87.77056121826172,11.153549455363724,-29.291921384419243,10.93117229306452,1.139059085810669,1.8547873068832803
SB87829_component_630a,9.646154,-30.832836,21.92799949645996,32.777278900146484,9.646263038079406,-30.83316874155703,6.1599677166326,2.186113538797131,3.5597588340036124
SB87829_component_631a,18.101409,-31.98747,20.35099983215332,57.98005294799805,18.101075494305363,-31.98747234747458,10.430021520098878,1.1982644740911141,1.951194423993901
SB87829_component_638a,13.225565,-32.256458,19.132999420166016,105.70718383789062,13.225398326465628,-32.2564406749847,10.781189470688343,1.0898544888412698,1.7746649822066838
SB87829_component_640a,14.813779,-32.357283,20.815000534057617,89.71983337402344,14.813777220215616,-32.35738048578931,18.522812708977717,0.6901152562078575,1.123749446754861
SB87829_component_642a,11.511796,-29.81039,19.69700050354004,79.74494171142578,11.511795051820645,-29.81035935087255,11.37447372149621,1.0634594180655257,1.731684558408657
SB87829_component_644a,11.271443,-33.927086,19.392000198364258,89.77777862548828,11.271140155906657,-33.92700619907741,9.692624518014394,1.2286646275405955,2.000696525726641
SB87829_component_649a,12.997944,-27.711522,19.597000122070312,41.34387969970703,12.99797859836497,-27.71156225884536,14.883768677215398,0.8085908473508713,1.3166692218261962
SB87829_component_650a,14.367622,-29.003936,20.844999313354492,101.68292236328125,14.367772845630018,-29.00401833870334,9.648519176826078,1.3267630200300633,2.16043508141853
SB87829_component_653a,11.452485,-27.574354,18.724000930786133,19.730243682861328,11.452666481011834,-27.57422194449468,13.692224366457848,0.8398017676327685,1.3674915360468924
SB87829_component_654a,13.564758,-34.469949,20.135000228881836,68.02365112304688,13.564704688460896,-34.47009339709533,10.648541686739884,1.1612176837064572,1.890869268414001
SB87829_component_658a,14.020826,-32.470507,19.202999114990234,97.47715759277344,14.02063061210315,-32.47054486591456,10.878999875788882,1.0840073515624886,1.7651437939370087
SB87829_component_664a,11.461201,-34.777391,19.51099967956543,43.94369125366211,11.461117849619294,-34.77767671107502,5.639867431367593,2.1245294884641233,3.459478421611458
SB87829_component_666a,17.318188,-27.974839,19.472000122070312,36.19330978393555,17.318131542863714,-27.974639485305822,12.318794866365156,0.9707211177161067,1.5806741108447255
SB87829_component_669a,12.669251,-31.287655,18.722000122070312,80.008544921875,12.669078920270403,-31.28753589652942,10.565994804987495,1.088163083974167,1.7719107824312876
SB87829_component_677a,10.647982,-29.698017,18.461000442504883,65.93214416503906,10.647937327099088,-29.698002096763293,11.119705269429046,1.0195630641031987,1.6602059133041018
SB87829_component_684a,16.110811,-31.172523,19.33300018310547,103.38502502441406,16.110584132439122,-31.17247004513832,8.42675749000279,1.4089348020425863,2.2942395347251257
SB87829_component_687a,9.599943,-30.825765,19.483999252319336,25.271074295043945,9.599519956426123,-30.825862613600886,10.62463553570029,1.1262017570887086,1.8338510706414652
SB87829_component_690a,17.605738,-29.91201,18.554000854492188,57.089237213134766,17.605770007287745,-29.91206351317352,12.593707685592,0.9047656439816356,1.473275489450906
SB87829_component_692a,13.017239,-27.676467,18.285999298095703,36.28174591064453,13.01728616105652,-27.676427956517763,13.279086139412383,0.8456733565003418,1.3770525400707192
SB87829_component_693a,18.22481,-34.60068,18.33300018310547,18.5744686126709,18.224948168695622,-34.60118052268313,15.440825624526147,0.7291471149723059,1.1873069892056423
SB87829_component_694a,16.292866,-28.149293,18.658000946044922,54.55555725097656,16.292817927746036,-28.149255754871305,12.073525940873372,0.9490369651978736,1.545364712629693
SB87829_component_698a,12.002886,-30.457405,18.031999588012695,90.6130599975586,12.002762806888148,-30.457292909476234,10.489642636580887,1.0556873884970934,1.7190289710279634
SB87829_component_699a,17.600867,-31.729869,19.059999465942383,78.11475372314453,17.600603028177005,-31.72982728378459,8.311414112868484,1.4083159571619794,2.293231838422293
SB87829_component_700a,12.591324,-29.126329,17.415000915527344,74.74249267578125,12.591272860311696,-29.12634017165279,9.909312169685036,1.0792750290287125,1.7574379146924053
SB87829_component_704a,10.504953,-29.098196,18.823999404907227,51.0135498046875,10.504925223997281,-29.098072115937903,9.6495186995208,1.1980043246293623,1.9507708095163372
SB87829_component_706a,13.213307,-33.343269,17.333999633789062,87.10552215576172,13.21311946985689,-33.34327524277392,6.662229189914959,1.597832871765718,2.601831780273882
SB87829_component_707a,12.397484,-31.921306,17.415000915527344,97.2905044555664,12.397323226725383,-31.921270858032496,12.043305031128117,0.8880347339827848,1.4460317056252499
SB87829_component_710a,12.277017,-29.67927,17.905000686645508,49.87465286254883,12.277033949836476,-29.679366286594465,13.473508939238096,0.8161044850149868,1.3289040566486614
SB87829_component_711a,16.452185,-29.513552,18.01799964904785,91.46192932128906,16.452113151017265,-29.513600841140395,14.745761620676541,0.7503977146286759,1.2219104114488715
SB87829_component_714a,9.843152,-29.653184,18.538000106811523,27.463703155517578,9.843195302098813,-29.653309977579564,10.78022056105635,1.0560570282956327,1.7196308741381625
SB87829_component_717a,16.190415,-32.641225,18.100000381469727,68.30189514160156,16.19034658128652,-32.64140324324143,8.682873895899162,1.2801687685072394,2.084563313768519
SB87829_component_722a,18.369755,-28.438519,17.72800064086914,16.116363525390625,18.370083281194244,-28.438626916052186,16.568251956239422,0.6571056567174343,1.0699982525430494
SB87829_component_725a,12.901279,-32.176878,16.464000701904297,96.28070068359375,12.901120124984237,-32.17688413610126,9.606451024000561,1.0525059033282558,1.713848398411752
SB87829_component_726a,14.023171,-34.832232,17.805999755859375,47.10581970214844,14.023181978787711,-34.83222720811349,9.345662150473972,1.1700607833936005,1.9052689332404693
SB87829_component_729a,10.162034,-30.710722,17.459999084472656,52.590362548828125,10.161914035650321,-30.710605444041015,12.354009660361019,0.8679374291952914,1.4133062515318144
SB87829_component_732a,11.421249,-27.442304,16.04599952697754,14.288512229919434,11.420974356470769,-27.44204044783797,10.574288558801472,0.9318966594205683,1.517454289028429
SB87829_component_735a,11.599244,-33.070867,17.14900016784668,80.5117416381836,11.599073681950394,-33.07082979904833,8.941623497581661,1.1778081707945087,1.9178843945380584
SB87829_component_738a,17.424352,-28.564447,18.261999130249023,42.96940994262695,17.42442430215814,-28.56436327925883,8.998405348496911,1.2463353190719137,2.0294706031774283
SB87829_component_739a,15.196751,-30.18472,17.20400047302246,95.04972839355469,15.196694430389137,-30.184533392601093,12.17621147069099,0.8676996077652871,1.4129189949134604
SB87829_component_740a,12.871884,-32.94774,16.80900001525879,78.91549682617188,12.87169070322189,-32.94762456813329,8.855108680439018,1.165735760580048,1.898226280654235
SB87829_component_745a,9.992645,-31.209368,17.642000198364258,47.42473220825195,9.992521731417838,-31.20939443238887,10.608453112737719,1.0212872234728225,1.6630134488864603
SB87829_component_747a,12.956181,-30.360792,17.233999252319336,91.1851806640625,12.956127565794047,-30.360700799893287,9.169845562524477,1.1541870196764223,1.8794208838970654
SB87829_component_748a,16.205062,-31.253768,16.0310001373291,84.82010650634766,16.204854948189904,-31.25388840046984,10.107407111362242,0.9740314873505322,1.5860645525307724
SB87829_component_757a,15.937742,-28.822812,16.4950008392334,70.19149017333984,15.93774416243743,-28.822808262819322,10.207461308212173,0.9923999575284976,1.615974858113127
SB87829_component_758a,13.220222,-27.661661,17.302000045776367,36.891258239746094,13.22018786819162,-27.661652639281577,21.30348237873276,0.4987671533198552,0.8121676887459927
SB87829_component_771a,10.577243,-31.996341,16.459999084472656,65.05928802490234,10.577063412206059,-31.996386343673166,8.975282183141898,1.126247480522636,1.8339255244129438
SB87829_component_774a,12.499477,-34.58571,15.468000411987305,54.65724563598633,12.499284513484705,-34.58591350911875,9.77191017716399,0.9720908294451877,1.5829044814732873
SB87829_component_777a,15.657882,-29.561494,16.243999481201172,81.2199935913086,15.657811242087876,-29.56141217238528,9.789153544858992,1.0190604898387479,1.6593875463044603
SB87829_component_779a,13.163525,-32.303684,15.114999771118164,81.26343536376953,13.163338756936579,-32.30370235814673,7.321899005153214,1.2677585501069817,2.064355129793528
SB87829_component_785a,9.429159,-33.638552,16.945999145507812,17.578838348388672,9.428905505254136,-33.63828291037489,9.664897900988306,1.0767677683978742,1.7533552158657528
SB87829_component_786a,15.431715,-32.08537,16.246999740600586,65.24899291992188,15.431457412037517,-32.08548589538785,7.188273670843188,1.3880359287961948,2.2602088463188417
SB87829_component_791a,15.404295,-34.09308,14.746999740600586,60.68724060058594,15.404140563500846,-34.093094485809225,8.200925339333036,1.104314950780931,1.7982116810491446
SB87829_component_792a,18.118345,-33.826302,15.321999549865723,31.526748657226562,18.118305961864095,-33.826365367083525,25.322851128525176,0.3715822677339386,0.6050661306698638
SB87829_component_794a,12.965203,-29.869282,16.490999221801758,62.70341491699219,12.965057283885603,-29.869191032230514,8.646695987919149,1.1712481525708927,1.9072023863036687
SB87829_component_798a,10.603624,-30.361475,16.584999084472656,62.584903717041016,10.60346554621885,-30.361474066409812,7.408590557977321,1.3747761697623808,2.238617312521676
SB87829_component_801a,10.180218,-33.986815,15.770999908447266,42.97275161743164,10.179897913270084,-33.98682616991701,7.867715850815931,1.231013172164857,2.004520779282047
SB87829_component_802a,18.22532,-29.132051,15.498000144958496,25.28221893310547,18.2255530163112,-29.132110657366862,6.776918782072554,1.4044151869943027,2.2868800177975297
SB87829_component_803a,13.185686,-30.14005,15.958999633789062,79.79499816894531,13.185563885702123,-30.139990446628698,8.626121223135314,1.1361671939876936,1.8500782937048137
SB87829_component_804a,11.145725,-31.318115,15.78600025177002,76.63106536865234,11.145611895764914,-31.318223618888897,10.451140437361913,0.9275996139115543,1.5104571932969584
SB87829_component_806a,11.774094,-35.207093,16.84600067138672,19.4976863861084,11.774082658653711,-35.20700878984992,10.720179602110868,0.9650434994355265,1.5714289589019237
SB87829_component_807a,15.887507,-29.074708,16.246000289916992,68.83898162841797,15.887428332670861,-29.074733062801542,10.517338023495354,0.9486210596034927,1.544687472592781
SB87829_component_808a,14.191806,-28.801752,15.392000198364258,74.35749053955078,14.191835058951833,-28.801904697719422,13.080994027926911,0.7226141313603185,1.1766690027916478
SB87829_component_809a,14.383904,-29.295153,15.281999588012695,76.7939682006836,14.383933900453833,-29.295359966827636,6.927017089373877,1.3548339223942047,2.206144346237496
SB87829_component_810a,12.98281,-32.445177,14.954000473022461,74.39801025390625,12.982662685694029,-32.44519596038856,20.56844142475351,0.44648630586584215,0.7270361503923075
SB87829_component_812a,15.90775,-29.685517,16.115999221801758,86.18180847167969,15.907647595508221,-29.685550949095123,7.072730844724369,1.399336763168817,2.2786105643795094
SB87829_component_820a,15.45763,-31.631762,15.17300033569336,67.73660278320312,15.457473400307457,-31.631918174844895,14.319227818184192,0.6507347603726892,1.0596242009939216
SB87829_component_826a,12.755991,-29.665239,15.152000427246094,60.366539001464844,12.755891489310006,-29.665144149249343,12.659180250618927,0.7350494003382017,1.1969179778844912
SB87829_component_827a,9.683283,-30.519213,15.718000411987305,23.52994155883789,9.683078877055733,-30.519118726378924,9.579236409446619,1.0076704934064684,1.6408406411691552
SB87829_component_837a,15.166239,-32.806127,14.621000289916992,65.56502532958984,15.166153237824108,-32.806356443544324,8.130156038892258,1.1044100302043807,1.7983665036654226
SB87829_component_838a,16.998468,-30.478301,15.397000312805176,80.61256408691406,16.998457778641278,-30.478299519337085,7.9396809168977915,1.1909271793494594,1.9392467372380404
SB87829_component_843a,12.738196,-31.454126,14.888999938964844,75.96428680419922,12.738010417405548,-31.453955389613352,11.399629415715394,0.8020970743165715,1.3060950839716812
SB87829_component_845a,13.994053,-30.375679,15.581999778747559,77.52238464355469,13.99384511619753,-30.37554920354499,6.961043678559517,1.3746779684823607,2.238457406429034
SB87829_component_852a,18.291654,-33.851438,16.076000213623047,24.02989387512207,18.291673449296315,-33.85144616582028,7.7764772609306485,1.2695424711330185,2.0672599782924275
SB87829_component_854a,17.726146,-29.491442,14.395999908447266,36.81841278076172,17.726285109583188,-29.491481549108276,7.968886723101114,1.1094208388958418,1.8065258559535684
SB87829_component_855a,9.969797,-33.721453,15.536999702453613,33.48491287231445,9.969502345151648,-33.72135504883394,8.870258815690322,1.0756797748750355,1.7515835811882627
SB87829_component_857a,9.726743,-30.143512,14.937999725341797,23.4874210357666,9.726692937737678,-30.143599701103206,20.570408551585803,0.4459659151620724,0.7261887719867481
SB87829_component_859a,16.391953,-32.254982,15.392000198364258,64.67227172851562,16.391720724182218,-32.25499081961818,10.585345940672338,0.8929808425533169,1.4540857034462324
SB87829_component_862a,12.704576,-32.001464,14.227999687194824,74.10416412353516,12.70436755982287,-32.00141999861828,7.380860277790137,1.1838290701767344,1.927688528396686
SB87829_component_863a,11.263579,-31.288421,14.281999588012695,71.76884460449219,11.263344953190838,-31.28853280800985,5.853846072995431,1.4983037109610509,2.4397634324375996
SB87829_component_864a,16.530139,-28.159629,15.229999542236328,37.60493850708008,16.530079879408905,-28.159488242156495,9.272198769238924,1.00871689439734,1.6425445486309855
SB87829_component_868a,11.092038,-33.105937,14.241000175476074,65.93055725097656,11.091731236390213,-33.106047474182034,12.575465051806471,0.6954542645781127,1.1324432231180466
SB87829_component_869a,12.44903,-32.387503,13.704000473022461,70.27693176269531,12.448897659293634,-32.38748737476249,9.11316267413031,0.9234861355148544,1.5037590091444588
SB87829_component_872a,13.777405,-30.945938,14.142000198364258,67.34285736083984,13.777193666343155,-30.945872420445294,9.376330250640722,0.9262539667180674,1.508266008164322
SB87829_component_873a,10.424461,-28.449617,14.34000015258789,30.31712532043457,10.424222282595851,-28.449381040533797,11.167249447750187,0.7885969192282412,1.2841121011653325
SB87829_component_875a,10.900592,-27.594403,15.093999862670898,14.541425704956055,10.900352862329296,-27.594193290470496,5.891548659029281,1.5733560345969695,2.5619749129183726
SB87829_component_876a,11.024499,-30.872126,14.119999885559082,69.90098571777344,11.024360723225497,-30.87225837446384,6.672183719687965,1.2996273265928517,2.1162486644206835
SB87829_component_878a,14.880759,-32.707597,13.635000228881836,60.87053298950195,14.880700983844896,-32.70759899599453,9.034310962311284,0.9268559708595367,1.5092462818430084
SB87829_component_879a,9.756425,-32.071435,15.154000282287598,28.167287826538086,9.756156819772446,-32.07138689267447,4.88135828693359,1.9065084865330275,3.104463838037006
SB87829_component_880a,16.310086,-35.154582,15.076000213623047,19.42783546447754,16.309950880221887,-35.154459538949844,11.47397750537283,0.8069084774736547,1.3139297341801068
SB87829_component_881a,15.98141,-33.88697,13.647000312805176,52.69112014770508,15.981306250455276,-33.886952774554686,6.419920658324218,1.3054483033153235,2.125727254138283
SB87829_component_884a,15.360747,-33.148459,14.097000122070312,57.30487823486328,15.360636732629368,-33.14861665658734,6.9607250536724194,1.243724991943618,2.0252200759794206
SB87829_component_886a,10.789632,-31.207722,14.21500015258789,65.8101806640625,10.789486870113269,-31.207798664989912,11.405827570092638,0.7653713553191684,1.24629274511051
SB87829_component_887a,18.412116,-32.835749,15.095999717712402,24.270097732543945,18.412003070572283,-32.83604022090002,3.526202450858376,2.6290979922055273,4.281092741580284
SB87829_component_889a,16.897429,-29.120441,14.404000282287598,50.18815231323242,16.897237645187992,-29.120437397001236,11.492605196442549,0.7696916425217625,1.2533276864627918
SB87829_component_891a,14.3846,-27.386199,14.76200008392334,19.81476593017578,14.384722842437782,-27.38704423412206,2.901119094400018,3.1248687678456766,5.088381277562228
SB87829_component_894a,9.745297,-31.315883,14.756999969482422,29.9939022064209,9.745155988925951,-31.316069419606034,7.842943207976674,1.1555031761798782,1.8815640478530813
SB87829_component_895a,11.174676,-29.645714,14.430999755859375,60.12916564941406,11.174626677525037,-29.645740125803915,5.820538141922765,1.5225985688916879,2.479323973829715
SB87829_component_904a,13.88932,-28.626487,13.347000122070312,66.07425689697266,13.889268766198013,-28.626577058720393,7.996077395596093,1.0250824843781068,1.6691934634626329
SB87829_component_907a,13.352335,-31.286076,13.16100025177002,58.75446319580078,13.352199447870774,-31.28596104255174,6.628817240558351,1.2192843215647842,1.9854221008303825
SB87829_component_912a,11.380828,-28.097952,13.178000450134277,34.49738311767578,11.38058642299558,-28.097747438080063,6.67891938006538,1.211700966382405,1.9730737414598465
SB87829_component_913a,10.226335,-32.452027,14.536999702453613,46.29617691040039,10.226011384707856,-32.452211368086964,9.806847489761385,0.9103271541788821,1.4823315767509015
SB87829_component_914a,13.080441,-31.457261,13.45300006866455,64.36841583251953,13.080323407960394,-31.457224169103725,8.663984106853388,0.9535723175175004,1.5527498553492214
SB87829_component_917a,14.212136,-29.970551,13.449999809265137,69.68911743164062,14.212179414413333,-29.970411781830258,9.180618419708688,0.8997098573834131,1.465042897370733
SB87829_component_918a,13.884447,-31.536227,13.378999710083008,64.32211303710938,13.884362150257612,-31.536162995668843,7.618378850303833,1.0784827822880667,1.7561478594031106
SB87829_component_926a,16.014075,-29.729784,13.218000411987305,69.56842041015625,16.014039852422794,-29.729909637913348,10.140616351924427,0.8004856410737923,1.30347110602196
SB87829_component_928a,14.739736,-33.80358,12.994000434875488,57.49557876586914,14.7396591078221,-33.80359199964056,8.335506228652498,0.9573330096756262,1.5588735798924684
SB87829_component_929a,10.820939,-32.66546,12.869000434875488,57.195560455322266,10.820548491193314,-32.66551637776788,8.017953735447621,0.9856742407000284,1.6050230344908627
SB87829_component_936a,9.91948,-32.837737,13.670999526977539,31.21232795715332,9.919207427955158,-32.83772527461623,18.99283062096422,0.44204116060030757,0.7197978963645123
SB87829_component_938a,15.330798,-29.537795,14.022000312805176,67.41345977783203,15.330958396745633,-29.53748855910672,7.407553188936786,1.1624849293503237,1.8929327883527176
SB87829_component_942a,18.299032,-31.323677,13.89900016784668,32.62676239013672,18.29881692841875,-31.323659899294228,7.656180990083057,1.1148681437288457,1.8153959769041323
SB87829_component_943a,10.500104,-33.545721,13.392000198364258,49.05494689941406,10.499866122207642,-33.54564010706686,6.549144025624065,1.2557784996624335,2.0448474099770833
SB87829_component_947a,12.526972,-34.024548,12.371999740600586,62.48484802246094,12.52680854727579,-34.024534104424525,9.152460813268709,0.8301453919943095,1.3517675730077288
SB87829_component_951a,16.189517,-30.254835,12.987000465393066,72.55307006835938,16.189470313475994,-30.254930168035152,6.850173608611899,1.1642853028843902,1.895864427299488
SB87829_component_953a,9.689667,-31.773038,12.053999900817871,19.990049362182617,9.689481335202482,-31.773186199232832,6.601608713826072,1.121330258303675,1.8259185636938144
SB87829_component_955a,15.374951,-27.366804,11.75100040435791,12.382508277893066,15.374631182864942,-27.36701844093333,8.622963824717369,0.8368939233848035,1.362756546730969
SB87829_component_960a,12.478864,-28.426504,13.088000297546387,53.63934326171875,12.479056441029355,-28.42646505399648,7.822640999060134,1.027476822080019,1.673092284193902
SB87829_component_964a,14.788102,-35.216565,11.40999984741211,19.14429473876953,14.788159367196595,-35.21641578342798,7.198390806920257,0.973424684023065,1.5850764640956938
SB87829_component_966a,13.451169,-32.849702,11.829000473022461,60.04568862915039,13.450914639091103,-32.84967385669722,5.417145229914124,1.3410028711761102,2.183622548589118
SB87829_component_968a,11.488614,-31.930742,11.833000183105469,55.037208557128906,11.48828185534421,-31.930650601248416,7.131800330591489,1.0189381734980856,1.6591883724434102
SB87829_component_969a,18.069786,-32.355745,12.512999534606934,34.66204833984375,18.069722432291776,-32.35587861510457,7.046758809758486,1.0904962054773237,1.7757099217414245
SB87829_component_974a,16.439371,-33.576672,12.34000015258789,48.39215850830078,16.439184824924297,-33.57669982576246,7.046045716802393,1.0755283086553191,1.7513369411102797
SB87829_component_975a,18.692543,-33.122024,11.218999862670898,10.74616813659668,18.692679637223147,-33.12206904284002,5.625543373082937,1.2247340794073511,1.9942962161400255
SB87829_component_977a,15.800083,-35.325226,13.21399974822998,15.418903350830078,15.800187317890156,-35.32514116941894,6.822389618230885,1.1894601970967158,1.936857976114314
SB87829_component_979a,10.469863,-33.207437,12.447999954223633,46.62172317504883,10.469564384931964,-33.20755436438317,5.778348104902817,1.322963961901249,2.1542488836319404
SB87829_component_981a,14.744682,-27.52958,12.401000022888184,21.832746505737305,14.744758050868157,-27.529717958126685,10.790010606977225,0.7058086460741333,1.149303784267759
SB87829_component_987a,12.647247,-34.21288,12.234000205993652,52.506439208984375,12.647140132557722,-34.21304575246529,5.675302445821364,1.3238281452793093,2.155656076972841
SB87829_component_989a,14.195838,-32.221595,11.529000282287598,60.36125946044922,14.1955679091334,-32.22165817020942,7.923018789626942,0.8936204552854662,1.4551272170882286
SB87829_component_993a,10.525266,-29.678805,12.09000015258789,39.126216888427734,10.525230734155214,-29.6789028754557,6.368774444336752,1.1657960393497147,1.8983244356123448
SB87829_component_995a,15.418776,-29.159771,12.571000099182129,56.372196197509766,15.418605479622316,-29.159797661888433,9.797949074183164,0.7879284634661551,1.2830236209642831
SB87829_component_997a,12.258388,-34.102626,11.770999908447266,56.8647346496582,12.258331608831876,-34.1025467483568,3.810099172658597,1.8972703237179747,3.0894208720120377
SB87829_component_999a,18.760301,-31.275244,10.843000411987305,11.259605407714844,18.76023092828414,-31.275524166329813,4.819983944768861,1.3815163213687398,2.2495926410201506
SB87829_component_1001a,14.779878,-27.343978,12.04699993133545,13.180525779724121,14.780253334967957,-27.343813422811955,8.735423576807726,0.8469291418911993,1.3790973987019763
SB87829_component_1002a,10.306293,-28.951905,11.354999542236328,28.246267318725586,10.3062289257645,-28.951655438889933,4.854318809763078,1.4365176389136503,2.3391540579079777
SB87829_component_1009a,15.598309,-35.109136,11.774999618530273,21.88661766052246,15.59839068598839,-35.1089237,5.543142359392615,1.3045388188826974,2.1242462948075014
SB87829_component_1010a,16.001724,-33.956324,11.968999862670898,42.746429443359375,16.001275026189337,-33.9564684225032,7.613647596093411,0.9654220819615509,1.5720454239059125
SB87829_component_1012a,18.538133,-30.145489,11.760000228881836,15.742972373962402,18.53801271447933,-30.14555048140451,7.38299872590054,0.9781977828773184,1.592848741477659
SB87829_component_1015a,11.955669,-33.324863,11.543999671936035,47.702476501464844,11.955505022056734,-33.32472949062522,5.931807725099534,1.1951471437253116,1.9461183178762473
SB87829_component_1016a,13.945564,-35.09069,11.994999885559082,23.705533981323242,13.945454036480212,-35.09037124118357,4.986606879070876,1.4772270575273165,2.4054432555938794
SB87829_component_1017a,16.425248,-31.964007,12.196999549865723,55.4409065246582,16.42505100232798,-31.964091164767613,7.340523876349998,1.0204179499634696,1.6615979670282823
SB87829_component_1018a,16.58496,-29.101008,11.550000190734863,48.52941131591797,16.584846025587485,-29.10097473362283,7.665931167294521,0.925271559870061,1.506666305589999
SB87829_component_1019a,14.700985,-31.451973,12.03499984741211,62.682289123535156,14.700858221059297,-31.451984624101673,9.89966431532338,0.746582417922332,1.215697771568225
SB87829_component_1021a,13.58233,-32.340041,11.541999816894531,64.1222152709961,13.582189413826526,-32.33999152840638,6.884538111017153,1.0295759566761475,1.6765104108326687
SB87829_component_1029a,14.88138,-27.78865,12.772000312805176,28.572708129882812,14.881395478448228,-27.788723456444373,7.440123283047,1.0542192109190966,1.7166382634958945
SB87829_component_1033a,17.099244,-30.957266,12.006999969482422,56.905216217041016,17.0991185725821,-30.957321794511408,6.610540204079569,1.1154489424741953,1.816341720767772
SB87829_component_1045a,11.277965,-29.535989,11.519000053405762,48.1966552734375,11.277832415956395,-29.535915043429636,5.725578617750419,1.2355136144911272,2.0118490763002708
SB87829_component_1049a,16.685942,-30.889311,10.972000122070312,58.3617057800293,16.68583532954272,-30.88926300914435,8.02892224641788,0.8392293986958641,1.3665595188651245
SB87829_component_1050a,10.389167,-28.893288,10.920999526977539,27.57828140258789,10.389003900311037,-28.89314375326927,8.74250357745415,0.7671472048899503,1.2491844504520953
SB87829_component_1053a,10.046575,-28.224727,11.23799991607666,11.755229949951172,10.046701909494798,-28.2243931610637,5.095992826490992,1.3542921276229312,2.2052621145102638
SB87829_component_1057a,18.192772,-30.33657,11.701000213623047,20.4562931060791,18.192509471955052,-30.33654387823116,4.138800395817082,1.7362035614583724,2.827147746832337
SB87829_component_1061a,14.147022,-31.932893,12.01099967956543,58.02415084838867,14.147310015996831,-31.932937156808684,5.857986641788596,1.2591657896448694,2.0503631049418303
SB87829_component_1062a,16.07418,-34.8494,10.911999702453613,22.133872985839844,16.074340267262393,-34.849539100852375,5.000268662315809,1.3401800338247656,2.1822826810669538
SB87829_component_1071a,10.80661,-27.767757,10.87600040435791,14.033549308776855,10.806763348975997,-27.767580141064627,8.50785064616252,0.785057550963457,1.2783487694701772
SB87829_component_1077a,11.434363,-31.46732,11.58899974822998,60.359375,11.434197928128325,-31.46734095406442,9.458264247016393,0.7524655952216199,1.2252776456193564
SB87829_component_1078a,17.549186,-32.987726,11.366000175476074,39.1931037902832,17.548995153285688,-32.98784861120697,8.138836240150045,0.8576251052227667,1.3965141747668994
SB87829_component_1081a,15.423835,-33.351841,11.234999656677246,50.837100982666016,15.423607877063867,-33.351906521002064,5.8303166881021795,1.183404062218485,1.9269964665220165
SB87829_component_1083a,14.560062,-29.544418,10.972000122070312,53.52195358276367,14.56011278076303,-29.544434535405358,5.560264750350209,1.2118321503688703,1.9732873549554002
SB87829_component_1086a,13.392829,-30.45907,10.826000213623047,60.480445861816406,13.392675474532657,-30.45900309124258,6.414179671630077,1.0365232490376421,1.6878230370606013
SB87829_component_1087a,10.09475,-28.923441,11.065999984741211,20.083484649658203,10.094583406405294,-28.923384700181117,9.595716125807405,0.7082154733299444,1.153222942368993
SB87829_component_1090a,16.59273,-33.124734,10.748000144958496,36.80821990966797,16.59237699008057,-33.1247216350183,4.328282638057403,1.5249801421682954,2.483202009604058
SB87829_component_1099a,12.547639,-34.250276,10.383000373840332,43.995765686035156,12.547413112743058,-34.250400738497305,6.695839841764293,0.9522915920476106,1.5506643855305393
SB87829_component_1100a,12.485821,-27.325507,10.465999603271484,11.169690132141113,12.485777947779432,-27.325642812817296,5.181199694222671,1.240516428541287,2.0199954105111337
SB87829_component_1110a,14.590946,-35.01985,10.848999977111816,22.36907196044922,14.590950448862786,-35.019733209318375,6.388977232095196,1.042822769587212,1.6980808638058027
SB87829_component_1120a,17.207467,-34.405653,11.026000022888184,26.252382278442383,17.207347028303364,-34.40566361597515,5.912400035783042,1.145265862062642,1.8648941134152965
SB87829_component_1122a,16.434877,-31.733038,10.82699966430664,54.40703201293945,16.43487136823479,-31.7331533429583,5.962733551650225,1.1151026750814352,1.8157778761236445
SB87829_component_1123a,10.946349,-28.60591,10.468000411987305,38.06545639038086,10.94624686375431,-28.605821601563225,5.386560643874442,1.1934502363901556,1.9433551581548496
SB87829_component_1124a,14.159061,-34.14111,9.70300006866455,43.31696319580078,14.159018340851171,-34.14122720368457,6.375964217565527,0.9345710003476384,1.5218090531206516
SB87829_component_1127a,14.460877,-34.752934,10.350000381469727,31.651378631591797,14.460683981968891,-34.75293463567672,6.750601745967318,0.9415643698727777,1.5331967091159868
SB87829_component_1131a,13.893646,-27.544052,11.251999855041504,21.310606002807617,13.89421976581777,-27.543665655045274,3.1600261969583974,2.1867099059671427,3.5607299287176257
SB87829_component_1132a,15.217413,-27.946988,10.003999710083008,25.520408630371094,15.217504559702894,-27.94707211280759,5.373765010376656,1.1432656015089153,1.8616369883620594
SB87829_component_1133a,16.25653,-27.887674,10.958000183105469,21.570865631103516,16.256539413861802,-27.88771800084317,5.699027270016569,1.1808172955720273,1.922784304043804
SB87829_component_1136a,15.27644,-32.930785,11.015000343322754,48.95555877685547,15.276284322508552,-32.93084968137775,8.522624444542831,0.7937126482354969,1.2924423004906462
SB87829_component_1144a,17.290446,-30.940707,10.527000427246094,52.113861083984375,17.2904767980583,-30.940869397537202,5.422725422812225,1.1921726746194425,1.9412748399469564
SB87829_component_1145a,17.528996,-34.972187,10.803999900817871,10.530214309692383,17.529159618443295,-34.97250805229174,5.510032673150839,1.2041553923481443,1.9607869030365925
SB87829_component_1150a,15.914468,-30.045768,10.371999740600586,56.989009857177734,15.91442524253317,-30.045776424042845,6.159127264438701,1.0341783856410462,1.684004777833701
SB87829_component_1151a,10.765392,-29.347478,11.003000259399414,40.75185012817383,10.765207041668313,-29.34730411750211,7.0731053075959185,0.9553293852036538,1.5556109772016429
SB87829_component_1157a,10.841053,-31.718144,10.095999717712402,47.17756652832031,10.840858412439779,-31.71821990761199,9.580669189926395,0.647150993853306,1.0537885733835641
SB87829_component_1159a,15.901397,-28.60031,10.569999694824219,34.20711898803711,15.901285207281228,-28.600100271681217,5.895029205221564,1.1011364809490356,1.7930360184580199
SB87829_component_1160a,15.697057,-35.020555,10.387999534606934,21.418554306030273,15.697146900632656,-35.02077262163463,5.431188625815251,1.1745977721145462,1.9126567405947237
SB87829_component_1161a,15.986056,-34.04827,9.484999656677246,29.73354148864746,15.985581260071939,-34.04845087359717,4.836262231723669,1.2044245959294977,1.9612252607933425
SB87829_component_1162a,10.417146,-32.291267,9.680000305175781,36.66666793823242,10.417029107895996,-32.29136294457713,5.340881915690716,1.1130496371156355,1.8124348109508623
SB87829_component_1165a,13.970076,-32.947281,9.873000144958496,51.15544128417969,13.969822218696063,-32.947299460299924,4.143900920852493,1.463160329916448,2.382537694199358
SB87829_component_1166a,11.542768,-29.995676,10.107000350952148,40.919029235839844,11.54267424744831,-29.99574418752845,6.199745854559777,1.0011531803662808,1.630228171936866
SB87829_component_1167a,10.560548,-32.520025,9.699000358581543,38.95180892944336,10.560218691147707,-32.52005769364877,6.02914009315549,0.9879244584214744,1.6086871773956983
SB87829_component_1171a,10.426893,-28.280622,8.824000358581543,16.680530548095703,10.426903799510312,-28.280395760924,5.759344330383879,0.9409024736471878,1.532118910138751
SB87829_component_1173a,18.597018,-33.956162,10.170999526977539,10.120397567749023,18.59735619640041,-33.95654705234994,4.541520112837777,1.3753541102206395,2.239558402092416
SB87829_component_1181a,12.498298,-30.139975,9.977999687194824,36.283634185791016,12.498208572834312,-30.13991088327092,6.946162993708487,0.8821666867064171,1.4364764685528448
SB87829_component_1189a,14.213437,-29.270385,9.555000305175781,48.25757598876953,14.2133803288431,-29.270489741033973,4.609301456903825,1.2730566503645617,2.0729822934154747
SB87829_component_1194a,11.862092,-27.61919,9.444000244140625,14.440367698669434,11.862380456249749,-27.619119327081364,5.453054198046467,1.0635754713566938,1.7318735338306186
SB87829_component_1195a,16.888926,-27.992041,10.45300006866455,24.085254669189453,16.88860695485441,-27.991879807563574,5.439378199786226,1.180167999089759,1.921727021863522
SB87829_component_1198a,11.783177,-31.159576,9.378999710083008,42.43891143798828,11.782900034461436,-31.15954598266003,3.2006744185081444,1.7995634386292403,2.9303198275489146
SB87829_component_1199a,9.728551,-32.168018,10.017999649047852,18.97348403930664,9.72847464239972,-32.16834436818079,6.196065609978828,0.9929265916281633,1.6168324029548298
SB87829_component_1200a,16.272407,-30.701352,9.866000175476074,49.57788848876953,16.272468609270135,-30.701326347348807,5.063742738818657,1.1965245749385462,1.948361258529843
SB87829_component_1205a,11.079219,-28.361935,10.092000007629395,30.86238670349121,11.078935266862606,-28.361683291486578,4.903784491205486,1.2638571910006442,2.0580023501702667
SB87829_component_1206a,13.742526,-33.825017,9.875,53.96175003051758,13.742317718657695,-33.825020379902995,5.565953624089422,1.0895562550333495,1.7741793530691747
SB87829_component_1207a,15.86528,-31.950626,9.645000457763672,39.69136047363281,15.865321477101656,-31.950748885090285,5.628261533816608,1.0523982567061176,1.713673111992586
SB87829_component_1209a,9.595943,-31.11466,9.102999687194824,14.069550514221191,9.595580368684786,-31.11484988241167,8.782634634467655,0.6365196996023796,1.0364771012413392
SB87829_component_1211a,10.562553,-30.118032,9.878999710083008,32.07467269897461,10.56242119560001,-30.118156149014485,5.265379146730074,1.152220137049954,1.8762181098047048
SB87829_component_1218a,12.193885,-32.80888,9.642999649047852,41.74458694458008,12.193661965753538,-32.808956973664934,3.7235359820567986,1.5904086657108125,2.589742571447174
SB87829_component_1220a,12.703634,-33.215985,9.324999809265137,46.16336441040039,12.703448950635842,-33.2159980127014,5.761566403319701,0.993940523604907,1.6184834394848344
SB87829_component_1224a,12.323371,-33.022711,9.416000366210938,40.93913269042969,12.323192475226456,-33.02266458941857,4.051905321224102,1.4271161316138756,2.3238451098275696
SB87829_component_1225a,10.053421,-31.886003,9.850000381469727,27.59103775024414,10.053366753859027,-31.886221551727495,4.219622506775238,1.4335564022442695,2.3343321270218063
SB87829_component_1228a,16.331702,-33.666415,9.586000442504883,34.358421325683594,16.331536457246816,-33.66639692706044,4.675654442320825,1.2590621701875815,2.050194376158119
SB87829_component_1231a,13.020704,-28.9754,9.826000213623047,52.54545211791992,13.020565951984302,-28.975368237012425,4.50708043534431,1.338855163689563,2.1801253282652824
SB87829_component_1234a,10.014996,-28.827434,8.557000160217285,13.891234397888184,10.015096658057708,-28.827111179425252,4.088277693630178,1.285385185592076,2.0930574685642536
SB87829_component_1244a,15.522811,-32.458316,8.890000343322754,26.858007431030273,15.52266801172893,-32.45834378367637,7.697796105685876,0.7092306758583797,1.1548760478023408
SB87829_component_1246a,12.356786,-30.043826,8.854999542236328,31.624998092651367,12.356639666187451,-30.043717745395483,8.989656629842822,0.6049194892796903,0.9850208864308038
SB87829_component_1247a,16.362682,-33.858014,8.366000175476074,30.202165603637695,16.362296280717604,-33.85800178962585,3.9582678881212074,1.2979705049511834,2.113550778253919
SB87829_component_1250a,13.181573,-27.805229,9.119999885559082,23.38461685180664,13.181403223914447,-27.805404097969344,5.8889324086611206,0.951065440366708,1.5486677809624514
SB87829_component_1251a,9.664927,-30.932063,9.322999954223633,14.798412322998047,9.664642464325528,-30.932020804521816,3.8576980116515935,1.4841561373001924,2.4167262253460278
SB87829_component_1254a,12.334381,-32.535996,9.265999794006348,41.55156707763672,12.334107016341381,-32.53596632033981,5.503157094678708,1.034028509911766,1.6837607276314408
SB87829_component_1255a,11.907522,-29.929602,8.987000465393066,28.804487228393555,11.907378005854062,-29.92960162510182,5.6408511054887525,0.9784131144404811,1.5931993767125654
SB87829_component_1256a,18.36742,-31.185915,9.182000160217285,18.51209831237793,18.367097264104014,-31.18588370330123,5.1412153745798195,1.0967903881856513,1.7859590566107553
SB87829_component_1259a,10.840777,-28.695416,9.020000457763672,31.649124145507812,10.84053275099548,-28.695259264994366,4.644097219140868,1.192771886684745,1.9422505671473265
SB87829_component_1262a,9.76881,-29.979282,9.595000267028809,15.206023216247559,9.768951178273952,-29.979482240211713,6.180069201541062,0.9534628812757217,1.5525716548022148
SB87829_component_1263a,11.431133,-27.946578,9.381999969482422,21.32272720336914,11.43109183984153,-27.946242479557494,4.70485322388966,1.2246203872772763,1.9941110855156514
SB87829_component_1265a,13.729527,-34.836318,9.263999938964844,25.520660400390625,13.729489846642402,-34.83652171752198,4.857417817866561,1.1712381754846015,1.907186140111313
SB87829_component_1267a,12.343802,-28.160284,9.95300006866455,33.066444396972656,12.344117732018631,-28.16025159736546,5.837673783083439,1.047047350347748,1.7049599615358109
SB87829_component_1268a,16.648391,-32.112904,9.295999526977539,43.03703308105469,16.64829360636122,-32.113036179287356,5.293464935011809,1.0784703005867113,1.7561275348198375
SB87829_component_1270a,12.84078,-34.008319,8.496999740600586,38.62272644042969,12.84051182691174,-34.008534095745695,4.112728511764456,1.2687840208782095,2.0660249555240338
SB87829_component_1273a,12.640432,-30.962112,9.470000267028809,45.09524154663086,12.64020925652052,-30.962011502510304,8.83184398921522,0.6584923589678272,1.0722562896936199
SB87829_component_1275a,14.207619,-33.657975,8.564000129699707,43.472084045410156,14.207548119350875,-33.65793599759147,4.804865357840148,1.094580180843062,1.7823600646219442
SB87829_component_1276a,13.401849,-32.205388,8.706999778747559,46.811824798583984,13.401777335942352,-32.20540367725766,5.2620137038862556,1.0161754443229025,1.6546896813128806
SB87829_component_1277a,18.121958,-32.191077,9.345000267028809,25.74380111694336,18.121677883829495,-32.19116281039657,5.144497985460417,1.115548493521279,1.8165038247541387
SB87829_component_1279a,12.73768,-28.105563,9.22700023651123,31.927335739135742,12.737777941632501,-28.105758834421053,5.049878126710106,1.1221005420059795,1.8271728554610556
SB87829_component_1280a,13.974809,-30.578505,9.36400032043457,41.991031646728516,13.974570750239158,-30.578399016231394,4.637561557142094,1.2400062381680312,2.0191646418177474
SB87829_component_1282a,13.70961,-31.255448,8.581999778747559,39.54838562011719,13.709618834165155,-31.255290716960456,7.8160664606352555,0.674298809411727,1.0979947294422125
SB87829_component_1284a,17.572388,-33.541593,9.291999816894531,29.128524780273438,17.57215454791336,-33.54165075497215,6.582573963558784,0.8668931721063701,1.4116058350935614
SB87829_component_1285a,11.531972,-28.382785,8.765999794006348,31.195730209350586,11.532071706961466,-28.3826733422984,6.546191023147462,0.8223655698135263,1.3390992965236728
SB87829_component_1288a,10.08771,-32.971309,9.454000473022461,26.781871795654297,10.087231431789677,-32.97144623614832,3.804273965679045,1.526145610529484,2.4850998004648086
SB87829_component_1290a,17.803323,-30.844394,8.774999618530273,33.62068557739258,17.80318658108373,-30.8442338275921,6.028285823377332,0.8939339020970256,1.45563761832615
SB87829_component_1292a,16.227017,-32.520966,9.07699966430664,32.65107727050781,16.227022791919342,-32.52128240466564,2.610602701694212,2.1352743035766846,3.4769747454930267
SB87829_component_1293a,16.48274,-34.287935,8.427000045776367,26.334375381469727,16.48250252627722,-34.28791197357263,4.869631910303702,1.0627448254686624,1.730520951274694
SB87829_component_1294a,17.992501,-28.858018,8.95300006866455,18.613306045532227,17.99235788269844,-28.857979908518853,4.184187072315544,1.314043166001427,2.1397227021472363
SB87829_component_1297a,9.524695,-30.97077,9.180000305175781,11.784339904785156,9.524291121256452,-30.97080807813847,4.745900161413234,1.1878900244071104,1.9343011848024552
SB87829_component_1298a,16.717689,-31.51594,9.017999649047852,49.010868072509766,16.717713603243723,-31.516123484522826,6.982861979718456,0.793101723130403,1.2914475003573607
SB87829_component_1309a,13.871521,-33.097523,8.772000312805176,44.984619140625,13.871226093313565,-33.09752807885429,3.496364558221143,1.5407567061137102,2.5088917836611797
SB87829_component_1315a,14.612822,-31.130724,8.767999649047852,45.430049896240234,14.612452723482193,-31.13062280591131,3.9318059890348382,1.3694954109465614,2.230018386843187
SB87829_component_1325a,14.928739,-28.282331,9.182000160217285,34.518798828125,14.928813001879726,-28.282665038658184,9.693245163803573,0.5817283594030952,0.9472576010462034
SB87829_component_1326a,17.374774,-34.465508,8.866999626159668,19.748329162597656,17.37430540158739,-34.465932349336065,3.4492019884327547,1.578738499048278,2.5707394510081003
SB87829_component_1331a,17.411721,-30.191812,8.583000183105469,38.14666748046875,17.411920368497157,-30.191834848603506,6.999782979150458,0.7530202995081683,1.2261808985608238
SB87829_component_1332a,18.394662,-30.353619,7.881999969482422,13.158597946166992,18.394850057905437,-30.35337197194374,4.27323410382537,1.1327442870735598,1.8445046018954376
SB87829_component_1333a,14.746293,-35.048183,7.960000038146973,17.417943954467773,14.74605418622635,-35.04815542176287,4.571154603889734,1.0693978266883115,1.7413543684069595
SB87829_component_1334a,11.486266,-32.93517,8.532999992370605,37.590309143066406,11.486205249667618,-32.9352357483668,7.201515003930726,0.7276625312176402,1.1848895666693924
SB87829_component_1335a,10.763246,-31.180379,7.927000045776367,35.70720672607422,10.76308385362212,-31.180572329634135,3.791668344928662,1.2838983930546786,2.0906364493557805
SB87829_component_1339a,16.798528,-31.654048,8.395999908447266,41.3596076965332,16.79858257028682,-31.654168617105363,3.8293987045384923,1.3464616135562604,2.1925112938740408
SB87829_component_1343a,12.417977,-34.586022,7.859000205993652,27.77031898498535,12.417728875762652,-34.58619595729622,4.905894554619733,0.9837873370183438,1.601950494144451
SB87829_component_1346a,17.648145,-27.987764,7.666999816894531,12.017240524291992,17.647973335639346,-27.987545489147635,11.223339906783334,0.41952270887488435,0.6831299667098768
SB87829_component_1348a,14.800616,-30.025397,8.66100025177002,45.82539749145508,14.800828903254057,-30.0253388602878,5.432062514820309,0.9791639807826961,1.5944220502139272
SB87829_component_1351a,17.527696,-28.167429,9.217000007629395,17.93190574645996,17.527789809836367,-28.16734529136318,3.7282176381776932,1.5182401370914738,2.4722269197070132
SB87829_component_1352a,12.129223,-29.54413,8.470000267028809,30.577617645263672,12.129225322698604,-29.544084223781162,6.695990627965303,0.776820582998707,1.2649360994704035
SB87829_component_1356a,17.231226,-34.563666,7.6620001792907715,12.986441612243652,17.231130488494767,-34.56372932722816,5.14085443917528,0.9152905701470876,1.4904137570796394
SB87829_component_1357a,11.93359,-27.88936,8.036999702453613,19.46004867553711,11.933642989899436,-27.88923461132545,5.768712600565247,0.8555929293529749,1.393205080396293
SB87829_component_1359a,17.648046,-28.034888,8.152000427246094,12.407915115356445,17.64788480930958,-28.034907893430844,4.43634258120296,1.1284732156016788,1.8375498009974682
SB87829_component_1363a,12.926263,-34.786889,8.097000122070312,24.170148849487305,12.926005373948085,-34.78706532688972,4.655226121558051,1.0681580113858364,1.7393355146753515
SB87829_component_1367a,15.643606,-33.682206,8.21399974822998,35.558441162109375,15.643580283290845,-33.6823012200214,3.2300553927379654,1.5616972748180247,2.542990366882644
SB87829_component_1374a,14.728887,-33.880616,7.936999797821045,35.914024353027344,14.728845464633697,-33.88073652828939,4.088137395460573,1.1922930801151244,1.9414709022828367
SB87829_component_1377a,12.6426,-27.871189,8.657999992370605,21.22058868408203,12.642501035190211,-27.871290511040037,5.4639500473243166,0.9731123811895611,1.5845679256548855
SB87829_component_1381a,15.225341,-34.256706,8.383999824523926,34.081298828125,15.22519853851388,-34.25680851585834,5.137946178643654,1.0021064267383963,1.6317803910388926
SB87829_component_1382a,12.432178,-28.937992,7.791999816894531,36.41121292114258,12.43210641544829,-28.938032960946533,3.9168406514721985,1.2217016700460568,1.9893583911732025
SB87829_component_1387a,16.620769,-32.02379,8.03499984741211,39.38725662231445,16.620762632394644,-32.02379041644621,3.3592648543948957,1.4689051856690578,2.391892332305978
SB87829_component_1391a,13.852378,-31.982849,7.992000102996826,38.60869598388672,13.852239526412612,-31.982793475252784,5.7271926444280234,0.8569704100155314,1.3954481015707112
SB87829_component_1394a,18.136561,-32.02802,7.6570000648498535,20.920764923095703,18.13642954561817,-32.028258784079085,6.218008876335702,0.7562396615572405,1.231423148009746
SB87829_component_1396a,11.744084,-30.664483,7.656000137329102,38.66666793823242,11.74407148592843,-30.664466779388114,3.9481928926302507,1.1908462889561413,1.9391150193345146
SB87829_component_1397a,17.620067,-34.659478,8.045000076293945,11.005472183227539,17.620211941360225,-34.65980012294788,3.942336406476562,1.2532118977700049,2.0406680827839634
SB87829_component_1405a,15.648525,-31.662089,7.710999965667725,32.673728942871094,15.648202419416965,-31.662356897104853,4.296556792126312,1.1021540019396885,1.7946928991602245
SB87829_component_1407a,16.634146,-31.876669,7.974999904632568,42.647056579589844,16.634175280253604,-31.87671126586613,5.123871241847393,0.9558387130124972,1.5564403413379317
SB87829_component_1408a,14.919462,-29.803898,8.022000312805176,41.35051727294922,14.919470691905598,-29.80373709355906,3.7187329251670382,1.324767981430943,2.157186459537113
SB87829_component_1409a,18.317463,-29.454383,8.444999694824219,13.86699390411377,18.31763391533538,-29.454442638823068,6.868702951967985,0.7550523100586926,1.2294897237337366
SB87829_component_1412a,16.305214,-27.899009,8.140999794006348,17.211416244506836,16.305187324094128,-27.899091543016848,4.85540666081564,1.0296847279041983,1.6766875285043117
SB87829_component_1414a,16.412801,-31.255056,7.666999816894531,37.9554443359375,16.412737227872487,-31.255157165798682,4.874744212585904,0.9658857480482341,1.572800434759103
SB87829_component_1415a,16.612227,-34.600713,8.038999557495117,14.859518051147461,16.612337397148238,-34.600412699254456,4.287800513309394,1.1513823567690242,1.8748539099573192
SB87829_component_1416a,11.534095,-34.504202,8.206000328063965,28.894367218017578,11.533917719725316,-34.50468614636907,3.29520663889198,1.5293293153288923,2.490283987417326
SB87829_component_1424a,17.4491,-29.690683,7.406000137329102,26.169612884521484,17.449043769950617,-29.690720028915973,4.143979938805747,1.0975345710291768,1.7871708470344179
SB87829_component_1425a,16.0539,-33.892244,7.889999866485596,29.114391326904297,16.05342723779171,-33.89213788380407,5.085133104698495,0.9528549799846637,1.5515817784976949
SB87829_component_1426a,10.609643,-31.635417,7.791999816894531,34.477874755859375,10.609311869103077,-31.635647161813186,4.299213973828814,1.1130431735516144,1.812424286003866
SB87829_component_1429a,16.923848,-33.037867,7.875999927520752,30.52713394165039,16.92337849855081,-33.03808452461777,3.3105472894945733,1.4610263376634478,2.379062807081422
SB87829_component_1435a,17.501531,-28.816313,7.785999774932861,19.964101791381836,17.501573030400316,-28.81648525203064,5.299299001100116,0.9022940633866973,1.4692508902246344
SB87829_component_1441a,12.872708,-33.843637,7.177999973297119,33.07834243774414,12.872462730455641,-33.84381044625225,4.040982975091471,1.090858874389467,1.7763004738060395
SB87829_component_1442a,11.73313,-34.590105,8.130000114440918,26.568628311157227,11.732875065034747,-34.5902047616076,3.9415698052376835,1.2666991140753174,2.062629996717936
SB87829_component_1445a,13.04289,-30.263646,7.747000217437744,38.35148620605469,13.042786347199597,-30.263497281454953,6.580271675126823,0.7230059663663593,1.1773070474766432
SB87829_component_1447a,15.924135,-32.125349,7.763999938964844,25.79401969909668,15.923930116993196,-32.12543987782162,3.48642019268394,1.3675963482208588,2.226926047312704
SB87829_component_1449a,17.802491,-28.294088,7.953000068664551,13.59487247467041,17.802598429824325,-28.293854780507957,5.4025727655868545,0.9040292839059901,1.472076437234373
SB87829_component_1451a,11.604295,-31.054253,7.698999881744385,33.620086669921875,11.604210730718446,-31.054303100387706,2.318275807970508,2.039488905478391,3.3210025551206233
SB87829_component_1452a,17.105184,-34.573537,7.316999912261963,14.575697898864746,17.10512778913187,-34.57334548563797,3.8079458885411013,1.1800337233553204,1.92150837391895
SB87829_component_1457a,17.383202,-34.277912,7.574999809265137,19.7265625,17.38312821866674,-34.27793068103176,4.599677058730791,1.0113638413815478,1.646854705785658
SB87829_component_1464a,12.016956,-29.706884,8.019000053405762,29.921640396118164,12.016762038412262,-29.706964801945706,6.297292763673355,0.7820210971519681,1.2734043587213015
SB87829_component_1465a,13.542446,-31.533987,7.098999977111816,37.96256637573242,13.542374118412598,-31.5340070817427,3.989719234936228,1.0927151833421744,1.779323195213582
SB87829_component_1466a,12.546245,-31.01575,7.928999900817871,36.04090881347656,12.546049179861336,-31.01557553527237,3.9780961062462667,1.2240390661404814,1.9931644910156983
SB87829_component_1469a,17.898269,-33.457672,7.701000213623047,19.89922523498535,17.897978896052113,-33.45786883563156,5.438983002739307,0.8695239952954376,1.415889737060125
SB87829_component_1470a,15.830159,-29.65946,7.803999900817871,38.25490188598633,15.830101293443246,-29.659441012963637,4.491940335110719,1.0669287391365367,1.7373338287284965
SB87829_component_1472a,12.198896,-28.024209,7.5289998054504395,21.328611373901367,12.198963617989039,-28.024356962334696,7.254150304796101,0.6373865186709998,1.0378885864099923
SB87829_component_1473a,14.495415,-28.501972,7.849999904632568,33.83620834350586,14.495511002866662,-28.50216296406602,4.368492532100945,1.1035453656229866,1.7969585267568848
SB87829_component_1475a,13.50406,-35.358177,7.679999828338623,10.463214874267578,13.503949759457827,-35.35761210316077,6.484742240049138,0.7273117932006254,1.1843184422825153
SB87829_component_1476a,11.923221,-31.968752,6.771999835968018,33.524749755859375,11.923026244661338,-31.968750347871858,4.709701863887969,0.8830304102479427,1.4378829131187454
SB87829_component_1477a,14.50413,-29.118673,7.59499979019165,35.0,14.50432984456816,-29.118838142200712,5.602980062346019,0.8324551157422291,1.3555286125739943
SB87829_component_1483a,10.58031,-32.115181,7.633999824523926,31.03251838684082,10.580072178367686,-32.115253307257326,2.905481512829078,1.613563891496487,2.6274473923913124
SB87829_component_1489a,17.670822,-30.489552,7.882999897003174,26.01650047302246,17.670767858041525,-30.48942802447478,4.0898103244370265,1.183696848589369,1.9274732253233016
SB87829_component_1492a,13.100108,-33.838346,7.515999794006348,39.76719665527344,13.1001230644786,-33.838330338774234,2.9826873585153546,1.5475018019491682,2.519875163097036
SB87829_component_1493a,17.292905,-28.426367,6.833000183105469,16.34688949584961,17.29300965755453,-28.426274664493132,4.488560721095031,0.9348812832726611,1.5223143024426964
SB87829_component_1494a,10.72931,-31.506982,6.750999927520752,31.84433937072754,10.728978776597929,-31.50715800297605,5.472443676690117,0.7575982107731198,1.2336353421555797
SB87829_component_1496a,16.330668,-30.72096,7.767000198364258,41.75806427001953,16.330545139914815,-30.720896158042542,3.914480413378931,1.2185162613650873,1.9841714297044801
SB87829_component_1497a,13.055362,-27.888246,7.935999870300293,23.548959732055664,13.055263170116524,-27.888395165838546,5.091290513716344,0.9572511802477665,1.55874033291168
SB87829_component_1498a,11.121431,-31.737493,6.806000232696533,28.358335494995117,11.121102015242926,-31.737535110219707,4.645812175198982,0.8996683641012668,1.4649753317685577
SB87829_component_1499a,15.73422,-30.389004,7.500999927520752,42.61931610107422,15.733862993946625,-30.388936371494147,4.608481915702049,0.999570455438917,1.6276509411837545
SB87829_component_1501a,10.849442,-28.966051,7.197000026702881,24.98958396911621,10.84930935582697,-28.96583194456538,3.038096975038148,1.4547957024053215,2.368917149727425
SB87829_component_1503a,17.429047,-31.604098,7.165999889373779,31.021644592285156,17.428907223147924,-31.60418679079893,7.139232174539806,0.6164210042812611,1.003749382871933
SB87829_component_1504a,13.303011,-34.161243,7.335999965667725,35.960784912109375,13.303013320404656,-34.16122864526564,4.7372867012507,0.9510027854430141,1.548565756793004
SB87829_component_1507a,16.281021,-30.196221,7.1529998779296875,38.66486358642578,16.28081959914985,-30.196316587758183,4.895447092787878,0.8973213348708982,1.4611535458053884
SB87829_component_1508a,10.847952,-31.779761,7.353000164031982,32.68000030517578,10.847863540781681,-31.779912466976217,4.272900699363722,1.0568026971205402,1.7208450842601883
SB87829_component_1513a,11.270326,-32.900895,7.3379998207092285,34.45070266723633,11.270104810175026,-32.90085771866567,2.893140104865066,1.557615888912612,2.5363444405508555
SB87829_component_1521a,13.644675,-34.033163,6.921000003814697,36.619049072265625,13.644694835571777,-34.03316634002934,3.1929273580074007,1.331165179459087,2.167603339442668
SB87829_component_1522a,10.266055,-30.933072,7.372000217437744,27.10293960571289,10.266055689087251,-30.932918413980534,5.165218839740595,0.8764936021537503,1.4272386991076602
SB87829_component_1524a,13.03772,-33.337629,6.492000102996826,27.392404556274414,13.037748531473824,-33.3376724090949,2.4764845507130486,1.6098856618746469,2.6214579457512057
SB87829_component_1526a,11.250337,-28.069718,7.7230000495910645,18.344417572021484,11.250206087117421,-28.069465692093285,3.2053137188843284,1.4796794172965892,2.4094365565811775
SB87829_component_1529a,13.880912,-31.505169,7.432000160217285,35.55980682373047,13.880707108422243,-31.504920964884633,3.686228992983842,1.2381564863851562,2.01615259778026
SB87829_component_1534a,10.670501,-33.655606,7.043000221252441,27.088462829589844,10.670164944764226,-33.65559700781985,8.891646820727152,0.4864381581761617,0.7920917646925242
SB87829_component_1536a,14.315537,-30.398638,7.335999965667725,35.269229888916016,14.315338585503183,-30.398432806927257,3.434391215196915,1.3117820789887078,2.1360408602277148
SB87829_component_1539a,15.012535,-30.016626,7.2179999351501465,39.87845230102539,15.012744153401176,-30.016385808777436,4.623457058683888,0.958742948730945,1.5611694547034076
SB87829_component_1541a,15.728502,-30.843107,7.539999961853027,42.84090805053711,15.728452951713106,-30.84317189063805,3.875873229696596,1.194686392757152,1.9453680538574427
SB87829_component_1545a,15.182111,-28.108279,7.428999900817871,23.887460708618164,15.182298469309846,-28.10832857232612,4.088507367763342,1.1158805434268968,1.8170445183475303
SB87829_component_1546a,17.276076,-29.569404,7.1570000648498535,26.705223083496094,17.276326053079387,-29.569609419212586,4.510535476942603,0.9744398932468088,1.5867295804313497
SB87829_component_1547a,10.657403,-31.278359,6.861999988555908,29.324787139892578,10.657380742311366,-31.27846908425599,3.345459659703472,1.259641768514475,2.0511381653198977
SB87829_component_1553a,15.676597,-33.18509,7.531000137329102,26.149307250976562,15.676396733314025,-33.18511233952075,4.634768832990429,0.9978763161737098,1.624892288850138
SB87829_component_1554a,11.798858,-32.456626,6.9029998779296875,32.25700759887695,11.798663640299498,-32.456700244987054,3.9069780993081054,1.085048188793264,1.7668386416479154
SB87829_component_1558a,10.733775,-31.481364,7.03000020980835,32.39631652832031,10.733731164507063,-31.48155905990977,4.022045386267912,1.073397324314336,1.7478669519270498
SB87829_component_1563a,12.222643,-28.264765,7.364999771118164,25.0510196685791,12.222788186420889,-28.26508691736525,4.146388292461406,1.0908245549055255,1.7762445896609709
SB87829_component_1565a,14.512838,-30.046642,6.816999912261963,34.78061294555664,14.512945053476463,-30.04652660455704,7.23132527578609,0.5789319641928998,0.9427040898144238
SB87829_component_1566a,15.240052,-28.230034,7.111999988555908,24.108474731445312,15.240225559096258,-28.23013530392652,5.043518137888611,0.8659848567238847,1.4101267793860326
SB87829_component_1567a,11.705578,-32.948965,6.730000019073486,31.448598861694336,11.705426179506638,-32.94899896462362,3.502572550918508,1.1799947172931178,1.9214448583823407
SB87829_component_1568a,13.763695,-31.806807,6.77400016784668,34.91752624511719,13.763518498947295,-31.806876515940203,5.0729647716651805,0.8200408630750322,1.3353138593988583
SB87829_component_1573a,10.654981,-28.883294,6.486999988555908,19.898773193359375,10.654827036563013,-28.88306546765036,3.8420126492562146,1.0369008827553823,1.6884379570722505
SB87829_component_1575a,14.773713,-32.466591,6.604000091552734,23.501781463623047,14.773575426607675,-32.46664006862851,15.22645747365817,0.2663546813313059,0.4337187492873953
SB87829_component_1579a,10.412578,-30.122566,6.323999881744385,19.048192977905273,10.412366318159263,-30.122631242979832,4.0985518085747366,0.9475749283621904,1.5429840043777667
SB87829_component_1582a,14.746018,-34.41326,6.879000186920166,24.923913955688477,14.745863989397805,-34.41319283724387,3.7085969527599407,1.1391156578455053,1.8548794259782824
SB87829_component_1583a,13.1726,-28.689523,7.513000011444092,39.13020706176758,13.172817610966739,-28.689576984787887,4.572971991759708,1.008943822197613,1.6429140666031157
SB87829_component_1585a,12.7892,-31.800191,6.373000144958496,31.54950523376465,12.788908934360903,-31.800217071542704,11.981617012233064,0.3266484730370491,0.5318981685403357
SB87829_component_1595a,15.157294,-34.871697,6.236000061035156,17.766382217407227,15.157212561461824,-34.87159293670356,3.9018808569835115,0.9814863047413516,1.5982036073382617
SB87829_component_1598a,16.994776,-31.283839,6.960999965667725,32.83490753173828,16.994755674550028,-31.283813038984423,4.125754401647409,1.0361446701609305,1.6872065779989727
SB87829_component_1600a,14.724672,-31.707398,6.836999893188477,39.2931022644043,14.72447883364663,-31.707443158328026,3.112265093628165,1.3490906386136237,2.196792267852142
SB87829_component_1603a,9.324984,-30.449794,7.322000026702881,366.1000061035156,9.325201433980958,-30.450242001000714,5.162444668028839,0.8710166436289482,1.4183202915564843
SB87829_component_1604a,14.828644,-30.304891,6.572999954223633,32.70149230957031,14.828729038900773,-30.304554117545734,3.4640100333237274,1.165296992046697,1.897511811741729
SB87829_component_1605a,10.961029,-30.1535,6.783999919891357,26.60392189025879,10.960909134503424,-30.15354057235999,6.347744167151335,0.656324409446467,1.0687261082444979
SB87829_component_1610a,12.189093,-32.585732,6.670000076293945,29.126638412475586,12.188914122461503,-32.5856114296793,3.14721274523275,1.3015230832478955,2.1193356205097187
SB87829_component_1612a,13.081819,-31.524048,6.427999973297119,31.980098724365234,13.081706790743045,-31.524079650016915,2.8482137892348476,1.3859750715386294,2.256853048599261
SB87829_component_1614a,14.824327,-29.300505,6.5929999351501465,31.85024070739746,14.824341421353,-29.300636744272595,3.793174801976816,1.0674126663529309,1.7381218318001583
SB87829_component_1618a,18.037661,-31.661869,7.044000148773193,19.621170043945312,18.037479184515547,-31.66172599768224,3.9479566625699034,1.0957188100792956,1.784214151983101
SB87829_component_1622a,11.389811,-28.531708,7.020999908447266,27.53333282470703,11.389811103660678,-28.5315339842073,2.818730874890029,1.5296690944414832,2.4908372668679077
SB87829_component_1626a,17.188865,-30.354522,6.46999979019165,29.8156681060791,17.189140821220565,-30.354435433918695,3.4514770519744262,1.151201677558276,1.8745597008939898
SB87829_component_1627a,16.33044,-33.944036,6.238999843597412,24.276264190673828,16.330325859161054,-33.94403280631335,3.7856693172218865,1.0121023588130895,1.6480572709335062
SB87829_component_1628a,15.001345,-30.466733,6.447999954223633,35.62430953979492,15.001175304090108,-30.46670368124315,5.483348665990603,0.7221564610547728,1.1759237551710127
SB87829_component_1629a,13.429805,-33.268813,5.965000152587891,30.74742317199707,13.42968406261548,-33.26867684264209,3.0579513420582884,1.197931612808993,1.9506524091952637
SB87829_component_1631a,14.062127,-34.631052,7.171000003814697,24.226350784301758,14.062378940213158,-34.631148254496914,3.585352776420718,1.228287313389341,2.000082126081204
SB87829_component_1633a,18.165914,-31.76028,6.625999927520752,15.889688491821289,18.165133471390785,-31.760516251364606,2.2401171852058868,1.8164892265457897,2.957880940907903
SB87829_component_1634a,16.074252,-32.623932,6.685999870300293,25.914730072021484,16.073851894900653,-32.624038114439166,3.2041982183986235,1.2814425090049397,2.0866374096050104
SB87829_component_1637a,14.957181,-29.2583,6.492000102996826,33.29230880737305,14.957331796718345,-29.258465023460616,3.9031357350243545,1.0214497370079638,1.6632780778648268
SB87829_component_1640a,11.247926,-30.344879,6.519999980926514,33.43589782714844,11.247608420982601,-30.345054273631572,4.204013539508183,0.9524356127181471,1.5508989016456098
SB87829_component_1647a,11.425286,-29.61621,6.236999988555908,25.149194717407227,11.425218048588281,-29.616068320091916,4.827534974007878,0.793418736148507,1.291963708629101
SB87829_component_1649a,12.452044,-31.462285,6.064000129699707,33.31868362426758,12.451909666308296,-31.462174154829366,5.616123738199325,0.6630933483838397,1.0797483126046619
SB87829_component_1651a,11.689385,-29.458298,6.267000198364258,26.6680850982666,11.689286865561659,-29.458119595902758,3.5557297325614785,1.082388333558309,1.7625074653381017
SB87829_component_1652a,10.397196,-31.918116,6.517000198364258,24.047971725463867,10.3971193649469,-31.918075159858414,5.148809693770573,0.7773078104700977,1.265729476513577
SB87829_component_1655a,10.530622,-30.838893,6.7270002365112305,26.175098419189453,10.530419697632414,-30.838875440178658,4.417126050797006,0.9352630732576589,1.5229359903137565
SB87829_component_1656a,12.406917,-30.768029,6.564000129699707,30.81690216064453,12.40672878800789,-30.76795714373452,3.294562490807976,1.223553514407338,1.9923738426615538
SB87829_component_1658a,14.023777,-30.391229,6.7179999351501465,33.093597412109375,14.023549899810842,-30.391181125839864,3.64785916777137,1.1309777720207022,1.8416280964197569
SB87829_component_1659a,10.816199,-34.641835,5.415999889373779,12.008869171142578,10.81597849512071,-34.641700833657254,3.66642647386357,0.9071681709887226,1.4771876452404515
SB87829_component_1667a,15.661781,-34.752081,5.992000102996826,15.246819496154785,15.661550241681576,-34.75226632529781,2.9130532562453646,1.2632099130339178,2.056948354840556
SB87829_component_1672a,14.440418,-30.580678,6.270999908447266,32.32474136352539,14.440059791400584,-30.580548900634092,3.5177073348305243,1.094785981025797,1.7826951794298116
SB87829_component_1674a,18.14668,-30.654797,6.046999931335449,15.871390342712402,18.146585671356384,-30.65468898240189,5.2597744709711485,0.7060329639058902,1.1496690522966377
SB87829_component_1676a,13.872278,-34.541042,5.984000205993652,21.448028564453125,13.872474831084142,-34.541123399316845,3.3136293246856092,1.1090211083198933,1.8058749545142327
SB87829_component_1683a,14.56577,-34.894376,5.933000087738037,15.948925018310547,14.565689186770578,-34.894531339517705,2.0348883712517205,1.790547729635202,2.915639094290205
SB87829_component_1684a,17.540124,-29.122149,5.545000076293945,14.47780704498291,17.540407549085074,-29.12244105757062,3.1790056289708577,1.0711798559790515,1.7442561364979505
SB87829_component_1687a,12.040657,-29.858453,5.76200008392334,13.337963104248047,12.040423830069674,-29.85851382395744,1.828948674376547,1.93474565325303,3.150443839484721
SB87829_component_1690a,14.388956,-29.886501,5.953000068664551,27.182649612426758,14.38910830933443,-29.886385412117907,4.315437721906383,0.8471555716623679,1.37946610570822
SB87829_component_1693a,11.706086,-33.738951,5.769000053405762,25.302631378173828,11.705914194790694,-33.73889502611539,3.8117587402064044,0.9294526620311587,1.513474604925645
SB87829_component_1694a,12.509449,-31.999723,5.965000152587891,28.677885055541992,12.509361444220465,-31.999707273876087,4.425082545610217,0.8278301128455342,1.347997487302312
SB87829_component_1697a,13.485026,-32.117716,6.210000038146973,32.01030731201172,13.485181209564637,-32.11791778445179,1.73090925132765,2.2032787261742897,3.587709773567707
SB87829_component_1698a,12.382183,-34.965484,6.328999996185303,15.177457809448242,12.382120720777326,-34.965626280708804,4.7731820096455,0.814290255645101,1.3259498555462277
SB87829_component_1699a,16.461635,-33.391209,6.2829999923706055,25.334678649902344,16.461376480292248,-33.39133998408749,4.500633519274818,0.8573251147438806,1.3960256851535375
SB87829_component_1701a,12.608849,-30.833295,5.74399995803833,28.29556655883789,12.608935042672858,-30.833145756060613,3.434409532446339,1.0271041514515389,1.672485445830586
SB87829_component_1705a,10.032322,-32.281479,6.74399995803833,19.604650497436523,10.032256595122234,-32.28144860695754,3.44893460910449,1.200838866805888,1.9553864373756273
SB87829_component_1710a,16.463709,-28.233012,6.451000213623047,18.590778350830078,16.463530318018833,-28.233033991878333,3.4404823196144636,1.151489184930461,1.875027863635683
SB87829_component_1712a,15.240195,-28.683736,5.808000087738037,16.406780242919922,15.239988014446313,-28.683625464046916,3.856053566949082,0.9249871368196185,1.5062031652048182
SB87829_component_1717a,11.728212,-28.924536,6.000999927520752,25.536169052124023,11.728207611025228,-28.924356494128574,3.140970280202206,1.173307729749246,1.9105560996057644
SB87829_component_1718a,11.313225,-33.020767,5.434000015258789,25.753555297851562,11.312858565913006,-33.021025223042805,3.600562097562424,0.9268329547298224,1.5092088035192062
SB87829_component_1723a,16.56853,-29.933129,5.859000205993652,27.900001525878906,16.568526749810346,-29.93328774363478,3.532827156787173,1.0184817715808678,1.6584451902034034
SB87829_component_1727a,13.449361,-32.977523,5.445000171661377,27.63959503173828,13.449025917967408,-32.9774823723501,3.181942398636397,1.0508911185460388,1.7112189629814796
SB87829_component_1729a,13.585191,-30.087178,5.925000190734863,30.38461685180664,13.584956105951857,-30.08708349624559,3.114063060391486,1.1684579914986253,1.9026590264328171
SB87829_component_1730a,13.062109,-28.523276,6.589000225067139,27.919492721557617,13.062407382843581,-28.52329162572164,3.2628078132353533,1.2401669866038842,2.0194263965959984
SB87829_component_1731a,11.741534,-33.121918,5.494999885559082,26.9362735748291,11.74122061541524,-33.12198511291947,3.175899609317917,1.062559012509952,1.7302183826708664
SB87829_component_1735a,13.207644,-28.832394,5.9710001945495605,32.80769348144531,13.207532531274087,-28.83269217225758,3.0077486298866805,1.2191515218562812,1.985205856373218
SB87829_component_1738a,10.373041,-34.235074,5.910999774932861,14.851758003234863,10.37242901628213,-34.23514425497744,3.756985773692589,0.9662144533163481,1.5733356821107096
SB87829_component_1739a,12.817555,-30.432374,5.701000213623047,28.648242950439453,12.817463842442896,-30.4323252302586,3.6793355644961823,0.9515547824507079,1.5494646013358921
SB87829_component_1741a,11.372369,-30.996871,5.818999767303467,28.52450942993164,11.37246391343892,-30.996916210984924,2.5597228054992383,1.3960711084354798,2.2732929342200987
SB87829_component_1748a,18.194107,-31.094394,6.051000118255615,15.965699195861816,18.19378118670565,-31.09430429813743,3.188032848737781,1.1656187135070393,1.898035687007225
SB87829_component_1753a,12.865561,-32.484334,6.083000183105469,32.70429992675781,12.86541371164797,-32.484324666294725,2.5591004514324327,1.4597639477381075,2.377007193953862
SB87829_component_1754a,11.575061,-34.756204,5.666999816894531,14.027226448059082,11.574807882745702,-34.75645005349719,4.624744247904448,0.7525192519879859,1.225365017635807
SB87829_component_1755a,16.537298,-31.977838,6.359000205993652,29.304149627685547,16.537085864532145,-31.97787544932135,2.927424158053507,1.3339984471168516,2.172216891938836
SB87829_component_1759a,14.869986,-34.817669,5.821000099182129,15.947944641113281,14.869645845360234,-34.81760768043332,6.0686568274015436,0.5890567874774014,0.9591908497608267
SB87829_component_1765a,15.511371,-31.990036,6.181000232696533,22.64102554321289,15.510932303324635,-31.990129220121684,3.750715019544227,1.0120380235104094,1.6479525105182813
SB87829_component_1774a,14.122373,-32.471866,6.1529998779296875,34.18333053588867,14.121982427546074,-32.471864914967306,2.984301895469933,1.2661824484653839,2.0617886840703776
SB87829_component_1779a,9.83782,-32.495576,5.673999786376953,12.525385856628418,9.837652055069398,-32.49586572894041,2.159309789003289,1.6137137478590622,2.627691411057791
SB87829_component_1782a,17.818529,-30.524571,6.314000129699707,15.904281616210938,17.81844093064872,-30.524102509179595,3.7517196775776354,1.0335377473578276,1.6829615942352212
SB87829_component_1784a,11.993325,-28.792181,6.293000221252441,26.220834732055664,11.993651037120983,-28.792120654493957,3.159663834452359,1.223119824060039,1.9916676428152873
SB87829_component_1792a,14.060077,-30.677401,6.074999809265137,27.866971969604492,14.059686628971296,-30.67727373790074,3.9511415936209997,0.9442256907647557,1.5375302720289858
SB87829_component_1800a,15.495758,-30.727401,5.876999855041504,31.427804946899414,15.495754700061157,-30.727520307077402,3.8507462841386193,0.9372661067227374,1.5261976306382754
SB87829_component_1801a,13.267572,-29.659372,5.324999809265137,27.879579544067383,13.267463437367738,-29.65923298481265,2.8435409017753006,1.150038168665441,1.872665100734297
SB87829_component_1813a,13.426178,-31.644467,6.059999942779541,33.11475372314453,13.425918263525134,-31.644634057107222,3.8151702748511074,0.9754630692330446,1.588395669447818
SB87829_component_1815a,11.823993,-29.880844,5.816999912261963,22.722654342651367,11.823876184148482,-29.880625438423543,1.9836325913858903,1.8009014986028649,2.932498658029127
SB87829_component_1820a,16.854909,-28.08549,5.986999988555908,14.220902442932129,16.854625848050652,-28.085129590453494,3.2583642035420888,1.1283965997453869,1.837425043537977
SB87829_component_1839a,12.037231,-28.218082,5.46999979019165,18.052804946899414,12.037278490303342,-28.21819888292072,9.86975459688003,0.34035575050918515,0.5542184191611811
SB87829_component_1840a,14.374926,-30.549116,5.99399995803833,31.71428680419922,14.374412827416355,-30.549160230379286,2.0456154798624557,1.7994710807472711,2.9301694365557687
SB87829_component_1841a,13.629666,-29.162672,5.992000102996826,31.371728897094727,13.629383383890758,-29.1627833515169,3.177008638720291,1.1582586542689137,1.886050931674653
SB87829_component_1847a,12.976422,-29.297923,5.544000148773193,25.3150691986084,12.976175702650236,-29.297970823240203,3.779551800195332,0.9008138789613516,1.4668406313379996
SB87829_component_1853a,12.266096,-34.606487,5.567999839782715,18.43708610534668,12.266089811409424,-34.60649261083465,3.9043810500849325,0.8757883328465507,1.4260902735560592
SB87829_component_1854a,16.785942,-34.191266,5.370999813079834,15.389683723449707,16.785691559170516,-34.191291389077875,3.087647919265229,1.0682662363039976,1.7395117427630729
SB87829_component_1859a,14.912903,-28.458179,5.769999980926514,20.38869285583496,14.913207719585607,-28.45832607666707,3.697592122041352,0.9583164570562204,1.560474976818437
SB87829_component_1866a,14.098229,-32.228653,5.396999835968018,29.331520080566406,14.098259980733554,-32.228654755607344,2.9835332103835963,1.1108966723358464,1.8089290299115253
SB87829_component_1870a,13.449853,-27.881233,5.833000183105469,17.464073181152344,13.450089194757833,-27.88132012655872,3.9295160727267717,0.9116015564162292,1.4844067501314049
SB87829_component_1871a,12.851165,-31.556546,5.7270002365112305,31.125001907348633,12.85103794160982,-31.55646853981032,2.920229764169627,1.2043766176428536,1.9611471353315633
SB87829_component_1879a,10.841158,-29.443935,5.0970001220703125,18.010601043701172,10.841214291316582,-29.443937849173363,3.4549030732025923,0.9060056658204506,1.475294679496043
SB87829_component_1882a,11.41,-32.09221,5.525000095367432,25.938966751098633,11.409851409715992,-32.09209409556676,3.316375016885111,1.0231063789388195,1.665975671399419
SB87829_component_1883a,13.401567,-31.499249,5.551000118255615,26.816425323486328,13.401421151730927,-31.499001073813755,3.0012269215900687,1.1358593059653364,1.849576944123459
SB87829_component_1888a,12.248855,-28.799951,5.484000205993652,20.6943416595459,12.249025087362007,-28.799958730210566,2.5530905590791186,1.3191171910003652,2.147984992734332
SB87829_component_1889a,14.853928,-28.354144,5.4019999504089355,18.82229995727539,14.854118380950002,-28.35423727949914,3.944483510143806,0.8410398393511284,1.3695075506126257
SB87829_component_1897a,16.397302,-31.483619,5.230000019073486,27.23958396911621,16.397322322106007,-31.48383737703595,3.1418893579353666,1.022263702641621,1.6646034991220322
SB87829_component_1900a,18.289886,-32.035695,5.6020002365112305,11.970086097717285,18.289453131110825,-32.03569047134922,3.252703953828707,1.0576713067202308,1.7222594850408084
SB87829_component_1904a,16.753973,-31.909864,5.035999774932861,24.565853118896484,16.753959615377724,-31.909945340474906,3.613796744244299,0.8558036159996256,1.3935481520795845
SB87829_component_1907a,16.119191,-29.41412,5.6020002365112305,25.697248458862305,16.119088844660375,-29.4140988814553,3.137036288503804,1.0966693798945188,1.7857620127126679
SB87829_component_1910a,11.786532,-32.13651,5.716000080108643,28.297029495239258,11.786433263331869,-32.136453343819554,5.730108147486298,0.6126064215333238,0.9975379055657362
SB87829_component_1922a,16.148641,-32.231848,5.623000144958496,15.974431991577148,16.148728847472228,-32.23218539766776,2.5716647046327448,1.3427831653157138,2.186521491246079
SB87829_component_1932a,16.301004,-32.015006,5.315999984741211,23.522123336791992,16.300989526588577,-32.01518339167198,2.508159445077998,1.3016132684149966,2.119482473561762
SB87829_component_1934a,12.860041,-33.870222,5.067999839782715,23.90566062927246,12.859950451935756,-33.870327495808326,3.458218201795227,0.8999872100244373,1.4654945246519782
SB87829_component_1936a,10.949948,-28.085967,5.613999843597412,12.817351341247559,10.949049987557943,-28.086249976623517,3.2240910598117063,1.069343500923107,1.7412659070259888
SB87829_component_1938a,15.419009,-31.497285,5.1529998779296875,18.53597068786621,15.41876268453003,-31.497302800557744,3.075993806898611,1.0287901863601,1.6752309014318953
SB87829_component_1940a,15.444291,-31.090078,4.828999996185303,26.827775955200195,15.44394720269841,-31.090246560713393,2.631063718948658,1.1271402964628447,1.835379341597593
SB87829_component_1944a,15.312041,-34.805873,5.051000118255615,13.725543975830078,15.311712761859868,-34.80593651410434,2.122400827606256,1.4615110719392843,2.3798521243286417
SB87829_component_1950a,15.279806,-34.328348,5.183000087738037,18.916059494018555,15.279848461819695,-34.32842026181178,5.695659454807001,0.5588423867540542,0.9099912185521746
SB87829_component_1953a,13.743587,-33.117171,4.854000091552734,25.28125,13.743384717750699,-33.117110616421996,3.7739305747464185,0.7898743500160248,1.2861922060871216
SB87829_component_1954a,12.629269,-34.243229,5.034999847412109,21.60944175720215,12.629285776654786,-34.24340401694636,3.179866580725786,0.9723949633691591,1.5833997180670705
SB87829_component_1956a,13.341426,-34.441867,4.934999942779541,19.42913246154785,13.341486619922485,-34.44212623934828,2.672649666325218,1.1339587451823367,1.8464821652307917
SB87829_component_1964a,11.488748,-34.370271,5.165999889373779,19.793102264404297,11.488517612604923,-34.37031203967449,4.0228832888382176,0.7886223787254306,1.2841535581475163
SB87829_component_1968a,12.463984,-34.070174,5.307000160217285,26.014707565307617,12.463815003400072,-34.07025128322114,2.2716474736616554,1.434697369469711,2.3361900214486018
SB87829_component_1969a,12.028972,-34.243654,4.896999835968018,19.66666603088379,12.02902997868826,-34.24351438090207,3.715531849762834,0.8093963441192,1.3179808528032395
SB87829_component_1971a,13.668402,-32.869019,4.872000217437744,24.482412338256836,13.66810305010733,-32.869007165917026,5.657583374781574,0.5288450864520378,0.8611451028993171
SB87829_component_1972a,16.144195,-29.434591,4.952000141143799,22.509092330932617,16.14403469366169,-29.43441767728629,2.427793344922269,1.2526249829224094,2.039712379762845
SB87829_component_1980a,17.557605,-31.333618,5.556000232696533,25.962617874145508,17.557851966278733,-31.333492860110734,3.3249895976096155,1.0261813129071577,1.670982741326717
SB87829_component_1981a,14.932359,-28.815457,4.614999771118164,18.098037719726562,14.932591504226211,-28.81557371438615,2.99703137083451,0.9456545845927511,1.53985701185141
SB87829_component_1986a,17.232045,-33.599006,5.354000091552734,20.832685470581055,17.231885951081328,-33.59908264745939,5.057076468901527,0.6501760848417162,1.0587144814750455
SB87829_component_1999a,13.743183,-31.892881,5.026000022888184,26.73404312133789,13.7432032308492,-31.89286218979345,3.0187199869236214,1.0224728701121273,1.6649440970542557
SB87829_component_2000a,11.296275,-31.052369,4.915999889373779,23.748790740966797,11.296152263491118,-31.052353126845052,3.6458106614539947,0.8280754156315111,1.3483969261895836
SB87829_component_2005a,13.703255,-33.716214,4.8979997634887695,25.378236770629883,13.703100916269442,-33.716337772274514,2.205831743886436,1.3636361784716562,2.2204775033561837
SB87829_component_2006a,16.340712,-34.457262,4.988999843597412,15.838094711303711,16.340791344201676,-34.45725883130709,4.361050030876077,0.7025456656193846,1.143990508770932
SB87829_component_2007a,12.939998,-30.736508,5.297999858856201,28.483869552612305,12.93972259079058,-30.736387498028016,2.5661515940274815,1.2678905686530269,2.064570102244499
SB87829_component_2014a,13.048273,-34.134495,4.960999965667725,24.559404373168945,13.04819876227069,-34.13472902151455,2.4340159090237754,1.2516933616236534,2.0381953738574623
SB87829_component_2031a,17.960104,-32.604259,5.369999885559082,16.47239112854004,17.96013001876916,-32.60424210346744,2.378136604630828,1.3867226724467296,2.2580704048297084
SB87829_component_2032a,11.412926,-32.176659,4.994999885559082,26.151832580566406,11.412555306441448,-32.17649964350223,2.6754773447299067,1.1465324268911437,1.866956524748048
SB87829_component_2035a,11.989145,-34.674965,5.081999778747559,14.478631019592285,11.988719707754687,-34.67511748248721,3.2885155025011628,0.94904517536275,1.5453780816548732
SB87829_component_2043a,12.547769,-34.639361,4.579999923706055,15.63139820098877,12.547723550649355,-34.639516137253224,4.425484855992178,0.635560282287996,1.0349148336830623
SB87829_component_2046a,15.20662,-30.754037,5.171999931335449,28.10869598388672,15.206302252220667,-30.753921488505934,4.868341761745452,0.6524234904666565,1.062374045301439
SB87829_component_2049a,12.575855,-32.233327,4.686999797821045,25.89502716064453,12.575714819710416,-32.23335617553102,3.0548270720683894,0.9422376233115927,1.5342930016158098
SB87829_component_2050a,12.038108,-29.919807,5.014999866485596,13.197368621826172,12.038009654524455,-29.91983975217263,2.5825913378960568,1.1925246728054009,1.9418480163304248
SB87829_component_2052a,17.636959,-31.009608,5.354000091552734,22.032922744750977,17.636671242537318,-31.009544928799368,1.8908696239602125,1.7388772539532589,2.83150145504976
SB87829_component_2054a,12.702275,-34.480808,5.10099983215332,20.242061614990234,12.701826117733313,-34.48103077484968,3.3191890331276115,0.943790192010653,1.536821127462795
SB87829_component_2061a,16.121323,-34.771534,5.156000137329102,11.282276153564453,16.121246841081792,-34.771259610233834,3.7258642903597874,0.8498416769107039,1.3838400262375667
SB87829_component_2066a,15.499985,-31.478528,4.875,19.192913055419922,15.499986463359237,-31.47877903612878,3.25416662450631,0.9199981857674581,1.4980794048121573
SB87829_component_2067a,10.447063,-28.780376,5.308000087738037,14.582418441772461,10.447023250478585,-28.780403266765788,3.3899583387895484,0.9615872535817441,1.5658009796171606
SB87829_component_2071a,17.941532,-33.544343,4.382999897003174,12.008218765258789,17.941353469735557,-33.54443544004044,2.6354547287959735,1.0213345826126714,1.6630905661603146
SB87829_component_2074a,12.209389,-31.383103,4.775000095367432,20.405982971191406,12.20915752048432,-31.383012642029644,2.734058049436395,1.0725506014730681,1.7464881904580487
SB87829_component_2075a,14.516065,-28.976973,4.431000232696533,19.43421173095703,14.51631959332412,-28.977099335251552,2.971162134982676,0.9158567668266074,1.4913357236636866
SB87829_component_2078a,16.393915,-29.866601,4.814000129699707,22.390697479248047,16.393961142601945,-29.866698128054438,2.6193721699656236,1.1286545224438336,1.8378450320646438
SB87829_component_2084a,11.700814,-29.849553,4.817999839782715,21.13157844543457,11.700649197590423,-29.84944569523375,6.544969025354631,0.45207586618762113,0.7361379131235319
SB87829_component_2086a,11.448741,-31.976439,4.623000144958496,19.182573318481445,11.448328056619268,-31.976365621263685,3.6318661878587135,0.7817109679272227,1.2728993596771632
SB87829_component_2087a,10.953695,-31.678866,4.644000053405762,20.825111389160156,10.953501887596468,-31.678924594167572,2.9162891305081615,0.977943522216407,1.592434716031242
SB87829_component_2102a,14.963851,-30.40789,4.896999835968018,27.66666603088379,14.963748926678406,-30.407723668824072,2.830654644128362,1.062417805681318,1.7299884484763561
SB87829_component_2103a,10.538504,-32.807163,4.718999862670898,18.578739166259766,10.537861565439071,-32.80738624425085,2.5038959637077185,1.1574062468632929,1.884662913743069
SB87829_component_2104a,11.447571,-32.059457,4.497000217437744,19.81057357788086,11.446903771135496,-32.05946490884685,2.96838235131846,0.9303689442324428,1.5149666334056733
SB87829_component_2105a,10.437204,-32.768882,4.7829999923706055,18.830707550048828,10.437373849252825,-32.76888116184539,1.9755432346085298,1.4868459663086488,2.42110620946162
SB87829_component_2108a,11.304264,-29.062549,4.873000144958496,21.3728084564209,11.304113570310495,-29.062625533524265,2.4252135204052947,1.2339528943307805,2.0093076770181186
SB87829_component_2114a,12.999876,-28.624617,4.473999977111816,21.40669822692871,12.999716469253228,-28.624829026025257,3.4730076511684995,0.7911200200383972,1.2882205933541584
SB87829_component_2115a,14.090703,-28.206418,4.933000087738037,19.891130447387695,14.09078788190415,-28.20673922480755,1.9055030450127042,1.5898407100479728,2.5888177406219515
SB87829_component_2117a,10.221931,-31.482238,4.671999931335449,15.168830871582031,10.221750308866053,-31.48238762911155,2.8009637371774923,1.0243478940258093,1.6679972929758042
SB87829_component_2132a,13.484205,-28.265599,4.559999942779541,17.882352828979492,13.48443506483037,-28.265628142457732,3.380920280035544,0.8282892867373652,1.3487451832882618
SB87829_component_2134a,13.722338,-32.088042,4.486999988555908,24.51912498474121,13.722139008072853,-32.08805962581348,2.2918198486503054,1.2023412010090437,1.957832763861603
SB87829_component_2143a,12.957077,-32.246234,4.309000015258789,24.62285804748535,12.957014864494232,-32.24619469983636,2.9072827723530548,0.9102094879527015,1.4821399749055826
SB87829_component_2146a,12.973383,-27.938333,4.604000091552734,13.661721229553223,12.97324632627575,-27.938292949235123,4.61330684570792,0.6128795340337898,0.997982628412449
SB87829_component_2159a,15.711069,-29.232339,4.581999778747559,20.364444732666016,15.711131881552328,-29.232489866113426,2.865176997538196,0.9821000777997103,1.5992030449373575
SB87829_component_2160a,16.925331,-28.0659,4.440999984741211,10.02483081817627,16.92494627159707,-28.06558494499143,2.201527592859755,1.2388216198723425,2.0172356681536803
SB87829_component_2163a,14.382821,-28.493895,4.546000003814697,19.59482765197754,14.383021253835523,-28.494035418247197,4.455977147953711,0.6265253016128371,1.0202027193748797
SB87829_component_2170a,13.393546,-31.524177,4.796000003814697,23.979999542236328,13.392784987682443,-31.524285321181235,1.7169123735057188,1.7154702137586209,2.793386592014518
SB87829_component_2172a,17.259891,-31.007561,4.781000137329102,22.55188751220703,17.260095546149074,-31.007693906651582,2.7826693579795783,1.055138057768133,1.7181344681210915
SB87829_component_2176a,16.690441,-30.629447,4.427000045776367,23.05729103088379,16.69034202653167,-30.62943043968584,3.3420437547599313,0.8134849683649782,1.3246385656893864
SB87829_component_2185a,12.030249,-31.149937,4.242000102996826,21.21000099182129,12.030390461899179,-31.14976866499188,2.346299300159213,1.1102976000720073,1.8079535303569225
SB87829_component_2195a,11.469655,-28.561548,4.244999885559082,16.845237731933594,11.46936802666065,-28.561457734685543,3.432006976570109,0.7595942320628891,1.2368855642016976
SB87829_component_2204a,13.184582,-31.93185,3.875,21.892654418945312,13.184295501912104,-31.93189085052745,2.76536213695083,0.8605415253969178,1.4012631286955746
SB87829_component_2212a,11.579971,-29.955201,4.4710001945495605,18.17479705810547,11.579844697001775,-29.955133977235437,3.094612811168185,0.8872591914865763,1.4447688506989032
SB87829_component_2220a,11.909911,-32.427398,4.245999813079834,17.99152374267578,11.909716965093136,-32.42740785842465,2.382988746837513,1.0942337773063475,1.7817959982877556
SB87829_component_2227a,15.768006,-29.437538,4.281000137329102,20.193397521972656,15.767791190039647,-29.43753524762594,2.303953193211585,1.1411000579237442,1.8581107246200697
SB87829_component_2232a,15.264823,-29.925446,4.2230000495910645,24.13142967224121,15.264725383313252,-29.92531849314508,3.311350633761782,0.7831916597519557,1.2753104447877888
SB87829_component_2234a,18.183229,-31.376051,4.117000102996826,10.665802955627441,18.183028475947236,-31.37594573737636,2.0170774438669956,1.2534598930816196,2.0410719060464086
SB87829_component_2239a,17.366569,-33.591158,4.168000221252441,15.10145092010498,17.366282645256224,-33.591344751776234,2.176817395240625,1.1758661042224077,1.9147220296775107
SB87829_component_2249a,11.059423,-31.359073,4.328999996185303,20.8125,11.059122640833221,-31.359164277151486,4.100415052156442,0.6483535658733264,1.0557467820016528
SB87829_component_2252a,11.335811,-32.781701,4.216000080108643,19.076923370361328,11.33553578405077,-32.78158312422439,2.713218251448875,0.9542628526700758,1.5538742885343901
SB87829_component_2259a,9.912475,-30.483784,4.4629998207092285,10.006726264953613,9.91209577269004,-30.48369648516733,2.186904129970623,1.25328332693883,2.040784394498894
SB87829_component_2274a,14.460004,-30.814466,4.294000148773193,22.600000381469727,14.459792020125917,-30.8140383373025,3.740567319706707,0.7049798716550686,1.1479542491190562
SB87829_component_2280a,14.958001,-28.149982,4.559000015258789,16.224199295043945,14.958084549660247,-28.149954072797478,3.0237560499850957,0.9259232315887561,1.5077274554874427
SB87829_component_2285a,13.911048,-32.133299,4.104000091552734,21.26424789428711,13.910839473137496,-32.133256744035776,1.8140802696198757,1.389322276747072,2.2623034715066335
SB87829_component_2295a,12.84828,-31.194749,4.196000099182129,20.468294143676758,12.848107142677957,-31.194602024928784,2.385692735877149,1.080122763809139,1.7588183239529305
SB87829_component_2324a,17.720357,-30.880442,3.994999885559082,15.979999542236328,17.720146478308155,-30.88021972178907,2.063425945095191,1.1889949817937373,1.9361004425941648
SB87829_component_2328a,13.927276,-31.786044,4.4079999923706055,21.39805793762207,13.92738595744634,-31.78599005853964,4.461322891062614,0.606778334829215,0.9880477383067632
SB87829_component_2329a,13.408311,-27.960157,4.452000141143799,13.826087951660156,13.408118160258494,-27.96045066965649,2.887846367398523,0.9467454392745961,1.5416333054982847
SB87829_component_2330a,14.416702,-33.301605,3.927999973297119,19.639999389648438,14.416665263581969,-33.30146889266443,2.7553832889569327,0.8754706548991873,1.4255729825465
SB87829_component_2332a,14.19302,-28.331194,4.52400016784668,19.33333396911621,14.193185828878415,-28.331478599435062,2.0295893919957,1.3688837420184083,2.229022375505333
SB87829_component_2353a,17.971452,-32.249808,4.306000232696533,13.890323638916016,17.97118334392265,-32.24973443600262,2.389972037424147,1.1064540088186148,1.8016948170395475
SB87829_component_2362a,12.92608,-30.173362,3.63100004196167,18.91145896911621,12.926126126091587,-30.173310550831008,2.461667863622537,0.9058346624179596,1.475016226038865
SB87829_component_2379a,17.505784,-30.068198,4.375,16.143911361694336,17.506155728404735,-30.067959204386128,2.586610003579173,1.038721789311461,1.6914030309734271
SB87829_component_2383a,12.184637,-28.29433,4.034999847412109,14.157894134521484,12.184834923165752,-28.29427079581916,3.8924358875771556,0.636611078442657,1.0366258980115644
SB87829_component_2388a,16.750468,-34.206018,3.9000000953674316,11.538461685180664,16.750566513819148,-34.20589951084301,2.1833665622274228,1.0969582536375215,1.7862324003848153
SB87829_component_2396a,13.957034,-31.330942,4.019999980926514,18.026905059814453,13.956625040684397,-31.330697170981143,2.392466557667053,1.0318874074350806,1.6802742625779916
SB87829_component_2398a,17.526019,-33.263544,3.7320001125335693,12.116883277893066,17.52600063196799,-33.26354361438765,1.929889716023284,1.187575675900988,1.9337893152898395
SB87829_component_2402a,10.537114,-33.076842,3.9230000972747803,15.088462829589844,10.5366869126801,-33.076836458846074,2.6264973227136315,0.9172621938687671,1.4936242513362377
SB87829_component_2405a,17.602979,-30.053048,4.366000175476074,16.66412353515625,17.60344879188859,-30.053215522053218,2.628207772379145,1.020178557098058,1.6612081515624693
SB87829_component_2406a,14.629561,-30.64299,4.066999912261963,20.133663177490234,14.629276334498416,-30.64292177211503,3.1806494514670884,0.7852546079495881,1.278669647290443
SB87829_component_2407a,17.27776,-29.706535,4.1020002365112305,16.742856979370117,17.278167132309644,-29.70675802852084,2.1854922351517416,1.1526529090407678,1.87692281424483
SB87829_component_2411a,11.138485,-33.812587,4.011000156402588,17.82666778564453,11.138437346066866,-33.812457448222034,4.460659424293527,0.5522118864224395,0.8991944407497204
SB87829_component_2413a,15.37694,-30.430583,4.236000061035156,22.178010940551758,15.376991440423229,-30.430558469140532,3.1703289124925167,0.8205475890411621,1.3361389868235494
SB87829_component_2416a,11.752777,-29.596681,3.6410000324249268,15.693965911865234,11.752791559457314,-29.596597955469576,2.1108804575903335,1.0592761180406758,1.7248726801807122
SB87829_component_2426a,13.732631,-31.291228,3.6589999198913574,17.676328659057617,13.732732433677546,-31.291266677963925,1.884929722620222,1.192118354649263,1.9411863880023168
SB87829_component_2427a,16.995024,-31.992609,3.552999973297119,17.502464294433594,16.99510115532822,-31.99270922801147,2.418374044251857,0.9022437215599576,1.4691689160914179
SB87829_component_2431a,14.541234,-33.992587,3.2880001068115234,14.744394302368164,14.541228748450658,-33.992514083982975,2.618526165635041,0.7711290114016595,1.255668226639287
SB87829_component_2433a,10.398067,-29.68495,4.138000011444092,13.656765937805176,10.3981475480393,-29.685161107577688,2.751556998462233,0.9235578654356335,1.5038758105889511
SB87829_component_2434a,17.254821,-29.399624,3.9600000381469727,13.702422142028809,17.25490172790277,-29.399577063463845,2.1190125589587945,1.147661457728132,1.868794982552049
SB87829_component_2436a,12.081122,-29.466413,3.7290000915527344,14.125,12.081000976536933,-29.466335742425276,2.0069047845691483,1.1410843869258422,1.858085206744521
SB87829_component_2437a,13.376173,-32.174029,4.195000171661377,23.17679786682129,13.376016852800422,-32.1740075241403,2.063321424722198,1.248582468382787,2.0331297496347105
SB87829_component_2439a,12.863235,-34.529601,3.7260000705718994,13.402877807617188,12.86316344734619,-34.52960265873935,2.1553104111565284,1.0616593023780259,1.728753339326444
SB87829_component_2441a,14.382762,-29.785183,3.9790000915527344,18.59345817565918,14.382763331236697,-29.784987215685085,2.0262328079533223,1.20597066433246,1.9637428018806402
SB87829_component_2442a,13.624817,-30.886394,3.6410000324249268,18.865283966064453,13.624817439933217,-30.886229274445604,3.865385419794387,0.578468901267588,0.9419500611192878
SB87829_component_2450a,12.642141,-31.798835,3.75,18.115942001342773,12.641870361346452,-31.799094620887786,2.3924555258414113,0.9625859799028377,1.5674272560118538
SB87829_component_2454a,13.975843,-31.619264,3.74399995803833,17.577465057373047,13.975709558297359,-31.619163372221674,1.7578607963658532,1.3079871939036642,2.1298614576185777
SB87829_component_2459a,15.262192,-30.402768,3.9630000591278076,22.38983154296875,15.262069931835956,-30.4026228892527,2.4550426253178608,0.9913275580076154,1.6142286159348078
SB87829_component_2461a,12.396955,-29.085261,3.619999885559082,13.97683334350586,12.397047997815637,-29.08536846241836,2.3964986454714325,0.9276486275302096,1.5105370046420226
SB87829_component_2466a,13.371523,-30.550035,3.8239998817443848,21.363126754760742,13.371292073198425,-30.550223819827327,2.6692223582135575,0.8798026254208259,1.432626948435907
SB87829_component_2469a,17.031624,-32.471844,3.9230000972747803,18.770334243774414,17.031401264596244,-32.47178337390026,1.9107253732821612,1.2608754403487887,2.053147015332727
SB87829_component_2473a,16.503699,-31.167533,3.9690001010894775,21.928178787231445,16.50356953839267,-31.167721453409982,3.1581585531602734,0.7717903030948439,1.2567450412259447
SB87829_component_2474a,13.834816,-27.757169,3.944000005722046,10.244155883789062,13.835084475909056,-27.75743724627957,3.0565384503240636,0.7924268471621352,1.29034856581107
SB87829_component_2477a,15.165924,-33.066328,3.9110000133514404,17.777273178100586,15.16595032934808,-33.066583613373695,3.121485763008368,0.7694467974441787,1.2529289928851604
SB87829_component_2479a,12.248473,-28.965148,3.680000066757202,15.93073558807373,12.24824584436515,-28.96512483232163,2.782535944920026,0.8121928850910489,1.3225346013860642
SB87829_component_2484a,13.740835,-32.457607,3.5789999961853027,20.568965911865234,13.740601051222198,-32.457572142249894,2.430913614581868,0.9041579585958035,1.4722859647157445
SB87829_component_2487a,16.487409,-31.075596,4.111000061035156,19.30047035217285,16.48728903343498,-31.075717652457378,2.5752247186727764,0.980357528574766,1.5963655642269117
SB87829_component_2493a,15.739109,-30.484443,3.9110000133514404,20.159793853759766,15.739125976636117,-30.484397196484192,2.819471916269588,0.8518677592618851,1.3871391982247658
SB87829_component_2501a,16.639395,-31.590048,3.7839999198913574,20.791208267211914,16.639336780237123,-31.590500743461913,2.526434060950653,0.919803987908408,1.49776318265259
SB87829_component_2505a,11.166273,-29.54756,3.5789999961853027,13.765384674072266,11.1661497994304,-29.547442037065988,1.9445222018376536,1.1303187431884056,1.8405549665635086
SB87829_component_2506a,11.181307,-30.10118,3.306999921798706,14.763392448425293,11.181412290112107,-30.10122658303326,6.150186897759049,0.3302159209013799,0.5377072236623706
SB87829_component_2509a,14.541217,-33.043102,3.7850000858306885,19.31122589111328,14.540999150075557,-33.042923468217744,1.6865837949027227,1.3781932162639086,2.2441814615258986
SB87829_component_2511a,13.54638,-28.929442,3.697999954223633,18.96410369873047,13.546200392315475,-28.929462826843213,2.549469496596325,0.8907774589189467,1.4504978228453629
SB87829_component_2540a,15.908055,-29.501456,3.5309998989105225,18.29533576965332,15.907874171630949,-29.501311945474054,1.974343806895346,1.0983153688296952,1.7884422594375884
SB87829_component_2546a,11.082023,-33.285108,3.7060000896453857,17.647619247436523,11.081608353938616,-33.285214692720174,3.4109651726479466,0.667237240854213,1.0864960215258963
SB87829_component_2547a,15.291981,-30.289417,3.296999931335449,17.44444465637207,15.292209004244564,-30.289304241156405,2.906864172138199,0.6965404407372809,1.134211898490695
SB87829_component_2558a,11.238058,-32.280575,3.614000082015991,18.345178604125977,11.237612393344776,-32.28061601783689,1.5648498741148729,1.4182984106497882,2.3094867704546935
SB87829_component_2560a,13.503089,-28.604466,3.694999933242798,20.758426666259766,13.503193532198765,-28.60430458402893,2.430728190188104,0.9335340745736563,1.5201205746319406
SB87829_component_2576a,16.618393,-31.480361,3.5810000896453857,20.94152069091797,16.618247370588072,-31.480480334865124,2.7035560699577283,0.8134316909474274,1.3245518113857269
SB87829_component_2578a,11.676582,-28.471138,3.6410000324249268,14.800812721252441,11.676842952875864,-28.471048022936053,1.8755415558914657,1.192191796412325,1.9413059769258587
SB87829_component_2590a,16.410884,-34.076534,3.5910000801086426,13.602272987365723,16.410204538720976,-34.07655088724081,1.673515042631793,1.3177648888195022,2.145782970950405
SB87829_component_2591a,16.956151,-32.598084,3.815000057220459,17.744186401367188,16.956126434285064,-32.59788746185538,2.1378207876391975,1.0959112634443322,1.7845275334951607
SB87829_component_2600a,14.356579,-32.685311,3.812000036239624,13.422534942626953,14.356886293546332,-32.68541849329495,2.529332762679444,0.9255482500124599,1.5071168540913489
SB87829_component_2616a,14.700119,-32.45653,3.796999931335449,13.609317779541016,14.699692958003487,-32.45633940748055,2.464744985787404,0.9460644750806757,1.5405244571873766
SB87829_component_2621a,11.218562,-28.530974,2.9730000495910645,10.251724243164062,11.218502322635747,-28.53059117453251,1.912870235134501,0.9544683776434347,1.5542089552049627
SB87829_component_2630a,14.64986,-28.642513,3.694000005722046,16.131004333496094,14.650037772443826,-28.64277189003534,3.754675800610239,0.6041942468828775,0.9838399376909368
SB87829_component_2639a,12.814299,-32.168952,3.433000087738037,19.178770065307617,12.81412955317337,-32.16904177550371,1.8567289662186717,1.1354746404849647,1.848950573938385
SB87829_component_2645a,17.698257,-33.521143,3.609999895095825,10.840840339660645,17.697889849851666,-33.521356006087565,2.190218706270474,1.0122128417897143,1.6482371759316077
SB87829_component_2654a,14.792296,-29.480805,3.7679998874664307,18.291261672973633,14.792444687434152,-29.48079973260242,2.6113716267550364,0.8861236699530007,1.4429198237665823
SB87829_component_2666a,12.720149,-34.511294,3.2079999446868896,12.679841995239258,12.720198535577058,-34.51146571248702,2.677509905274856,0.7357925790902428,1.1981281332953937
SB87829_component_2678a,15.092465,-33.690007,3.5829999446868896,16.900943756103516,15.092413217261551,-33.68986061358887,2.551533370774812,0.862378034564086,1.4042536091146076
SB87829_component_2681a,10.2976,-31.617503,3.507999897003174,10.793846130371094,10.297308681236412,-31.61770073344223,2.414326822199548,0.8923097740483255,1.4529929687842535
SB87829_component_2682a,16.529168,-34.111129,3.5390000343322754,13.304511070251465,16.52872860263069,-34.111313563298715,2.7521417759283207,0.7896995700418746,1.2859076030480083
SB87829_component_2691a,15.062827,-33.854941,3.3350000381469727,14.756637573242188,15.062649285045838,-33.854802967245675,2.247676213709136,0.9112010908930839,1.4837546519405145
SB87829_component_2728a,16.656147,-31.442356,3.1619999408721924,17.278688430786133,16.656090928211945,-31.442584693718214,2.3680665364148097,0.820011785285123,1.3352665105683124
SB87829_component_2729a,12.884638,-29.187167,3.3550000190734863,15.900474548339844,12.885073739904207,-29.187109180222148,2.2756391497485358,0.9054016209920552,1.4743110828640045
SB87829_component_2743a,14.386829,-32.795084,3.23799991607666,12.84920597076416,14.386918232680191,-32.79522759803669,2.2095416282909905,0.8999674090248164,1.4654622816865184
SB87829_component_2750a,11.149859,-32.605024,3.2769999504089355,14.004273414611816,11.149411769414032,-32.605260275673565,1.787078783964861,1.1261205228403728,1.8337187928214869
SB87829_component_2755a,11.058495,-32.8445,3.4730000495910645,17.02450942993164,11.058110980735334,-32.84478991201447,2.8480522605867082,0.7488743795361421,1.2194298881564818
SB87829_component_2756a,15.67042,-33.917857,3.253999948501587,15.349056243896484,15.67029932151303,-33.917656981080455,2.44081017829816,0.8187205162662758,1.3331638721575712
SB87829_component_2786a,16.276297,-30.58335,3.4609999656677246,19.335195541381836,16.276365481492192,-30.583229231512437,1.9662381231795372,1.0809799035368108,1.7602140477629733
SB87829_component_2791a,17.28338,-32.193257,3.48799991607666,16.452829360961914,17.283183293488737,-32.19309391550108,1.7152301452753533,1.2488382798232087,2.033546300293548
SB87829_component_2798a,17.669952,-31.027666,3.125999927520752,12.65587043762207,17.669693974531583,-31.027947161885656,1.873516858809203,1.0246687598059827,1.6685197748941636
SB87829_component_2814a,14.522123,-28.572163,3.1559998989105225,14.679069519042969,14.522152583890653,-28.572161111672653,1.9014381389087474,1.0193114843628892,1.6597962533357933
SB87829_component_2824a,14.317985,-31.515278,3.325000047683716,16.299020767211914,14.317695554844589,-31.515364562833263,4.222439196984228,0.4835934264796651,0.7874595447244129
SB87829_component_2830a,13.430331,-30.010293,3.2990000247955322,16.746192932128906,13.429955232811611,-30.010041981794114,1.927607573403114,1.0510317420685273,1.7114479473492004
SB87829_component_2833a,14.349875,-30.667595,3.1019999980926514,17.426965713500977,14.349784219776335,-30.66741686682109,1.6083454579205902,1.1844441675205108,1.9286901223964585
SB87829_component_2854a,17.418447,-31.322783,3.194999933242798,15.0,17.418115869829254,-31.32286693448716,2.096795421958788,0.9357652880471521,1.5237537719622103
SB87829_component_2864a,12.506435,-34.261424,2.9170000553131104,12.627705574035645,12.50596557794168,-34.261539935760545,3.5384150508910874,0.5062672114858796,0.8243804113874418
SB87829_component_2872a,14.433942,-32.938269,3.11299991607666,10.884614944458008,14.433811920433907,-32.93842717793557,1.9720036747102971,0.9694457844942069,1.5785974214951624
SB87829_component_2879a,13.168123,-33.649365,2.7660000324249268,15.032608985900879,13.167995779326464,-33.649299621646506,1.4941181401464305,1.1368924430326517,1.8512592532701904
SB87829_component_2885a,13.200296,-31.425282,3.3369998931884766,17.380207061767578,13.200081619001043,-31.425274319329496,2.535526276836328,0.8082397664282026,1.316097539068764
SB87829_component_2890a,15.051901,-34.153531,3.115000009536743,14.28899097442627,15.051467585705288,-34.153340220174115,2.1934725617037523,0.8721234890865969,1.420122623789379
SB87829_component_2891a,15.619481,-31.433996,2.555000066757202,11.561086654663086,15.619230667222755,-31.43403321190237,3.161010220259124,0.4963832900327398,0.8082859240321456
SB87829_component_2897a,11.422678,-31.526629,2.8980000019073486,13.800000190734863,11.422306260715636,-31.526526295995566,1.8220357357803576,0.9767729593905254,1.5905286295969203
SB87829_component_2900a,16.217965,-30.819658,3.2769999504089355,17.430850982666016,16.21812420777315,-30.819871568350756,1.919032107737686,1.0486880789753479,1.7076316426368368
SB87829_component_2910a,12.715392,-29.437148,2.865999937057495,12.794642448425293,12.715259151405002,-29.43725928718534,3.463102522390374,0.5082331223221017,0.827581603064776
SB87829_component_2919a,13.438057,-29.587333,3.1440000534057617,16.90322494506836,13.438137034423148,-29.58723238732888,2.4811574835885346,0.778180513802631,1.2671505433256691
SB87829_component_2924a,15.130251,-32.498954,2.8550000190734863,12.802690505981445,15.130213267904383,-32.49902351839259,4.034403004039929,0.4345892449657265,0.7076635666329258
SB87829_component_2947a,11.627439,-33.098135,3.0290000438690186,14.632850646972656,11.627303619815054,-33.09814360658446,1.7417984738017955,1.0679563721215326,1.7390071753006355
SB87829_component_2979a,13.137173,-28.242029,3.010999917984009,12.19028377532959,13.137745611789159,-28.242167536883745,3.3297895905631942,0.5553235480932868,0.9042613162457314
SB87829_component_3010a,12.266795,-33.937994,2.634999990463257,13.795811653137207,12.266397713938932,-33.93804638740738,3.1103453615225356,0.5202644379155508,0.8471728005064383
SB87829_component_3040a,11.926562,-32.831407,2.7950000762939453,12.533632278442383,11.92623825822835,-32.83139089067794,1.6070589289291473,1.0680760072373987,1.7392019831882422
SB87829_component_3065a,16.895068,-33.527519,2.805999994277954,10.392592430114746,16.894430310563905,-33.52742401358691,2.658144536034459,0.6482778920816177,1.0556235585533933
SB87829_component_3073a,15.447132,-33.771056,2.828000068664551,12.349345207214355,15.44685928983128,-33.77101090532343,2.052690508747837,0.8460734731369832,1.3777040701521346
SB87829_component_3074a,14.73495,-33.502957,2.5139999389648438,12.826530456542969,14.734784492821275,-33.503099499534216,3.8121460481190295,0.40499332895112483,0.6594710452411154
SB87829_component_3121a,15.497858,-29.584492,2.569000005722046,13.040609359741211,15.497671053136743,-29.5840554832599,2.7049442142302382,0.5832542739049542,0.9497423245207743
SB87829_component_3145a,12.613945,-28.5366,2.759999990463257,12.158590316772461,12.614369015324469,-28.536375611385928,2.590090592621388,0.6544044795015638,1.0655997895694862
SB87829_component_3149a,14.807582,-31.665947,2.763000011444092,15.016304016113281,14.807566885458929,-31.665968551442848,3.2070162867160747,0.5290928085887234,0.8615484813372596
SB87829_component_3157a,11.317478,-29.569905,2.753999948501587,11.427386283874512,11.31761327089181,-29.570061545736504,2.087851972777277,0.8100584580583836,1.3190590062944907
SB87829_component_3159a,13.217154,-32.125631,2.4170000553131104,13.971098899841309,13.217016962449714,-32.125624572035164,2.066285955545382,0.7183537677099417,1.1697316379790035
SB87829_component_3165a,11.43323,-29.403456,2.638000011444092,10.94605827331543,11.433257683802347,-29.40312876241825,2.090474057500422,0.7749651059410603,1.2619147326795082
SB87829_component_3278a,13.164061,-29.979651,2.322000026702881,11.786802291870117,13.164021301376469,-29.979481965511628,4.178439696903801,0.34127165532673165,0.5557098331282533
SB87829_component_3321a,10.811688,-31.358624,2.2039999961853027,10.545454025268555,10.8114084281486,-31.358750085953705,2.1224148131414693,0.6377250239239625,1.0384397915707515
SB87829_component_3360a,15.231807,-30.066662,2.3329999446868896,13.408045768737793,15.23205627174333,-30.066451314677565,1.8262416210931414,0.7845283274458072,1.2774870081486893
SB87829_component_3370a,13.378694,-32.351836,2.378000020980835,12.257731437683105,13.378989263943772,-32.35184667883379,1.8518715145328808,0.7885934038413025,1.2841063768836392
SB87829_component_3381a,13.486447,-31.467035,2.328000068664551,12.382979393005371,13.486216275422214,-31.466601319846347,1.8592739076520841,0.7689387575254426,1.2521017258852303
SB87829_component_3397a,13.530614,-32.273991,2.071000099182129,10.786458969116211,13.53074640952249,-32.27423485803393,2.7384431950140553,0.46443882810919884,0.7562691469930233
SB87829_component_3411a,13.567425,-28.718771,2.572999954223633,14.455055236816406,13.567406104832582,-28.71861575407366,3.260503654493333,0.48462657405000853,0.7891418709737545
SB87829_component_3504a,11.269891,-30.087417,2.3889999389648438,10.859090805053711,11.269861888983515,-30.08760305723745,2.688985793358651,0.5456067924228652,0.8884390333579588
SB87829_component_3544a,13.775696,-29.742542,2.062000036239624,12.058479309082031,13.775381890641581,-29.742311722345004,3.210439945599457,0.3944357362813773,0.6422795850973643
SB87829_component_3647a,13.849084,-32.893636,1.9019999504089355,10.010526657104492,13.848891680572345,-32.893264530591054,1.7946487213323885,0.6508534104057899,1.0598174048216227
