Component_ID,RA,DEC,ASKAP_flux,ASKAP_flux_SNR,RA_comp,DEC_comp,Comp_flux,Flux_Ratio_AlphaCorr,Flux_Ratio_NOAlphaCorr
SB86415_component_5a,68.802094,4.566184,1821.0589599609375,1153.2989501953125,68.80185772140273,4.566307688760675,1604.2458044666116,1.1351495854878755,1.1351495854878755
SB86415_component_13a,68.950748,3.542297,794.8040161132812,464.5260314941406,68.95061271637167,3.5422681445864668,726.1464186311304,1.0945506246682017,1.0945506246682017
SB86415_component_15a,68.069866,2.666041,692.1719970703125,551.9713134765625,68.0694274486753,2.6659061873478938,622.3651551841106,1.1121638017564646,1.1121638017564646
SB86415_component_19a,62.637849,3.229849,483.93798828125,352.4675598144531,62.63764768776715,3.2298830714158426,440.67808146999437,1.0981666859103842,1.0981666859103842
SB86415_component_23a,65.824833,7.724588,409.4460144042969,1478.1444091796875,65.8245948338076,7.724786247341393,331.77727023330425,1.2340990511989454,1.2340990511989454
SB86415_component_24a,61.871236,7.702091,398.67498779296875,742.4114990234375,61.870772480591,7.70233514454219,410.6588127046713,0.9708180500674637,0.9708180500674637
SB86415_component_27a,61.478288,3.826185,370.4729919433594,157.24659729003906,61.477991700623186,3.8262693327570907,395.5280229942348,0.9366542201960729,0.9366542201960729
SB86415_component_29a,68.785509,6.827936,343.61700439453125,572.6950073242188,68.78520787669429,6.827974307286166,330.75788797644043,1.038877731674858,1.038877731674858
SB86415_component_32a,67.961458,8.515953,326.9809875488281,900.7740478515625,67.96104972413792,8.516066491105118,260.9640559061745,1.2529732740910071,1.2529732740910071
SB86415_component_36a,66.136477,7.26097,271.5140075683594,1103.7154541015625,66.13624358478597,7.261174602693834,236.10329039254034,1.1499797699428327,1.1499797699428327
SB86415_component_37a,64.897018,8.273369,275.15301513671875,1070.63427734375,64.8966938324076,8.273529521751033,271.03203069101204,1.0152047875492798,1.0152047875492798
SB86415_component_46a,66.586739,5.706299,252.6320037841797,960.5779418945312,66.58649509895622,5.706567249456132,234.3321380802228,1.0780937085876459,1.0780937085876459
SB86415_component_47a,61.170852,7.205419,256.5830078125,256.32666015625,61.1704238154451,7.2056263408500065,219.1234713519113,1.1709517297689616,1.1709517297689616
SB86415_component_51a,62.992366,9.163829,229.15699768066406,768.9832153320312,62.99186507412558,9.164054867856022,235.17392696736195,0.9744149814382572,0.9744149814382572
SB86415_component_54a,62.205329,6.518661,211.5780029296875,680.3151245117188,62.20484893003644,6.518890549572809,240.88429655023285,0.8783387126506441,0.8783387126506441
SB86415_component_55a,66.19782,3.868382,214.93299865722656,846.19287109375,66.19727779507066,3.8686726691399307,220.90648358401015,0.9729592140987936,0.9729592140987936
SB86415_component_56a,66.572928,9.456632,220.6649932861328,580.6973876953125,66.57245009640283,9.456855651359549,159.22391236782292,1.3858784777023625,1.3858784777023625
SB86415_component_60a,64.841753,9.243993,203.29200744628906,643.3291015625,64.84134809266025,9.244152668974108,204.77547212245796,0.9927556525164216,0.9927556525164216
SB86415_component_62a,68.34615,4.57177,211.88999938964844,439.6058044433594,68.34571630800906,4.5719328720514065,187.88298203363257,1.1277764334809122,1.1277764334809122
SB86415_component_63a,67.374401,2.69675,199.625,332.15472412109375,67.37386972977983,2.696666690024965,191.64900732191526,1.0416177093194507,1.0416177093194507
SB86415_component_66a,69.002102,5.36688,199.72000122070312,202.76141357421875,69.00182355285597,5.366864390324564,170.26328044210905,1.1730068908698703,1.1730068908698703
SB86415_component_67a,66.239998,8.088157,185.16799926757812,706.7481079101562,66.23970808943328,8.088396736260114,180.89874149602667,1.0236002624244085,1.0236002624244085
SB86415_component_71a,64.474773,3.710836,180.66700744628906,659.36865234375,64.47430076435754,3.711075929531096,183.44004002023212,0.9848831663270614,0.9848831663270614
SB86415_component_73a,68.661838,8.572218,176.21299743652344,303.2926025390625,68.66161358614045,8.57226208134379,162.71801453123467,1.0829347810331003,1.0829347810331003
SB86415_component_74a,67.085217,4.151975,173.61900329589844,571.1151733398438,67.08469696737383,4.1522786169142885,179.26584521689014,0.9685001796401334,0.9685001796401334
SB86415_component_75a,61.181586,7.923226,174.76300048828125,189.95977783203125,61.18112167290445,7.92348015985224,206.90400603920983,0.8446574033716987,0.8446574033716987
SB86415_component_78a,62.05469,5.72885,175.57899475097656,540.2431030273438,62.054154421709235,5.729115608989631,182.5107311544492,0.9620201159700211,0.9620201159700211
SB86415_component_79a,62.457542,2.675098,176.84100341796875,89.13357543945312,62.45734940641175,2.675059931869845,163.7561687034045,1.0799043774544062,1.0799043774544062
SB86415_component_81a,68.789362,8.161894,164.10499572753906,232.44334411621094,68.78920072834993,8.16182525503617,163.88242993857466,1.001358082065587,1.001358082065587
SB86415_component_84a,68.283761,9.65297,163.2030029296875,194.52085876464844,68.28332539688381,9.65315793952908,161.92455284927522,1.0078953442076342,1.0078953442076342
SB86415_component_85a,62.270822,7.936728,158.23199462890625,470.9285583496094,62.27040289473184,7.9369609992110375,136.89099148086254,1.1558977907689945,1.1558977907689945
SB86415_component_87a,65.753329,5.84658,155.1009979248047,568.135498046875,65.75299133774868,5.846841126196434,171.74552678294586,0.9030860997085721,0.9030860997085721
SB86415_component_89a,63.159075,4.635064,152.8489990234375,486.7802429199219,63.15863427752687,4.635317015620843,151.02606089097586,1.0120703547567038,1.0120703547567038
SB86415_component_92a,61.900718,9.9097,148.73500061035156,128.99826049804688,61.900335454342695,9.90983501807181,172.16111292209516,0.8639291306025411,0.8639291306025411
SB86415_component_94a,64.996083,2.525793,156.56100463867188,282.60107421875,64.9957662703612,2.5257111602415288,158.1879643095421,0.9897150223914216,0.9897150223914216
SB86415_component_95a,68.630476,7.193509,151.25799560546875,355.0657043457031,68.63018616129364,7.193560857093503,148.5000396804809,1.0185720888083396,1.0185720888083396
SB86415_component_102a,66.34029,4.468404,142.2519989013672,564.4920654296875,66.33976848158444,4.468704060566001,146.05102548591108,0.9739883607670363,0.9739883607670363
SB86415_component_106a,62.241304,6.478616,135.93499755859375,468.74139404296875,62.240866528246485,6.478822421335834,140.86123565119289,0.9650277234199641,0.9650277234199641
SB86415_component_109a,66.794377,8.243022,130.11000061035156,447.1134033203125,66.79398352933732,8.243202333954683,121.69868743482984,1.0691158906707685,1.0691158906707685
SB86415_component_110a,64.997134,8.077533,142.77999877929688,657.9723510742188,64.996801842364,8.07766994378313,146.34865996156813,0.9756153477373254,0.9756153477373254
SB86415_component_114a,62.003634,9.224791,129.625,248.32374572753906,62.00318376768467,9.22498662409804,126.11432203790731,1.0278372662625697,1.0278372662625697
SB86415_component_118a,64.230612,9.4741,129.14300537109375,427.6258544921875,64.23018375744766,9.474236548199857,131.88209951723977,0.9792307359666506,0.9792307359666506
SB86415_component_122a,61.850909,2.975648,134.20599365234375,67.84933471679688,61.85080409127631,2.975712949528224,122.46188227452463,1.095900137738306,1.095900137738306
SB86415_component_123a,65.538556,8.478265,138.58900451660156,579.8703002929688,65.53824733447682,8.478508309723855,131.227206188319,1.0560996346879314,1.0560996346879314
SB86415_component_126a,63.011556,8.142406,120.89099884033203,447.7444152832031,63.011170960178475,8.142619928624764,124.88480984588914,0.9680200417449843,0.9680200417449843
SB86415_component_134a,61.113762,5.035585,127.16100311279297,111.9375,61.11324131224695,5.0358196699068305,134.9721163217149,0.9421279489290689,0.9421279489290689
SB86415_component_136a,66.243584,6.159476,118.74700164794922,582.0931396484375,66.24337560038055,6.159714613310976,113.16518807608315,1.0493244757222804,1.0493244757222804
SB86415_component_138a,64.846054,9.738105,125.58300018310547,290.7013854980469,64.84570123337676,9.738155078841501,127.36299100685652,0.9860242696117648,0.9860242696117648
SB86415_component_139a,65.317715,4.07106,118.36000061035156,553.0841064453125,65.31712813086762,4.071362814944245,118.37143161421746,0.9999034310584065,0.9999034310584065
SB86415_component_141a,68.07674,6.938371,114.7229995727539,490.26922607421875,68.07628251456516,6.9386012617097945,111.97922912625651,1.0245024945064034,1.0245024945064034
SB86415_component_142a,64.655725,9.439731,113.90699768066406,409.7373962402344,64.65536854703618,9.439863309892282,113.3059158162308,1.005304946878574,1.005304946878574
SB86415_component_143a,62.016525,9.60058,112.1259994506836,168.35736083984375,62.01610651069625,9.600709565702472,118.68690377350026,0.9447209075793453,0.9447209075793453
SB86415_component_148a,66.765577,3.532387,122.49600219726562,497.9512023925781,66.76506869147322,3.5326004304149468,120.90395536410514,1.013167863932706,1.013167863932706
SB86415_component_150a,61.815689,9.279197,111.83300018310547,196.1982421875,61.81526996126517,9.279374279392673,114.07154175399114,0.9803759856624595,0.9803759856624595
SB86415_component_152a,67.445622,3.672742,107.50900268554688,359.5618896484375,67.44509942725499,3.6729571645254397,107.90562826236665,0.9963243291086226,0.9963243291086226
SB86415_component_156a,62.357889,6.676594,106.25800323486328,399.4661865234375,62.35744496748936,6.6767920928889,102.69053026320653,1.034740038468133,1.034740038468133
SB86415_component_160a,62.205658,7.47355,97.23600006103516,319.85528564453125,62.2052336904926,7.473760806512624,99.09149668192738,0.9812749157796238,0.9812749157796238
SB86415_component_161a,67.90709,5.358494,95.01000213623047,279.4411926269531,67.90655657901225,5.358748817631119,87.59427570905484,1.0846599434397635,1.0846599434397635
SB86415_component_166a,64.059038,7.672799,95.37200164794922,449.8679504394531,64.05873157821198,7.67296680887226,93.34712474138739,1.0216919044070358,1.0216919044070358
SB86415_component_168a,68.727953,6.336243,95.83699798583984,194.79063415527344,68.72754373433028,6.336360470183497,90.13866757689131,1.0632173800892681,1.0632173800892681
SB86415_component_174a,63.666335,3.191431,89.80000305175781,219.02439880371094,63.6659352299608,3.191518055774788,85.16355849976921,1.0544416489125588,1.0544416489125588
SB86415_component_176a,63.059773,2.547511,92.48999786376953,60.68897247314453,63.05952358105499,2.547438843522839,90.79081793566489,1.018715327901426,1.018715327901426
SB86415_component_177a,67.261066,9.313826,88.71299743652344,243.04930114746094,67.26067347101817,9.314018163501668,74.51847109012972,1.1904833276735576,1.1904833276735576
SB86415_component_179a,67.295004,3.318484,86.06800079345703,295.7663269042969,67.29453140773447,3.31865733623525,83.39825953681294,1.0320119541039778,1.0320119541039778
SB86415_component_182a,66.610891,9.342649,85.78700256347656,246.51438903808594,66.6104413249901,9.3428685833168,91.90048199229761,0.933477177743927,0.933477177743927
SB86415_component_183a,65.184498,7.650357,85.64199829101562,385.7747497558594,65.18423382426882,7.650526443668242,75.94979703827109,1.1276132607419693,1.1276132607419693
SB86415_component_186a,66.373026,6.593316,84.0510025024414,469.55865478515625,66.37279144875808,6.593540721133051,79.55139127216734,1.0565623197572958,1.0565623197572958
SB86415_component_188a,66.803182,6.239157,80.40899658203125,388.4492492675781,66.80291328474578,6.239395904050338,77.73439616670255,1.0344069105469473,1.0344069105469473
SB86415_component_190a,69.084162,9.056662,86.19300079345703,56.93064498901367,69.08393580073613,9.056509108762969,90.48111173222942,0.9526076674271791,0.9526076674271791
SB86415_component_192a,65.912701,4.315153,78.99500274658203,340.4956970214844,65.91214412034608,4.315437922242757,76.48696307898899,1.0327904203099678,1.0327904203099678
SB86415_component_193a,65.01301,4.850676,83.50499725341797,349.393310546875,65.01245666016867,4.850852396320393,84.83365766252224,0.9843380511260067,0.9843380511260067
SB86415_component_196a,67.856419,6.021619,75.63500213623047,268.209228515625,67.85590151562641,6.021886590526655,102.09606686947195,0.7408218989760742,0.7408218989760742
SB86415_component_198a,62.891058,8.719886,78.59500122070312,310.6521911621094,62.89058590191153,8.72008265985256,81.3190149614624,0.9665021306265182,0.9665021306265182
SB86415_component_199a,61.640906,9.704979,81.47699737548828,66.72972869873047,61.6406734772866,9.704971342319928,73.19509497253476,1.11314832511743,1.11314832511743
SB86415_component_200a,67.900454,5.438793,74.1760025024414,232.52664184570312,67.8999221595554,5.439070838762741,67.71843024650822,1.095359154552555,1.095359154552555
SB86415_component_202a,66.700644,7.632819,74.83200073242188,310.5062255859375,66.70033596526436,7.632968575634863,78.51435403572756,0.9530996166429637,0.9530996166429637
SB86415_component_203a,63.275222,4.536321,74.35900115966797,259.0906066894531,63.2746944875953,4.5365319211670645,75.97211782162925,0.9787669909933453,0.9787669909933453
SB86415_component_204a,64.654024,6.21076,77.76699829101562,324.0291748046875,64.65370955149069,6.210974652288026,77.23911936020775,1.00683434683332,1.00683434683332
SB86415_component_205a,67.231529,2.783659,72.0510025024414,145.2641143798828,67.23103736122943,2.783581408943512,70.32607455076902,1.024527573345888,1.024527573345888
SB86415_component_206a,62.643008,9.425831,69.4280014038086,198.36572265625,62.642509360970735,9.426034554812198,70.5961636924449,0.9834528927984606,0.9834528927984606
SB86415_component_208a,62.182847,4.684436,71.39399719238281,180.28787231445312,62.182415449181256,4.684663670297492,70.82195907897243,1.0080771291962216,1.0080771291962216
SB86415_component_214a,64.71733,2.563944,73.5270004272461,157.78326416015625,64.71701149869345,2.5638201504135245,74.62518385567395,0.9852840104146107,0.9852840104146107
SB86415_component_216a,62.271163,7.02527,67.35099792480469,244.9127197265625,62.27080235707884,7.025488519029698,68.7109626409965,0.9802074565117447,0.9802074565117447
SB86415_component_219a,64.210133,5.765231,67.16500091552734,292.021728515625,64.20979152817927,5.765424046344817,65.56960059608154,1.0243314021275454,1.0243314021275454
SB86415_component_222a,61.474357,7.46419,66.61000061035156,128.3429718017578,61.473958636419376,7.464421862631781,69.64466334200655,0.9564264857344121,0.9564264857344121
SB86415_component_224a,63.950929,2.359138,71.73100280761719,74.48702239990234,63.95070347679676,2.3589209255756924,69.2898522068045,1.0352309973692362,1.0352309973692362
SB86415_component_225a,64.925868,8.743357,64.64900207519531,283.5482482910156,64.92546794313556,8.743563174390813,66.24649249812617,0.9758856603166417,0.9758856603166417
SB86415_component_228a,65.967682,7.719227,64.78399658203125,307.0331726074219,65.96741437800817,7.719436210543391,63.286299008462024,1.0236654314920355,1.0236654314920355
SB86415_component_231a,66.609094,4.142517,62.606998443603516,224.3978271484375,66.60857577373125,4.142760255467664,63.37025123724198,0.9879556609175961,0.9879556609175961
SB86415_component_232a,63.979406,8.804955,62.82600021362305,299.17144775390625,63.97897048113227,8.805130504466936,66.23301886697473,0.9485601183271671,0.9485601183271671
SB86415_component_233a,63.043841,4.596368,69.01699829101562,253.73895263671875,63.04342430506325,4.5966183586093425,69.57022895068384,0.9920478821471124,0.9920478821471124
SB86415_component_234a,63.651619,8.454373,62.722999572753906,275.1008605957031,63.65120476646141,8.454561942344771,65.54763772528673,0.9569070945871303,0.9569070945871303
SB86415_component_236a,65.220534,4.235945,65.44599914550781,287.0438537597656,65.21995948195512,4.23621928747207,64.53959004211146,1.0140442339780116,1.0140442339780116
SB86415_component_237a,61.282964,5.469228,63.77000045776367,93.50440216064453,61.28246841187035,5.469408427692738,67.43719513681106,0.9456205930331522,0.9456205930331522
SB86415_component_241a,62.45082,4.391214,62.92599868774414,164.72775268554688,62.450434943505904,4.3914604116487554,61.44446674814615,1.024111722633555,1.024111722633555
SB86415_component_243a,64.677184,5.72734,59.49800109863281,227.96168518066406,64.67681264600701,5.727550705992271,66.0725365590189,0.9004951860064669,0.9004951860064669
SB86415_component_244a,64.839654,2.167045,64.12999725341797,75.09367370605469,64.83945558423326,2.166871984408574,57.9227798167162,1.1071636661144912,1.1071636661144912
SB86415_component_247a,67.599869,5.78275,57.95500183105469,213.06985473632812,67.59938609869516,5.783054212145881,56.11915016987312,1.032713461547875,1.032713461547875
SB86415_component_249a,61.715144,4.775884,59.73899841308594,104.62171936035156,61.714762764516585,4.776091108136429,61.272243279409096,0.9749765181710196,0.9749765181710196
SB86415_component_250a,64.438277,4.758504,59.516998291015625,240.9595184326172,64.43775505249921,4.758704322419138,57.34101285904166,1.0379481513052982,1.0379481513052982
SB86415_component_252a,63.288445,3.692881,59.448001861572266,183.4814910888672,63.28804342327419,3.69305436814617,58.2679095748055,1.0202528680946026,1.0202528680946026
SB86415_component_254a,65.809705,5.950817,60.18299865722656,285.22747802734375,65.80939383454722,5.9510751431286035,58.45576778233288,1.0295476552685996,1.0295476552685996
SB86415_component_256a,63.500011,9.730666,55.6609992980957,142.72052001953125,63.49962655669469,9.730704037907042,93.7158112595825,0.5939339216081783,0.5939339216081783
SB86415_component_260a,63.790491,6.940914,54.869998931884766,230.54620361328125,63.79016844647029,6.941061203754184,53.65151998989123,1.0227109864216917,1.0227109864216917
SB86415_component_261a,61.564337,6.738652,56.81999969482422,122.19355010986328,61.56390873434374,6.738795672845865,55.15591735683297,1.0301705132964323,1.0301705132964323
SB86415_component_262a,67.521442,5.708625,52.91600036621094,198.18727111816406,67.52095924564112,5.70894956205882,50.46669553353377,1.048533093097995,1.048533093097995
SB86415_component_263a,64.515908,2.385679,56.99800109863281,94.3675537109375,64.51569030340283,2.385518079693324,55.76903189294629,1.022036767789795,1.022036767789795
SB86415_component_265a,68.562405,8.666744,52.926998138427734,106.06612396240234,68.56210988182036,8.666716677035511,31.437447856258455,1.6835653574814986,1.6835653574814986
SB86415_component_267a,64.221991,9.442133,53.47600173950195,187.63510131835938,64.22157434194726,9.442270204156076,53.56196813430655,0.9983950105308111,0.9983950105308111
SB86415_component_270a,68.380464,7.915476,52.345001220703125,148.2861328125,68.3801595162324,7.915519960455232,35.19319813547135,1.487361308262133,1.487361308262133
SB86415_component_271a,68.474096,5.186423,52.83700180053711,94.35179138183594,68.47362010388039,5.18652321891098,45.493773314924034,1.1614117262769268,1.1614117262769268
SB86415_component_272a,65.538564,3.197291,55.55099868774414,218.7047119140625,65.53814458479401,3.197447148654603,56.07999855868462,0.9905670491345161,0.9905670491345161
SB86415_component_273a,65.257123,5.224983,56.005001068115234,269.25482177734375,65.25661989364038,5.225194005416769,49.29220526864482,1.1361837183563885,1.1361837183563885
SB86415_component_278a,64.900498,9.229099,50.750999450683594,196.7093048095703,64.90010365508508,9.22925035050747,48.289971160791445,1.050963548553335,1.050963548553335
SB86415_component_279a,65.958558,5.835774,52.54399871826172,252.61537170410156,65.95827536573607,5.836056093317757,50.0868527813566,1.0490577027794352,1.0490577027794352
SB86415_component_282a,65.019371,9.473581,49.6150016784668,190.82693481445312,65.01896934109709,9.473755213644761,50.89808991197878,0.974791033696335,0.974791033696335
SB86415_component_283a,66.002694,9.911375,50.404998779296875,104.79209899902344,66.00227266729365,9.911546903482792,47.564478007874705,1.059719372321334,1.059719372321334
SB86415_component_285a,68.415056,6.650436,50.99399948120117,157.87615966796875,68.41463314661549,6.650551034594033,48.33827749464174,1.05494035212268,1.05494035212268
SB86415_component_287a,68.120927,4.050682,54.202999114990234,156.20460510253906,68.12047739468298,4.050933539826584,46.29419201761897,1.1708379983035728,1.1708379983035728
SB86415_component_288a,65.692088,9.449982,53.65299987792969,188.91900634765625,65.69173969480649,9.450213206800434,52.32620346582709,1.025356252206776,1.025356252206776
SB86415_component_289a,66.437557,4.841973,48.71099853515625,135.6852264404297,66.4371061050541,4.8421937627063665,46.11299397878508,1.056339966942212,1.056339966942212
SB86415_component_291a,65.292456,3.933695,50.91600036621094,242.4571533203125,65.29189191624852,3.9339687522300895,50.14177598986555,1.0154407051019068,1.0154407051019068
SB86415_component_296a,69.050031,5.02462,51.44900131225586,45.091148376464844,69.04977751045367,5.024741616197443,43.75231022478767,1.1759150784935617,1.1759150784935617
SB86415_component_297a,66.009172,6.972818,52.00299835205078,245.2971649169922,66.0088943640012,6.973169132520009,36.421242543886606,1.4278205442713434,1.4278205442713434
SB86415_component_298a,67.501395,7.071612,53.2239990234375,237.6071319580078,67.50095226605028,7.071866614571612,51.354927578694614,1.0363951724375189,1.0363951724375189
SB86415_component_299a,62.611894,8.919563,47.71200180053711,170.40000915527344,62.61143800649639,8.91976117233969,46.85164290681159,1.018363473303098,1.018363473303098
SB86415_component_300a,65.044362,7.396809,47.46799850463867,255.20428466796875,65.0441152581582,7.397001502710311,45.65052479889042,1.0398127669671922,1.0398127669671922
SB86415_component_301a,66.87319,8.055988,48.53799819946289,192.61109924316406,66.87276370248085,8.056099196171859,48.006256295994376,1.011076512615146,1.011076512615146
SB86415_component_304a,61.847124,9.018511,46.01499938964844,104.81776428222656,61.84668276722202,9.018705646310469,44.76505394934414,1.0279223485739284,1.0279223485739284
SB86415_component_306a,64.827005,5.773419,45.54399871826172,203.3214111328125,64.82664029389414,5.773617770550941,37.640793968234576,1.2099638162971995,1.2099638162971995
SB86415_component_307a,63.581079,8.557262,48.10300064086914,220.65597534179688,63.580657645786324,8.557423575421893,49.25711551825655,0.9765695805520799,0.9765695805520799
SB86415_component_308a,67.527213,2.991674,47.20399856567383,115.98033905029297,67.52668679986755,2.991608397440741,42.18772675011305,1.1189035817282413,1.1189035817282413
SB86415_component_309a,63.27985,8.000354,44.91899871826172,178.24998474121094,63.27947964426999,8.00053958338659,46.422128103689815,0.9676204119278922,0.9676204119278922
SB86415_component_310a,67.646319,2.916481,46.44900131225586,103.68080139160156,67.64580734081693,2.9163508668056464,40.477360989437784,1.147530376903186,1.147530376903186
SB86415_component_313a,65.255032,9.830439,46.41600036621094,112.9343032836914,65.25466167436741,9.830477259197302,46.660427251529455,0.9947615806430382,0.9947615806430382
SB86415_component_315a,66.491855,2.625054,47.178001403808594,93.60714721679688,66.4914192194399,2.6248688388568864,45.12271451243476,1.0455488308622798,1.0455488308622798
SB86415_component_318a,68.355714,7.6822,45.43299865722656,141.97811889648438,68.35542897543158,7.68220982229236,43.50974832881743,1.0442027454140737,1.0442027454140737
SB86415_component_321a,65.911852,7.612857,47.10200119018555,193.04098510742188,65.9115953080215,7.6130546562022055,46.61548353263639,1.0104368252923632,1.0104368252923632
SB86415_component_325a,66.512932,9.996229,46.85100173950195,76.05682373046875,66.51248420855296,9.996565471356371,46.88284357614712,0.9993208211316481,0.9993208211316481
SB86415_component_326a,61.828339,7.765623,44.5629997253418,99.91703796386719,61.82793868273488,7.76582386394501,47.110298757302076,0.945929041013236,0.945929041013236
SB86415_component_328a,66.11617,6.918934,44.525001525878906,219.33499145507812,66.11595246668963,6.91913772868631,42.57289884750779,1.0458531772845296,1.0458531772845296
SB86415_component_330a,64.92533,2.493625,45.566001892089844,77.62521362304688,64.92496680525375,2.493518559828098,41.50508566259273,1.09784141303814,1.09784141303814
SB86415_component_331a,63.454801,3.110423,46.51499938964844,105.23755645751953,63.45445350745936,3.1105284818015972,45.614272256139536,1.019746607562892,1.019746607562892
SB86415_component_332a,63.08972,7.889376,47.479000091552734,165.4320526123047,63.08931619155058,7.889600894537039,47.03531045562069,1.0094331180475715,1.0094331180475715
SB86415_component_335a,66.501063,2.956291,44.89099884033203,115.9974136352539,66.50063882309264,2.956320701445263,43.3756591711371,1.0349352539685037,1.0349352539685037
SB86415_component_336a,65.764336,8.970612,44.16600036621094,195.42478942871094,65.76396606730243,8.970911374563498,43.477140658414974,1.0158441815023693,1.0158441815023693
SB86415_component_349a,65.090251,8.757498,41.11199951171875,197.65383911132812,65.08986402719943,8.757743536580568,39.896249734975086,1.0304727834024427,1.0304727834024427
SB86415_component_351a,62.105684,5.488432,40.03499984741211,141.96807861328125,62.10513347588688,5.488695468182188,39.66472243914521,1.0093351821340737,1.0093351821340737
SB86415_component_357a,65.886161,3.944525,43.52899932861328,197.8590850830078,65.88556189248861,3.944812746212324,42.95091305299894,1.0134592313532664,1.0134592313532664
SB86415_component_358a,68.878536,9.248385,43.51499938964844,42.78761291503906,68.87821079358017,9.248481160027701,40.24453327789109,1.0812648537672078,1.0812648537672078
SB86415_component_362a,65.915641,8.039595,40.244998931884766,179.6651611328125,65.91538624957411,8.039800773226082,39.21029600679803,1.0263885517443516,1.0263885517443516
SB86415_component_364a,65.949331,6.917927,40.95100021362305,195.00477600097656,65.94908176729987,6.9181793159348395,39.281214007285755,1.0425085183474112,1.0425085183474112
SB86415_component_368a,67.214103,3.955929,40.88100051879883,140.96897888183594,67.2135724143296,3.9562180130223976,35.29337201269743,1.1583194857122505,1.1583194857122505
SB86415_component_370a,65.761224,2.313199,41.8120002746582,39.40810775756836,65.76085793253003,2.3131367166306176,41.06961031562994,1.0180763818629595,1.0180763818629595
SB86415_component_371a,65.062203,10.298115,40.07600021362305,47.82339096069336,65.06187046592564,10.298077234697361,52.20103598953979,0.7677242310220357,0.7677242310220357
SB86415_component_372a,65.362235,5.747978,42.97999954223633,233.5869598388672,65.36184536997366,5.748217930782966,42.12884130454321,1.0202036944605293,1.0202036944605293
SB86415_component_376a,69.023872,5.765051,39.715999603271484,49.33664321899414,69.0235596768843,5.765027849562433,33.273287117704925,1.1936301773484337,1.1936301773484337
SB86415_component_377a,65.056194,10.206662,40.97700119018555,58.706302642822266,65.05590838927816,10.206659190783865,40.99038707775721,0.9996734383711412,0.9996734383711412
SB86415_component_382a,64.130246,9.486219,39.19900131225586,141.51263427734375,64.12980136689086,9.486328277475536,40.74663986493563,0.9620180079189404,0.9620180079189404
SB86415_component_383a,68.515165,3.438054,37.18600082397461,58.65299606323242,68.51493234757505,3.4380397190830987,33.662378564151346,1.1046753797598763,1.1046753797598763
SB86415_component_386a,62.939516,4.46444,39.70199966430664,130.1704864501953,62.939097192276265,4.464637742301756,40.75281433564992,0.9742149177063326,0.9742149177063326
SB86415_component_387a,65.029514,7.66413,41.41899871826172,173.30125427246094,65.02922889403041,7.664311949137997,40.692990136765594,1.0178411215065808,1.0178411215065808
SB86415_component_389a,69.042326,7.640906,41.685001373291016,51.27306365966797,69.04216099556291,7.640819446834289,39.50575057022511,1.0551628755715472,1.0551628755715472
SB86415_component_395a,63.363661,6.478706,36.53099822998047,135.29998779296875,63.363342134090225,6.4788813305892,38.753429366661706,0.942652013692674,0.942652013692674
SB86415_component_397a,64.847008,5.567465,38.21900177001953,172.1576690673828,64.84660242622368,5.567671477708635,37.76845526679227,1.0119291747582644,1.0119291747582644
SB86415_component_399a,66.256314,9.134576,36.54199981689453,129.58155822753906,66.25585441853289,9.134849110773487,36.324472069527346,1.0059884627352829,1.0059884627352829
SB86415_component_401a,63.611184,5.863605,38.499000549316406,111.59130859375,63.61088790999401,5.863804421817264,36.80048181612971,1.0461547960614535,1.0461547960614535
SB86415_component_402a,67.704923,5.077547,36.569000244140625,126.97570037841797,67.7044067761467,5.077804235807344,33.73170607375575,1.0841135685275156,1.0841135685275156
SB86415_component_405a,62.630502,3.276274,34.987998962402344,31.923358917236328,62.63014713606304,3.276202074330834,46.06090673097906,0.7596029137409611,0.7596029137409611
SB86415_component_406a,66.315895,7.360597,35.95000076293945,161.9369354248047,66.31565457092164,7.3607800769739296,32.31505570453715,1.1124845673062522,1.1124845673062522
SB86415_component_410a,61.394873,5.944885,36.20500183105469,58.11396408081055,61.39441117226512,5.945134401954758,37.40240283991115,0.9679859870505768,0.9679859870505768
SB86415_component_412a,67.762278,3.779884,36.018001556396484,113.98101043701172,67.76167669116973,3.779991116357801,25.890560265059673,1.391163466053077,1.391163466053077
SB86415_component_415a,68.419141,4.882444,35.404998779296875,63.44981384277344,68.41861139583054,4.882576401336717,32.09405858055742,1.1031636491355201,1.1031636491355201
SB86415_component_419a,68.195586,4.532379,34.777000427246094,81.06526947021484,68.19510918072599,4.532607056719407,21.24935649440229,1.6366142869506373,1.6366142869506373
SB86415_component_420a,66.557859,9.647446,34.90999984741211,92.35449981689453,66.55735877572164,9.647726044821061,32.351242202667805,1.0790930261260046,1.0790930261260046
SB86415_component_422a,62.631102,6.944133,34.23099899291992,106.30744934082031,62.630622493009206,6.944264843806373,36.12929718062985,0.9474582032908276,0.9474582032908276
SB86415_component_427a,67.693067,3.196216,34.81700134277344,95.65110778808594,67.69266715326103,3.19630851256457,33.54479783683339,1.0379255082152596,1.0379255082152596
SB86415_component_428a,69.009709,6.401464,35.61600112915039,44.024723052978516,69.00955343140765,6.401429758236163,32.66661587075457,1.0902874442233337,1.0902874442233337
SB86415_component_429a,68.239804,7.62253,34.66899871826172,109.36592864990234,68.23937657537019,7.622675366530845,32.15198145498622,1.0782849811853557,1.0782849811853557
SB86415_component_430a,62.659078,7.713587,35.04199981689453,127.89051818847656,62.65859572027418,7.713747240247872,36.970253575160854,0.9478431016345028,0.9478431016345028
SB86415_component_431a,63.441894,3.541316,33.41600036621094,102.18960571289062,63.44154197517213,3.541451224845009,33.12646722789208,1.008740235906444,1.008740235906444
SB86415_component_432a,63.710621,8.155689,33.40700149536133,145.88209533691406,63.710333606285204,8.155887133414007,34.120142814969405,0.979099110942314,0.979099110942314
SB86415_component_435a,61.803561,4.627881,32.84600067138672,53.5823860168457,61.80323412172168,4.6280695188035414,31.314103962196207,1.048920343083739,1.048920343083739
SB86415_component_440a,61.668664,7.652161,32.33100128173828,74.66744232177734,61.66818799652708,7.6524339474576175,34.744428120686116,0.9305377302350551,0.9305377302350551
SB86415_component_441a,65.656755,8.093076,34.18600082397461,155.3909149169922,65.65651027356286,8.093302751109881,33.36763289416329,1.0245258011680674,1.0245258011680674
SB86415_component_442a,61.130345,7.824747,33.13199996948242,34.94936752319336,61.129808941107314,7.8249842939155245,39.01287619814467,0.8492580706227981,0.8492580706227981
SB86415_component_443a,62.915405,7.434854,31.854000091552734,89.47752380371094,62.91502530507642,7.435018010369457,31.700307740236173,1.004848292091546,1.004848292091546
SB86415_component_444a,62.734688,5.447884,35.18199920654297,142.43724060058594,62.73423919574366,5.448147808476661,34.99401399496349,1.005371924798525,1.005371924798525
SB86415_component_445a,63.720363,9.727791,31.51300048828125,84.25935363769531,63.71998004599788,9.727835149718263,41.84496796116456,0.753089368296991,0.753089368296991
SB86415_component_446a,66.001045,6.211354,33.49399948120117,170.88775634765625,66.00079721333137,6.211577692919338,30.40353594247064,1.101648161732842,1.101648161732842
SB86415_component_447a,62.717746,7.160651,32.042999267578125,69.35713958740234,62.717281667685576,7.160790934780442,33.22428328518897,0.9644451617670426,0.9644451617670426
SB86415_component_451a,63.097099,7.660905,31.781999588012695,124.14842987060547,63.09676047019348,7.661071850162011,17.933148356117826,1.7722487405380989,1.7722487405380989
SB86415_component_457a,62.444703,8.832698,31.445999145507812,116.89962768554688,62.44422411094612,8.832909633121288,38.89275161844872,0.8085310973624054,0.8085310973624054
SB86415_component_461a,64.370928,9.653388,32.8390007019043,98.61561584472656,64.37054773490264,9.653497001499767,33.734985210192484,0.9734404950022779,0.9734404950022779
SB86415_component_463a,62.621652,9.82861,31.145000457763672,58.10634231567383,62.62125173139875,9.828742658020403,33.17012873330076,0.9389472289414427,0.9389472289414427
SB86415_component_465a,63.185888,9.882824,35.15399932861328,69.88866424560547,63.185492408456845,9.882856443837472,37.720511164133974,0.9319597811293442,0.9319597811293442
SB86415_component_466a,64.224199,9.779981,31.440000534057617,96.14678955078125,64.22380503140788,9.779967388050046,31.0011912072123,1.0141545956706086,1.0141545956706086
SB86415_component_467a,67.298467,3.03349,32.85599899291992,85.34025573730469,67.29804192405007,3.033501264438723,29.20407913707199,1.1250482796840577,1.1250482796840577
SB86415_component_468a,65.926221,3.060952,31.857999801635742,95.38323211669922,65.92563034739071,3.0610171807198348,30.328420537753797,1.0504338583005954,1.0504338583005954
SB86415_component_469a,66.943134,7.134687,31.7189998626709,144.17727661132812,66.94278687844957,7.134875130634088,31.866064905606546,0.9953849010421814,0.9953849010421814
SB86415_component_470a,63.537455,9.546023,30.937000274658203,101.10131072998047,63.53705777394335,9.546148618901098,33.982476234591516,0.9103809875740233,0.9103809875740233
SB86415_component_482a,68.286903,4.876631,29.013999938964844,57.91217803955078,68.28637144235236,4.876779454928573,23.50498689006149,1.2343763506302021,1.2343763506302021
SB86415_component_483a,63.551176,4.847106,30.1299991607666,112.84644317626953,63.550685823850735,4.847298159362008,28.49144841133645,1.057510265037217,1.057510265037217
SB86415_component_487a,61.47865,4.472451,29.996000289916992,33.590145111083984,61.47796015145117,4.472621223908733,34.77616377578208,0.862544830514228,0.862544830514228
SB86415_component_488a,64.297525,6.820045,32.143001556396484,148.81019592285156,64.29722185855951,6.820252289289073,30.306956386066094,1.0605816416185734,1.0605816416185734
SB86415_component_491a,67.416863,8.916854,31.354000091552734,114.01454162597656,67.41632041940593,8.917106392739495,24.549477117793764,1.2771758820405574,1.2771758820405574
SB86415_component_492a,64.039154,9.23424,28.864999771118164,124.95670318603516,64.03871033403917,9.234314066668695,29.386886044773835,0.9822408446794763,0.9822408446794763
SB86415_component_495a,65.033594,7.33626,28.666000366210938,150.87368774414062,65.03330107700256,7.336486416940913,28.528365412705085,1.0048244949023457,1.0048244949023457
SB86415_component_496a,67.059204,7.53884,28.937999725341797,128.04425048828125,67.05877280064853,7.53900799808173,27.12344196562634,1.0668999812787423,1.0668999812787423
SB86415_component_498a,68.813452,5.803001,28.621000289916992,42.781761169433594,68.81300868359557,5.803027833989643,32.99482513564743,0.8674390657398884,0.8674390657398884
SB86415_component_499a,65.053814,7.320919,28.09600067138672,127.1312255859375,65.05362605538389,7.321181322066503,27.42332672940952,1.024529261114619,1.024529261114619
SB86415_component_503a,67.070771,6.377715,27.5049991607666,123.89639282226562,67.0704501452168,6.37796901189272,26.258194692360853,1.0474824900574171,1.0474824900574171
SB86415_component_504a,68.814693,6.671477,30.219999313354492,54.845733642578125,68.81437569396664,6.6714964827354795,27.76189375135615,1.088542431003226,1.088542431003226
SB86415_component_509a,64.55252,7.219835,26.51300048828125,139.5421142578125,64.55220482846468,7.220031803566597,23.9187331321134,1.108461737577764,1.108461737577764
SB86415_component_513a,65.597992,8.453598,29.51300048828125,130.01321411132812,65.59772913962524,8.45389776007667,28.560741991991033,1.0333415181075214,1.0333415181075214
SB86415_component_516a,62.709325,5.588952,26.55900001525879,109.29629516601562,62.70905449410231,5.589249915850342,26.428620637207494,1.004933264578619,1.004933264578619
SB86415_component_519a,62.28948,2.465326,26.920000076293945,11.339510917663574,62.28974198924184,2.4653565150193444,32.65626373676462,0.824344153185756,0.824344153185756
SB86415_component_521a,66.962196,4.60545,25.924999237060547,78.08734893798828,66.96167709990044,4.60579744813233,23.585313215983376,1.0992009730653738,1.0992009730653738
SB86415_component_522a,63.298657,9.405976,29.809999465942383,94.9363021850586,63.298189215749396,9.406197041851806,31.312218341199447,0.9520245145556966,0.9520245145556966
SB86415_component_530a,66.86473,6.870873,26.084999084472656,131.74241638183594,66.86435342290495,6.871105401759938,25.423666183335317,1.0260124915253501,1.0260124915253501
SB86415_component_531a,64.721063,4.726662,26.110000610351562,119.77064514160156,64.72057461262442,4.726870435179393,24.490257650033534,1.0661382572394378,1.0661382572394378
SB86415_component_532a,62.721893,8.980223,25.861000061035156,102.21739196777344,62.72136415243538,8.980447243844358,25.98593328556585,0.9951922748681846,0.9951922748681846
SB86415_component_533a,63.924184,4.314712,26.94499969482422,121.9230728149414,63.923542309945084,4.3149896834159875,27.258238474824225,0.9885084731249485,0.9885084731249485
SB86415_component_538a,67.663859,8.611959,24.37700080871582,90.28518676757812,67.66337860757564,8.612167312511984,22.09526531248731,1.1032680741307492,1.1032680741307492
SB86415_component_540a,64.887905,5.77066,26.104999542236328,118.65908813476562,64.88749927054957,5.770846875517281,25.45432738736182,1.025562339360716,1.025562339360716
SB86415_component_542a,62.690996,5.298792,25.086000442504883,105.84809875488281,62.690541823361116,5.2990460258990195,23.384890824629508,1.0727439623572554,1.0727439623572554
SB86415_component_543a,63.68798,9.49457,27.43000030517578,89.9344253540039,63.6875880952416,9.494688123079625,28.00672883296535,0.9794075012748104,0.9794075012748104
SB86415_component_546a,68.512704,5.791393,24.72100067138672,51.5020866394043,68.51237100123117,5.791475089158618,21.382404557476136,1.1561375431344216,1.1561375431344216
SB86415_component_547a,66.148028,4.416842,25.2810001373291,123.92647552490234,66.14748412329607,4.417098373518908,25.58871394627086,0.9879746278149081,0.9879746278149081
SB86415_component_549a,64.448889,3.441624,24.816999435424805,118.74162292480469,64.44850064073935,3.4418508311056937,24.899263038254432,0.9966961430664337,0.9966961430664337
SB86415_component_550a,64.735123,6.187128,24.166000366210938,116.18269348144531,64.73478900954125,6.187324787767894,19.24631582060013,1.255616949834371,1.255616949834371
SB86415_component_552a,68.900593,5.18866,22.451000213623047,25.984952926635742,68.90029811165188,5.188803417052134,19.483912249720447,1.1522839933722844,1.1522839933722844
SB86415_component_554a,66.555806,5.606324,24.715999603271484,96.92549133300781,66.55555415984938,5.606564457846491,22.09688530126152,1.118528664393277,1.118528664393277
SB86415_component_555a,68.830173,4.772801,24.965999603271484,29.756853103637695,68.82991464473675,4.772872226765429,24.233552257378467,1.0302245142649282,1.0302245142649282
SB86415_component_556a,62.367256,4.195762,24.356000900268555,65.64959716796875,62.36694367019973,4.195934605706001,24.34814849143241,1.0003225053781362,1.0003225053781362
SB86415_component_558a,62.884078,9.417419,23.17300033569336,67.36337280273438,62.88370896754025,9.417591741957256,24.450902890896014,0.9477359768305953,0.9477359768305953
SB86415_component_561a,64.47738,2.774089,25.722999572753906,69.1478500366211,64.47700772253104,2.7739297883694567,23.319809589361853,1.1030535851582748,1.1030535851582748
SB86415_component_563a,62.776517,6.378657,24.79199981689453,84.90411376953125,62.776089884030995,6.378851994909156,23.634768343180507,1.0489630977935067,1.0489630977935067
SB86415_component_564a,64.781285,4.42212,27.263999938964844,116.01702117919922,64.78071413104327,4.422383794127841,27.521382781888196,0.9906478956757676,0.9906478956757676
SB86415_component_566a,66.874111,2.55487,26.047000885009766,37.26323318481445,66.87340994862657,2.5548040923457864,26.34305413882993,0.9887616199602391,0.9887616199602391
SB86415_component_569a,68.484514,9.206565,24.097999572753906,41.90956497192383,68.48415634047016,9.206668907826266,22.065651261029057,1.0921046148913924,1.0921046148913924
SB86415_component_570a,64.607692,7.147803,23.881000518798828,135.6875,64.60740692859063,7.147997387316828,22.543751870483664,1.0593179279118137,1.0593179279118137
SB86415_component_578a,67.036199,4.3514,25.409000396728516,98.104248046875,67.03564595893619,4.351685157853963,25.694271982167656,0.9888974637756958,0.9888974637756958
SB86415_component_579a,66.945425,5.086939,26.511999130249023,91.10652160644531,66.94496127427138,5.087190194286443,25.28087789754726,1.0486977247266087,1.0486977247266087
SB86415_component_580a,68.23276,2.495494,25.677000045776367,19.67586326599121,68.2324026827589,2.4950457067978093,18.838097849926978,1.363035708293441,1.363035708293441
SB86415_component_583a,63.381261,6.192349,23.520000457763672,86.15384674072266,63.380903808304346,6.192561516178533,18.285869437133037,1.2862391114967553,1.2862391114967553
SB86415_component_584a,65.714196,3.516941,24.17099952697754,119.0689697265625,65.71365220208953,3.517262708542738,25.711821915780273,0.9400733874927363,0.9400733874927363
SB86415_component_589a,67.785051,8.803285,24.18600082397461,80.62000274658203,67.78454588687481,8.803408969654269,20.058222524904863,1.2057898347645002,1.2057898347645002
SB86415_component_592a,63.485386,4.686295,24.04800033569336,79.89369201660156,63.484918032986585,4.686478450814571,19.402113163552247,1.2394526376059192,1.2394526376059192
SB86415_component_594a,65.235907,9.695717,25.56100082397461,73.03143310546875,65.23558879971795,9.69579830763631,23.85219108151076,1.0716416255690844,1.0716416255690844
SB86415_component_608a,63.945501,2.507786,24.527000427246094,36.28254318237305,63.94536210316467,2.5076584794719405,25.784503252364324,0.9512302869358973,0.9512302869358973
SB86415_component_610a,64.215707,5.255958,22.780000686645508,99.47598266601562,64.2152793767318,5.256127197130171,21.44325130006116,1.062338932090048,1.062338932090048
SB86415_component_611a,61.061994,6.000996,23.118999481201172,20.15605926513672,61.06172556032066,6.001413582256055,12.450968645157376,1.8568032849551004,1.8568032849551004
SB86415_component_613a,66.207342,5.367141,22.722999572753906,97.9439697265625,66.2069755328695,5.367354275478821,24.110671283390754,0.9424457455237764,0.9424457455237764
SB86415_component_614a,62.595417,5.748755,22.68899917602539,62.16164016723633,62.594939093874785,5.7490822946724025,22.109602239062042,1.0262056698577644,1.0262056698577644
SB86415_component_616a,61.816861,7.742248,22.020999908447266,48.08078384399414,61.81646674096818,7.742465899519202,21.983629918001068,1.0016999008164524,1.0016999008164524
SB86415_component_618a,62.649826,4.495361,21.905000686645508,74.50680541992188,62.649484921134544,4.495587679168964,21.923429988076997,0.9991593787358314,0.9991593787358314
SB86415_component_619a,67.148198,7.600212,21.709999084472656,100.04608154296875,67.147759268271,7.600386588718095,20.353613694756813,1.0666410107835178,1.0666410107835178
SB86415_component_620a,62.85563,9.050931,21.490999221801758,77.58483123779297,62.85512634628262,9.051183910270357,21.75819728580844,0.9877196598368487,0.9877196598368487
SB86415_component_623a,64.058341,6.834722,21.81800079345703,96.9688949584961,64.05804504251564,6.8348761594544545,22.17987236750774,0.983684686365426,0.983684686365426
SB86415_component_624a,66.305046,7.670346,23.643999099731445,99.76371002197266,66.30475675560184,7.670460663598452,22.439280506506968,1.0536879332149323,1.0536879332149323
SB86415_component_625a,62.912445,10.410103,22.170000076293945,28.350383758544922,62.91214287346795,10.410303085107369,26.507536937589958,0.8363659033463418,0.8363659033463418
SB86415_component_626a,62.319358,6.965099,21.562000274658203,82.61302185058594,62.31896949012826,6.965279485784677,16.979251256794228,1.2699028919800095,1.2699028919800095
SB86415_component_629a,65.767427,7.020047,22.027999877929688,93.33898162841797,65.76720359002435,7.0202980590221244,19.890798463691976,1.1074467381557804,1.1074467381557804
SB86415_component_631a,61.794392,9.12671,21.58300018310547,42.57001876831055,61.793954401380425,9.126979923321906,22.13010558258964,0.9752777772594726,0.9752777772594726
SB86415_component_632a,68.704109,4.692842,22.424999237060547,27.996253967285156,68.70379089001699,4.692986978693486,19.103782780481314,1.1738512468835534,1.1738512468835534
SB86415_component_634a,67.515494,5.176222,21.739999771118164,79.34307098388672,67.51507204776703,5.17647717827604,21.714388334937947,1.001179468460505,1.001179468460505
SB86415_component_635a,66.555285,7.411588,22.02400016784668,103.88679504394531,66.55499923345033,7.411765681561017,20.699349558726375,1.0639947939118628,1.0639947939118628
SB86415_component_636a,65.274633,7.412565,20.80699920654297,110.0899429321289,65.27441630031441,7.412734124495528,16.720067329351345,1.2444327404123066,1.2444327404123066
SB86415_component_647a,63.090384,6.285747,23.163999557495117,85.79258728027344,63.09007974007969,6.285923686709801,17.26887398359536,1.3413728989799716,1.3413728989799716
SB86415_component_650a,66.022789,6.85652,21.084999084472656,96.72018432617188,66.02258309934527,6.856724463406119,20.309519230871107,1.0381830729120753,1.0381830729120753
SB86415_component_661a,63.301959,10.089994,21.937000274658203,31.792753219604492,63.30138440333582,10.090107603366107,23.57587008128942,0.9304852885182856,0.9304852885182856
SB86415_component_662a,65.529541,8.451903,20.584999084472656,86.12970733642578,65.52920589085403,8.452127691458099,46.24199420180505,0.4451581174167684,0.4451581174167684
SB86415_component_664a,62.358065,3.192279,19.934999465942383,20.177125930786133,62.3578877046222,3.192397276006305,19.945417592775403,0.9994776681518669,0.9994776681518669
SB86415_component_665a,62.644148,9.935865,19.451000213623047,29.337858200073242,62.643776169940494,9.935934448406979,21.93624006913735,0.88670620636529,0.88670620636529
SB86415_component_667a,66.781285,5.413897,21.114999771118164,75.68099975585938,66.7809690732995,5.414178527552412,20.871355496004142,1.0116736201039107,1.0116736201039107
SB86415_component_672a,66.251005,7.075395,20.386999130249023,97.08094787597656,66.2507159139686,7.075516665680704,19.466335018439995,1.0472951950604419,1.0472951950604419
SB86415_component_673a,64.894605,6.448151,20.763999938964844,100.30917358398438,64.89425514400791,6.448424367348593,19.62527168114978,1.0580235665684476,1.0580235665684476
SB86415_component_674a,66.320417,8.63961,21.229999542236328,60.48432540893555,66.32003166184496,8.639895209986264,18.95645674293114,1.1199350084320474,1.1199350084320474
SB86415_component_675a,65.185641,5.608409,20.406999588012695,110.90760803222656,65.18508851167059,5.60860616523144,13.576495464781768,1.5031124667591618,1.5031124667591618
SB86415_component_676a,67.813187,7.14566,20.582000732421875,86.84388732910156,67.8127882601489,7.145900913218179,19.580596654411263,1.0511426743364845,1.0511426743364845
SB86415_component_680a,63.200456,4.552683,22.014999389648438,71.01612854003906,63.19995040348666,4.552966993511056,21.60597807687057,1.0189309325096338,1.0189309325096338
SB86415_component_681a,63.190429,2.522352,21.351999282836914,16.349157333374023,63.18990679185217,2.5225802261943597,18.497151173719477,1.1543398808987175,1.1543398808987175
SB86415_component_683a,68.167851,7.622173,21.518999099731445,78.5364990234375,68.16741706892739,7.622430588061781,19.094351867714977,1.1269824317062105,1.1269824317062105
SB86415_component_686a,65.912956,4.271792,20.389999389648438,84.95833587646484,65.91236136067205,4.272172625214696,18.933837903310987,1.0769078880770817,1.0769078880770817
SB86415_component_689a,62.670516,6.636926,19.327999114990234,63.370487213134766,62.67007533701028,6.637069923732777,18.069296895281905,1.0696597231758913,1.0696597231758913
SB86415_component_691a,66.669347,5.684899,19.937999725341797,86.31168365478516,66.6691339608932,5.685237482233264,18.995161035378107,1.049635730289818,1.049635730289818
SB86415_component_696a,64.094159,8.223679,19.7810001373291,89.91363525390625,64.09390370907478,8.223741895389768,19.973520070312222,0.9903612416686994,0.9903612416686994
SB86415_component_697a,65.345339,6.228766,19.628999710083008,95.28640747070312,65.3449457670156,6.228978613970082,17.21797988113594,1.140029193063966,1.140029193063966
SB86415_component_698a,67.228229,2.835165,20.05900001525879,46.75757598876953,67.22772160739841,2.8349943268131783,18.299721710335486,1.096136888460423,1.096136888460423
SB86415_component_699a,67.302243,3.080235,19.78499984741211,59.05970001220703,67.30170953496882,3.080220978346635,18.4729479821327,1.0710255811118208,1.0710255811118208
SB86415_component_704a,65.288275,3.825406,19.447999954223633,92.17061614990234,65.28763256658402,3.825701497139544,20.287229634906595,0.9586326129399666,0.9586326129399666
SB86415_component_707a,61.541698,4.875868,21.58300018310547,33.46201705932617,61.54129325375956,4.876191013320702,22.93919510260525,0.940878705053354,0.940878705053354
SB86415_component_708a,63.07486,3.112641,21.415000915527344,41.26204299926758,63.07455503691873,3.1125567608679967,18.536435847766143,1.155292262838549,1.155292262838549
SB86415_component_709a,62.332799,6.474528,19.475000381469727,78.21285247802734,62.33245045341588,6.474677422925083,19.31534743649599,1.0082656004764416,1.0082656004764416
SB86415_component_711a,68.096374,9.762989,20.107999801635742,28.162466049194336,68.09611357767474,9.76312819703666,20.776330261802684,0.9678321218547594,0.9678321218547594
SB86415_component_717a,62.214219,6.367111,20.64900016784668,73.22340393066406,62.213808883105294,6.367355751065998,18.33683186846933,1.1260942084195682,1.1260942084195682
SB86415_component_719a,66.272325,9.161042,18.84600067138672,66.59364318847656,66.27197022435625,9.161330678605603,20.892089396274407,0.9020639493696327,0.9020639493696327
SB86415_component_720a,66.837895,2.532094,19.836999893188477,29.965255737304688,66.83741665351587,2.5318858631229246,16.450197738783483,1.205882154621167,1.205882154621167
SB86415_component_721a,62.7126,4.462358,18.233999252319336,57.7025260925293,62.71240857192296,4.462559366129603,17.115247425091933,1.065365799245604,1.065365799245604
SB86415_component_723a,61.311612,6.000031,18.72599983215332,28.633028030395508,61.311125157376324,6.0003512603008,16.857801738448057,1.110820979074894,1.110820979074894
SB86415_component_724a,68.694388,8.167916,18.295000076293945,31.54310417175293,68.69419853746135,8.16789184900154,15.834382029275709,1.1553971631143467,1.1553971631143467
SB86415_component_726a,63.868236,7.835637,20.42099952697754,94.54166412353516,63.86792389438361,7.835756213308711,19.657798696608864,1.0388243283059122,1.0388243283059122
SB86415_component_727a,62.837357,3.953452,18.239999771118164,53.17784118652344,62.83715212865946,3.953543209767769,21.092823388314294,0.864749087181158,0.864749087181158
SB86415_component_729a,63.207447,5.671747,17.63599967956543,60.81379318237305,63.207079586439875,5.67196131744419,15.883697582794255,1.1103207919715952,1.1103207919715952
SB86415_component_732a,63.835216,8.647243,18.24799919128418,86.07546997070312,63.8348156694331,8.647505131187346,19.11989628953987,0.9543984399783231,0.9543984399783231
SB86415_component_735a,63.185604,2.728894,19.554000854492188,20.221303939819336,63.185538800560295,2.7287010408573167,17.656709966031364,1.107454383750478,1.107454383750478
SB86415_component_737a,68.963412,7.905281,19.732999801635742,23.408065795898438,68.96345525540531,7.905083465780827,17.115566618452227,1.1529270541567505,1.1529270541567505
SB86415_component_738a,68.145842,8.957806,18.698999404907227,48.31782913208008,68.14545004133502,8.95802541376056,16.728169200978623,1.11781505676146,1.11781505676146
SB86415_component_739a,65.66704,4.951248,18.426000595092773,89.01449584960938,65.66645641082897,4.951498520899048,17.831223185026655,1.0333559511814965,1.0333559511814965
SB86415_component_742a,67.106427,8.294286,18.016000747680664,79.01754760742188,67.1060428508789,8.294395649382484,17.769196557606225,1.0138894400359815,1.0138894400359815
SB86415_component_744a,64.319304,5.124296,17.493999481201172,76.39301300048828,64.31880452355203,5.124465905971166,25.941276255612507,0.6743692680662259,0.6743692680662259
SB86415_component_747a,66.833874,9.55483,18.89699935913086,47.84050369262695,66.83337371668442,9.555008008836433,15.241065085883253,1.2398739361485862,1.2398739361485862
SB86415_component_749a,66.698347,3.98602,17.86199951171875,73.8099136352539,66.69775810544387,3.986267799104123,18.501251894142996,0.965448155287988,0.965448155287988
SB86415_component_750a,69.054225,3.869869,17.77400016784668,11.952925682067871,69.05388701060586,3.8700012726584387,8.963016969269848,1.9830376567160062,1.9830376567160062
SB86415_component_753a,64.549409,8.955103,17.263999938964844,71.63485717773438,64.54901071099673,8.9552959248969,21.475296614451334,0.803900418648812,0.803900418648812
SB86415_component_755a,64.709393,8.760168,17.152999877929688,76.23555755615234,64.70902921265679,8.760360639130873,17.252705399917563,0.994220876107445,0.994220876107445
SB86415_component_757a,65.92609,9.847005,19.42300033569336,48.19602966308594,65.92574436496044,9.847290418659572,19.553475767107102,0.9933272512279772,0.9933272512279772
SB86415_component_760a,64.920161,6.067645,18.367000579833984,85.42790985107422,64.91980363569849,6.067868330109317,18.091625552709132,1.0152211323588674,1.0152211323588674
SB86415_component_763a,66.524435,9.123272,17.593000411987305,64.2080307006836,66.52399588128301,9.123561835196462,17.02616849026455,1.033291807375621,1.033291807375621
SB86415_component_764a,67.836289,9.608529,18.69300079345703,39.188682556152344,67.83582716858322,9.608756564007878,17.598204711793855,1.0622106686217527,1.0622106686217527
SB86415_component_768a,67.365522,5.271568,16.770000457763672,64.25287628173828,67.36493536885138,5.271840923636515,16.099063710812764,1.0416755134958737,1.0416755134958737
SB86415_component_769a,66.376329,8.556304,17.236000061035156,36.907920837402344,66.37591518284054,8.556725530658829,17.23224979706822,1.000217630548019,1.000217630548019
SB86415_component_770a,61.397016,5.271283,18.92300033569336,29.61345863342285,61.39648563535422,5.2714115610895576,21.754638065260313,0.8698375159783165,0.8698375159783165
SB86415_component_771a,62.591075,9.441906,18.604999542236328,53.462642669677734,62.590694142499686,9.44210368755945,14.479106782945843,1.284954923058524,1.284954923058524
SB86415_component_772a,66.490574,4.583878,17.60700035095215,59.083892822265625,66.49009084914083,4.5841547822322735,15.120961812854432,1.164410079786348,1.164410079786348
SB86415_component_776a,66.433375,4.233657,17.179000854492188,64.82642364501953,66.43277497075526,4.234033589014301,18.17358439347529,0.9452731218316965,0.9452731218316965
SB86415_component_780a,62.876734,7.347226,18.47800064086914,51.47075271606445,62.87638598460921,7.347356999692717,17.536492374360712,1.0536885168601313,1.0536885168601313
SB86415_component_783a,62.604398,3.635332,18.523000717163086,31.2360897064209,62.6041736640612,3.635588881380374,12.393990706076568,1.494514652821352,1.494514652821352
SB86415_component_784a,65.395745,5.366914,17.024999618530273,81.85095977783203,65.39525945663343,5.367142878447222,16.060128874710763,1.0600786426651192,1.0600786426651192
SB86415_component_786a,68.341701,3.914226,17.625,38.65131759643555,68.3414718941555,3.9143200348068055,14.535411310493165,1.212555986446455,1.212555986446455
SB86415_component_789a,67.664041,7.278033,16.667999267578125,82.92536926269531,67.66374673040583,7.278337599747945,13.614195394564188,1.224310272073313,1.224310272073313
SB86415_component_791a,62.60945,8.392144,16.023000717163086,65.66803741455078,62.608928478803065,8.392388618825233,19.242931085865518,0.8326694434265494,0.8326694434265494
SB86415_component_795a,68.111969,9.238352,17.73900032043457,42.43779754638672,68.11164097837677,9.23830248257017,15.225533756238367,1.1650823284383287,1.1650823284383287
SB86415_component_796a,61.535291,7.907209,18.207000732421875,33.71666717529297,61.53477424231605,7.907777897504027,17.786437854198855,1.0236451436577976,1.0236451436577976
SB86415_component_797a,67.975359,4.809697,16.458999633789062,45.21703338623047,67.97483409987447,4.809944634018483,18.868942679057643,0.8722799106309577,0.8722799106309577
SB86415_component_802a,64.747975,9.066452,16.361000061035156,72.07489013671875,64.74765196230855,9.066657410943604,20.938093717738187,0.7813987405727657,0.7813987405727657
SB86415_component_807a,62.860593,3.53257,15.338000297546387,33.27115249633789,62.86015954089924,3.5327836240149395,13.161108498316537,1.1654033776492534,1.1654033776492534
SB86415_component_809a,62.834814,6.344951,16.1299991607666,57.198577880859375,62.83440252627895,6.345130790813951,14.993239097871662,1.0758181774781612,1.0758181774781612
SB86415_component_812a,65.588556,7.614615,15.994000434875488,78.7881851196289,65.58839041072021,7.61478029191639,15.770319949974413,1.0141836364519312,1.0141836364519312
SB86415_component_813a,62.394409,6.783141,16.257999420166016,58.06428527832031,62.39398804473022,6.78337194741354,17.726416378173624,0.9171622212476258,0.9171622212476258
SB86415_component_816a,67.733177,7.175423,17.549999237060547,81.24999237060547,67.73275560142972,7.175477155998089,17.847446844237208,0.983333884685433,0.983333884685433
SB86415_component_820a,65.367649,6.750733,16.429000854492188,80.14147186279297,65.36736826875823,6.750970140203415,15.823118758150516,1.0382909403387737,1.0382909403387737
SB86415_component_822a,66.741726,9.515359,17.038000106811523,42.916873931884766,66.74137226427436,9.515607792264651,15.769276580363236,1.080455404531884,1.080455404531884
SB86415_component_824a,67.825081,2.292891,16.753000259399414,11.16866683959961,67.82467238913142,2.292297025944018,15.427643325476183,1.0859079320128322,1.0859079320128322
SB86415_component_826a,65.583956,8.852868,15.550999641418457,71.0091323852539,65.58358158612087,8.853106603531481,16.130947934758524,0.9640474759644838,0.9640474759644838
SB86415_component_827a,66.946403,7.910026,16.547000885009766,71.9434814453125,66.9461367407354,7.910182239259566,14.36289157994223,1.152066127695181,1.152066127695181
SB86415_component_829a,62.072726,8.938571,15.812000274658203,44.92045593261719,62.07238899130558,8.938864049954537,15.699099367936183,1.0071915530997027,1.0071915530997027
SB86415_component_830a,62.446661,6.915779,17.37700080871582,64.83955383300781,62.44633182791042,6.915979807380018,15.212956004172272,1.1422501191714511,1.1422501191714511
SB86415_component_831a,65.785791,6.814896,15.468999862670898,75.82843017578125,65.78557603679042,6.815092277089121,14.562633404362735,1.0622391866320435,1.0622391866320435
SB86415_component_833a,65.464666,3.91992,16.125999450683594,82.69743347167969,65.46412455996331,3.920216776781429,15.465757260723226,1.0426905827390112,1.0426905827390112
SB86415_component_837a,61.444485,9.29669,15.086000442504883,13.968518257141113,61.44427088378641,9.296980003294099,16.05618312308454,0.939575758874798,0.939575758874798
SB86415_component_840a,63.161689,8.301035,15.847999572753906,56.0,63.161264111469976,8.301268347800294,15.715409042262309,1.0084369761000196,1.0084369761000196
SB86415_component_841a,64.257438,3.098503,16.739999771118164,60.43320846557617,64.25723800166395,3.098585265645341,15.647685605863305,1.0698067556294435,1.0698067556294435
SB86415_component_843a,63.9169,4.344769,15.491999626159668,65.0924301147461,63.91646349356182,4.344942013935955,14.251971316249534,1.0870074940788228,1.0870074940788228
SB86415_component_850a,64.883687,7.439972,15.366999626159668,74.23670959472656,64.88335508390944,7.440249034911102,13.468050497037279,1.1409965851806185,1.1409965851806185
SB86415_component_852a,67.01515,6.8501,15.041999816894531,69.0,67.01476863050631,6.850304936955523,14.955638158919843,1.0057745217594196,1.0057745217594196
SB86415_component_853a,67.854354,4.593088,15.722000122070312,51.379085540771484,67.85377675665919,4.593299574073591,12.855417199258747,1.2229863783010366,1.2229863783010366
SB86415_component_854a,66.921853,4.295449,15.687000274658203,57.043636322021484,66.92125546910883,4.295582672118057,16.048349064739156,0.977483740625078,0.977483740625078
SB86415_component_855a,67.947585,2.796556,15.319000244140625,22.694814682006836,67.94717912366168,2.796253356235034,13.050596299448518,1.1738161148075634,1.1738161148075634
SB86415_component_857a,67.298983,6.376183,15.269000053405762,71.3504638671875,67.29879326979626,6.376434407236882,13.395297436836689,1.1398776417921443,1.1398776417921443
SB86415_component_861a,64.096665,8.68946,16.496999740600586,80.4731674194336,64.09622768010797,8.689622544300331,15.892690853926087,1.0380243278013057,1.0380243278013057
SB86415_component_863a,62.473008,7.970391,15.187999725341797,58.640926361083984,62.4724216281862,7.970605545637601,15.877701253575932,0.9565616258160291,0.9565616258160291
SB86415_component_864a,67.530701,5.774029,14.843999862670898,57.75875473022461,67.53007497789658,5.774353447377061,13.614437523618088,1.09031312067941,1.09031312067941
SB86415_component_871a,66.530072,4.388611,16.36199951171875,58.227760314941406,66.52958267816311,4.388898738526787,13.59846567644607,1.2032239445998236,1.2032239445998236
SB86415_component_874a,62.682907,4.070407,15.531999588012695,47.644168853759766,62.682492375038805,4.070476677307371,13.871446913760865,1.1197101271825158,1.1197101271825158
SB86415_component_877a,62.410587,6.924374,15.13599967956543,58.89493942260742,62.41018801931218,6.924552037983961,14.352743242755661,1.0545718977593435,1.0545718977593435
SB86415_component_878a,62.675442,6.277345,14.222000122070312,53.466163635253906,62.67495753407818,6.277693060152121,14.640126062010603,0.9714397309033235,0.9714397309033235
SB86415_component_882a,63.80046,4.486243,14.800999641418457,61.928871154785156,63.80004890781867,4.486547459981381,11.415386558292546,1.2965833058597984,1.2965833058597984
SB86415_component_886a,66.010284,8.424962,13.916000366210938,59.72532653808594,66.00995222917605,8.425080328912019,13.605663226167346,1.0228094092059201,1.0228094092059201
SB86415_component_889a,65.363593,6.604481,14.579999923706055,66.2727279663086,65.36337610847312,6.604679925970713,15.482064521783885,0.9417348637961953,0.9417348637961953
SB86415_component_893a,63.440567,5.530804,14.434000015258789,42.32844543457031,63.4401782103262,5.5309536638958585,13.032033840111414,1.1075784633732497,1.1075784633732497
SB86415_component_896a,67.208227,3.839992,14.520999908447266,60.00413131713867,67.20777441965633,3.840203965872973,13.638952904491747,1.0646711672173186,1.0646711672173186
SB86415_component_901a,63.160452,7.808743,13.704999923706055,53.12015914916992,63.16012046550211,7.808886404767261,13.6911379665339,1.001012476625832,1.001012476625832
SB86415_component_905a,63.323369,7.956944,14.720000267028809,60.3278694152832,63.32292210033244,7.957186830747264,14.421843253548422,1.0206739879388875,1.0206739879388875
SB86415_component_906a,62.660176,7.178067,13.661999702453613,33.40342330932617,62.65970983443491,7.178747775967523,15.371642899170055,0.888779409726676,0.888779409726676
SB86415_component_907a,62.16484,7.019262,14.5,51.9713249206543,62.16440820775426,7.019378841546679,16.64089852406053,0.8713471799034725,0.8713471799034725
SB86415_component_914a,65.286405,3.302673,14.779999732971191,67.18181610107422,65.28587438369786,3.3028127960696505,13.50991587655899,1.094011233527806,1.094011233527806
SB86415_component_915a,68.380091,8.739878,13.996000289916992,31.665159225463867,68.37977084995285,8.740020268292849,12.787537375077742,1.0945031775386622,1.0945031775386622
SB86415_component_917a,65.394331,6.800463,15.319999694824219,81.0582046508789,65.3940562182337,6.8006613227141575,15.077829079733165,1.016061371554912,1.016061371554912
SB86415_component_923a,67.525716,3.5808,14.414999961853027,52.60948944091797,67.52517201162861,3.580965572023292,14.31794948777364,1.0067782383337964,1.0067782383337964
SB86415_component_925a,64.15112,4.652053,13.425000190734863,59.40265655517578,64.15058701296581,4.652464428445634,13.517391686805855,0.9931649908346465,0.9931649908346465
SB86415_component_928a,62.193913,4.626164,14.425000190734863,41.33237838745117,62.193509577908635,4.626369941074004,13.329626226480821,1.0821758949307938,1.0821758949307938
SB86415_component_933a,65.146904,6.845277,13.762999534606934,72.05758666992188,65.14657800910554,6.845492837133159,13.402940138094255,1.0268642098526806,1.0268642098526806
SB86415_component_934a,63.939186,7.05797,14.187000274658203,61.95196533203125,63.93873392604602,7.058162408835855,14.749381026935271,0.9618708913106218,0.9618708913106218
SB86415_component_937a,64.968495,4.88327,13.836999893188477,60.16086959838867,64.96803614908943,4.883268779186864,14.932068878186394,0.9266632779468587,0.9266632779468587
SB86415_component_938a,65.035651,3.044667,14.454000473022461,53.93283462524414,65.03521582334297,3.0446169655356705,11.821534558846563,1.2226839418411977,1.2226839418411977
SB86415_component_939a,65.245359,7.675695,13.411999702453613,59.08369827270508,65.24518608161684,7.675866092101153,11.197684010711246,1.1977476493910924,1.1977476493910924
SB86415_component_940a,65.261673,9.701485,13.189000129699707,36.738162994384766,65.26126927595169,9.701588111423169,13.0409236652018,1.0113547527996833,1.0113547527996833
SB86415_component_941a,68.866337,4.473841,14.678000450134277,14.250486373901367,68.86615052710029,4.4739585074678505,12.896253616945742,1.1381600336121889,1.1381600336121889
SB86415_component_943a,65.019172,2.306991,14.84000015258789,19.173126220703125,65.01891700577688,2.3068927597234863,13.337228310201485,1.1126749731979135,1.1126749731979135
SB86415_component_946a,66.601442,7.242076,14.92199993133545,66.31999969482422,66.60113226923235,7.242202998127117,14.257063982509413,1.046639052026545,1.046639052026545
SB86415_component_947a,64.764034,6.509162,14.791000366210938,76.24227142333984,64.76370814050483,6.509329751071187,12.172104359707015,1.2151555662941227,1.2151555662941227
SB86415_component_949a,63.175926,3.942642,13.60200023651123,48.06360626220703,63.17576334828164,3.942859431174682,14.590342095676856,0.9322605424407099,0.9322605424407099
SB86415_component_951a,67.205879,3.353837,14.005000114440918,50.1971321105957,67.20559464504014,3.3539938720179685,16.319128702349406,0.8581953344374733,0.8581953344374733
SB86415_component_954a,62.185579,8.729831,13.397000312805176,43.49675369262695,62.184990271229466,8.729966432363979,13.959414522258212,0.9597107594622776,0.9597107594622776
SB86415_component_957a,63.888108,6.643129,14.491999626159668,61.14767837524414,63.887808134578876,6.643353473265178,13.330445625497427,1.0871354216726643,1.0871354216726643
SB86415_component_961a,68.876093,8.638323,13.326000213623047,17.67374038696289,68.87614526777436,8.638566802265023,10.95101932153798,1.2168730437187758,1.2168730437187758
SB86415_component_962a,66.756403,3.733884,13.881999969482422,56.89344024658203,66.75589402930783,3.7342001453052083,12.815648524574074,1.083206982687112,1.083206982687112
SB86415_component_963a,64.810155,9.787007,13.968999862670898,32.561771392822266,64.80974422066234,9.787133195885696,12.681526514329455,1.1015235308530615,1.1015235308530615
SB86415_component_966a,62.370198,9.98626,13.427000045776367,16.099519729614258,62.36978654933632,9.986510988766279,14.178549756727906,0.9469938940267908,0.9469938940267908
SB86415_component_969a,66.433493,6.089343,14.817000389099121,77.98421478271484,66.43331373699225,6.089653861737932,13.47513421312065,1.0995809136113763,1.0995809136113763
SB86415_component_973a,67.736733,6.475754,12.913999557495117,57.1415901184082,67.73613432544525,6.476071149152118,14.855174213447325,0.8693266986936443,0.8693266986936443
SB86415_component_975a,62.963406,5.547313,14.192999839782715,49.28125,62.96287168802369,5.547401176313371,11.878318319092868,1.194866096235971,1.194866096235971
SB86415_component_979a,64.511402,3.344848,13.878000259399414,61.95535659790039,64.51091799251891,3.3450904563990065,13.203337364825341,1.0510979062287256,1.0510979062287256
SB86415_component_981a,64.07846,10.362803,13.517000198364258,14.425827980041504,64.07798521689693,10.36266521445791,13.431010728512456,1.006402308179924,1.006402308179924
SB86415_component_982a,69.144367,6.286954,13.395999908447266,14.1308012008667,69.1441132034266,6.286980577952026,12.308039662123974,1.0883942753021276,1.0883942753021276
SB86415_component_988a,62.208211,4.272627,13.199000358581543,29.72747802734375,62.20776779273184,4.272873952736526,12.36444667305981,1.0674962420550607,1.0674962420550607
SB86415_component_989a,66.38019,3.516069,13.656000137329102,55.738773345947266,66.3796217740489,3.516364990942259,13.136348420366614,1.039558308011747,1.039558308011747
SB86415_component_990a,67.572242,6.691031,12.72700023651123,57.85000228881836,67.57182689537278,6.691377620499294,12.743399078851283,0.9987131500599972,0.9987131500599972
SB86415_component_991a,62.663906,9.123136,14.26200008392334,49.69337844848633,62.66347788851911,9.123492041128014,13.513646487162339,1.0553776212417514,1.0553776212417514
SB86415_component_992a,65.406554,4.77378,13.312999725341797,63.09478759765625,65.40600110744671,4.773889301971599,12.75065905259037,1.0441028711090181,1.0441028711090181
SB86415_component_995a,66.217638,6.877425,12.880000114440918,66.05128479003906,66.21725832060686,6.8776054734054135,11.814219745665582,1.0902116594848636,1.0902116594848636
SB86415_component_996a,67.369639,5.034802,13.062000274658203,48.377777099609375,67.3694315702548,5.035027131329205,8.32406655937861,1.5691849868669574,1.5691849868669574
SB86415_component_997a,63.859782,7.685657,12.312999725341797,64.13020324707031,63.85951513872202,7.685855857833358,12.05788425996066,1.0211575646175566,1.0211575646175566
SB86415_component_1000a,64.01568,8.864162,12.303000450134277,59.723304748535156,64.01533094896186,8.864408276165094,14.875589709145265,0.8270596790237228,0.8270596790237228
SB86415_component_1005a,68.85943,4.082446,12.256999969482422,12.754422187805176,68.85928772156365,4.082175903169747,11.111270923876933,1.1031141309985917,1.1031141309985917
SB86415_component_1007a,66.827567,8.095866,13.0600004196167,49.09774398803711,66.8273267781874,8.096006831433042,11.858794384745634,1.101292424499426,1.101292424499426
SB86415_component_1008a,64.611069,3.172243,12.557999610900879,52.76470184326172,64.61066341903467,3.1722611425091114,11.975401231361625,1.0486495916323475,1.0486495916323475
SB86415_component_1009a,67.758964,8.782612,13.11299991607666,42.574676513671875,67.75842861988446,8.782834439057433,11.566725207691457,1.1336830157732964,1.1336830157732964
SB86415_component_1010a,66.638659,3.410176,13.49899959564209,51.91923141479492,66.63812626889406,3.4102846188000635,12.499572962143066,1.07995686224849,1.07995686224849
SB86415_component_1011a,68.272592,4.939135,12.357000350952148,24.51785659790039,68.27201940590886,4.939429104252018,12.446277702173065,0.9928269838294441,0.9928269838294441
SB86415_component_1012a,68.030781,8.523646,12.725000381469727,37.7596435546875,68.03041281397087,8.52379049616869,9.308825755460045,1.3669823365214395,1.3669823365214395
SB86415_component_1013a,61.249227,8.71838,12.526000022888184,12.18482494354248,61.248645994689454,8.718741420379198,12.74705154753515,0.9826586153023198,0.9826586153023198
SB86415_component_1021a,64.088502,9.814516,11.982999801635742,31.86968231201172,64.08801552175817,9.814406507735963,12.991898434396221,0.9223440178619772,0.9223440178619772
SB86415_component_1022a,64.409745,9.676939,13.067000389099121,34.93850326538086,64.40945985909006,9.67691783422717,12.346949904080892,1.058318085892633,1.058318085892633
SB86415_component_1024a,63.982953,3.999183,11.77299976348877,51.863433837890625,63.98250472002958,3.9993815470955676,12.691040770081708,0.9276622758350002,0.9276622758350002
SB86415_component_1030a,66.564536,6.150531,11.649999618530273,57.10784149169922,66.56434058090205,6.150749433122995,12.480363363682489,0.9334663806689675,0.9334663806689675
SB86415_component_1031a,62.979639,3.076346,11.387999534606934,19.7365665435791,62.97923509539686,3.0763003404758464,12.583442758705168,0.9049987156121299,0.9049987156121299
SB86415_component_1033a,62.375022,6.213028,13.439000129699707,51.6884651184082,62.3745067297626,6.2131390282832974,11.781490757643335,1.140687575634777,1.140687575634777
SB86415_component_1036a,61.514405,5.920335,12.664999961853027,25.689655303955078,61.51379607264945,5.920596583934072,10.910328539791355,1.1608266346574407,1.1608266346574407
SB86415_component_1040a,65.536737,3.9614,11.920999526977539,55.18981170654297,65.53624825343346,3.9617685063129464,13.091223723384239,0.9106100223223301,0.9106100223223301
SB86415_component_1042a,67.228292,6.747634,12.512999534606934,57.9305534362793,67.22780241360705,6.747875341552004,11.364720746269153,1.1010388916696208,1.1010388916696208
SB86415_component_1044a,65.530611,9.093117,12.66100025177002,57.031532287597656,65.53019462189722,9.093506719295245,10.195687783886191,1.2417995254601792,1.2417995254601792
SB86415_component_1047a,69.110083,5.684772,12.413000106811523,13.191286087036133,69.10974837774175,5.684679838775959,10.59001478959822,1.172141904750113,1.172141904750113
SB86415_component_1050a,61.680387,7.472525,11.58899974822998,27.204225540161133,61.679820184067985,7.472719176165864,11.225937794779151,1.0323413473411263,1.0323413473411263
SB86415_component_1052a,63.535875,10.358849,12.826000213623047,13.209062576293945,63.53547502598839,10.358517037944635,14.414340724153485,0.8898083137531969,0.8898083137531969
SB86415_component_1055a,67.220073,4.775415,11.20300006866455,34.47077178955078,67.21962808947833,4.775649341125004,10.640379433857207,1.0528759935963476,1.0528759935963476
SB86415_component_1056a,68.197809,2.588105,12.52299976348877,10.965849876403809,68.19734602593206,2.5881335563536227,10.73515344972465,1.1665412909221131,1.1665412909221131
SB86415_component_1060a,67.475153,5.908574,11.269000053405762,46.184425354003906,67.47466856368024,5.908887039919853,11.278302985414879,0.9991751478904984,0.9991751478904984
SB86415_component_1063a,63.98832,6.111214,11.550999641418457,50.44104766845703,63.98817532883863,6.111418461134969,11.116950405720123,1.039043912211302,1.039043912211302
SB86415_component_1064a,64.18994,6.467764,11.628000259399414,58.72727584838867,64.18974162775804,6.46792807328739,10.931559644345423,1.0637091721321064,1.0637091721321064
SB86415_component_1065a,66.006708,9.682377,11.76099967956543,33.60285568237305,66.0064743360571,9.682492324732012,14.192308252152317,0.8286882916161175,0.8286882916161175
SB86415_component_1067a,67.740529,3.646084,12.13700008392334,43.19217300415039,67.74000737958605,3.646522818364606,11.52228060475883,1.0533505041450408,1.0533505041450408
SB86415_component_1068a,63.691192,8.786295,12.366000175476074,54.23684310913086,63.69082002290205,8.786529094901018,12.977085259895208,0.9529104516013583,0.9529104516013583
SB86415_component_1070a,66.638209,4.03743,12.142999649047852,49.16194152832031,66.63766295644758,4.03779039198443,12.44561054490841,0.9756853314051066,0.9756853314051066
SB86415_component_1077a,64.39038,10.057901,11.463000297546387,22.129343032836914,64.38997275203846,10.0577429120543,10.970848932339447,1.0448599163330192,1.0448599163330192
SB86415_component_1081a,62.294266,5.81525,11.013999938964844,38.64561462402344,62.293727414087456,5.815527129018041,11.83606997555906,0.9305453551481402,0.9305453551481402
SB86415_component_1083a,65.509746,3.432566,11.66100025177002,54.49065399169922,65.50931381693903,3.432833034362542,10.109240705598797,1.1534991194058533,1.1534991194058533
SB86415_component_1085a,66.485441,3.844707,11.73799991607666,49.3193244934082,66.48474128680898,3.844922680204935,12.801380119631933,0.9169323781016006,0.9169323781016006
SB86415_component_1087a,65.931417,9.140689,10.99899959564209,47.409481048583984,65.93119089335796,9.141059265383708,10.182032380335245,1.0802361635467461,1.0802361635467461
SB86415_component_1089a,64.48836,9.356139,11.904999732971191,46.503902435302734,64.48800064130089,9.356322724354676,12.092534955145151,0.9844916534978329,0.9844916534978329
SB86415_component_1092a,66.735443,3.140133,11.289999961853027,33.80239486694336,66.73498159593478,3.1400405658752946,15.43075529337187,0.7316556932700848,0.7316556932700848
SB86415_component_1097a,62.808698,4.795018,11.178000450134277,45.81147766113281,62.807927752099715,4.795329949622964,13.033680888733853,0.8576242233915975,0.8576242233915975
SB86415_component_1098a,65.349968,8.786611,10.753999710083008,54.040199279785156,65.34966907683334,8.78689440819748,11.134035365627495,0.9658672131833067,0.9658672131833067
SB86415_component_1100a,64.450881,2.581831,11.545999526977539,22.37596893310547,64.4505241492073,2.5814400355945812,11.060299903682937,1.0439137842123856,1.0439137842123856
SB86415_component_1101a,64.76412,2.909884,11.77400016784668,37.858524322509766,64.76370075342241,2.909857038865063,11.706393633829862,1.0057751803101378,1.0057751803101378
SB86415_component_1103a,65.982269,3.320396,12.494000434875488,51.204917907714844,65.98188494779316,3.320478671166994,13.070294452068847,0.9559081075558983,0.9559081075558983
SB86415_component_1104a,66.021203,3.316043,11.1850004196167,44.5617561340332,66.02070039589076,3.31628988155946,11.902062611114065,0.9397531154954791,0.9397531154954791
SB86415_component_1106a,63.520651,9.833097,11.359999656677246,24.588743209838867,63.52026930950037,9.833103034200121,11.612706025338339,0.9782388042795797,0.9782388042795797
SB86415_component_1108a,66.23612,9.869532,12.071000099182129,28.203271865844727,66.23539999141727,9.869899964465553,12.068368044687313,1.0002180953120645,1.0002180953120645
SB86415_component_1112a,61.936635,5.729994,11.015000343322754,37.21283721923828,61.93609212927482,5.730279973888744,10.954626623699022,1.0055112530712018,1.0055112530712018
SB86415_component_1123a,62.431369,7.271633,10.78600025177002,36.687076568603516,62.43082532605004,7.271706827257183,12.207883136043641,0.8835274823302062,0.8835274823302062
SB86415_component_1126a,67.693295,3.060434,10.987000465393066,27.399003982543945,67.69309895922557,3.060571985006333,10.365990027227213,1.0599084541403874,1.0599084541403874
SB86415_component_1128a,67.039068,5.645402,11.015999794006348,46.87659454345703,67.03877382557367,5.645718475747966,10.623033070519648,1.0369919514396726,1.0369919514396726
SB86415_component_1137a,62.660609,7.982553,10.755999565124512,43.02399826049805,62.66012965394986,7.982839510734055,10.22142266000094,1.0522996575824528,1.0522996575824528
SB86415_component_1139a,63.730079,5.37252,10.689000129699707,30.627506256103516,63.72962144123062,5.3727278595132235,10.066576772818635,1.0618306869284218,1.0618306869284218
SB86415_component_1146a,65.697488,8.9931,10.420999526977539,50.34299087524414,65.69708669213237,8.993355147793805,9.73165398449965,1.0708353938164945,1.0708353938164945
SB86415_component_1148a,67.654269,9.301002,10.133999824523926,30.524097442626953,67.65373707908142,9.301185022625173,7.343526071899719,1.3799909914260482,1.3799909914260482
SB86415_component_1156a,68.68408,5.608141,10.788999557495117,18.474313735961914,68.68377344702505,5.608131160454756,8.806181046649538,1.2251621333177083,1.2251621333177083
SB86415_component_1157a,65.810471,9.640887,10.446999549865723,30.908283233642578,65.81018447399545,9.640922128309633,10.096070612091697,1.0347589622990285,1.0347589622990285
SB86415_component_1160a,66.482675,8.04846,10.432999610900879,40.437984466552734,66.48236535451949,8.048684180489,8.872590181402332,1.1758685341704715,1.1758685341704715
SB86415_component_1162a,65.456873,7.878207,11.456999778747559,56.999996185302734,65.45672449464922,7.878378688844504,9.08815525179306,1.2606518552251993,1.2606518552251993
SB86415_component_1163a,62.792964,5.966987,10.630000114440918,38.10035705566406,62.792404156277414,5.967363338987357,11.228904120092986,0.9466640734263293,0.9466640734263293
SB86415_component_1164a,64.272343,6.388221,10.300000190734863,50.0,64.27201490678982,6.3884297565300185,10.989879320412447,0.937225959488362,0.937225959488362
SB86415_component_1165a,62.44342,7.404363,10.878999710083008,40.2925910949707,62.443025795755894,7.404661366812773,10.225398075259745,1.0639194317925524,1.0639194317925524
SB86415_component_1167a,61.678656,8.852125,10.998000144958496,20.948572158813477,61.67817220832208,8.852191298708586,10.651469574497114,1.0325335924810866,1.0325335924810866
SB86415_component_1169a,65.867808,3.980274,10.829000473022461,49.67431640625,65.86726292489624,3.980636021248076,11.845452726979726,0.9141905102839887,0.9141905102839887
SB86415_component_1171a,64.516792,2.57276,11.256999969482422,22.741413116455078,64.51647729393771,2.5728403372714346,11.387943789883188,0.9885015396267504,0.9885015396267504
SB86415_component_1174a,65.025877,3.743793,11.128000259399414,52.24413299560547,65.02530423542022,3.744168949363397,10.368035200331866,1.0732988502048317,1.0732988502048317
SB86415_component_1175a,62.404145,7.164636,10.36299991607666,36.748226165771484,62.4037519042066,7.1648349309867525,11.696770327431807,0.885971052348773,0.885971052348773
SB86415_component_1177a,66.253398,5.75004,9.951000213623047,47.6124382019043,66.2530990472592,5.750358259756113,9.297564249490266,1.070280338656289,1.070280338656289
SB86415_component_1179a,68.746293,9.51023,11.177000045776367,10.89376163482666,68.7459171624941,9.510432663604165,10.564802555620263,1.05794689365306,1.05794689365306
SB86415_component_1180a,63.809833,10.347746,11.114999771118164,12.268211364746094,63.809767899468746,10.347489546739151,12.673462631726231,0.8770294349780403,0.8770294349780403
SB86415_component_1182a,64.047602,8.410291,10.223999977111816,49.39130401611328,64.04733057408114,8.41042211948997,10.422743584396914,0.9809317378216402,0.9809317378216402
SB86415_component_1186a,67.986383,5.979717,10.260000228881836,38.42696762084961,67.9858246884816,5.979960957538921,10.560671549273678,0.9715291476504142,0.9715291476504142
SB86415_component_1190a,61.451293,9.004187,10.614999771118164,12.606887817382812,61.450995447853785,9.004304709395365,10.807374793268933,0.9821996529378639,0.9821996529378639
SB86415_component_1192a,63.980181,3.401817,10.680000305175781,43.064517974853516,63.97962981340396,3.40199231649425,11.161783659928934,0.9568363471796388,0.9568363471796388
SB86415_component_1193a,68.433677,5.772248,10.4399995803833,23.566591262817383,68.4331851761164,5.77225059859014,10.890059905517901,0.958672373794146,0.958672373794146
SB86415_component_1194a,64.548288,4.621223,10.77400016784668,50.111629486083984,64.54774415286327,4.621400888194075,10.276810377639821,1.0483797765976728,1.0483797765976728
SB86415_component_1196a,67.477943,9.039615,10.026000022888184,35.17894744873047,67.47751699162275,9.039810359804752,9.324609668545131,1.0752192723636536,1.0752192723636536
SB86415_component_1197a,65.047852,5.957316,10.142000198364258,46.5229377746582,65.04754670138514,5.957456785138535,9.858177822987505,1.0287905514054463,1.0287905514054463
SB86415_component_1199a,63.396579,5.841567,10.151000022888184,33.501651763916016,63.3962130513038,5.841827372218704,12.339193429124387,0.822663173342321,0.822663173342321
SB86415_component_1201a,67.81684,7.116673,9.947999954223633,44.81081008911133,67.81658460322978,7.117023136796627,9.525411735028108,1.0443642995127997,1.0443642995127997
SB86415_component_1206a,66.834031,4.705018,10.260000228881836,30.535715103149414,66.83341912431884,4.705171620977297,11.495534029230212,0.8925205390887688,0.8925205390887688
SB86415_component_1208a,67.865389,10.09006,11.10200023651123,11.340143203735352,67.86510645296619,10.090419739926533,9.54771222530285,1.1627916693057931,1.1627916693057931
SB86415_component_1211a,62.700726,10.124627,9.454000473022461,10.446409225463867,62.70045843767157,10.124266411418237,10.587979987576423,0.8928993522952882,0.8928993522952882
SB86415_component_1213a,66.183513,8.446021,9.814000129699707,42.301727294921875,66.18307975726519,8.446259147885545,8.482572637330247,1.156960340841656,1.156960340841656
SB86415_component_1214a,66.84898,5.805275,10.354000091552734,42.9626579284668,66.8488534715452,5.805544561939738,9.579882182401695,1.0808066210431166,1.0808066210431166
SB86415_component_1216a,64.786332,4.924167,10.293999671936035,50.460784912109375,64.7857447492004,4.924367127394856,8.845492587630453,1.1637565200530693,1.1637565200530693
SB86415_component_1222a,63.581483,6.353365,9.463000297546387,33.79642868041992,63.5812051475754,6.353541842694376,9.75309732431532,0.9702559077262876,0.9702559077262876
SB86415_component_1223a,62.23435,9.235001,9.392000198364258,26.911174774169922,62.2339259948752,9.235207847741407,8.715231415016822,1.077653564331215,1.077653564331215
SB86415_component_1226a,67.035645,7.993372,9.196999549865723,35.237545013427734,67.03523739143913,7.99353035301659,9.930260945344825,0.9261588995984193,0.9261588995984193
SB86415_component_1227a,64.517298,4.808562,9.70199966430664,43.5067253112793,64.51675358596441,4.808670387009086,8.713010663285816,1.1135071491635087,1.1135071491635087
SB86415_component_1228a,63.771986,7.116581,10.145000457763672,49.975372314453125,63.77185757305192,7.116635682413877,9.890221425897943,1.0257607004832652,1.0257607004832652
SB86415_component_1231a,63.042892,4.911256,9.406999588012695,35.498111724853516,63.042219990013095,4.9115297352718,10.334816601324023,0.910224143388044,0.910224143388044
SB86415_component_1235a,68.231715,5.516557,9.347999572753906,17.671077728271484,68.23103573491998,5.5169161727638505,8.21615954774927,1.137757795284622,1.137757795284622
SB86415_component_1237a,66.468844,8.020676,9.460000038146973,35.83333206176758,66.46841274028088,8.020737702910065,7.696838146875456,1.2290761293957149,1.2290761293957149
SB86415_component_1238a,61.560764,8.082562,9.718000411987305,17.863969802856445,61.56042016953066,8.082506197226493,10.221693024104198,0.9507231716967909,0.9507231716967909
SB86415_component_1244a,66.520933,10.073172,10.390999794006348,15.462797164916992,66.5205019637456,10.07365456935779,8.43121372010296,1.2324441223961116,1.2324441223961116
SB86415_component_1246a,66.488748,2.818112,9.531000137329102,22.268692016601562,66.4885596990461,2.8181091023107907,9.753968993515018,0.9771407048418793,0.9771407048418793
SB86415_component_1248a,66.255999,4.46419,9.463000297546387,42.62612533569336,66.25545123533536,4.464514054102029,9.39833634919841,1.0068803611559924,1.0068803611559924
SB86415_component_1257a,62.651188,6.103067,9.470000267028809,35.871212005615234,62.65077313902381,6.103342670070847,9.103314378250097,1.0402804817611053,1.0402804817611053
SB86415_component_1261a,65.527718,8.769153,9.461999893188477,46.61083984375,65.52738111462004,8.769429327987272,8.231611161242894,1.1494711919506906,1.1494711919506906
SB86415_component_1264a,63.491139,6.280882,9.47700023651123,33.84642791748047,63.490840452201326,6.281146163354703,8.347530436585332,1.135305861836177,1.135305861836177
SB86415_component_1265a,68.106521,6.464079,9.359999656677246,34.16058349609375,68.10646979370186,6.464351646763963,8.816812078968484,1.061608160959274,1.061608160959274
SB86415_component_1266a,64.064793,5.545668,9.515000343322754,37.460628509521484,64.06435413696529,5.545917997016896,8.982968239861416,1.0592267599367073,1.0592267599367073
SB86415_component_1267a,66.027227,7.10512,9.83899974822998,47.30288314819336,66.02708707396678,7.105478952226731,9.596722131706802,1.025245871788109,1.025245871788109
SB86415_component_1268a,65.779906,10.454399,10.128000259399414,11.265851020812988,65.7796978688047,10.45449135222944,8.862788340678543,1.1427555155428664,1.1427555155428664
SB86415_component_1273a,63.584732,6.033923,8.949000358581543,30.542661666870117,63.584781930122,6.034000552122612,6.833972153038641,1.3094873900828643,1.3094873900828643
SB86415_component_1279a,65.593891,4.171918,10.10200023651123,48.80193328857422,65.59329570862955,4.172117712796772,9.617736499374097,1.0503511129847078,1.0503511129847078
SB86415_component_1282a,67.094799,4.245831,8.87600040435791,30.397262573242188,67.09424054331006,4.24621477557109,9.6792970638714,0.9170087812975751,0.9170087812975751
SB86415_component_1285a,66.540118,8.561503,9.991000175476074,28.54571533203125,66.53967694111044,8.56172747279321,8.592986173432697,1.162692453336615,1.162692453336615
SB86415_component_1287a,63.978071,5.039521,9.529999732971191,44.32558059692383,63.97756840808329,5.039714778722074,8.464237510121801,1.125913553533312,1.125913553533312
SB86415_component_1293a,67.674801,8.029097,8.427000045776367,36.96052551269531,67.67421574321615,8.029286116434761,8.722755923843375,0.9660937574489998,0.9660937574489998
SB86415_component_1295a,62.979336,5.438298,8.416000366210938,33.00392532348633,62.97861465527545,5.438701782535886,9.262536584589768,0.9086064372704097,0.9086064372704097
SB86415_component_1298a,67.063478,6.922358,8.85200023651123,42.35406494140625,67.0631088522889,6.92248533560973,9.15825192437592,0.9665600280060478,0.9665600280060478
SB86415_component_1299a,62.987801,9.776593,9.178999900817871,20.041484832763672,62.98740887731765,9.77657936655554,9.666742844717,0.9495442310058256,0.9495442310058256
SB86415_component_1300a,64.519105,3.060408,9.805000305175781,35.91575241088867,64.51879763681806,3.060465871298009,10.183258034200922,0.9628549401621028,0.9628549401621028
SB86415_component_1314a,66.156496,7.383287,9.267999649047852,44.3444938659668,66.15632566214958,7.383475397681051,9.075864293861976,1.0211699237631635,1.0211699237631635
SB86415_component_1315a,63.214868,4.919378,8.944000244140625,38.059574127197266,63.21429834490891,4.919584483594034,9.250945336006241,0.9668201377570642,0.9668201377570642
SB86415_component_1316a,65.621777,3.778683,9.593999862670898,49.20000076293945,65.62132709025155,3.7789714651020025,6.4630078220522185,1.484448127996306,1.484448127996306
SB86415_component_1317a,62.257767,8.639379,9.057999610900879,30.498315811157227,62.2572556371733,8.639985343264732,9.052067628192813,1.0006553179838815,1.0006553179838815
SB86415_component_1319a,68.241098,4.464689,9.130999565124512,20.89473533630371,68.24069669963193,4.464924843414171,6.511277251470491,1.4023361642391112,1.4023361642391112
SB86415_component_1320a,65.610729,3.828691,8.991999626159668,42.616111755371094,65.60988586763953,3.8289675366306484,8.531757387690812,1.0539445998702297,1.0539445998702297
SB86415_component_1323a,68.091578,4.321366,9.347999572753906,25.89473533630371,68.09103922574896,4.321544830548496,8.14307250600466,1.1479695859100774,1.1479695859100774
SB86415_component_1324a,63.831226,9.851602,8.944000244140625,22.816328048706055,63.83081022801818,9.851493970864153,8.62784271480703,1.0366438679730459,1.0366438679730459
SB86415_component_1325a,66.91948,8.567813,8.399999618530273,27.63157844543457,66.9190513130269,8.568115681894795,7.6117764540857165,1.1035531152549112,1.1035531152549112
SB86415_component_1331a,66.622985,3.717072,8.881999969482422,35.106719970703125,66.62262242553872,3.717358393292762,7.988517785683253,1.1118458026594666,1.1118458026594666
SB86415_component_1336a,66.396359,7.198394,9.083000183105469,43.047393798828125,66.39627336369402,7.198401573981886,8.25683155793266,1.1000587960861423,1.1000587960861423
SB86415_component_1339a,62.406707,6.855783,9.371000289916992,37.786293029785156,62.40608728179625,6.85600626778541,9.431550704740179,0.9935800149181455,0.9935800149181455
SB86415_component_1341a,63.672884,7.740824,9.819000244140625,40.57438278198242,63.6726259913376,7.740947174572502,8.517799525271304,1.152762543308141,1.152762543308141
SB86415_component_1342a,64.607104,6.365935,9.684000015258789,46.114288330078125,64.60704938740952,6.36613829593199,10.24405515340756,0.9453287658293722,0.9453287658293722
SB86415_component_1344a,67.811906,8.809668,8.571000099182129,27.91856575012207,67.8114050756273,8.809646967876569,7.76334854697048,1.1040339162057617,1.1040339162057617
SB86415_component_1347a,66.330756,7.113443,8.803000450134277,40.94418716430664,66.33055551524785,7.113624919637206,7.010192821278371,1.2557429837613185,1.2557429837613185
SB86415_component_1348a,68.430144,3.591049,8.288000106811523,16.948875427246094,68.42996998224773,3.5911049893993696,6.76223600727496,1.225630116709194,1.225630116709194
SB86415_component_1350a,68.581479,9.180131,9.112000465393066,13.806060791015625,68.58089092038823,9.18039970180633,6.551485825412953,1.3908296084604166,1.3908296084604166
SB86415_component_1357a,66.383896,7.121473,8.253000259399414,38.74647903442383,66.38365764007528,7.121686460156189,7.853132875222614,1.0509181992117338,1.0509181992117338
SB86415_component_1358a,63.19983,5.219734,8.428000450134277,27.72368621826172,63.199157322969775,5.220130429965123,7.64307135656833,1.102698124477327,1.102698124477327
SB86415_component_1359a,61.668261,7.761946,9.071999549865723,19.89473533630371,61.66777130466259,7.762246214872069,8.955112532221476,1.0130525459310171,1.0130525459310171
SB86415_component_1365a,66.735643,9.274389,8.60200023651123,22.57742691040039,66.73498487269072,9.27476679786106,9.219228790220681,0.9330498713336871,0.9330498713336871
SB86415_component_1366a,66.921254,6.556332,9.083000183105469,39.66375732421875,66.92077274431213,6.556557472944509,11.186862951581483,0.811934518409507,0.811934518409507
SB86415_component_1372a,63.119928,8.987179,8.26200008392334,35.6120719909668,63.11957235834176,8.987329039740365,8.941556495986609,0.924000210436708,0.924000210436708
SB86415_component_1379a,65.613154,5.026509,8.699999809265137,45.3125,65.6125437948478,5.026672645837378,8.413410954988292,1.0340633371898857,1.0340633371898857
SB86415_component_1381a,63.142509,5.993307,7.88700008392334,26.115896224975586,63.142230867998634,5.99347478589302,8.323867502792456,0.9475162935110922,0.9475162935110922
SB86415_component_1387a,66.626578,3.208572,8.765000343322754,24.97150993347168,66.62619002891503,3.2085174278404285,7.599018444520074,1.1534384877883157,1.1534384877883157
SB86415_component_1389a,67.161398,3.245934,9.012999534606934,29.262985229492188,67.16089909202344,3.2460401297114623,8.521469938522248,1.057681315504344,1.057681315504344
SB86415_component_1391a,61.987086,9.0675,8.862000465393066,21.614635467529297,61.986474941719614,9.068410359925428,4.881214950019967,1.8155316977706168,1.8155316977706168
SB86415_component_1392a,62.784749,5.126653,9.133000373840332,35.81568908691406,62.78454011171759,5.126916711075606,7.574348394427542,1.2057803388816248,1.2057803388816248
SB86415_component_1395a,63.579245,10.195881,9.458000183105469,13.027547836303711,63.57862972889025,10.195657621007037,10.845057196089707,0.8721023791848368,0.8721023791848368
SB86415_component_1396a,64.070524,8.440683,8.73900032043457,42.629268646240234,64.07018530681155,8.440950759362952,8.586034133393184,1.0178156975228485,1.0178156975228485
SB86415_component_1401a,67.570376,2.652013,8.272000312805176,12.533333778381348,67.56986522691615,2.6516306735403123,7.505208993246043,1.1021678836990643,1.1021678836990643
SB86415_component_1403a,68.374073,9.481959,8.71399974822998,13.831746101379395,68.37349909574,9.482137042429914,7.770592353406472,1.1214073975209802,1.1214073975209802
SB86415_component_1407a,65.312754,8.347425,8.822999954223633,42.014286041259766,65.3124511547433,8.347519432788511,8.388079273280782,1.0518498534376324,1.0518498534376324
SB86415_component_1409a,62.907257,5.574616,8.392000198364258,30.5163631439209,62.906770869832776,5.574760473271654,9.168973747731837,0.9152605765111083,0.9152605765111083
SB86415_component_1412a,62.977448,7.427549,8.637999534606934,27.597442626953125,62.97755772968719,7.427588005819916,9.578507414552222,0.9018106016688556,0.9018106016688556
SB86415_component_1413a,65.933423,7.371306,9.14799976348877,41.02241897583008,65.93325254540956,7.371525498746798,8.962684232747447,1.0206763427036987,1.0206763427036987
SB86415_component_1414a,67.22598,6.819657,8.61299991607666,41.21052551269531,67.22559660179081,6.819889706065524,8.512356714315413,1.0118231889403781,1.0118231889403781
SB86415_component_1423a,66.464279,3.135534,7.118000030517578,20.22159194946289,66.46378177573618,3.1353504413172115,7.318708207062404,0.9725760105654785,0.9725760105654785
SB86415_component_1424a,63.777311,8.767925,8.718000411987305,38.57522201538086,63.77708335441713,8.768115415629758,9.381078857215483,0.9293174638737666,0.9293174638737666
SB86415_component_1427a,63.548757,4.572925,7.61299991607666,26.43402862548828,63.5480644945523,4.573083671183336,9.62676775328981,0.7908157868953498,0.7908157868953498
SB86415_component_1428a,68.562388,3.916342,8.609999656677246,14.519392013549805,68.56196710753743,3.916205394047654,7.058242822638243,1.219850304535001,1.219850304535001
SB86415_component_1429a,66.506489,5.782213,7.788000106811523,33.71428680419922,66.5063339334954,5.782456294067923,6.874343099948174,1.1329082638994608,1.1329082638994608
SB86415_component_1431a,63.965611,6.479598,7.941999912261963,36.26483917236328,63.96535713564077,6.479843965773425,7.922903390590148,1.0024102933899832,1.0024102933899832
SB86415_component_1432a,68.990638,6.890109,7.301000118255615,11.87154483795166,68.99034284057622,6.8901649925961905,9.75760692361323,0.7482367526598483,0.7482367526598483
SB86415_component_1446a,64.942721,7.481055,8.121999740600586,43.90270233154297,64.94246938136516,7.481259594794428,7.942086856118906,1.022653099587178,1.022653099587178
SB86415_component_1448a,65.273457,4.821422,8.114999771118164,39.97536849975586,65.27289694375027,4.8216493677518315,6.520936112839912,1.2444531936357257,1.2444531936357257
SB86415_component_1451a,66.838267,4.287253,7.800000190734863,28.46715545654297,66.83787498383764,4.28754238846053,9.179907714238064,0.8496817651703665,0.8496817651703665
SB86415_component_1452a,66.083861,4.777313,7.636000156402588,34.55203628540039,66.08322612442929,4.777489758821191,9.110749146928262,0.8381308752175562,0.8381308752175562
SB86415_component_1454a,64.269799,3.564096,7.261000156402588,33.155250549316406,64.26934510032324,3.564349118955204,5.232683177961701,1.3876246486665722,1.3876246486665722
SB86415_component_1457a,66.902177,4.54464,8.645000457763672,28.720932006835938,66.90190651562447,4.544940159205565,6.101632682716376,1.416833970070289,1.416833970070289
SB86415_component_1462a,65.35628,8.026795,8.041000366210938,38.1090087890625,65.3558878872029,8.026887726489086,7.906903111422439,1.0169595166272847,1.0169595166272847
SB86415_component_1467a,62.448544,5.984686,7.535999774932861,30.510120391845703,62.448165386963126,5.9847828223701,6.645361682877657,1.1340240207466825,1.1340240207466825
SB86415_component_1469a,63.376552,8.329112,8.14900016784668,34.82478713989258,63.37611554123925,8.329171193152838,6.376771416872398,1.2779194415351183,1.2779194415351183
SB86415_component_1471a,66.499583,5.608342,8.222000122070312,33.02008056640625,66.49929330040125,5.608722952883798,5.936278398893145,1.3850428786499223,1.3850428786499223
SB86415_component_1472a,65.705033,8.378127,7.78000020980835,34.88789367675781,65.70464422978912,8.378180254149003,12.429518066680187,0.625929353662086,0.625929353662086
SB86415_component_1473a,62.624534,4.660439,8.701000213623047,32.588016510009766,62.62412480371973,4.660541529084086,7.511170574899371,1.1584080173468323,1.1584080173468323
SB86415_component_1474a,65.416283,4.108481,8.645999908447266,44.338462829589844,65.41589153171557,4.108764672992775,6.840833622582778,1.2638810392793827,1.2638810392793827
SB86415_component_1476a,64.869303,6.805433,8.413999557495117,44.75531768798828,64.86897213532603,6.805709121112924,7.222655548895455,1.1649454276940912,1.1649454276940912
SB86415_component_1477a,67.909926,4.808194,7.591000080108643,26.08591079711914,67.90931461999281,4.808248556913468,7.267824451641685,1.0444666255517436,1.0444666255517436
SB86415_component_1479a,64.753198,6.404795,8.204000473022461,38.698116302490234,64.75285792417715,6.405012486899753,7.883251320952479,1.040687419316124,1.040687419316124
SB86415_component_1484a,66.790574,5.274618,7.718999862670898,27.666664123535156,66.79024547553895,5.274835989821918,5.204516948350535,1.4831347345534684,1.4831347345534684
SB86415_component_1488a,63.210339,4.830881,7.8429999351501465,28.314077377319336,63.20997590688875,4.831081612319127,7.539354006745233,1.0402747938527956,1.0402747938527956
SB86415_component_1489a,63.787111,7.866695,7.565000057220459,32.74891662597656,63.78689614470884,7.866848536481853,8.14542183398102,0.9287425760641197,0.9287425760641197
SB86415_component_1491a,63.885038,8.60487,7.894999980926514,38.32524108886719,63.88452626275793,8.605080638405292,8.135631659870898,0.9704224958792932,0.9704224958792932
SB86415_component_1495a,65.056211,7.26606,7.557000160217285,36.68446731567383,65.05602839570493,7.2662889671355355,7.920188835659054,0.954143937350763,0.954143937350763
SB86415_component_1496a,67.644914,4.652668,8.057000160217285,27.404762268066406,67.64427711730865,4.652909804792004,7.8487215019026335,1.0265366350767016,1.0265366350767016
SB86415_component_1499a,65.370493,8.463492,7.546000003814697,32.666664123535156,65.37023245216423,8.463590004260789,5.18984973635685,1.4539920011464162,1.4539920011464162
SB86415_component_1505a,61.466221,7.423309,8.050999641418457,16.297571182250977,61.46607625633736,7.423287452984607,7.577488640404475,1.06248917332441,1.06248917332441
SB86415_component_1513a,62.288232,5.50341,7.914999961853027,32.43852233886719,62.28788912489373,5.503664181459988,8.987212983474336,0.8806957147234753,0.8806957147234753
SB86415_component_1516a,64.915208,3.624048,7.843999862670898,35.981651306152344,64.91494540362244,3.6243088356938293,7.189855603852337,1.0909815571912278,1.0909815571912278
SB86415_component_1519a,63.433198,9.686849,7.624000072479248,21.060773849487305,63.43291217443893,9.686792294701439,11.790488567234796,0.6466229138007037,0.6466229138007037
SB86415_component_1522a,64.934179,9.597268,7.520999908447266,25.93448257446289,64.93365210828875,9.597349125154738,5.215398845783164,1.4420756936985293,1.4420756936985293
SB86415_component_1523a,63.948744,7.842329,7.324999809265137,34.55188751220703,63.94843031102195,7.8423788143058335,7.584442328166469,0.9657928022027623,0.9657928022027623
SB86415_component_1526a,62.551134,8.383082,7.827000141143799,32.88655471801758,62.55065930261422,8.383315112232818,7.420262010899718,1.054814524021742,1.054814524021742
SB86415_component_1527a,67.005192,6.218062,7.3470001220703125,32.365638732910156,67.00472582542395,6.218446145328526,6.540266747495225,1.123348695966269,1.123348695966269
SB86415_component_1531a,62.852005,5.414256,7.198999881744385,29.02822494506836,62.851615992295415,5.4147296642857246,7.34593256328144,0.9799980900625883,0.9799980900625883
SB86415_component_1532a,62.801861,7.618321,7.8379998207092285,27.79432487487793,62.80152587713458,7.618463372523929,8.781251507845626,0.8925834562085316,0.8925834562085316
SB86415_component_1533a,65.300935,8.775719,6.86899995803833,34.004947662353516,65.300580057376,8.775954822190466,7.439640588015527,0.9232972852349295,0.9232972852349295
SB86415_component_1538a,67.577457,8.524382,7.828000068664551,32.34710693359375,67.57700890392624,8.524409875245365,6.8901364835325865,1.1361168370718717,1.1361168370718717
SB86415_component_1539a,66.001052,5.499088,7.364999771118164,37.19696807861328,66.00067493720151,5.499282396947409,6.840596817281243,1.0766604095876742,1.0766604095876742
SB86415_component_1548a,66.112583,4.226854,7.197999954223633,34.605770111083984,66.11206578032514,4.226949150194986,4.251188305728448,1.693173634422257,1.693173634422257
SB86415_component_1549a,63.530523,6.251854,7.541999816894531,27.326086044311523,63.530316893713156,6.252146961853968,4.5693301590443935,1.650570117365261,1.650570117365261
SB86415_component_1551a,67.131006,5.412769,7.193999767303467,29.850622177124023,67.13001348651719,5.412985555596333,6.920908802877331,1.0394588300762755,1.0394588300762755
SB86415_component_1555a,68.021818,6.325277,7.376999855041504,27.629213333129883,68.02154556677156,6.32552209335951,7.8836992871001,0.9357282141788823,0.9357282141788823
SB86415_component_1556a,63.035262,3.67159,7.51800012588501,21.48000144958496,63.03478674101258,3.671798255442897,6.50421284898458,1.1558662516800475,1.1558662516800475
SB86415_component_1558a,63.423142,4.506918,6.928999900817871,23.975778579711914,63.42261979946433,4.5071461071741155,6.433341257022957,1.0770452901521161,1.0770452901521161
SB86415_component_1560a,64.320441,9.601289,7.879000186920166,25.41613006591797,64.31995555224627,9.6014945016885,6.688614355062072,1.1779719637980306,1.1779719637980306
SB86415_component_1562a,62.980648,10.1085,8.187000274658203,10.591203689575195,62.98018380685351,10.108214152487161,9.564367961811568,0.855989680378997,0.855989680378997
SB86415_component_1564a,67.921543,9.794936,7.603000164031982,10.939568519592285,67.9209869691104,9.795083667912412,7.410117716553966,1.0260296063916938,1.0260296063916938
SB86415_component_1566a,66.28751,3.574844,7.614999771118164,34.147979736328125,66.28704954316964,3.575116649508974,7.077412495106905,1.075958166403743,1.075958166403743
SB86415_component_1568a,67.643368,9.909375,7.348999977111816,11.237003326416016,67.64312293385377,9.90937406982321,6.943880845955362,1.0583418898082657,1.0583418898082657
SB86415_component_1570a,62.960113,9.50995,7.5970001220703125,22.543025970458984,62.959953894270384,9.510047270517868,6.129305931585135,1.2394552020844567,1.2394552020844567
SB86415_component_1573a,64.420747,6.080758,7.715000152587891,34.75225067138672,64.42042384590128,6.0810033942787145,7.310049338788915,1.0553964542551315,1.0553964542551315
SB86415_component_1575a,63.325421,8.675076,7.2789998054504395,35.85714340209961,63.32500479171276,8.675472126381695,7.295943621485502,0.997677638847816,0.997677638847816
SB86415_component_1576a,63.580763,5.627967,7.632999897003174,16.77582359313965,63.58024338083766,5.628034270368316,4.053663343355829,1.882988114815718,1.882988114815718
SB86415_component_1580a,66.155717,5.124131,7.517000198364258,35.79523849487305,66.1553005694203,5.124432101692331,7.255847973160637,1.0359919648495424,1.0359919648495424
SB86415_component_1585a,63.712421,7.037271,7.666999816894531,36.684207916259766,63.711978438066,7.037503049299355,6.158082320707706,1.2450304197968916,1.2450304197968916
SB86415_component_1588a,63.557762,9.605407,6.610000133514404,19.909639358520508,63.557324442869685,9.605344348046385,6.357610587898467,1.0396988054122651,1.0396988054122651
SB86415_component_1589a,62.530676,6.754119,7.5980000495910645,26.56643295288086,62.530536412611305,6.754206493845487,9.433239250354664,0.805449734491299,0.805449734491299
SB86415_component_1590a,65.904305,8.737762,7.171000003814697,34.642513275146484,65.9039528570078,8.738093512352034,6.4781523681023145,1.1069514263239448,1.1069514263239448
SB86415_component_1594a,65.656027,7.233617,7.577000141143799,43.29714584350586,65.6556663775865,7.233838599589905,6.177998565556295,1.226448996506287,1.226448996506287
SB86415_component_1596a,68.012294,7.805971,7.051000118255615,25.639999389648438,68.0119253992398,7.806164426581002,6.117309765661201,1.1526308767026276,1.1526308767026276
SB86415_component_1598a,63.728189,5.502603,7.3379998207092285,20.32686996459961,63.727840115215464,5.502594663612353,7.698004799925253,0.9532339887317919,0.9532339887317919
SB86415_component_1600a,65.949276,5.283697,7.117000102996826,37.26177978515625,65.94891466634452,5.284037863744015,6.27515920586924,1.1341545081980073,1.1341545081980073
SB86415_component_1604a,66.608965,9.984933,6.840000152587891,11.73241901397705,66.60867248705996,9.984864958434907,6.615072953345778,1.0340022250439957,1.0340022250439957
SB86415_component_1606a,67.390176,2.799509,7.515999794006348,14.53771686553955,67.39025666169863,2.799506920311208,7.170482481495935,1.0481860618726913,1.0481860618726913
SB86415_component_1608a,65.852568,3.545989,7.565999984741211,36.20095443725586,65.85219131112305,3.5459346358166424,6.2519340740039535,1.2101855034270514,1.2101855034270514
SB86415_component_1609a,61.749886,8.016276,7.335999965667725,17.46666717529297,61.749184706163796,8.016733107792415,6.586641184094166,1.113769485938168,1.113769485938168
SB86415_component_1611a,66.782214,4.318223,7.485000133514404,28.678159713745117,66.78137216911405,4.318598584711343,6.898387843352316,1.0850361422817625,1.0850361422817625
SB86415_component_1613a,67.277457,8.404064,7.664000034332275,27.56834602355957,67.27692844875038,8.404323341776205,7.051835189888891,1.086809295447109,1.086809295447109
SB86415_component_1614a,66.538407,3.82881,7.415999889373779,30.0242919921875,66.53794024166898,3.828984095529963,6.493577062261788,1.1420515716172468,1.1420515716172468
SB86415_component_1616a,66.854763,4.565779,6.954999923706055,23.2608699798584,66.85441551598491,4.5659730853113745,6.357276865121502,1.0940218699399258,1.0940218699399258
SB86415_component_1621a,67.781208,3.950703,7.3420000076293945,24.311260223388672,67.78073671162971,3.951117758820423,6.4039739243822345,1.1464756250296018,1.1464756250296018
SB86415_component_1622a,67.85354,6.368916,7.1579999923706055,29.09756088256836,67.85301535442173,6.36902292513118,6.974205158947426,1.0263535168860616,1.0263535168860616
SB86415_component_1624a,64.819009,10.153187,7.294000148773193,12.279461860656738,64.81868539870266,10.153023345184234,8.837499555950249,0.8253465929582057,0.8253465929582057
SB86415_component_1625a,63.13436,6.331431,7.132999897003174,28.41832733154297,63.133941151829276,6.3317183790435845,7.913221318431331,0.901402805503382,0.901402805503382
SB86415_component_1628a,61.502348,7.22258,7.078000068664551,13.507634162902832,61.50203472261883,7.2224591411359285,7.813961542905029,0.9058145512747344,0.9058145512747344
SB86415_component_1630a,67.007001,9.492565,7.5970001220703125,16.302576065063477,67.00677054776524,9.492703976422842,8.459004420927739,0.8980962467965129,0.8980962467965129
SB86415_component_1634a,63.287658,6.458146,7.465000152587891,28.492366790771484,63.28742479505849,6.458228121623682,5.953734731069088,1.253834859929581,1.253834859929581
SB86415_component_1639a,64.92531,9.009726,7.409999847412109,32.64317321777344,64.92511320473633,9.009889955382024,7.908547909227235,0.9369608596246286,0.9369608596246286
SB86415_component_1640a,61.631323,8.296459,7.119999885559082,14.74120044708252,61.63093185899886,8.29659990337871,5.947679187727458,1.1971055702282345,1.1971055702282345
SB86415_component_1644a,62.351557,6.123023,6.636000156402588,27.19672203063965,62.35113198393243,6.123356586776534,5.814710066358569,1.141243515269257,1.141243515269257
SB86415_component_1647a,62.315441,9.408184,6.704999923706055,17.69129180908203,62.31492538365713,9.40867636036563,5.911080919242306,1.1343102920278605,1.1343102920278605
SB86415_component_1649a,66.602791,6.913958,6.934999942779541,32.25581359863281,66.60246548747493,6.91410965269416,5.467669630589839,1.2683648448656197,1.2683648448656197
SB86415_component_1650a,62.117076,8.326411,7.245999813079834,24.3154354095459,62.11653789389104,8.326597244574618,6.595247497345497,1.0986698855495955,1.0986698855495955
SB86415_component_1655a,62.815321,8.279716,6.14300012588501,27.7963809967041,62.81502621396723,8.280013177441663,4.1690410256313095,1.4734803730924637,1.4734803730924637
SB86415_component_1659a,63.078144,4.428403,6.591000080108643,21.68092155456543,63.07744669672363,4.428474566664751,5.663461558502974,1.1637759013677926,1.1637759013677926
SB86415_component_1662a,61.955521,7.351634,7.4120001792907715,22.392749786376953,61.95520069689587,7.351876822422619,5.585140768298075,1.3270928140902318,1.3270928140902318
SB86415_component_1664a,62.347058,6.922484,6.954999923706055,25.855018615722656,62.346664879183905,6.922749601595105,5.656164642767697,1.2296318022848087,1.2296318022848087
SB86415_component_1668a,65.595361,3.447861,7.000999927520752,33.02358627319336,65.59477545461105,3.44803324215718,7.690417797827715,0.9103536519821198,0.9103536519821198
SB86415_component_1670a,66.029245,6.373904,6.823999881744385,36.68817138671875,66.02894914215386,6.374036030449654,6.798867433785082,1.0036965639062785,1.0036965639062785
SB86415_component_1672a,65.334398,10.035888,6.413000106811523,11.617753982543945,65.33405554406755,10.035911509292982,6.26987332081267,1.022827699807546,1.022827699807546
SB86415_component_1676a,66.21791,3.270907,6.15500020980835,23.949417114257812,66.21741796571374,3.270960098705843,5.720688810499237,1.0759194239882472,1.0759194239882472
SB86415_component_1677a,68.021196,4.978397,6.828000068664551,20.628398895263672,68.02066898488656,4.978755557466141,4.598021435192379,1.4849865675710732,1.4849865675710732
SB86415_component_1678a,62.94044,7.825652,7.247000217437744,25.790037155151367,62.93996135608439,7.825814274896568,7.007779963622928,1.0341363820006617,1.0341363820006617
SB86415_component_1679a,62.329964,4.852,6.6479997634887695,21.445159912109375,62.32970337400066,4.852196787396998,7.005469681732767,0.9489727406606121,0.9489727406606121
SB86415_component_1681a,66.801267,9.163167,6.427999973297119,19.017751693725586,66.80100555917981,9.16328956682151,6.556948224385331,0.9803341056425224,0.9803341056425224
SB86415_component_1683a,66.043712,7.372687,6.24399995803833,28.12612533569336,66.04342133564968,7.372815545332074,5.915207682267921,1.0555842319376263,1.0555842319376263
SB86415_component_1688a,64.683061,4.359829,6.840000152587891,32.11267852783203,64.68263805330321,4.359953288469853,7.067126929265219,0.9678615116226669,0.9678615116226669
SB86415_component_1689a,63.964511,3.636807,6.326000213623047,28.49549674987793,63.96408777927526,3.6370873497479095,5.982710751339224,1.0573802539604606,1.0573802539604606
SB86415_component_1690a,61.781992,7.104264,6.599999904632568,16.541353225708008,61.78153411581619,7.104530720374881,6.516496343941541,1.0128141805479047,1.0128141805479047
SB86415_component_1701a,62.37933,3.735196,5.6570000648498535,11.428282737731934,62.379127133100766,3.735242585078193,8.050026621977283,0.7027306033256765,0.7027306033256765
SB86415_component_1703a,65.451917,6.491949,5.959000110626221,25.03781509399414,65.45168836420274,6.492323554221782,7.161028755652945,0.8321430221771086,0.8321430221771086
SB86415_component_1706a,64.55087,6.095861,6.241000175476074,29.163551330566406,64.55043567006324,6.095858187180304,6.540219247978977,0.9542493819919927,0.9542493819919927
SB86415_component_1708a,67.498729,3.220908,6.642000198364258,20.563467025756836,67.49791149798051,3.220991415690529,5.752172489111511,1.1546941978769123,1.1546941978769123
SB86415_component_1712a,63.968102,8.208403,6.434999942779541,30.9375,63.96776171009021,8.208418181373949,5.30320293311065,1.213417631560447,1.213417631560447
SB86415_component_1715a,68.065036,8.786901,6.840000152587891,20.85365867614746,68.06467115004068,8.78753803887371,6.478600080129989,1.0557836674571601,1.0557836674571601
SB86415_component_1716a,67.800052,6.164473,6.211999893188477,24.171205520629883,67.79935843058779,6.164702187142514,5.265783273962459,1.1796915235582792,1.1796915235582792
SB86415_component_1719a,66.839619,6.045704,6.9039998054504395,32.261680603027344,66.83946617694426,6.045932517353525,6.0647493355260345,1.138381724205525,1.138381724205525
SB86415_component_1725a,68.538979,3.605181,6.809999942779541,10.365296363830566,68.5389397563042,3.605308599353628,4.166638802089808,1.6344109163875535,1.6344109163875535
SB86415_component_1726a,62.740536,6.626948,6.769000053405762,22.413908004760742,62.74017395264126,6.627110426012426,6.54572480705488,1.0341100875658933,1.0341100875658933
SB86415_component_1727a,64.414679,2.771862,7.10099983215332,16.947494506835938,64.41408719292023,2.7717451813522818,7.002211211696142,1.0141082034618103,1.0141082034618103
SB86415_component_1730a,64.264761,2.777802,6.697999954223633,15.723004341125488,64.26426085302647,2.778040695155663,5.990409535351899,1.1181205416250672,1.1181205416250672
SB86415_component_1733a,67.074729,8.392584,6.2170000076293945,24.868000030517578,67.07432508609594,8.39276629935103,5.400603923546018,1.1511675537848616,1.1511675537848616
SB86415_component_1734a,64.559453,5.496192,6.52400016784668,31.669902801513672,64.55926375800767,5.496339664619817,6.0744844962425395,1.0740006286759305,1.0740006286759305
SB86415_component_1735a,66.571491,5.217847,6.421999931335449,22.376306533813477,66.57113275855943,5.21814836186473,6.872196538002408,0.9344901438459412,0.9344901438459412
SB86415_component_1737a,66.911073,5.500445,5.869999885559082,23.861787796020508,66.91081991175045,5.500776214782674,5.712474505863556,1.0275756818754875,1.0275756818754875
SB86415_component_1738a,66.510708,4.435162,5.88100004196167,20.707746505737305,66.5104286759575,4.43552943908848,5.039140806356407,1.1670640428509829,1.1670640428509829
SB86415_component_1739a,66.213988,5.21355,6.178999900817871,27.95927619934082,66.21329738820687,5.213779852390135,5.05718072793302,1.2218269888375854,1.2218269888375854
SB86415_component_1740a,64.296203,9.063175,6.041999816894531,26.85333251953125,64.29668182611654,9.06350031192821,5.049961820897955,1.1964446526885184,1.1964446526885184
SB86415_component_1742a,67.746707,3.994431,6.186999797821045,21.188356399536133,67.74625426762987,3.9950030894860395,6.7963126306250885,0.9103465561518758,0.9103465561518758
SB86415_component_1744a,65.835613,5.115993,5.918000221252441,27.398147583007812,65.83521978275623,5.11620624413551,7.911084028214519,0.7480643866436211,0.7480643866436211
SB86415_component_1755a,65.374474,6.039147,5.989999771118164,28.254716873168945,65.37401258130774,6.039499313129376,7.41459935259021,0.8078656022089208,0.8078656022089208
SB86415_component_1760a,61.863957,6.36485,6.089000225067139,19.208202362060547,61.86314494268288,6.3650009900780775,6.12800636982297,0.9936347741170906,0.9936347741170906
SB86415_component_1763a,62.9124,7.992491,5.48799991607666,20.477611541748047,62.91194595703105,7.9927671876604665,5.964621670057374,0.9200918716482266,0.9200918716482266
SB86415_component_1764a,67.236423,4.445616,5.52400016784668,22.007970809936523,67.23577959561722,4.445886694895791,7.9595041359028365,0.6940131035210649,0.6940131035210649
SB86415_component_1767a,63.411798,7.71628,6.732999801635742,31.027650833129883,63.41148152574345,7.716528126181531,5.188937646648484,1.2975680688675382,1.2975680688675382
SB86415_component_1768a,64.691519,8.473681,6.4730000495910645,33.19487380981445,64.69108592430081,8.473885658572343,5.468780383604167,1.183627718713596,1.183627718713596
SB86415_component_1769a,62.142179,9.607313,6.13100004196167,10.662609100341797,62.14177862249537,9.60741455082498,5.558415682123849,1.1030121517682245,1.1030121517682245
SB86415_component_1771a,67.703898,9.431043,5.859000205993652,15.178756713867188,67.70346687811016,9.430959584991763,6.521125404090582,0.8984645813310704,0.8984645813310704
SB86415_component_1773a,62.006854,9.163155,6.392000198364258,14.899767875671387,62.00667214189776,9.163354349437583,4.473783749195247,1.4287682545035985,1.4287682545035985
SB86415_component_1775a,64.78983,2.701486,6.5970001220703125,16.05109405517578,64.78904790323101,2.7014932074715787,6.204072601061143,1.063333804466112,1.063333804466112
SB86415_component_1779a,62.00654,5.158939,6.191999912261963,19.289718627929688,62.006016875059444,5.1592106300740115,6.825042786613733,0.9072470467740678,0.9072470467740678
SB86415_component_1781a,62.690939,9.308582,5.857999801635742,18.7756404876709,62.69048722555439,9.308469478849437,5.5061186685194645,1.0639072919238217,1.0639072919238217
SB86415_component_1788a,64.564335,7.472598,6.111000061035156,32.85483932495117,64.56394847169946,7.472907635037184,4.562164066720562,1.3394958996790203,1.3394958996790203
SB86415_component_1791a,63.373217,9.681297,5.382999897003174,14.091622352600098,63.372813008710494,9.681482331362782,7.486360963634273,0.7190409229733404,0.7190409229733404
SB86415_component_1798a,62.944633,8.24683,6.083000183105469,25.885107040405273,62.94422441977425,8.247106416537227,7.791496522725571,0.7807229542313333,0.7807229542313333
SB86415_component_1799a,62.988566,8.496737,5.820000171661377,25.194805145263672,62.98802379920225,8.49698359357796,6.912064766283347,0.8420060240249776,0.8420060240249776
SB86415_component_1801a,66.977261,8.277064,6.186999797821045,24.073928833007812,66.97670951295072,8.277237054973957,4.951739664889634,1.2494598295807102,1.2494598295807102
SB86415_component_1810a,66.677827,8.112375,6.224999904632568,25.100807189941406,66.67730206192796,8.112554272080597,6.502874121169114,0.9572690149987728,0.9572690149987728
SB86415_component_1815a,66.261917,7.908802,6.388000011444092,27.77391242980957,66.26165108229057,7.909127048930264,6.257726912029949,1.0208179585407768,1.0208179585407768
SB86415_component_1818a,65.696726,4.389105,5.64900016784668,31.7359561920166,65.69626735746212,4.389337368458698,5.301653347448396,1.0655166978364317,1.0655166978364317
SB86415_component_1819a,67.659919,6.227683,6.591000080108643,31.236967086791992,67.65943659674056,6.228046909753223,5.406369887946303,1.2191174885764875,1.2191174885764875
SB86415_component_1821a,65.839831,6.008023,5.84499979019165,31.939889907836914,65.83955055121984,6.008308175793764,5.7268692769957035,1.0206274156929802,1.0206274156929802
SB86415_component_1824a,63.242676,8.820148,5.921000003814697,26.55156898498535,63.242301547974805,8.820293740979562,6.681286730470724,0.8862065411459357,0.8862065411459357
SB86415_component_1825a,66.043622,7.133654,6.434999942779541,31.544118881225586,66.04351962230545,7.13381285833544,5.368625749945184,1.1986307562685377,1.1986307562685377
SB86415_component_1827a,65.121724,7.73889,5.192999839782715,23.49773597717285,65.12160670843984,7.739053897631246,5.629204700675012,0.9225103928375548,0.9225103928375548
SB86415_component_1833a,68.6348,7.055505,6.5229997634887695,16.682863235473633,68.634508835544,7.055460586769291,5.599667301435888,1.1648905930207885,1.1648905930207885
SB86415_component_1838a,62.140712,9.317026,5.619999885559082,13.740830421447754,62.14040092518867,9.31701189237868,4.899983192479567,1.1469426862901464,1.1469426862901464
SB86415_component_1839a,61.707833,6.751154,6.505000114440918,14.487751007080078,61.70726771843509,6.751434939839755,5.324311979264853,1.2217541233072309,1.2217541233072309
SB86415_component_1842a,67.669665,9.492478,5.684999942779541,15.66115665435791,67.66915905633047,9.492568525926432,5.15800448087874,1.1021704156819614,1.1021704156819614
SB86415_component_1843a,65.38445,7.428726,6.2210001945495605,31.419193267822266,65.38409142857121,7.429050332577277,6.018778435445125,1.0335984720609641,1.0335984720609641
SB86415_component_1845a,66.038161,9.124118,5.901000022888184,29.21286964416504,66.03802541147664,9.124355437889259,5.733047069667709,1.0292955824676684,1.0292955824676684
SB86415_component_1846a,67.798812,6.346936,5.593999862670898,23.504199981689453,67.79799736442412,6.346998498934744,3.1393989426295885,1.781869703372364,1.781869703372364
SB86415_component_1848a,65.606742,3.996693,6.359000205993652,32.778350830078125,65.60607695267468,3.9968986327041875,5.55176549754221,1.1454014419032663,1.1454014419032663
SB86415_component_1850a,65.83934,9.28069,5.2769999504089355,23.349557876586914,65.83887251105133,9.280711986267711,5.458185019931833,0.9668048868147089,0.9668048868147089
SB86415_component_1853a,66.152817,3.704555,6.372000217437744,28.446428298950195,66.15226470746589,3.7047265831155505,6.0043241161163134,1.0612352188541163,1.0612352188541163
SB86415_component_1858a,67.376597,3.576433,5.567999839782715,20.321168899536133,67.37593780835623,3.576781406423995,5.758016229196869,0.966999678040043,0.966999678040043
SB86415_component_1859a,62.464083,8.177304,5.480000019073486,23.319149017333984,62.46394815197263,8.17755734669478,4.561386708034579,1.2013890445685806,1.2013890445685806
SB86415_component_1860a,68.506932,7.218606,6.059000015258789,16.924579620361328,68.5066837828444,7.218965753532268,5.978782810693143,1.013416979192182,1.013416979192182
SB86415_component_1861a,64.939317,8.558975,6.071000099182129,29.1875,64.9390465200704,8.559138505589665,6.150542490341233,0.9870674186408732,0.9870674186408732
SB86415_component_1866a,62.88807,3.511246,5.673999786376953,12.779278755187988,62.887678650949645,3.5112917814882882,5.575006937013643,1.01775654281362,1.01775654281362
SB86415_component_1870a,65.883553,6.588092,5.938000202178955,29.690000534057617,65.88335237924635,6.588424149484247,6.2113463545010195,0.9559924472535676,0.9559924472535676
SB86415_component_1872a,66.789874,8.902433,5.752999782562256,12.425485610961914,66.78914042634128,8.902491666463431,8.730218287855813,0.658975479520939,0.658975479520939
SB86415_component_1873a,67.248211,6.708359,5.861000061035156,27.260465621948242,67.24782344980311,6.7085997715895225,4.205108855837823,1.3937808180395879,1.3937808180395879
SB86415_component_1878a,63.559822,7.967868,5.535999774932861,26.11320686340332,63.55938129639315,7.967941234837467,4.186208123553198,1.3224377793796784,1.3224377793796784
SB86415_component_1881a,63.391971,9.25101,5.586999893188477,23.474788665771484,63.391402128005815,9.251272465275719,4.968573046537909,1.1244676974370913,1.1244676974370913
SB86415_component_1883a,66.526955,2.764603,5.514999866485596,11.885775566101074,66.52661080262446,2.7645610181468574,4.545503875525641,1.2132868032914925,1.2132868032914925
SB86415_component_1884a,68.671541,6.317316,5.567999839782715,12.26431655883789,68.67094465261289,6.3173737056772055,4.301409537723238,1.2944593605773913,1.2944593605773913
SB86415_component_1885a,62.513365,5.577268,6.046000003814697,22.72932243347168,62.51280914083041,5.57771492706374,6.254906532357398,0.9666011750196423,0.9666011750196423
SB86415_component_1887a,63.332455,3.185619,5.322999954223633,11.422746658325195,63.33221459077158,3.185797600423459,4.852008212809832,1.097071505396535,1.097071505396535
SB86415_component_1889a,68.046768,8.013568,5.558000087738037,20.433822631835938,68.04649986093904,8.01351096131058,7.971228075391511,0.697257691684484,0.697257691684484
SB86415_component_1891a,63.455192,6.461354,5.4070000648498535,22.342975616455078,63.4549758895811,6.461702994654714,4.648889586639267,1.163073453150913,1.163073453150913
SB86415_component_1892a,66.203503,2.574106,6.232999801635742,11.917781829833984,66.20286695289674,2.573760714051279,4.300934592616503,1.4492198538280616,1.4492198538280616
SB86415_component_1897a,66.119437,8.423058,5.425000190734863,23.283262252807617,66.11910876710516,8.42346167429242,5.960538483655168,0.9101526993930424,0.9101526993930424
SB86415_component_1900a,68.663758,6.761053,5.566999912261963,13.678132057189941,68.66325333992599,6.761169797318479,5.402536278051756,1.0304419305573853,1.0304419305573853
SB86415_component_1901a,65.509577,9.42538,5.74399995803833,23.161291122436523,65.50919579858305,9.425623818933406,6.113551418812337,0.9395520810315195,0.9395520810315195
SB86415_component_1907a,67.047512,5.358942,5.817999839782715,23.27199935913086,67.04724839477952,5.359186338344431,4.8166713290961995,1.207888070883675,1.207888070883675
SB86415_component_1911a,65.900242,9.240644,5.811999797821045,23.917694091796875,65.89994970574007,9.240726706796483,4.80181814723231,1.2103748246215837,1.2103748246215837
SB86415_component_1915a,67.68589,8.86713,6.216000080108643,23.280900955200195,67.68530642345081,8.867320933516618,4.914349161349744,1.264867406857472,1.264867406857472
SB86415_component_1916a,62.188134,5.851896,5.84499979019165,21.25454330444336,62.186958986173465,5.85231353690148,5.302516740746657,1.1023067113162204,1.1023067113162204
SB86415_component_1918a,67.673962,4.024633,6.046000003814697,23.253847122192383,67.67369631072857,4.025002545653288,5.300964165756486,1.1405472315529017,1.1405472315529017
SB86415_component_1919a,68.593135,5.137759,6.186999797821045,10.159276962280273,68.59274049477938,5.137768865913433,4.412650037675366,1.402105253078358,1.402105253078358
SB86415_component_1920a,62.149491,5.670667,5.270999908447266,20.509727478027344,62.14892738342612,5.670791498966867,5.735621903408849,0.9189936152023123,0.9189936152023123
SB86415_component_1921a,68.259874,7.233996,5.686999797821045,21.379697799682617,68.25920170109471,7.234111243703555,6.075554067636164,0.9360462822831408,0.9360462822831408
SB86415_component_1923a,65.326441,5.955597,5.651000022888184,24.357759475708008,65.32610574849211,5.955698742904254,6.196990059813894,0.9118943177807668,0.9118943177807668
SB86415_component_1928a,67.373253,6.146954,5.388999938964844,24.2747745513916,67.37258410896095,6.147242020456063,3.2002239386977753,1.6839446370611546,1.6839446370611546
SB86415_component_1930a,65.922828,8.584644,5.670000076293945,25.3125,65.92233238445789,8.584999778017677,5.605433107731777,1.0115186404549381,1.0115186404549381
SB86415_component_1940a,68.046341,9.0309,5.76800012588501,14.420000076293945,68.04604944859209,9.030860270437612,4.331526951266244,1.331632052802728,1.331632052802728
SB86415_component_1943a,67.65469,4.477427,6.079999923706055,22.189781188964844,67.65421080466282,4.477632772173249,6.495141322512027,0.9360843162307954,0.9360843162307954
SB86415_component_1948a,63.641086,4.189229,5.622000217437744,23.721519470214844,63.640808037722174,4.189400670051358,4.53525517475572,1.2396215870566882,1.2396215870566882
SB86415_component_1949a,67.325231,5.231119,5.807000160217285,20.592199325561523,67.32505146623501,5.231749312719637,5.913643790505202,0.9819665109929108,0.9819665109929108
SB86415_component_1951a,64.8471,9.322539,5.199999809265137,21.311473846435547,64.84645610120805,9.322633453535841,5.616142069277092,0.9259024691899361,0.9259024691899361
SB86415_component_1959a,66.975395,9.643088,5.2769999504089355,11.75278377532959,66.97520839801396,9.643252756158194,3.7950207353956036,1.3905062233761014,1.3905062233761014
SB86415_component_1960a,66.053843,8.257786,5.173999786376953,24.291078567504883,66.05355177200109,8.258065130940402,4.177670577310133,1.2384891749191782,1.2384891749191782
SB86415_component_1962a,65.888444,6.774081,5.932000160217285,28.796117782592773,65.8881413029944,6.774558960542835,5.163294658722837,1.1488788752731363,1.1488788752731363
SB86415_component_1963a,65.535907,6.851846,5.876999855041504,28.668292999267578,65.53569074128416,6.852262300691158,6.049961971036775,0.9714110407927686,0.9714110407927686
SB86415_component_1964a,63.704388,4.652147,5.265999794006348,19.010828018188477,63.70386024837342,4.652575664104913,4.841038453997207,1.0877830953105223,1.0877830953105223
SB86415_component_1966a,65.598776,9.76737,5.340000152587891,14.95798397064209,65.59832438140566,9.767486314692682,5.173555970612886,1.0321721042394147,1.0321721042394147
SB86415_component_1977a,63.17644,3.802199,5.015999794006348,17.296550750732422,63.17618868085447,3.8025484157204823,4.668380623495535,1.0744624739382382,1.0744624739382382
SB86415_component_1979a,63.432187,3.06852,4.864999771118164,10.645514488220215,63.43177597859678,3.068839517751339,4.205961850144032,1.1566913691695904,1.1566913691695904
SB86415_component_1982a,67.77288,3.092926,4.952000141143799,11.990315437316895,67.77200979524277,3.093058876243591,5.38188235419909,0.9201241898719906,0.9201241898719906
SB86415_component_1994a,63.779508,9.988788,5.250999927520752,10.501999855041504,63.77897491811956,9.988587254157272,5.049694962528708,1.0398647772758214,1.0398647772758214
SB86415_component_1995a,64.930976,7.89044,5.103000164031982,25.13793182373047,64.93065570962506,7.8907908617748195,4.244038975420047,1.2023923893222308,1.2023923893222308
SB86415_component_1997a,68.609839,8.16342,5.7230000495910645,12.202558517456055,68.6094089248108,8.163552537221118,4.776746287410255,1.198095880594451,1.198095880594451
SB86415_component_1999a,64.714244,6.6037,5.76200008392334,28.38423728942871,64.71439941318475,6.603788338931692,5.633806327018166,1.0227543776736505,1.0227543776736505
SB86415_component_2002a,64.731677,6.259165,5.383999824523926,25.884614944458008,64.73130769833784,6.259490522078672,4.892016267619742,1.1005686673939787,1.1005686673939787
SB86415_component_2005a,64.481384,7.598699,5.2220001220703125,29.670455932617188,64.48115812258743,7.598822933155549,4.972877188078188,1.0500963375064567,1.0500963375064567
SB86415_component_2006a,61.713835,8.110648,5.290999889373779,12.627684593200684,61.71308551809173,8.110734702288395,6.6059772444733245,0.8009412829570859,0.8009412829570859
SB86415_component_2007a,64.089221,2.91904,5.320000171661377,15.97597599029541,64.08908557659731,2.9191883993517576,4.6348713375596216,1.1478204645185455,1.1478204645185455
SB86415_component_2008a,62.469626,6.972376,5.171000003814697,19.73664093017578,62.469223974525676,6.972496332274076,4.244643940538022,1.2182411708152032,1.2182411708152032
SB86415_component_2010a,66.473664,4.371337,4.741000175476074,18.447471618652344,66.47310334229076,4.371707498274491,4.455709522546335,1.0640281085394234,1.0640281085394234
SB86415_component_2013a,62.028657,6.508876,4.738999843597412,15.336569786071777,62.02807809450537,6.509044696253311,4.677957789874943,1.0130488680027403,1.0130488680027403
SB86415_component_2016a,62.108636,4.957732,4.729000091552734,13.434659004211426,62.10834145559552,4.957994128256603,5.067952235536437,0.9331185204140298,0.9331185204140298
SB86415_component_2024a,65.106456,7.476023,5.010000228881836,25.56122589111328,65.10621402655939,7.476499451791287,4.570246928707794,1.0962209060109536,1.0962209060109536
SB86415_component_2025a,66.392366,3.86715,5.4019999504089355,22.13934326171875,66.39169550227746,3.8674121524280274,5.495732548311425,0.9829444760860335,0.9829444760860335
SB86415_component_2027a,68.488861,7.060897,5.119999885559082,15.515151023864746,68.4885475059769,7.060941308166575,5.669843510929864,0.9030231391200061,0.9030231391200061
SB86415_component_2032a,62.118015,9.11296,4.916999816894531,14.854984283447266,62.11755070451371,9.11307702096946,4.7155814224033294,1.0427133743326495,1.0427133743326495
SB86415_component_2033a,63.250434,8.00849,4.96999979019165,19.9598388671875,63.24989855932942,8.008471787804801,4.987502361405867,0.9964907142000263,0.9964907142000263
SB86415_component_2039a,62.25789,8.511131,5.1519999504089355,18.33452033996582,62.25728136408232,8.511224811470429,4.60940056658423,1.1177158235624542,1.1177158235624542
SB86415_component_2041a,67.869178,3.935319,5.383999824523926,17.65245819091797,67.86865717901716,3.935548890848851,4.112340456895288,1.309230079794684,1.309230079794684
SB86415_component_2046a,67.011823,8.943762,4.7779998779296875,15.216559410095215,67.01134011579634,8.94402745861787,4.1075945173258965,1.1632111830357186,1.1632111830357186
SB86415_component_2047a,62.590081,5.700594,5.4679999351501465,16.824615478515625,62.58959063411544,5.701065237921804,4.997451041452118,1.0941577795950355,1.0941577795950355
SB86415_component_2053a,66.859591,9.68002,5.369999885559082,12.971014022827148,66.85888466424002,9.680059674873172,3.9914079609308337,1.3453898819971155,1.3453898819971155
SB86415_component_2057a,62.124912,7.666886,5.203999996185303,16.626197814941406,62.12435522041462,7.66720589238607,4.947910191809976,1.0517571650348907,1.0517571650348907
SB86415_component_2059a,65.66074,7.715985,4.754000186920166,23.07767105102539,65.66079322925117,7.716208455580783,6.1986119081870825,0.7669459319821453,0.7669459319821453
SB86415_component_2060a,65.667075,9.162041,4.998000144958496,21.54310417175293,65.66689900813131,9.162542371239459,5.22211222696872,0.9570840165301628,0.9570840165301628
SB86415_component_2070a,65.347556,7.736505,5.071000099182129,25.87244987487793,65.34723126818078,7.736861115353567,4.338775947862544,1.1687628400540728,1.1687628400540728
SB86415_component_2073a,61.79959,8.156412,4.711999893188477,13.273239135742188,61.798998267938444,8.156443348590182,6.0014676201381585,0.7851412673422044,0.7851412673422044
SB86415_component_2075a,63.758057,7.73876,4.885000228881836,21.0560359954834,63.757869771619525,7.738931666745683,3.3872523477578933,1.4421719220640112,1.4421719220640112
SB86415_component_2079a,66.286921,8.030401,5.206999778747559,19.00364875793457,66.28679536011386,8.030549482444835,3.4956378429991948,1.4895707200263189,1.4895707200263189
SB86415_component_2082a,62.846221,7.992209,4.710000038146973,19.06882667541504,62.84583828902944,7.992489414799484,5.172568259574665,0.9105728144676569,0.9105728144676569
SB86415_component_2086a,63.193234,4.579517,5.261000156402588,17.89455795288086,63.19224868486778,4.579612932009192,4.577989481857966,1.1491944612916463,1.1491944612916463
SB86415_component_2090a,66.158143,7.546433,5.170000076293945,23.935184478759766,66.1581983025621,7.546444360759557,4.940853050926353,1.0463780288556912,1.0463780288556912
SB86415_component_2093a,65.196581,4.992,5.076000213623047,23.719627380371094,65.19612224854427,4.992210666684401,2.863768826842796,1.7724895131354432,1.7724895131354432
SB86415_component_2096a,64.72254,8.966281,4.7779998779296875,21.048458099365234,64.72239485527676,8.966530651749693,5.817615741035056,0.8212986368672739,0.8212986368672739
SB86415_component_2100a,67.9843,3.40267,4.375999927520752,11.763440132141113,67.98444378089094,3.4031453794013085,4.395886740905365,0.9954760405450035,0.9954760405450035
SB86415_component_2102a,61.651573,5.859361,5.204999923706055,13.312020301818848,61.650980970705945,5.860200323495771,4.880995543437863,1.066380798217239,1.066380798217239
SB86415_component_2104a,63.172458,3.235482,5.065999984741211,11.619266510009766,63.17214491376816,3.2355085949188176,4.795823096077344,1.0563358746249112,1.0563358746249112
SB86415_component_2110a,62.532715,7.290716,4.4039998054504395,13.467889785766602,62.532314166749,7.290850831026972,4.148911756503961,1.0614831223022747,1.0614831223022747
SB86415_component_2114a,65.596518,9.370367,4.734000205993652,19.807533264160156,65.59609008443361,9.370659125613765,4.71618845737818,1.0037767253739844,1.0037767253739844
SB86415_component_2117a,66.770444,8.178335,4.745999813079834,18.18390655517578,66.77002503252488,8.178395411173613,5.07608349256929,0.9349727639482971,0.9349727639482971
SB86415_component_2121a,66.680701,5.892228,4.500999927520752,18.8326358795166,66.6803831247163,5.892532292007885,4.060764726007794,1.1084118955952813,1.1084118955952813
SB86415_component_2122a,67.701219,5.862481,4.414000034332275,17.72690773010254,67.70056219812196,5.862736307005543,4.552692471062336,0.969536172800686,0.969536172800686
SB86415_component_2124a,62.316004,8.521534,4.815999984741211,16.66436004638672,62.31554082420599,8.521713598866013,5.492949212256598,0.8767603337739063,0.8767603337739063
SB86415_component_2126a,64.664654,3.706045,4.8979997634887695,22.063060760498047,64.66401396851721,3.7064610286857405,5.753045769482915,0.851375073264714,0.851375073264714
SB86415_component_2127a,62.82282,9.041393,4.302999973297119,16.678295135498047,62.82222796676612,9.041702026805835,4.04742366852202,1.0631454292177984,1.0631454292177984
SB86415_component_2128a,62.41417,8.683476,4.833000183105469,17.768381118774414,62.41408173438553,8.68365405551841,5.636732475733556,0.8574116660515292,0.8574116660515292
SB86415_component_2130a,66.569284,9.166733,4.8470001220703125,15.891803741455078,66.56876155856308,9.167203196117248,4.42719425738657,1.0948243605943688,1.0948243605943688
SB86415_component_2131a,67.221416,3.80882,4.8520002365112305,19.564517974853516,67.22099586259394,3.809041209384239,4.692327442573366,1.0340284849878885,1.0340284849878885
SB86415_component_2137a,63.186844,5.080018,4.638999938964844,19.01229476928711,63.18648239713108,5.08014473916189,4.403239808198921,1.0535424235416233,1.0535424235416233
SB86415_component_2140a,66.764365,6.741966,4.965000152587891,22.165178298950195,66.76362091122276,6.741974262357294,5.118823505496025,0.9699494712519436,0.9699494712519436
SB86415_component_2144a,65.55481,3.449157,5.125,21.901710510253906,65.55425378021752,3.449399048338719,4.741252927046974,1.0809379037266502,1.0809379037266502
SB86415_component_2145a,62.949721,3.863176,4.670000076293945,16.10344886779785,62.94909950598468,3.8633908265013868,4.608858915976258,1.0132660082316136,1.0132660082316136
SB86415_component_2148a,65.956004,6.589173,4.8429999351501465,22.84433937072754,65.95584215495991,6.589083061057822,4.651638805401899,1.0411384326586195,1.0411384326586195
SB86415_component_2149a,64.32985,9.426797,4.567999839782715,17.108613967895508,64.32947682273641,9.426695003695663,4.046936329220984,1.1287550552252035,1.1287550552252035
SB86415_component_2150a,64.00269,5.578543,4.491000175476074,17.611764907836914,64.0024088895561,5.578941146588672,4.209068800388525,1.066981888027472,1.066981888027472
SB86415_component_2156a,66.43832,8.519758,4.395999908447266,10.466667175292969,66.43810527838463,8.519699456137545,6.129764490870627,0.7171564119623934,0.7171564119623934
SB86415_component_2158a,62.26521,5.73546,4.7230000495910645,17.363969802856445,62.26450597613083,5.735850538936965,4.520623999979811,1.0447672820416292,1.0447672820416292
SB86415_component_2159a,64.575757,3.452422,4.909999847412109,22.943923950195312,64.57505754437622,3.452796609509985,7.863025327873769,0.6244415657681489,0.6244415657681489
SB86415_component_2160a,62.676946,5.150864,5.026000022888184,21.8521728515625,62.676657444827924,5.151363161552675,5.685066970215056,0.8840705042210011,0.8840705042210011
SB86415_component_2168a,67.062752,4.076155,4.886000156402588,18.720306396484375,67.06243103117795,4.076590228630711,4.179334455797239,1.1690857020607954,1.1690857020607954
SB86415_component_2169a,64.578371,3.347779,4.75600004196167,19.65289306640625,64.57804925669733,3.347766415302543,4.673889686002709,1.0175678848828769,1.0175678848828769
SB86415_component_2171a,67.431209,4.681798,5.105999946594238,19.714284896850586,67.43060403210984,4.682136115394216,4.673824672210087,1.0924671558507115,1.0924671558507115
SB86415_component_2173a,64.349287,5.315561,4.447999954223633,22.810256958007812,64.34896138635821,5.315629628676725,4.13298415611687,1.0762199384772708,1.0762199384772708
SB86415_component_2182a,64.990345,6.563543,5.047999858856201,24.153108596801758,64.98990426030035,6.563775704755199,3.8387401405841155,1.3150147376446484,1.3150147376446484
SB86415_component_2185a,67.198862,3.304454,4.808000087738037,16.929576873779297,67.19848614720058,3.3041814666493563,4.637596042859181,1.0367440465499875,1.0367440465499875
SB86415_component_2191a,65.778001,6.848422,4.144000053405762,20.616914749145508,65.77781860760875,6.848561818819284,4.358312694350523,0.9508266946466314,0.9508266946466314
SB86415_component_2193a,65.574925,3.190536,4.193999767303467,17.474998474121094,65.57445803486335,3.1906840502166403,4.224891698045585,0.9926881129860894,0.9926881129860894
SB86415_component_2194a,64.925287,9.909539,4.359000205993652,10.979848861694336,64.92537789684957,9.90965469876579,4.926955548310263,0.8847248900974162,0.8847248900974162
SB86415_component_2198a,66.923231,8.492543,4.526000022888184,16.458181381225586,66.92307804998967,8.492840944320392,2.9879814497093826,1.5147349804759973,1.5147349804759973
SB86415_component_2209a,62.690937,8.32902,4.070000171661377,17.172996520996094,62.69042374659713,8.329248533817475,4.540684929930886,0.8963405817552126,0.8963405817552126
SB86415_component_2215a,66.395271,7.078127,4.267000198364258,18.880531311035156,66.39507653834605,7.07825014770806,3.121647949934675,1.3669062837318189,1.3669062837318189
SB86415_component_2216a,62.454368,8.576562,4.974999904632568,19.28294563293457,62.45385095342672,8.576776419617271,4.850607632957565,1.0256446781697652,1.0256446781697652
SB86415_component_2222a,64.828494,6.082135,4.552000045776367,20.412555694580078,64.82799755622311,6.082163003359575,5.173095140653493,0.8799374304956885,0.8799374304956885
SB86415_component_2224a,63.602152,9.810682,4.813000202178955,10.988585472106934,63.601572277671586,9.810939156410331,3.395653568966585,1.4174002454684203,1.4174002454684203
SB86415_component_2225a,65.619819,4.823432,4.265999794006348,20.91176414489746,65.61935232725327,4.823603774509303,2.3806867314623674,1.7919198429714869,1.7919198429714869
SB86415_component_2231a,65.249402,7.99337,3.8469998836517334,18.061033248901367,65.24883712199673,7.99362773616247,4.347865214855882,0.8848020105377736,0.8848020105377736
SB86415_component_2236a,66.655796,4.348743,4.052999973297119,13.927834510803223,66.65550692712264,4.349207875264512,4.610311687983196,0.8791162610244524,0.8791162610244524
SB86415_component_2238a,67.164229,3.767542,4.1479997634887695,16.93061065673828,67.16363318915985,3.7680052236904196,4.309591821065866,0.9625040922002839,0.9625040922002839
SB86415_component_2243a,65.760052,7.591364,4.473999977111816,19.97321319580078,65.75960633925284,7.59123914479675,5.086973123826176,0.8795013986129907,0.8795013986129907
SB86415_component_2246a,62.457904,7.08277,4.408999919891357,15.309028625488281,62.457569198988494,7.083123812072777,5.006274369066698,0.8806948231072104,0.8806948231072104
SB86415_component_2247a,65.645538,5.945808,4.551000118255615,18.651639938354492,65.64513449784427,5.945858166181707,4.969161331423143,0.9158487347707489,0.9158487347707489
SB86415_component_2255a,63.646069,7.867903,4.604000091552734,19.42616081237793,63.645860902807435,7.86793284131929,5.12220566310039,0.8988315570222548,0.8988315570222548
SB86415_component_2256a,64.21325,3.361551,4.613999843597412,19.305438995361328,64.21287413261774,3.3614152559321453,3.8483604432023584,1.198952102251092,1.198952102251092
SB86415_component_2257a,64.336759,8.488982,4.499000072479248,23.43229103088379,64.336329958448,8.489225985104394,3.6130398112704087,1.2452118735158137,1.2452118735158137
SB86415_component_2260a,67.75415,8.096531,4.205999851226807,18.366811752319336,67.75352113076254,8.096423758375263,3.683493457753275,1.1418507727694542,1.1418507727694542
SB86415_component_2261a,66.983683,3.286081,4.835000038146973,15.156739234924316,66.98360103208124,3.2862030819143215,3.9107905201974424,1.2363229411487042,1.2363229411487042
SB86415_component_2265a,63.102245,6.691205,4.51200008392334,15.191920280456543,63.1020374166724,6.691330170871628,4.262970273599069,1.0584169708774498,1.0584169708774498
SB86415_component_2266a,63.392232,4.098351,4.38100004196167,16.469924926757812,63.39182828957343,4.098268696286586,4.64136943493234,0.9439024631370535,0.9439024631370535
SB86415_component_2268a,65.559182,6.050111,4.2729997634887695,20.061031341552734,65.55898272775363,6.050302759161995,4.839422864787465,0.8829564770171059,0.8829564770171059
SB86415_component_2278a,63.614138,4.166761,4.758999824523926,19.2672061920166,63.61355824403671,4.167108258071776,4.751749350521242,1.001525853631545,1.001525853631545
SB86415_component_2282a,65.003883,9.134591,4.038000106811523,18.957746505737305,65.0032029690346,9.134718234541808,4.67385520032881,0.8639549009835492,0.8639549009835492
SB86415_component_2283a,67.28655,5.207519,4.520999908447266,16.68265724182129,67.28636945046264,5.207989898504479,3.790803985517453,1.192622970145511,1.192622970145511
SB86415_component_2284a,66.416974,8.809892,3.927000045776367,14.931558609008789,66.41646317613002,8.809977597881137,3.889881245033923,1.0095423994729487,1.0095423994729487
SB86415_component_2286a,63.569021,3.652981,4.215000152587891,16.792829513549805,63.568614773254964,3.653254410710819,2.5239467744262165,1.6700035814131267,1.6700035814131267
SB86415_component_2293a,64.962782,6.522574,4.2170000076293945,20.47087287902832,64.96269093163514,6.522668660775393,4.504910034874916,0.9360897276490193,0.9360897276490193
SB86415_component_2295a,63.303867,4.090702,4.676000118255615,16.700000762939453,63.30351145389495,4.09085772754521,3.3969940969041788,1.3765111109604364,1.3765111109604364
SB86415_component_2299a,63.857669,4.118827,4.291999816894531,17.09960174560547,63.85714775614083,4.118968761546647,4.032189319303214,1.0644341019275887,1.0644341019275887
SB86415_component_2301a,63.072686,6.08748,4.031000137329102,16.254032135009766,63.072400310084355,6.087846697481401,4.323704431598445,0.9323024274901389,0.9323024274901389
SB86415_component_2306a,67.438081,6.371468,3.9739999771118164,16.982906341552734,67.43751763255757,6.3715459698112324,3.93441218444991,1.0100619332205127,1.0100619332205127
SB86415_component_2307a,66.786509,4.267237,4.3379998207092285,16.494295120239258,66.78607061271232,4.26787801106143,4.208056905348007,1.030879552792187,1.030879552792187
SB86415_component_2310a,65.772202,5.781464,4.114999771118164,18.452913284301758,65.77208498573683,5.78112089598223,4.150561892123705,0.9914319742893063,0.9914319742893063
SB86415_component_2311a,64.392053,9.204805,3.885999917984009,16.678112030029297,64.39167625731226,9.20478119151413,3.647669103918031,1.0653378382951408,1.0653378382951408
SB86415_component_2316a,66.72267,8.723998,3.5199999809265137,12.096219062805176,66.72245854004774,8.724280593905444,3.2969993652018847,1.0676374457569766,1.0676374457569766
SB86415_component_2320a,61.826033,7.457284,4.46999979019165,11.732282638549805,61.825578333960735,7.4573599454976,4.765197089464434,0.938051397721734,0.938051397721734
SB86415_component_2323a,67.587622,3.75459,4.445000171661377,16.34191131591797,67.5871316081364,3.7546652772000884,3.1399302425508906,1.4156365996367624,1.4156365996367624
SB86415_component_2324a,66.853943,4.904266,4.2129998207092285,12.728096008300781,66.85344604452806,4.904241679190432,4.90331957448141,0.8592137952082816,0.8592137952082816
SB86415_component_2326a,65.087181,8.848594,4.48799991607666,21.786407470703125,65.0867915446914,8.848761757793158,3.8400427882194568,1.1687369551831601,1.1687369551831601
SB86415_component_2327a,65.021565,8.949977,3.947000026702881,18.105504989624023,65.02096636748679,8.950199951553508,3.700857185365341,1.066509683840513,1.066509683840513
SB86415_component_2328a,64.478437,2.876889,4.304999828338623,14.02280044555664,64.47780207316251,2.8766920145965345,3.323143812587829,1.2954599834143783,1.2954599834143783
SB86415_component_2331a,64.134013,4.164899,4.6579999923706055,18.557769775390625,64.13338138724994,4.165272686771662,3.899425323572554,1.1945349906337133,1.1945349906337133
SB86415_component_2333a,67.516263,7.200631,4.39300012588501,19.183406829833984,67.515448431505,7.201135263472028,3.7323553287844833,1.1770047969456539,1.1770047969456539
SB86415_component_2336a,65.151534,2.901219,4.519000053405762,14.255520820617676,65.15148380020564,2.9011354505130202,3.779490510845598,1.1956638177654033,1.1956638177654033
SB86415_component_2342a,62.883493,4.901726,3.809999942779541,15.425101280212402,62.883000387363026,4.901837443601892,4.157806259490454,0.9163485994767017,0.9163485994767017
SB86415_component_2343a,64.427599,8.3872,4.072000026702881,19.11737060546875,64.42715685757453,8.387322599031453,3.3573043442128943,1.212877835672519,1.212877835672519
SB86415_component_2345a,68.301623,8.492648,4.526000022888184,12.434065818786621,68.301095972764,8.492347834696515,4.0790913273545994,1.1095608457051676,1.1095608457051676
SB86415_component_2360a,65.888949,8.63918,3.9149999618530273,18.554502487182617,65.88847086141054,8.639198730861782,3.1585547883678444,1.2394909140949457,1.2394909140949457
SB86415_component_2361a,66.349275,7.1804,4.079999923706055,17.36170196533203,66.34910736230005,7.1805500348559335,3.473451744829736,1.1746240407050914,1.1746240407050914
SB86415_component_2367a,67.180534,7.355555,4.265999794006348,21.01477813720703,67.18017092664635,7.3557862740623206,3.5698135385940817,1.195020341506814,1.195020341506814
SB86415_component_2378a,63.29643,7.794217,3.9509999752044678,16.531381607055664,63.29590903106161,7.79430321353531,3.9920748108129507,0.9897109053424481,0.9897109053424481
SB86415_component_2384a,66.374182,8.063039,4.111000061035156,16.57661247253418,66.37403307562707,8.063289511340322,8.483140640219089,0.48460826424881526,0.48460826424881526
SB86415_component_2385a,68.058686,5.071011,4.073999881744385,11.010809898376465,68.05820996502747,5.071818780911403,4.178310938626878,0.9750351138499106,0.9750351138499106
SB86415_component_2388a,65.248969,8.605992,3.9230000972747803,18.770334243774414,65.24878658506401,8.606042762905282,3.396430569367016,1.1550361525588022,1.1550361525588022
SB86415_component_2390a,67.546682,6.708726,3.760999917984009,16.28138542175293,67.54622541128636,6.709232031764013,3.1167865708049933,1.2066915178643849,1.2066915178643849
SB86415_component_2397a,66.458082,8.385404,4.119999885559082,14.158074378967285,66.45802673997648,8.38567534096977,5.505477965645323,0.7483455407992279,0.7483455407992279
SB86415_component_2398a,64.549532,4.819567,4.172999858856201,18.968181610107422,64.54872454245769,4.820028998420983,3.2389736047644613,1.2883710607328838,1.2883710607328838
SB86415_component_2399a,67.8887,3.767217,3.9600000381469727,12.147238731384277,67.88830766009788,3.7671976480535743,3.5129784895642753,1.1272485868930393,1.1272485868930393
SB86415_component_2402a,65.14655,5.820835,3.950000047683716,19.458127975463867,65.14616380411374,5.8212598601231855,3.3131262848620224,1.192227433566788,1.192227433566788
SB86415_component_2405a,64.57076,3.752599,3.878000020980835,18.46666717529297,64.570295085517,3.7528007778425527,4.014786362722826,0.9659293597756413,0.9659293597756413
SB86415_component_2414a,61.916892,8.150993,4.073999881744385,12.458715438842773,61.9163202695021,8.151078460219281,3.352404710185419,1.2152470342756005,1.2152470342756005
SB86415_component_2419a,66.359335,8.180542,4.129000186920166,15.069344520568848,66.35860206540154,8.180836567565958,5.323646837001243,0.7755961868511155,0.7755961868511155
SB86415_component_2422a,62.742513,8.102586,3.687999963760376,15.302905082702637,62.7423080514934,8.102541346938613,4.614106766267934,0.7992879555198007,0.7992879555198007
SB86415_component_2425a,63.465316,8.18901,4.019000053405762,18.435779571533203,63.46481381496096,8.189453576578448,3.345061881777848,1.2014725572938358,1.2014725572938358
SB86415_component_2427a,66.129001,8.869542,3.884000062942505,16.116182327270508,66.12878741052552,8.870053720565876,2.6290825833530564,1.4773214381074948,1.4773214381074948
SB86415_component_2436a,64.481853,6.88166,4.014999866485596,22.060440063476562,64.48162088938817,6.881875385173777,3.6403533127248466,1.1029148880827508,1.1029148880827508
SB86415_component_2437a,67.171853,3.626797,4.229000091552734,16.649606704711914,67.17155627164786,3.627319139607937,3.307524180809775,1.2785999014275857,1.2785999014275857
SB86415_component_2438a,62.553852,7.042102,3.6589999198913574,12.975176811218262,62.55356613736353,7.042255405153258,4.352623811760422,0.840642352322075,0.840642352322075
SB86415_component_2441a,65.205274,5.081308,4.011000156402588,19.376811981201172,65.20477086693167,5.081553567458193,4.502864583935638,0.8907663292189999,0.8907663292189999
SB86415_component_2442a,67.663177,8.252845,4.059999942779541,16.370967864990234,67.66270830061781,8.252807133132363,3.7732513541721877,1.0759950932742097,1.0759950932742097
SB86415_component_2446a,67.193922,3.930523,3.8269999027252197,15.126482009887695,67.1934641850056,3.930707488629129,3.148128421530821,1.2156428805608532,1.2156428805608532
SB86415_component_2453a,65.177707,4.067932,3.618000030517578,14.647773742675781,65.17736582904108,4.068306512897384,3.557296675132229,1.0170644624075649,1.0170644624075649
SB86415_component_2454a,64.26584,5.004389,3.7730000019073486,17.71361541748047,64.26536504887441,5.00487374284828,2.830509019713054,1.332975791855926,1.332975791855926
SB86415_component_2457a,65.517474,4.988296,3.7360000610351562,15.965812683105469,65.51686255690441,4.988381107327975,3.7889596801010246,0.9860226490812232,0.9860226490812232
SB86415_component_2458a,63.80191,4.54201,4.0970001220703125,17.735931396484375,63.80152050716354,4.542281689025653,4.523320846788833,0.9057505007584923,0.9057505007584923
SB86415_component_2459a,65.23488,7.925301,3.617000102996826,17.558252334594727,65.23474609236173,7.925633379037323,3.7976961462110923,0.9524195627408096,0.9524195627408096
SB86415_component_2460a,65.479033,5.540746,4.1570000648498535,23.22346305847168,65.47848197991276,5.540988413138759,3.6543995130917915,1.137533006437175,1.137533006437175
SB86415_component_2461a,64.263954,7.097182,3.8610000610351562,22.317920684814453,64.26361309081462,7.097231997986306,2.7524176469503154,1.4027667877050392,1.4027667877050392
SB86415_component_2467a,65.993076,8.443776,3.8369998931884766,17.52054786682129,65.99281358492235,8.44386512696123,2.6800302126840396,1.431700237940876,1.431700237940876
SB86415_component_2469a,64.308029,3.807045,3.7249999046325684,16.125539779663086,64.30772504162202,3.807317689032453,2.9583454974685237,1.2591497199431494,1.2591497199431494
SB86415_component_2471a,67.062069,7.457455,3.494999885559082,15.67264461517334,67.06168759136061,7.457522173149433,5.6062424826137915,0.6234121867539366,0.6234121867539366
SB86415_component_2472a,67.684189,6.13517,3.8469998836517334,16.872806549072266,67.68348107376761,6.135486315091991,4.730349239379184,0.8132591673414408,0.8132591673414408
SB86415_component_2473a,63.760712,3.653053,3.6610000133514404,14.080769538879395,63.76054113428342,3.653512197562135,3.1117560685656716,1.176506105454126,1.176506105454126
SB86415_component_2474a,64.250026,6.470502,3.7869999408721924,19.621761322021484,64.24962989059536,6.470511114483583,4.019958496506592,0.942049512243262,0.942049512243262
SB86415_component_2479a,65.730522,5.284169,3.757999897003174,18.78999900817871,65.7300396764443,5.28456072237914,3.724721681412615,1.0089344166992735,1.0089344166992735
SB86415_component_2481a,65.642097,9.287368,3.9100000858306885,14.270073890686035,65.6415647240363,9.287680751394495,5.151582082835822,0.7589901554433405,0.7589901554433405
SB86415_component_2486a,66.30214,3.178176,3.9570000171661377,14.710037231445312,66.3020168470645,3.1786291942713962,3.2906531136550994,1.2024968541186927,1.2024968541186927
SB86415_component_2489a,67.029019,6.47021,3.7170000076293945,16.160869598388672,67.02827438036341,6.470546808391146,2.4592934424184323,1.5114097177334611,1.5114097177334611
SB86415_component_2493a,64.681104,3.967003,4.123000144958496,20.71859359741211,64.68007638029202,3.9671812260676043,4.2409015416467,0.9721989780874696,0.9721989780874696
SB86415_component_2506a,64.632162,4.613013,3.822000026702881,17.5321102142334,64.63186520622054,4.613066791734657,4.254535845146204,0.8983353686074163,0.8983353686074163
SB86415_component_2507a,64.300405,7.491065,3.805999994277954,20.91208839416504,64.3001340941922,7.491398653998651,2.63616091612543,1.4437661870322875,1.4437661870322875
SB86415_component_2516a,64.686027,5.322698,3.7860000133514404,19.316328048706055,64.6859734946694,5.322837802838647,4.887625076462898,0.7746093356430916,0.7746093356430916
SB86415_component_2520a,66.339333,6.749704,4.177000045776367,18.320175170898438,66.3392416306289,6.750003282794383,3.1823319476507352,1.3125595049441392,1.3125595049441392
SB86415_component_2523a,65.447785,4.991902,3.490999937057495,17.72081184387207,65.44701758114755,4.992257703411759,3.5356591589912165,0.9873689120117383,0.9873689120117383
SB86415_component_2532a,63.509722,6.313005,3.5380001068115234,14.152000427246094,63.509489630858134,6.313301899702125,4.906114607217507,0.7211409414706056,0.7211409414706056
SB86415_component_2538a,65.95037,6.884516,4.007999897003174,19.74384307861328,65.95008917193056,6.8847925062144375,3.3019163154151547,1.213840544138455,1.213840544138455
SB86415_component_2539a,64.61966,9.431725,3.7699999809265137,13.044981956481934,64.61938649725225,9.432134010334362,4.21499807840388,0.8944250770226029,0.8944250770226029
SB86415_component_2543a,63.733906,3.40081,3.638000011444092,14.494024276733398,63.73352108409308,3.4009151596404696,3.635844496359207,1.0005928512858686,1.0005928512858686
SB86415_component_2545a,66.948284,5.704698,3.869999885559082,15.176470756530762,66.94796276079867,5.7046789253165855,3.769119250506346,1.0267650420026333,1.0267650420026333
SB86415_component_2549a,65.172349,9.281195,3.6080000400543213,15.75545883178711,65.17178304856942,9.281329716764636,2.986590098852641,1.2080666983528834,1.2080666983528834
SB86415_component_2554a,61.931172,8.245615,3.5959999561309814,10.363112449645996,61.93067185389596,8.245722074259385,2.975839221174334,1.2083986024997404,1.2083986024997404
SB86415_component_2555a,63.507771,4.170156,4.081999778747559,16.007843017578125,63.507291988476325,4.170545692237309,2.249700067244812,1.814463998192767,1.814463998192767
SB86415_component_2561a,64.388823,9.549328,3.306999921798706,11.768683433532715,64.38818677266431,9.548975200977452,2.4473555957976902,1.35125436102424,1.35125436102424
SB86415_component_2571a,65.623741,7.711886,3.513000011444092,17.136585235595703,65.62322480218153,7.712129861723962,3.092155392125703,1.1361007342613139,1.1361007342613139
SB86415_component_2573a,64.511102,5.365963,3.7699999809265137,18.212560653686523,64.51041799594906,5.366130291895907,3.9891589967900702,0.9450613485098223,0.9450613485098223
SB86415_component_2575a,64.651899,3.760983,4.008999824523926,19.651960372924805,64.65090859802103,3.7611245312313044,4.133458283425678,0.9698899927451052,0.9698899927451052
SB86415_component_2578a,64.325561,2.824205,3.878999948501587,10.988668441772461,64.32553825439678,2.8235496103716784,3.225686777195065,1.2025345969501162,1.2025345969501162
SB86415_component_2580a,63.402654,4.373881,3.428999900817871,13.394530296325684,63.40201479372392,4.3739967308233,3.5824778982252226,0.9571587036214836,0.9571587036214836
SB86415_component_2583a,62.087959,8.607645,3.117000102996826,11.014135360717773,62.087358063177795,8.608216189633744,2.5411849688405113,1.2265931607564353,1.2265931607564353
SB86415_component_2587a,65.048068,8.135334,3.5929999351501465,17.61274528503418,65.04766974942943,8.135485278110151,3.9215306234409755,0.9162238626094019,0.9162238626094019
SB86415_component_2589a,64.192719,8.776893,3.490999937057495,18.97282600402832,64.19227986609175,8.776940479066237,3.4977148451875237,0.9980802013808336,0.9980802013808336
SB86415_component_2590a,66.824445,7.905793,3.365000009536743,13.196078300476074,66.82399804514215,7.906156156717149,2.87689293718526,1.169664663582874,1.169664663582874
SB86415_component_2592a,68.180644,6.126296,3.5959999561309814,11.525640487670898,68.17915731554592,6.126796076092775,3.6524615479259133,0.9845414959051398,0.9845414959051398
SB86415_component_2596a,62.598748,5.25425,3.5969998836517334,15.113444328308105,62.59769715956728,5.25448578102229,3.942737337849762,0.9123103000347007,0.9123103000347007
SB86415_component_2597a,64.270611,6.30459,3.502000093460083,17.251232147216797,64.270498322356,6.304441794172547,3.2853727523179677,1.0659369141566282,1.0659369141566282
SB86415_component_2608a,64.505327,3.866861,3.619999885559082,18.375635147094727,64.50459939553153,3.8671680766512226,3.9587965405319046,0.9144192808334369,0.9144192808334369
SB86415_component_2609a,62.014591,8.578105,3.1989998817443848,10.220447540283203,62.013923253310274,8.578550944289818,3.9215160833527136,0.8157558999501511,0.8157558999501511
SB86415_component_2610a,66.256418,3.54327,3.427999973297119,14.106995582580566,66.2557187549567,3.5431740427233294,2.473810641103454,1.3857163989593175,1.3857163989593175
SB86415_component_2612a,65.677503,2.894495,3.927000045776367,11.48245620727539,65.67674456870678,2.8945682435181506,3.122950465812845,1.2574647240695966,1.2574647240695966
SB86415_component_2615a,65.230344,5.32407,3.3489999771118164,17.174360275268555,65.22975868573354,5.3242298726401325,3.044403550016044,1.1000512652450978,1.1000512652450978
SB86415_component_2616a,62.920644,5.945153,3.5739998817443848,14.647540092468262,62.92026269081995,5.945281101386575,2.0014371926102554,1.7857167314269842,1.7857167314269842
SB86415_component_2618a,65.024755,3.872726,3.7109999656677246,16.641254425048828,65.02425794707057,3.8730120411586726,2.9901645041090945,1.2410688310185127,1.2410688310185127
SB86415_component_2622a,68.204953,6.37313,3.0759999752044678,10.830985069274902,68.20463916199022,6.3732634746411545,4.320434302138057,0.7119654553437474,0.7119654553437474
SB86415_component_2624a,63.03638,5.992105,3.4149999618530273,14.170124053955078,63.03690366267772,5.992314651051854,3.928613155587131,0.8692634847481326,0.8692634847481326
SB86415_component_2631a,63.797243,9.525969,3.700000047683716,12.5,63.79634944117505,9.526194690229675,3.366029819865177,1.0992178458573238,1.0992178458573238
SB86415_component_2640a,65.90809,3.132355,3.7170000076293945,12.773195266723633,65.90742285428077,3.1324245271901314,2.7334106152679447,1.3598396036319749,1.3598396036319749
SB86415_component_2647a,64.968677,9.366978,3.3299999237060547,13.110235214233398,64.9681458248359,9.367243809063925,3.998183104640938,0.8328782941033186,0.8328782941033186
SB86415_component_2650a,62.865638,5.481503,3.365000009536743,13.144530296325684,62.86493168925366,5.481705976889622,3.354753680062869,1.0030542717740405,1.0030542717740405
SB86415_component_2651a,66.384522,7.371898,3.7790000438690186,17.334863662719727,66.38427288378438,7.372132143245366,3.6817839037882782,1.0264046295549047,1.0264046295549047
SB86415_component_2653a,62.510267,6.627547,3.0739998817443848,12.150197982788086,62.51009920566314,6.627833223454152,3.65631131999188,0.8407380041563888,0.8407380041563888
SB86415_component_2661a,67.61333,6.823791,3.5859999656677246,16.67906951904297,67.61233409353551,6.823871916971622,4.725444147319259,0.7588704582831773,0.7588704582831773
SB86415_component_2662a,62.665561,8.400009,3.740000009536743,16.120689392089844,62.66479556561985,8.400352108277636,4.035852017792073,0.9266940395854296,0.9266940395854296
SB86415_component_2663a,64.952921,7.993137,3.8519999980926514,18.79024314880371,64.95234612191676,7.993490696248367,3.2252299382318688,1.194333449665418,1.194333449665418
SB86415_component_2669a,65.61859,5.992916,3.4809999465942383,16.115739822387695,65.61815579514882,5.9932686251702645,2.8080368983565953,1.2396560560267191,1.2396560560267191
SB86415_component_2671a,65.671963,5.94822,3.50600004196167,14.73109245300293,65.67192134263875,5.948117237332069,3.756039742228248,0.9334299641573431,0.9334299641573431
SB86415_component_2675a,65.911188,6.127999,3.38700008392334,17.369232177734375,65.91085149450838,6.128370411494747,3.3050037226428977,1.024809763667943,1.024809763667943
SB86415_component_2678a,63.422976,6.203755,3.316999912261963,12.239851951599121,63.422140587969004,6.204018497332115,3.890900428650815,0.8525018753595156,0.8525018753595156
SB86415_component_2682a,63.623341,8.891813,3.690000057220459,17.912622451782227,63.62288001969078,8.892096653018276,3.108957531607317,1.1868930404181963,1.1868930404181963
SB86415_component_2687a,62.372443,5.850541,3.180999994277954,12.095056533813477,62.371989683532554,5.850788896893664,4.164162105956604,0.7638991742727089,0.7638991742727089
SB86415_component_2695a,64.277098,3.159609,3.434999942779541,13.630951881408691,64.27658317024579,3.1599208312639036,2.8852864973200147,1.190523002124789,1.190523002124789
SB86415_component_2702a,65.81797,6.876717,3.497999906539917,18.314136505126953,65.81772680590724,6.876394588238742,4.0358901919851675,0.8667232605799233,0.8667232605799233
SB86415_component_2705a,66.475046,5.858289,3.006999969482422,14.11737060546875,66.47464743351641,5.858415326139621,2.6642710644148315,1.1286389022668253,1.1286389022668253
SB86415_component_2706a,65.240453,3.656947,3.617000102996826,16.981220245361328,65.23998951863504,3.657189911281265,3.632578065678096,0.9957115958970143,0.9957115958970143
SB86415_component_2709a,63.712261,8.195241,3.443000078201294,16.395238876342773,63.71201793922771,8.195488930415236,3.5991099605570653,0.9566254201548182,0.9566254201548182
SB86415_component_2712a,66.213116,5.678992,3.7320001125335693,17.198158264160156,66.21256102119,5.679278176647152,3.429954755773166,1.088061032365518,1.088061032365518
SB86415_component_2713a,66.066283,5.002063,3.3940000534057617,15.64055347442627,66.06618310450261,5.002454916911696,2.983059642741914,1.1377580269518606,1.1377580269518606
SB86415_component_2714a,64.174376,4.850484,3.4839999675750732,14.88888931274414,64.17405546479124,4.850823112972864,2.248188636941982,1.5496920099703284,1.5496920099703284
SB86415_component_2727a,63.214448,5.503803,3.364000082015991,11.213333129882812,63.21484895592176,5.503929852194994,2.9218512045782847,1.1513249123517646,1.1513249123517646
SB86415_component_2730a,66.557324,7.107891,3.4619998931884766,16.88780403137207,66.55715371486976,7.108146773883741,1.4614492682483426,2.368881334716425,2.368881334716425
SB86415_component_2733a,67.462015,7.469373,3.2019999027252197,14.423422813415527,67.46171278320544,7.469167357007333,3.6847056349395366,0.868997477671717,0.868997477671717
SB86415_component_2738a,65.14354,9.590421,3.632999897003174,12.191274642944336,65.14318064120461,9.590697129835895,3.937839673560219,0.9225870523363796,0.9225870523363796
SB86415_component_2740a,63.586745,3.529753,3.1670000553131104,11.270462989807129,63.586152788596046,3.5300245803240555,3.6553048956020344,0.8664120082359096,0.8664120082359096
SB86415_component_2745a,62.204468,5.456146,3.114000082015991,11.662921905517578,62.20411501387792,5.456136348712714,2.586633465613127,1.203881463459632,1.203881463459632
SB86415_component_2748a,65.355806,3.868012,3.5850000381469727,17.660099029541016,65.3551048906633,3.8682817460511156,3.0491451735118966,1.1757393741990636,1.1757393741990636
SB86415_component_2756a,65.527269,5.450492,3.5329999923706055,17.15048599243164,65.52675791783626,5.450501468790921,3.0750808003920675,1.1489128974822886,1.1489128974822886
SB86415_component_2760a,66.580641,4.536287,3.375,11.88380241394043,66.57978064383866,4.536512231573821,3.769584345703994,0.8953241764828311,0.8953241764828311
SB86415_component_2762a,64.054886,5.033683,3.562999963760376,15.42424201965332,64.05418819374493,5.0337311582771695,3.7201549187729954,0.957755803603885,0.957755803603885
SB86415_component_2764a,66.123434,9.2497,3.4149999618530273,15.044053077697754,66.12294684912462,9.249882985718687,3.4522758787355095,0.9892025092455429,0.9892025092455429
SB86415_component_2768a,63.820092,3.977873,2.9779999256134033,12.89177417755127,63.82031533980445,3.9780461074757545,4.023235283209485,0.7402002905576384,0.7402002905576384
SB86415_component_2769a,65.63094,6.88614,3.1589999198913574,14.624999046325684,65.6307796431349,6.886212637944775,4.4559211861923105,0.7089442985841492,0.7089442985841492
SB86415_component_2770a,65.540492,8.832454,3.1589999198913574,14.76168155670166,65.54038498858368,8.832625226362198,2.5633964097398705,1.2323493580190852,1.2323493580190852
SB86415_component_2773a,64.348965,7.727186,3.249000072479248,16.1641788482666,64.34870767593577,7.727384424979946,3.146121783456794,1.0327000339158572,1.0327000339158572
SB86415_component_2778a,67.098356,6.561709,3.5940001010894775,17.362319946289062,67.09789176704966,6.561507194272569,3.251953205287854,1.1051819857817868,1.1051819857817868
SB86415_component_2786a,65.569041,7.3828,3.1679999828338623,16.94117546081543,65.56896057561576,7.3830833315407745,2.736996003550886,1.1574733681466127,1.1574733681466127
SB86415_component_2787a,63.404273,8.764968,3.0829999446868896,14.077625274658203,63.403950985169125,8.765207988426427,3.2613471473766147,0.9453148669459536,0.9453148669459536
SB86415_component_2794a,66.431849,6.523233,3.2219998836517334,16.43877601623535,66.43177387273911,6.523563924858278,3.6691958546492094,0.8781215316073037,0.8781215316073037
SB86415_component_2806a,63.565368,4.471067,3.203000068664551,12.319231033325195,63.56497466811962,4.471119523183357,3.2406836747799117,0.9883717110655916,0.9883717110655916
SB86415_component_2807a,65.597151,8.761021,2.9010000228881836,14.220588684082031,65.59664515402457,8.761366744396762,5.122682138551834,0.5663049052089512,0.5663049052089512
SB86415_component_2814a,63.228372,5.773491,2.875,10.648147583007812,63.227955346438485,5.773786568772442,4.3386983017724585,0.662641142580828,0.662641142580828
SB86415_component_2817a,63.913231,7.360774,3.1540000438690186,13.653679847717285,63.91265139768524,7.360982588624511,2.850492054492292,1.10647564826515,1.10647564826515
SB86415_component_2819a,65.800208,9.056068,3.1410000324249268,13.656521797180176,65.79998142340408,9.056376511670917,2.466875799744017,1.273270438970159,1.273270438970159
SB86415_component_2832a,64.159638,7.062377,2.8959999084472656,14.407958984375,64.15918775050756,7.062582573629465,3.101244109901079,0.9338187533194993,0.9338187533194993
SB86415_component_2835a,66.865007,8.552698,3.131999969482422,10.800000190734863,66.8648297076675,8.55269379947855,2.840117894357898,1.1027711123205022,1.1027711123205022
SB86415_component_2839a,65.186455,9.618763,3.3429999351501465,11.487972259521484,65.18646861512909,9.618614491459537,2.536422390977087,1.3179981169707098,1.3179981169707098
SB86415_component_2844a,66.343794,6.51362,3.431999921798706,16.5,66.3433708890168,6.513839964916672,3.5250439461337146,0.9736048611714303,0.9736048611714303
SB86415_component_2846a,64.312498,5.963814,3.3489999771118164,15.085585594177246,64.31193690379509,5.964300346755847,2.6716252149421473,1.253544081849945,1.253544081849945
SB86415_component_2849a,65.854367,8.031975,3.191999912261963,14.509090423583984,65.85375635568163,8.031880023142566,3.3724769861500348,0.9464853060141705,0.9464853060141705
SB86415_component_2852a,63.332056,7.801536,3.4010000228881836,14.289916038513184,63.331598337667835,7.801822389608156,3.5027839653497943,0.9709419868685946,0.9709419868685946
SB86415_component_2858a,66.606215,4.229048,3.134999990463257,12.104247093200684,66.60574846837216,4.229341397976089,3.137982662119976,0.9990494939016955,0.9990494939016955
SB86415_component_2859a,64.16615,4.051508,3.369999885559082,15.180179595947266,64.16568116227246,4.051792571179047,2.987604808742366,1.1279938617375855,1.1279938617375855
SB86415_component_2872a,64.087304,6.53271,3.309000015258789,15.390697479248047,64.08693697751457,6.532652030125244,2.6315979256596735,1.2574109376641602,1.2574109376641602
SB86415_component_2873a,67.4772,3.747377,2.9769999980926514,10.747291564941406,67.47657290442257,3.74717783322344,3.8323558233215613,0.7768067829130856,0.7768067829130856
SB86415_component_2874a,64.996848,6.262747,2.822000026702881,12.944954872131348,64.9964724921127,6.2630115176618055,3.3042130549181783,0.8540611576188938,0.8540611576188938
SB86415_component_2876a,67.909791,7.224964,3.1029999256134033,15.437809944152832,67.90938054091255,7.225513494333397,2.7948948402053286,1.1102385252482128,1.1102385252482128
SB86415_component_2890a,65.319217,3.262834,3.0360000133514404,12.919149398803711,65.3187630619967,3.2631829029351986,2.9484623046088148,1.0296892751878812,1.0296892751878812
SB86415_component_2903a,65.225834,6.507794,2.9010000228881836,15.430851936340332,65.22525943080602,6.507940722483493,3.5216171400338387,0.823769281989668,0.823769281989668
SB86415_component_2911a,65.643536,8.31286,3.312000036239624,13.800000190734863,65.64348163633268,8.313482376204709,2.8724145256339972,1.1530369334518673,1.1530369334518673
SB86415_component_2921a,64.431625,9.250949,2.753999948501587,11.149797439575195,64.43142840024704,9.251234667888554,3.5073543611821694,0.7852072145836267,0.7852072145836267
SB86415_component_2923a,65.755068,5.578284,2.9760000705718994,14.037735939025879,65.75436415845436,5.578181997106022,2.818802492136242,1.0557675037091814,1.0557675037091814
SB86415_component_2925a,66.117997,3.906348,2.993000030517578,13.856481552124023,66.11753784328086,3.9062757241351056,3.189951584742418,0.938258763811068,0.938258763811068
SB86415_component_2927a,65.712429,6.411594,2.9040000438690186,13.382489204406738,65.71232201625156,6.411962039457592,2.6821302356922208,1.0827214895176542,1.0827214895176542
SB86415_component_2938a,65.246662,4.633204,2.811000108718872,14.269036293029785,65.24622602711176,4.633224172400985,2.7825017907949916,1.0102419764897037,1.0102419764897037
SB86415_component_2969a,65.387805,6.96849,2.8970000743865967,13.795238494873047,65.38732706129163,6.969012687938873,2.801482762538379,1.0340952702352775,1.0340952702352775
SB86415_component_2973a,64.793748,8.096099,2.927000045776367,12.45531940460205,64.79372546866281,8.095795864874374,2.787289508768836,1.0501241570235171,1.0501241570235171
SB86415_component_2979a,66.06041,8.025132,2.9800000190734863,13.545454978942871,66.05994395918391,8.025425345731115,3.948670853518105,0.7546843304040973,0.7546843304040973
SB86415_component_2981a,65.83625,3.198857,2.9630000591278076,12.193415641784668,65.83555995240978,3.1988712915611512,3.438867524592613,0.8616208789487524,0.8616208789487524
SB86415_component_2988a,64.105654,9.083214,2.816999912261963,13.163551330566406,64.10494472793683,9.083019248428052,2.8105356694598753,1.0023000038292806,1.0023000038292806
SB86415_component_2989a,65.253357,9.077344,2.440000057220459,11.401869773864746,65.25259948381262,9.077805310231337,2.7635752223091816,0.8829142907069667,0.8829142907069667
SB86415_component_2993a,66.281558,3.496876,2.6710000038146973,10.946721076965332,66.28121317506732,3.497235564659571,2.09265510606579,1.276368951612003,1.276368951612003
SB86415_component_2994a,63.014778,8.475221,2.88700008392334,12.888392448425293,63.01482413383938,8.47527930533521,3.264266026653496,0.8844254911671746,0.8844254911671746
SB86415_component_2995a,67.043884,8.026757,2.885999917984009,11.731706619262695,67.04355806752505,8.026951063455313,4.907528179362388,0.5880760766938629,0.5880760766938629
SB86415_component_3004a,65.950405,3.551366,3.0429999828338623,13.831818580627441,65.94990400079048,3.551554278393256,3.4777944241123717,0.8749798325444492,0.8749798325444492
SB86415_component_3008a,64.960019,7.238147,3.0880000591278076,15.835898399353027,64.960066155809,7.2385964694356675,2.4294198243394636,1.2710853958588264,1.2710853958588264
SB86415_component_3014a,63.989173,5.715587,3.0269999504089355,12.405736923217773,63.98879586941888,5.715741379250236,3.6136177679254504,0.8376646742432619,0.8376646742432619
SB86415_component_3016a,67.345331,8.17422,3.2230000495910645,12.348658561706543,67.3451469174451,8.174580770610442,2.7805630939531203,1.1591177544577607,1.1591177544577607
SB86415_component_3021a,67.706217,7.825748,3.0959999561309814,13.008402824401855,67.7062495581483,7.8262110502454325,3.013908374453345,1.0272375837213452,1.0272375837213452
SB86415_component_3033a,65.666536,9.04003,2.8510000705718994,12.900452613830566,65.66660879333618,9.040114901355615,2.857183052427392,0.997835986794672,0.997835986794672
SB86415_component_3035a,65.049336,5.91069,3.134000062942505,15.140096664428711,65.04900361406547,5.910855408019549,3.2180363722392142,0.9738858423038165,0.9738858423038165
SB86415_component_3045a,65.729404,9.116342,2.9200000762939453,13.035714149475098,65.72882961178134,9.116568217988457,2.0686281756320444,1.4115635234455677,1.4115635234455677
SB86415_component_3048a,62.414675,8.053936,2.992000102996826,11.0,62.41445252253058,8.054196306104037,3.1689209037053656,0.9441700168339106,0.9441700168339106
SB86415_component_3053a,65.194632,5.377846,2.8389999866485596,13.714975357055664,65.1941532805245,5.377968224378549,3.7185668390263147,0.7634661711208975,0.7634661711208975
SB86415_component_3055a,64.692239,7.024291,2.9110000133514404,14.3399019241333,64.69169266101616,7.024352785834245,2.124827179636671,1.3699937770229382,1.3699937770229382
SB86415_component_3068a,68.211779,6.288287,2.9760000705718994,10.86131477355957,68.21152461984752,6.288010915717722,2.7734863263738267,1.0730177546838127,1.0730177546838127
SB86415_component_3069a,64.803879,8.720474,2.4110000133514404,12.756613731384277,64.80374814670901,8.72081035368401,2.78537205955371,0.8655935228049016,0.8655935228049016
SB86415_component_3071a,62.003968,5.929481,2.8380000591278076,10.395604133605957,62.003790120322314,5.929722771456673,3.0604194898077957,0.9273238745797046,0.9273238745797046
SB86415_component_3076a,64.305935,7.1256,2.756999969482422,16.313610076904297,64.30554270387096,7.125704269145136,2.2915535372094853,1.2031139245560585,1.2031139245560585
SB86415_component_3078a,64.253941,7.596537,2.6549999713897705,13.477157592773438,64.2537154676124,7.596509044160838,2.6152852084710903,1.0151856335936293,1.0151856335936293
SB86415_component_3080a,67.380698,7.051096,2.381999969482422,11.563106536865234,67.38024402847967,7.051311892225505,3.083493075487724,0.772500508730883,0.772500508730883
SB86415_component_3081a,64.786048,5.220702,2.5789999961853027,12.959798812866211,64.7851163961547,5.220610593272724,2.388221246660519,1.0798831975017191,1.0798831975017191
SB86415_component_3086a,64.384329,4.701673,2.8289999961853027,13.219626426696777,64.38401795354858,4.701553038352267,2.4964675246210195,1.133201200610356,1.133201200610356
SB86415_component_3091a,65.147848,5.481569,2.818000078201294,14.377552032470703,65.14763702125096,5.481732573181384,2.4727489030876573,1.1396224156373218,1.1396224156373218
SB86415_component_3092a,63.615496,6.823185,2.621999979019165,10.970711708068848,63.615090844553315,6.823548304525211,3.253362272334562,0.8059354475570465,0.8059354475570465
SB86415_component_3093a,64.366634,5.055369,2.6589999198913574,11.713656425476074,64.36617388595204,5.055405162880986,3.184787394768948,0.8349065699829122,0.8349065699829122
SB86415_component_3095a,67.80639,4.367532,2.7690000534057617,10.142857551574707,67.80575918506953,4.3679753557564975,2.4638617050876706,1.1238455663676277,1.1238455663676277
SB86415_component_3096a,65.764713,3.42195,2.9760000705718994,13.714286804199219,65.76406015681506,3.4221343234657837,3.139925561136168,0.9477931921083654,0.9477931921083654
SB86415_component_3098a,64.926959,8.248162,2.5350000858306885,11.02173900604248,64.92638508388792,8.248341679964595,3.664377164508944,0.6917956236555685,0.6917956236555685
SB86415_component_3108a,67.25451,8.513549,2.687999963760376,10.795180320739746,67.25419532218586,8.513618595342768,2.4845936180644586,1.0818670482838857,1.0818670482838857
SB86415_component_3114a,63.855699,7.059846,3.003999948501587,13.53153133392334,63.855411217603184,7.059891071551812,2.812740867358812,1.0679974054354922,1.0679974054354922
SB86415_component_3116a,66.883206,7.250069,3.0329999923706055,13.78636360168457,66.8828526684993,7.25024088358042,2.3627382300705273,1.2836800766880008,1.2836800766880008
SB86415_component_3123a,66.071095,5.978978,2.9749999046325684,14.72772216796875,66.07073211448619,5.979232478779383,1.913697770199281,1.554581894257404,1.554581894257404
SB86415_component_3124a,64.733308,6.809511,2.381999969482422,12.806450843811035,64.7334796935119,6.809516185777118,2.6536103238797253,0.8976449737351813,0.8976449737351813
SB86415_component_3127a,66.400137,5.298051,2.684999942779541,11.004097938537598,66.39952517923503,5.298027533322319,3.544667877629889,0.7574757453933434,0.7574757453933434
SB86415_component_3130a,65.99534,8.535262,2.8540000915527344,11.941423416137695,65.99487027476475,8.535593115661454,3.137914396156302,0.9095213352692667,0.9095213352692667
SB86415_component_3132a,64.579434,7.675792,2.930000066757202,15.502646446228027,64.57915287662716,7.6761799975416185,2.506775509503161,1.1688322530875226,1.1688322530875226
SB86415_component_3143a,65.990215,6.852882,2.8239998817443848,13.25821590423584,65.98997249657282,6.8526998251299425,2.126377707896313,1.3280800825071901,1.3280800825071901
SB86415_component_3151a,64.403453,5.04277,2.742000102996826,13.119617462158203,64.40319854910561,5.043193790835928,2.677214576875508,1.0241988545411729,1.0241988545411729
SB86415_component_3153a,62.388436,8.022211,2.5910000801086426,10.12109375,62.388202059205035,8.02256909511848,2.823320911682829,0.9177136291475585,0.9177136291475585
SB86415_component_3157a,67.327018,7.830769,2.624000072479248,11.118644714355469,67.32693334690312,7.83104596683876,2.689744398447943,0.9755574076084584,0.9755574076084584
SB86415_component_3162a,66.107692,4.84352,3.015000104904175,15.0,66.1076445396137,4.843650526802475,2.443241973436756,1.2340161710070665,1.2340161710070665
SB86415_component_3163a,65.429583,8.765715,2.617000102996826,13.559585571289062,65.42925980276345,8.76581424978184,2.831694628922589,0.9241816106394741,0.9241816106394741
SB86415_component_3166a,65.369692,4.009151,2.812000036239624,13.584541320800781,65.3693772083464,4.009639022378971,2.3823236879006564,1.1803601880471606,1.1803601880471606
SB86415_component_3171a,65.16049,7.936047,2.743000030517578,13.579207420349121,65.16012490497396,7.936000111493749,2.710674311068985,1.0119253424568906,1.0119253424568906
SB86415_component_3172a,64.435996,6.254364,2.6110000610351562,12.990049362182617,64.43556503167514,6.2546221775665725,3.020859747372193,0.8643234970794097,0.8643234970794097
SB86415_component_3173a,65.255088,6.273921,2.7639999389648438,12.915887832641602,65.25492554084342,6.274069031845744,2.628980548543996,1.0513580788932142,1.0513580788932142
SB86415_component_3174a,65.485396,8.686197,2.9820001125335693,14.000000953674316,65.48486373701434,8.686528236725291,2.637603674435226,1.1305717160756106,1.1305717160756106
SB86415_component_3175a,66.974487,6.684702,2.740999937057495,12.929244995117188,66.97419857604518,6.684843115955867,2.4678699401948845,1.1106743886353436,1.1106743886353436
SB86415_component_3198a,64.69794,6.317116,2.742000102996826,13.119617462158203,64.69724709521537,6.3173220548886135,2.704296863826984,1.0139419749636829,1.0139419749636829
SB86415_component_3224a,64.58637,3.486692,2.3970000743865967,11.200934410095215,64.58567152647409,3.48687906823983,2.7860796058333337,0.8603487385528739,0.8603487385528739
SB86415_component_3233a,66.151797,6.962095,2.8929998874664307,14.112195014953613,66.1512518479608,6.962264550962348,2.66550470671189,1.0853478818407991,1.0853478818407991
SB86415_component_3234a,66.36695,5.135052,2.5889999866485596,11.714932441711426,66.36640472742079,5.135169769537714,2.76700186707841,0.9356697649728017,0.9356697649728017
SB86415_component_3237a,65.203778,6.64835,2.881999969482422,15.168420791625977,65.20365008257043,6.6485603728998885,2.758653583049182,1.0447125319362873,1.0447125319362873
SB86415_component_3238a,66.198685,4.407409,2.7070000171661377,12.417431831359863,66.19839123402062,4.4074240473185995,2.508515931387914,1.0791241081209344,1.0791241081209344
SB86415_component_3249a,65.512011,3.492592,2.621999979019165,12.98019790649414,65.51157386164553,3.492834088843878,2.743659141987317,0.9556580622183153,0.9556580622183153
SB86415_component_3279a,65.232886,7.64117,2.2780001163482666,10.449542045593262,65.2324379600817,7.641179052499668,2.646274120003121,0.8608330101288146,0.8608330101288146
SB86415_component_3287a,66.366878,7.612764,2.5239999294281006,11.849764823913574,66.36699427771885,7.613126616628352,2.8356569511482514,0.8900935384324431,0.8900935384324431
SB86415_component_3297a,64.775953,5.730896,2.3510000705718994,10.542600631713867,64.77526669352723,5.730833121242199,2.274206551117255,1.0337671701002347,1.0337671701002347
SB86415_component_3303a,65.669386,5.264413,2.1589999198913574,10.904040336608887,65.6693899688629,5.2646602171059556,2.5728434112131953,0.839149366992881,0.839149366992881
SB86415_component_3304a,63.983029,7.329208,2.36299991607666,12.371726989746094,63.98271253032959,7.329573931289025,2.34774943574279,1.0064957870297795,1.0064957870297795
SB86415_component_3338a,64.750129,6.684463,2.385999917984009,13.329607963562012,64.74983934774936,6.684498602734833,2.7405678905487134,0.8706224451554406,0.8706224451554406
SB86415_component_3346a,64.245362,6.560334,2.691999912261963,14.710382461547852,64.24487264345476,6.560729368877612,1.9878055902760083,1.3542571393453908,1.3542571393453908
SB86415_component_3347a,67.380708,6.060195,2.6089999675750732,11.44298267364502,67.38021730541901,6.060506053515604,1.8177898869903277,1.4352593697694807,1.4352593697694807
SB86415_component_3365a,65.93362,3.666144,2.250999927520752,10.822114944458008,65.93315032055312,3.6663413632248267,1.8742551786420292,1.201010381708903,1.201010381708903
SB86415_component_3368a,63.505064,6.57623,2.5869998931884766,10.915611267089844,63.504693952868784,6.57653109046314,2.7359626512465947,0.9455538042559734,0.9455538042559734
SB86415_component_3374a,66.003308,7.238646,2.378999948501587,11.954773902893066,66.00287814405503,7.238885731916486,2.9719433439167333,0.8004863058278545,0.8004863058278545
SB86415_component_3403a,64.690203,6.902437,2.128000020980835,10.133334159851074,64.68918931003368,6.902830809399113,3.3424652021277916,0.6366558489901897,0.6366558489901897
SB86415_component_3404a,64.332227,3.781439,2.2019999027252197,10.436018943786621,64.33187434722134,3.7818400654213553,1.7835469617304869,1.2346184036492813,1.2346184036492813
SB86415_component_3406a,65.369904,7.215839,2.438999891281128,12.256280899047852,65.36991073002683,7.216030270355526,2.2981448076232898,1.0612907781923058,1.0612907781923058
SB86415_component_3427a,67.492099,6.441215,2.5320000648498535,11.008695602416992,67.49188199554014,6.442193245377632,2.5183319555278705,1.0054274454533212,1.0054274454533212
SB86415_component_3447a,65.132431,4.875023,2.00600004196167,10.029999732971191,65.13232163242414,4.87489837770103,2.51831004607277,0.7965659530644241,0.7965659530644241
SB86415_component_3457a,66.250639,6.813103,2.0889999866485596,10.768040657043457,66.25057743716799,6.813037296110978,1.6657559739399062,1.254085243775282,1.254085243775282
SB86415_component_3458a,65.917461,3.585035,2.5880000591278076,12.38277530670166,65.91678543275161,3.5851485502973888,2.288481531839664,1.1308809020832984,1.1308809020832984
SB86415_component_3467a,64.344766,8.839545,2.562999963760376,12.20476245880127,64.34497742093122,8.839618286957123,2.712443372814654,0.9449045054536186,0.9449045054536186
SB86415_component_3495a,65.118175,6.94547,2.239000082015991,11.722513198852539,65.11819332671405,6.945233220565043,2.7081832300901794,0.8267535435338454,0.8267535435338454
SB86415_component_3499a,67.377045,6.358072,2.1500000953674316,10.141510009765625,67.37659346935149,6.358390372283409,1.7662965914584448,1.2172361684693962,1.2172361684693962
SB86415_component_3519a,63.636637,8.341386,2.49399995803833,11.234233856201172,63.63649701127343,8.341504784857452,1.775074628959909,1.405011325917981,1.405011325917981
SB86415_component_3524a,64.106598,8.94935,2.114000082015991,10.896906852722168,64.10633665907687,8.94979969047593,1.9019171439407727,1.1115100827346152,1.1115100827346152
SB86415_component_3529a,65.561883,7.64225,2.26200008392334,10.927536964416504,65.5616843877794,7.642843588133162,2.5555284083069636,0.8851398703182148,0.8851398703182148
SB86415_component_3537a,63.885911,4.201591,2.3540000915527344,10.017022132873535,63.88534548900133,4.201083292164394,2.521976715272113,0.9333948554313855,0.9333948554313855
SB86415_component_3543a,65.175185,5.77856,2.2249999046325684,10.697114944458008,65.17451021685638,5.779103604156188,1.8508313911115157,1.2021623986485046,1.2021623986485046
SB86415_component_3550a,65.476541,9.002874,2.2179999351501465,10.663460731506348,65.47597029991937,9.003491030925995,2.456230283325086,0.9030097667176228,0.9030097667176228
SB86415_component_3574a,63.72182,8.818452,2.3510000705718994,11.357487678527832,63.72098259171307,8.818496270512355,2.2739069908532343,1.0339033566582851,1.0339033566582851
SB86415_component_3580a,64.053935,7.431271,2.4630000591278076,12.133005142211914,64.05361076725731,7.431387688955512,1.7886031473513229,1.377052289533972,1.377052289533972
SB86415_component_3586a,67.222623,7.262718,2.1419999599456787,11.15625,67.22217853534761,7.263338122336883,2.211197686568092,0.9687057710657195,0.9687057710657195
SB86415_component_3610a,65.169328,8.657325,2.3940000534057617,12.276924133300781,65.16938346619075,8.657504113474827,2.093160081439882,1.143725257630048,1.143725257630048
SB86415_component_3631a,64.284627,6.695834,2.0769999027252197,12.217646598815918,64.28424862780084,6.6962593417830885,1.8456612848676321,1.1253418597194982,1.1253418597194982
SB86415_component_3653a,67.737154,7.074678,2.2339999675750732,10.688994407653809,67.73581619481978,7.074784276549962,2.113521575604661,1.0570036253052892,1.0570036253052892
SB86415_component_3713a,63.949663,7.158497,2.2239999771118164,10.201834678649902,63.94911556529259,7.15878563290873,2.082050144472424,1.0681779125331112,1.0681779125331112
SB86415_component_3727a,64.471905,5.544789,2.257999897003174,10.961164474487305,64.47102549991587,5.545055238039205,2.2297707004950276,1.0126601342917814,1.0126601342917814
SB86415_component_3748a,64.125293,9.258779,2.200000047683716,10.576923370361328,64.1245004070686,9.25864360659859,2.5427704092826255,0.8651980688670932,0.8651980688670932
SB86415_component_3768a,63.865157,7.161932,2.2190001010894775,10.719806671142578,63.86552557452298,7.162006585016852,2.077020349729552,1.0683574195016494,1.0683574195016494
SB86415_component_3789a,65.300816,3.599742,1.9989999532699585,10.357512474060059,65.30025887492326,3.599960659408204,1.9822010600144628,1.008474868465348,1.008474868465348
SB86415_component_3828a,66.015832,5.609509,2.0380001068115234,10.190000534057617,66.01551378056682,5.609911651039918,2.396684460094444,0.850341436574097,0.850341436574097
