Component_ID,RA,DEC,ASKAP_flux,ASKAP_flux_SNR,RA_comp,DEC_comp,Comp_flux,Flux_Ratio_AlphaCorr,Flux_Ratio_NOAlphaCorr
SB87206_component_7a,115.091666,-7.401286,670.4929809570312,1168.106201171875,115.09170303744872,-7.4012177505678896,185.8300304861,1.3618084457042945,3.6080981055814005
SB87206_component_11a,117.499128,-4.395536,584.0250244140625,1434.950927734375,117.49917766627584,-4.39547931684394,197.11869488758,1.118256231066021,2.9628089042855192
SB87206_component_14a,113.580602,-5.555211,429.8789978027344,1190.800537109375,113.58058884022572,-5.55516296302778,68.32200024555,2.374779770406638,6.291955684226818
SB87206_component_15a,114.65248,-7.649194,429.3349914550781,1455.3729248046875,114.6525016919736,-7.649149850976808,164.06146237642,0.9877053196656673,2.61691554638236
SB87206_component_18a,116.814367,-8.710151,404.07000732421875,1141.440673828125,116.8143692907286,-8.710117343288351,72.72550308038002,2.097044116134855,5.556097795261993
SB87206_component_21a,117.253239,-9.609501,389.4530029296875,830.3901977539062,117.25325429073384,-9.60951429032432,145.87482714200002,1.0076562154316075,2.6697752488205477
SB87206_component_22a,113.844301,-9.555589,344.17498779296875,845.6387939453125,113.8443137765802,-9.555568960796268,104.55761375818,1.2423996723538464,3.291725733039144
SB87206_component_25a,111.121456,-6.968859,314.5050048828125,441.72052001953125,111.12143008970806,-6.96882031593912,178.63288295388,0.66451354729985,1.7606221188515017
SB87206_component_26a,113.187808,-2.482492,312.8089904785156,361.6288757324219,113.18783365523258,-2.48253822700471,232.7091679488,0.5073450400359321,1.3442057020604317
SB87206_component_35a,111.12119,-6.409291,237.3419952392578,380.3557434082031,111.12117108960295,-6.4092168182398295,241.85866907389,0.3703826340468867,0.9813251521976567
SB87206_component_36a,114.118123,-9.997413,238.21099853515625,391.15106201171875,114.11808005209926,-9.997393218616038,92.12283315013,0.9759604293122034,2.5857975747114774
SB87206_component_40a,111.446628,-6.941118,213.4600067138672,470.1762390136719,111.44663670787708,-6.94106860691915,42.02327631015,1.9171862057215316,5.079566027609075
SB87206_component_41a,111.899807,-2.701006,215.54400634765625,236.86154174804688,111.8997994270644,-2.7009480409707405,52.32197293485,1.5548536757512954,4.119569547120217
SB87206_component_43a,111.404855,-9.126275,203.47000122070312,318.4194030761719,111.40485046835936,-9.12622268043106,87.02769580809,0.8824306579794589,2.3379913639146213
SB87206_component_44a,111.812643,-8.725292,190.4250030517578,547.1983032226562,111.81261098492487,-8.725242407420879,57.60065800214001,1.2477690590176078,3.305951870283896
SB87206_component_47a,112.44147,-7.136477,188.59300231933594,733.8248901367188,112.44152424836416,-7.1364275106144,60.36416088111,1.1791908267922229,3.124254517358049
SB87206_component_48a,117.399489,-3.406929,195.2310028076172,468.17987060546875,117.3994879376962,-3.40678649927406,60.77966667846,1.2123503903061665,3.2121104553014277
SB87206_component_52a,117.633642,-9.225028,193.36300659179688,518.3994750976562,117.63367950984905,-9.22505377217836,61.57336126566,1.1852725147541943,3.14036788989847
SB87206_component_53a,111.918185,-9.402135,184.13099670410156,378.0924072265625,111.91820105586925,-9.40211940867033,60.6926771246,1.1450601352925205,3.0338255853517038
SB87206_component_55a,113.48576,-5.846215,180.64300537109375,694.7808227539062,113.485651340659,-5.846171351588088,54.42066360045001,1.2528382447889648,3.319382628211832
SB87206_component_62a,111.854817,-9.290167,168.52999877929688,359.3390197753906,111.85482250628814,-9.29013464306022,38.03826428402,1.6722230740782138,4.430538615561827
SB87206_component_66a,117.723162,-3.380509,165.24000549316406,373.0022888183594,117.7231600800906,-3.3804418175168105,61.6437343941,1.0117284109021236,2.6805644907356454
SB87206_component_69a,116.230285,-3.249119,156.03599548339844,469.9879455566406,116.2303152967892,-3.24906110292827,61.85976478238001,0.952037855348068,2.5224149498842476
SB87206_component_74a,114.203245,-7.815322,145.58900451660156,731.60302734375,114.20327715743042,-7.8152628984074415,39.52314708554,1.3903199145310317,3.6836389622896952
SB87206_component_75a,114.21104,-7.022924,141.16400146484375,593.1260375976562,114.21111121831122,-7.0228474712981,77.36208420116999,0.6887053942250247,1.82471817974507
SB87206_component_76a,116.12006,-2.800749,150.88600158691406,297.0196838378906,116.12012695381728,-2.80070402106551,38.64622589476,1.4735997785895305,3.9042881444051316
SB87206_component_81a,114.997922,-7.795844,137.74200439453125,525.7328491210938,114.99791584792472,-7.79583601411754,95.19611646521,0.5461159394042964,1.4469288192535659
SB87206_component_83a,111.371044,-5.68429,138.35299682617188,365.0474853515625,111.37102051392904,-5.68420816278564,38.80603366014,1.3456341499732571,3.5652444678540416
SB87206_component_85a,115.968355,-4.672386,130.58399963378906,544.1000366210938,115.968381412126,-4.6723395529499685,200.09956803557,0.24630969185377763,0.6525951101032674
SB87206_component_87a,115.285551,-7.402667,131.1009979248047,328.5739440917969,115.2856064043162,-7.40261426387349,29.15511847544,1.697183779909389,4.49667176057758
SB87206_component_89a,115.756007,-8.519453,127.62200164794922,550.0948486328125,115.75600014277572,-8.5194277997971,46.350384441120006,1.0392257444785984,2.7534184060559515
SB87206_component_91a,112.051528,-6.176761,128.20899963378906,531.987548828125,112.05154368301956,-6.17672924983348,110.48545797881,0.4379767705167044,1.160415153081759
SB87206_component_92a,112.686877,-8.414511,132.11199951171875,569.4483032226562,112.686827440302,-8.41445712033298,41.10700817538,1.2130091640003131,3.213855869735708
SB87206_component_93a,114.279733,-7.343925,127.16000366210938,543.4188232421875,114.27975987511248,-7.3438494363238895,97.1071641917,0.4942389242654188,1.3094811770126644
SB87206_component_94a,113.58802,-9.73595,132.0749969482422,360.86065673828125,113.58800362083636,-9.735914184174211,27.8612855867,1.7891928047585104,4.740448768497967
SB87206_component_102a,117.943465,-5.366092,122.52999877929688,385.3144836425781,117.94354077764964,-5.36608329263039,33.70078157759,1.3722718096276263,3.635820685558688
SB87206_component_106a,110.951257,-5.496924,121.94499969482422,177.24563598632812,110.95121683142185,-5.4968244282598695,34.03407438157,1.3523457449129022,3.583026772746886
SB87206_component_107a,112.60119,-4.46919,123.29499816894531,505.307373046875,112.60126538373508,-4.46918437719838,27.54379715917,1.6895044214647663,4.476325375780565
SB87206_component_109a,117.758114,-6.552083,122.16500091552734,352.0605163574219,117.75820455550496,-6.552100337900032,58.43799908486999,0.7890220694974416,2.0905062258908984
SB87206_component_111a,111.568992,-9.944376,115.16000366210938,82.43379211425781,111.56891502540437,-9.94439954242001,40.64941452204,1.0692642846236946,2.8330052232282448
SB87206_component_112a,112.742832,-2.846306,107.03500366210938,219.78440856933594,112.74284579269552,-2.84620849530491,30.22184520788,1.3367264359297257,3.5416435669586854
SB87206_component_114a,110.756563,-4.864875,108.80400085449219,100.00366973876953,110.75652117613625,-4.8647208729756,26.25973844061,1.5638394146751124,4.143377174169779
SB87206_component_119a,118.2945,-7.73126,105.53800201416016,206.12890625,118.29455190285276,-7.7313401234344195,47.17746663881,0.8443294497894814,2.2370425869230655
SB87206_component_120a,118.573364,-5.425752,108.7509994506836,170.18936157226562,118.57343453179509,-5.42576258966185,28.22119583597,1.4544390624970798,3.853522015253245
SB87206_component_122a,115.870178,-3.423265,106.09200286865234,301.3977355957031,115.87026737440792,-3.42320292635946,40.10888273192001,0.9983429822891849,2.645099929054387
SB87206_component_137a,117.82064,-9.398413,91.77200317382812,186.52845764160156,117.82065756165458,-9.39848721019624,22.26743707546,1.5555273924754844,4.121354552965872
SB87206_component_139a,117.946942,-7.066616,91.44400024414062,243.8506622314453,117.94702277660556,-7.06667050132354,20.25087653992,1.7043118975966454,4.51555763840047
SB87206_component_142a,114.704356,-9.55609,91.50499725341797,332.74542236328125,114.7043369724504,-9.55602947677566,37.26570416617,0.9267725584414502,2.455474793804827
SB87206_component_145a,116.707349,-4.288348,87.43299865722656,312.2607116699219,116.70738404676392,-4.28830544273939,43.38903721526,0.7605592377905859,2.015094232754172
SB87206_component_146a,117.747494,-8.763504,88.7249984741211,277.265625,117.74749686829529,-8.76354469388806,59.88555446823001,0.5591928518573696,1.4815759703985165
SB87206_component_149a,118.689046,-4.905425,90.7040023803711,104.37744903564453,118.68908920132324,-4.90545451643702,37.75794046565,0.9066837648458244,2.4022497324208762
SB87206_component_153a,111.732948,-3.647495,86.25399780273438,242.96900939941406,111.73297174990068,-3.6475042090974106,24.67513550535,1.3193419535044641,3.4955835514675493
SB87206_component_156a,116.552694,-8.413875,83.625,327.9411926269531,116.55274736021708,-8.4139056107028,24.98195803038,1.2634188202234824,3.3474157589371303
SB87206_component_157a,112.442924,-2.630754,85.70500183105469,112.4737548828125,112.44295462695256,-2.63073814235514,54.86039670354001,0.5896372478054258,1.5622380985357394
SB87206_component_161a,116.986232,-9.094194,84.7229995727539,304.7590026855469,116.98623667947348,-9.094272158766028,29.67734709842,1.077491698459185,2.8548036754021218
SB87206_component_167a,114.051747,-2.825525,81.00599670410156,213.17367553710938,114.0517508443618,-2.8254972973294104,19.94675986936,1.5327894274855525,4.061110537984367
SB87206_component_170a,114.183301,-3.749797,77.93599700927734,359.1520690917969,114.18327217063016,-3.74978910391504,37.226131661290005,0.7901833459001477,2.093583016317538
SB87206_component_171a,115.724598,-4.10891,78.24700164794922,367.3568115234375,115.7246134171589,-4.10887943023764,37.60321261004,0.7853810896676012,2.0808594855817555
SB87206_component_175a,115.517474,-7.864458,74.56800079345703,249.3913116455078,115.5175051277057,-7.864433505719581,32.50731084727001,0.8657831734687306,2.2938840171616137
SB87206_component_176a,112.3278,-5.454457,76.74800109863281,341.10223388671875,112.32782196050267,-5.45437318319782,34.064732520220005,0.8503540325054254,2.2530046596748425
SB87206_component_179a,118.095184,-4.448313,81.4800033569336,196.3373565673828,118.0950848993772,-4.44853239717106,40.15130262163,0.7659300068965565,2.029324032765983
SB87206_component_181a,117.009228,-8.187194,74.37799835205078,303.5836486816406,117.0092547769384,-8.18722803510813,26.86431443959,1.0449762259329016,2.768654250206354
SB87206_component_185a,116.15404,-9.255046,72.36199951171875,275.1406555175781,116.15408567177168,-9.25504565079132,19.4793326404,1.4020844427640877,3.714808964329736
SB87206_component_191a,115.193088,-10.321137,78.33300018310547,88.5118637084961,115.19303831180824,-10.3211461610634,25.35694019192,1.1659652305379111,3.0892134299416107
SB87206_component_192a,117.352578,-8.511232,77.78700256347656,314.9271545410156,117.35258290936784,-8.511221823425549,23.94675513139,1.2260213950497452,3.248331648136805
SB87206_component_193a,116.624388,-7.983703,73.33799743652344,264.75811767578125,116.62438011848616,-7.98383758430876,29.56479482671001,0.9362500699062283,2.4805853673730547
SB87206_component_197a,112.591414,-7.157245,69.37899780273438,375.0216064453125,112.59143494529296,-7.157197944655732,21.20289551564,1.2350101714933743,3.2721473230652856
SB87206_component_198a,116.589309,-2.335929,75.6989974975586,74.58029174804688,116.58930103035318,-2.3359152472595803,34.51192885227,0.8278632064139376,2.19341543677816
SB87206_component_200a,117.717388,-6.191646,70.2490005493164,220.21629333496094,117.71747719658784,-6.19167045310562,22.439993142450003,1.181558191857845,3.1305268278547524
SB87206_component_202a,117.924674,-5.701254,73.22100067138672,230.9810791015625,117.92472403652592,-5.70127835468647,22.55624487605,1.2251987490420664,3.246152055616849
SB87206_component_203a,113.528663,-5.338576,70.89099884033203,223.6309051513672,113.52864069997447,-5.33852117074246,22.90870156567,1.1679609064153564,3.094500953583779
SB87206_component_205a,111.738236,-6.405114,67.375,213.88888549804688,111.73824653599482,-6.4050718438107,20.89064200623,1.2172637164223123,3.225128264603235
SB87206_component_213a,117.951181,-8.48176,69.0270004272461,197.22000122070312,117.95117384578047,-8.48179529195878,20.54323068547,1.268200570218334,3.3600849585974872
SB87206_component_217a,113.162568,-7.079963,66.48799896240234,355.55078125,113.16258078379217,-7.079927237324541,43.77220038622,0.573300828517751,1.5189549160369271
SB87206_component_218a,115.093259,-8.699516,67.44499969482422,216.86495971679688,115.09320336111776,-8.69945331895654,16.21684328544,1.56971613654272,4.158947491055703
SB87206_component_219a,111.95971,-3.846511,65.08899688720703,218.41944885253906,111.9596654937586,-3.84648563734543,18.78919941456,1.3074858225662327,3.4641708489595735
SB87206_component_225a,110.762066,-7.631593,71.28700256347656,68.80984497070312,110.76191663976364,-7.631489330027031,23.88996502722,1.1262440918845877,2.9839726630931787
SB87206_component_227a,112.907878,-10.30409,66.59100341796875,64.96683502197266,112.90784340692552,-10.30407559075288,38.86010454286,0.6467691255170239,1.713608447566668
SB87206_component_231a,117.542716,-5.165435,62.178001403808594,245.7628631591797,117.54276867595672,-5.16544527532995,54.2567151857,0.4325346924723675,1.1459964207379134
SB87206_component_238a,116.786553,-9.394678,61.90700149536133,217.21754455566406,116.78656747748056,-9.394674562758311,18.90656148339,1.2358475571419154,3.2743659681189805
SB87206_component_239a,112.935096,-8.302816,58.790000915527344,281.2918701171875,112.93508701558363,-8.302779568036389,31.18259433164,0.7115884785612858,1.8853466870097775
SB87206_component_244a,115.855286,-6.008194,59.06100082397461,79.48990631103516,115.8553262140984,-6.008213235449129,23.61074406658,0.9441235138288041,2.5014459797382216
SB87206_component_248a,118.56241,-5.241463,61.426998138427734,91.95658874511719,118.56250619734492,-5.241469263077169,23.47702061759,0.9875384106298143,2.616473322530712
SB87206_component_249a,111.97952,-5.644973,59.262001037597656,264.5625,111.97949320640188,-5.644936629876442,53.87408496839001,0.41517776863578204,1.1000094214568832
SB87206_component_252a,112.808693,-6.486697,54.86000061035156,284.2486877441406,112.80874249579396,-6.486710985224921,17.96679099975,1.1524523500361452,3.053411185732328
SB87206_component_259a,112.182655,-7.27487,50.994998931884766,216.08050537109375,112.1826905021532,-7.274836484632193,15.13381754441,1.2717940208642238,3.3696057708004323
SB87206_component_261a,113.852611,-8.67694,54.9640007019043,300.3497314453125,113.85255760748278,-8.67687305028009,17.280201375020006,1.2005139829833047,3.1807500103187114
SB87206_component_262a,118.574793,-5.635602,57.803001403808594,86.01637268066406,118.57486265663204,-5.635607595884969,21.23286259849,1.0274945473334538,2.7223367144060604
SB87206_component_263a,113.452774,-2.667484,54.10499954223633,113.19037628173828,113.45275826008609,-2.66744634870577,13.60268512281,1.5012410741276438,3.9775234855292663
SB87206_component_265a,115.015107,-9.712885,54.694000244140625,158.9941864013672,115.0150899528262,-9.7128360115943,13.03929057134,1.5831549037198993,4.194553372739199
SB87206_component_271a,112.798747,-7.848301,54.1870002746582,220.27235412597656,112.79873571635704,-7.84827133781564,22.75748367298,0.8986871987041728,2.38106290894518
SB87206_component_272a,111.937295,-4.450841,55.59400177001953,205.1439208984375,111.93733579262538,-4.450626064447468,14.0471175078,1.4937516800514572,3.9576804094612026
SB87206_component_275a,117.476008,-8.042809,52.78799819946289,199.9545440673828,117.47603114049949,-8.04286520729155,17.78256464688,1.120413885831932,2.96852558940224
SB87206_component_276a,116.356635,-2.611551,56.2599983215332,91.628662109375,116.35668968058349,-2.61148713250742,17.992842450050002,1.1801511211341194,3.1267988077879743
SB87206_component_278a,111.322441,-9.031052,53.01599884033203,86.76922607421875,111.32244996677608,-9.030964734321552,19.06481783816,1.0495713653899787,2.7808290270791676
SB87206_component_279a,115.37151,-3.575874,52.27000045776367,232.31112670898438,115.37151214185572,-3.57585802968362,20.53548934403,0.9606941216179151,2.5453496423721407
SB87206_component_283a,115.479438,-9.120679,50.82400131225586,211.7666778564453,115.47943703707506,-9.12063550272927,18.727745338210003,1.024285545286729,2.713834494991783
SB87206_component_284a,113.32446,-6.885162,52.7760009765625,285.2756652832031,113.32456117364376,-6.885168107739822,16.89559315597,1.1789644818693101,3.123654818707225
SB87206_component_288a,112.426023,-9.303709,49.15299987792969,157.54165649414062,112.42602033298486,-9.30372099125163,8.91202806888,2.0816665734012827,5.515355146778267
SB87206_component_289a,112.425494,-3.560179,49.04899978637695,184.3947296142578,112.425495186087,-3.56015346703374,13.78053442444,1.3433889784535755,3.559295907957514
SB87206_component_291a,114.188336,-9.11512,51.689998626708984,279.4053955078125,114.18838637060502,-9.11513338378956,16.22298533802,1.2025784872727614,3.186219894162692
SB87206_component_293a,113.980141,-7.427182,49.60499954223633,248.02499389648438,113.98016213978065,-7.427115258361701,17.906387286020006,1.0455749317128171,2.770240515291673
SB87206_component_297a,111.899124,-6.284096,49.05699920654297,146.0029754638672,111.8991197117002,-6.284029979856711,13.106880181339998,1.4126654884146475,3.7428433408878212
SB87206_component_299a,110.849559,-3.740132,49.39500045776367,37.307403564453125,110.84949106091987,-3.74017920907869,20.2400760971,0.9211037245314874,2.440455274021474
SB87206_component_307a,116.591374,-2.538771,50.86199951171875,73.71304321289062,116.59137584771594,-2.5387409414809303,24.48895911797,0.7839002244063036,2.076935947612253
SB87206_component_308a,113.338238,-4.83224,47.4370002746582,193.6204071044922,113.33824558878004,-4.83218529762842,8.10030504924,2.2103117353377346,5.8561992401889755
SB87206_component_313a,110.980681,-5.418469,49.41899871826172,70.59857177734375,110.98067850697127,-5.41835302745964,8.89299779732,2.097410523746789,5.557068588632133
SB87206_component_322a,118.38944,-6.497479,47.34700012207031,93.20275115966797,118.38951752079775,-6.4975831255435885,12.87705151277,1.3877579378802607,3.6768510303089896
SB87206_component_326a,116.68062,-9.703926,44.152000427246094,107.68780517578125,116.68060485663987,-9.703933591740618,14.62634705779,1.1393369875869654,3.0186621617002256
SB87206_component_330a,116.22412,-4.416473,44.34700012207031,198.86546325683594,116.2241385983626,-4.4163964339427695,13.17738783073,1.2702014512302489,3.365386273192324
SB87206_component_331a,114.091489,-9.723122,47.08399963378906,140.97006225585938,114.09141348546125,-9.72303115075015,16.21380013122,1.096039530849203,2.90394597520219
SB87206_component_332a,114.518917,-4.049943,47.479000091552734,256.64324951171875,114.51895255820428,-4.04992187173802,20.17348184909,0.8882973936475842,2.35353522246307
SB87206_component_338a,113.244518,-4.651114,41.39400100708008,166.240966796875,113.24455241266249,-4.65107107078996,26.71758586164,0.5847602966617909,1.5493166643664413
SB87206_component_339a,116.904125,-5.762452,42.98400115966797,131.0487823486328,116.90421155423336,-5.76244924680466,12.64215625938,1.2832857474748114,3.4000529876203256
SB87206_component_340a,114.550331,-7.837916,45.77899932861328,215.9386749267578,114.5502225330572,-7.83775526316664,10.33755581117,1.6714219976996112,4.428416171562321
SB87206_component_347a,112.319993,-8.63446,39.374000549316406,148.02255249023438,112.31998226598414,-8.6344332099077,6.36986940969,2.3330105342862857,6.181288503249332
SB87206_component_348a,114.386431,-6.759981,38.62699890136719,142.53504943847656,114.386479984043,-6.75995871820786,8.61552143906,1.6921820556591622,4.483419741287488
SB87206_component_349a,114.668044,-8.773692,41.266998291015625,208.419189453125,114.66802146069232,-8.773628280927829,13.72085929245,1.135165686596086,3.007610340682022
SB87206_component_353a,115.667596,-10.266015,40.31700134277344,52.089149475097656,115.66765566041326,-10.26604867724509,79.41243408829,0.19161848441761414,0.5076912930026722
SB87206_component_355a,112.478946,-6.870818,38.21500015258789,189.18316650390625,112.47897316584007,-6.870792492548491,16.71813825806,0.8627473594683531,2.2858406577756356
SB87206_component_356a,114.933243,-8.624984,40.88199996948242,165.51417541503906,114.93323119152168,-8.62492253420038,12.98806225346,1.1880246658317004,3.1476596871555276
SB87206_component_358a,116.241799,-9.01444,39.23699951171875,164.1715545654297,116.24182324594044,-9.01441688681487,17.057650028199998,0.8681889919007474,2.300258209475014
SB87206_component_360a,114.569,-9.081826,40.1870002746582,202.9646453857422,114.5689944804268,-9.0817695102524,18.7507898782,0.8089165265026498,2.143216394386688
SB87206_component_362a,111.604132,-3.83811,37.571998596191406,97.58960723876953,111.60410070048952,-3.83806187765769,11.63896566212,1.2183935637183778,3.2281217839204266
SB87206_component_363a,115.325328,-7.626459,39.54199981689453,124.73816680908203,115.3253687338348,-7.6264075972641905,7.574403566389999,1.9703703998332156,5.22047702770351
SB87206_component_368a,111.177999,-8.909908,41.23400115966797,58.821685791015625,111.17797251324926,-8.90983161317763,17.637955101739994,0.8823582113668642,2.3377994173258902
SB87206_component_370a,115.206877,-3.000972,39.095001220703125,105.94851684570312,115.20690269402888,-3.0009227495189,13.88614539611,1.0626180980929056,2.8153962172724345
SB87206_component_376a,112.118955,-6.699327,37.82600021362305,161.6495819091797,112.1190079554548,-6.69928398486066,14.17532724144,1.0071519844578134,2.668439293806419
SB87206_component_377a,116.500726,-2.946892,38.917999267578125,101.34895324707031,116.5007492007682,-2.94680809138889,25.185508692320003,0.5832267891747208,1.5452536513366382
SB87206_component_378a,114.282907,-7.994222,37.680999755859375,192.25,114.2829018846336,-7.99420196566522,25.8740064656,0.5496628942191628,1.4563264412087475
SB87206_component_380a,113.433709,-9.411393,37.02799987792969,129.46852111816406,113.4337444138124,-9.41131888742995,9.86294458792,1.4169722531163076,3.7542540716776487
SB87206_component_382a,112.637976,-7.528538,36.19900131225586,159.4669647216797,112.63799394119802,-7.5284951610347,22.62901577577,0.6037659396203786,1.5996719287727887
SB87206_component_383a,111.833902,-8.913778,36.73400115966797,110.31231689453125,111.83386726131216,-8.913743734919029,14.845042808520002,0.9339518069155925,2.4744961421455285
SB87206_component_384a,116.189044,-8.73261,36.24700164794922,151.0291748046875,116.18899276206272,-8.73259676564885,16.217124589370002,0.8435987351992025,2.235106565790855
SB87206_component_386a,118.749142,-8.70272,35.20000076293945,29.114971160888672,118.74929189903192,-8.7027936327595,10.40927140981,1.276321326519927,3.381600822682551
SB87206_component_388a,112.487473,-4.955941,36.845001220703125,159.50216674804688,112.48745162492771,-4.95588076726025,5.624623498869998,2.472423164494107,6.5506608981215155
SB87206_component_389a,112.68267,-3.468497,36.21099853515625,131.19927978515625,112.68269996728078,-3.46846083583022,14.02145978422,0.974731398009566,2.582541268342741
SB87206_component_393a,112.436139,-6.689937,35.07899856567383,160.17808532714844,112.43613826593472,-6.6898969937010095,9.27087195759,1.428118645336645,3.78378632842134
SB87206_component_396a,113.413369,-8.207818,35.3650016784668,181.35899353027344,113.4133637914531,-8.20779850137637,10.00226803668,1.3344824916086095,3.5356982585127077
SB87206_component_402a,115.569072,-4.052369,37.013999938964844,180.55609130859375,115.56907050563936,-4.05237353411893,15.50791974766,0.9008451829792751,2.3867804670932675
SB87206_component_405a,112.639707,-8.44421,35.40399932861328,169.39712524414062,112.63969773964703,-8.44418046733438,26.8156261807,0.49831282728093473,1.320274943051473
SB87206_component_407a,113.171439,-7.389364,34.34299850463867,170.86068725585938,113.17145836005658,-7.389318508276862,10.96450695484,1.1821886602031022,3.1321972475450743
SB87206_component_409a,116.062808,-4.432474,34.36399841308594,152.7288818359375,116.06284427660412,-4.4323894699859405,14.23017274856,0.911446546328033,2.414868675193233
SB87206_component_410a,112.766609,-9.768581,34.055999755859375,75.17880249023438,112.76660985690827,-9.76862601478678,23.03540160402,0.5580017120402979,1.4784200571487378
SB87206_component_418a,115.253097,-4.770073,33.12300109863281,154.78038024902344,115.25313460886692,-4.77003789985228,10.85558756056,1.1516328113115255,3.0512398259283278
SB87206_component_420a,118.172698,-7.446662,35.25400161743164,93.7606430053711,118.17281585093878,-7.44672974540726,19.47693462671,0.6831648280870157,1.8100385041640747
SB87206_component_421a,115.254581,-4.328484,33.816001892089844,164.1553497314453,115.25459355651508,-4.32845185140172,8.86416379768,1.4398663162805603,3.8149116672393215
SB87206_component_424a,114.081984,-7.579469,34.551998138427734,169.37254333496094,114.08204878245678,-7.57939492102974,10.20519007915,1.2778790642581377,3.3857280335248396
SB87206_component_425a,112.094571,-9.418295,33.90999984741211,80.73809814453125,112.09457499512148,-9.41830451249716,7.3864584016,1.7327233066668477,4.590833387766291
SB87206_component_428a,114.493453,-10.295236,35.78799819946289,44.237327575683594,114.49338511754554,-10.295239286410087,13.71978976938,0.9845270111004393,2.6084946490459346
SB87206_component_429a,115.823445,-2.360639,35.683998107910156,45.341800689697266,115.82344109999822,-2.3606087335355,9.80706105935,1.3733217998601959,3.6386026243702463
SB87206_component_435a,114.083899,-6.105085,32.202999114990234,138.8060302734375,114.0839217611056,-6.10508809635468,11.64180477943,1.0440317191495851,2.7661517887578717
SB87206_component_437a,113.100572,-4.527236,32.67300033569336,121.91417694091797,113.1005797133804,-4.52717156670429,7.04840461626,1.749588340644119,4.635517129694832
SB87206_component_439a,116.274543,-9.13977,30.917999267578125,122.69046783447266,116.274563464636,-9.13972692142686,13.17801448385,0.8855214541711325,2.3461803980765796
SB87206_component_440a,117.065771,-9.820724,32.70199966430664,64.24754333496094,117.06572092422768,-9.82081445023999,10.11025965685,1.2208145195318163,3.234536082577273
SB87206_component_441a,117.982737,-5.066227,33.8129997253418,98.00869750976562,117.98276030578296,-5.06624012255096,13.0834038887,0.9754401738059965,2.584419162856062
SB87206_component_443a,113.938163,-2.809201,31.347000122070312,84.95122528076172,113.93811819701254,-2.80914735178859,16.84749293421,0.7022607375760821,1.860632928856617
SB87206_component_445a,117.371688,-4.773259,33.375,128.8610076904297,117.37177476226952,-4.773286534113232,9.07596046129,1.3879261702042067,3.6772967601994475
SB87206_component_449a,114.360637,-5.862576,30.240999221801758,132.0567626953125,114.36063680401595,-5.862577358467821,12.38192015421,0.921819357017608,2.442351335266805
SB87206_component_454a,111.847583,-4.153978,28.548999786376953,100.8798599243164,111.8475388628116,-4.15388627868191,15.947823652240002,0.6756583655502162,1.7901502053772091
SB87206_component_455a,111.432392,-5.092616,30.209999084472656,79.70975494384766,111.43235242585794,-5.09253488133679,9.4647188426,1.2047049097611706,3.1918538296668344
SB87206_component_460a,116.941613,-4.392032,29.882999420166016,118.58332824707031,116.94168641697428,-4.39191677245371,6.31352163642,1.786447257950275,4.733174469187498
SB87206_component_463a,116.235252,-2.77395,31.538999557495117,61.962669372558594,116.23527829588004,-2.77391659126476,15.44829418126,0.7705575277888478,2.04158460393345
SB87206_component_464a,113.531744,-10.326557,32.696998596191406,32.927490234375,113.53172990640432,-10.32654153860856,19.96926898586,0.6179927885895843,1.6373658254262466
SB87206_component_465a,114.817784,-2.628807,31.156999588012695,58.67607879638672,114.81777125908178,-2.62878962341487,12.69346537135,0.9264310697845115,2.4545700229612732
SB87206_component_467a,111.200238,-8.334119,30.128999710083008,56.847171783447266,111.2002267295025,-8.33396921159002,18.04461589603,0.6301947152290592,1.6696947102493713
SB87206_component_469a,111.186266,-7.822866,28.70199966430664,52.56776428222656,111.1862199995158,-7.822799473333799,7.203311793959999,1.5038953866524847,3.9845560605016934
SB87206_component_470a,114.321708,-6.319348,28.389999389648438,113.10757446289062,114.32172212286108,-6.31931635495822,17.20928253765,0.6226447119156311,1.649691050602346
SB87206_component_474a,117.706756,-5.912302,29.35700035095215,112.47892761230469,117.70684284789716,-5.91231639572757,17.741964419939997,0.6245218818251621,1.65466459384611
SB87206_component_475a,112.134456,-3.636118,27.882999420166016,92.94332885742188,112.13441042692128,-3.6360767389593103,9.37760214934,1.1222390375402354,2.9733613109326074
SB87206_component_477a,111.555571,-5.306818,29.506999969482422,95.18386840820312,111.55561327995524,-5.306714279544309,7.698300014710001,1.4466647840332467,3.8329241407973322
SB87206_component_480a,112.808659,-9.721865,29.08799934387207,66.56292724609375,112.80861416156992,-9.721921736242528,22.79554118644,0.4816168026178203,1.2760389896413233
SB87206_component_483a,114.328811,-9.646695,29.569000244140625,103.38810729980469,114.32879347511708,-9.64666986461328,28.21070509851,0.3956037369944686,1.0481482168165432
SB87206_component_486a,114.571734,-5.964385,30.43600082397461,114.85283660888672,114.57189612395912,-5.964327578844791,11.95616302401,0.9608009962572626,2.545632805679712
SB87206_component_487a,116.657582,-4.0603,28.49799919128418,103.25362396240234,116.6575106647134,-4.0601349749927005,7.42075877724,1.449451676709136,3.840307985578185
SB87206_component_489a,115.333261,-4.737378,29.197999954223633,130.9327392578125,115.33278786317756,-4.73696496220141,2.1975899618000003,5.0146904123842,13.286373009416259
SB87206_component_499a,112.247342,-9.037585,26.68400001525879,88.35762023925781,112.24731690584998,-9.03754735742847,9.4849833841,1.0618227924545973,2.8132890627926757
SB87206_component_507a,116.737483,-4.445198,27.851999282836914,118.0169448852539,116.73749797776064,-4.44517167064242,7.365216670400001,1.4272778744921444,3.7815587143241896
SB87206_component_508a,111.445479,-6.24941,27.60300064086914,76.46260833740234,111.44546402056434,-6.2493468270425305,12.33348549268,0.8447110079905424,2.2380535216303366
SB87206_component_515a,111.126515,-8.687752,26.52400016784668,39.885711669921875,111.12646092124648,-8.687699937956781,7.120361292939999,1.4059655420038188,3.7250918986577033
SB87206_component_516a,117.082937,-9.244643,25.597000122070312,85.03987121582031,117.08296799876686,-9.244714053166527,8.62820278775,1.1197122057640774,2.9666664949521095
SB87206_component_517a,111.392234,-7.041599,26.6299991607666,66.9095458984375,111.39221436402867,-7.041496795412392,11.20884353687,0.8967017791073083,2.375802559217707
SB87206_component_520a,116.471659,-8.134115,25.68600082397461,107.02500915527344,116.47167202732147,-8.13417247930008,7.964041056939999,1.2173085923308924,3.2252471628823907
SB87206_component_522a,118.497715,-4.527262,26.711000442504883,38.655574798583984,118.49777011578009,-4.52739619292817,9.0259425069,1.1169539731286127,2.959358584666954
SB87206_component_531a,117.740432,-5.458142,25.01799964904785,93.35074615478516,117.74048864993374,-5.4581292750555015,5.100760949320001,1.8512083358196783,4.90475830912701
SB87206_component_533a,117.57704,-6.754596,26.85300064086914,75.00837707519531,117.5772389000256,-6.75455297538116,9.27418893525,1.0928349321421944,2.8954554223932547
SB87206_component_534a,117.31746,-8.142436,25.1560001373291,97.12741088867188,117.31745458923096,-8.142481347275469,5.7117522027200005,1.6623019570618949,4.404252713440463
SB87206_component_535a,117.722771,-3.034364,26.354999542236328,47.0625,117.7227780948744,-3.03433273546815,3.54934645221,2.8025431346270726,7.425310517609908
SB87206_component_536a,117.804014,-2.40852,28.07900047302246,19.010833740234375,117.804152595055,-2.40868716165607,12.339656583960002,0.8588478967676989,2.2755090696382605
SB87206_component_537a,111.437079,-5.228811,26.209999084472656,73.21228790283203,111.4370465789852,-5.22866964478282,9.24186223378,1.0703977833891407,2.836008417077707
SB87206_component_542a,113.50564,-2.50067,25.7810001373291,45.630088806152344,113.50573901980628,-2.50061161554261,7.82283761577,1.2438646667347186,3.2956072212667915
SB87206_component_544a,117.957254,-8.958118,24.667999267578125,64.91578674316406,117.95727441124204,-8.95819104149167,7.1692589709300005,1.2986656216945234,3.4408018133536857
SB87206_component_548a,111.174011,-7.636452,24.400999069213867,45.2708740234375,111.17406647885817,-7.636302062886,7.0555756349,1.3053075264045175,3.458399474667343
SB87206_component_550a,116.68699,-9.086032,25.549999237060547,92.57246398925781,116.68699697468104,-9.08607639728955,3.70662416167,2.601656914431167,6.893064449660612
SB87206_component_551a,118.600579,-5.541839,26.253999710083008,38.495601654052734,118.60067380211116,-5.5419161072563,6.5892364026,1.5038276741972973,3.984376657016529
SB87206_component_552a,116.16496,-9.454442,25.604999542236328,90.47703552246094,116.16506761003068,-9.45439304693816,10.00637959703,0.9657961814772524,2.558867499873397
SB87206_component_553a,115.336693,-10.303856,26.405000686645508,35.113033294677734,115.3367086391812,-10.30393788933935,7.858365280370001,1.2682114108396998,3.360113680717354
SB87206_component_557a,112.143504,-9.733754,24.58300018310547,41.38552474975586,112.14353896764828,-9.73379043390427,7.46273737685,1.243295642319555,3.2940995966659465
SB87206_component_559a,117.586826,-2.38221,21.63800048828125,16.87831687927246,117.58690609213993,-2.3822729880446003,8.37345724675,0.9753264557572368,2.584117868002447
SB87206_component_562a,116.38622,-5.379486,25.048999786376953,71.36466979980469,116.3863270796194,-5.37944337542271,6.59637547128,1.4332524953401502,3.797388413597429
SB87206_component_566a,113.747047,-2.765116,22.398000717163086,55.99500274658203,113.74701490330476,-2.76509406118394,14.10215957572,0.5994615262831456,1.5882674278999238
SB87206_component_569a,111.312601,-6.209777,24.33300018310547,59.93349838256836,111.3125235138844,-6.20973900750721,13.78676687028,0.6661482834384171,1.7649533361995033
SB87206_component_571a,114.945103,-5.628487,24.354000091552734,98.59918975830078,114.94514379060917,-5.62845436622085,20.58633834695,0.4465076279464199,1.1830175760790862
SB87206_component_575a,112.711598,-5.329821,23.358999252319336,110.70616149902344,112.7116020230203,-5.32976160082803,12.24175235327,0.720192059543062,1.9081417903442321
SB87206_component_576a,114.571084,-6.285227,24.274999618530273,77.80448150634766,114.57103991081672,-6.285158011000428,11.16092389953,0.8209123142716421,2.174999116296503
SB87206_component_579a,113.585249,-7.512983,24.566999435424805,144.5117645263672,113.58527820851192,-7.51292232398221,8.82766742331,1.0503736985029213,2.7829548007839677
SB87206_component_587a,114.89958,-6.50386,22.545000076293945,48.37982940673828,114.89958963306216,-6.50382422781054,8.19736596995,1.0380388364405728,2.7502737048632047
SB87206_component_588a,111.92158,-4.001201,23.2189998626709,81.75704193115234,111.92154303490784,-4.00115784050748,6.90508969909,1.2691468319226198,3.362592069691847
SB87206_component_590a,111.318079,-9.733689,22.83300018310547,14.874918937683105,111.31792314639844,-9.73375369578843,5.22477837764,1.649425833643502,4.370137550871391
SB87206_component_592a,115.467888,-2.623688,24.187000274658203,51.13530731201172,115.46790204084834,-2.62368754286836,6.487605321749999,1.4071334068051267,3.728186144981748
SB87206_component_596a,117.426384,-4.645032,21.906999588012695,83.614501953125,117.42640022916956,-4.644988887241079,7.066032696960001,1.1701591770488047,3.1003252500427405
SB87206_component_599a,114.914834,-9.749004,23.81999969482422,64.20484924316406,114.91473230530804,-9.748937960372972,8.575661755879999,1.0483632634873459,2.7776281729502412
SB87206_component_602a,116.088213,-10.197808,23.586999893188477,33.314971923828125,116.08826134341636,-10.19788449514581,8.99119759747,0.9901314342666805,2.623343513196233
SB87206_component_605a,118.213617,-6.389702,22.548999786376953,50.33258819580078,118.21362553475244,-6.38972664625561,7.88676884881,1.0791103443579004,2.859092261817623
SB87206_component_606a,113.336113,-5.767647,22.680999755859375,101.7085189819336,113.33612914636788,-5.767597876848543,7.43469434984,1.1514279322725158,3.0506970009261356
SB87206_component_609a,112.915632,-6.632686,24.29800033569336,110.94977569580078,112.91558546422527,-6.63258876946697,8.386807378039999,1.0934817792312135,2.8971692374043547
SB87206_component_611a,113.540621,-9.535315,22.408000946044922,73.71053314208984,113.54058180485984,-9.535314725337722,9.25089024583,0.9142337954310372,2.4222534643242275
SB87206_component_614a,111.523467,-6.068317,23.163999557495117,71.71516418457031,111.52338993787976,-6.06823610434282,8.239648489039999,1.0610663672793568,2.8112849217180567
SB87206_component_615a,114.382899,-5.052904,21.888999938964844,105.74395751953125,114.38293484940014,-5.05291148298836,11.54227767726,0.7157676854861619,1.8964194547224784
SB87206_component_622a,115.14934,-7.627565,22.429000854492188,62.47632598876953,115.14942106718534,-7.62753996837213,13.81442606811,0.6127943699883082,1.62359266638435
SB87206_component_626a,117.962401,-6.493253,22.841999053955078,71.83018493652344,117.96241987491284,-6.49331777328861,4.78408403052,1.8020755550879843,4.7745814890028795
SB87206_component_628a,114.802894,-5.297105,22.1200008392334,110.04975128173828,114.80292936569693,-5.29708723543318,11.88455167636,0.7024897976884588,1.8612398213752657
SB87206_component_629a,111.611312,-3.140808,20.381000518798828,32.45382308959961,111.61135518012958,-3.14075524140313,7.180383411709999,1.071310966781039,2.838427887508185
SB87206_component_630a,113.879533,-9.025437,22.31999969482422,110.49504089355469,113.87953148714134,-9.025430681017529,9.023113786980002,0.9336313705200745,2.4736471490619016
SB87206_component_631a,114.881616,-9.259534,21.798999786376953,90.82917022705078,114.88155795131728,-9.259443072980831,7.304424342969999,1.126388629022957,2.9843556128221076
SB87206_component_636a,115.47635,-5.911717,21.5310001373291,55.20769500732422,115.47641043142134,-5.91173156334682,7.4220889811,1.094903219185282,2.9009353286058386
SB87206_component_638a,118.136624,-9.109111,21.091999053955078,43.66873550415039,118.1366728494311,-9.10919195912732,11.54918527066,0.6892933370667529,1.8262759285313408
SB87206_component_639a,111.524535,-8.909621,20.424999237060547,50.55692672729492,111.52455793447407,-8.90954756703263,7.83632779402,0.9837554249938264,2.6064503392325062
SB87206_component_644a,114.736408,-6.929031,21.95400047302246,77.57597351074219,114.73639648458273,-6.929013076226809,5.398363440760001,1.5349323350398656,4.066788150508758
SB87206_component_647a,111.033543,-8.584302,23.047000885009766,29.89234733581543,111.03346993605336,-8.58420276719545,7.3390227903,1.185260653977159,3.140336464886174
SB87206_component_655a,114.421804,-7.520962,21.243999481201172,89.260498046875,114.42186567529328,-7.520934806747709,15.81817259961,0.5068945918974282,1.3430122441403216
SB87206_component_656a,116.390415,-3.5988,21.304000854492188,79.49253845214844,116.39047731591153,-3.59885979577726,5.28913391133,1.5202474854507237,4.027880785709792
SB87206_component_661a,114.184899,-4.184021,21.035999298095703,104.13860321044922,114.1848484536386,-4.18397129672695,8.44858418648,0.939759873462651,2.4898845574337702
SB87206_component_665a,113.266527,-3.659283,20.604000091552734,80.484375,113.26646946442116,-3.65930756489159,7.34276784217,1.0590816210454654,2.8060263560591694
SB87206_component_679a,113.826939,-9.175808,20.92300033569336,101.0772933959961,113.82688676066408,-9.175767340328711,7.9672762177299985,0.9911782731339503,2.626117102496372
SB87206_component_680a,112.502885,-10.113607,21.750999450683594,22.610185623168945,112.50279148259632,-10.1136448787485,7.41404169536,1.1072912777115143,2.933757368035336
SB87206_component_682a,110.88037,-4.183058,20.93199920654297,21.33740997314453,110.88020910997795,-4.18312610280518,6.5493866057200005,1.2062790017490164,3.1960243709329523
SB87206_component_685a,112.617593,-7.343824,20.95800018310547,96.13761901855469,112.61760511484678,-7.34372865633568,6.59758833964,1.1989534215916915,3.1766153182344583
SB87206_component_688a,116.020254,-8.229669,19.652000427246094,82.57142639160156,116.02026823574104,-8.229702499218941,4.4669185892900005,1.6604905681977742,4.3994534564306225
SB87206_component_690a,114.945502,-2.398731,19.05699920654297,27.26323127746582,114.94547553922492,-2.3986484770647203,17.981644146249995,0.40000258937610766,1.0598029330102852
SB87206_component_691a,115.914742,-8.841726,19.606000900268555,94.2596206665039,115.9147067036573,-8.841697232571883,6.230265574830001,1.1877366133700291,3.1468964949866565
SB87206_component_698a,115.502319,-7.370963,20.01799964904785,52.67894744873047,115.50247691686212,-7.3708631299237295,5.4379728749,1.3893809053505841,3.681151066686034
SB87206_component_699a,114.055325,-3.113229,19.48200035095215,72.96629333496094,114.05536897242229,-3.11323553646982,8.013509550619997,0.9175895809151184,2.4311445850145454
SB87206_component_700a,114.938318,-3.530284,19.285999298095703,84.21833801269531,114.93828949817902,-3.53024953195172,13.59637221521,0.535373396780834,1.41846655805148
SB87206_component_702a,113.672957,-7.17716,19.510000228881836,107.19780731201172,113.6730074307571,-7.17715593328368,7.451842568510001,0.9881691443838815,2.61814444541907
SB87206_component_708a,114.025458,-5.018709,20.179000854492188,85.14346313476562,114.02545578609316,-5.01867922401521,6.934375375710001,1.0983227941977152,2.9099954590251884
SB87206_component_712a,118.560535,-7.831243,20.79199981689453,28.173442840576172,118.56040276324896,-7.831362816985218,5.06212656686,1.5502471756070737,4.107364670218361
SB87206_component_718a,112.350056,-9.58815,18.284000396728516,47.490909576416016,112.3500172205718,-9.58810094135642,6.34027590581,1.0884306186805246,2.8837862371215928
SB87206_component_723a,118.381797,-4.942297,18.8439998626709,36.590293884277344,118.38178997291097,-4.94235341122479,7.68076413887,0.9259901116569483,2.4534017087319704
SB87206_component_728a,113.689473,-9.18957,19.229999542236328,90.7075424194336,113.68945750997848,-9.18955413313684,7.55443266405,0.9607604237049387,2.5455253091007037
SB87206_component_735a,113.071307,-6.525441,18.229999542236328,92.0707015991211,113.07129485284524,-6.52542214993858,8.74939554778,0.786405047885632,2.0835724528263966
SB87206_component_736a,111.130953,-6.462918,19.5310001373291,37.92427444458008,111.13084616213926,-6.4627962179036125,6.55032211824,1.1253808256356392,2.9816854476428203
SB87206_component_737a,117.051575,-4.824311,18.576000213623047,72.5625,117.05165152279928,-4.824285746440361,5.2320443158200005,1.3400422122514442,3.5504286837661643
SB87206_component_744a,116.616029,-4.641191,18.15399932861328,74.09795379638672,116.61608568586936,-4.64115749089276,6.71991818735,1.0196380058922743,2.701520884999392
SB87206_component_747a,115.16444,-5.866887,17.583999633789062,53.28484344482422,115.16440826727516,-5.86683093215124,9.09902965633,0.729390783168103,1.9325137182684367
SB87206_component_760a,113.948126,-4.020397,17.507999420166016,84.1730728149414,113.94813693587744,-4.02041904879758,7.39367113096,0.8937459356308768,2.36797108094971
SB87206_component_762a,115.260065,-8.696285,18.180999755859375,73.31048583984375,115.25996037483112,-8.696240221338039,4.519835112130001,1.5182135213107038,4.0224918176918765
SB87206_component_768a,114.608832,-7.593364,17.792999267578125,72.92212677001953,114.60883718971824,-7.59328860626122,5.4091062476900005,1.241541767118927,3.289452721542817
SB87206_component_769a,117.567091,-8.442623,18.48900032043457,71.94163513183594,117.56695466076152,-8.44262337952663,10.0482236727,0.6944833237470678,1.8400267472814422
SB87206_component_770a,115.578083,-3.294992,17.804000854492188,68.21456146240234,115.5781180964696,-3.294946247747509,3.0486818989599995,2.2041603201242386,5.839901125980276
SB87206_component_775a,118.865618,-7.030305,18.761999130249023,14.961722373962402,118.86566764200568,-7.030318010911762,4.91059237169,1.442058611207204,3.820720131121779
SB87206_component_778a,114.917087,-5.213404,18.20400047302246,84.27777862548828,114.91712996777694,-5.21335401177987,6.68586015137,1.0276547537355465,2.722761179695372
SB87206_component_787a,114.292031,-8.748324,18.389999389648438,94.30769348144531,114.291918636748,-8.74827181023027,7.513126247210001,0.9238441515739083,2.447716008562689
SB87206_component_788a,117.940154,-3.619477,16.472000122070312,39.691566467285156,117.94026380504025,-3.61953638609849,8.18902028611,0.7591927908670391,2.011473845047091
SB87206_component_793a,112.315162,-7.591364,16.691999435424805,72.25973510742188,112.3151872142067,-7.591323676420388,5.88988394544,1.0696441232482756,2.8340116019345163
SB87206_component_795a,112.567086,-3.020703,17.08300018310547,49.95029067993164,112.5670162721066,-3.0207520980101,9.78921756134,0.6586487175001534,1.7450833098827419
SB87206_component_797a,110.812647,-8.134661,16.94300079345703,15.529790878295898,110.81258007236558,-8.134467526982121,9.57847682029,0.6676234215636913,1.7688617001783444
SB87206_component_799a,114.529793,-8.868701,17.33099937438965,86.223876953125,114.52972838881324,-8.868618533358509,5.9204359888,1.1048608941388498,2.9273180906229896
SB87206_component_805a,111.173843,-7.922814,17.319000244140625,33.89236831665039,111.17388993033472,-7.92269741735707,4.11656721542,1.587907840016224,4.207146230788223
SB87206_component_811a,117.789362,-8.360925,17.236000061035156,58.427120208740234,117.78936958341338,-8.36096743268914,5.417994995780001,1.2007029371149014,3.181250642435076
SB87206_component_814a,111.548282,-7.237527,16.222000122070312,51.01258087158203,111.54826508876894,-7.237497212739509,6.340813005269999,0.9655997400932231,2.558347030355228
SB87206_component_815a,112.23732,-9.714519,16.94700050354004,31.038461685180664,112.23720184500664,-9.714692761991907,8.89122771465,0.7193972855489258,1.906036044450488
SB87206_component_816a,111.373638,-3.186543,15.885000228881836,19.83146095275879,111.37375811389931,-3.18640573467089,4.6756474459,1.2822808430343093,3.3973905031721623
SB87206_component_822a,114.358865,-3.631921,15.52299976348877,71.53456115722656,114.35884007678034,-3.63188304004287,19.84651506313,0.2952086497445997,0.7821524189063666
SB87206_component_824a,111.100331,-5.320739,17.95599937438965,32.94678497314453,111.10034485739632,-5.32067768149792,12.19967603528,0.5555190662198083,1.4718423114239307
SB87206_component_826a,111.724571,-3.736046,15.59000015258789,44.039546966552734,111.72450059938885,-3.73602392336889,9.34939020522,0.6293620028137067,1.6674884468811237
SB87206_component_827a,116.8582,-4.49477,15.585000038146973,63.09716796875,116.85825560514353,-4.494729053828928,5.258114214510001,1.1187021631645004,2.963990397001927
SB87206_component_828a,112.001984,-10.090483,16.027999877929688,13.457598686218262,112.00193500400654,-10.09036936463032,8.06734826478,0.7498703992065259,1.986774259877174
SB87206_component_829a,115.022057,-2.206998,15.809000015258789,13.284873008728027,115.02225946193636,-2.20684591052559,7.297181768189999,0.8176866760064819,2.166452819384828
SB87206_component_830a,111.459536,-8.537686,16.468000411987305,42.44329833984375,111.45955887922584,-8.53767512087299,7.165297461919999,0.8674497581607832,2.2982996169393606
SB87206_component_831a,111.859861,-7.618943,16.150999069213867,56.472023010253906,111.8598289839694,-7.61884844640934,3.95826108159,1.5400422707250288,4.080326874933209
SB87206_component_841a,114.6534,-9.163907,17.007999420166016,81.76922607421875,114.65352738705548,-9.163689265744509,5.73150114225,1.120011636069639,2.9674598326066515
SB87206_component_842a,111.848196,-5.114907,15.51099967956543,58.09363555908203,111.8481679379844,-5.114822627073701,3.26412756006,1.7935370481998825,4.751958798840666
SB87206_component_843a,115.815305,-3.314419,16.072999954223633,59.75093078613281,115.81535294415684,-3.31441316194731,6.0509601687300005,1.0025599116656303,2.656272642032132
SB87206_component_844a,112.9429,-7.082123,15.439000129699707,76.81094360351562,112.94289231955338,-7.0821282431063,5.31874838783,1.095588363019793,2.902750610468091
SB87206_component_847a,116.956513,-8.941083,15.743000030517578,62.72111892700195,116.95648039295928,-8.941093337628608,4.7395002843,1.2536971201220248,3.3216582099736573
SB87206_component_848a,114.997894,-9.47338,15.805000305175781,57.6824836730957,114.99775096949656,-9.473355880281868,7.60341219418,0.7845554781084237,2.0786720358622217
SB87206_component_851a,111.582951,-8.869827,14.961000442504883,37.40250015258789,111.58299325977116,-8.86974442974024,3.47106499765,1.6268052872693266,4.310204635359425
SB87206_component_854a,113.826538,-6.097476,15.227999687194824,58.56923294067383,113.8266005290145,-6.09744815900316,2.92134743259,1.9674211447048215,5.212663005198949
SB87206_component_855a,110.819284,-9.025273,16.207000732421875,11.535232543945312,110.81929280715208,-9.0251773115576,12.41832969885,0.49258042764510895,1.305087006501585
SB87206_component_859a,118.468512,-4.251265,16.125999450683594,23.070098876953125,118.46847089546236,-4.25120491228604,5.579735744280001,1.09081397929487,2.8901009276675818
SB87206_component_867a,112.03022,-3.266392,15.270000457763672,40.18421173095703,112.03021170058778,-3.2663681548902703,11.10730426129,0.5188813569402049,1.374771060425621
SB87206_component_871a,111.906578,-2.915104,14.404000282287598,24.208402633666992,111.90670163617963,-2.9150454632949305,9.05209772222,0.6005809783468279,1.5912334051509842
SB87206_component_873a,114.253304,-8.176077,15.253000259399414,78.62371063232422,114.25336834629508,-8.17607771955093,5.31063013292,1.084043994656832,2.872163919842163
SB87206_component_877a,117.816458,-6.175365,15.097999572753906,52.60626983642578,117.81652484689783,-6.175325221840558,11.45125765641,0.49762696765503744,1.3184577647069702
SB87206_component_881a,112.266611,-7.949256,13.807999610900879,55.45381546020508,112.26661487235496,-7.949214381110001,9.46246690306,0.5507621394120468,1.4592388805540348
SB87206_component_882a,117.593887,-5.130474,14.723999977111816,54.9402961730957,117.59404250142842,-5.13043781264084,5.6605827109,0.9817532624334074,2.6011456291874913
SB87206_component_883a,118.327985,-7.665413,15.503000259399414,28.085145950317383,118.32804118950492,-7.6654510688279105,3.09753129423,1.8890251375169074,5.004953553908559
SB87206_component_884a,118.295529,-4.837055,14.840999603271484,30.042510986328125,118.29549445914056,-4.83706993275887,5.47574062643,1.0229583948059986,2.7103182228241005
SB87206_component_886a,114.412687,-8.301197,15.182000160217285,72.64114379882812,114.4126866672394,-8.30113410004005,5.92169584316,0.9676550787975003,2.56379263007127
SB87206_component_887a,116.003463,-5.74255,15.097999572753906,22.008745193481445,116.00354908063171,-5.74252489904871,5.8103843821000005,0.9807362557546137,2.598451079977803
SB87206_component_889a,111.156674,-4.676235,14.878000259399414,24.838064193725586,111.15663373055617,-4.6761604010587305,3.85409230878,1.4570019579520055,3.860312381596536
SB87206_component_890a,111.377108,-5.500307,14.637999534606934,40.10410690307617,111.37718417277658,-5.50009065295781,3.71161954419,1.4885244126175392,3.943830815720483
SB87206_component_892a,111.60106,-6.500154,13.972000122070312,29.918628692626953,111.60103587300172,-6.5001245054961805,3.79529209806,1.389476033233946,3.681403107078961
SB87206_component_896a,113.982741,-4.328107,14.758999824523926,71.29951477050781,113.98274189411494,-4.32806944418819,4.90107800226,1.1365878225413963,3.011378275905466
SB87206_component_897a,118.892879,-7.359103,16.20199966430664,11.490779876708984,118.89296127579205,-7.3591403067852,4.31303880944,1.4178260074222144,3.7565160853283137
SB87206_component_898a,114.819518,-2.922193,14.182000160217285,42.334327697753906,114.81953076062752,-2.9221690249622405,5.74675524047,0.931434823879711,2.46782742030569
SB87206_component_904a,112.266093,-3.161467,14.46500015258789,43.96656799316406,112.266179347331,-3.1614290482161302,6.583078508300001,0.8293294615148114,2.197300265271073
SB87206_component_906a,117.280194,-8.96575,14.847999572753906,54.388275146484375,117.28017927094926,-8.96579293876694,6.18146265144,0.9065972187796246,2.402020429468258
SB87206_component_909a,111.079431,-8.863318,15.13599967956543,18.61746597290039,111.07916939007684,-8.8634035848848,4.55018479215,1.2555087994356464,3.3264582365265976
SB87206_component_912a,114.076422,-3.291223,14.538000106811523,61.34177017211914,114.0764654510193,-3.29118663102758,4.7545597675,1.1540697090624856,3.057696362592107
SB87206_component_915a,112.209247,-6.244635,14.133000373840332,66.04206085205078,112.20923188466872,-6.244608446242889,9.34897706002,0.5705687240058273,1.5117162319585473
SB87206_component_917a,117.634481,-2.587901,14.14799976348877,15.003180503845215,117.634298452151,-2.58799266020236,3.7596066324,1.420333473732998,3.7631595926984485
SB87206_component_922a,113.6611,-6.857517,13.918000221252441,63.26363754272461,113.66109478672588,-6.857458864441051,7.93597123868,0.6619336196274972,1.753786625815373
SB87206_component_923a,117.673224,-9.504263,13.345000267028809,29.921524047851562,117.67326528715826,-9.504257550108608,4.29896391323,1.1716353671537583,3.1042364012314136
SB87206_component_924a,114.626428,-2.643091,15.362000465393066,32.20545196533203,114.62638801053755,-2.64300744975036,5.78032185189,1.0030750743497425,2.657637560505412
SB87206_component_925a,113.90216,-2.935218,14.321000099182129,43.795108795166016,113.90222749542052,-2.93509184939592,5.2938415055400005,1.0210337521123674,2.7052189009049883
SB87206_component_931a,117.046819,-8.099583,13.52299976348877,54.09199905395508,117.04682006704164,-8.09965734442201,9.12262214938,0.5594883384913261,1.482358859333863
SB87206_component_934a,113.601971,-6.849459,13.567999839782715,67.1683120727539,113.60201296024536,-6.84938538579818,5.8099412038,0.8814177214215083,2.3353075984501435
SB87206_component_936a,114.288603,-9.325518,14.663000106811523,59.364376068115234,114.28855155165805,-9.32557226631105,6.177607941590001,0.8958600720102691,2.3735724645286473
SB87206_component_949a,117.718562,-3.459394,14.864999771118164,38.7109375,117.7186032028742,-3.45922548120012,5.24988285795,1.0686930362455334,2.831491706259275
SB87206_component_950a,116.937459,-2.784844,13.751999855041504,29.574193954467773,116.93744688591455,-2.7848155039446096,4.79879301235,1.0816120746814206,2.865720571745823
SB87206_component_952a,113.978466,-3.577684,13.854000091552734,65.04225158691406,113.97851069685422,-3.5776942703657504,3.59549324186,1.4543013088978154,3.8531570384445675
SB87206_component_954a,117.522328,-5.68285,14.166000366210938,60.79828643798828,117.52239933556736,-5.68277780767893,4.535296564239999,1.1789061772837577,3.123500341280284
SB87206_component_957a,114.35306,-3.317064,13.425000190734863,58.8815803527832,114.35300977470489,-3.31703366612643,5.3591113675,0.9454949290634512,2.5050795309367797
SB87206_component_959a,117.233374,-10.188993,14.244999885559082,13.375585556030273,117.23344332518448,-10.18922095964632,5.90431200368,0.910606690114813,2.4126434844026794
SB87206_component_964a,117.064947,-2.448722,14.35200023651123,16.180383682250977,117.06489772425373,-2.44883808413279,6.848417706599999,0.7909697544116258,2.095666597947119
SB87206_component_965a,115.693485,-8.451142,13.793999671936035,67.95073699951172,115.69351735958702,-8.45115889607586,3.90842992683,1.3320654586917595,3.5292943535318537
SB87206_component_966a,113.440122,-6.706043,12.961000442504883,68.94149780273438,113.44018093754904,-6.70600950387161,3.98076220386,1.2288814139682473,3.2559092401794496
SB87206_component_971a,112.950911,-3.08602,12.729999542236328,41.197410583496094,112.95095503274172,-3.0860401292346,3.45364783627,1.3911950462461755,3.6859576151762337
SB87206_component_974a,112.163126,-5.231371,14.312999725341797,61.961036682128906,112.1631852994652,-5.23137445603965,10.39284051161,0.5197973796996449,1.3771980537325217
SB87206_component_975a,117.298228,-5.133899,13.961999893188477,54.7529411315918,117.29829148544754,-5.13380168740279,5.65019753037,0.9326564219463553,2.471064032388649
SB87206_component_976a,113.736207,-6.353189,13.295000076293945,66.14427947998047,113.73619592832888,-6.35315617373929,10.75175960399,0.46670933136232945,1.2365417909232406
SB87206_component_984a,117.890541,-4.375455,13.42199993133545,38.45845031738281,117.89069361615807,-4.37535244422204,17.49256721371,0.2896018731358297,0.7672973193331967
SB87206_component_990a,113.125347,-6.410479,13.831000328063965,70.92820739746094,113.1253519826856,-6.410418380767911,5.10567202931,1.0224412519474517,2.708948057898098
SB87206_component_992a,112.567771,-9.265165,13.609999656677246,46.29251480102539,112.56779366904972,-9.265122717170811,6.03041366191,0.8518216929437256,2.256893211595468
SB87206_component_998a,118.419677,-4.948182,13.083999633789062,24.3197021484375,118.4197655956208,-4.94815759952582,4.37595630067,1.128509534101255,2.9899749300023353
SB87206_component_1001a,113.916796,-2.682492,13.222999572753906,29.9841251373291,113.91681036282962,-2.6823884166863703,13.7490091876,0.36299134273765393,0.9617419984473868
SB87206_component_1002a,114.265339,-9.113055,13.329000473022461,60.312217712402344,114.2653202343242,-9.11301980241009,3.32822138679,1.5115518946350583,4.0048419032238725
SB87206_component_1009a,113.520156,-8.959884,13.616999626159668,67.410888671875,113.52018649239956,-8.95981596931911,2.79474583691,1.8389790989081127,4.872357066006136
SB87206_component_1010a,118.304501,-8.249661,12.538999557495117,25.48577117919922,118.30466460184124,-8.2496753945753,4.2394056831699976,1.1163377086742499,2.957725798046092
SB87206_component_1012a,114.128352,-4.212038,12.609999656677246,63.04999923706055,114.12833656734917,-4.211969192358359,18.46908775108,0.2576957853221525,0.6827624529500578
SB87206_component_1015a,112.968764,-10.23651,14.09000015258789,15.28199577331543,112.96897895565178,-10.23635275307141,4.8003589603600005,1.1078347129657218,2.935197194405482
SB87206_component_1018a,111.848532,-2.761609,12.196999549865723,15.537578582763672,111.84864841353338,-2.76146567499348,6.19916599824,0.7426042451328506,1.9675226560038177
SB87206_component_1020a,111.649181,-7.250231,13.048999786376953,45.78596496582031,111.6492063787516,-7.25020881524428,5.57968885253,0.8826833368834448,2.338660834189731
SB87206_component_1024a,113.043359,-2.24517,12.835000038146973,11.873266220092773,113.04358549215642,-2.24511046890163,4.74967763191,1.0199277908210318,2.7022886673227973
SB87206_component_1032a,114.563014,-9.270471,12.848999977111816,59.76279067993164,114.5630078443617,-9.27039428774061,10.04656134327,0.4827136430986214,1.2789450577255588
SB87206_component_1034a,115.124752,-7.757016,12.519000053405762,48.523258209228516,115.1247969442578,-7.75705546213994,5.0386997062,0.9377538387135471,2.484569588062855
SB87206_component_1038a,111.33739,-3.916596,11.907999992370605,24.705394744873047,111.33728602197652,-3.91641771094744,3.3103312695,1.3577038667990484,3.5972230640739524
SB87206_component_1040a,117.992273,-5.272736,12.024999618530273,36.88650131225586,117.99228672907208,-5.27270695011135,6.1537356828900025,0.7375371801378829,1.9540975170521018
SB87206_component_1047a,113.807515,-7.887661,12.244999885559082,68.79212951660156,113.8075475418138,-7.88753423758525,5.86989169909,0.7873473725096173,2.0860691326651573
SB87206_component_1049a,111.961141,-4.152699,12.359000205993652,48.46666717529297,111.96119318516968,-4.152607751579951,4.91027569479,0.9499815005833903,2.5169666581261514
SB87206_component_1055a,112.56262,-8.684376,12.559000015258789,55.570796966552734,112.56253650945234,-8.684361989523161,3.1404295239300004,1.509397738492064,3.9991344876742176
SB87206_component_1057a,112.780016,-4.447841,12.630999565124512,55.39912033081055,112.77992337440632,-4.44777463662296,4.14185421024,1.1510139779928354,3.0496002331266525
SB87206_component_1059a,114.721478,-5.370721,12.559000015258789,62.17326354980469,114.7215142644548,-5.37072194725796,4.41442407116,1.0737883685171319,2.844991739082874
SB87206_component_1060a,111.756135,-7.240244,12.54699993133545,47.889312744140625,111.7561905517084,-7.2401528287358,4.96795669745,0.9532345599630189,2.525585607011368
SB87206_component_1061a,113.870669,-7.271441,11.979999542236328,64.40859985351562,113.87073464455791,-7.27134891990322,5.7224546621700005,0.7901546978359772,2.0935071135528083
SB87206_component_1062a,118.301294,-7.194393,12.946000099182129,27.544681549072266,118.30122435484584,-7.194499621643982,5.3128628130500015,0.9196968304228542,2.4367277218946493
SB87206_component_1065a,113.561885,-2.911262,11.949000358581543,33.564605712890625,113.56184280505036,-2.91118294463531,24.56084774803,0.18362250459238164,0.48650602296657125
SB87206_component_1066a,118.177335,-8.162314,11.965999603271484,30.293668746948242,118.17741619260526,-8.16240811730591,3.4380106928099994,1.3136493238705018,3.4805009851471054
SB87206_component_1073a,114.740033,-10.386804,12.623000144958496,13.76554012298584,114.74018536248585,-10.3867762333387,5.115979787980001,0.9312610796501437,2.46736708667541
SB87206_component_1075a,113.845528,-5.862777,12.402999877929688,50.831966400146484,113.84556779669708,-5.86274969625804,4.43511092166,1.0555041351138226,2.796547842209867
SB87206_component_1081a,112.469971,-7.487142,13.083999633789062,57.89380645751953,112.47001059209656,-7.4870277103331695,4.42305095559,1.1164936727385775,2.9581390233031493
SB87206_component_1084a,114.276775,-5.039006,11.347000122070312,50.88340759277344,114.27682977230042,-5.039010510874889,4.98983325151,0.8582873514206774,2.2740239102452042
SB87206_component_1089a,116.384994,-5.782117,11.902999877929688,19.904682159423828,116.38496733775658,-5.782116766830442,3.66034491018,1.227360392673832,3.251879309194485
SB87206_component_1090a,113.341288,-5.085507,12.642999649047852,53.12184524536133,113.3413534537192,-5.08549543864066,3.48763837785,1.3682213517334214,3.62508903713859
SB87206_component_1092a,112.545117,-2.724781,11.663999557495117,20.499120712280273,112.54503036524927,-2.7247543730794304,6.04920485225,0.7277578325385027,1.9281872316089108
SB87206_component_1096a,112.427668,-8.407877,11.8149995803833,55.469482421875,112.42765603109984,-8.40783790637361,9.01481931767,0.49466862948892804,1.3106196767831666
SB87206_component_1099a,117.672255,-3.203694,12.282999992370605,26.471982955932617,117.67217289978043,-3.20362592221196,4.343690126499999,1.0672921164698252,2.8277799830688743
SB87206_component_1106a,117.934117,-5.619267,12.027000427246094,39.43278884887695,117.93423232573532,-5.619331398266821,4.6467763992,0.9768845410968031,2.588245999811114
SB87206_component_1108a,117.725062,-3.192325,11.560999870300293,24.390295028686523,117.7250756618688,-3.19228256912099,6.9436830264900005,0.6284101549162402,1.6649665352227814
SB87206_component_1109a,112.265125,-9.722914,12.46500015258789,21.640626907348633,112.2650967525066,-9.72297974638068,42.86008349733,0.10976830574325801,0.29083004827474046
SB87206_component_1117a,117.606961,-6.650902,11.142999649047852,37.14332962036133,117.60707673794442,-6.65083284139621,3.96177264919,1.0615739504632855,2.8126297583800226
SB87206_component_1118a,117.396738,-2.683095,10.675000190734863,15.583941459655762,117.39682140310389,-2.6830237881681804,4.24100573089,0.9500286833377402,2.5170916683705236
SB87206_component_1122a,114.096376,-3.859509,11.732999801635742,62.409576416015625,114.09633063007963,-3.85949930718342,4.61234659484,0.9601184470880282,2.5438243983576334
SB87206_component_1124a,114.290635,-6.01043,11.152000427246094,47.65812301635742,114.2906616136516,-6.01042728394523,3.79718812591,1.1084812435168707,2.936910170752603
SB87206_component_1126a,113.982987,-10.297543,12.125,14.349111557006836,113.9827459196653,-10.297655684187712,5.09309688531,0.898540165276404,2.380673345321997
SB87206_component_1128a,115.413915,-8.393283,11.329999923706055,54.73429870605469,115.41391543048512,-8.39327560468511,3.86734538911,1.105744103927351,2.9296581462855715
SB87206_component_1130a,113.9439,-8.191297,12.571999549865723,69.84443664550781,113.94389853572254,-8.19128571090912,5.02235649937,0.9447882981996163,2.5032073194013096
SB87206_component_1138a,115.438223,-2.224444,11.208999633789062,11.520040512084961,115.43818345618593,-2.22442416905786,4.27508391214,0.989600479425966,2.6219367535590936
SB87206_component_1146a,117.131221,-8.027836,11.269000053405762,42.84790802001953,117.13126120800308,-8.02791114116476,4.7482132773300005,0.8957624405520612,2.3733137909387483
SB87206_component_1148a,112.11443,-5.712656,10.777000427246094,48.76470947265625,112.11441756110187,-5.712533238094982,4.605130675590001,0.8832702997596842,2.340215986567062
SB87206_component_1156a,112.378463,-4.670129,10.777000427246094,48.545047760009766,112.37851620496978,-4.67014934860088,2.6278396747,1.5478779742243067,4.101087494417413
SB87206_component_1157a,113.367856,-7.87302,11.805000305175781,62.1315803527832,113.3679800049251,-7.873085564824259,7.78093723987,0.5726269396784635,1.5171694541740082
SB87206_component_1158a,118.495596,-7.318561,10.901000022888184,17.086206436157227,118.49568793284872,-7.318528359828732,5.19347668279,0.7922200690686485,2.0989792943543226
SB87206_component_1159a,113.686687,-2.97257,11.871999740600586,38.29677200317383,113.68675654494292,-2.97244346286091,8.46137700035,0.5295665173749968,1.403081288082248
SB87206_component_1170a,111.202146,-3.960221,11.01099967956543,17.81715202331543,111.20227735560496,-3.96033028345978,2.44363247988,1.7007032695187456,4.505996613740438
SB87206_component_1172a,112.262325,-6.181413,10.647000312805176,49.98591613769531,112.26231308985363,-6.18134643485407,3.1408218333,1.2794450876342316,3.3898771970833446
SB87206_component_1174a,114.550432,-3.592448,10.256999969482422,46.62272644042969,114.5504061996366,-3.5923743770079,3.5734644442500003,1.083349468453974,2.8703237794870975
SB87206_component_1178a,113.861471,-6.284971,11.13700008392334,54.32683181762695,113.8614071304019,-6.284961978617611,3.1682324310100003,1.3267493187735906,3.5152092930167305
SB87206_component_1181a,112.243619,-4.647391,10.524999618530273,46.365638732910156,112.24367855431566,-4.6473074684071385,3.33281654713,1.191923453642272,3.1579894871782557
SB87206_component_1185a,111.373109,-7.314496,10.491999626159668,24.456876754760742,111.37309383426796,-7.31447039861202,4.995069152,0.7927832158489255,2.100471346219246
SB87206_component_1188a,113.666271,-6.913186,10.112000465393066,55.256832122802734,113.66629070432175,-6.9131913843979005,1.7354053371,2.19924613687855,5.8268810457221605
SB87206_component_1199a,117.248218,-9.341837,11.093999862670898,30.31147575378418,117.2483201707116,-9.34189547538953,12.78287064838,0.3275649667296806,0.8678801630584336
SB87206_component_1208a,117.665461,-4.365075,9.734999656677246,30.517240524291992,117.6654818821446,-4.365102816716069,3.2035039381100003,1.1469602421805192,3.038859899894704
SB87206_component_1215a,114.417551,-3.873231,10.086999893188477,49.68965530395508,114.41753207052852,-3.87329202022126,5.11186353762,0.7447670427797273,1.97325296713316
SB87206_component_1216a,114.818464,-3.891469,10.734999656677246,54.21717071533203,114.8187688278908,-3.89153926209565,3.5304191308699995,1.1476605482033144,3.0407153538259424
SB87206_component_1217a,112.925524,-7.261202,10.428999900817871,53.757728576660156,112.92554891110916,-7.26112629431468,7.805200223660001,0.5043085144682337,1.336160457383824
SB87206_component_1220a,110.858296,-6.493223,10.175000190734863,11.928487777709961,110.85836615868084,-6.4932082280768,10.31354774583,0.37236086300929394,0.9865664504097386
SB87206_component_1221a,113.845546,-2.522381,9.852999687194824,17.135652542114258,113.84554358998004,-2.52240879349679,4.82964890195,0.769999768054712,2.0401068249943832
SB87206_component_1223a,117.17053,-4.047129,10.605999946594238,43.11381912231445,117.17053509603676,-4.04706583600061,5.32173214955,0.7522051354405438,1.9929601206049181
SB87206_component_1228a,116.885173,-9.596047,9.887999534606934,27.543174743652344,116.88507772944904,-9.5961223094094,4.24311566692,0.8795514565810145,2.330362948079719
SB87206_component_1242a,114.707687,-5.947199,9.946999549865723,35.65232467651367,114.7077314728708,-5.947124121573651,2.83732723967,1.3231843523699474,3.505763949533937
SB87206_component_1249a,116.55752,-7.473017,9.428000450134277,24.488313674926758,116.55761446048228,-7.473074328845099,13.40566534,0.26544155127379276,0.7032847837848738
SB87206_component_1254a,113.318608,-8.297862,9.76200008392334,46.265403747558594,113.3185561761898,-8.29783424748919,3.2583774951700004,1.1307721278962883,2.9959696500463413
SB87206_component_1256a,113.294556,-9.321377,9.932000160217285,40.21052932739258,113.29446260340792,-9.32137702624819,3.86161957444,0.9707444500037337,2.5719778887482962
SB87206_component_1258a,117.989329,-7.339703,10.163000106811523,29.80352020263672,117.98943250744112,-7.339656721425941,4.74539394517,0.8083274810776184,2.141655724316781
SB87206_component_1259a,117.68621,-4.7733,10.107999801635742,36.49097442626953,117.6863568957018,-4.77334217756212,6.215685499369999,0.6137816189364558,1.626208372778876
SB87206_component_1260a,115.156477,-8.788157,9.083000183105469,27.032739639282227,115.15643547530382,-8.78835253165481,3.3428852278,1.0255233246030406,2.7171139791368546
SB87206_component_1263a,117.493369,-5.32128,10.234999656677246,42.11933898925781,117.49349413064564,-5.32122666620656,3.93929319931,0.9806345982517752,2.5981817394221864
SB87206_component_1267a,112.86553,-3.101009,10.850000381469727,31.088825225830078,112.8654880800412,-3.10097253333915,3.62379730715,1.1300653039786985,2.9940969270168436
SB87206_component_1268a,116.018279,-9.492092,9.961000442504883,35.70250701904297,116.018248484797,-9.492137735527509,3.97010127999,0.9469761885867515,2.509004113499586
SB87206_component_1269a,112.688171,-3.588083,10.322999954223633,43.19247055053711,112.68809226997844,-3.58792825280859,4.14564506069,0.9398347413203004,2.4900829190875005
SB87206_component_1271a,112.776395,-9.347166,10.545999526977539,35.87074661254883,112.77645472521168,-9.34726620758493,3.49888099856,1.1376174924056803,3.014106376100774
SB87206_component_1275a,112.864586,-7.89777,9.979999542236328,47.29857635498047,112.86456015621124,-7.89773998821632,4.1142472767800005,0.915541039753298,2.425716995320499
SB87206_component_1282a,116.465896,-5.487787,9.66100025177002,29.364742279052734,116.46604172045198,-5.487779290191572,1.5779921436300002,2.310760538590978,6.122337358122667
SB87206_component_1287a,116.223206,-8.269758,8.942000389099121,36.49795913696289,116.22313601831809,-8.26976614646515,5.178118189129999,0.6517790713948826,1.7268822499784444
SB87206_component_1292a,117.731063,-7.322332,9.67300033569336,30.610759735107422,117.7311077329498,-7.32235886881581,9.173913703,0.3979644128783844,1.0544028043919957
SB87206_component_1293a,114.726238,-3.878985,10.0,47.1698112487793,114.72633758897555,-3.87894992886276,2.74214481746,1.3764083502724986,3.64678040938145
SB87206_component_1296a,110.925289,-5.90575,9.965999603271484,13.199999809265137,110.92503760694672,-5.90576392808429,3.99716570943,0.9410363469079499,2.4932665612936638
SB87206_component_1297a,116.222135,-8.414532,9.809000015258789,41.91880416870117,116.22218612620664,-8.41445190665457,3.98953829546,0.9279824920628992,2.4586805010547708
SB87206_component_1306a,112.91064,-3.938965,9.821000099182129,43.84375,112.91059521850312,-3.93899437179105,3.295602892,1.1247565365062528,2.9800313997242753
SB87206_component_1308a,113.250499,-5.731437,9.079000473022461,41.646793365478516,113.2504422489041,-5.731376264034539,3.74337359173,0.9154034652496781,2.4253524930239734
SB87206_component_1312a,116.964613,-8.379919,9.321999549865723,40.707420349121094,116.96460485122164,-8.38000862296726,6.066230278280001,0.5799998360854236,1.5367038708113223
SB87206_component_1314a,113.288803,-3.944662,9.944000244140625,40.75410079956055,113.28875312939456,-3.94455924774333,3.607800656,1.040294443257615,2.756249912977627
SB87206_component_1320a,112.067422,-6.737691,9.482000350952148,41.77092742919922,112.06745708108922,-6.737643298159258,5.220745700299999,0.6854962971283304,1.8162157084968311
SB87206_component_1335a,112.937907,-8.966556,8.991999626159668,37.46666717529297,112.93785637203828,-8.96654296768915,3.15066658375,1.07718803048008,2.853999110073136
SB87206_component_1342a,117.494795,-5.61151,8.467000007629395,35.87711715698242,117.494773076278,-5.61143857918773,2.9141466325700005,1.0966191994353598,2.905481801429568
SB87206_component_1346a,113.973566,-2.320441,9.392999649047852,11.525153160095215,113.97362993776764,-2.320521146601,3.01494715246,1.1758780613696311,3.115477377898242
SB87206_component_1349a,112.105407,-5.120785,8.944999694824219,41.032108306884766,112.10547499964665,-5.12058604554716,5.24615881605,0.6435415347742887,1.705056977584829
SB87206_component_1353a,118.411937,-7.812603,8.666000366210938,15.230229377746582,118.4120010993607,-7.812661595580491,3.84277292726,0.8511609022664524,2.255142453184198
SB87206_component_1354a,111.92713,-7.333825,8.883000373840332,36.257144927978516,111.92721214657814,-7.3337162732358205,9.72742781756,0.3446667183722097,0.913191086116794
SB87206_component_1355a,114.620549,-8.625834,8.769000053405762,45.91099548339844,114.62048333825209,-8.62576616750059,2.17815562983,1.5194935165027836,4.025883152385288
SB87206_component_1367a,113.998363,-9.662845,9.267999649047852,30.188922882080078,113.99825168733696,-9.66285997790493,3.4919580336800005,1.0017392222996016,2.654098233615015
SB87206_component_1369a,114.70783,-6.574019,8.347000122070312,20.86750030517578,114.7077451653024,-6.57392758925856,9.53800128481,0.3303016391037928,0.8751309496428304
SB87206_component_1370a,112.222283,-8.273366,8.779000282287598,38.84513473510742,112.22222417953613,-8.27336626119967,6.87303486234,0.4820967478323175,1.277310599774652
SB87206_component_1371a,117.843293,-4.117717,9.253000259399414,29.65705108642578,117.84325250538656,-4.11767557243495,3.38841666657,1.0306790552785614,2.730774036938606
SB87206_component_1372a,114.192806,-8.138296,8.902999877929688,47.10581970214844,114.19277452858351,-8.13832784636935,2.40638157181,1.3963990990964015,3.6997457021054014
SB87206_component_1390a,112.438544,-5.452822,8.767000198364258,40.7767448425293,112.43854881301264,-5.45274093033516,3.44680055777,0.9600029054505236,2.543518271923544
SB87206_component_1391a,112.690517,-8.214105,9.227999687194824,45.458126068115234,112.69049140916027,-8.21414299270456,2.47976909222,1.4045396832265504,3.721314099827539
SB87206_component_1395a,114.37556,-3.228999,8.496000289916992,37.59292221069336,114.37554953830264,-3.22895087162711,4.6032774101500005,0.6966025442417506,1.845641601173922
SB87206_component_1400a,117.128582,-8.869251,8.531000137329102,35.84453582763672,117.12853635145892,-8.86919314773536,2.90036837398,1.1101571840464717,2.941350558730071
SB87206_component_1401a,113.703905,-6.537517,9.031000137329102,43.004764556884766,113.7039177603722,-6.5374553915402815,3.45504127215,0.9865527122500659,2.613861724351935
SB87206_component_1407a,115.071628,-10.134134,8.496000289916992,15.117439270019531,115.07163229336156,-10.13429588887606,5.43617622837,0.5898732162188496,1.562863294530181
SB87206_component_1417a,116.193258,-9.905006,8.182999610900879,18.024229049682617,116.19326487211237,-9.90509781628969,2.54028558568,1.2158154901266858,3.2212912032528034
SB87206_component_1419a,117.885537,-5.18966,9.095000267028809,30.72635269165039,117.88564798930376,-5.18959368973723,6.941277400569999,0.49453951764015813,1.310277596207573
SB87206_component_1424a,114.741778,-5.88455,8.520999908447266,31.32720375061035,114.74177443187276,-5.88460471722807,2.46365803876,1.3054126582284369,3.4586780204025502
SB87206_component_1425a,112.965329,-4.065199,8.282999992370605,37.31081008911133,112.96532074295696,-4.06519456138875,2.52877878649,1.2362733487563087,3.275494098820557
SB87206_component_1426a,115.413858,-5.516915,7.809000015258789,26.74315071105957,115.41381036525,-5.516827561561152,1.93788655783,1.5209143552861246,4.029647650790831
SB87206_component_1440a,112.064877,-8.706741,8.406000137329102,33.759037017822266,112.06477725417614,-8.70668351231884,6.0399348470700005,0.525284788541893,1.3917368895803388
SB87206_component_1452a,113.600273,-4.911156,8.277999877929688,30.433820724487305,113.60026561617444,-4.91107325030328,3.08117955653,1.0140190023364906,2.686633390250163
SB87206_component_1453a,114.080966,-4.478162,7.968999862670898,38.8731689453125,114.08096373654556,-4.47808970169993,7.27354359043,0.4135189905888729,1.0956145053087918
SB87206_component_1454a,115.114965,-8.645955,8.604000091552734,32.467926025390625,115.11484508101093,-8.64558341301811,3.67255211091,0.8842399350328561,2.342785025702685
SB87206_component_1456a,118.181255,-9.488647,7.571000099182129,10.678421020507812,118.18122850203176,-9.48862340620792,3.0955815809,0.9230998567911205,2.4457440068437672
SB87206_component_1461a,118.161672,-5.908165,8.937999725341797,22.685277938842773,118.16171468940986,-5.9081767162545,2.56809153332,1.3136132595673036,3.4804054331298895
SB87206_component_1464a,117.542694,-9.031392,8.22599983215332,27.51170539855957,117.5427228870074,-9.03149681234924,5.20500728708,0.5964925722648798,1.5804012133800664
SB87206_component_1469a,112.520312,-4.468547,8.303000450134277,37.233184814453125,112.52028687227084,-4.468529573162,2.41880663362,1.2956019592070045,3.432684669674466
SB87206_component_1471a,113.813232,-4.863215,8.138999938964844,30.59774398803711,113.8130451525757,-4.86319894779472,2.94261164896,1.043940582786427,2.7659103238585327
SB87206_component_1473a,117.624312,-5.297267,8.385000228881836,31.404497146606445,117.62434346509532,-5.297191558868232,4.22774516998,0.7485692143475474,1.9833267833693726
SB87206_component_1474a,112.33703,-7.128726,8.418000221252441,37.91891860961914,112.33697701993368,-7.12866285918592,2.55625225114,1.2429192394598836,3.293102320985069
SB87206_component_1486a,116.293016,-3.518716,8.243000030517578,33.50812911987305,116.29305901632009,-3.5187078216813905,3.36089648326,0.9256948568437796,2.452619434003525
SB87206_component_1491a,111.754343,-9.357875,7.75600004196167,15.860940933227539,111.75443598084593,-9.35802906961476,4.66513809011,0.6274960333060088,1.662544578992042
SB87206_component_1497a,111.735097,-4.428351,8.29800033569336,28.320819854736328,111.73515079716272,-4.42821547283215,9.28013144169,0.3374869671226179,0.8941684056774756
SB87206_component_1499a,111.399444,-3.536627,8.442000389099121,15.210811614990234,111.39890467859136,-3.5367259094271404,1.39497220808,2.2841125401696556,6.051733747956492
SB87206_component_1503a,112.005074,-9.138328,7.803999900817871,24.311525344848633,112.00518681192392,-9.13833847740208,4.3035372914900005,0.6844305245915723,1.8133919546252883
SB87206_component_1505a,117.209536,-8.364071,8.295000076293945,35.754310607910156,117.20953305906863,-8.36408332814624,4.53712262056,0.6900388826511491,1.828251244236843
SB87206_component_1513a,111.257777,-5.769156,8.47700023651123,19.89906120300293,111.25779126570112,-5.76904236202429,3.12897847441,1.0225329355328945,2.709190972657507
SB87206_component_1519a,112.106256,-4.067147,7.258999824523926,29.508129119873047,112.10640325931296,-4.06715111802035,3.18577617701,0.8600015048638271,2.2785655429619154
SB87206_component_1521a,115.938678,-9.161264,7.10099983215332,29.22222137451172,115.93868767189124,-9.16117073156408,3.32438670273,0.8062053048404109,2.136033039213504
SB87206_component_1523a,114.467121,-3.872994,7.51800012588501,39.56842041015625,114.46708966944954,-3.87295357541142,2.90001969049,0.9784509687876335,2.5923962345975435
SB87206_component_1524a,118.229091,-6.602828,8.050000190734863,15.391969680786133,118.22904873375016,-6.60282875348982,2.36715843897,1.2835306655519303,3.400701895660853
SB87206_component_1525a,113.518192,-7.096688,7.316999912261963,39.12834167480469,113.51818600913904,-7.096699788608401,2.97224600362,0.9291503260769931,2.4617746658083948
SB87206_component_1527a,114.138198,-3.30372,7.684000015258789,31.23577117919922,114.1382062159424,-3.30357554701793,1.4809816837399998,1.9582825559264043,5.188450403960423
SB87206_component_1532a,114.796813,-6.101979,7.284999847412109,22.075756072998047,114.79693219288698,-6.10196007863071,2.792840349,0.9845122456335953,2.6084555280865107
SB87206_component_1535a,117.517853,-9.726893,7.563000202178955,14.057621955871582,117.51811107328597,-9.72661421207678,2.59536443746,1.0998499720764914,2.9140417018199654
SB87206_component_1537a,113.425852,-4.598138,8.081000328063965,31.200773239135742,113.42589669737974,-4.59807038754719,4.77474829064,0.6387814973670899,1.692445305212267
SB87206_component_1540a,116.076492,-8.098625,7.104000091552734,28.302791595458984,116.07643765012108,-8.09877721358318,2.66117677321,1.0075507246594293,2.669495752055454
SB87206_component_1541a,115.72827,-8.933498,7.611000061035156,37.30882263183594,115.72835683248312,-8.933489861564562,1.46368962534,1.9625937726015636,5.199872930210323
SB87206_component_1543a,113.784241,-6.827925,7.559999942779541,41.5384635925293,113.78438818396124,-6.82788950165245,9.84008446042,0.2899750631545067,0.7682860826234068
SB87206_component_1547a,113.749455,-8.066458,7.9670000076293945,46.590641021728516,113.74942964725216,-8.06655155648804,2.90137155616,1.0364041756876998,2.745942687248859
SB87206_component_1549a,113.867813,-3.730316,7.785999774932861,37.79611587524414,113.86770667397008,-3.73032353510504,13.60603102759,0.21598352030052387,0.5722462163392534
SB87206_component_1562a,115.640596,-8.769244,7.085999965667725,32.50458908081055,115.64053810132444,-8.769241534166111,2.71639562076,0.9845682118238183,2.608603809957986
SB87206_component_1568a,116.041383,-9.036767,6.979000091552734,29.697872161865234,116.04128766700155,-9.03671449884075,3.05733746108,0.861563936602204,2.282705190511555
SB87206_component_1576a,115.778254,-9.139158,7.380000114440918,33.698631286621094,115.77832854744676,-9.13911175510662,2.36783386592,1.176366982201559,3.116772768841824
SB87206_component_1582a,116.974708,-3.442607,7.678999900817871,23.129518508911133,116.97497985632955,-3.44253414500292,3.6834920864,0.7868330731345183,2.0847065015206305
SB87206_component_1586a,111.439462,-5.315869,7.802999973297119,21.614957809448242,111.43956191949994,-5.315846286374559,6.44928209373,0.456654684888199,1.2099021038145015
SB87206_component_1588a,116.497995,-3.283661,7.859000205993652,23.743202209472656,116.4979691902148,-3.2834837954260294,2.66598273012,1.112622028011959,2.9478811386148425
SB87206_component_1596a,117.474677,-9.212328,6.914000034332275,22.52117156982422,117.47464273179544,-9.21241217728937,2.14401703755,1.217135223055885,3.2247878226905353
SB87206_component_1599a,116.301246,-4.613604,7.52400016784668,32.43103790283203,116.30137629926266,-4.61360891356381,4.50077252752,0.63095649930129,1.6717130496689485
SB87206_component_1604a,113.3148,-7.871863,7.1579999923706055,35.9698486328125,113.3147474222684,-7.871805698429741,3.20576328943,0.842748382982553,2.2328535659422726
SB87206_component_1611a,115.013071,-6.432608,7.539000034332275,19.43041229248047,115.0130411191688,-6.43257341473439,2.5844981884,1.1009692740473973,2.9170072814016894
SB87206_component_1616a,118.165861,-8.300692,6.546999931335449,15.775903701782227,118.16589795901956,-8.300763875719749,2.2666243657800003,1.0901856695225711,2.8884362270951183
SB87206_component_1626a,113.416853,-5.950285,7.741000175476074,35.3470344543457,113.41698876038386,-5.95025803187413,2.7175500136600004,1.0751206842702148,2.8485216965889375
SB87206_component_1636a,117.389391,-4.843124,6.698999881744385,25.965116500854492,117.38939467393332,-4.84310387417257,2.4550520613,1.0298807713588751,2.72865899153158
SB87206_component_1639a,118.356728,-8.402219,7.441999912261963,13.33691692352295,118.35668522207789,-8.40237114319069,14.03131939488,0.20018375693697116,0.5303848984420905
SB87206_component_1642a,114.831066,-3.469566,6.822000026702881,28.190082550048828,114.8311802928194,-3.46945313601237,4.42435693831,0.581968188107679,1.5419190001674512
SB87206_component_1650a,111.867705,-9.372925,6.85699987411499,13.445097923278809,111.86759173402947,-9.37273698675611,9.68494214943,0.26722359121951383,0.7080062811235845
SB87206_component_1652a,115.591206,-3.592821,7.441999912261963,35.43809509277344,115.59139414853192,-3.59292333088195,2.31636087958,1.2126099417457628,3.2127981342921568
SB87206_component_1664a,113.73079,-6.186708,6.539000034332275,27.825532913208008,113.73084132776104,-6.186723330395418,2.28729052237,1.0790155284958969,2.8588410481222217
SB87206_component_1673a,113.742864,-3.670365,7.218999862670898,36.09499740600586,113.74274072756084,-3.67038749172492,3.07963324861,0.8847401156997959,2.344110249468573
SB87206_component_1683a,111.45548,-3.762117,7.3429999351501465,15.491560935974121,111.455823372064,-3.76206300687487,2.53602782676,1.0928415419981978,2.8954729351418353
SB87206_component_1684a,117.676319,-5.149818,6.76200008392334,24.952030181884766,117.67640604230972,-5.14980992690555,2.266223221,1.1261861244427867,2.983819078925297
SB87206_component_1690a,117.039078,-8.142234,6.263999938964844,23.817489624023438,117.03901122447228,-8.14228040471142,2.46736811601,0.9581984898451504,2.538737490494287
SB87206_component_1693a,112.256972,-7.799969,6.688000202178955,29.85714340209961,112.25686580680797,-7.79988681371931,1.43442147676,1.7597751639459802,4.662507018010827
SB87206_component_1697a,111.110127,-4.911479,7.066999912261963,12.142611503601074,111.11012605284516,-4.91109823434309,5.86656374343,0.4546623346284243,1.2046233913636988
SB87206_component_1708a,114.455721,-8.132735,6.729000091552734,35.41579055786133,114.45573499717342,-8.13274603327766,2.05939771386,1.2332411101491179,3.2674602124037215
SB87206_component_1709a,111.584197,-4.482643,6.995999813079834,21.592592239379883,111.58419409781165,-4.4824839096145,6.417407849330001,0.41146020077285733,1.090159761906085
SB87206_component_1710a,116.375884,-5.029388,6.486999988555908,25.539369583129883,116.37595211780146,-5.02941197342486,3.05886259741,0.8004267858541533,2.120722909897483
SB87206_component_1722a,117.645405,-9.482853,6.4629998207092285,14.960647583007812,117.64556229210343,-9.48301130890902,2.88710978183,0.8449062667298565,2.2385708577429444
SB87206_component_1725a,113.619817,-3.919277,6.619999885559082,33.9487190246582,113.6198828951966,-3.91910938600718,3.14393400328,0.7947348297890697,2.1056421281911692
SB87206_component_1729a,116.570423,-8.171415,5.776000022888184,23.867769241333008,116.57046975174303,-8.17144007260522,4.229112736509999,0.5154844980879004,1.3657711162494868
SB87206_component_1735a,114.520569,-6.494659,6.5970001220703125,21.21221923828125,114.52060154813772,-6.4944577890489015,3.03490970006,0.8204240899905947,2.1737055708576403
SB87206_component_1738a,117.369567,-8.620406,6.197000026702881,24.887550354003906,117.36959129837608,-8.620390353365847,8.40216466892,0.2783735672970365,0.7375480332616992
SB87206_component_1741a,115.678698,-7.357579,6.4029998779296875,14.890697479248047,115.6786550867317,-7.357616500185291,3.1673646413300003,0.7629974999786509,2.021554384480664
SB87206_component_1742a,116.842171,-3.174168,6.710999965667725,19.174285888671875,116.84215184471825,-3.1740324574739702,5.09449011156,0.49719207615593736,1.317305523950213
SB87206_component_1743a,113.190315,-9.250221,6.625999927520752,28.316238403320312,113.190225064824,-9.25029022633114,4.77214011204,0.5240538623556914,1.3884755627362044
SB87206_component_1745a,113.903915,-2.157129,5.797999858856201,11.881147384643555,113.9036232707776,-2.15722517917663,3.74855033866,0.583784471589143,1.5467312254178829
SB87206_component_1750a,112.691211,-6.046459,6.369999885559082,32.66666793823242,112.69115665810727,-6.046428997865631,2.01180586212,1.1950636612724919,3.166309436461481
SB87206_component_1751a,113.067068,-3.270093,6.539000034332275,23.35357093811035,113.06716856747629,-3.2700703472967403,2.74999140837,0.8974653463668784,2.3778256231746306
SB87206_component_1752a,117.639614,-7.663926,6.520999908447266,25.27519416809082,117.63975609527392,-7.66402126414049,1.6493715620200002,1.4922217898843728,3.9536269804851845
SB87206_component_1756a,116.975737,-8.514443,6.565999984741211,29.443944931030273,116.97559130600143,-8.51441208743235,9.29239586695,0.26669253531068365,0.7065992537074659
SB87206_component_1757a,111.759241,-4.329357,6.076000213623047,20.879724502563477,111.75928194397363,-4.32922900150823,3.88658922548,0.5900472949454296,1.5633245144070123
SB87206_component_1761a,111.469516,-4.485428,6.823999881744385,16.97512435913086,111.46974369239958,-4.48528455997135,2.2489982897200003,1.1452164326650536,3.034239693705579
SB87206_component_1809a,111.656534,-8.604336,5.890999794006348,19.31475257873535,111.65630180300062,-8.60438365043853,5.190825705380001,0.4283415920565584,1.1348868423574028
SB87206_component_1812a,115.14403,-5.749138,6.559000015258789,24.113969802856445,115.1439306662953,-5.74916093936844,1.63832485786,1.5110376887659704,4.003479519822604
SB87206_component_1820a,115.457172,-9.546533,6.125,20.622896194458008,115.45708391771036,-9.54661054994434,2.12924482854,1.085720848755236,2.876606728311204
SB87206_component_1828a,113.552992,-3.73511,6.2210001945495605,29.206573486328125,113.5529580593174,-3.7350352612968702,2.4246157476700003,0.9684004419957652,2.565767462546508
SB87206_component_1841a,112.760782,-6.252738,5.831999778747559,28.03845977783203,112.76070179586786,-6.25271940302029,1.5677317300799998,1.4040527876635513,3.7200240748140994
SB87206_component_1842a,114.784148,-6.25238,5.840000152587891,15.869565963745117,114.78438406108978,-6.2522190346463,1.7586113266,1.253373990321894,3.3208020807409544
SB87206_component_1848a,111.790491,-9.502662,5.5370001792907715,10.835617065429688,111.79062900171157,-9.50255174814135,2.20469547449,0.9479023774783568,2.51145804187384
SB87206_component_1865a,111.355487,-8.12714,6.2170000076293945,14.767220497131348,111.35545507907057,-8.12695194300158,1.8864179720400005,1.2438861384557023,3.2956641103807116
SB87206_component_1870a,114.750103,-8.308992,5.940999984741211,29.410890579223633,114.75013869098004,-8.30891592195859,2.33663598386,0.9596352146121183,2.5425440786574685
SB87206_component_1871a,117.838803,-4.641999,5.616000175476074,17.66037940979004,117.83860729365216,-4.64196718057265,2.89179405646,0.7329889667636521,1.9420470703750323
SB87206_component_1873a,111.745268,-9.065751,6.394000053405762,15.671568870544434,111.74508367549106,-9.06573099028085,2.3336316214700004,1.0341368650307992,2.73993546992565
SB87206_component_1874a,118.198956,-6.771545,5.997000217437744,14.0444974899292,118.19912583311148,-6.77160187621448,2.4986769645200004,0.9058611559419,2.400070238206953
SB87206_component_1881a,115.451445,-4.766115,6.265999794006348,29.280372619628906,115.45157000843793,-4.7660938801601,3.91291570201,0.6044043343256896,1.6013633492762462
SB87206_component_1889a,115.440021,-4.316232,6.178999900817871,29.85024070739746,115.44006976674828,-4.31618786084843,6.39011067211,0.36496187064901975,0.9669628928003495
SB87206_component_1895a,113.555558,-7.487334,5.764999866485596,32.027774810791016,113.55559144842852,-7.487289226998088,1.7486940782,1.2442944036378758,3.29674580497221
SB87206_component_1897a,116.518045,-3.464731,5.794000148773193,21.619403839111328,116.51794834296612,-3.46464477241434,2.03469861201,1.074771394046201,2.84759625557002
SB87206_component_1908a,115.025365,-3.636524,5.985000133514404,25.147058486938477,115.02519492239952,-3.63649381041916,4.9128362373000005,0.45980063030604457,1.2182372553097036
SB87206_component_1917a,116.949811,-5.240265,5.873000144958496,23.586345672607422,116.94990944608564,-5.24021103057398,2.811030517,0.7885552668110357,2.089269436756704
SB87206_component_1943a,113.525052,-3.523646,5.738999843597412,24.21518898010254,113.52501301929126,-3.52369783329041,7.122500877839999,0.3041174827532873,0.8057562844889177
SB87206_component_1948a,114.118608,-4.421911,5.4019999504089355,27.010000228881836,114.1185775286968,-4.4218347132818,4.08856669985,0.49867910843744084,1.3212454013791977
SB87206_component_1962a,113.889228,-6.898002,5.625,26.53302001953125,113.88925671001572,-6.89797698956681,3.75117890999,0.5659687266783511,1.4995285842058104
SB87206_component_1981a,114.869792,-3.621066,5.288000106811523,22.991304397583008,114.8698263054388,-3.62102917251854,4.98660804175,0.4002431499149325,1.0604402957958878
SB87206_component_1988a,112.794221,-5.862459,5.665999889373779,29.05640983581543,112.794233973761,-5.8622684170252,3.17546934566,0.673451497051547,1.7843031289587648
SB87206_component_1991a,113.770958,-7.401879,5.370999813079834,29.3497257232666,113.77092643122906,-7.40195742722946,1.96823331034,1.0299502452329112,2.728843061878689
SB87206_component_1995a,117.299248,-7.074434,5.316999912261963,17.842281341552734,117.2993149134729,-7.074530160812629,1.47140951523,1.3638630971128347,3.613541884314136
SB87206_component_2000a,115.901472,-9.58414,5.460999965667725,18.387205123901367,115.90149539309256,-9.58402443149222,5.86794996227,0.3512557623572523,0.9306486934587207
SB87206_component_2012a,114.076148,-5.840284,5.353000164031982,21.158103942871094,114.0761774270858,-5.84027222618612,1.77495760677,1.1382743709317178,3.015846769305757
SB87206_component_2034a,114.51868,-7.431819,5.546999931335449,25.799999237060547,114.51865139847192,-7.43184854960603,1.33522506265,1.5679830748293833,4.154355761062788
SB87206_component_2037a,111.409592,-6.83655,5.315999984741211,14.175999641418457,111.40933444197468,-6.8365854112244415,2.83243599755,0.7083739002582512,1.876829693359159
SB87206_component_2039a,117.043969,-8.879545,5.53000020980835,23.83620834350586,117.04411065683531,-8.87958416356735,1.69265249569,1.2330907147218129,3.2670617411957776
SB87206_component_2056a,115.773354,-3.49781,5.577000141143799,21.125,115.77333165985344,-3.49794416630251,3.50442213025,0.6006506160930053,1.5914179096757228
SB87206_component_2087a,113.227339,-9.689381,5.328000068664551,13.454545974731445,113.22749591255013,-9.689527390928392,1.99750218286,1.0067337883164034,2.6673312872359336
SB87206_component_2107a,115.184489,-9.594332,5.210999965667725,17.19801902770996,115.18440510923652,-9.59457066576054,4.82029014887,0.40802387431433274,1.0810552486947942
SB87206_component_2127a,112.523412,-4.090205,5.341000080108643,22.070247650146484,112.5234780384542,-4.09034573412709,6.488623001540001,0.3106760167594232,0.8231330559413017
SB87206_component_2129a,117.095659,-4.132131,5.179999828338623,22.042552947998047,117.09579795558192,-4.1319652747468,3.01929485689,0.6475329964517067,1.715632316107821
SB87206_component_2135a,114.731844,-5.271511,5.015999794006348,23.885713577270508,114.73194700750072,-5.2714789358404905,1.7924644053299998,1.0561963330849506,2.798381813937824
SB87206_component_2136a,117.283347,-4.05752,4.663000106811523,18.955284118652344,117.28341277170313,-4.05741102950842,2.8125140134599995,0.6257608895717095,1.6579473327050294
SB87206_component_2142a,111.958357,-8.729039,5.283999919891357,18.605632781982422,111.95836901936786,-8.72897430599927,2.64325875864,0.7545027169750226,1.9990475403210475
SB87206_component_2156a,111.895749,-6.16214,5.090000152587891,20.524194717407227,111.89578081952688,-6.1620680854655,2.9823418476,0.6441663857418931,1.706712514088216
SB87206_component_2163a,113.460064,-9.125439,4.791999816894531,22.710899353027344,113.46011042523656,-9.12526658130614,1.5385654137399998,1.1755429815559653,3.114589587222013
SB87206_component_2204a,113.740638,-7.122144,4.685999870300293,24.40625,113.74078110794927,-7.12225087659176,1.1325624926200002,1.5616287035902148,4.137519916856853
SB87206_component_2208a,117.41086,-7.233919,5.01200008392334,15.961783409118652,117.4109039074762,-7.23396514800217,3.33360604445,0.5674589894202304,1.5034770207078418
SB87206_component_2217a,114.733778,-4.233147,4.739999771118164,23.34975242614746,114.73369734278091,-4.23313041031578,2.79080076488,0.6410430159314447,1.6984371764431476
SB87206_component_2219a,112.172711,-9.516327,4.323999881744385,10.394229888916016,112.17271876634672,-9.516642470819429,3.22217512283,0.5064938993407246,1.341950613145652
SB87206_component_2243a,116.660502,-8.761763,4.349999904632568,17.755102157592773,116.66054639890768,-8.761789225150139,2.11926503972,0.7747144547054574,2.0525983409830117
SB87206_component_2250a,113.384667,-9.00235,4.4770002365112305,19.986608505249023,113.38480280618838,-9.00240775564325,4.882464602150001,0.3460873293685012,0.9169549810027863
SB87206_component_2261a,116.759533,-4.148509,4.495999813079834,18.811716079711914,116.75942937604492,-4.14836650648356,1.7048824131600002,0.9953356037495114,2.6371319091423415
SB87206_component_2262a,112.458612,-5.682025,4.686999797821045,21.401824951171875,112.4584965151418,-5.68199334967408,4.06507920492,0.435174669829442,1.1529910148240972
SB87206_component_2278a,112.53818,-3.195239,4.3470001220703125,13.416666984558105,112.5382148033715,-3.1953445369388502,1.3686526865600002,1.198765080794322,3.176116311141106
SB87206_component_2283a,116.704999,-8.702031,4.261000156402588,16.84189796447754,116.70484510014263,-8.702123989453991,1.73452117849,0.9271918996870826,2.456585834317706
SB87206_component_2286a,116.831157,-7.677163,4.38700008392334,14.060897827148438,116.8313790078453,-7.67694317684855,3.21014123464,0.5157998222059322,1.3666065644041105
SB87206_component_2314a,112.320817,-5.90321,4.451000213623047,22.82564353942871,112.32075952055447,-5.903228430234951,5.14534351524,0.32649830135078967,0.8650540436104261
SB87206_component_2317a,113.319644,-7.36806,4.068999767303467,22.480663299560547,113.3196326948978,-7.368060613886191,14.18400590592,0.10827456490016574,0.2868723965776962
SB87206_component_2325a,114.370345,-7.76277,4.451000213623047,21.502416610717773,114.37037152378272,-7.76271176568177,1.84824813647,0.9089395976888243,2.408226539388854
SB87206_component_2347a,116.531009,-5.783065,4.519999980926514,10.134529113769531,116.53106394647888,-5.78291131847562,1.17670920241,1.4497962388155552,3.8412208994959594
SB87206_component_2358a,111.241443,-5.299526,4.552999973297119,10.162945747375488,111.24157405262169,-5.2995507171866505,1.65577096597,1.037851148892402,2.7497764285471913
SB87206_component_2366a,111.657389,-8.564701,4.353000164031982,13.352761268615723,111.6572198787169,-8.56467257920693,3.19349382718,0.5144702760507776,1.3630839449205634
SB87206_component_2372a,112.844499,-9.110352,4.257999897003174,17.815898895263672,112.84425667640802,-9.11035860550013,1.81569606461,0.8851159765354707,2.345106089062194
SB87206_component_2394a,116.583908,-3.577392,4.434999942779541,17.189922332763672,116.58391613808016,-3.57713013034163,3.27631884633,0.5109108716947337,1.3536533380282718
SB87206_component_2408a,111.839746,-3.957144,3.884000062942505,11.805471420288086,111.83983014006373,-3.95716741178704,1.80987942718,0.8099668981379541,2.145999343721047
SB87206_component_2420a,111.605503,-7.438665,3.9179999828338623,12.803921699523926,111.60557380328696,-7.438529517985509,1.33568942761,1.1071249216445516,2.9333166092693337
SB87206_component_2422a,117.590058,-7.210292,3.5439999103546143,11.215188980102539,117.5902190445244,-7.21050451992125,1.92610440654,0.6944669191730037,1.8399832835235326
SB87206_component_2428a,112.151059,-7.052288,3.8589999675750732,17.70183563232422,112.15106904036058,-7.05225364903827,2.12588609259,0.685129187851519,1.8152430560724886
SB87206_component_2439a,114.633534,-9.790604,4.0329999923706055,12.333333969116211,114.6333172528966,-9.79078077664712,10.44624042799,0.14571554654110383,0.38607190981019857
SB87206_component_2460a,113.391444,-3.795329,4.041999816894531,16.84166717529297,113.39159981989506,-3.79518067102136,2.22785961697,0.684772251956807,1.8142973579241282
SB87206_component_2478a,113.633574,-6.439788,3.927000045776367,19.934011459350586,113.63372769030128,-6.439777342419361,3.33097114643,0.4449669154748264,1.1789354735135327
SB87206_component_2490a,117.423315,-7.539443,3.428999900817871,12.202847480773926,117.42320288877173,-7.53924174720178,1.56215368668,0.8284788006907118,2.1950464477700815
SB87206_component_2499a,113.368005,-3.203803,3.9140000343322754,13.590278625488281,113.3678737479897,-3.20363165023965,1.18665005171,1.2449039594973519,3.2983608172367904
SB87206_component_2508a,115.315754,-4.671333,4.25600004196167,21.069307327270508,115.31591884196509,-4.671315608694219,2.21666119592,0.7246695123199279,1.9200047575133672
SB87206_component_2531a,116.858252,-4.817098,3.385999917984009,14.108333587646484,116.85818976921648,-4.81706641739574,1.29763479517,0.9848546653235151,2.6093627656928056
SB87206_component_2542a,116.387795,-4.815048,3.9660000801086426,17.70535659790039,116.38774150061708,-4.8150178168277,1.61308443306,0.9279686492766412,2.4586438247285
SB87206_component_2571a,112.160808,-5.540873,3.878000020980835,17.390134811401367,112.160614566991,-5.540947829308879,5.35201144127,0.2734818187976585,0.724587393643652
SB87206_component_2577a,116.919115,-5.849837,3.496999979019165,11.89455795288086,116.91916322771056,-5.8497354229023895,1.22761385118,1.0751561299574077,2.8486156095891215
SB87206_component_2627a,113.535685,-8.714963,3.99399995803833,20.070350646972656,113.53570512501602,-8.71472968209473,3.3394147187700005,0.45141437475196705,1.1960179535620636
SB87206_component_2666a,111.636734,-6.675405,3.61299991607666,12.501729965209961,111.63661757261409,-6.67549612193388,5.73424596362,0.23780956556363092,0.6300741089584849
SB87206_component_2671a,116.737189,-9.495777,3.7829999923706055,12.086261749267578,116.737421156833,-9.49609443345042,1.48979272502,0.9584030272633791,2.539279410375574
SB87206_component_2694a,114.710436,-8.693293,3.38100004196167,16.412622451782227,114.71026325058044,-8.69322793633815,1.47032723695,0.8678983433900126,2.299488139099639
SB87206_component_2727a,112.391316,-7.433022,3.447000026702881,15.052401542663574,112.39099560154072,-7.43307056609964,1.92549314713,0.6756736694343768,1.7901907528680268
SB87206_component_2748a,112.149788,-6.350928,3.569000005722046,14.567346572875977,112.14980312453751,-6.3508481722593295,2.38233502336,0.565433322166074,1.4981100352075571
SB87206_component_2782a,117.317589,-5.238693,3.3570001125335693,14.723684310913086,117.31767244652416,-5.238761225708231,3.08980598783,0.41006984204125413,1.0864760200983434
SB87206_component_2811a,117.33854,-5.673696,3.299999952316284,14.102563858032227,117.33847314945648,-5.67386181246384,1.89131130636,0.658549766962783,1.7448211414055537
SB87206_component_2817a,114.222211,-6.246379,3.2829999923706055,12.724806785583496,114.2223642018349,-6.246243109596372,2.57943752543,0.48037849113137343,1.2727580955167037
SB87206_component_2832a,117.082427,-5.910765,3.384000062942505,12.62686538696289,117.08241036248972,-5.9105746785520985,2.69730892501,0.47351894422383467,1.2545837933376351
SB87206_component_2885a,114.346046,-9.042185,3.009000062942505,15.120603561401367,114.34591412459322,-9.04218531003873,2.63514147356,0.43097883828858036,1.1418742003545763
SB87206_component_2906a,117.022928,-5.247416,3.440999984741211,13.875,117.0227738073144,-5.247507199251991,1.64140631138,0.7912363981638908,2.096373067950626
SB87206_component_2923a,113.045421,-7.89064,3.361999988555908,16.726367950439453,113.04539502316544,-7.8903998574077905,1.13016067897,1.1227813758687948,2.9747982310090193
SB87206_component_2933a,112.511013,-7.762299,2.8519999980926514,12.29310417175293,112.5111074503802,-7.7621352519972895,2.32980213618,0.46202786353622693,1.224138287884335
SB87206_component_2956a,111.584943,-5.968429,3.2239999771118164,10.891891479492188,111.58491506662035,-5.96847890763842,2.70360780418,0.450079284335999,1.1924806446139293
SB87206_component_2966a,114.020116,-6.37236,2.8570001125335693,12.754464149475098,114.02020652683191,-6.37216254232778,2.87383925135,0.37521956095512393,0.9941405425482582
SB87206_component_2970a,116.891299,-8.88622,2.7130000591278076,11.447257041931152,116.89130025687012,-8.88632371637448,2.54589811856,0.4022040771285249,1.0656357531943672
SB87206_component_2993a,111.918528,-7.669886,3.1480000019073486,10.528428077697754,111.91849346517805,-7.67020511185845,2.3727166478500004,0.5007564271445069,1.3267492368968115
SB87206_component_3023a,117.450255,-7.378031,2.825000047683716,10.017730712890625,117.45006921799288,-7.37808539771508,4.04536206306,0.26357168178567464,0.6983305829359621
SB87206_component_3132a,114.318308,-5.497025,2.8989999294281006,13.610328674316406,114.31820582684831,-5.49707567047212,14.56844482647,0.07510566518067315,0.19899172244938526
SB87206_component_3200a,113.088885,-7.163273,2.690999984741211,13.590909004211426,113.08880960137247,-7.1632556815599004,2.78859926398,0.36422124327019956,0.9650006078322306
SB87206_component_3205a,112.493894,-3.969096,2.6500000953674316,11.52173900604248,112.49399037488878,-3.96933773750888,2.13011257172,0.46954910775219577,1.2440657505850214
SB87206_component_3254a,115.396272,-9.270408,2.803999900817871,10.826253890991211,115.3961784105406,-9.2705835663962,1.86394972537,0.5677818234070751,1.5043323661861472
SB87206_component_3359a,113.638178,-7.875119,2.0880000591278076,11.931428909301758,113.6382292077094,-7.875027283974428,1.37818018684,0.571823751159934,1.5150414140805044
SB87206_component_3374a,113.631788,-6.711683,2.6029999256134033,12.163551330566406,113.63160591230935,-6.71169558842036,1.94643699535,0.5047443785361421,1.3373152749520891
SB87206_component_3450a,113.198899,-7.861674,2.507999897003174,13.411764144897461,113.19905086349188,-7.861393481112291,1.74775423161,0.5416077094406075,1.4349843082301388
SB87206_component_3510a,114.36558,-4.851787,2.1730000972747803,11.25906753540039,114.36559491619504,-4.852057990715419,1.99883025737,0.41031889491087237,1.0871358832309992
SB87206_component_3513a,114.227512,-7.546954,2.555000066757202,12.83919620513916,114.2274239666202,-7.54685838090191,1.41015114951,0.6838532821589223,1.8118625564678046
SB87206_component_3667a,113.299828,-5.888653,2.3239998817443848,10.709677696228027,113.29992996233533,-5.8884931643858485,2.43398573866,0.36037591490657983,0.9548124480892947
SB87206_component_3788a,115.592602,-3.695696,2.0859999656677246,10.429999351501465,115.59251984641492,-3.6956229811139103,3.4469526010300005,0.22841081902265223,0.6051722222824871
