Component_ID,RA,DEC,ASKAP_flux,ASKAP_flux_SNR,RA_comp,DEC_comp,Comp_flux,Flux_Ratio_AlphaCorr,Flux_Ratio_NOAlphaCorr
SB78976_component_3a,323.968762,1.304396,1214.5260009765625,1952.6142578125,323.96875,1.3043731451034546,1083.186767578125,1.0676887035369873,1.1212526559829712
SB78976_component_7a,324.722011,2.338136,775.9359741210938,1515.4998779296875,324.7220458984375,2.3380677700042725,661.3665771484375,1.1171842813491821,1.1732313632965088
SB78976_component_12a,324.507491,3.984247,467.2380065917969,306.3855895996094,324.5075378417969,3.9840173721313477,445.186279296875,0.9993958473205566,1.049533724784851
SB78976_component_15a,328.59626,3.768152,453.58599853515625,318.75335693359375,328.5962829589844,3.7680249214172363,429.8346252441406,1.0048457384109497,1.055256962776184
SB78976_component_16a,325.617112,1.384715,387.5929870605469,1336.527587890625,325.6170654296875,1.384716272354126,347.2725524902344,1.0627880096435547,1.1161060333251953
SB78976_component_17a,322.034185,2.640343,373.3210144042969,262.5323486328125,322.03436279296875,2.640216827392578,385.96588134765625,0.9210319519042969,0.9672383666038513
SB78976_component_18a,328.620133,1.172688,386.4930114746094,1133.41064453125,328.6201477050781,1.172680139541626,331.3797912597656,1.1105977296829224,1.1663143634796143
SB78976_component_22a,323.401434,-0.852783,341.2030029296875,877.1285400390625,323.40142822265625,-0.8528072834014893,299.8857116699219,1.0834234952926636,1.1377767324447632
SB78976_component_24a,326.751947,-1.878613,353.1369934082031,1256.71533203125,326.7519226074219,-1.8786035776138306,318.0482482910156,1.0572834014892578,1.1103252172470093
SB78976_component_25a,328.733759,-2.884692,334.9830017089844,580.5597534179688,328.7337341308594,-2.8846724033355713,279.5261535644531,1.1411466598510742,1.1983959674835205
SB78976_component_27a,328.79868,2.353075,321.0899963378906,753.7323608398438,328.7986755371094,2.3530611991882324,293.0967712402344,1.043174386024475,1.0955084562301636
SB78976_component_31a,326.826124,0.28081,291.6839904785156,1296.373291015625,326.82611083984375,0.2807893455028534,260.8960266113281,1.064599633216858,1.1180086135864258
SB78976_component_32a,329.209112,-3.557819,310.85101318359375,208.4849090576172,329.2090148925781,-3.5577425956726074,264.0867614746094,1.1208481788635254,1.1770790815353394
SB78976_component_34a,322.215109,2.158738,277.35101318359375,331.36322021484375,322.21527099609375,2.15863299369812,265.8791809082031,0.9933140873908997,1.0431467294692993
SB78976_component_35a,325.702585,-1.187431,270.3710021972656,847.5579833984375,325.7025451660156,-1.1874223947525024,237.26136779785156,1.0851112604141235,1.1395492553710938
SB78976_component_36a,328.012718,-2.287536,262.7799987792969,645.651123046875,328.01275634765625,-2.2875587940216064,227.81092834472656,1.0983959436416626,1.1535004377365112
SB78976_component_39a,327.904976,1.731523,255.41900634765625,939.0404052734375,327.9049987792969,1.7315330505371094,220.62928771972656,1.1023796796798706,1.157684087753296
SB78976_component_42a,325.024963,2.81969,258.9779968261719,814.396240234375,325.0250549316406,2.8195676803588867,227.38809204101562,1.0845168828964233,1.1389250755310059
SB78976_component_43a,325.413692,-1.385117,271.8080139160156,868.396240234375,325.41363525390625,-1.3850871324539185,243.10549926757812,1.0646543502807617,1.1180660724639893
SB78976_component_44a,324.465033,2.954655,226.2209930419922,608.1209106445312,324.465087890625,2.9545328617095947,210.6544647216797,1.0225943326950073,1.073896050453186
SB78976_component_45a,326.050794,0.322653,214.6529998779297,783.4051513671875,326.0507507324219,0.3226446807384491,191.75946044921875,1.0659120082855225,1.1193867921829224
SB78976_component_46a,328.865608,0.518316,225.3459930419922,695.5123291015625,328.86553955078125,0.5183093547821045,194.4646453857422,1.103444218635559,1.1588019132614136
SB78976_component_49a,324.16432,3.684449,216.947998046875,278.85345458984375,324.1643371582031,3.6842639446258545,214.3736572265625,0.9636634588241577,1.0120086669921875
SB78976_component_52a,327.477287,-0.782353,205.0399932861328,776.6666259765625,327.4772644042969,-0.7823652625083923,188.6438751220703,1.0349920988082886,1.0869157314300537
SB78976_component_53a,329.061504,-0.617919,207.45700073242188,507.2298278808594,329.06146240234375,-0.6179446578025818,303.5835266113281,0.6507153511047363,0.6833605170249939
SB78976_component_54a,324.389974,-0.957494,199.7530059814453,756.6401977539062,324.38995361328125,-0.9574863314628601,173.87062072753906,1.0939772129058838,1.148859977722168
SB78976_component_56a,329.284613,1.397884,197.02699279785156,364.19036865234375,329.2845458984375,1.3978965282440186,181.12840270996094,1.0358105897903442,1.0877752304077148
SB78976_component_63a,325.958308,-3.033409,186.6479949951172,731.9529418945312,325.9582824707031,-3.0333573818206787,167.71937561035156,1.059695839881897,1.1128588914871216
SB78976_component_64a,328.288294,0.321996,183.01199340820312,717.694091796875,328.2882995605469,0.32199129462242126,158.61947631835938,1.098662257194519,1.1537801027297974
SB78976_component_65a,324.432177,-0.058054,173.38699340820312,583.7946166992188,324.4321594238281,-0.05804400146007538,154.1254119873047,1.071231722831726,1.1249734163284302
SB78976_component_67a,326.158504,1.807405,167.58999633789062,637.2243041992188,326.1585388183594,1.807372808456421,149.0325927734375,1.0707991123199463,1.1245191097259521
SB78976_component_68a,322.465174,3.37893,165.95199584960938,153.80166625976562,322.4653015136719,3.378762722015381,177.64202880859375,0.8895654678344727,0.9341933131217957
SB78976_component_69a,327.353424,-0.615522,161.73599243164062,671.1036987304688,327.3534240722656,-0.6155491471290588,141.5150909423828,1.0882911682128906,1.1428886651992798
SB78976_component_71a,326.948016,2.644661,156.78700256347656,566.01806640625,326.94805908203125,2.644602060317993,142.96043395996094,1.044324278831482,1.096716046333313
SB78976_component_73a,326.893312,1.481363,157.13299560546875,646.6378173828125,326.8933410644531,1.481363296508789,143.04342651367188,1.046021580696106,1.0984985828399658
SB78976_component_75a,322.48577,0.494505,165.4149932861328,361.1680908203125,322.48590087890625,0.49449753761291504,148.01571655273438,1.064163088798523,1.117550253868103
SB78976_component_77a,323.961214,-1.213805,151.53500366210938,498.4704284667969,323.961181640625,-1.2138155698776245,162.484375,0.888060450553894,0.9326127767562866
SB78976_component_80a,325.067453,3.67415,143.96800231933594,220.809814453125,325.0675354003906,3.6739273071289062,135.8014373779297,1.0094918012619019,1.060136079788208
SB78976_component_82a,324.705318,-3.64277,147.3699951171875,205.53695678710938,324.705322265625,-3.64267635345459,119.64083099365234,1.1729265451431274,1.2317700386047363
SB78976_component_84a,328.374574,-2.720472,136.60299682617188,379.4527587890625,328.3745422363281,-2.7204651832580566,117.1537857055664,1.1103121042251587,1.166014313697815
SB78976_component_86a,326.539948,-0.433317,146.7570037841797,726.519775390625,326.5399475097656,-0.43333566188812256,130.1802520751953,1.0734822750091553,1.127336859703064
SB78976_component_87a,324.256093,-1.829889,142.031005859375,478.2189025878906,324.2560729980469,-1.8299020528793335,117.49128723144531,1.1511149406433105,1.2088642120361328
SB78976_component_88a,326.300065,-0.824638,131.82699584960938,613.1488037109375,326.300048828125,-0.8246504068374634,118.57115936279297,1.058684229850769,1.111796498298645
SB78976_component_90a,322.221097,-1.497412,134.65699768066406,179.54266357421875,322.22119140625,-1.4974396228790283,125.10277557373047,1.0249511003494263,1.0763709545135498
SB78976_component_92a,324.927107,1.374231,129.8979949951172,545.7898559570312,324.9270935058594,1.374205231666565,134.81285095214844,0.9175131916999817,0.9635431170463562
SB78976_component_94a,323.470515,-3.16596,140.4969940185547,247.79013061523438,323.4705810546875,-3.1658685207366943,121.93626403808594,1.0971735715866089,1.1522166728973389
SB78976_component_96a,325.218004,-2.676902,129.21499633789062,498.89959716796875,325.21795654296875,-2.6768901348114014,107.83694458007812,1.1410022974014282,1.1982442140579224
SB78976_component_98a,323.315912,-2.408083,129.41700744628906,346.9624938964844,323.31597900390625,-2.4080514907836914,111.77460479736328,1.102527379989624,1.157839059829712
SB78976_component_101a,326.989962,-1.491375,132.29200744628906,474.1648864746094,326.98992919921875,-1.4913684129714966,116.29534149169922,1.08320951461792,1.13755202293396
SB78976_component_104a,323.096752,2.727384,118.37899780273438,357.6404724121094,323.0967712402344,2.727267026901245,132.4224853515625,0.8512440323829651,0.8939493894577026
SB78976_component_105a,328.457242,0.522075,119.68599700927734,455.0798034667969,328.45721435546875,0.522067666053772,105.72608947753906,1.0779592990875244,1.1320384740829468
SB78976_component_112a,328.554569,-3.998257,117.2760009765625,65.70084381103516,328.5545654296875,-3.998154640197754,108.29795837402344,1.0311694145202637,1.0829013586044312
SB78976_component_113a,326.48971,2.258711,122.58200073242188,510.75836181640625,326.48974609375,2.2586374282836914,108.30096435546875,1.0777934789657593,1.131864309310913
SB78976_component_116a,328.821925,0.868645,114.28299713134766,375.9309387207031,328.8218994140625,0.8686390519142151,100.45979309082031,1.0832545757293701,1.1375993490219116
SB78976_component_119a,326.667354,1.790967,106.49600219726562,451.2542419433594,326.6673889160156,1.79095458984375,96.91690063476562,1.0463451147079468,1.0988383293151855
SB78976_component_120a,324.874783,-2.488866,109.88800048828125,377.6219787597656,324.8747253417969,-2.488863945007324,93.25235748291016,1.1221001148223877,1.178393840789795
SB78976_component_121a,327.754141,2.641409,109.2490005493164,413.82196044921875,327.754150390625,2.6414096355438232,109.08512115478516,0.9536590576171875,1.001502275466919
SB78976_component_137a,323.246734,2.430283,101.1500015258789,350.0,323.24676513671875,2.430205821990967,96.59949493408203,0.9970850348472595,1.0471069812774658
SB78976_component_138a,323.745188,1.170904,95.0530014038086,315.79071044921875,323.74517822265625,1.1708873510360718,79.8744888305664,1.133180022239685,1.190029501914978
SB78976_component_143a,329.625272,0.712701,101.72000122070312,155.53517150878906,329.6251525878906,0.712759792804718,87.90814208984375,1.1018396615982056,1.1571170091629028
SB78976_component_148a,322.886328,-0.081746,91.0,309.5238037109375,322.8863830566406,-0.08178441971540451,79.9394760131836,1.0839799642562866,1.1383612155914307
SB78976_component_151a,327.497671,3.271348,94.16200256347656,224.19525146484375,327.4976806640625,3.271301746368408,87.51033782958984,1.0246074199676514,1.07600998878479
SB78976_component_152a,328.105985,0.306168,90.99700164794922,397.3668212890625,328.1059875488281,0.30615365505218506,81.28655242919922,1.065981149673462,1.1194595098495483
SB78976_component_153a,327.674023,-0.922205,88.98300170898438,350.3267822265625,327.67401123046875,-0.9222002029418945,72.14664459228516,1.1744433641433716,1.2333630323410034
SB78976_component_154a,325.50244,0.507509,85.35700225830078,404.5355529785156,325.5023498535156,0.5075138807296753,77.51760864257812,1.048527717590332,1.101130485534668
SB78976_component_158a,326.39054,-3.229803,88.74600219726562,301.8571472167969,326.3905334472656,-3.2297112941741943,80.38092803955078,1.0513248443603516,1.1040679216384888
SB78976_component_159a,322.816431,-3.083315,93.21399688720703,160.99136352539062,322.8165283203125,-3.0832276344299316,76.75411224365234,1.1564334630966187,1.2144495248794556
SB78976_component_162a,322.092424,-2.742566,87.5250015258789,80.07776641845703,322.09259033203125,-2.7424468994140625,51.40471649169922,1.621325969696045,1.702664852142334
SB78976_component_163a,328.516511,-1.262679,81.09300231933594,280.5986328125,328.5164794921875,-1.262697458267212,71.11554718017578,1.0858254432678223,1.1402992010116577
SB78976_component_164a,326.429023,0.662667,85.68900299072266,420.04412841796875,326.42901611328125,0.662658154964447,76.97991943359375,1.0599583387374878,1.113134503364563
SB78976_component_165a,326.114854,3.565732,83.71900177001953,167.1038055419922,326.1149597167969,3.565504550933838,76.91545104980469,1.0364577770233154,1.0884549617767334
SB78976_component_166a,327.460715,2.302905,82.38800048828125,359.7729187011719,327.4607238769531,2.302917242050171,72.7059097290039,1.079034686088562,1.1331678628921509
SB78976_component_167a,323.155519,1.403427,84.46199798583984,310.52203369140625,323.1555480957031,1.4034178256988525,73.04686737060547,1.10103440284729,1.1562713384628296
SB78976_component_174a,329.373903,-0.308052,88.83000183105469,193.5294189453125,329.37384033203125,-0.3080698251724243,79.3147201538086,1.0664660930633545,1.1199686527252197
SB78976_component_179a,325.560011,-1.488592,77.5999984741211,290.63671875,325.5599365234375,-1.488563060760498,67.8357925415039,1.0892912149429321,1.1439388990402222
SB78976_component_182a,325.596907,-1.441946,85.45999908447266,328.69232177734375,325.59686279296875,-1.441918969154358,77.39936828613281,1.0513967275619507,1.1041433811187744
SB78976_component_192a,323.286815,-2.568115,77.3499984741211,219.12181091308594,323.286865234375,-2.568053722381592,48.632320404052734,1.5145251750946045,1.5905060768127441
SB78976_component_196a,326.152016,0.959082,70.86499786376953,325.0688171386719,326.1520080566406,0.959086537361145,64.97989654541016,1.038469910621643,1.0905680656433105
SB78976_component_197a,322.244533,3.372816,75.2030029296875,51.158504486083984,322.24481201171875,3.3726842403411865,86.5008544921875,0.8278582096099854,0.8693903088569641
SB78976_component_199a,324.337961,2.350226,72.79000091552734,268.5977783203125,324.3380126953125,2.350184440612793,64.57083129882812,1.073436975479126,1.1272891759872437
SB78976_component_200a,324.839927,2.877139,73.08699798583984,238.06838989257812,324.8399963378906,2.8770086765289307,64.39176940917969,1.0808138847351074,1.1350363492965698
SB78976_component_202a,322.543573,3.665411,69.38899993896484,47.821502685546875,322.5437316894531,3.665252208709717,88.61725616455078,0.7456130385398865,0.7830190658569336
SB78976_component_207a,322.319004,0.632445,70.34200286865234,151.2731170654297,322.31915283203125,0.6324425935745239,72.5772933959961,0.9229010343551636,0.9692012667655945
SB78976_component_208a,326.460768,-1.089114,68.14199829101562,332.3999938964844,326.4607238769531,-1.0891321897506714,59.2227897644043,1.0956382751464844,1.1506043672561646
SB78976_component_212a,324.20006,-2.899247,71.5530014038086,180.68939208984375,324.2000427246094,-2.8991775512695312,54.28530502319336,1.2551243305206299,1.3180915117263794
SB78976_component_213a,329.204442,-0.458285,68.7030029296875,167.56829833984375,329.20440673828125,-0.4583202600479126,62.30354309082031,1.0500359535217285,1.10271418094635
SB78976_component_214a,328.980401,-1.080048,70.302001953125,187.4720001220703,328.9803771972656,-1.0800752639770508,61.694114685058594,1.0850883722305298,1.139525294303894
SB78976_component_216a,322.555309,1.967869,64.33999633789062,164.1326446533203,322.555419921875,1.9678109884262085,61.274864196777344,0.9998615384101868,1.0500227212905884
SB78976_component_218a,322.591803,-1.392845,64.35099792480469,143.00222778320312,322.5918884277344,-1.3928719758987427,55.48906326293945,1.1043050289154053,1.1597059965133667
SB78976_component_219a,329.425887,-2.810253,66.5719985961914,51.09132766723633,329.42584228515625,-2.810244083404541,53.723628997802734,1.1799603700637817,1.239156723022461
SB78976_component_220a,327.755966,-3.074955,62.20899963378906,166.78016662597656,327.7559814453125,-3.0749013423919678,51.536285400390625,1.1494266986846924,1.207091212272644
SB78976_component_221a,329.100979,-1.550804,65.33200073242188,125.88053894042969,329.1009216308594,-1.5508100986480713,55.647926330566406,1.1179391145706177,1.174023985862732
SB78976_component_223a,325.721909,1.868534,60.34299850463867,267.0044250488281,325.721923828125,1.8684834241867065,52.63730239868164,1.0916274785995483,1.1463923454284668
SB78976_component_227a,328.607851,-1.363775,61.78099822998047,207.31878662109375,328.60784912109375,-1.3638118505477905,55.309085845947266,1.0636521577835083,1.1170135736465454
SB78976_component_232a,328.950655,-0.784604,58.61600112915039,140.90383911132812,328.95062255859375,-0.7846134305000305,54.14040756225586,1.0309457778930664,1.0826663970947266
SB78976_component_235a,327.399782,3.425785,60.12099838256836,127.37499237060547,327.3997802734375,3.4257001876831055,56.537567138671875,1.0125820636749268,1.0633814334869385
SB78976_component_237a,326.667653,-3.369051,60.21099853515625,170.0875701904297,326.66766357421875,-3.368945837020874,55.201568603515625,1.0386412143707275,1.0907479524612427
SB78976_component_240a,326.67707,-3.04438,58.209999084472656,224.7490234375,326.6770324707031,-3.0443179607391357,52.827640533447266,1.0492465496063232,1.1018853187561035
SB78976_component_245a,324.152793,-3.538184,60.624000549316406,99.05882263183594,324.1528625488281,-3.538118839263916,43.96581268310547,1.3130179643630981,1.378889560699463
SB78976_component_249a,327.298765,3.13897,56.10499954223633,170.53192138671875,327.2987976074219,3.138904094696045,43.271484375,1.234641671180725,1.2965813875198364
SB78976_component_250a,328.453603,1.757246,59.02299880981445,201.4436798095703,328.45361328125,1.7572524547576904,50.800662994384766,1.106351375579834,1.161854863166809
SB78976_component_253a,327.002996,-0.476205,55.72700119018555,265.3666687011719,327.00299072265625,-0.47622379660606384,49.13331985473633,1.080017328262329,1.1341997385025024
SB78976_component_264a,325.247865,-0.742183,55.861000061035156,249.37945556640625,325.2478332519531,-0.7422059774398804,50.045711517333984,1.0628769397735596,1.1161994934082031
SB78976_component_269a,324.284716,3.130295,50.52799987792969,134.3829803466797,324.2847595214844,3.1301610469818115,49.86134719848633,0.9649599194526672,1.013370156288147
SB78976_component_271a,327.829859,-0.862406,50.900001525878906,226.22222900390625,327.829833984375,-0.8624052405357361,40.739784240722656,1.189707636833191,1.2493929862976074
SB78976_component_278a,326.596491,1.11831,49.48500061035156,246.19403076171875,326.5965270996094,1.1182961463928223,45.700321197509766,1.0310875177383423,1.082815170288086
SB78976_component_280a,324.142918,3.609312,51.53900146484375,76.6949462890625,324.14288330078125,3.6091196537017822,51.02476119995117,0.9618252515792847,1.0100781917572021
SB78976_component_281a,323.010728,3.758286,51.196998596191406,49.37030029296875,323.0107727050781,3.7580864429473877,86.06169891357422,0.5664685368537903,0.5948871374130249
SB78976_component_284a,326.887895,-0.79789,47.93000030517578,228.23809814453125,326.88787841796875,-0.7978955507278442,46.882118225097656,0.9735121726989746,1.0223513841629028
SB78976_component_285a,325.881535,0.747883,46.50299835205078,189.0365753173828,325.8815002441406,0.7478998303413391,42.58506393432617,1.0398359298706055,1.092002511024475
SB78976_component_286a,324.673065,-0.359809,45.96799850463867,205.2142791748047,324.67303466796875,-0.35980039834976196,38.137664794921875,1.147737741470337,1.2053176164627075
SB78976_component_291a,323.839739,0.794605,48.41999816894531,169.30068969726562,323.8397521972656,0.794623076915741,43.10969924926758,1.0695250034332275,1.1231811046600342
SB78976_component_292a,325.581811,-1.291583,46.55099868774414,175.66415405273438,325.581787109375,-1.2915407419204712,41.066768646240234,1.0793931484222412,1.1335442066192627
SB78976_component_293a,329.617895,1.28179,47.9119987487793,70.252197265625,329.6177673339844,1.2818206548690796,44.50062942504883,1.025225281715393,1.076658844947815
SB78976_component_296a,328.520947,-2.059044,49.290000915527344,163.21192932128906,328.5209655761719,-2.0590779781341553,41.90300369262695,1.120094895362854,1.1762880086898804
SB78976_component_298a,326.753544,-1.670829,48.67599868774414,210.71859741210938,326.7535400390625,-1.670827031135559,43.888301849365234,1.056105375289917,1.1090881824493408
SB78976_component_301a,326.810534,0.556415,48.25600051879883,221.35780334472656,326.8105163574219,0.5563887357711792,43.9755744934082,1.044914960861206,1.0973364114761353
SB78976_component_302a,324.998286,-1.04795,44.37900161743164,184.14523315429688,324.99822998046875,-1.0479434728622437,39.0853385925293,1.081196904182434,1.1354385614395142
SB78976_component_307a,324.727593,-0.565002,44.2140007019043,179.00405883789062,324.7275390625,-0.5650084018707275,39.968017578125,1.053387999534607,1.1062345504760742
SB78976_component_308a,324.687499,3.008899,44.80500030517578,134.14671325683594,324.6875305175781,3.008775472640991,39.46596145629883,1.0810478925704956,1.1352821588516235
SB78976_component_315a,324.90827,-2.419627,43.08700180053711,181.03781127929688,324.9082336425781,-2.419631004333496,35.84273147583008,1.1446858644485474,1.2021126747131348
SB78976_component_316a,325.483761,-0.600342,41.770999908447266,176.99575805664062,325.4837341308594,-0.6003747582435608,55.84381103515625,0.7122640013694763,0.7479969263076782
SB78976_component_317a,325.656345,2.723198,43.8650016784668,148.69493103027344,325.65643310546875,2.723072052001953,32.08432388305664,1.3018664121627808,1.3671786785125732
SB78976_component_320a,327.601265,-2.289428,42.99700164794922,158.07720947265625,327.601318359375,-2.289424180984497,37.15678024291992,1.1018977165222168,1.1571778059005737
SB78976_component_322a,323.29871,-2.179387,44.400001525878906,121.97802734375,323.2987365722656,-2.1793525218963623,38.35314178466797,1.1023592948913574,1.1576627492904663
SB78976_component_327a,327.017112,-3.283091,43.034000396728516,111.77662658691406,327.01715087890625,-3.2830159664154053,39.34340286254883,1.0415520668029785,1.0938047170639038
SB78976_component_328a,325.883105,2.433297,41.224998474121094,152.6851806640625,325.8832092285156,2.433159589767456,28.264190673828125,1.3888816833496094,1.458559274673462
SB78976_component_331a,327.662761,-3.102131,41.31100082397461,123.31641387939453,327.6628112792969,-3.102060556411743,35.502201080322266,1.1080302000045776,1.1636179685592651
SB78976_component_333a,324.557345,-1.852028,42.32099914550781,160.9163360595703,324.55731201171875,-1.8520467281341553,43.20581817626953,0.9327276945114136,0.979520857334137
SB78976_component_334a,328.319249,-3.311659,40.367000579833984,77.92857360839844,328.3192443847656,-3.311624050140381,38.49635696411133,0.998499870300293,1.0485926866531372
SB78976_component_340a,326.766446,1.258585,38.93899917602539,184.54502868652344,326.7664794921875,1.25859797000885,35.577186584472656,1.042207956314087,1.0944935083389282
SB78976_component_341a,329.464717,0.588315,39.46900177001953,78.00198364257812,329.46453857421875,0.5882728099822998,34.09199142456055,1.102414608001709,1.157720685005188
SB78976_component_343a,324.695915,4.113167,40.6150016784668,28.602115631103516,324.696044921875,4.112977981567383,38.705650329589844,0.9992018938064575,1.0493299961090088
SB78976_component_349a,326.69134,-3.614789,40.356998443603516,71.30211639404297,326.69134521484375,-3.614633083343506,37.18323516845703,1.0335056781768799,1.0853546857833862
SB78976_component_350a,324.298181,-2.50448,38.70399856567383,139.72561645507812,324.29815673828125,-2.5044853687286377,35.82710647583008,1.0286917686462402,1.0802992582321167
SB78976_component_353a,327.874296,-3.015378,36.638999938964844,97.7040023803711,327.87432861328125,-3.0153329372406006,41.69114303588867,0.8368371725082397,0.8788197636604309
SB78976_component_354a,325.364425,-1.7052,37.14899826049805,157.4110107421875,325.3643493652344,-1.7051609754562378,32.72132110595703,1.0810790061950684,1.135314702987671
SB78976_component_356a,325.437789,-2.108341,37.48899841308594,165.1497802734375,325.437744140625,-2.108320713043213,32.70111846923828,1.0916475057601929,1.1464133262634277
SB78976_component_357a,322.824569,-3.776228,40.91899871826172,27.1706485748291,322.8245849609375,-3.7760138511657715,35.39088821411133,1.1009680032730103,1.1562014818191528
SB78976_component_359a,322.67396,-2.694062,40.1619987487793,86.55603790283203,322.674072265625,-2.69403338432312,34.0831184387207,1.1220628023147583,1.1783546209335327
SB78976_component_361a,326.304922,1.692657,35.43199920654297,161.05455017089844,326.3049621582031,1.6926259994506836,33.678443908691406,1.001808762550354,1.0520676374435425
SB78976_component_365a,325.024734,2.927243,37.39899826049805,126.34796905517578,325.02484130859375,2.9271152019500732,32.593467712402344,1.0926234722137451,1.147438406944275
SB78976_component_366a,324.79874,0.586119,34.930999755859375,146.15481567382812,324.7987060546875,0.5860735177993774,30.51075553894043,1.0901825428009033,1.144874930381775
SB78976_component_367a,326.874703,-0.973764,34.92100143432617,170.34634399414062,326.8746643066406,-0.973783552646637,31.85403060913086,1.0439109802246094,1.0962820053100586
SB78976_component_374a,329.176696,-2.24107,37.176998138427734,68.08973693847656,329.1766357421875,-2.2410521507263184,36.37925720214844,0.9731094241142273,1.0219284296035767
SB78976_component_377a,327.623048,-0.042801,36.21200180053711,174.09616088867188,327.623046875,-0.04284384474158287,30.72137451171875,1.122413992881775,1.1787233352661133
SB78976_component_378a,328.760072,0.74781,34.68000030517578,125.65217590332031,328.7600402832031,0.747805118560791,28.907962799072266,1.1423594951629639,1.1996694803237915
SB78976_component_380a,328.318046,-3.393997,37.551998138427734,67.6612548828125,328.3180847167969,-3.393921375274658,30.175857543945312,1.1849898099899292,1.2444385290145874
SB78976_component_383a,324.623389,-2.577059,34.89799880981445,118.29830932617188,324.6233215332031,-2.577052354812622,29.036264419555664,1.1444607973098755,1.2018762826919556
SB78976_component_385a,325.640475,1.41473,32.590999603271484,119.8198471069336,325.6404113769531,1.4147197008132935,35.976993560791016,0.8626090288162231,0.9058844447135925
SB78976_component_386a,322.416384,0.089189,37.959999084472656,85.68848419189453,322.41650390625,0.08919263631105423,34.019195556640625,1.0625351667404175,1.1158405542373657
SB78976_component_387a,324.89602,-0.639375,32.61399841308594,146.90989685058594,324.8960266113281,-0.6393563151359558,28.971824645996094,1.0719372034072876,1.1257143020629883
SB78976_component_388a,327.062385,1.99467,36.777000427246094,148.2943572998047,327.0623779296875,1.9946457147598267,33.24903106689453,1.053267002105713,1.106107473373413
SB78976_component_395a,325.46134,-2.607306,35.803001403808594,165.754638671875,325.4612731933594,-2.6072678565979004,31.263019561767578,1.0905101299285889,1.1452189683914185
SB78976_component_398a,325.91424,1.469131,31.648000717163086,145.17431640625,325.91424560546875,1.469123363494873,28.899599075317383,1.0427870750427246,1.0951017141342163
SB78976_component_399a,325.376457,-0.253827,32.012001037597656,148.20370483398438,325.3764343261719,-0.25385016202926636,28.5201358795166,1.0688146352767944,1.1224350929260254
SB78976_component_400a,326.996424,-2.119956,33.17300033569336,138.79916381835938,326.9964294433594,-2.119978666305542,30.21902084350586,1.0453110933303833,1.097752332687378
SB78976_component_403a,325.119012,-2.532164,31.924999237060547,138.20346069335938,325.11895751953125,-2.532158613204956,30.77387809753418,0.9878473877906799,1.0374057292938232
SB78976_component_405a,325.055052,-1.393631,30.983999252319336,138.32142639160156,325.0550231933594,-1.3936229944229126,27.590686798095703,1.0693408250808716,1.1229876279830933
SB78976_component_409a,321.870771,-1.853251,36.23899841308594,29.390914916992188,321.87091064453125,-1.8532792329788208,37.34250259399414,0.9240893125534058,0.9704490900039673
SB78976_component_410a,329.191554,3.342154,34.70899963378906,32.019371032714844,329.1914367675781,3.3420324325561523,34.097652435302734,0.9693013429641724,1.0179293155670166
SB78976_component_411a,327.419044,3.567354,34.974998474121094,65.86628723144531,327.4190368652344,3.567269802093506,31.972274780273438,1.0416584014892578,1.0939165353775024
SB78976_component_413a,327.762668,-3.432385,35.321998596191406,68.71984100341797,327.7626647949219,-3.432360887527466,28.185867309570312,1.193314790725708,1.2531812191009521
SB78976_component_414a,323.196638,0.694204,32.96900177001953,134.56735229492188,323.19671630859375,0.6942160129547119,28.770652770996094,1.0911821126937866,1.145924687385559
SB78976_component_425a,327.34126,-0.78118,31.1299991607666,134.76190185546875,327.34124755859375,-0.7811968922615051,26.895612716674805,1.1021453142166138,1.157437801361084
SB78976_component_426a,326.563665,-3.279312,32.0989990234375,99.07098388671875,326.563720703125,-3.2792088985443115,30.009353637695312,1.0185351371765137,1.06963312625885
SB78976_component_427a,324.342054,1.763744,34.316001892089844,129.49435424804688,324.3420715332031,1.763693928718567,30.074621200561523,1.0865199565887451,1.1410285234451294
SB78976_component_433a,325.39274,1.233103,29.78700065612793,125.15546417236328,325.3927001953125,1.2330982685089111,27.887300491333008,1.0170948505401611,1.0681205987930298
SB78976_component_434a,328.312803,3.403207,31.649999618530273,61.816402435302734,328.3127746582031,3.403095245361328,32.358726501464844,0.9313726425170898,0.9780977964401245
SB78976_component_435a,326.842835,-1.866925,31.235000610351562,127.48979949951172,326.8428649902344,-1.8669482469558716,28.557357788085938,1.0415129661560059,1.0937637090682983
SB78976_component_436a,328.876581,-0.034548,29.915000915527344,118.2411117553711,328.87652587890625,-0.03456895425915718,26.470964431762695,1.076119303703308,1.1301062107086182
SB78976_component_445a,323.629493,3.045092,28.57200050354004,83.05813598632812,323.6295166015625,3.044982671737671,29.093660354614258,0.9351546764373779,0.9820696115493774
SB78976_component_451a,327.683558,1.117724,29.743999481201172,140.3018798828125,327.68359375,1.117727518081665,25.824914932250977,1.096734881401062,1.151755928993225
SB78976_component_452a,327.810728,3.435087,31.641000747680664,66.89429473876953,327.81072998046875,3.4349827766418457,28.717891693115234,1.0491529703140259,1.1017870903015137
SB78976_component_455a,322.77687,-2.180721,30.628999710083008,83.685791015625,322.7769470214844,-2.180720090866089,26.85955238342285,1.0858633518218994,1.1403391361236572
SB78976_component_457a,328.303371,0.900699,28.91699981689453,117.54877471923828,328.3033752441406,0.9007238745689392,25.494361877441406,1.0800658464431763,1.1342507600784302
SB78976_component_458a,322.825448,-1.524551,27.66699981689453,83.83939361572266,322.8254699707031,-1.524566888809204,27.30164909362793,0.9649711847305298,1.0133819580078125
SB78976_component_460a,327.423795,-3.292065,31.6200008392334,85.45945739746094,327.42376708984375,-3.292027711868286,24.386009216308594,1.234702467918396,1.296645164489746
SB78976_component_461a,328.001547,0.820369,28.509000778198242,134.47642517089844,328.0015563964844,0.8203548192977905,25.175249099731445,1.078324317932129,1.132421851158142
SB78976_component_465a,325.835546,-0.020397,28.305999755859375,136.74395751953125,325.83551025390625,-0.02045420929789543,25.15777015686035,1.07138991355896,1.1251394748687744
SB78976_component_469a,325.851517,0.584159,26.80900001525879,128.88941955566406,325.8514709472656,0.5841614603996277,21.850200653076172,1.1683322191238403,1.2269452810287476
SB78976_component_471a,326.263198,0.534816,27.479999542236328,126.05504608154297,326.26318359375,0.534770667552948,25.44024085998535,1.0285767316818237,1.0801783800125122
SB78976_component_472a,327.918802,-3.835489,29.923999786376953,28.996126174926758,327.9187927246094,-3.8353705406188965,25.1289119720459,1.13393235206604,1.190819501876831
SB78976_component_473a,329.412378,0.124974,27.3439998626709,59.05831527709961,329.41229248046875,0.12492707371711731,29.118173599243164,0.894209086894989,0.9390698671340942
SB78976_component_476a,328.03642,3.736879,29.617000579833984,39.38431167602539,328.03643798828125,3.7368271350860596,31.876035690307617,0.8847446441650391,0.9291306138038635
SB78976_component_480a,324.527179,2.020346,26.834999084472656,101.6477279663086,324.5271301269531,2.0202796459198,18.986421585083008,1.3458592891693115,1.4133784770965576
SB78976_component_486a,328.689946,-3.238809,27.514999389648438,47.43965530395508,328.6899108886719,-3.2388031482696533,23.99712562561035,1.0918210744857788,1.1465955972671509
SB78976_component_487a,329.190634,-3.630184,26.243000030517578,16.694019317626953,329.19049072265625,-3.6301779747009277,21.384450912475586,1.1685749292373657,1.2272000312805176
SB78976_component_490a,327.979858,1.43908,26.492000579833984,122.08295440673828,327.97991943359375,1.4390705823898315,24.59071922302246,1.0258519649505615,1.0773169994354248
SB78976_component_491a,326.030909,0.823184,25.701000213623047,120.66197204589844,326.0309143066406,0.8232253193855286,22.139774322509766,1.1053963899612427,1.1608519554138184
SB78976_component_492a,328.866935,-0.176093,26.986000061035156,99.57933807373047,328.86688232421875,-0.17608314752578735,24.965185165405273,1.0293068885803223,1.080945372581482
SB78976_component_493a,323.550794,2.361952,28.030000686645508,113.9430923461914,323.5508728027344,2.3619065284729004,25.294540405273438,1.055206537246704,1.1081442832946777
SB78976_component_494a,325.930582,2.974327,26.049999237060547,83.22683715820312,325.9307556152344,2.9741854667663574,23.44347381591797,1.0581004619598389,1.1111834049224854
SB78976_component_496a,327.950097,0.38292,26.858999252319336,128.51194763183594,327.9500427246094,0.38292065262794495,22.747543334960938,1.1243369579315186,1.180742859840393
SB78976_component_497a,328.20302,-4.013395,26.985000610351562,19.31639289855957,328.202880859375,-4.013354778289795,22.978633880615234,1.1182512044906616,1.1743518114089966
SB78976_component_500a,322.737022,2.841586,23.908000946044922,54.83486557006836,322.7371520996094,2.8413870334625244,25.204544067382812,0.9032450318336487,0.9485591650009155
SB78976_component_501a,324.231961,-0.595407,25.1560001373291,100.22311401367188,324.23193359375,-0.5953331589698792,23.0040283203125,1.0413072109222412,1.0935475826263428
SB78976_component_510a,327.611333,-2.624088,25.29599952697754,104.96265411376953,327.6113586425781,-2.6240720748901367,22.335405349731445,1.078447937965393,1.132551670074463
SB78976_component_512a,324.069864,-1.144375,24.593000411987305,85.98950958251953,324.0698547363281,-1.1444182395935059,20.342384338378906,1.1512001752853394,1.2089537382125854
SB78976_component_518a,325.203498,1.976754,26.117000579833984,90.3702392578125,325.20355224609375,1.9766865968704224,21.372940063476562,1.1635905504226685,1.2219657897949219
SB78976_component_522a,324.05774,-3.271318,27.0049991607666,60.68539047241211,324.0577087402344,-3.271263360977173,23.24358367919922,1.1063238382339478,1.1618260145187378
SB78976_component_525a,328.99049,0.605597,24.790000915527344,80.22654724121094,328.9903564453125,0.6055609583854675,20.9742488861084,1.1254632472991943,1.1819255352020264
SB78976_component_526a,322.932323,0.74279,26.510000228881836,104.37007904052734,322.93243408203125,0.7427800297737122,24.04032325744629,1.0500514507293701,1.102730631828308
SB78976_component_527a,322.228507,0.661392,26.599000930786133,50.186798095703125,322.2287292480469,0.6614588499069214,24.115415573120117,1.0502960681915283,1.1029874086380005
SB78976_component_529a,325.993855,0.684147,24.280000686645508,104.20601654052734,325.99383544921875,0.6841260194778442,20.55385971069336,1.1248548030853271,1.1812866926193237
SB78976_component_530a,327.482873,1.506902,24.090999603271484,119.855712890625,327.4829406738281,1.506898283958435,22.0584716796875,1.0399694442749023,1.0921427011489868
SB78976_component_531a,329.563479,1.702078,24.496000289916992,35.044349670410156,329.563232421875,1.7021636962890625,22.8678035736084,1.0200275182724,1.0712003707885742
SB78976_component_533a,324.873018,-1.067769,23.825000762939453,104.039306640625,324.8730163574219,-1.0677181482315063,26.124305725097656,0.8684189915657043,0.9119859933853149
SB78976_component_534a,325.969869,-1.332094,24.066999435424805,92.92277526855469,325.9698486328125,-1.332105040550232,20.55686378479004,1.114823818206787,1.1707525253295898
SB78976_component_535a,325.55622,-2.044515,25.674999237060547,110.19313049316406,325.55621337890625,-2.0444748401641846,21.910554885864258,1.1158305406570435,1.1718096733093262
SB78976_component_537a,325.218024,1.504914,24.427000045776367,103.06751251220703,325.2179870605469,1.5048892498016357,21.152767181396484,1.099623680114746,1.1547898054122925
SB78976_component_539a,323.971148,3.04728,23.767000198364258,72.46036529541016,323.97119140625,3.0471606254577637,23.71332359313965,0.954383909702301,1.0022635459899902
SB78976_component_540a,327.65512,-2.301678,25.75200080871582,87.0,327.6551208496094,-2.3016812801361084,21.885189056396484,1.1204742193222046,1.1766862869262695
SB78976_component_544a,324.546994,-1.701655,26.55299949645996,99.07835388183594,324.5470275878906,-1.7016441822052002,23.552471160888672,1.0735400915145874,1.1273976564407349
SB78976_component_547a,323.693792,-3.065868,25.07900047302246,56.10514831542969,323.69384765625,-3.0657830238342285,21.972719192504883,1.0868449211120605,1.1413699388504028
SB78976_component_551a,324.907664,-3.085469,24.145000457763672,87.80000305175781,324.9076232910156,-3.0854408740997314,20.44886016845703,1.1243442296981812,1.1807504892349243
SB78976_component_554a,329.024987,3.208233,25.867000579833984,38.78110885620117,329.0249328613281,3.2081081867218018,26.54219627380371,0.9280051589012146,0.9745614528656006
SB78976_component_555a,327.750789,-3.970834,24.999000549316406,23.16867446899414,327.7508239746094,-3.970729112625122,26.986061096191406,0.8821132183074951,0.9263671636581421
SB78976_component_556a,325.251097,3.354785,23.023000717163086,60.26963424682617,325.251220703125,3.3546671867370605,21.557207107543945,1.0169757604599,1.067995548248291
SB78976_component_561a,326.403167,0.943774,23.018999099731445,113.39408874511719,326.40313720703125,0.9437648057937622,20.96811294555664,1.0453656911849976,1.0978097915649414
SB78976_component_564a,326.862431,3.600875,25.155000686645508,47.10674285888672,326.8625183105469,3.600802421569824,22.058483123779297,1.085900068283081,1.1403776407241821
SB78976_component_568a,323.59635,-3.109259,24.32699966430664,54.42281723022461,323.59649658203125,-3.1091713905334473,20.431161880493164,1.1338005065917969,1.1906812191009521
SB78976_component_572a,326.163913,-0.441552,21.957000732421875,112.02552032470703,326.1639099121094,-0.44160401821136475,19.473026275634766,1.0736945867538452,1.127559781074524
SB78976_component_573a,328.617931,2.964506,23.708999633789062,53.884090423583984,328.6179504394531,2.964449882507324,23.263830184936523,0.9704500436782837,1.0191357135772705
SB78976_component_574a,324.632673,1.803145,22.288999557495117,93.65125274658203,324.6326904296875,1.8030892610549927,19.285720825195312,1.1005146503448486,1.1557254791259766
SB78976_component_575a,328.253754,-3.426216,22.780000686645508,39.755672454833984,328.2535705566406,-3.426215648651123,18.167911529541016,1.1939603090286255,1.253859043121338
SB78976_component_576a,324.704856,-1.130473,21.472000122070312,92.95237731933594,324.7048645019531,-1.1304517984390259,17.60210609436035,1.1615797281265259,1.2198539972305298
SB78976_component_578a,328.955895,0.109134,22.15999984741211,71.94805145263672,328.9558410644531,0.10908394306898117,19.105060577392578,1.1044918298721313,1.1599020957946777
SB78976_component_582a,325.515617,-2.986787,21.527000427246094,86.45381927490234,325.51556396484375,-2.986736297607422,22.172807693481445,0.9244937896728516,0.9708738923072815
SB78976_component_583a,324.645017,-3.09568,23.459999084472656,51.22270584106445,324.6449279785156,-3.095651388168335,19.289194107055664,1.1581239700317383,1.2162249088287354
SB78976_component_587a,328.272236,-0.708575,21.95400047302246,102.58878326416016,328.27227783203125,-0.7085433006286621,21.36593246459961,0.9784373044967651,1.0275236368179321
SB78976_component_589a,328.099045,-1.17153,21.40999984741211,91.4957275390625,328.0989990234375,-1.1715013980865479,18.88108253479004,1.079769253730774,1.133939266204834
SB78976_component_592a,325.730651,0.933841,20.461000442504883,98.84541320800781,325.7305908203125,0.9338693618774414,27.392709732055664,0.7112675905227661,0.7469505667686462
SB78976_component_597a,325.536768,3.837784,20.17799949645996,26.342037200927734,325.536865234375,3.8374695777893066,19.475584030151367,0.9865720272064209,1.0360664129257202
SB78976_component_601a,325.875662,-0.147715,22.292999267578125,113.16243743896484,325.8756103515625,-0.1477368324995041,20.100311279296875,1.0561045408248901,1.1090872287750244
SB78976_component_606a,323.089334,-2.409383,21.45800018310547,60.1064453125,323.08935546875,-2.4093334674835205,18.784605026245117,1.0877481698989868,1.1423183679580688
SB78976_component_607a,329.444467,0.143004,20.53700065612793,42.696468353271484,329.4443664550781,0.1429775208234787,18.560335159301758,1.0536402463912964,1.106499433517456
SB78976_component_608a,329.428483,0.899435,21.297000885009766,43.46326446533203,329.4283142089844,0.899466872215271,19.639564514160156,1.0325895547866821,1.0843926668167114
SB78976_component_609a,329.058356,3.647856,19.274999618530273,14.256656646728516,329.0582580566406,3.647937536239624,19.77494239807129,0.9281546473503113,0.9747183918952942
SB78976_component_611a,328.705908,-2.458954,20.20800018310547,58.40462875366211,328.7059020996094,-2.45896315574646,17.624805450439453,1.0917927026748657,1.1465659141540527
SB78976_component_612a,324.745402,3.643993,20.891000747680664,34.360198974609375,324.74554443359375,3.643778085708618,20.47472381591797,0.9715884923934937,1.0203312635421753
SB78976_component_615a,329.00688,-0.465251,21.972000122070312,66.18072509765625,329.0068664550781,-0.4652998149394989,18.98763084411621,1.1018943786621094,1.1571743488311768
SB78976_component_616a,322.74952,1.444354,20.16699981689453,66.33881378173828,322.74957275390625,1.4443222284317017,17.74442481994629,1.0822323560714722,1.1365259885787964
SB78976_component_619a,328.619014,1.388368,22.38800048828125,73.64473724365234,328.6190490722656,1.38838529586792,18.907909393310547,1.127490758895874,1.1840547323226929
SB78976_component_621a,329.240032,-1.228643,21.760000228881836,39.34900665283203,329.24005126953125,-1.2286505699157715,17.19173812866211,1.2052587270736694,1.2657243013381958
SB78976_component_624a,329.797067,0.135714,20.968000411987305,25.57073211669922,329.7969665527344,0.13568603992462158,19.272846221923828,1.0359822511672974,1.0879555940628052
SB78976_component_626a,323.235204,2.534882,20.444000244140625,62.90461730957031,323.2351989746094,2.534839391708374,19.68773078918457,0.9888067245483398,1.0384132862091064
SB78976_component_629a,327.585651,1.4874,20.27400016784668,93.42857360839844,327.58575439453125,1.4873794317245483,17.553529739379883,1.0998061895370483,1.1549813747406006
SB78976_component_631a,324.887696,1.733752,19.996000289916992,81.95082092285156,324.8876953125,1.7337273359298706,17.399906158447266,1.0943025350570679,1.1492016315460205
SB78976_component_633a,327.854872,2.407958,20.34000015258789,86.18643951416016,327.8548889160156,2.4079537391662598,22.447805404663086,0.8628160953521729,0.9061019420623779
SB78976_component_637a,322.190562,1.406372,19.673999786376953,32.46534729003906,322.19085693359375,1.406376838684082,15.559412956237793,1.2040390968322754,1.2644436359405518
SB78976_component_642a,323.908377,2.642951,19.56599998474121,66.77815246582031,323.908447265625,2.6429004669189453,16.608970642089844,1.121761441230774,1.1780381202697754
SB78976_component_649a,323.550674,1.168094,20.61400032043457,79.28462219238281,323.5506286621094,1.1680794954299927,18.667285919189453,1.051531434059143,1.1042847633361816
SB78976_component_650a,329.051251,-2.923216,20.47800064086914,32.92283248901367,329.0511779785156,-2.9231925010681152,16.795246124267578,1.1610270738601685,1.219273567199707
SB78976_component_654a,324.709841,2.511258,18.97800064086914,63.2599983215332,324.7098693847656,2.5112390518188477,16.15529441833496,1.1186050176620483,1.1747232675552368
SB78976_component_656a,323.717091,-2.536931,19.7189998626709,59.9361686706543,323.7171936035156,-2.536790609359741,16.964536666870117,1.1068379878997803,1.1623659133911133
SB78976_component_659a,324.594059,-0.496116,18.26300048828125,78.71983337402344,324.5940856933594,-0.4960858225822449,16.450885772705078,1.057119369506836,1.1101529598236084
SB78976_component_662a,328.474569,-0.227617,18.25,80.04386138916016,328.47454833984375,-0.22763244807720184,17.28516960144043,1.005380392074585,1.0558184385299683
SB78976_component_663a,327.540066,1.04763,20.826000213623047,103.09900665283203,327.54010009765625,1.047551155090332,18.509746551513672,1.071387529373169,1.1251369714736938
SB78976_component_675a,325.479376,-1.29288,17.652000427246094,72.3442611694336,325.4793395996094,-1.292838215827942,15.866765975952148,1.0593676567077637,1.1125140190124512
SB78976_component_677a,323.580594,-0.699655,17.952999114990234,62.77272033691406,323.58056640625,-0.6996899843215942,16.385583877563477,1.0433168411254883,1.0956581830978394
SB78976_component_679a,324.225035,3.271983,17.868000030517578,45.35025405883789,324.2251281738281,3.2718420028686523,18.57288360595703,0.9160892367362976,0.9620476961135864
SB78976_component_681a,327.503024,-1.560451,17.597000122070312,62.180213928222656,327.5030517578125,-1.5604679584503174,16.34742546081543,1.0250154733657837,1.0764386653900146
SB78976_component_684a,323.110071,0.634478,17.538999557495117,71.88114166259766,323.11016845703125,0.6344937086105347,16.21393394470215,1.0300482511520386,1.081723928451538
SB78976_component_693a,328.691679,-2.263911,18.125,51.93409729003906,328.691650390625,-2.263930559158325,18.157197952270508,0.9505399465560913,0.9982267022132874
SB78976_component_698a,326.600562,-1.173221,17.378999710083008,80.45832824707031,326.6004943847656,-1.1732537746429443,15.652971267700195,1.0572291612625122,1.110268473625183
SB78976_component_703a,328.681178,1.716128,18.898000717163086,64.71918487548828,328.68115234375,1.716123104095459,16.01444435119629,1.12368643283844,1.1800596714019775
SB78976_component_710a,323.985158,-0.388488,17.29199981689453,70.86885070800781,323.985107421875,-0.3885045349597931,14.960163116455078,1.1006520986557007,1.155869722366333
SB78976_component_712a,326.94648,-0.737095,17.81999969482422,85.6730728149414,326.9465026855469,-0.7370437979698181,16.225994110107422,1.0457732677459717,1.0982377529144287
SB78976_component_714a,327.153498,3.694643,19.12299919128418,33.96624755859375,327.15362548828125,3.69456148147583,17.562116622924805,1.036860466003418,1.08887779712677
SB78976_component_719a,328.064599,1.324956,17.384000778198242,78.66063690185547,328.06463623046875,1.3249762058258057,15.967259407043457,1.0367177724838257,1.0887279510498047
SB78976_component_720a,324.687432,2.205956,17.090999603271484,56.780731201171875,324.6875,2.205886125564575,7.879113674163818,2.0655288696289062,2.1691524982452393
SB78976_component_722a,326.787253,2.086694,16.72100067138672,78.50234985351562,326.78729248046875,2.086629867553711,16.32895851135254,0.9750905632972717,1.0240089893341064
SB78976_component_723a,329.32425,-2.785812,18.2450008392334,18.73203468322754,329.3240661621094,-2.785780668258667,14.583791732788086,1.191282033920288,1.2510464191436768
SB78976_component_724a,323.539584,3.00015,16.825000762939453,47.52825164794922,323.5396423339844,2.999985456466675,16.36078453063965,0.9792467951774597,1.0283737182617188
SB78976_component_725a,327.967795,1.409536,17.849000930786133,83.01860809326172,327.9677734375,1.4094693660736084,14.65841007232666,1.1594932079315186,1.2176628112792969
SB78976_component_728a,325.132198,0.421452,16.027999877929688,74.54883575439453,325.1321105957031,0.4214761555194855,15.00559139251709,1.0171087980270386,1.068135142326355
SB78976_component_736a,321.950642,1.972903,17.58099937438965,16.63292121887207,321.9508972167969,1.9725611209869385,13.898001670837402,1.2045708894729614,1.2650020122528076
SB78976_component_738a,327.290496,2.69168,19.13599967956543,73.03816986083984,327.2904357910156,2.691587448120117,16.934911727905273,1.0759929418563843,1.1299734115600586
SB78976_component_739a,329.013338,0.69702,16.549999237060547,51.39751434326172,329.0132751464844,0.6969810724258423,14.335883140563965,1.0992960929870605,1.154445767402649
SB78976_component_743a,325.276479,0.708816,16.079999923706055,74.10138702392578,325.2763977050781,0.7087906002998352,20.885297775268555,0.7331393957138062,0.7699195742607117
SB78976_component_745a,323.867907,2.054917,16.614999771118164,64.39923095703125,323.8678894042969,2.0548932552337646,16.279775619506836,0.9718362092971802,1.0205914974212646
SB78976_component_746a,326.794452,2.280243,16.78700065612793,71.13135528564453,326.79443359375,2.2802422046661377,15.456841468811035,1.0341737270355225,1.0860563516616821
SB78976_component_749a,323.052582,0.539658,16.274999618530273,61.184207916259766,323.05267333984375,0.5396414399147034,18.238811492919922,0.8497000336647034,0.8923278450965881
SB78976_component_751a,325.917515,3.409135,16.533000946044922,40.226280212402344,325.9176025390625,3.4089395999908447,15.866422653198242,0.9922334551811218,1.0420118570327759
SB78976_component_754a,328.351097,-1.269846,16.95599937438965,64.2272720336914,328.3511962890625,-1.2698886394500732,14.948458671569824,1.0801104307174683,1.134297490119934
SB78976_component_756a,329.479697,0.369427,17.023000717163086,31.23486328125,329.47955322265625,0.36944112181663513,15.356891632080078,1.055538296699524,1.1084926128387451
SB78976_component_757a,329.695451,-1.15611,15.66100025177002,18.6440486907959,329.6955871582031,-1.156003475189209,15.303089141845703,0.9744994044303894,1.023388147354126
SB78976_component_761a,327.161081,0.72158,16.02899932861328,88.55801391601562,327.16107177734375,0.7215601205825806,14.371414184570312,1.062057614326477,1.1153390407562256
SB78976_component_763a,322.043837,0.204859,16.715999603271484,22.16975975036621,322.044189453125,0.20484626293182373,16.025169372558594,0.9932781457901001,1.0431090593338013
SB78976_component_765a,327.62403,-1.202246,16.062000274658203,68.93562316894531,327.6240539550781,-1.2022663354873657,14.246041297912598,1.0736101865768433,1.1274710893630981
SB78976_component_768a,321.773614,0.193847,15.045000076293945,12.847992897033691,321.77435302734375,0.19380410015583038,14.763764381408691,0.9703675508499146,1.019049048423767
SB78976_component_774a,326.049706,-2.0372,16.176000595092773,79.29412078857422,326.0496826171875,-2.037142276763916,15.799510955810547,0.9749193787574768,1.0238292217254639
SB78976_component_778a,327.402009,1.442538,17.0,79.43925476074219,327.4019775390625,1.4425442218780518,15.036797523498535,1.0765513181686401,1.1305599212646484
SB78976_component_780a,326.7139,0.354263,15.609999656677246,71.2785415649414,326.7138671875,0.35421180725097656,14.387340545654297,1.0331504344940186,1.0849815607070923
SB78976_component_796a,325.213299,3.410916,16.150999069213867,35.971046447753906,325.2133483886719,3.4106838703155518,15.538161277770996,0.9897851347923279,1.0394408702850342
SB78976_component_797a,328.350329,-2.806268,16.457000732421875,47.840118408203125,328.3503112792969,-2.8062386512756348,13.583146095275879,1.1536961793899536,1.2115750312805176
SB78976_component_799a,327.644112,1.776018,16.312000274658203,70.92173767089844,327.64410400390625,1.77601957321167,13.728474617004395,1.1314258575439453,1.1881873607635498
SB78976_component_801a,327.287218,-2.806649,16.167999267578125,59.44116973876953,327.2872314453125,-2.806619882583618,13.72050952911377,1.1220886707305908,1.1783818006515503
SB78976_component_802a,322.964434,1.052394,16.13800048828125,66.4115219116211,322.9645080566406,1.0523549318313599,14.02505111694336,1.0956867933273315,1.1506553888320923
SB78976_component_803a,325.701764,1.883786,15.479000091552734,66.71983337402344,325.7017517089844,1.883754014968872,11.338571548461914,1.2999471426010132,1.3651632070541382
SB78976_component_804a,325.783095,0.741455,14.913999557495117,69.36743927001953,325.7830505371094,0.7414803504943848,15.795416831970215,0.8990921378135681,0.9441978931427002
SB78976_component_807a,327.417277,0.507421,15.151000022888184,77.301025390625,327.41729736328125,0.5073442459106445,14.503453254699707,0.9947434067726135,1.0446478128433228
SB78976_component_808a,324.438397,2.499063,15.618000030517578,53.48630142211914,324.43841552734375,2.499063491821289,14.136495590209961,1.0520219802856445,1.1047999858856201
SB78976_component_809a,329.05586,3.225562,16.87700080871582,23.637256622314453,329.0556335449219,3.2254395484924316,16.436054229736328,0.9777748584747314,1.0268280506134033
SB78976_component_811a,323.852161,-1.863754,16.42799949645996,54.3973503112793,323.85211181640625,-1.8638017177581787,17.436588287353516,0.8971484899520874,0.9421567320823669
SB78976_component_812a,327.062887,1.827479,16.048999786376953,70.39035034179688,327.06292724609375,1.8275315761566162,14.024832725524902,1.0896611213684082,1.1443274021148682
SB78976_component_813a,326.578193,-3.441313,16.202999114990234,45.771183013916016,326.57818603515625,-3.4412741661071777,14.379220962524414,1.0730037689208984,1.1268342733383179
SB78976_component_816a,327.378183,-2.080164,16.05299949645996,62.22093200683594,327.3782043457031,-2.080129861831665,14.190473556518555,1.0772101879119873,1.1312518119812012
SB78976_component_818a,329.073487,-1.247783,14.418000221252441,31.14038848876953,329.0733947753906,-1.2477885484695435,14.408977508544922,0.9528247117996216,1.0006262063980103
SB78976_component_820a,323.777069,2.003445,15.133999824523926,59.58267593383789,323.7769775390625,2.0034101009368896,13.561893463134766,1.0626115798950195,1.115920901298523
SB78976_component_821a,326.692127,-0.887572,14.501999855041504,73.61421203613281,326.6921081542969,-0.8876007199287415,12.885560989379883,1.0716814994812012,1.1254457235336304
SB78976_component_822a,329.587014,1.096106,15.744999885559082,24.524921417236328,329.5869140625,1.0963109731674194,13.314713478088379,1.1260353326797485,1.1825263500213623
SB78976_component_823a,324.897627,2.269379,14.793999671936035,53.79636001586914,324.8976745605469,2.269275188446045,13.718927383422852,1.0268491506576538,1.0783641338348389
SB78976_component_824a,325.0028,3.27932,15.854999542236328,45.0426139831543,325.0028991699219,3.27915620803833,14.949350357055664,1.0099155902862549,1.0605812072753906
SB78976_component_825a,326.119582,2.882546,14.625,56.9066162109375,326.1197204589844,2.88234543800354,12.93514347076416,1.07662832736969,1.1306407451629639
SB78976_component_827a,327.822432,-1.798107,14.664999961853027,58.19444274902344,327.8224792480469,-1.7981631755828857,12.498878479003906,1.117254614830017,1.1733052730560303
SB78976_component_828a,326.409854,1.92943,14.10099983215332,72.68556213378906,326.409912109375,1.9294267892837524,12.041963577270508,1.1150485277175903,1.1709884405136108
SB78976_component_829a,329.875187,-0.790624,14.689000129699707,15.019427299499512,329.8750305175781,-0.7905065417289734,15.22957992553711,0.9184287786483765,0.964504599571228
SB78976_component_830a,321.780218,-0.722856,15.687999725341797,12.590689659118652,321.7805480957031,-0.7228429317474365,11.968033790588379,1.2482050657272339,1.3108251094818115
SB78976_component_831a,325.425435,1.677899,14.487000465393066,60.36250305175781,325.4254150390625,1.6777896881103516,13.059362411499023,1.0563253164291382,1.1093190908432007
SB78976_component_833a,329.202322,2.274215,15.793999671936035,32.43121337890625,329.2022399902344,2.274247646331787,13.047536849975586,1.1526694297790527,1.2104966640472412
SB78976_component_834a,322.974839,2.2952,15.482999801635742,55.89530563354492,322.9748840332031,2.2951595783233643,15.182589530944824,0.9710697531700134,1.0197864770889282
SB78976_component_840a,322.761038,-1.035797,15.668000221252441,44.5113639831543,322.7610778808594,-1.0358346700668335,14.897180557250977,1.0014992952346802,1.051742672920227
SB78976_component_842a,322.329051,-0.137323,14.902000427246094,25.25762939453125,322.32916259765625,-0.13723959028720856,13.90324592590332,1.0206328630447388,1.0718361139297485
SB78976_component_843a,328.67652,-2.996113,14.151000022888184,30.108510971069336,328.676513671875,-2.995967388153076,11.226126670837402,1.2003237009048462,1.2605416774749756
SB78976_component_844a,323.714155,-2.603986,16.010000228881836,47.088233947753906,323.714111328125,-2.603907585144043,12.37512493133545,1.2319210767745972,1.2937242984771729
SB78976_component_845a,323.380398,3.394002,14.253000259399414,28.392433166503906,323.3803405761719,3.39384388923645,15.169037818908691,0.8947246670722961,0.9396113753318787
SB78976_component_848a,327.235221,1.686603,14.329999923706055,62.30434799194336,327.2352294921875,1.6865477561950684,13.29815673828125,1.0261147022247314,1.0775929689407349
SB78976_component_849a,326.226797,-3.467268,14.494000434875488,40.71348190307617,326.226806640625,-3.467177152633667,12.629648208618164,1.0927937030792236,1.1476171016693115
SB78976_component_850a,329.228888,2.742006,14.531999588012695,24.54729652404785,329.22882080078125,2.7420847415924072,14.523027420043945,0.9528167843818665,1.0006177425384521
SB78976_component_855a,324.810921,2.658956,15.284000396728516,53.81690216064453,324.8109130859375,2.6588265895843506,11.898004531860352,1.223218560218811,1.2845852375030518
SB78976_component_856a,326.826624,0.014709,13.996000289916992,71.40816497802734,326.8265686035156,0.014688613824546337,11.519471168518066,1.1569446325302124,1.2149863243103027
SB78976_component_857a,326.654007,0.992932,13.746000289916992,70.85566711425781,326.65399169921875,0.9929524064064026,12.739084243774414,1.027493953704834,1.0790414810180664
SB78976_component_861a,325.409001,-2.191494,13.451000213623047,62.56278991699219,325.40899658203125,-2.1914455890655518,12.474656105041504,1.0267558097839355,1.0782662630081177
SB78976_component_863a,327.135443,-1.166164,15.532999992370605,63.39999771118164,327.135498046875,-1.1661711931228638,12.804832458496094,1.155108094215393,1.2130576372146606
SB78976_component_864a,327.815466,1.775479,14.789999961853027,56.022727966308594,327.8153991699219,1.7754963636398315,12.791901588439941,1.1009668111801147,1.1562002897262573
SB78976_component_865a,326.048437,0.05574,14.012999534606934,64.27981567382812,326.04840087890625,0.05572514608502388,12.747222900390625,1.0467830896377563,1.0992982387542725
SB78976_component_869a,326.008102,-2.010468,15.189000129699707,70.6465072631836,326.00799560546875,-2.0104658603668213,13.195642471313477,1.096073865890503,1.151061773300171
SB78976_component_873a,329.074476,-0.508677,13.932999610900879,39.808570861816406,329.07440185546875,-0.5087540745735168,12.629976272583008,1.0504690408706665,1.1031690835952759
SB78976_component_874a,325.080417,-0.633777,13.553000450134277,57.4279670715332,325.0804443359375,-0.6338316798210144,12.429573059082031,1.0382941961288452,1.0903834104537964
SB78976_component_875a,322.271764,-1.717456,15.069999694824219,25.033222198486328,322.2718505859375,-1.7173998355865479,12.73944091796875,1.126429557800293,1.1829404830932617
SB78976_component_876a,326.825082,-2.311791,13.62600040435791,59.5021858215332,326.8251037597656,-2.3117661476135254,12.51681137084961,1.0366110801696777,1.088615894317627
SB78976_component_877a,324.150142,0.721611,14.23900032043457,25.2464542388916,324.1502685546875,0.7214728593826294,13.490419387817383,1.0050674676895142,1.0554897785186768
SB78976_component_878a,322.555532,-1.646592,14.880000114440918,33.06666946411133,322.5555114746094,-1.6465507745742798,15.052361488342285,0.9413247108459473,0.9885492324829102
SB78976_component_880a,326.069037,-3.285912,14.541999816894531,49.97250747680664,326.06903076171875,-3.2858176231384277,13.214041709899902,1.0479235649108887,1.1004959344863892
SB78976_component_881a,327.046807,-2.525125,14.026000022888184,56.78542709350586,327.0468444824219,-2.525144577026367,12.56038761138916,1.0633395910263062,1.1166852712631226
SB78976_component_884a,328.449024,-2.178839,13.85200023651123,48.7746467590332,328.44915771484375,-2.1787705421447754,12.3132963180542,1.0712215900421143,1.1249628067016602
SB78976_component_885a,323.034119,1.669793,13.635000228881836,54.97983932495117,323.0340881347656,1.6698068380355835,12.99705696105957,0.9989673495292664,1.0490837097167969
SB78976_component_891a,329.021872,0.442558,14.659000396728516,46.98397445678711,329.02166748046875,0.4425499737262726,12.68921947479248,1.1000454425811768,1.1552326679229736
SB78976_component_892a,324.380575,-3.483026,14.628000259399414,25.264249801635742,324.38055419921875,-3.482983350753784,12.114433288574219,1.1498018503189087,1.207485318183899
SB78976_component_895a,327.033397,-0.413843,13.333000183105469,61.44239807128906,327.033447265625,-0.4138656556606293,11.1842041015625,1.1351779699325562,1.1921277046203613
SB78976_component_901a,323.376038,-0.709066,12.543000221252441,45.9450569152832,323.3758850097656,-0.7090501189231873,7.177973747253418,1.6639517545700073,1.7474291324615479
SB78976_component_902a,322.986266,2.768699,13.729999542236328,38.785308837890625,322.98626708984375,2.768575668334961,13.193229675292969,0.9909701347351074,1.0406852960586548
SB78976_component_907a,324.102932,2.163103,13.137999534606934,52.342628479003906,324.1029052734375,2.163099527359009,12.109770774841309,1.033081293106079,1.0849089622497559
SB78976_component_915a,325.896407,-1.868434,14.156999588012695,65.84651184082031,325.8963928222656,-1.8684251308441162,12.619542121887207,1.0682399272918701,1.1218315362930298
SB78976_component_916a,329.425209,0.991398,13.684000015258789,28.687631607055664,329.4252014160156,0.9913873672485352,11.795470237731934,1.1046862602233887,1.1601063013076782
SB78976_component_918a,327.034352,2.391351,13.503000259399414,59.7477912902832,327.03448486328125,2.391312599182129,12.536181449890137,1.0256664752960205,1.0771223306655884
SB78976_component_919a,329.910919,0.545222,12.013999938964844,11.452812194824219,329.9108581542969,0.5450405478477478,11.290162086486816,1.0132780075073242,1.0641123056411743
SB78976_component_921a,326.377162,0.967241,12.76099967956543,59.353485107421875,326.37713623046875,0.967226505279541,12.008125305175781,1.0119304656982422,1.0626970529556274
SB78976_component_923a,327.253134,2.565848,14.005000114440918,53.454200744628906,327.253173828125,2.565765380859375,12.044659614562988,1.1072094440460205,1.1627559661865234
SB78976_component_924a,324.792943,-2.438834,13.413000106811523,52.1906623840332,324.7928466796875,-2.4388442039489746,9.423115730285645,1.3554158210754395,1.4234145879745483
SB78976_component_926a,328.138186,-0.890164,12.956000328063965,61.11320877075195,328.1381530761719,-0.8901575803756714,12.916118621826172,0.9551687240600586,1.0030877590179443
SB78976_component_929a,325.445616,-2.203584,13.130999565124512,59.41628646850586,325.4454650878906,-2.2035715579986572,11.318586349487305,1.1047061681747437,1.1601271629333496
SB78976_component_930a,322.449685,-2.109331,12.979999542236328,26.43584442138672,322.44964599609375,-2.109449863433838,14.054550170898438,0.8794251680374146,0.9235442876815796
SB78976_component_932a,325.880687,-1.987589,12.821000099182129,63.786067962646484,325.880615234375,-1.987618327140808,11.718853950500488,1.041784644126892,1.0940489768981934
SB78976_component_937a,329.349964,-1.475869,13.72700023651123,16.842945098876953,329.3499450683594,-1.4759026765823364,11.025030136108398,1.1855968236923218,1.2450759410858154
SB78976_component_939a,322.994952,2.524209,12.854000091552734,42.14426040649414,322.9950256347656,2.524137496948242,12.518747329711914,0.9777292013168335,1.0267800092697144
SB78976_component_941a,329.239106,1.667113,13.144000053405762,29.015451431274414,329.23907470703125,1.6671841144561768,11.662431716918945,1.073197364807129,1.1270376443862915
SB78976_component_942a,326.875722,-3.183966,13.255000114440918,44.18333053588867,326.8757629394531,-3.1838223934173584,12.242691993713379,1.0309650897979736,1.0826867818832397
SB78976_component_943a,329.024722,-2.875159,13.093000411987305,25.472763061523438,329.024658203125,-2.875108003616333,16.5640811920166,0.7526845932006836,0.7904453277587891
SB78976_component_944a,327.05773,-0.85586,13.520000457763672,63.47418212890625,327.0577392578125,-0.8558722734451294,11.570772171020508,1.1126422882080078,1.1684614419937134
SB78976_component_945a,322.759815,-1.657075,12.651000022888184,35.43697738647461,322.7598876953125,-1.6570714712142944,12.322484970092773,0.9776147603988647,1.0266598463058472
SB78976_component_946a,327.068687,0.888282,12.894000053405762,57.82062530517578,327.0686950683594,0.8882181644439697,12.191289901733398,1.0071152448654175,1.0576403141021729
SB78976_component_947a,326.987116,-3.774684,14.01200008392334,22.746753692626953,326.9875793457031,-3.774871587753296,11.855459213256836,1.125441551208496,1.1819027662277222
SB78976_component_949a,325.866339,1.206708,12.298999786376953,59.41545867919922,325.8663024902344,1.2067426443099976,9.743428230285645,1.2019853591918945,1.26228666305542
SB78976_component_952a,328.803339,-1.975066,13.229000091552734,39.607784271240234,328.8032531738281,-1.9750208854675293,11.330083847045898,1.1118215322494507,1.1675994396209717
SB78976_component_956a,328.595944,-1.210721,13.298999786376953,48.3599967956543,328.59576416015625,-1.210662841796875,14.565519332885742,0.8694291114807129,0.9130467176437378
SB78976_component_966a,324.442054,-1.886863,12.699000358581543,49.80000305175781,324.4421081542969,-1.8868184089660645,10.701382637023926,1.129980206489563,1.186669111251831
SB78976_component_969a,327.010415,-0.867389,11.76200008392334,52.50892639160156,327.0103759765625,-0.8674454689025879,11.319134712219238,0.9894847869873047,1.0391253232955933
SB78976_component_970a,328.20241,-0.944729,12.326000213623047,52.00843811035156,328.2024230957031,-0.9447563886642456,9.714118003845215,1.2082587480545044,1.2688748836517334
SB78976_component_972a,325.628136,-1.684758,12.529000282287598,53.5427360534668,325.6280517578125,-1.6846991777420044,10.395794868469238,1.1476246118545532,1.205198884010315
SB78976_component_974a,323.046848,2.779866,12.015999794006348,36.084083557128906,323.0468444824219,2.7797911167144775,12.490981101989746,0.9160191416740417,0.9619740843772888
SB78976_component_975a,325.481661,2.129643,12.366000175476074,48.68503952026367,325.4817199707031,2.1296331882476807,11.21153736114502,1.0502803325653076,1.1029709577560425
SB78976_component_976a,327.942731,1.162262,13.559000015258789,66.14146423339844,327.9427185058594,1.1622823476791382,11.793391227722168,1.0947883129119873,1.1497117280960083
SB78976_component_977a,327.218532,2.07663,13.866000175476074,61.626670837402344,327.2185363769531,2.076643943786621,12.457351684570312,1.0599043369293213,1.1130776405334473
SB78976_component_978a,324.098981,3.96465,12.071000099182129,11.05402946472168,324.09912109375,3.9643852710723877,10.788424491882324,1.0654336214065552,1.1188844442367554
SB78976_component_979a,327.406842,-2.084565,13.36400032043457,50.43019104003906,327.406982421875,-2.0846188068389893,9.778754234313965,1.3013499975204468,1.3666362762451172
SB78976_component_980a,326.217169,1.631086,12.11400032043457,56.34418487548828,326.2173156738281,1.6310738325119019,11.321799278259277,1.0188571214675903,1.0699713230133057
SB78976_component_981a,323.106742,0.338454,12.57699966430664,51.33469009399414,323.1067810058594,0.3383334279060364,12.048064231872559,0.9940333366394043,1.0439021587371826
SB78976_component_984a,327.543432,1.643253,12.279999732971191,52.47863006591797,327.5434265136719,1.6432284116744995,11.23865032196045,1.0404599905014038,1.0926579236984253
SB78976_component_986a,326.296148,3.512556,12.753999710083008,29.31954002380371,326.29620361328125,3.512366533279419,11.601746559143066,1.046801209449768,1.099317193031311
SB78976_component_992a,325.869632,2.399404,11.913999557495117,42.248226165771484,325.8697204589844,2.3993494510650635,10.160863876342773,1.11652410030365,1.1725380420684814
SB78976_component_994a,326.212569,1.993229,13.28600025177002,60.11764907836914,326.21258544921875,1.9932072162628174,10.594220161437988,1.1941707134246826,1.254080057144165
SB78976_component_996a,322.215185,-2.32942,13.258000373840332,19.439884185791016,322.21551513671875,-2.3296360969543457,12.30223274230957,1.026207685470581,1.077690601348877
SB78976_component_998a,324.45634,3.896402,11.614999771118164,10.865294456481934,324.4566345214844,3.896099090576172,10.346219062805176,1.069002389907837,1.1226322650909424
SB78976_component_1002a,322.232982,-2.885289,12.595000267028809,13.735005378723145,322.2333068847656,-2.885286808013916,10.346739768981934,1.15913987159729,1.2172917127609253
SB78976_component_1005a,325.197572,-0.209016,11.338000297546387,54.77294921875,325.197509765625,-0.20902390778064728,9.524808883666992,1.1334996223449707,1.1903650760650635
SB78976_component_1010a,327.908645,1.240606,11.807999610900879,54.41474533081055,327.9086608886719,1.2406202554702759,9.66543197631836,1.1633120775222778,1.2216732501983643
SB78976_component_1016a,322.586279,-2.534384,13.057000160217285,29.607709884643555,322.5862121582031,-2.5343496799468994,10.456365585327148,1.189060091972351,1.2487130165100098
SB78976_component_1017a,329.644606,0.116814,12.86400032043457,19.550151824951172,329.64453125,0.11697941273450851,11.229314804077148,1.0908472537994385,1.1455730199813843
SB78976_component_1019a,325.67448,-2.40062,11.666999816894531,58.334999084472656,325.6744384765625,-2.4005820751190186,10.507115364074707,1.0573452711105347,1.1103904247283936
SB78976_component_1021a,323.765187,1.51607,12.045999526977539,41.39518737792969,323.7652282714844,1.5160142183303833,10.295063972473145,1.114179015159607,1.1700752973556519
SB78976_component_1024a,329.261425,2.405563,12.645000457763672,24.64912223815918,329.261474609375,2.405545711517334,11.370942115783691,1.0589210987091064,1.1120450496673584
SB78976_component_1026a,323.796025,1.83022,12.555000305175781,46.32841491699219,323.7959289550781,1.8302141427993774,11.823585510253906,1.0111339092254639,1.0618606805801392
SB78976_component_1027a,327.702349,-1.070839,11.503000259399414,48.331932067871094,327.702392578125,-1.070896863937378,8.38673210144043,1.306049108505249,1.3715711832046509
SB78976_component_1029a,323.042176,3.295932,10.902999877929688,22.160568237304688,323.0423583984375,3.2958929538726807,14.23813247680664,0.7291790246963501,0.7657605409622192
SB78976_component_1030a,324.549745,-1.913542,12.208000183105469,46.77394485473633,324.5497741699219,-1.9136645793914795,10.268651008605957,1.1320674419403076,1.1888611316680908
SB78976_component_1031a,329.289098,-1.908889,11.395999908447266,15.337820053100586,329.2889099121094,-1.9089208841323853,10.16983699798584,1.0670373439788818,1.1205686330795288
SB78976_component_1034a,328.417973,0.699635,12.043999671936035,49.975101470947266,328.41796875,0.6996569633483887,11.95758056640625,0.9591103196144104,1.0072271823883057
SB78976_component_1035a,328.933246,1.75466,11.817000389099121,37.514286041259766,328.93310546875,1.754704236984253,10.45747184753418,1.0760234594345093,1.1300054788589478
SB78976_component_1038a,326.243886,3.648428,11.326000213623047,19.09949493408203,326.2440490722656,3.6482608318328857,9.727080345153809,1.10875403881073,1.1643781661987305
SB78976_component_1041a,322.682473,-2.661878,11.854000091552734,26.400890350341797,322.6824645996094,-2.6617488861083984,9.49753475189209,1.1884890794754028,1.2481133937835693
SB78976_component_1046a,325.262423,3.428848,11.708000183105469,27.48356819152832,325.26251220703125,3.428715229034424,10.60512924194336,1.0512546300888062,1.1039941310882568
SB78976_component_1051a,325.77319,-2.001726,12.144000053405762,57.55450439453125,325.773193359375,-2.001626491546631,10.814266204833984,1.0693155527114868,1.1229610443115234
SB78976_component_1052a,325.274427,3.747615,12.532999992370605,18.03309440612793,325.27435302734375,3.747446060180664,12.151876449584961,0.9820935130119324,1.0313633680343628
SB78976_component_1060a,323.175678,1.337388,11.536999702453613,49.72844696044922,323.1757507324219,1.3373380899429321,9.907378196716309,1.108856439590454,1.1644856929779053
SB78976_component_1061a,323.548009,0.074927,11.244999885559082,46.659751892089844,323.5480651855469,0.07490730285644531,9.776310920715332,1.0952811241149902,1.1502293348312378
SB78976_component_1062a,323.370152,-0.06022,11.154000282287598,44.975807189941406,323.3701477050781,-0.06033051013946533,9.853939056396484,1.0778590440750122,1.1319330930709839
SB78976_component_1064a,327.787527,-1.460863,12.008000373840332,49.4156379699707,327.7874755859375,-1.4608447551727295,9.9119291305542,1.1535958051681519,1.2114695310592651
SB78976_component_1066a,325.354823,2.394846,12.071000099182129,50.50627899169922,325.3548583984375,2.394747734069824,10.774518013000488,1.066808819770813,1.1203285455703735
SB78976_component_1071a,325.151562,0.698694,10.659000396728516,49.34722137451172,325.1514892578125,0.6985825896263123,11.54411792755127,0.8792186975479126,0.9233273863792419
SB78976_component_1072a,326.846502,-0.798279,12.47700023651123,56.71363830566406,326.8465270996094,-0.7983125448226929,10.608943939208984,1.119899868965149,1.1760832071304321
SB78976_component_1074a,324.472239,0.351475,11.104000091552734,39.236751556396484,324.47222900390625,0.3513714373111725,9.921246528625488,1.065747618675232,1.1192141771316528
SB78976_component_1077a,325.659418,-0.418732,10.531000137329102,50.62980651855469,325.6593933105469,-0.4188021123409271,9.62265396118164,1.042115569114685,1.0943965911865234
SB78976_component_1079a,324.738445,-1.198684,11.270000457763672,50.99547576904297,324.73834228515625,-1.1987899541854858,9.429844856262207,1.1380479335784912,1.1951416730880737
SB78976_component_1081a,322.16001,0.647072,11.753999710083008,20.477352142333984,322.1603698730469,0.6469736695289612,11.50190544128418,0.9730990529060364,1.0219175815582275
SB78976_component_1084a,324.889195,0.850395,10.72700023651123,53.63500213623047,324.8891906738281,0.8503599166870117,10.670511245727539,0.957269549369812,1.0052939653396606
SB78976_component_1086a,323.333386,3.723895,9.38599967956543,11.43239974975586,323.3336486816406,3.723525285720825,12.166929244995117,0.734582781791687,0.7714353799819946
SB78976_component_1090a,324.657884,0.882134,10.342000007629395,42.21224594116211,324.65777587890625,0.8820600509643555,8.967303276062012,1.0982060432434082,1.1533010005950928
SB78976_component_1091a,325.741925,-3.798452,12.045000076293945,21.394315719604492,325.7420349121094,-3.7985177040100098,11.731171607971191,0.9777022004127502,1.0267516374588013
SB78976_component_1092a,326.129645,3.919239,11.23900032043457,13.363852500915527,326.1298828125,3.9192006587982178,11.786194801330566,0.9080196022987366,0.9535732865333557
SB78976_component_1093a,324.647003,3.559406,11.059000015258789,21.72691535949707,324.6471862792969,3.5593695640563965,11.190778732299805,0.941015362739563,0.9882243275642395
SB78976_component_1094a,325.842537,-1.444007,10.347000122070312,34.261592864990234,325.842529296875,-1.4441041946411133,9.817370414733887,1.0035995244979858,1.0539482831954956
SB78976_component_1095a,323.773869,3.184449,11.847999572753906,31.764074325561523,323.7739562988281,3.1842470169067383,10.034210205078125,1.1243537664413452,1.1807605028152466
SB78976_component_1098a,328.953748,2.550586,12.168999671936035,28.03917121887207,328.95367431640625,2.550504207611084,11.691071510314941,0.9911553263664246,1.040879726409912
SB78976_component_1099a,325.410676,0.055442,9.807000160217285,44.37556457519531,325.4106140136719,0.05543264001607895,12.158434867858887,0.7680680155754089,0.8066005706787109
SB78976_component_1105a,324.067892,1.807612,11.463000297546387,37.460784912109375,324.0678405761719,1.8075488805770874,10.696134567260742,1.0204991102218628,1.0716955661773682
SB78976_component_1113a,327.181947,-0.751476,10.968000411987305,48.10526657104492,327.1820068359375,-0.7515256404876709,9.607256889343262,1.087099313735962,1.1416370868682861
SB78976_component_1114a,322.705888,1.113323,10.24899959564209,34.742374420166016,322.7059020996094,1.1132500171661377,9.850921630859375,0.9907082319259644,1.0404102802276611
SB78976_component_1117a,325.962265,-0.685138,10.430000305175781,51.1274528503418,325.9622802734375,-0.6851451992988586,9.41822624206543,1.0545237064361572,1.1074272394180298
SB78976_component_1121a,323.066793,0.160763,10.71399974822998,42.85599899291992,323.06689453125,0.1607087403535843,9.453713417053223,1.0791712999343872,1.1333112716674805
SB78976_component_1125a,328.347321,-0.928133,10.506999969482422,46.08333206176758,328.3472900390625,-0.9282091856002808,10.195311546325684,0.9813398122787476,1.030571699142456
SB78976_component_1127a,328.761576,-2.940397,11.013999938964844,22.0721435546875,328.7615661621094,-2.940248489379883,9.178400993347168,1.1426657438278198,1.1999911069869995
SB78976_component_1130a,325.601622,3.61287,11.090999603271484,21.00568199157715,325.601806640625,3.6124260425567627,9.267654418945312,1.1395726203918457,1.1967428922653198
SB78976_component_1134a,322.839195,0.755279,11.67199993133545,45.77254867553711,322.8392333984375,0.7552863359451294,9.37485122680664,1.1855559349060059,1.2450330257415771
SB78976_component_1144a,328.863216,-1.177459,10.574000358581543,33.89102554321289,328.8631286621094,-1.17750084400177,9.022780418395996,1.1159380674362183,1.1719225645065308
SB78976_component_1148a,324.884547,-0.23669,9.805000305175781,41.54661178588867,324.88446044921875,-0.2366388440132141,9.142263412475586,1.021256923675537,1.0724915266036987
SB78976_component_1153a,326.815062,-0.502393,9.798999786376953,47.33816146850586,326.8150329589844,-0.5024793744087219,8.916731834411621,1.0464470386505127,1.0989452600479126
SB78976_component_1154a,325.718518,-0.184536,9.121000289916992,38.16318130493164,325.7184753417969,-0.18455106019973755,8.480819702148438,1.0241081714630127,1.0754857063293457
SB78976_component_1158a,327.594137,-1.255001,9.545000076293945,40.274261474609375,327.5940856933594,-1.2549573183059692,8.130427360534668,1.1179019212722778,1.1739850044250488
SB78976_component_1159a,322.21764,2.100299,10.944999694824219,16.995342254638672,322.21795654296875,2.1001338958740234,8.609511375427246,1.2105380296707153,1.271268367767334
SB78976_component_1160a,328.628853,-1.43233,10.329000473022461,33.000003814697266,328.62890625,-1.432328224182129,8.049825668334961,1.2218362092971802,1.2831333875656128
SB78976_component_1164a,326.756963,-2.03016,9.638999938964844,40.6708869934082,326.7569885253906,-2.030236005783081,8.904913902282715,1.030726432800293,1.0824360847473145
SB78976_component_1169a,323.307547,1.667193,10.39900016784668,41.43028259277344,323.3075866699219,1.6671987771987915,9.967510223388672,0.9934501051902771,1.0432896614074707
SB78976_component_1170a,326.843776,3.63946,11.357000350952148,20.80036735534668,326.84375,3.6392056941986084,10.37533950805664,1.042323350906372,1.094614863395691
SB78976_component_1171a,325.412161,2.538296,9.069000244140625,34.88077163696289,325.4123229980469,2.5381932258605957,7.575864315032959,1.139904260635376,1.1970912218093872
SB78976_component_1174a,323.743252,3.010727,9.430999755859375,27.100574493408203,323.7432556152344,3.0107016563415527,10.098699569702148,0.8892695903778076,0.9338825941085815
SB78976_component_1175a,326.95876,0.550021,9.541000366210938,48.18687057495117,326.958740234375,0.5499488115310669,8.83833122253418,1.0279330015182495,1.0795024633407593
SB78976_component_1176a,325.540574,-0.737679,9.345000267028809,40.45454406738281,325.54058837890625,-0.7376374006271362,8.957018852233887,0.993475079536438,1.0433158874511719
SB78976_component_1177a,324.023675,-1.301613,9.82699966430664,35.996334075927734,324.02362060546875,-1.301568627357483,10.941132545471191,0.8552632927894592,0.8981702327728271
SB78976_component_1178a,328.137066,2.94595,10.227999687194824,28.649860382080078,328.13702392578125,2.9456474781036377,9.080450057983398,1.072567105293274,1.1263757944107056
SB78976_component_1179a,326.900504,1.918248,9.890999794006348,46.0046501159668,326.900634765625,1.918225884437561,7.811465740203857,1.2057266235351562,1.2662155628204346
SB78976_component_1184a,323.860837,-1.672101,9.949000358581543,34.545143127441406,323.8608093261719,-1.6720880270004272,9.219334602355957,1.0275927782058716,1.0791451930999756
SB78976_component_1190a,327.48642,-0.181125,9.723999977111816,47.9014778137207,327.48638916015625,-0.1811147779226303,10.251422882080078,0.903237521648407,0.9485512375831604
SB78976_component_1191a,327.66552,-3.262083,9.704000473022461,27.646724700927734,327.6654968261719,-3.2619545459747314,8.208927154541016,1.1256557703018188,1.1821277141571045
SB78976_component_1195a,325.366729,-1.186538,9.788000106811523,44.28959274291992,325.3665771484375,-1.186532974243164,8.577960014343262,1.0865535736083984,1.1410638093948364
SB78976_component_1196a,328.095971,3.080863,10.281000137329102,28.9605655670166,328.0959777832031,3.0806565284729004,10.603985786437988,0.9232246279716492,0.9695411324501038
SB78976_component_1198a,325.959924,-1.74567,9.338000297546387,45.11111068725586,325.95989990234375,-1.7456386089324951,8.765223503112793,1.0144532918930054,1.0653464794158936
SB78976_component_1204a,328.492,1.886128,9.380999565124512,31.799999237060547,328.4920654296875,1.886116862297058,8.663190841674805,1.0311275720596313,1.082857370376587
SB78976_component_1208a,324.972024,-2.588268,9.378000259399414,37.66265106201172,324.9720458984375,-2.5882742404937744,8.167399406433105,1.0933711528778076,1.1482235193252563
SB78976_component_1209a,326.086743,-3.837416,10.744999885559082,17.5,326.08685302734375,-3.8370673656463623,10.04420280456543,1.0186667442321777,1.0697712898254395
SB78976_component_1213a,322.544291,3.23449,10.890000343322754,14.385732650756836,322.5445251464844,3.234246253967285,10.172903060913086,1.0193519592285156,1.0704909563064575
SB78976_component_1217a,325.559588,0.433069,9.302000045776367,41.900901794433594,325.5594177246094,0.4331133961677551,8.720233917236328,1.0157558917999268,1.0667145252227783
SB78976_component_1221a,328.495323,2.706471,10.147000312805176,31.221540451049805,328.495361328125,2.706406354904175,9.667217254638672,0.9994874596595764,1.0496299266815186
SB78976_component_1223a,326.026166,3.434593,9.354999542236328,21.80652618408203,326.02642822265625,3.434425115585327,9.005521774291992,0.9891816973686218,1.0388070344924927
SB78976_component_1235a,324.078931,-1.737409,10.567999839782715,36.6944465637207,324.078857421875,-1.737511396408081,8.759746551513672,1.1487947702407837,1.2064275741577148
SB78976_component_1238a,329.120273,-0.614339,9.885000228881836,26.150794982910156,329.1202697753906,-0.6144360899925232,8.692587852478027,1.0828511714935303,1.1371757984161377
SB78976_component_1243a,325.920519,-2.784436,9.378000259399414,44.65714645385742,325.9205017089844,-2.784473419189453,7.6643171310424805,1.1651395559310913,1.2235924005508423
SB78976_component_1244a,323.327086,1.92984,9.22599983215332,38.92826843261719,323.3270263671875,1.929760456085205,7.019324779510498,1.2515819072723389,1.3143714666366577
SB78976_component_1245a,322.782699,2.999847,9.82699966430664,20.30371856689453,322.7828369140625,2.999865770339966,8.628965377807617,1.0844347476959229,1.1388386487960815
SB78976_component_1248a,327.719145,1.106622,9.95300006866455,46.727699279785156,327.7190856933594,1.1067332029342651,8.894447326660156,1.0655558109283447,1.119012713432312
SB78976_component_1250a,324.841582,0.635063,9.588000297546387,44.80373764038086,324.84161376953125,0.6350754499435425,8.889286994934082,1.0270752906799316,1.0786017179489136
SB78976_component_1251a,327.725337,1.911647,9.678000450134277,43.013336181640625,327.72515869140625,1.9115288257598877,7.557248592376709,1.2194474935531616,1.2806248664855957
SB78976_component_1255a,328.113636,1.905207,9.687000274658203,36.832698822021484,328.11358642578125,1.9052205085754395,10.576029777526855,0.8721833825111389,0.915939211845398
SB78976_component_1256a,329.823096,0.168884,10.279999732971191,10.947816848754883,329.8232421875,0.16851326823234558,6.915509223937988,1.4155007600784302,1.4865137338638306
SB78976_component_1257a,328.399032,-2.944189,9.336999893188477,25.167116165161133,328.39910888671875,-2.9441072940826416,7.440340995788574,1.1949663162231445,1.2549155950546265
SB78976_component_1258a,324.817092,1.10868,9.704999923706055,45.350467681884766,324.8170471191406,1.1087266206741333,6.984869480133057,1.3230565786361694,1.3894318342208862
SB78976_component_1261a,327.033475,1.762938,9.156999588012695,42.00458526611328,327.0335998535156,1.7629039287567139,8.18887710571289,1.0648047924041748,1.118224024772644
SB78976_component_1262a,327.211077,-3.010948,9.590999603271484,32.845890045166016,327.2109680175781,-3.0108697414398193,8.106893539428711,1.1265501976013184,1.1830672025680542
SB78976_component_1267a,323.785448,-1.035099,9.39799976348877,30.813114166259766,323.7854309082031,-1.0352548360824585,7.861966133117676,1.138270378112793,1.1953752040863037
SB78976_component_1278a,325.966537,2.306125,8.392000198364258,33.975711822509766,325.96661376953125,2.3060226440429688,7.545242786407471,1.0590914487838745,1.1122239828109741
SB78976_component_1279a,328.450875,-3.012923,9.079000473022461,21.92995262145996,328.4508972167969,-3.01291823387146,7.894948959350586,1.0950398445129395,1.1499757766723633
SB78976_component_1285a,322.578145,3.137951,8.743000030517578,12.454415321350098,322.578125,3.1381165981292725,8.375051498413086,0.9940636157989502,1.0439338684082031
SB78976_component_1288a,326.808554,-1.928189,9.859999656677246,39.919029235839844,326.8084716796875,-1.9282890558242798,8.966686248779297,1.0470950603485107,1.099625825881958
SB78976_component_1289a,322.306013,2.608156,9.348999977111816,13.995509147644043,322.3060302734375,2.608123302459717,9.979277610778809,0.8920869827270508,0.9368413686752319
SB78976_component_1290a,328.424018,1.787839,8.949999809265137,34.03041458129883,328.4239807128906,1.787763237953186,7.0754876136779785,1.204502820968628,1.2649304866790771
SB78976_component_1291a,325.961922,2.435967,9.031999588012695,34.47328186035156,325.96209716796875,2.4358177185058594,9.971175193786621,0.8625389337539673,0.9058109521865845
SB78976_component_1293a,327.60633,3.638551,8.411999702453613,13.184952735900879,327.6064147949219,3.638352632522583,9.763154983520508,0.8204464316368103,0.8616067171096802
SB78976_component_1297a,324.862454,-0.111035,8.821999549865723,42.41345977783203,324.86236572265625,-0.11121735721826553,8.06009578704834,1.0422406196594238,1.0945278406143188
SB78976_component_1300a,325.213157,-1.489726,8.343999862670898,36.920352935791016,325.21307373046875,-1.489697813987732,7.183782577514648,1.1060181856155396,1.161505103111267
SB78976_component_1301a,323.570201,3.061168,8.1899995803833,23.94736671447754,323.5702819824219,3.0608811378479004,8.817482948303223,0.8844645619392395,0.928836464881897
SB78976_component_1304a,325.804936,-1.983522,7.98799991607666,35.03508758544922,325.8049011230469,-1.9834922552108765,10.520212173461914,0.7230273485183716,0.7593002915382385
SB78976_component_1305a,323.407516,-2.896094,9.484000205993652,24.44329833984375,323.40765380859375,-2.895995616912842,7.820909023284912,1.1547168493270874,1.2126468420028687
SB78976_component_1306a,328.690682,-2.678659,9.154000282287598,24.475934982299805,328.6907958984375,-2.67850923538208,7.9961323738098145,1.0901144742965698,1.144803524017334
SB78976_component_1310a,325.266024,-1.397116,8.404000282287598,34.442623138427734,325.2659912109375,-1.3969082832336426,7.65463924407959,1.0454481840133667,1.0978963375091553
SB78976_component_1311a,322.740886,2.462,8.614999771118164,25.563796997070312,322.7408752441406,2.4619510173797607,9.52419662475586,0.861327052116394,0.9045382142066956
SB78976_component_1312a,329.010799,-2.314847,8.538000106811523,20.926471710205078,329.01080322265625,-2.314927101135254,10.267277717590332,0.791848361492157,0.8315739035606384
SB78976_component_1313a,327.615506,3.505425,8.991000175476074,17.733726501464844,327.615234375,3.505521774291992,9.267289161682129,0.9238393306732178,0.9701866507530212
SB78976_component_1314a,327.60296,-0.552022,9.017000198364258,42.13551330566406,327.6029052734375,-0.5519850850105286,8.65268325805664,0.9923216104507446,1.0421044826507568
SB78976_component_1315a,324.01075,-1.630445,8.708999633789062,32.86415100097656,324.0106506347656,-1.6304142475128174,7.416477203369141,1.1181801557540894,1.1742771863937378
SB78976_component_1316a,327.848077,-0.973954,9.064000129699707,37.14754104614258,327.8479919433594,-0.9739580750465393,8.142584800720215,1.0599827766418457,1.1131600141525269
SB78976_component_1323a,322.609907,1.158592,8.937999725341797,26.522253036499023,322.6098327636719,1.15857994556427,8.402241706848145,1.0129460096359253,1.0637637376785278
SB78976_component_1330a,325.147872,0.738085,8.357999801635742,40.77073287963867,325.1477966308594,0.7380971312522888,7.451729774475098,1.0680372714996338,1.1216187477111816
SB78976_component_1331a,325.503026,0.622675,8.282999992370605,40.208736419677734,325.5030517578125,0.6225907802581787,7.646717548370361,1.0314632654190063,1.0832098722457886
SB78976_component_1334a,326.158616,-0.899461,8.454999923706055,40.84540939331055,326.1585388183594,-0.8994476795196533,7.259177207946777,1.1090915203094482,1.164732575416565
SB78976_component_1335a,325.252364,1.187567,8.295000076293945,38.943660736083984,325.2523193359375,1.1875466108322144,6.9932475090026855,1.129480242729187,1.186144232749939
SB78976_component_1337a,329.163106,-0.148574,8.581999778747559,24.106740951538086,329.16314697265625,-0.14857842028141022,7.260493278503418,1.1255466938018799,1.1820132732391357
SB78976_component_1338a,326.935765,1.044477,8.510000228881836,42.54999923706055,326.9357604980469,1.0443665981292725,6.033732891082764,1.3430267572402954,1.410403847694397
SB78976_component_1339a,325.000649,-1.287243,8.210000038146973,38.1860466003418,325.0005798339844,-1.287191390991211,8.983710289001465,0.8702190518379211,0.9138762950897217
SB78976_component_1341a,325.123445,2.94619,8.395999908447266,28.951725006103516,325.1235046386719,2.946038007736206,7.735900402069092,1.0334815979003906,1.0853294134140015
SB78976_component_1342a,323.725069,-2.110238,9.217000007629395,26.950292587280273,323.7250671386719,-2.1102402210235596,8.066082000732422,1.0880982875823975,1.142686128616333
SB78976_component_1343a,327.639431,3.617181,8.107999801635742,14.051992416381836,327.6395568847656,3.617133140563965,9.165426254272461,0.8423687219619751,0.8846287727355957
SB78976_component_1344a,327.667667,-3.723939,7.89900016784668,10.986092567443848,327.6672668457031,-3.7238521575927734,8.07603645324707,0.9313544631004333,0.9780788421630859
SB78976_component_1349a,328.215043,2.930835,8.48900032043457,24.048160552978516,328.2150573730469,2.9306674003601074,5.6728715896606445,1.4249340295791626,1.4964202642440796
SB78976_component_1351a,324.155854,0.578193,9.144000053405762,27.053255081176758,324.15570068359375,0.5781643390655518,8.141593933105469,1.069468379020691,1.1231216192245483
SB78976_component_1357a,325.030265,2.178134,9.057999610900879,29.796052932739258,325.0303039550781,2.178133726119995,9.554160118103027,0.9027780294418335,0.9480686187744141
SB78976_component_1359a,322.698553,0.978253,8.777999877929688,29.655405044555664,322.6986999511719,0.978293240070343,7.2498884201049805,1.152936577796936,1.2107772827148438
SB78976_component_1360a,323.140684,-1.106015,8.621999740600586,28.932884216308594,323.1407470703125,-1.1059824228286743,8.205229759216309,1.000595211982727,1.050793170928955
SB78976_component_1363a,327.293009,1.516512,8.6850004196167,38.946189880371094,327.2929992675781,1.5164903402328491,8.061882019042969,1.0258280038833618,1.0772919654846191
SB78976_component_1364a,327.5536,-0.506546,8.33899974822998,37.7330322265625,327.553466796875,-0.5065648555755615,7.136451244354248,1.1126865148544312,1.1685079336166382
SB78976_component_1365a,327.685424,-2.120879,8.322999954223633,28.309524536132812,327.68536376953125,-2.1210362911224365,8.935959815979004,0.886910617351532,0.931405246257782
SB78976_component_1366a,324.411867,3.707608,8.819999694824219,11.91891860961914,324.4115905761719,3.7075891494750977,10.230521202087402,0.8209410905838013,0.8621261119842529
SB78976_component_1367a,327.36235,1.732501,8.682999610900879,38.763389587402344,327.3624267578125,1.732509732246399,7.471841335296631,1.106581211090088,1.162096381187439
SB78976_component_1368a,322.654256,0.397466,8.904000282287598,30.597938537597656,322.6543273925781,0.3975882828235626,6.451322078704834,1.31424880027771,1.3801822662353516
SB78976_component_1372a,327.76803,-1.862093,8.663999557495117,29.671232223510742,327.7680969238281,-1.8620948791503906,7.065616607666016,1.167641520500183,1.226219892501831
SB78976_component_1374a,325.977323,0.265321,8.305999755859375,35.648067474365234,325.9772033691406,0.2652612030506134,7.54143762588501,1.048766851425171,1.101381540298462
SB78976_component_1375a,328.830406,-2.434019,7.9720001220703125,21.901100158691406,328.83038330078125,-2.4341208934783936,7.009746074676514,1.082944393157959,1.1372737884521484
SB78976_component_1378a,322.573573,-1.673138,9.197999954223633,20.259912490844727,322.57366943359375,-1.6732782125473022,7.723639488220215,1.1339987516403198,1.1908893585205078
SB78976_component_1379a,326.681497,-2.960815,8.947999954223633,34.41538619995117,326.6814880371094,-2.960920572280884,8.490782737731934,1.003504753112793,1.0538486242294312
SB78976_component_1383a,329.308409,-0.482378,9.034000396728516,23.104860305786133,329.30841064453125,-0.4824228286743164,6.4085469245910645,1.3423374891281128,1.4096800088882446
SB78976_component_1384a,329.659589,-0.395103,7.663000106811523,11.899068832397461,329.6593322753906,-0.39509299397468567,7.009897708892822,1.0409462451934814,1.0931686162948608
SB78976_component_1385a,326.809209,-0.778456,9.013999938964844,40.787330627441406,326.8092346191406,-0.7784932255744934,7.967551231384277,1.077293038368225,1.1313388347625732
SB78976_component_1386a,323.139074,-1.230467,8.258000373840332,21.73158073425293,323.1391296386719,-1.2304013967514038,7.254963397979736,1.0838791131973267,1.13825523853302
SB78976_component_1387a,328.644681,2.956437,8.09000015258789,16.960168838500977,328.6445007324219,2.9561872482299805,8.011321067810059,0.9615803360939026,1.0098209381103516
SB78976_component_1393a,324.060398,-2.062274,7.709000110626221,30.113279342651367,324.0603942871094,-2.0621497631073,7.9014506340026855,0.9290356636047363,0.9756436347961426
SB78976_component_1395a,321.77768,1.575334,7.364999771118164,45.74534225463867,321.7778015136719,1.5752702951431274,5.590492248535156,1.254480242729187,1.3174152374267578
SB78976_component_1396a,327.166097,2.19086,8.310999870300293,36.77433776855469,327.1661376953125,2.190904140472412,9.009047508239746,0.8784469962120056,0.9225170612335205
SB78976_component_1397a,323.563417,1.541088,8.098999977111816,26.55409812927246,323.5635070800781,1.5410401821136475,7.01303768157959,1.0996801853179932,1.1548490524291992
SB78976_component_1398a,328.678944,-2.217318,8.157999992370605,26.23151206970215,328.6788330078125,-2.217346668243408,7.077783584594727,1.0975582599639893,1.1526206731796265
SB78976_component_1400a,322.811753,1.035882,8.555000305175781,31.802976608276367,322.8118591308594,1.0359965562820435,7.308966636657715,1.1145645380020142,1.1704801321029663
SB78976_component_1403a,323.800372,0.680019,7.965000152587891,28.96363639831543,323.80035400390625,0.6801223754882812,8.375282287597656,0.9055814743041992,0.9510127305984497
SB78976_component_1404a,322.965463,1.297636,8.329000473022461,33.99591827392578,322.96533203125,1.29764723777771,7.714607238769531,1.0280641317367554,1.07964026927948
SB78976_component_1406a,322.048561,0.066404,8.359999656677246,11.405183792114258,322.04864501953125,0.06627243757247925,7.615870952606201,1.0452685356140137,1.0977076292037964
SB78976_component_1408a,324.345709,2.401384,8.218999862670898,26.947540283203125,324.3459167480469,2.401437759399414,7.441366195678711,1.0517377853393555,1.104501485824585
SB78976_component_1412a,329.930128,1.378385,8.935999870300293,30.920413970947266,329.9298400878906,1.3791390657424927,5.628724098205566,1.511730432510376,1.587571144104004
SB78976_component_1414a,328.241958,-0.379153,8.763999938964844,40.574073791503906,328.241943359375,-0.3792542815208435,7.8816070556640625,1.0588361024856567,1.111956000328064
SB78976_component_1416a,329.503373,1.306318,7.410999774932861,11.689273834228516,329.5030822753906,1.3061599731445312,7.912851810455322,0.8918358683586121,0.9365776181221008
SB78976_component_1421a,325.716979,1.319349,7.328999996185303,30.537500381469727,325.7170104980469,1.319281816482544,6.730971336364746,1.0368313789367676,1.088847279548645
SB78976_component_1422a,326.547365,3.759591,8.142000198364258,13.217533111572266,326.54730224609375,3.759143352508545,6.1631574630737305,1.2579662799835205,1.3210761547088623
SB78976_component_1424a,325.015586,3.131887,8.032999992370605,23.979103088378906,325.015625,3.131481170654297,5.2953572273254395,1.4445204734802246,1.5169892311096191
SB78976_component_1425a,324.855192,0.672455,7.8520002365112305,34.288211822509766,324.85528564453125,0.6723803281784058,3.476635456085205,2.150613307952881,2.2585055828094482
SB78976_component_1427a,329.41364,0.530511,8.67300033569336,18.10647201538086,329.4133605957031,0.5304722785949707,6.88822078704834,1.1989566087722778,1.2591060400009155
SB78976_component_1433a,323.662874,3.053798,7.821000099182129,23.416168212890625,323.66278076171875,3.0536162853240967,10.657002449035645,0.6988248825073242,0.7338836789131165
SB78976_component_1437a,325.230228,-0.940828,8.460000038146973,40.47846603393555,325.23016357421875,-0.9408665895462036,7.060323715209961,1.1410033702850342,1.1982454061508179
SB78976_component_1438a,324.882603,-0.317293,7.040999889373779,32.44700622558594,324.882568359375,-0.31724247336387634,6.606682777404785,1.0148271322250366,1.0657390356063843
SB78976_component_1439a,329.056344,1.734947,8.680000305175781,22.48704719543457,329.0564880371094,1.7348546981811523,7.494400978088379,1.1028691530227661,1.1581979990005493
SB78976_component_1440a,326.276368,-1.136295,7.866000175476074,36.24885177612305,326.2763671875,-1.1364156007766724,7.1157660484313965,1.0526244640350342,1.1054326295852661
SB78976_component_1448a,325.326794,-1.625463,8.838000297546387,37.291141510009766,325.3265686035156,-1.6254312992095947,7.716654300689697,1.0906015634536743,1.1453150510787964
SB78976_component_1450a,326.100103,1.13422,8.536999702453613,39.34101486206055,326.1002197265625,1.1342240571975708,7.641608715057373,1.063804030418396,1.1171730756759644
SB78976_component_1453a,323.043373,-0.247056,7.570000171661377,27.328519821166992,323.0432434082031,-0.2470686286687851,5.16849946975708,1.3946735858917236,1.464641809463501
SB78976_component_1457a,321.781546,1.348339,8.755000114440918,14.235772132873535,321.781982421875,1.3480867147445679,5.405367374420166,1.5423115491867065,1.6196863651275635
SB78976_component_1460a,325.046049,-2.928173,7.761000156402588,27.23158073425293,325.0461120605469,-2.9281134605407715,6.838681221008301,1.0806535482406616,1.1348679065704346
SB78976_component_1466a,322.972711,-0.065552,7.367000102996826,27.488805770874023,322.9727783203125,-0.06548934429883957,6.445854663848877,1.0883067846298218,1.1429051160812378
SB78976_component_1469a,325.983588,3.018562,7.447000026702881,25.50342559814453,325.98370361328125,3.018399715423584,6.1742119789123535,1.1485264301300049,1.2061458826065063
SB78976_component_1477a,322.476535,0.563307,7.973999977111816,21.609756469726562,322.4767761230469,0.5634025931358337,7.036746025085449,1.0790598392486572,1.1331942081451416
SB78976_component_1478a,327.264714,1.418744,7.684000015258789,35.24770736694336,327.26458740234375,1.418802261352539,5.766708850860596,1.2688214778900146,1.3324757814407349
SB78976_component_1482a,325.256398,-3.382146,7.869999885559082,23.84848403930664,325.2563781738281,-3.382026195526123,6.693704605102539,1.1195651292800903,1.1757315397262573
SB78976_component_1483a,322.628448,1.418374,7.685999870300293,22.539588928222656,322.6284484863281,1.4183915853500366,7.495810508728027,0.9763891100883484,1.0253727436065674
SB78976_component_1487a,326.696031,3.11936,7.0980000495910645,25.440858840942383,326.69586181640625,3.1192681789398193,6.573806285858154,1.0281590223312378,1.0797398090362549
SB78976_component_1493a,327.477567,2.264696,7.6579999923706055,32.04184341430664,327.47747802734375,2.2647764682769775,7.29000186920166,1.0002968311309814,1.0504798889160156
SB78976_component_1499a,323.487764,-1.65904,7.574999809265137,19.88188934326172,323.4878845214844,-1.6590652465820312,6.871334552764893,1.049742341041565,1.1024059057235718
SB78976_component_1500a,324.114468,0.337992,7.6539998054504395,28.77443504333496,324.11444091796875,0.3381238579750061,7.010685443878174,1.0396069288253784,1.0917619466781616
SB78976_component_1510a,324.992214,-3.227271,7.473999977111816,24.266233444213867,324.9923095703125,-3.2270922660827637,7.239841461181641,0.9830264449119568,1.0323430299758911
SB78976_component_1511a,327.557186,-0.9641,7.473999977111816,34.44239807128906,327.55712890625,-0.9641424417495728,9.422083854675293,0.7553483247756958,0.7932427525520325
SB78976_component_1514a,323.861023,1.54302,7.561999797821045,24.006349563598633,323.8609619140625,1.5430141687393188,7.306790351867676,0.9854876399040222,1.0349277257919312
SB78976_component_1517a,326.657221,3.684206,8.053000450134277,13.932526588439941,326.6576232910156,3.683863639831543,7.994279384613037,0.9592229723930359,1.00734543800354
SB78976_component_1518a,324.847532,2.041991,7.7129998207092285,27.744604110717773,324.8476867675781,2.041857957839966,6.592522144317627,1.1140711307525635,1.169961929321289
SB78976_component_1519a,327.738877,1.572868,7.613999843597412,34.29729461669922,327.7388916015625,1.5729092359542847,6.270273685455322,1.1562919616699219,1.2143009901046753
SB78976_component_1526a,323.833921,-1.073878,7.749000072479248,23.84307861328125,323.8340148925781,-1.0739092826843262,7.158054351806641,1.03084135055542,1.0825567245483398
SB78976_component_1527a,327.520563,-3.513836,8.309000015258789,16.04054069519043,327.520751953125,-3.5137245655059814,7.8484416007995605,1.0081067085266113,1.0586814880371094
SB78976_component_1529a,328.031383,-2.838802,7.054999828338623,17.0,328.03143310546875,-2.8387656211853027,7.2212605476379395,0.9303045868873596,0.976976215839386
SB78976_component_1535a,328.428264,1.926023,7.360000133514404,27.46268653869629,328.4283447265625,1.9260262250900269,6.571293830871582,1.0665178298950195,1.1200230121612549
SB78976_component_1536a,325.387231,-3.760874,7.741000175476074,14.857965469360352,325.3871154785156,-3.7609739303588867,6.469708442687988,1.1393405199050903,1.1964991092681885
SB78976_component_1538a,322.281588,-2.671814,7.6570000648498535,10.37533950805664,322.2816467285156,-2.6719539165496826,5.105820178985596,1.4280201196670532,1.4996610879898071
SB78976_component_1540a,329.980359,0.711663,6.230000019073486,22.90441131591797,329.9801940917969,0.7118495106697083,6.726478576660156,0.8819448947906494,0.9261904358863831
SB78976_component_1541a,323.678612,-2.781885,7.5929999351501465,19.419437408447266,323.6785583496094,-2.7819321155548096,6.242707252502441,1.1581947803497314,1.2162991762161255
SB78976_component_1542a,325.575024,-0.725392,7.132999897003174,31.013042449951172,325.5750732421875,-0.7253639101982117,5.951080322265625,1.1413466930389404,1.1986058950424194
SB78976_component_1543a,328.071215,0.479223,7.9079999923706055,37.47867202758789,328.07122802734375,0.4791443347930908,6.557500839233398,1.1483372449874878,1.2059472799301147
SB78976_component_1554a,324.393841,3.047474,7.239999771118164,20.337078094482422,324.3936462402344,3.0472817420959473,7.463215351104736,0.9237484931945801,0.9700912237167358
SB78976_component_1556a,324.58334,1.167998,7.706999778747559,29.52873420715332,324.5833435058594,1.167948842048645,6.806311130523682,1.0782382488250732,1.132331371307373
SB78976_component_1557a,323.929134,-1.893276,7.1020002365112305,24.919300079345703,323.92926025390625,-1.893309473991394,6.535442352294922,1.034777283668518,1.086690068244934
SB78976_component_1558a,327.441749,-1.95954,7.570000171661377,30.401607513427734,327.4417724609375,-1.9595551490783691,7.218427658081055,0.9986066222190857,1.0487048625946045
SB78976_component_1559a,328.176678,-2.896294,7.247000217437744,12.038206100463867,328.17657470703125,-2.8964695930480957,7.270020484924316,0.9492132663726807,0.9968335628509521
SB78976_component_1560a,327.441684,-0.939493,6.6570000648498535,30.96278953552246,327.4416809082031,-0.9396075010299683,6.970907688140869,0.9093486070632935,0.9549689292907715
SB78976_component_1563a,327.866801,0.446444,7.400000095367432,36.45320510864258,327.86688232421875,0.44631728529930115,6.112532138824463,1.1527940034866333,1.210627555847168
SB78976_component_1564a,326.167962,-0.586619,7.13700008392334,38.57837677001953,326.1679992675781,-0.5867547392845154,6.970139026641846,0.9750242233276367,1.0239393711090088
SB78976_component_1565a,328.829201,1.593963,6.918000221252441,23.37162208557129,328.82928466796875,1.5937410593032837,6.456062316894531,1.0203614234924316,1.0715510845184326
SB78976_component_1567a,327.407992,0.029408,7.203999996185303,36.38383865356445,327.4081115722656,0.029398085549473763,6.107157230377197,1.1232483386993408,1.1795995235443115
SB78976_component_1568a,324.014745,-0.913612,7.302999973297119,25.805654525756836,324.01470947265625,-0.9134713411331177,5.919846057891846,1.1747137308120728,1.2336469888687134
SB78976_component_1572a,327.216509,-0.451861,6.669000148773193,31.309860229492188,327.2164611816406,-0.45200619101524353,5.737675189971924,1.1067918539047241,1.1623175144195557
SB78976_component_1575a,326.522861,3.719066,7.010000228881836,12.12802791595459,326.5228271484375,3.718735456466675,6.530299663543701,1.02217698097229,1.0734577178955078
SB78976_component_1576a,323.459392,2.763883,7.173999786376953,25.083913803100586,323.45947265625,2.763838768005371,6.486116886138916,1.053216814994812,1.106054663658142
SB78976_component_1582a,327.308844,-3.185711,6.394999980926514,20.237340927124023,327.30889892578125,-3.185512065887451,5.894567012786865,1.0330702066421509,1.0848972797393799
SB78976_component_1586a,326.089346,0.786028,7.065000057220459,31.968326568603516,326.08929443359375,0.786072850227356,6.232550144195557,1.079412817955017,1.1335649490356445
SB78976_component_1587a,328.198153,-3.144957,7.113999843597412,15.704194068908691,328.1983642578125,-3.144989013671875,5.6625261306762695,1.1963130235671997,1.2563297748565674
SB78976_component_1588a,326.264857,-1.216688,6.946000099182129,32.76415252685547,326.26483154296875,-1.2167574167251587,6.233450889587402,1.0610783100128174,1.1143105030059814
SB78976_component_1589a,325.988106,0.084853,6.86299991607666,32.070091247558594,325.988037109375,0.0847758874297142,5.251150608062744,1.2445166110992432,1.306951642036438
SB78976_component_1593a,327.366565,-1.068685,7.110000133514404,32.02702713012695,327.3666076660156,-1.0687801837921143,7.503539085388184,0.9022868275642395,0.9475528597831726
SB78976_component_1595a,324.894823,-0.911649,6.920000076293945,31.743120193481445,324.8948669433594,-0.9117197394371033,5.431755065917969,1.2131292819976807,1.2739896774291992
SB78976_component_1604a,326.538588,-1.068856,7.052000045776367,35.2599983215332,326.5384521484375,-1.0689867734909058,5.274478912353516,1.273133397102356,1.3370040655136108
SB78976_component_1605a,324.452089,-2.614597,6.6539998054504395,24.736059188842773,324.45220947265625,-2.614576578140259,6.134335041046143,1.0328956842422485,1.0847141742706299
SB78976_component_1606a,322.421366,-2.387331,7.364999771118164,14.218146324157715,322.4214172363281,-2.3875250816345215,5.2240986824035645,1.342463731765747,1.409812569618225
SB78976_component_1611a,324.31665,-2.930384,6.833000183105469,21.353126525878906,324.31671142578125,-2.9303314685821533,5.298187255859375,1.2280762195587158,1.2896864414215088
SB78976_component_1612a,325.017146,-0.224225,6.144999980926514,26.601730346679688,325.0169372558594,-0.22429420053958893,7.25651741027832,0.8063708543777466,0.8468249440193176
SB78976_component_1613a,325.804264,-2.369015,6.8470001220703125,33.72906494140625,325.8042297363281,-2.3691840171813965,7.919393539428711,0.823283851146698,0.8645864129066467
SB78976_component_1615a,324.571915,2.753218,6.534999847412109,23.256227493286133,324.5721740722656,2.75313138961792,6.020938396453857,1.0335288047790527,1.0853790044784546
SB78976_component_1620a,327.562907,0.868497,7.454999923706055,40.08064270019531,327.56298828125,0.8684517741203308,5.671091079711914,1.2517632246017456,1.3145618438720703
SB78976_component_1622a,324.142629,-1.202297,6.703999996185303,24.647056579589844,324.1427001953125,-1.202251672744751,6.2571587562561035,1.0202298164367676,1.0714128017425537
SB78976_component_1624a,325.663775,-0.905683,6.866000175476074,29.467811584472656,325.6637268066406,-0.9057528376579285,6.585805416107178,0.9927412867546082,1.042545199394226
SB78976_component_1627a,323.654027,-0.570487,6.896999835968018,26.629343032836914,323.6539611816406,-0.5704103112220764,5.31506872177124,1.235641598701477,1.2976313829421997
SB78976_component_1635a,322.835595,-1.149794,7.586999893188477,21.311796188354492,322.8355712890625,-1.149959683418274,7.082385063171387,1.0200741291046143,1.07124924659729
SB78976_component_1639a,323.358247,2.796622,6.61299991607666,21.401294708251953,323.3584289550781,2.796623945236206,7.327946186065674,0.8593249917030334,0.9024356603622437
SB78976_component_1645a,324.196157,1.440605,6.51200008392334,19.497007369995117,324.1960144042969,1.4405403137207031,5.700138568878174,1.0878528356552124,1.1424283981323242
SB78976_component_1649a,326.994021,-2.407414,6.888999938964844,27.122045516967773,326.9938659667969,-2.40738844871521,5.235383987426758,1.2529934644699097,1.3158538341522217
SB78976_component_1651a,328.709972,0.329451,6.6519999504089355,24.366300582885742,328.7100830078125,0.32955828309059143,7.043772220611572,0.8992658257484436,0.9443803429603577
SB78976_component_1653a,327.013805,1.976774,6.682000160217285,30.511417388916016,327.0137634277344,1.976995825767517,6.497427463531494,0.9792785048484802,1.028407096862793
SB78976_component_1655a,325.887597,3.807009,7.261000156402588,10.299291610717773,325.8876647949219,3.8066606521606445,7.572979927062988,0.9130000472068787,0.9588035941123962
SB78976_component_1656a,328.710518,0.921475,6.566999912261963,25.752941131591797,328.7103271484375,0.9215291142463684,6.677804470062256,0.9364281892776489,0.9834070205688477
SB78976_component_1658a,323.723624,-0.180749,7.045000076293945,27.627450942993164,323.72357177734375,-0.18093201518058777,6.677938461303711,1.0045689344406128,1.0549663305282593
SB78976_component_1660a,327.116375,1.614589,6.625999927520752,30.534563064575195,327.1163330078125,1.6147658824920654,6.515173435211182,0.9684263467788696,1.0170105695724487
SB78976_component_1664a,329.390239,0.276353,6.742000102996826,15.08277416229248,329.3899230957031,0.2764178514480591,5.58416748046875,1.1496654748916626,1.2073420286178589
SB78976_component_1667a,328.448484,2.399273,6.7220001220703125,23.421602249145508,328.4483947753906,2.399176836013794,5.720352649688721,1.118965983390808,1.1751023530960083
SB78976_component_1668a,323.546478,-0.132821,6.807000160217285,30.5246639251709,323.5464172363281,-0.13277988135814667,5.988926410675049,1.0823007822036743,1.136597752571106
SB78976_component_1670a,328.772969,0.203347,7.01800012588501,25.15412139892578,328.7728271484375,0.20331957936286926,6.077622890472412,1.0995646715164185,1.154727816581726
SB78976_component_1676a,328.325396,-1.022483,6.633999824523926,27.991559982299805,328.3253479003906,-1.0225869417190552,6.057933330535889,1.042778730392456,1.0950928926467896
SB78976_component_1680a,326.679131,0.531686,7.020999908447266,34.58620834350586,326.6789855957031,0.5315853357315063,5.024749279022217,1.3305332660675049,1.397283673286438
SB78976_component_1681a,328.179612,-3.089162,5.934000015258789,13.76798152923584,328.17974853515625,-3.089106559753418,5.801488876342773,0.9739782214164734,1.0228408575057983
SB78976_component_1682a,327.693275,2.924676,6.377999782562256,22.942445755004883,327.69329833984375,2.924600124359131,10.480587005615234,0.5794821381568909,0.6085537075996399
SB78976_component_1683a,328.730372,0.290641,6.739999771118164,24.420289993286133,328.7302551269531,0.29081374406814575,5.706807613372803,1.1246252059936523,1.1810455322265625
SB78976_component_1686a,325.829413,1.420704,6.146999835968018,29.69565200805664,325.8294677734375,1.4207245111465454,5.445647716522217,1.0748672485351562,1.128791332244873
SB78976_component_1687a,329.214863,1.962845,6.579999923706055,15.231480598449707,329.21478271484375,1.9626648426055908,6.495166301727295,0.9646655321121216,1.0130610466003418
SB78976_component_1693a,324.714575,2.16774,6.047999858856201,21.073169708251953,324.71466064453125,2.167722702026367,8.159141540527344,0.7058436274528503,0.741254448890686
SB78976_component_1697a,324.64471,0.2253,6.940000057220459,27.760000228881836,324.6446838378906,0.22526831924915314,6.046390056610107,1.0929604768753052,1.1477923393249512
SB78976_component_1699a,328.097152,-3.243361,6.451000213623047,13.21926212310791,328.09710693359375,-3.243447780609131,5.884408950805664,1.0439155101776123,1.0962868928909302
SB78976_component_1700a,325.691092,1.3541,6.285999774932861,25.55284309387207,325.691162109375,1.354067087173462,4.973657131195068,1.2034822702407837,1.263858675956726
SB78976_component_1701a,326.930584,1.161295,6.182000160217285,30.7562198638916,326.9305419921875,1.1613355875015259,8.137237548828125,0.7234244346618652,0.7597172856330872
SB78976_component_1702a,325.496993,3.117971,6.833000183105469,16.2690486907959,325.4964904785156,3.117563486099243,5.135745048522949,1.2669198513031006,1.3304789066314697
SB78976_component_1705a,322.868489,-2.465584,6.326000213623047,18.4970760345459,322.86865234375,-2.465614080429077,6.544162750244141,0.9204840660095215,0.9666630625724792
SB78976_component_1706a,329.08094,-2.722287,6.340000152587891,10.20934009552002,329.0807800292969,-2.7224326133728027,4.8835930824279785,1.236206293106079,1.2982244491577148
SB78976_component_1708a,325.566445,1.578569,6.086999893188477,28.180553436279297,325.56658935546875,1.578570008277893,5.243232250213623,1.1054660081863403,1.1609251499176025
SB78976_component_1710a,328.542974,2.346705,5.910999774932861,19.006431579589844,328.54302978515625,2.3464741706848145,5.516811370849609,1.0202672481536865,1.071452260017395
SB78976_component_1714a,323.044507,-0.005583,6.2270002365112305,25.73140525817871,323.0445861816406,-0.005539164878427982,6.0821213722229,0.9749109745025635,1.023820400238037
SB78976_component_1715a,323.869999,-2.990546,5.916999816894531,11.929435729980469,323.86981201171875,-2.990314245223999,6.670614719390869,0.844650149345398,0.8870246410369873
SB78976_component_1717a,325.220566,1.955735,6.451000213623047,23.630037307739258,325.2205810546875,1.9556419849395752,5.97124719619751,1.0287342071533203,1.0803438425064087
SB78976_component_1720a,325.890484,-1.596975,5.9029998779296875,29.07881736755371,325.8904113769531,-1.5968244075775146,4.971221923828125,1.1307088136672974,1.187434434890747
SB78976_component_1724a,328.589339,-2.165049,6.130000114440918,20.29801368713379,328.5892639160156,-2.1651415824890137,5.311980247497559,1.0988671779632568,1.1539952754974365
SB78976_component_1725a,323.941467,2.56741,6.388999938964844,23.06498146057129,323.9415283203125,2.567509651184082,7.795807838439941,0.7803922295570374,0.8195430040359497
SB78976_component_1731a,326.72051,1.765759,6.080999851226807,26.098712921142578,326.72052001953125,1.7656303644180298,5.604435443878174,1.033199667930603,1.0850334167480469
SB78976_component_1735a,324.384519,1.785727,6.379000186920166,23.281023025512695,324.38446044921875,1.7854312658309937,5.085329055786133,1.19446861743927,1.2543928623199463
SB78976_component_1738a,322.831465,0.717481,6.005000114440918,21.916059494018555,322.83148193359375,0.7175089120864868,4.742447853088379,1.2057342529296875,1.2662237882614136
SB78976_component_1739a,329.958269,0.862295,5.730000019073486,21.622642517089844,329.9579162597656,0.8630824685096741,11.043525695800781,0.49406948685646057,0.5188560485839844
SB78976_component_1741a,324.349022,0.628256,5.703999996185303,18.64052391052246,324.3492431640625,0.6283866763114929,5.93721342086792,0.9148250222206116,0.9607200622558594
SB78976_component_1748a,322.314792,-1.07033,6.084000110626221,11.767891883850098,322.3152160644531,-1.07047438621521,5.712043762207031,1.0142356157302856,1.0651179552078247
SB78976_component_1751a,327.164722,0.465285,6.244999885559082,34.12568283081055,327.16473388671875,0.4652674198150635,5.205626487731934,1.1423536539077759,1.199663519859314
SB78976_component_1755a,325.851758,-2.424571,6.366000175476074,29.747663497924805,325.8517761230469,-2.4244589805603027,5.274993896484375,1.1491742134094238,1.206826090812683
SB78976_component_1756a,325.127231,2.529953,6.697000026702881,26.681276321411133,325.1272888183594,2.5299506187438965,4.517050266265869,1.411778450012207,1.482604742050171
SB78976_component_1763a,322.291197,-0.783971,6.859000205993652,12.380866050720215,322.2915344238281,-0.7841396331787109,4.777968406677246,1.366969108581543,1.4355474710464478
SB78976_component_1765a,326.399688,-0.059568,5.814000129699707,29.06999969482422,326.3995666503906,-0.05960395559668541,5.796916961669922,0.955034613609314,1.0029469728469849
SB78976_component_1766a,327.291593,1.28219,6.3979997634887695,30.612438201904297,327.2917785644531,1.2822413444519043,5.160186290740967,1.1806468963623047,1.239877700805664
SB78976_component_1767a,326.597012,3.269401,6.53000020980835,20.216718673706055,326.5971374511719,3.269317865371704,5.666253566741943,1.0973832607269287,1.1524369716644287
SB78976_component_1771a,324.664595,-0.827204,5.705999851226807,27.301433563232422,324.6645812988281,-0.827319860458374,5.060090065002441,1.0737783908843994,1.127647876739502
SB78976_component_1776a,328.812371,-2.565634,6.189000129699707,17.04958724975586,328.81256103515625,-2.5654075145721436,5.257838249206543,1.1208679676055908,1.1770997047424316
SB78976_component_1777a,323.53645,0.120846,5.776000022888184,24.1673641204834,323.536376953125,0.12076413631439209,4.840500354766846,1.136260986328125,1.1932650804519653
SB78976_component_1778a,324.391984,0.329059,6.6539998054504395,23.764284133911133,324.3922119140625,0.32910701632499695,5.73056173324585,1.1056731939315796,1.1611427068710327
SB78976_component_1779a,328.618942,-1.568564,6.061999797821045,20.9034481048584,328.6190185546875,-1.5685654878616333,5.634655475616455,1.0244475603103638,1.0758421421051025
SB78976_component_1781a,327.992405,2.364262,6.170000076293945,25.92436981201172,327.9924621582031,2.3641109466552734,5.4109110832214355,1.0858153104782104,1.1402885913848877
SB78976_component_1786a,323.423225,0.121618,6.515999794006348,27.378149032592773,323.4231262207031,0.12144605070352554,5.1302809715271,1.2094309329986572,1.2701058387756348
SB78976_component_1787a,323.62616,-0.890325,5.6579999923706055,16.399999618530273,323.6261901855469,-0.8903183937072754,5.423391342163086,0.9934206008911133,1.0432586669921875
SB78976_component_1789a,327.104842,-1.315952,5.800000190734863,18.471338272094727,327.1048583984375,-1.316003441810608,5.491897106170654,1.0056499242782593,1.0561014413833618
SB78976_component_1791a,328.343095,3.175363,6.760000228881836,16.133651733398438,328.34320068359375,3.175290584564209,6.514514446258545,0.9881112575531006,1.0376828908920288
SB78976_component_1792a,325.791309,-3.030208,6.578999996185303,27.074073791503906,325.79132080078125,-3.030132532119751,5.827176094055176,1.0750852823257446,1.1290203332901
SB78976_component_1797a,327.889811,-0.9686,6.202000141143799,25.84166717529297,327.88983154296875,-0.9686846137046814,5.519418716430664,1.0699896812438965,1.1236690282821655
SB78976_component_1800a,327.002299,-0.604294,5.802000045776367,28.302438735961914,327.0022888183594,-0.6043215990066528,6.825566291809082,0.8094316720962524,0.8500393629074097
SB78976_component_1802a,326.748899,-2.421444,6.0370001792907715,29.73891830444336,326.74908447265625,-2.4214560985565186,5.039483070373535,1.1407129764556885,1.1979403495788574
SB78976_component_1803a,328.560023,-3.339517,6.264999866485596,11.288288116455078,328.5603332519531,-3.339141607284546,5.10858154296875,1.1677823066711426,1.2263678312301636
SB78976_component_1807a,328.383385,-2.277677,5.839000225067139,19.9965763092041,328.38348388671875,-2.2774903774261475,4.874141693115234,1.1407264471054077,1.197954535484314
SB78976_component_1809a,324.174767,-0.809095,5.918000221252441,22.761539459228516,324.1746520996094,-0.8091371059417725,4.734161853790283,1.1903455257415771,1.2500629425048828
SB78976_component_1816a,325.870346,2.978623,5.679999828338623,20.358421325683594,325.87060546875,2.9785709381103516,5.916362762451172,0.9141862392425537,0.9600492715835571
SB78976_component_1818a,328.823528,-1.147693,6.255000114440918,19.66981315612793,328.82342529296875,-1.1479336023330688,4.759517192840576,1.251427173614502,1.314208984375
SB78976_component_1819a,327.947266,-0.095036,5.504000186920166,25.132421493530273,327.9471740722656,-0.095073401927948,5.356344223022461,0.9784781336784363,1.0275665521621704
SB78976_component_1820a,328.362312,3.298205,5.814000129699707,13.065169334411621,328.3622741699219,3.298198938369751,6.250031471252441,0.8857966065406799,0.9302353262901306
SB78976_component_1821a,326.435892,-1.011158,5.914999961853027,30.025381088256836,326.4358825683594,-1.011262059211731,5.283755779266357,1.0659900903701782,1.1194688081741333
SB78976_component_1823a,324.740036,-1.452536,6.03000020980835,27.40909194946289,324.7398986816406,-1.4526453018188477,5.144132137298584,1.116211175918579,1.17220938205719
SB78976_component_1825a,323.184196,0.540314,6.456999778747559,28.320175170898438,323.184326171875,0.5401217341423035,5.610913276672363,1.0958179235458374,1.1507929563522339
SB78976_component_1828a,327.8207,2.553451,5.821000099182129,23.95473289489746,327.8206481933594,2.553643226623535,5.96021842956543,0.9299863576889038,0.9766420722007751
SB78976_component_1829a,327.063428,-2.47025,6.333000183105469,26.061729431152344,327.0634765625,-2.470261335372925,5.499011039733887,1.0966449975967407,1.1516616344451904
SB78976_component_1830a,327.005889,0.942861,6.242000102996826,30.748769760131836,327.0058288574219,0.9429436922073364,6.03074836730957,0.9855841994285583,1.0350290536880493
SB78976_component_1831a,325.177039,0.773529,5.642000198364258,26.000001907348633,325.1769104003906,0.7733849287033081,5.587096214294434,0.9615859985351562,1.009826898574829
SB78976_component_1833a,325.892836,2.154389,6.057000160217285,25.23750114440918,325.89288330078125,2.1541285514831543,5.4998273849487305,1.0486961603164673,1.1013072729110718
SB78976_component_1835a,328.885593,-0.097934,5.650000095367432,20.178571701049805,328.8856506347656,-0.09788014739751816,5.124478340148926,1.0498807430267334,1.1025512218475342
SB78976_component_1836a,323.635758,3.434788,5.984000205993652,12.31275749206543,323.6360168457031,3.43441104888916,5.900089740753174,0.9657710194587708,1.0142219066619873
SB78976_component_1838a,322.859464,-3.004423,6.340000152587891,12.455796241760254,322.85943603515625,-3.0042831897735596,4.983285427093506,1.2114756107330322,1.2722530364990234
SB78976_component_1840a,323.358498,-1.470039,6.192999839782715,19.41379165649414,323.3584289550781,-1.4699316024780273,5.182641506195068,1.1378657817840576,1.1949504613876343
SB78976_component_1841a,325.939233,2.627521,5.369999885559082,21.829267501831055,325.9392395019531,2.6274054050445557,5.176531791687012,0.987817108631134,1.0373740196228027
SB78976_component_1842a,322.887349,2.645891,6.0279998779296875,17.994028091430664,322.8874206542969,2.645719051361084,5.425936698913574,1.0578879117965698,1.1109602451324463
SB78976_component_1843a,324.855472,2.536232,5.71999979019165,18.511327743530273,324.85528564453125,2.536167860031128,5.498031139373779,0.99067223072052,1.040372371673584
SB78976_component_1844a,323.363746,3.479527,6.429999828338623,11.461675643920898,323.3636474609375,3.4792838096618652,5.874668121337891,1.0422425270080566,1.0945298671722412
SB78976_component_1845a,326.154571,0.025002,5.72599983215332,25.677127838134766,326.15460205078125,0.024898450821638107,4.625788688659668,1.1787092685699463,1.2378429174423218
SB78976_component_1847a,327.079031,3.101462,6.079999923706055,20.54054069519043,327.07916259765625,3.1015186309814453,4.53084135055542,1.2778087854385376,1.3419140577316284
SB78976_component_1848a,327.073105,1.910819,5.703999996185303,25.809953689575195,327.07318115234375,1.9107823371887207,4.853343486785889,1.1191277503967285,1.1752722263336182
SB78976_component_1851a,328.530426,-0.111491,5.558000087738037,25.036035537719727,328.5304870605469,-0.11160043627023697,6.104175090789795,0.867027223110199,0.9105243682861328
SB78976_component_1853a,325.64503,0.130043,5.293000221252441,24.1689510345459,325.64495849609375,0.1301337480545044,5.325949192047119,0.9463375210762024,0.9938135147094727
SB78976_component_1854a,324.057002,0.973875,6.290999889373779,21.768165588378906,324.0572204589844,0.9739083647727966,9.30497932434082,0.6437917947769165,0.6760896444320679
SB78976_component_1859a,329.05855,2.383418,6.281000137329102,14.88388729095459,329.0587158203125,2.3836214542388916,7.112112998962402,0.8409522175788879,0.8831412196159363
SB78976_component_1865a,328.640073,-3.187098,6.389999866485596,12.480467796325684,328.63983154296875,-3.187037467956543,4.480427265167236,1.3580713272094727,1.4262032508850098
SB78976_component_1866a,323.315828,-2.334315,6.618000030517578,19.464706420898438,323.3160095214844,-2.334501028060913,5.711485862731934,1.103364109992981,1.1587177515029907
SB78976_component_1870a,324.343947,0.749149,6.131999969482422,19.7806453704834,324.3437805175781,0.7491636276245117,5.163568019866943,1.1308197975158691,1.1875509023666382
SB78976_component_1874a,326.83675,2.481042,5.993000030517578,26.75446319580078,326.836669921875,2.481067657470703,5.8408660888671875,0.9770306348800659,1.0260465145111084
SB78976_component_1875a,327.541624,-1.50117,5.381999969482422,21.789474487304688,327.54150390625,-1.5013093948364258,5.282897472381592,0.9700914025306702,1.0187591314315796
SB78976_component_1877a,327.866363,-0.879376,6.251999855041504,26.94827651977539,327.86639404296875,-0.8792710900306702,5.4206862449646,1.098261833190918,1.1533595323562622
SB78976_component_1885a,327.951965,0.720201,5.934000015258789,30.275510787963867,327.951904296875,0.7201135158538818,4.885016918182373,1.1567051410675049,1.2147347927093506
SB78976_component_1890a,328.423364,-2.415456,5.744999885559082,19.343435287475586,328.423583984375,-2.4155406951904297,5.1413350105285645,1.0640335083007812,1.1174139976501465
SB78976_component_1893a,327.231581,0.809885,5.826000213623047,31.155080795288086,327.23162841796875,0.8097237944602966,5.364371299743652,1.0341721773147583,1.0860545635223389
SB78976_component_1894a,327.546829,3.575035,5.8470001220703125,10.51618766784668,327.547119140625,3.574878215789795,6.153332710266113,0.9048235416412354,0.9502168297767639
SB78976_component_1898a,327.426193,-1.248638,5.8420000076293945,25.849557876586914,327.42608642578125,-1.2486251592636108,5.315884590148926,1.0464709997177124,1.0989704132080078
SB78976_component_1904a,326.555538,0.158586,5.714000225067139,28.147785186767578,326.5555114746094,0.15859229862689972,6.112598419189453,0.890134334564209,0.9347907304763794
SB78976_component_1905a,322.668859,0.213188,6.205999851226807,19.213621139526367,322.6689147949219,0.21309737861156464,4.9951491355896,1.183053731918335,1.2424052953720093
SB78976_component_1908a,325.307379,2.142425,5.613999843597412,22.18972396850586,325.307373046875,2.142402410507202,4.933403015136719,1.0835949182510376,1.1379568576812744
SB78976_component_1909a,323.837543,0.479037,5.367000102996826,20.722007751464844,323.8376770019531,0.47897258400917053,4.949610233306885,1.0325279235839844,1.0843278169631958
SB78976_component_1910a,325.282764,-3.283638,5.656000137329102,19.503448486328125,325.28271484375,-3.283452272415161,5.820347785949707,0.9253406524658203,0.9717632532119751
SB78976_component_1914a,328.022574,1.698755,5.61899995803833,24.115880966186523,328.0226745605469,1.6987749338150024,5.166629791259766,1.0356019735336304,1.0875561237335205
SB78976_component_1916a,325.388637,2.183173,6.013999938964844,27.972091674804688,325.388671875,2.183154582977295,4.515161037445068,1.2683273553848267,1.3319568634033203
SB78976_component_1917a,323.30603,-1.965948,5.880000114440918,17.981651306152344,323.30609130859375,-1.9658795595169067,4.17272424697876,1.3418340682983398,1.4091514348983765
SB78976_component_1918a,328.990953,-0.859804,5.683000087738037,15.830083847045898,328.99114990234375,-0.8598320484161377,5.043715953826904,1.0729222297668457,1.1267486810684204
SB78976_component_1920a,326.614242,2.647791,5.7129998207092285,23.41393280029297,326.6144104003906,2.6476850509643555,5.344236850738525,1.0179342031478882,1.0690020322799683
SB78976_component_1923a,325.071571,-2.230081,5.46999979019165,24.639638900756836,325.07147216796875,-2.2301106452941895,5.377508640289307,0.9686064124107361,1.0171996355056763
SB78976_component_1924a,324.277718,1.266212,5.491000175476074,17.770227432250977,324.2775573730469,1.2662184238433838,4.878862380981445,1.071702003479004,1.125467300415039
SB78976_component_1930a,328.219497,2.078776,5.543000221252441,22.717214584350586,328.21942138671875,2.078779935836792,4.997742176055908,1.0561175346374512,1.1091008186340332
SB78976_component_1935a,328.609387,1.734335,5.8480000495910645,19.82373046875,328.6094055175781,1.7343639135360718,5.355997085571289,1.0397003889083862,1.0918601751327515
SB78976_component_1939a,322.755332,0.745146,4.9730000495910645,17.148277282714844,322.75543212890625,0.7450522184371948,4.467358589172363,1.0600072145462036,1.1131857633590698
SB78976_component_1940a,324.014966,0.805057,5.929999828338623,16.89458656311035,324.01483154296875,0.8051955699920654,4.521376609802246,1.2488927841186523,1.3115473985671997
SB78976_component_1943a,325.613337,1.703159,5.745999813079834,25.312774658203125,325.61346435546875,1.7031314373016357,6.120713710784912,0.8939324617385864,0.938779354095459
SB78976_component_1948a,324.191185,-0.947464,5.25,22.24576187133789,324.191162109375,-0.9475041031837463,4.818909168243408,1.0374131202697754,1.0894582271575928
SB78976_component_1949a,326.067881,2.448779,5.6529998779296875,25.23660659790039,326.06787109375,2.448720932006836,4.986340045928955,1.0795388221740723,1.133697271347046
SB78976_component_1950a,326.92933,2.789761,5.697999954223633,22.08527183532715,326.9292907714844,2.7895147800445557,5.0821146965026855,1.0676259994506836,1.1211868524551392
SB78976_component_1952a,327.134842,2.866653,4.494999885559082,17.696849822998047,327.13482666015625,2.8666632175445557,4.93906307220459,0.8666151165962219,0.9100916385650635
SB78976_component_1956a,324.493963,0.939632,5.63100004196167,20.855554580688477,324.4940185546875,0.9398099184036255,4.320178985595703,1.2411519289016724,1.3034182786941528
SB78976_component_1961a,329.390219,-0.061346,5.681000232696533,13.82238483428955,329.39031982421875,-0.061152707785367966,5.021956443786621,1.0771918296813965,1.131232500076294
SB78976_component_1970a,322.750144,-1.102888,5.116000175476074,13.90217399597168,322.7501525878906,-1.1028196811676025,4.694965839385986,1.037622332572937,1.0896778106689453
SB78976_component_1973a,327.91718,-2.659341,5.4039998054504395,19.579710006713867,327.9171447753906,-2.6593565940856934,5.295736312866211,0.9716954231262207,1.0204435586929321
SB78976_component_1974a,327.561615,3.279676,5.177000045776367,13.342782974243164,327.5616455078125,3.279689311981201,5.2626190185546875,0.9367364048957825,0.9837307333946228
SB78976_component_1975a,326.843556,3.050261,5.789000034332275,19.623729705810547,326.8435363769531,3.049999475479126,4.4810614585876465,1.2301663160324097,1.2918814420700073
SB78976_component_1976a,324.896848,0.097041,4.986999988555908,25.060300827026367,324.8968200683594,0.09715919941663742,5.078132152557373,0.9351398348808289,0.9820539951324463
SB78976_component_1978a,324.587118,2.197765,5.545000076293945,18.12091636657715,324.5871887207031,2.1977038383483887,5.179227352142334,1.0194777250289917,1.0706230401992798
SB78976_component_1980a,328.421837,-3.225643,5.251999855041504,10.462151527404785,328.4218444824219,-3.2255101203918457,4.284515380859375,1.1672507524490356,1.2258095741271973
SB78976_component_1987a,326.319455,-1.840385,5.269000053405762,24.16972541809082,326.31964111328125,-1.8403253555297852,6.1116623878479,0.8209373354911804,0.8621222376823425
SB78976_component_1991a,324.804098,-3.546786,5.758999824523926,12.149788856506348,324.8038330078125,-3.546783447265625,4.6713056564331055,1.1739509105682373,1.2328459024429321
SB78976_component_1996a,324.63323,0.747304,5.605999946594238,21.15471839904785,324.63311767578125,0.7474802732467651,4.135528087615967,1.2908128499984741,1.3555705547332764
SB78976_component_2000a,326.293742,-1.669301,5.379000186920166,24.339366912841797,326.2937316894531,-1.6693878173828125,4.046578407287598,1.2657699584960938,1.3292711973190308
SB78976_component_2006a,322.978674,0.518045,5.00600004196167,20.77178382873535,322.9788513183594,0.5180746912956238,4.606762886047363,1.0347517728805542,1.0866632461547852
SB78976_component_2007a,324.318636,0.681722,5.309000015258789,15.388405799865723,324.3188171386719,0.6819575428962708,5.445396423339844,0.9283770322799683,0.974951982498169
SB78976_component_2017a,325.270371,2.027806,5.105000019073486,20.420000076293945,325.2704772949219,2.0276472568511963,4.6655192375183105,1.0419261455535889,1.0941976308822632
SB78976_component_2018a,322.718735,-0.491356,4.894000053405762,14.875380516052246,322.71881103515625,-0.4914255142211914,6.012814044952393,0.7750458121299744,0.8139283657073975
SB78976_component_2020a,323.930728,0.725395,5.35699987411499,17.39285659790039,323.93072509765625,0.7254638075828552,4.898504734039307,1.041356086730957,1.0935989618301392
SB78976_component_2027a,325.956328,-1.862959,5.309000015258789,24.80841064453125,325.95648193359375,-1.8629933595657349,4.644454002380371,1.0884768962860107,1.1430838108062744
SB78976_component_2034a,324.766276,1.714069,4.534999847412109,17.50965118408203,324.766357421875,1.7139885425567627,5.145770072937012,0.8392050266265869,0.8813063502311707
SB78976_component_2035a,325.481352,-0.630992,4.815999984741211,21.030567169189453,325.4813537597656,-0.6310427188873291,4.569520473480225,1.0035916566848755,1.053939938545227
SB78976_component_2036a,325.969088,-0.142389,4.949999809265137,24.384235382080078,325.9691467285156,-0.14249028265476227,4.782517433166504,0.9855753183364868,1.0350197553634644
SB78976_component_2037a,325.580191,2.610034,5.343999862670898,20.55384635925293,325.5802001953125,2.6100707054138184,4.6394944190979,1.096824049949646,1.151849627494812
SB78976_component_2040a,323.417432,3.190675,5.2779998779296875,12.81067943572998,323.4173583984375,3.1904823780059814,4.835259437561035,1.0394192934036255,1.0915650129318237
SB78976_component_2042a,324.658993,2.071947,4.817999839782715,17.648351669311523,324.6590270996094,2.07174015045166,4.041138648986816,1.13528311252594,1.192238211631775
SB78976_component_2043a,324.971079,1.510747,4.724999904632568,20.02118682861328,324.9711608886719,1.5106432437896729,3.8959717750549316,1.15485417842865,1.212791085243225
SB78976_component_2046a,323.433431,0.006817,5.248000144958496,21.246965408325195,323.433349609375,0.006775724235922098,4.809450626373291,1.0390573740005493,1.0911849737167358
SB78976_component_2047a,324.638152,-0.096318,5.738999843597412,24.21518898010254,324.63800048828125,-0.09628316760063171,5.118670463562012,1.0676286220550537,1.1211895942687988
SB78976_component_2055a,324.699519,-1.097797,4.867000102996826,21.631113052368164,324.6993713378906,-1.0976871252059937,4.685246467590332,0.9891679883003235,1.0387927293777466
SB78976_component_2065a,328.171193,0.475572,4.8379998207092285,21.695066452026367,328.171142578125,0.4755149483680725,4.957122325897217,0.9293458461761475,0.9759694337844849
SB78976_component_2067a,324.370661,0.41151,4.877999782562256,19.511999130249023,324.37042236328125,0.41159722208976746,4.9400315284729,0.9402713775634766,0.9874430298805237
SB78976_component_2074a,328.806803,0.26777,5.1020002365112305,19.10861587524414,328.8065185546875,0.2677052319049835,4.340836524963379,1.1192013025283813,1.1753495931625366
SB78976_component_2078a,326.040507,-3.054744,5.191999912261963,21.191835403442383,326.04046630859375,-3.054626941680908,4.372285842895508,1.1307518482208252,1.1874794960021973
SB78976_component_2079a,326.458944,-2.495408,4.97599983215332,24.39215660095215,326.4589538574219,-2.4954819679260254,4.1707844734191895,1.1360665559768677,1.1930608749389648
SB78976_component_2081a,326.155421,1.700784,5.238999843597412,24.254629135131836,326.1553649902344,1.7008386850357056,4.34625768661499,1.1478207111358643,1.2054047584533691
SB78976_component_2082a,325.139135,-2.925672,5.171000003814697,21.367769241333008,325.1390380859375,-2.9258248805999756,3.9456980228424072,1.2479346990585327,1.3105412721633911
SB78976_component_2091a,328.90635,2.287724,5.466000080108643,13.90839672088623,328.9064025878906,2.287696599960327,4.3798909187316895,1.1883585453033447,1.247976303100586
SB78976_component_2093a,329.232342,2.361046,5.275000095367432,10.571142196655273,329.2319030761719,2.3613405227661133,5.1789727210998535,0.96988445520401,1.0185418128967285
SB78976_component_2094a,326.829143,1.697931,4.848999977111816,22.981042861938477,326.82904052734375,1.6979502439498901,4.144463539123535,1.1141021251678467,1.169994592666626
SB78976_component_2096a,328.280094,0.140145,4.9710001945495605,24.36764907836914,328.2802429199219,0.14009378850460052,4.046839237213135,1.1696851253509521,1.2283661365509033
SB78976_component_2097a,325.431916,1.787982,5.546000003814697,24.324562072753906,325.43194580078125,1.7879728078842163,4.318770885467529,1.2228152751922607,1.2841616868972778
SB78976_component_2099a,325.464462,0.780025,4.460999965667725,20.55760383605957,325.46441650390625,0.7798746228218079,4.273094177246094,0.9941019415855408,1.0439741611480713
SB78976_component_2100a,329.200292,0.96027,5.570000171661377,15.472222328186035,329.2003173828125,0.9603163599967957,6.810334205627441,0.7788036465644836,0.8178747296333313
SB78976_component_2103a,325.977785,1.579686,5.361000061035156,23.72123908996582,325.9779052734375,1.5797382593154907,4.757753849029541,1.0729637145996094,1.1267921924591064
SB78976_component_2104a,328.208552,-2.794282,5.2829999923706055,14.593923568725586,328.20855712890625,-2.7943460941314697,4.9619035720825195,1.0138493776321411,1.064712405204773
SB78976_component_2107a,328.493691,0.233079,5.044000148773193,22.823530197143555,328.4937744140625,0.23323571681976318,4.023383140563965,1.1937814950942993,1.2536712884902954
SB78976_component_2111a,323.493174,-0.259452,5.281000137329102,23.162281036376953,323.4931945800781,-0.2593156695365906,4.583371162414551,1.0971659421920776,1.152208685874939
SB78976_component_2118a,326.15992,2.932903,4.732999801635742,16.964155197143555,326.1600646972656,2.9326040744781494,4.442589282989502,1.0144753456115723,1.0653696060180664
SB78976_component_2120a,324.150623,1.947223,5.440000057220459,21.25,324.1503601074219,1.9472718238830566,4.369443893432617,1.1855336427688599,1.2450096607208252
SB78976_component_2121a,323.329752,-0.899878,4.672999858856201,12.90884017944336,323.32977294921875,-0.8999860882759094,4.139908313751221,1.0748460292816162,1.1287689208984375
SB78976_component_2123a,322.999778,0.836248,4.6620001792907715,19.106557846069336,322.99951171875,0.8359493613243103,3.9498391151428223,1.123916506767273,1.180301308631897
SB78976_component_2125a,324.043172,2.134449,4.980999946594238,16.884746551513672,324.0431213378906,2.134455680847168,4.408041000366211,1.0759994983673096,1.129980444908142
SB78976_component_2126a,327.171994,2.521516,4.997000217437744,20.31300926208496,327.1721496582031,2.5217998027801514,4.8573808670043945,0.979599118232727,1.0287437438964844
SB78976_component_2131a,327.31461,2.093381,5.031000137329102,23.07798194885254,327.3145751953125,2.0934998989105225,4.521842002868652,1.0594490766525269,1.1125997304916382
SB78976_component_2139a,323.30303,1.565794,4.427000045776367,17.779117584228516,323.3030700683594,1.5658518075942993,3.9843368530273438,1.058021903038025,1.1111007928848267
SB78976_component_2144a,324.069723,2.651123,5.039000034332275,17.680702209472656,324.06988525390625,2.65090274810791,4.496212005615234,1.0671826601028442,1.1207212209701538
SB78976_component_2149a,328.909674,-1.800852,4.870999813079834,15.080493927001953,328.90960693359375,-1.8008863925933838,4.581932067871094,1.0123032331466675,1.0630886554718018
SB78976_component_2151a,327.75756,1.484107,4.671000003814697,21.426605224609375,327.7577819824219,1.4840285778045654,4.398656845092773,1.011185884475708,1.0619150400161743
SB78976_component_2154a,324.503678,-0.31471,4.901000022888184,20.506277084350586,324.5036315917969,-0.31471139192581177,3.825746536254883,1.21985924243927,1.2810571193695068
SB78976_component_2155a,322.740898,-1.836205,5.322999954223633,13.648717880249023,322.740966796875,-1.8363460302352905,4.298769474029541,1.1791077852249146,1.238261342048645
SB78976_component_2159a,328.111876,-0.968807,5.013999938964844,20.891666412353516,328.1120910644531,-0.9689865708351135,3.772859811782837,1.2654787302017212,1.3289653062820435
SB78976_component_2167a,326.564384,3.384218,4.804999828338623,13.12841510772705,326.5644226074219,3.3839821815490723,5.660697937011719,0.8082850575447083,0.8488352298736572
SB78976_component_2171a,326.446345,2.452558,4.51200008392334,20.324323654174805,326.4465026855469,2.452502489089966,4.247600555419922,1.011501669883728,1.0622467994689941
SB78976_component_2175a,327.656858,-0.332486,4.540999889373779,22.15121841430664,327.6568908691406,-0.3326021134853363,4.225383758544922,1.023355484008789,1.0746952295303345
SB78976_component_2176a,323.640082,0.536159,4.710999965667725,18.620553970336914,323.64031982421875,0.5362120866775513,4.433900833129883,1.0117385387420654,1.0624955892562866
SB78976_component_2177a,323.445998,-1.351589,4.671000003814697,14.688679695129395,323.4460144042969,-1.3516054153442383,4.811211585998535,0.9244780540466309,0.9708573222160339
SB78976_component_2180a,322.87672,2.457016,4.614999771118164,13.376811027526855,322.8765869140625,2.4568684101104736,4.878477573394775,0.9008004069328308,0.9459918141365051
SB78976_component_2182a,326.13158,-1.198119,4.257999897003174,19.5321102142334,326.1314392089844,-1.1979868412017822,4.086939811706543,0.992084264755249,1.0418553352355957
SB78976_component_2184a,326.318474,1.416901,4.235000133514404,17.64583396911621,326.31842041015625,1.4166064262390137,3.486830711364746,1.156548261642456,1.2145700454711914
SB78976_component_2185a,324.727694,0.349631,4.980000019073486,22.133333206176758,324.72772216796875,0.34959712624549866,3.4225845336914062,1.3855313062667847,1.4550408124923706
SB78976_component_2186a,325.340743,-2.348518,4.421999931335449,20.858489990234375,325.3405456542969,-2.348454713821411,4.006078720092773,1.0510913133621216,1.1038224697113037
SB78976_component_2187a,326.793907,-0.818056,4.202000141143799,20.009525299072266,326.7938537597656,-0.8179842233657837,4.2690534591674805,0.9372719526290894,0.9842931628227234
SB78976_component_2189a,326.887188,-2.443759,4.573999881744385,19.299577713012695,326.8874816894531,-2.4437289237976074,4.212329864501953,1.0339866876602173,1.0858598947525024
SB78976_component_2194a,328.19613,-2.758028,4.88700008392334,14.289473533630371,328.196533203125,-2.758186101913452,2.2152037620544434,2.1007280349731445,2.206117630004883
SB78976_component_2202a,326.415816,-1.716903,5.0960001945495605,22.648889541625977,326.4157409667969,-1.7169798612594604,4.3391947746276855,1.1183080673217773,1.1744115352630615
SB78976_component_2206a,324.593599,-0.776516,5.065999984741211,20.847736358642578,324.59356689453125,-0.7766001224517822,3.9947776794433594,1.2075740098953247,1.2681556940078735
SB78976_component_2208a,328.186245,2.032602,4.434000015258789,18.097959518432617,328.1861267089844,2.0326831340789795,4.6681227684021,0.9044708609580994,0.9498465061187744
SB78976_component_2210a,328.046588,1.139264,4.703999996185303,21.57798194885254,328.0464782714844,1.1393256187438965,4.194518566131592,1.0678895711898804,1.121463656425476
SB78976_component_2212a,326.410745,0.06989,4.64900016784668,23.129352569580078,326.4108581542969,0.0697937086224556,3.74524188041687,1.182009220123291,1.241308331489563
SB78976_component_2216a,323.312127,1.000606,4.322000026702881,18.956140518188477,323.31219482421875,1.0007140636444092,6.446226596832275,0.6384403705596924,0.6704697608947754
SB78976_component_2217a,327.629537,-3.226354,5.176000118255615,15.877300262451172,327.629638671875,-3.2263851165771484,4.282063961029053,1.151018500328064,1.2087628841400146
SB78976_component_2227a,328.490657,2.225679,4.872000217437744,16.916667938232422,328.49072265625,2.225693702697754,4.387054920196533,1.0574878454208374,1.1105400323867798
SB78976_component_2228a,329.32153,0.876495,4.684999942779541,10.599547386169434,329.32147216796875,0.8764317035675049,4.93915319442749,0.903229832649231,0.948543131351471
SB78976_component_2229a,326.319925,-2.647763,4.410999774932861,19.869367599487305,326.32000732421875,-2.6478447914123535,3.9935269355773926,1.051771879196167,1.1045373678207397
SB78976_component_2230a,328.257024,-0.987488,4.955999851226807,22.224214553833008,328.2569274902344,-0.9875267744064331,4.266763210296631,1.1060478687286377,1.1615362167358398
SB78976_component_2233a,326.195055,-1.85238,4.809000015258789,22.059633255004883,326.19512939453125,-1.852265477180481,4.22654390335083,1.0834542512893677,1.1378090381622314
SB78976_component_2234a,324.582147,0.5884,4.544000148773193,18.39676284790039,324.58203125,0.5884231328964233,4.847644329071045,0.8925832509994507,0.937362551689148
SB78976_component_2236a,323.810551,3.395958,4.945000171661377,10.195876121520996,323.8105163574219,3.39540696144104,4.417575836181641,1.0659171342849731,1.1193922758102417
SB78976_component_2245a,326.807118,2.313586,4.888999938964844,20.716100692749023,326.8072814941406,2.3135483264923096,4.368186950683594,1.0657613277435303,1.1192286014556885
SB78976_component_2246a,324.962592,-2.13319,4.89300012588501,22.14027214050293,324.9629211425781,-2.133002758026123,3.763256072998047,1.2380911111831665,1.3002039194107056
SB78976_component_2248a,325.699671,1.765456,4.750999927520752,21.595455169677734,325.69989013671875,1.7653378248214722,4.140049457550049,1.0927497148513794,1.1475708484649658
SB78976_component_2249a,328.804248,1.975861,4.958000183105469,13.887955665588379,328.8042907714844,1.9759186506271362,4.295534610748291,1.0990829467773438,1.1542218923568726
SB78976_component_2250a,327.453944,-0.07806,4.455999851226807,21.95073890686035,327.4540100097656,-0.07808700203895569,3.6225123405456543,1.1713224649429321,1.2300854921340942
SB78976_component_2255a,329.099958,-1.958869,5.156000137329102,11.508928298950195,329.09979248046875,-1.9589158296585083,3.6507761478424072,1.344834566116333,1.4123024940490723
SB78976_component_2257a,322.852089,-1.624198,4.61299991607666,12.23607349395752,322.8521728515625,-1.6241710186004639,4.461680889129639,0.984523594379425,1.0339152812957764
SB78976_component_2258a,325.668277,1.211844,4.863999843597412,21.81165885925293,325.6683349609375,1.2118245363235474,3.1015470027923584,1.4933319091796875,1.5682495832443237
SB78976_component_2260a,323.324712,-0.600829,3.76200008392334,13.340425491333008,323.3247985839844,-0.6009190678596497,3.6697423458099365,0.976167619228363,1.0251401662826538
SB78976_component_2263a,327.871851,-3.275099,5.136000156402588,12.496350288391113,327.8719787597656,-3.275116443634033,4.162633419036865,1.1748923063278198,1.2338343858718872
SB78976_component_2265a,328.11246,-0.856069,4.610000133514404,20.131004333496094,328.1123352050781,-0.8560131788253784,3.820845603942871,1.1489009857177734,1.206539273262024
SB78976_component_2269a,325.213804,2.904984,4.870999813079834,15.221875190734863,325.2139587402344,2.904841899871826,12.035941123962402,0.3853711783885956,0.4047045111656189
SB78976_component_2274a,327.448733,1.111572,4.9029998779296875,23.127357482910156,327.44866943359375,1.1114987134933472,5.169436931610107,0.9031498432159424,0.9484591484069824
SB78976_component_2275a,327.667471,-2.053781,4.252999782562256,14.565068244934082,327.66778564453125,-2.0536282062530518,4.532522201538086,0.8935042023658752,0.9383296370506287
SB78976_component_2283a,327.918956,2.880796,4.632999897003174,16.60573387145996,327.9189453125,2.881119728088379,4.2927422523498535,1.027705430984497,1.07926344871521
SB78976_component_2289a,326.661701,-0.035833,4.517000198364258,24.28494644165039,326.66168212890625,-0.03597043454647064,3.747547149658203,1.1477417945861816,1.2053217887878418
SB78976_component_2291a,326.362042,-2.411929,4.644000053405762,21.302753448486328,326.362060546875,-2.412001371383667,4.253556251525879,1.0396357774734497,1.091792345046997
SB78976_component_2303a,323.853254,3.194221,4.048999786376953,10.85522747039795,323.8536071777344,3.1941699981689453,4.350878715515137,0.8861595988273621,0.930616557598114
SB78976_component_2306a,324.055345,-1.49954,4.822000026702881,17.407941818237305,324.0553894042969,-1.499327540397644,4.162221431732178,1.103171944618225,1.1585159301757812
SB78976_component_2307a,323.614959,2.585663,4.452000141143799,17.32295799255371,323.61468505859375,2.585688591003418,3.8704946041107178,1.0952918529510498,1.1502406597137451
SB78976_component_2311a,324.737565,-0.317181,4.414000034332275,19.79372215270996,324.73773193359375,-0.31707847118377686,3.669861316680908,1.1453121900558472,1.2027702331542969
SB78976_component_2316a,324.395125,-0.622333,4.156000137329102,17.032787322998047,324.3951721191406,-0.6224102973937988,2.814209222793579,1.406242847442627,1.476791501045227
SB78976_component_2321a,325.839109,2.054058,4.205999851226807,19.93364906311035,325.83917236328125,2.0542171001434326,3.2379672527313232,1.2369096279144287,1.2989630699157715
SB78976_component_2323a,323.46303,-0.069006,3.8889999389648438,16.982532501220703,323.4632568359375,-0.06902727484703064,3.9526243209838867,0.9369007349014282,0.9839032292366028
SB78976_component_2326a,327.136643,2.180863,4.359000205993652,18.70815658569336,327.1364440917969,2.1811411380767822,1.8264527320861816,2.2725822925567627,2.3865935802459717
SB78976_component_2331a,323.5236,1.524971,3.9489998817443848,13.85614013671875,323.523681640625,1.5249849557876587,3.5562808513641357,1.0573828220367432,1.1104296445846558
SB78976_component_2339a,325.821396,2.715514,4.160999774932861,14.913976669311523,325.8213806152344,2.7157580852508545,5.046113014221191,0.7852029204368591,0.824595034122467
SB78976_component_2343a,326.223277,-2.700874,4.784999847412109,21.651582717895508,326.2232360839844,-2.7010953426361084,4.047732830047607,1.1256704330444336,1.182143211364746
SB78976_component_2346a,326.424409,-2.750941,4.052000045776367,18.759258270263672,326.4242248535156,-2.7508544921875,4.2292938232421875,0.9123106598854065,0.9580795764923096
SB78976_component_2354a,325.014575,-0.447787,4.006999969482422,19.357486724853516,325.0144348144531,-0.44775664806365967,3.4648211002349854,1.1012341976165771,1.1564810276031494
SB78976_component_2356a,328.678483,1.586355,4.2270002365112305,14.83158016204834,328.67816162109375,1.5864259004592896,4.1472883224487305,0.9705305695533752,1.019220232963562
SB78976_component_2358a,325.024392,-1.929054,3.8489999771118164,17.33783721923828,325.0243835449219,-1.9290502071380615,3.068668842315674,1.1943705081939697,1.2542897462844849
SB78976_component_2360a,324.553136,0.357066,4.480000019073486,20.180179595947266,324.5531311035156,0.3569396436214447,3.8607308864593506,1.1049678325653076,1.1604020595550537
SB78976_component_2361a,326.56957,-2.726774,4.510000228881836,18.040000915527344,326.5693359375,-2.726776361465454,4.245556831359863,1.0115400552749634,1.0622870922088623
SB78976_component_2365a,324.363417,1.599674,4.2729997634887695,15.481884002685547,324.3636474609375,1.5996007919311523,2.6350996494293213,1.5441055297851562,1.6215704679489136
SB78976_component_2366a,325.425207,-0.377418,3.878000020980835,17.707763671875,325.425048828125,-0.37754160165786743,4.090782642364502,0.9026981592178345,0.9479848742485046
SB78976_component_2368a,325.623528,-3.39026,4.2870001792907715,13.873787879943848,325.6234436035156,-3.3903677463531494,3.8929662704467773,1.0486100912094116,1.1012169122695923
SB78976_component_2369a,326.403303,-2.297052,4.554999828338623,18.003952026367188,326.403564453125,-2.2970573902130127,3.8166732788085938,1.13643479347229,1.1934477090835571
SB78976_component_2371a,324.791981,3.376859,4.4679999351501465,11.545219421386719,324.7916564941406,3.3763175010681152,4.783640384674072,0.8893972635269165,0.9340167045593262
SB78976_component_2374a,328.139953,-1.242989,4.136000156402588,17.45147705078125,328.139892578125,-1.2431823015213013,3.4640142917633057,1.1369518041610718,1.1939904689788818
SB78976_component_2383a,323.112976,3.164695,4.4679999351501465,10.688994407653809,323.113037109375,3.1641123294830322,4.519761562347412,0.9413232803344727,0.988547682762146
SB78976_component_2384a,324.12511,2.417177,4.440000057220459,16.44444465637207,324.125,2.417008399963379,3.6006674766540527,1.1741974353790283,1.2331047058105469
SB78976_component_2392a,326.662718,3.252035,4.61899995803833,15.552188873291016,326.66265869140625,3.251607894897461,4.070275783538818,1.0806008577346802,1.1348124742507935
SB78976_component_2393a,325.530845,2.221432,3.9730000495910645,17.816143035888672,325.53082275390625,2.2214019298553467,2.451735258102417,1.5430718660354614,1.6204849481582642
SB78976_component_2400a,323.353311,3.097624,3.9119999408721924,10.572972297668457,323.35302734375,3.0969982147216797,3.388125419616699,1.0994627475738525,1.1546207666397095
SB78976_component_2405a,324.900085,2.164497,3.6760001182556152,13.514705657958984,324.90032958984375,2.1644110679626465,2.798373222351074,1.2508667707443237,1.3136203289031982
SB78976_component_2406a,327.198926,0.03616,4.23199987411499,18.89285659790039,327.19879150390625,0.03612357750535011,4.411064147949219,0.9135733842849731,0.9594056606292725
SB78976_component_2415a,322.655564,-1.390394,4.539999961853027,11.182266235351562,322.65533447265625,-1.3906691074371338,3.9745829105377197,1.087690830230713,1.1422581672668457
SB78976_component_2416a,326.579194,1.62029,3.5789999961853027,16.194570541381836,326.5791931152344,1.6203598976135254,3.745879650115967,0.9098065495491028,0.9554498195648193
SB78976_component_2417a,329.098529,1.363996,4.177000045776367,10.849350929260254,329.0984802246094,1.3640049695968628,4.464694023132324,0.8908692598342896,0.9355624318122864
SB78976_component_2418a,326.388495,0.639161,3.86299991607666,19.510101318359375,326.3883056640625,0.63885897397995,3.365300178527832,1.0930551290512085,1.147891640663147
SB78976_component_2419a,328.111742,2.09312,4.310999870300293,17.453441619873047,328.1117858886719,2.0931737422943115,3.879589557647705,1.0581163167953491,1.111199975013733
SB78976_component_2421a,324.997021,-2.047649,4.010000228881836,17.434783935546875,324.9970703125,-2.0477797985076904,3.2733731269836426,1.166514277458191,1.2250361442565918
SB78976_component_2428a,328.658338,-0.709269,4.183000087738037,15.608208656311035,328.65863037109375,-0.7093129754066467,3.5659191608428955,1.117011308670044,1.1730495691299438
SB78976_component_2432a,324.640412,0.482478,3.9830000400543213,16.735294342041016,324.6405944824219,0.48221561312675476,3.439601421356201,1.1026644706726074,1.1579830646514893
SB78976_component_2437a,328.157571,-2.605877,3.5209999084472656,11.249200820922852,328.1573181152344,-2.605543375015259,3.3844153881073,0.9906574487686157,1.0403568744659424
SB78976_component_2439a,322.555945,2.561087,4.182000160217285,10.250000953674316,322.5565185546875,2.5607879161834717,2.853177547454834,1.3957139253616333,1.4657342433929443
SB78976_component_2440a,328.375038,0.67741,3.9230000972747803,16.144033432006836,328.37493896484375,0.6772714853286743,4.313198566436768,0.866084098815918,0.9095338582992554
SB78976_component_2442a,324.644075,2.269533,4.135000228881836,12.45482063293457,324.64385986328125,2.269745349884033,3.1443135738372803,1.2522494792938232,1.3150724172592163
SB78976_component_2450a,328.078205,-2.306478,4.329999923706055,12.478385925292969,328.0782470703125,-2.3063888549804688,3.4690237045288086,1.1885619163513184,1.2481898069381714
SB78976_component_2452a,327.230351,3.13639,4.065000057220459,12.098214149475098,327.2303771972656,3.135922908782959,4.851327896118164,0.7978864908218384,0.8379149436950684
SB78976_component_2454a,326.814488,-3.284339,4.010000228881836,12.689873695373535,326.8145446777344,-3.284479856491089,3.4833405017852783,1.096199631690979,1.1511938571929932
SB78976_component_2458a,328.209025,-1.438879,4.014999866485596,14.339284896850586,328.2089538574219,-1.4388009309768677,4.481563091278076,0.8530945777893066,0.8958927392959595
SB78976_component_2461a,323.76225,1.736849,4.201000213623047,15.003572463989258,323.7620849609375,1.7368313074111938,3.9717299938201904,1.0071964263916016,1.0577255487442017
SB78976_component_2463a,327.992199,3.059589,3.8239998817443848,10.925714492797852,327.9925231933594,3.059598684310913,3.5338406562805176,1.0304148197174072,1.082108736038208
SB78976_component_2464a,322.719406,0.867151,3.815999984741211,13.43661880493164,322.7195129394531,0.8674908876419067,4.283782482147217,0.8482465744018555,0.8908015489578247
SB78976_component_2468a,327.083003,2.497872,3.9860000610351562,16.608333587646484,327.08294677734375,2.498004674911499,3.594637870788574,1.055901288986206,1.1088738441467285
SB78976_component_2469a,325.171666,-2.770225,4.310999870300293,17.962499618530273,325.1716003417969,-2.7702231407165527,3.662903070449829,1.120711326599121,1.1769353151321411
SB78976_component_2471a,327.298143,-1.017057,4.294000148773193,19.78801918029785,327.2977294921875,-1.0169132947921753,3.6157066822052,1.130863070487976,1.187596321105957
SB78976_component_2473a,325.982731,0.057541,3.755000114440918,16.46929931640625,325.9828186035156,0.057545971125364304,3.160828113555908,1.1312282085418701,1.187979817390442
SB78976_component_2474a,325.204568,-0.424885,3.944999933242798,17.53333282470703,325.20428466796875,-0.4249841272830963,3.4225077629089355,1.0975990295410156,1.1526635885238647
SB78976_component_2479a,328.237399,0.900933,3.74399995803833,16.421052932739258,328.2376403808594,0.9009634852409363,3.1454906463623047,1.1334141492843628,1.1902753114700317
SB78976_component_2482a,327.822031,1.325184,3.936000108718872,18.47887420654297,327.8218688964844,1.324977993965149,3.675600528717041,1.0196895599365234,1.0708454847335815
SB78976_component_2488a,323.616714,0.932339,4.15500020980835,18.144105911254883,323.61688232421875,0.9322466850280762,4.319164752960205,0.9160358309745789,0.9619916081428528
SB78976_component_2491a,325.331896,-2.431838,3.6760001182556152,17.504762649536133,325.3319091796875,-2.4318530559539795,3.333911657333374,1.0499354600906372,1.1026086807250977
SB78976_component_2493a,328.594063,-0.631773,3.9709999561309814,16.076923370361328,328.5939636230469,-0.6316878795623779,3.1981985569000244,1.1823216676712036,1.2416365146636963
SB78976_component_2498a,324.320327,2.390016,3.9830000400543213,12.931818008422852,324.3202819824219,2.38972544670105,3.1449952125549316,1.2059561014175415,1.2664566040039062
SB78976_component_2500a,326.30457,-3.100236,4.120999813079834,15.434456825256348,326.3045654296875,-3.100191593170166,2.4074504375457764,1.6299954652786255,1.7117693424224854
SB78976_component_2508a,326.78218,-3.261052,4.09499979019165,14.023972511291504,326.7821044921875,-3.2608909606933594,3.647709846496582,1.0689928531646729,1.1226221323013306
SB78976_component_2512a,328.565074,-0.187351,3.9539999961853027,17.730941772460938,328.5650634765625,-0.18741069734096527,3.046238660812378,1.2359869480133057,1.2979941368103027
SB78976_component_2513a,325.733103,-2.185184,3.6630001068115234,17.955883026123047,325.7330627441406,-2.1849114894866943,1.7867692708969116,1.9521340131759644,2.0500688552856445
SB78976_component_2515a,325.186434,-2.96912,3.885999917984009,16.89565086364746,325.18658447265625,-2.969248056411743,3.275867462158203,1.1295816898345947,1.1862506866455078
SB78976_component_2517a,325.255989,-1.131515,3.7219998836517334,15.44398307800293,325.2557678222656,-1.1314971446990967,2.5197739601135254,1.4065524339675903,1.477116584777832
SB78976_component_2522a,324.42065,-2.48514,4.188000202178955,14.851064682006836,324.42047119140625,-2.4850144386291504,3.5210399627685547,1.1326009035110474,1.1894214153289795
SB78976_component_2528a,324.982156,-0.54217,3.493000030517578,16.476415634155273,324.98211669921875,-0.5422632098197937,2.665607452392578,1.2477959394454956,1.3103954792022705
SB78976_component_2529a,326.532333,-2.284252,3.7300000190734863,14.627450942993164,326.5322265625,-2.284409523010254,3.9694485664367676,0.8947873711585999,0.9396771192550659
SB78976_component_2530a,327.42801,-3.170287,3.4140000343322754,10.472393035888672,327.4282531738281,-3.1701183319091797,2.8952438831329346,1.1228443384170532,1.1791752576828003
SB78976_component_2531a,329.202031,0.686267,4.229000091552734,11.845938682556152,329.2020568847656,0.6864220499992371,2.8195762634277344,1.4282196760177612,1.499870777130127
SB78976_component_2533a,327.35068,0.460803,4.019999980926514,20.615385055541992,327.3505554199219,0.46085190773010254,4.01342248916626,0.9537890553474426,1.0016388893127441
SB78976_component_2536a,325.939573,0.847826,4.124000072479248,21.367876052856445,325.93914794921875,0.8479923605918884,3.431118965148926,1.1445218324661255,1.2019402980804443
SB78976_component_2537a,325.524158,0.718063,3.8970000743865967,16.582979202270508,325.52386474609375,0.7180027365684509,3.477301597595215,1.0671591758728027,1.1206965446472168
SB78976_component_2540a,323.755839,-0.615889,3.2769999504089355,12.319548606872559,323.755615234375,-0.6158161163330078,3.373185157775879,0.9250760078430176,0.9714853167533875
SB78976_component_2547a,328.77865,-1.337081,3.1579999923706055,10.154340744018555,328.77838134765625,-1.3369054794311523,3.031149387359619,0.9920782446861267,1.0418490171432495
SB78976_component_2549a,326.853292,0.500934,3.561000108718872,18.261539459228516,326.85345458984375,0.5011101365089417,2.538163423538208,1.3359603881835938,1.4029829502105713
SB78976_component_2552a,324.194346,-2.181924,3.6470000743865967,14.026924133300781,324.1941833496094,-2.1818249225616455,3.852968454360962,0.9013251662254333,0.9465429186820984
SB78976_component_2554a,325.88033,-2.023187,3.621999979019165,17.582523345947266,325.8804626464844,-2.0230486392974854,2.6301374435424805,1.311327576637268,1.3771142959594727
SB78976_component_2555a,327.348866,-2.325423,3.5220000743865967,14.923728942871094,327.3490905761719,-2.3253703117370605,3.803156614303589,0.8818328976631165,0.9260728359222412
SB78976_component_2560a,328.177081,-0.655087,3.884000062942505,16.8869571685791,328.1770324707031,-0.654988706111908,3.844825506210327,0.9619306921958923,1.0101889371871948
SB78976_component_2573a,328.652926,0.471066,4.064000129699707,15.875,328.6531982421875,0.47091057896614075,3.9658327102661133,0.9757992625236511,1.0247533321380615
SB78976_component_2574a,323.779353,1.384859,3.7869999408721924,10.697739601135254,323.779541015625,1.3849518299102783,3.706594705581665,0.9728846549987793,1.0216925144195557
SB78976_component_2577a,324.73046,-1.138274,3.7079999446868896,15.514644622802734,324.73065185546875,-1.138092041015625,3.3100154399871826,1.0667210817337036,1.1202363967895508
SB78976_component_2579a,323.483993,1.703735,3.7899999618530273,14.089219093322754,323.48406982421875,1.703642725944519,2.2758121490478516,1.585783839225769,1.6653395891189575
SB78976_component_2580a,327.702608,-0.930991,3.7639999389648438,15.683333396911621,327.7025451660156,-0.9310994744300842,3.677682399749756,0.9745779037475586,1.0234706401824951
SB78976_component_2588a,325.725274,-2.981383,3.7269999980926514,16.418502807617188,325.7253723144531,-2.981677770614624,3.7677576541900635,0.9419277906417847,0.9891825318336487
SB78976_component_2589a,325.736083,2.034987,3.0829999446868896,13.8873872756958,325.7361145019531,2.0349788665771484,2.9356322288513184,1.0000300407409668,1.0501996278762817
SB78976_component_2590a,328.414162,-2.521741,3.746000051498413,11.455657958984375,328.4139709472656,-2.521836757659912,3.0483129024505615,1.1701712608337402,1.2288764715194702
SB78976_component_2591a,323.913323,0.874938,3.5940001010894775,11.556270599365234,323.91339111328125,0.8746227025985718,3.5774624347686768,0.9566304087638855,1.0046226978302002
SB78976_component_2592a,328.305446,1.956316,3.5179998874664307,13.12686538696289,328.3053894042969,1.956076741218567,3.91166615486145,0.8563970923423767,0.8993609547615051
SB78976_component_2593a,326.487615,1.709232,3.515000104904175,16.425233840942383,326.4876708984375,1.7093274593353271,3.240783214569092,1.0328006744384766,1.0846143960952759
SB78976_component_2599a,328.547915,0.045652,3.809000015258789,16.347639083862305,328.5478515625,0.045563530176877975,3.103468179702759,1.168704867362976,1.2273365259170532
SB78976_component_2607a,326.283969,-0.394782,3.756999969482422,18.32682991027832,326.28411865234375,-0.39474374055862427,3.2880921363830566,1.0880237817764282,1.1426079273223877
SB78976_component_2610a,327.84079,1.047556,4.185999870300293,17.514644622802734,327.84100341796875,1.0476019382476807,2.918973922729492,1.3655580282211304,1.434065580368042
SB78976_component_2616a,328.791238,1.27399,3.424999952316284,12.5,328.7915344238281,1.2739404439926147,2.674947738647461,1.2192323207855225,1.2803988456726074
SB78976_component_2617a,326.274335,-0.811751,3.864000082015991,17.88888931274414,326.27410888671875,-0.8117340207099915,2.8281688690185547,1.3009870052337646,1.3662550449371338
SB78976_component_2622a,325.185127,-0.707537,3.1440000534057617,13.100000381469727,325.1850280761719,-0.7077484726905823,2.5593254566192627,1.1697639226913452,1.228448748588562
SB78976_component_2624a,326.69452,-1.220483,4.116000175476074,19.415096282958984,326.6946716308594,-1.220676302909851,3.25618314743042,1.203670859336853,1.26405668258667
SB78976_component_2629a,327.761307,0.521872,3.7330000400543213,19.962566375732422,327.76141357421875,0.521868109703064,2.7295467853546143,1.302292823791504,1.3676263093948364
SB78976_component_2630a,327.435122,0.96887,3.759999990463257,18.25242805480957,327.4353942871094,0.9690033793449402,4.89454460144043,0.7315040230751038,0.7682021856307983
SB78976_component_2634a,326.48608,-1.435945,3.7049999237060547,18.712120056152344,326.48614501953125,-1.4359591007232666,3.6432197093963623,0.9683759808540344,1.0169576406478882
SB78976_component_2645a,322.932204,-2.028912,3.859999895095825,11.840490341186523,322.93243408203125,-2.0290675163269043,3.793499231338501,0.9689212441444397,1.0175302028656006
SB78976_component_2646a,325.826033,-3.308917,3.049999952316284,10.971222877502441,325.82611083984375,-3.3088386058807373,3.1513729095458984,0.9215973019599915,0.9678321480751038
SB78976_component_2649a,322.662186,2.487313,4.002999782562256,10.3974027633667,322.66253662109375,2.4875128269195557,3.7841944694519043,1.0072871446609497,1.0578207969665527
SB78976_component_2653a,325.074913,1.864289,3.7360000610351562,16.10344886779785,325.0750732421875,1.8643218278884888,3.16392183303833,1.124403715133667,1.180812954902649
SB78976_component_2654a,326.61299,1.964878,3.9509999752044678,17.40528678894043,326.6126708984375,1.9651628732681274,3.0105948448181152,1.2496715784072876,1.312365174293518
SB78976_component_2658a,325.857475,1.737105,3.8529999256134033,17.278026580810547,325.85748291015625,1.737145185470581,2.5386013984680176,1.4452589750289917,1.5177648067474365
SB78976_component_2670a,324.408316,0.2211,3.815000057220459,14.182156562805176,324.4081726074219,0.220990389585495,2.730203628540039,1.3305790424346924,1.397331714630127
SB78976_component_2673a,328.655485,-1.066983,3.2780001163482666,12.323308944702148,328.6555480957031,-1.067133903503418,5.394534111022949,0.5786236524581909,0.6076521277427673
SB78976_component_2677a,325.415396,-0.094099,3.562000036239624,15.554585456848145,325.4153747558594,-0.09398607909679413,2.5687150955200195,1.320441484451294,1.3866854906082153
SB78976_component_2683a,323.800979,2.33079,3.7230000495910645,15.258196830749512,323.8008117675781,2.3305208683013916,3.298938274383545,1.0746326446533203,1.1285449266433716
SB78976_component_2684a,326.553936,0.85056,3.497999906539917,18.606382369995117,326.55364990234375,0.8504809737205505,2.3060712814331055,1.4444025754928589,1.5168654918670654
SB78976_component_2685a,328.438892,-1.906146,3.1730000972747803,11.795539855957031,328.4390563964844,-1.9063220024108887,2.5836167335510254,1.1694539785385132,1.228123426437378
SB78976_component_2687a,323.749914,0.75523,3.700000047683716,13.214285850524902,323.7497253417969,0.7550172209739685,3.232478618621826,1.0899516344070435,1.1446324586868286
SB78976_component_2689a,327.003418,0.649232,3.3310000896453857,16.49009895324707,327.0034484863281,0.6493955850601196,3.3673126697540283,0.941959798336029,0.989216148853302
SB78976_component_2690a,324.876621,-1.860391,3.6549999713897705,16.613636016845703,324.8763732910156,-1.8603049516677856,3.2062604427337646,1.085499882698059,1.139957308769226
SB78976_component_2693a,327.638502,-2.507147,3.7820000648498535,14.602316856384277,327.6387023925781,-2.5068864822387695,2.6898021697998047,1.3388822078704834,1.4060513973236084
SB78976_component_2701a,324.710291,-2.289588,3.2960000038146973,14.330434799194336,324.7103576660156,-2.2897653579711914,2.3739030361175537,1.3221032619476318,1.3884307146072388
SB78976_component_2703a,323.967193,-1.896384,3.0209999084472656,10.526131629943848,323.9671325683594,-1.8965167999267578,3.4590165615081787,0.8316474556922913,0.873369574546814
SB78976_component_2719a,325.948207,-1.024551,3.51200008392334,16.036529541015625,325.94842529296875,-1.0244557857513428,3.001472234725952,1.1141953468322754,1.1700924634933472
SB78976_component_2720a,325.684071,-2.957391,3.6059999465942383,16.39090919494629,325.6842956542969,-2.957296848297119,2.296746253967285,1.4950436353683472,1.57004714012146
SB78976_component_2725a,324.361124,-1.451771,3.114000082015991,11.619402885437012,324.3610534667969,-1.4518524408340454,2.66941499710083,1.1108200550079346,1.1665477752685547
SB78976_component_2728a,325.424153,2.916511,3.7300000190734863,10.566573143005371,325.4248046875,2.916473627090454,2.905247211456299,1.2225507497787476,1.283883810043335
SB78976_component_2736a,325.427925,1.062099,3.437000036239624,15.912036895751953,325.42767333984375,1.0619889497756958,3.5413167476654053,0.9241786599159241,0.9705429673194885
SB78976_component_2737a,326.428831,-2.512722,3.2660000324249268,14.32456111907959,326.42889404296875,-2.512523651123047,2.4291164875030518,1.2802919149398804,1.3445217609405518
SB78976_component_2738a,327.28237,1.924528,3.003999948501587,13.004328727722168,327.28216552734375,1.9248991012573242,3.075676679611206,0.9300373792648315,0.9766955971717834
SB78976_component_2742a,328.189974,2.26878,3.0810000896453857,12.679012298583984,328.1898193359375,2.2686872482299805,2.9541783332824707,0.9931073188781738,1.0429296493530273
SB78976_component_2743a,326.114657,-1.440497,3.0179998874664307,13.533631324768066,326.1149597167969,-1.440258502960205,2.715352773666382,1.0583617687225342,1.1114577054977417
SB78976_component_2748a,324.191422,-1.484046,3.6429998874664307,14.230467796325684,324.1911926269531,-1.4843264818191528,2.4244489669799805,1.4308276176452637,1.5026094913482666
SB78976_component_2749a,328.72787,1.132708,3.4000000953674316,11.68384838104248,328.72772216796875,1.1323826313018799,2.8582265377044678,1.13272225856781,1.1895488500595093
SB78976_component_2750a,325.80713,1.07461,3.311000108718872,13.970464706420898,325.8070373535156,1.0750080347061157,3.272005796432495,0.9635766744613647,1.0119175910949707
SB78976_component_2751a,327.535787,-2.263393,3.4549999237060547,14.516805648803711,327.53594970703125,-2.2633490562438965,2.4895689487457275,1.3214935064315796,1.3877904415130615
SB78976_component_2754a,325.360277,-1.627152,3.4609999656677246,14.06910514831543,325.3603515625,-1.6272236108779907,2.7410569190979004,1.202332854270935,1.2626515626907349
SB78976_component_2755a,327.117254,-2.276939,3.7330000400543213,14.193916320800781,327.1171875,-2.2770330905914307,2.923672676086426,1.2158231735229492,1.2768187522888184
SB78976_component_2758a,323.501756,1.337298,3.0769999027252197,10.647058486938477,323.5016784667969,1.3371511697769165,3.22037410736084,0.9098343849182129,0.9554790258407593
SB78976_component_2760a,324.006571,2.495198,3.2200000286102295,11.582734107971191,324.0065612792969,2.4950828552246094,2.981070041656494,1.0285487174987793,1.0801490545272827
SB78976_component_2761a,327.411879,-0.565208,3.2019999027252197,14.962615966796875,327.41192626953125,-0.5654374957084656,2.7293152809143066,1.1171430349349976,1.1731879711151123
SB78976_component_2763a,323.66996,-1.461035,3.61899995803833,10.770833015441895,323.66986083984375,-1.461132526397705,4.331014633178711,0.7956830263137817,0.8356009721755981
SB78976_component_2771a,326.196434,0.549228,3.313999891281128,15.780952453613281,326.1963806152344,0.5491635799407959,2.9172756671905518,1.0817233324050903,1.1359913349151611
SB78976_component_2781a,323.742889,1.945553,3.510999917984009,13.10074520111084,323.7428283691406,1.9456617832183838,2.8374435901641846,1.178269863128662,1.2373813390731812
SB78976_component_2787a,327.518037,-2.740514,2.9539999961853027,10.221452713012695,327.5179138183594,-2.7405805587768555,3.2024543285369873,0.8783522248268127,0.9224175214767456
SB78976_component_2798a,324.097433,-2.318225,3.3340001106262207,12.257352828979492,324.0975646972656,-2.3182013034820557,3.197129011154175,0.9929940104484558,1.0428106784820557
SB78976_component_2799a,325.218441,-2.207184,3.0480000972747803,13.98165225982666,325.2183532714844,-2.2070791721343994,2.318779945373535,1.2516895532608032,1.3144843578338623
SB78976_component_2803a,327.653207,2.368915,3.299999952316284,14.864864349365234,327.6529235839844,2.368891954421997,3.1966593265533447,0.9830118417739868,1.032327651977539
SB78976_component_2813a,325.79751,-2.147734,3.4730000495910645,17.452260971069336,325.7973327636719,-2.14760160446167,2.482642650604248,1.33208429813385,1.3989125490188599
SB78976_component_2817a,324.564083,0.770901,3.5339999198913574,13.858823776245117,324.5641784667969,0.7707791328430176,3.2376956939697266,1.0393736362457275,1.0915169715881348
SB78976_component_2823a,324.042715,-2.34545,3.2049999237060547,12.871485710144043,324.042724609375,-2.345458507537842,2.1224873065948486,1.4378846883773804,1.5100207328796387
SB78976_component_2824a,326.514676,-1.928565,3.11899995803833,14.574766159057617,326.5148010253906,-1.92836332321167,2.7694244384765625,1.0724252462387085,1.126226782798767
SB78976_component_2826a,325.598882,1.763802,3.0999999046325684,12.809917449951172,325.5989990234375,1.7638636827468872,3.259186029434204,0.9057194590568542,0.9511576890945435
SB78976_component_2828a,325.237954,-2.71603,3.438999891281128,14.449579238891602,325.2376403808594,-2.716214179992676,2.84137225151062,1.1525112390518188,1.210330605506897
SB78976_component_2829a,325.441716,0.624703,3.36899995803833,15.891509056091309,325.4418640136719,0.6250651478767395,2.8681585788726807,1.118507742881775,1.1746212244033813
SB78976_component_2831a,322.532694,0.414621,3.615999937057495,10.666666984558105,322.5324401855469,0.41418418288230896,3.7585012912750244,0.9161252975463867,0.9620856046676636
SB78976_component_2835a,326.438856,-2.207724,3.11899995803833,12.32806396484375,326.4388122558594,-2.20772385597229,1.9275954961776733,1.540779948234558,1.6180779933929443
SB78976_component_2836a,325.051842,-3.296168,3.2839999198913574,10.593547821044922,325.05145263671875,-3.296088218688965,2.2209370136260986,1.408017635345459,1.4786550998687744
SB78976_component_2839a,328.06822,1.962963,3.5250000953674316,13.557693481445312,328.06817626953125,1.962810754776001,3.0881147384643555,1.08694326877594,1.1414731740951538
SB78976_component_2840a,326.84837,2.687685,2.9159998893737793,11.805667877197266,326.84832763671875,2.687514305114746,2.581521987915039,1.075605034828186,1.1295661926269531
SB78976_component_2841a,323.137856,1.012539,3.128000020980835,12.767346382141113,323.13775634765625,1.0124260187149048,2.2157013416290283,1.344301462173462,1.4117425680160522
SB78976_component_2848a,325.304165,1.225072,2.9110000133514404,11.690763473510742,325.3040466308594,1.2252049446105957,2.9121298789978027,0.9518590569496155,0.999612033367157
SB78976_component_2849a,327.005606,0.81904,3.111999988555908,15.254901885986328,327.005859375,0.819078803062439,2.4538893699645996,1.2076075077056885,1.268190860748291
SB78976_component_2851a,323.76937,2.087694,3.4609999656677246,14.126530647277832,323.76910400390625,2.088205337524414,2.6963908672332764,1.2222496271133423,1.2835675477981567
SB78976_component_2856a,324.717635,-0.224672,3.3940000534057617,16.801979064941406,324.71759033203125,-0.2244839370250702,2.5611045360565186,1.2619022130966187,1.3252094984054565
SB78976_component_2857a,328.389827,-0.966166,3.2130000591278076,13.672340393066406,328.38946533203125,-0.9662113785743713,3.035550594329834,1.0078929662704468,1.0584571361541748
SB78976_component_2862a,324.855304,-0.919995,3.0350000858306885,14.521531105041504,324.8551330566406,-0.9200782179832458,2.928256034851074,0.9869401454925537,1.036453127861023
SB78976_component_2871a,325.699238,0.032191,3.0250000953674316,13.267544746398926,325.6993408203125,0.03244983032345772,3.08324933052063,0.934238851070404,0.9811078310012817
SB78976_component_2875a,326.322403,-2.45117,2.8559999465942383,12.205127716064453,326.322265625,-2.4512176513671875,2.9106850624084473,0.9343383312225342,0.9812122583389282
SB78976_component_2879a,325.617862,-0.168987,3.180000066757202,15.071090698242188,325.6180725097656,-0.16915962100028992,2.7575061321258545,1.0981251001358032,1.153216004371643
SB78976_component_2880a,328.671687,0.61487,3.0789999961853027,12.12204647064209,328.6720886230469,0.6146532893180847,2.51070237159729,1.167765498161316,1.2263500690460205
SB78976_component_2881a,323.418355,2.544524,3.316999912261963,12.150182723999023,323.4185485839844,2.544421911239624,2.1836864948272705,1.4464263916015625,1.5189908742904663
SB78976_component_2886a,327.273304,2.492916,3.2060000896453857,13.139344215393066,327.2730407714844,2.492741107940674,2.842395544052124,1.074039340019226,1.1279218196868896
SB78976_component_2895a,323.545443,2.076726,3.2920000553131104,13.168000221252441,323.54534912109375,2.0767135620117188,2.7676572799682617,1.1326316595077515,1.1894536018371582
SB78976_component_2899a,327.396391,1.467232,3.5390000343322754,15.941441535949707,327.39642333984375,1.4672579765319824,3.9629390239715576,0.8503629565238953,0.8930240869522095
SB78976_component_2901a,326.149571,-0.035125,3.4119999408721924,14.33613395690918,326.1497802734375,-0.03526832535862923,2.425078868865967,1.3397517204284668,1.4069645404815674
SB78976_component_2902a,326.958976,1.720603,2.9709999561309814,14.215310096740723,326.9591369628906,1.7206071615219116,3.208681583404541,0.8816925883293152,0.9259254336357117
SB78976_component_2904a,326.557562,-1.571202,3.23799991607666,14.718181610107422,326.55755615234375,-1.5714671611785889,2.9450948238372803,1.046932578086853,1.0994552373886108
SB78976_component_2908a,324.741632,-0.533799,3.3310000896453857,14.357759475708008,324.74151611328125,-0.5338985323905945,2.632761001586914,1.2047706842422485,1.2652117013931274
SB78976_component_2909a,327.678448,-2.409789,3.1589999198913574,11.571428298950195,327.6783752441406,-2.409756660461426,2.2396414279937744,1.3431122303009033,1.4104936122894287
SB78976_component_2918a,324.929277,0.527086,3.0230000019073486,12.918803215026855,324.9292297363281,0.5270490050315857,2.5396289825439453,1.133467435836792,1.1903313398361206
SB78976_component_2919a,323.250494,0.229199,2.9660000801086426,13.066080093383789,323.2506408691406,0.22888602316379547,2.5449016094207764,1.1097913980484009,1.1654675006866455
SB78976_component_2939a,323.466022,-0.98921,3.1019999980926514,10.515254974365234,323.4659729003906,-0.989211916923523,3.2898142337799072,0.8978661298751831,0.942910373210907
SB78976_component_2942a,326.072644,-2.91566,3.1530001163482666,14.266968727111816,326.0726623535156,-2.915848970413208,3.018505096435547,0.9946567416191101,1.0445568561553955
SB78976_component_2946a,327.994355,-1.065873,2.940999984741211,12.568376541137695,327.99432373046875,-1.0660886764526367,2.4447109699249268,1.1455358266830444,1.2030051946640015
SB78976_component_2954a,322.884405,1.899088,3.2679998874664307,12.285714149475098,322.8846130371094,1.8987473249435425,2.7671730518341064,1.1245709657669067,1.1809886693954468
SB78976_component_2956a,326.10408,-1.216421,2.6549999713897705,11.593886375427246,326.10418701171875,-1.216411828994751,2.7617623805999756,0.9154178500175476,0.9613426327705383
SB78976_component_2958a,327.999546,-0.403103,2.882999897003174,13.4093017578125,327.9996337890625,-0.40310972929000854,2.309826135635376,1.188520073890686,1.2481458187103271
SB78976_component_2962a,326.496523,-0.892873,3.0759999752044678,14.859903335571289,326.496337890625,-0.8929669260978699,2.963059902191162,0.9885236620903015,1.0381159782409668
SB78976_component_2969a,327.096761,0.040692,2.941999912261963,14.783919334411621,327.09686279296875,0.04055869206786156,1.9494894742965698,1.4370203018188477,1.5091129541397095
SB78976_component_2972a,325.531643,-1.235583,2.822000026702881,10.93798542022705,325.5316467285156,-1.2351272106170654,2.6887948513031006,0.9994027018547058,1.0495408773422241
SB78976_component_2974a,324.309577,-2.305403,3.2139999866485596,12.17424201965332,324.30914306640625,-2.3053500652313232,2.539487361907959,1.2051496505737305,1.2656097412109375
SB78976_component_2978a,327.738788,-1.49429,2.875,11.78278636932373,327.7388000488281,-1.493955135345459,1.9677472114562988,1.39126455783844,1.4610615968704224
SB78976_component_2979a,325.420575,-0.477708,2.490999937057495,11.918659210205078,325.4209289550781,-0.47754141688346863,1.5003883838653564,1.5809247493743896,1.6602367162704468
SB78976_component_2980a,325.729631,1.207488,3.013000011444092,12.876068115234375,325.7296447753906,1.207509160041809,2.676818370819092,1.0718188285827637,1.1255899667739868
SB78976_component_2981a,325.676647,-0.140264,2.562000036239624,11.86111068725586,325.6764221191406,-0.1403087079524994,1.7678238153457642,1.3800071477890015,1.4492394924163818
SB78976_component_2985a,324.448495,-0.617086,2.7039999961853027,11.313807487487793,324.44873046875,-0.6168047785758972,2.542902708053589,1.0125538110733032,1.0633517503738403
SB78976_component_2988a,327.958249,-2.692016,3.1610000133514404,10.19677448272705,327.9582824707031,-2.691558361053467,2.1027991771698,1.4314225912094116,1.5032343864440918
SB78976_component_2991a,325.38384,0.742189,3.1429998874664307,14.1576566696167,325.38385009765625,0.7421245574951172,2.844797134399414,1.0520448684692383,1.1048239469528198
SB78976_component_2993a,327.593344,1.971035,2.7780001163482666,12.570136070251465,327.59326171875,1.971222996711731,2.523682117462158,1.048187017440796,1.1007726192474365
SB78976_component_3002a,328.320462,1.015098,2.953000068664551,13.06637191772461,328.3205871582031,1.0153400897979736,2.8288276195526123,0.9940268993377686,1.0438953638076782
SB78976_component_3004a,326.081116,2.621068,3.058000087738037,11.671756744384766,326.0809326171875,2.620788812637329,3.202890634536743,0.9091521501541138,0.9547625780105591
SB78976_component_3012a,324.679483,-1.357952,2.9119999408721924,12.497854232788086,324.679443359375,-1.357761263847351,2.8547189235687256,0.9713352918624878,1.020065426826477
SB78976_component_3013a,323.79608,-2.083624,3.062000036239624,10.139073371887207,323.7959899902344,-2.083706855773926,2.173064708709717,1.3417564630508423,1.4090698957443237
SB78976_component_3030a,324.582861,-1.65715,3.1700000762939453,13.489361763000488,324.5826416015625,-1.6573214530944824,2.7148053646087646,1.1118898391723633,1.1676712036132812
SB78976_component_3034a,327.495314,3.036454,3.1429998874664307,10.618242263793945,327.4955749511719,3.03648042678833,2.753932476043701,1.0867565870285034,1.1412770748138428
SB78976_component_3036a,325.758459,2.517847,2.750999927520752,11.003999710083008,325.7585754394531,2.5179779529571533,2.192356824874878,1.1948696374893188,1.2548139095306396
SB78976_component_3041a,327.52994,1.501721,3.063999891281128,14.251161575317383,327.5298156738281,1.501572608947754,2.5687482357025146,1.135817050933838,1.1927988529205322
SB78976_component_3044a,323.219658,-0.599504,2.8359999656677246,11.481781959533691,323.2196044921875,-0.5999903082847595,2.8695919513702393,0.9410814642906189,0.9882938265800476
SB78976_component_3050a,323.312871,2.474658,2.9560000896453857,11.413127899169922,323.3129577636719,2.4744820594787598,3.030526876449585,0.928811252117157,0.9754079580307007
SB78976_component_3058a,328.450542,0.151229,2.999000072479248,13.50900936126709,328.4505920410156,0.1510424166917801,1.4971157312393188,1.9074900150299072,2.003185272216797
SB78976_component_3060a,326.577344,-3.02765,2.6640000343322754,10.785425186157227,326.577392578125,-3.0275120735168457,2.2849514484405518,1.110192894935608,1.1658891439437866
SB78976_component_3063a,326.200311,-0.772408,2.6589999198913574,13.848958015441895,326.200439453125,-0.7723406553268433,2.045874834060669,1.237600326538086,1.299688458442688
SB78976_component_3064a,325.233501,-0.405577,2.994999885559082,13.995326042175293,325.23321533203125,-0.4059188961982727,2.6949806213378906,1.0582355260849,1.1113251447677612
SB78976_component_3065a,328.049609,-1.656698,2.8389999866485596,11.265872955322266,328.04962158203125,-1.6565964221954346,2.7270710468292236,0.9913114309310913,1.0410436391830444
SB78976_component_3072a,323.034716,1.496786,3.0940001010894775,12.785124778747559,323.0347900390625,1.4964853525161743,2.265761375427246,1.3003113269805908,1.365545392036438
SB78976_component_3073a,323.148956,0.786042,2.7709999084472656,12.315555572509766,323.1488342285156,0.7862510085105896,3.2242748737335205,0.818362295627594,0.8594180345535278
SB78976_component_3082a,326.119722,0.244201,2.7190001010894775,11.472574234008789,326.1197814941406,0.24416783452033997,2.7404556274414062,0.9447733163833618,0.9921708106994629
SB78976_component_3086a,325.470117,-1.536133,2.561000108718872,10.94444465637207,325.4700927734375,-1.5359679460525513,1.9984785318374634,1.2202569246292114,1.2814749479293823
SB78976_component_3092a,326.773119,0.471634,2.7890000343322754,13.473429679870605,326.7731018066406,0.4717346131801605,2.1337974071502686,1.2446192502975464,1.307059407234192
SB78976_component_3102a,324.225739,2.466291,2.8380000591278076,11.17322826385498,324.2255554199219,2.466517448425293,2.268817901611328,1.1911157369613647,1.2508716583251953
SB78976_component_3106a,327.600784,1.116181,3.061000108718872,13.366812705993652,327.60052490234375,1.116390585899353,2.887056827545166,1.0095995664596558,1.0602493286132812
SB78976_component_3109a,328.330571,-1.881782,2.6730000972747803,10.734940528869629,328.3310241699219,-1.8821409940719604,2.2289717197418213,1.141919732093811,1.1992076635360718
SB78976_component_3110a,327.341538,1.390752,2.6559998989105225,12.239631652832031,327.34161376953125,1.3905349969863892,2.8116707801818848,0.8995074033737183,0.9446340203285217
SB78976_component_3115a,328.135377,-0.74591,2.752000093460083,11.661017417907715,328.1357421875,-0.7457411289215088,2.2643420696258545,1.157304286956787,1.2153640985488892
SB78976_component_3122a,328.530226,-1.694818,2.859999895095825,10.792452812194824,328.530029296875,-1.6950303316116333,2.25955867767334,1.2052677869796753,1.2657338380813599
SB78976_component_3123a,325.767028,-2.041242,2.75600004196167,12.818604469299316,325.7670593261719,-2.041232109069824,2.800504446029663,0.937096118927002,0.9841084480285645
SB78976_component_3129a,328.378102,1.986284,2.63700008392334,10.260701179504395,328.37823486328125,1.9861347675323486,2.3220996856689453,1.0813603401184082,1.1356102228164673
SB78976_component_3131a,325.216714,-1.670275,2.430000066757202,10.51948070526123,325.2170104980469,-1.6701194047927856,2.7646007537841797,0.8369799256324768,0.8789696097373962
SB78976_component_3132a,326.452761,1.240446,2.8480000495910645,14.833333015441895,326.45257568359375,1.2407222986221313,2.068286180496216,1.3112049102783203,1.3769854307174683
SB78976_component_3150a,327.836584,-1.29041,2.565999984741211,10.430893898010254,327.8365173339844,-1.2904722690582275,2.1029763221740723,1.1618857383728027,1.2201753854751587
SB78976_component_3151a,326.277784,-2.068835,2.7869999408721924,12.668181419372559,326.27752685546875,-2.068646192550659,2.9725215435028076,0.8927978277206421,0.9375877976417542
SB78976_component_3153a,324.994589,-0.802894,2.7750000953674316,12.171052932739258,324.9948425292969,-0.8026807308197021,2.379316806793213,1.1105852127075195,1.1663012504577637
SB78976_component_3166a,325.855071,1.110862,2.555000066757202,12.28365421295166,325.8551330566406,1.1107637882232666,3.2987775802612305,0.737528920173645,0.7745293378829956
SB78976_component_3171a,324.88439,0.596445,2.742000102996826,11.973799705505371,324.8841552734375,0.5967176556587219,2.7393319606781006,0.9531559944152832,1.0009740591049194
SB78976_component_3172a,325.441842,-3.000999,2.8489999771118164,11.676229476928711,325.4418029785156,-3.000910758972168,2.0008838176727295,1.3558502197265625,1.4238708019256592
SB78976_component_3182a,326.635955,-1.262438,2.6619999408721924,13.049019813537598,326.6357421875,-1.2623610496520996,2.036741018295288,1.2445529699325562,1.3069899082183838
SB78976_component_3183a,328.462018,-0.899887,2.9049999713897705,12.630434036254883,328.4620361328125,-0.9000439643859863,2.3011655807495117,1.2020968198776245,1.2624037265777588
SB78976_component_3184a,325.259072,0.618333,2.6050000190734863,12.004609107971191,325.2588806152344,0.6182892918586731,2.691164493560791,0.9217404723167419,0.9679824709892273
SB78976_component_3189a,325.525959,-0.237489,2.2720000743865967,10.142857551574707,325.525390625,-0.23742637038230896,2.157968282699585,1.0025464296340942,1.0528422594070435
SB78976_component_3191a,325.004047,-1.676924,2.809000015258789,13.187793731689453,325.0040588378906,-1.6767773628234863,2.006608009338379,1.333000659942627,1.3998748064041138
SB78976_component_3202a,325.129297,1.006385,2.76200008392334,13.47317123413086,325.1291809082031,1.0063109397888184,2.273707866668701,1.156725287437439,1.214755892753601
SB78976_component_3211a,324.79151,-0.85834,2.627000093460083,11.940909385681152,324.7917175292969,-0.8583837151527405,1.833125352859497,1.3646117448806763,1.4330717325210571
SB78976_component_3221a,327.678848,0.772928,2.8329999446868896,13.955665588378906,327.6790771484375,0.7727434635162354,2.5127134323120117,1.0736056566238403,1.1274664402008057
SB78976_component_3222a,324.735566,-2.087529,2.6519999504089355,10.958677291870117,324.73565673828125,-2.087388277053833,2.638542652130127,0.957085132598877,1.0051002502441406
SB78976_component_3234a,326.016525,1.85046,2.742000102996826,12.186667442321777,326.0165710449219,1.8507293462753296,2.4551615715026855,1.0634781122207642,1.116830825805664
SB78976_component_3236a,326.736256,2.096055,2.505000114440918,11.816038131713867,326.7364196777344,2.0959692001342773,2.0491647720336914,1.1640510559082031,1.2224493026733398
SB78976_component_3239a,323.397862,0.849253,2.2070000171661377,10.459715843200684,323.3975830078125,0.8496171236038208,1.859161138534546,1.130385160446167,1.1870945692062378
SB78976_component_3241a,328.025762,-0.386854,2.806999921798706,13.759803771972656,328.0256042480469,-0.3870023190975189,2.3206167221069336,1.1518081426620483,1.2095922231674194
SB78976_component_3253a,327.159588,-1.114477,2.7909998893737793,12.921295166015625,327.1595764160156,-1.1146396398544312,2.8014254570007324,0.9486847519874573,0.9962784647941589
SB78976_component_3255a,324.587242,-1.747838,2.6389999389648438,10.555999755859375,324.58709716796875,-1.7477045059204102,1.7819281816482544,1.410231351852417,1.4809799194335938
SB78976_component_3261a,325.457755,1.31674,2.6679999828338623,12.70476245880127,325.4574279785156,1.3165550231933594,2.2052135467529297,1.152063250541687,1.20986008644104
SB78976_component_3266a,327.682565,1.902592,2.5899999141693115,12.274881362915039,327.68316650390625,1.902888536453247,2.3342697620391846,1.0565495491027832,1.109554648399353
SB78976_component_3269a,325.878194,-0.327815,2.618000030517578,12.407583236694336,325.8780822753906,-0.3278662860393524,2.264721632003784,1.1007684469223022,1.155992031097412
SB78976_component_3271a,327.371096,2.615411,2.490000009536743,10.28925609588623,327.37158203125,2.6150951385498047,3.0093748569488525,0.7878875136375427,0.8274143934249878
SB78976_component_3276a,325.82046,0.358276,2.4830000400543213,11.767772674560547,325.8203125,0.3579424321651459,1.9293339252471924,1.225492000579834,1.2869726419448853
SB78976_component_3280a,324.685427,-0.661811,2.6659998893737793,12.285714149475098,324.68499755859375,-0.661884605884552,2.1192760467529297,1.1978812217712402,1.2579766511917114
SB78976_component_3287a,328.062537,-0.541746,2.2760000228881836,10.838095664978027,328.0625915527344,-0.5420829057693481,1.9599685668945312,1.1057687997817993,1.1612430810928345
SB78976_component_3289a,324.441757,-1.01731,2.436000108718872,10.778761863708496,324.44207763671875,-1.0170966386795044,2.4518938064575195,0.9460559487342834,0.9935178160667419
SB78976_component_3290a,324.864191,1.834241,2.500999927520752,10.597456932067871,324.86383056640625,1.8343008756637573,2.3644351959228516,1.0072271823883057,1.05775785446167
SB78976_component_3295a,325.763024,0.443057,2.565000057220459,11.25,325.76300048828125,0.44312676787376404,3.129457473754883,0.7804758548736572,0.8196309208869934
SB78976_component_3302a,327.615185,0.832526,2.4600000381469727,13.015873908996582,327.615234375,0.8322685956954956,1.9718581438064575,1.187956690788269,1.2475543022155762
SB78976_component_3317a,325.768318,1.931109,2.493000030517578,11.759434700012207,325.7685852050781,1.9306976795196533,2.7029037475585938,0.8782797455787659,0.9223414063453674
SB78976_component_3323a,325.030381,2.485953,2.3959999084472656,10.10970401763916,325.030517578125,2.4857943058013916,2.956094264984131,0.7718087434768677,0.8105289340019226
SB78976_component_3327a,326.569948,2.471101,2.7950000762939453,12.477678298950195,326.5700378417969,2.4710967540740967,2.027592658996582,1.3126298189163208,1.3784821033477783
SB78976_component_3332a,326.211284,-2.217395,2.505000114440918,12.97927474975586,326.2111511230469,-2.217479705810547,2.792048215866089,0.8543306589126587,0.8971908688545227
SB78976_component_3358a,324.767013,-0.248781,2.7269999980926514,12.802817344665527,324.766845703125,-0.24868056178092957,1.920572280883789,1.3520591259002686,1.4198893308639526
SB78976_component_3359a,327.568424,1.100136,2.4079999923706055,10.160337448120117,327.56842041015625,1.1000901460647583,3.1583244800567627,0.7260071635246277,0.7624295949935913
SB78976_component_3361a,324.965372,-2.225908,2.249000072479248,10.040178298950195,324.9659118652344,-2.2256107330322266,2.0489869117736816,1.0451807975769043,1.0976155996322632
SB78976_component_3373a,326.468645,-0.631921,2.322000026702881,11.163461685180664,326.468505859375,-0.631952166557312,1.9729719161987305,1.1206822395324707,1.1769047975540161
SB78976_component_3375a,324.949147,0.227006,2.5209999084472656,12.12019157409668,324.94903564453125,0.22669892013072968,2.5199472904205322,0.9526262879371643,1.000417709350586
SB78976_component_3377a,325.826224,-3.09583,2.753999948501587,10.55172348022461,325.8261413574219,-3.0959575176239014,2.3731749057769775,1.105033278465271,1.160470724105835
SB78976_component_3386a,323.29196,2.383866,2.618000030517578,10.147287368774414,323.2921447753906,2.384124517440796,2.0680899620056152,1.2054283618927002,1.2659024000167847
SB78976_component_3400a,328.589845,0.166508,2.509999990463257,10.080321311950684,328.5902099609375,0.16646121442317963,1.7320863008499146,1.3798928260803223,1.4491194486618042
SB78976_component_3438a,325.489528,-2.521387,2.4719998836517334,11.827750205993652,325.48968505859375,-2.5215566158294678,2.275651454925537,1.0343890190124512,1.0862822532653809
SB78976_component_3444a,327.263279,-0.174131,2.247999906539917,11.708333015441895,327.26336669921875,-0.17431087791919708,2.614976167678833,0.8185961842536926,0.8596636056900024
SB78976_component_3467a,325.868627,2.191826,2.503999948501587,10.476987838745117,325.86895751953125,2.1920974254608154,1.8025736808776855,1.322764277458191,1.389124870300293
SB78976_component_3477a,327.914688,1.186581,2.2019999027252197,10.194443702697754,327.9148254394531,1.186626672744751,1.8393504619598389,1.139971375465393,1.1971616744995117
SB78976_component_3489a,326.330649,0.980349,2.306999921798706,11.09134578704834,326.3306579589844,0.9803110957145691,2.1177141666412354,1.0373406410217285,1.0893820524215698
SB78976_component_3496a,326.667911,-2.302952,2.437000036239624,11.387850761413574,326.66851806640625,-2.3030741214752197,2.3009939193725586,1.0085123777389526,1.0591075420379639
SB78976_component_3513a,326.449575,-1.209952,2.063999891281128,10.806282043457031,326.44952392578125,-1.2100368738174438,1.9381729364395142,1.0140475034713745,1.064920425415039
SB78976_component_3529a,326.043937,-2.120837,2.1610000133514404,10.805000305175781,326.0438537597656,-2.120819091796875,2.3760476112365723,0.8660456538200378,0.9094935655593872
SB78976_component_3549a,323.684954,0.304251,2.4000000953674316,10.126582145690918,323.6847229003906,0.30429592728614807,2.470691680908203,0.9249832630157471,0.9713879227638245
SB78976_component_3562a,325.232507,-1.5494,2.3399999141693115,11.142857551574707,325.2322692871094,-1.5496838092803955,1.791370153427124,1.2438604831695557,1.3062626123428345
SB78976_component_3566a,326.123741,-0.429461,2.062999963760376,10.063414573669434,326.1235046386719,-0.4296043813228607,1.6321111917495728,1.2036234140396118,1.2640069723129272
SB78976_component_3589a,326.294366,-1.155764,2.239000082015991,10.131221771240234,326.294677734375,-1.1557354927062988,2.3364925384521484,0.9124957919120789,0.9582740068435669
SB78976_component_3595a,327.016614,1.871133,2.2019999027252197,10.100916862487793,327.0166015625,1.8712950944900513,1.9679253101348877,1.0654910802841187,1.1189448833465576
SB78976_component_3598a,326.203872,-2.808156,2.1760001182556152,10.027650833129883,326.2041320800781,-2.8080368041992188,2.2666690349578857,0.9141384959220886,0.9599990248680115
SB78976_component_3605a,326.813709,0.724143,2.3559999465942383,11.839195251464844,326.81402587890625,0.7241460084915161,2.505197286605835,0.89551842212677,0.9404448866844177
SB78976_component_3612a,327.894529,-0.489282,2.365000009536743,11.536585807800293,327.89459228515625,-0.4892106354236603,1.8491383790969849,1.2178754806518555,1.2789740562438965
SB78976_component_3708a,326.613934,0.797998,2.065999984741211,11.289617538452148,326.61407470703125,0.7982242703437805,1.7779215574264526,1.1065189838409424,1.1620310544967651
SB78976_component_3974a,325.640394,0.476128,2.078000068664551,10.994709968566895,325.6402893066406,0.4756241738796234,1.6531866788864136,1.1969192028045654,1.2569663524627686
SB78976_component_4013a,327.159763,0.030573,2.0369999408721924,10.554403305053711,327.1598205566406,0.030413081869482994,1.4638396501541138,1.325069546699524,1.3915457725524902
