Component_ID,RA,DEC,ASKAP_flux,ASKAP_flux_SNR,RA_comp,DEC_comp,Comp_flux,Flux_Ratio_AlphaCorr,Flux_Ratio_NOAlphaCorr
SB82808_component_8a,58.526365,1.454809,738.3389892578125,2079.828125,58.526404550001175,1.454798422707242,361.0107518256911,1.2559946908354969,2.0451994449581075
SB82808_component_12a,60.276118,3.015841,582.8460083007812,1133.941650390625,60.276110160816316,3.0158289896417183,265.33350522113693,1.3490059635294542,2.1966543871457915
SB82808_component_15a,57.813996,-3.021606,457.4679870605469,1246.5067138671875,57.81391994899906,-3.0215917240402588,314.2713087988199,0.8939394666243229,1.455646679326346
SB82808_component_21a,55.003793,-0.282918,396.22900390625,314.9674072265625,55.0038943779336,-0.28290027105958354,209.03964326000587,1.1640449324342377,1.8954730199831804
SB82808_component_23a,62.638025,3.229831,379.1610107421875,235.2115478515625,62.637892567565466,3.2296291004064637,242.20801258666248,0.9613627790718062,1.565435456461305
SB82808_component_25a,57.8199,1.328238,326.9129943847656,1057.970947265625,57.81991608560366,1.328244930559797,201.81146660635673,0.9948061981661943,1.6198930609945252
SB82808_component_27a,61.517201,-0.510194,312.1510009765625,1051.0135498046875,61.51710837143349,-0.5102204059226145,158.6492493047118,1.2083113303777344,1.967554226348878
SB82808_component_29a,60.788963,2.191831,324.0509948730469,939.2782592773438,60.78895128697466,2.1918153755772,143.69736180452747,1.3848945357731153,2.255093557763821
SB82808_component_36a,61.919846,-3.835718,264.3869934082031,167.75823974609375,61.91972731237895,-3.8354098303239255,171.26451773693827,0.9480359963760646,1.5437347846580847
SB82808_component_45a,59.231667,-0.897953,220.98699951171875,909.4114990234375,59.23158927339203,-0.8977945861974317,97.7810256853402,1.3879194890388558,2.2600192415945397
SB82808_component_50a,58.192816,2.643221,192.26300048828125,684.2100219726562,58.19267727798943,2.6430698436851343,88.31105752313117,1.3370041880688117,2.1771112913909123
SB82808_component_56a,55.163163,0.092645,187.36199951171875,272.3284912109375,55.16317626870242,0.09266106749065889,119.57749186871027,0.9622417805657898,1.5668667788870523
SB82808_component_57a,62.958359,-0.885445,185.3730010986328,143.58868408203125,62.95811013189372,-0.8854711626869839,142.3536640761771,0.7997052891420822,1.302200419649437
SB82808_component_59a,57.427471,0.277614,166.70899963378906,633.87451171875,57.42744252255311,0.27761522243077325,93.93211320703237,1.0899261940101475,1.774781743346408
SB82808_component_63a,56.143794,2.225724,160.8509979248047,568.3781127929688,56.143805023699414,2.225735162680636,81.62248737466994,1.2102248651615752,1.970670131460878
SB82808_component_65a,58.819099,0.514872,155.47000122070312,647.7916870117188,58.81900188887826,0.5149511030018146,100.25637836986904,0.952328380824508,1.5507242905497565
SB82808_component_67a,58.030527,-3.782009,165.63999938964844,208.35220336914062,58.030469982179426,-3.7819220545991423,86.95985646556962,1.169764785915803,1.9047869456319881
SB82808_component_71a,62.403733,-2.15238,167.31399536132812,331.3148498535156,62.40337881128045,-2.1523615015881434,57.55529338156612,1.7852503851166768,2.907013161276242
SB82808_component_79a,58.445514,-2.390225,144.9770050048828,579.9080200195312,58.4454004547183,-2.3901561464624588,68.04782937417927,1.3083893026614855,2.1305162315712938
SB82808_component_80a,58.971075,1.352917,138.44500732421875,576.8541870117188,58.97108094234569,1.3529099751956153,64.98967637083824,1.3082328848255007,2.1302615285270283
SB82808_component_84a,60.276576,0.216432,134.9770050048828,385.6485900878906,60.27645511031064,0.21646824083679406,68.63188754137393,1.2077748492826614,1.966680647148361
SB82808_component_86a,57.96794,2.489904,134.38499450683594,481.6666259765625,57.96791022415609,2.48991620229484,85.84667559177025,0.9613453578646599,1.5654070886318496
SB82808_component_89a,58.871642,3.591111,145.8730010986328,358.4103088378906,58.87173707689301,3.590844554741161,74.71880085080933,1.1989392057286345,1.9522931235191625
SB82808_component_90a,61.022983,-1.277469,139.64599609375,549.787353515625,61.02293053934919,-1.2773912141147101,62.34667033233036,1.3755214303172916,2.239830857837094
SB82808_component_93a,60.792153,0.701506,127.75299835205078,487.60687255859375,60.79201303653874,0.701520044876288,71.93311080505377,1.0906725854527468,1.7759971301432345
SB82808_component_94a,62.077341,-1.376306,134.218994140625,448.8929748535156,62.07713709378712,-1.3763025584467663,138.1101525083948,0.5968160753240791,0.9718256891539289
SB82808_component_95a,57.917563,1.469846,135.781005859375,536.683837890625,57.91754449687027,1.4698904792558911,67.15117713801646,1.241759607723622,2.022019741817824
SB82808_component_96a,60.450413,0.718469,130.35899353027344,434.52996826171875,60.45030452022888,0.7184769537246521,67.60591782368309,1.1841546451807499,1.928218678581526
SB82808_component_103a,56.69366,-3.838098,124.35299682617188,129.5343780517578,56.69371703549318,-3.838039646064861,72.41540828285264,1.054574849775406,1.7172173681663494
SB82808_component_105a,55.457943,1.158768,120.43299865722656,263.529541015625,55.45791622745238,1.158738372244894,56.77635935274033,1.3026570565212123,2.1211821263318433
SB82808_component_107a,57.179031,-2.056005,127.31199645996094,489.6615295410156,57.17901116681721,-2.0558726115571413,49.3829224088277,1.5832324361145855,2.5780571551837244
SB82808_component_108a,61.850948,2.975547,116.9520034790039,242.1366424560547,61.85086267624846,2.9755101035171196,51.804054910072445,1.3864239383125476,2.2575839609857358
SB82808_component_114a,59.343374,1.853187,108.71900177001953,510.4178466796875,59.34336417099456,1.8531933063426649,58.47034555095769,1.1418838565263039,1.8593870233804155
SB82808_component_116a,60.174473,3.304683,110.26200103759766,258.2248229980469,60.17444344470753,3.30459852354285,63.48459204021776,1.0666198804432905,1.736830898554821
SB82808_component_118a,60.539769,-1.68372,107.61599731445312,448.3999938964844,60.53970646073749,-1.683628516863451,73.1121848043578,0.9039391788441595,1.471929714621779
SB82808_component_120a,60.701321,-1.68139,106.51000213623047,434.73468017578125,60.701246896926015,-1.6813029746120958,61.21752632409291,1.0684808777920474,1.7398612543138998
SB82808_component_122a,56.561544,0.432298,103.61900329589844,397.0076599121094,56.56153305787456,0.4322364245838022,64.01970614441369,0.9939805163139201,1.618548561628163
SB82808_component_125a,62.020221,-2.934102,100.93399810791016,208.111328125,62.0201581432729,-2.9339061476372232,47.07131142917633,1.3168409268958936,2.1442784371915327
SB82808_component_130a,61.543703,2.864515,98.28099822998047,265.62432861328125,61.543652311146936,2.864525751009067,43.65636864205369,1.3825284856704814,2.251240799155876
SB82808_component_135a,60.488187,-2.850145,99.947998046875,312.3374938964844,60.488113067773064,-2.850021371383147,44.781045108783836,1.3706671741366478,2.2319264278910302
SB82808_component_138a,58.26135,1.217154,95.56700134277344,422.86285400390625,58.261379489479744,1.2171421295746456,83.00225440038093,0.7070826945652421,1.1513783816254373
SB82808_component_142a,61.853635,0.696119,93.26200103759766,345.414794921875,61.85347943387029,0.6961046779705111,55.2219107982647,1.037159230437483,1.6888586376212162
SB82808_component_143a,56.249998,1.099417,89.6449966430664,350.1757507324219,56.24993962780064,1.099379596634415,50.66411777724393,1.0866200346326291,1.7693981574338389
SB82808_component_144a,60.298906,3.308057,95.06600189208984,245.0154571533203,60.29886615506416,3.3079904106678333,51.41582334150413,1.135482831967565,1.8489639125422739
SB82808_component_145a,56.856075,-0.152325,95.61699676513672,400.0711364746094,56.85606019556229,-0.15219203503623255,51.06026540577181,1.1500167564839663,1.872630234200237
SB82808_component_147a,56.317266,-3.959865,95.76599884033203,67.44084930419922,56.31736085554184,-3.9597251922482886,46.99923089418497,1.2513325135343423,2.0376077867304163
SB82808_component_149a,60.885215,-1.806602,92.45600128173828,358.3565979003906,60.885124708898076,-1.8064926343049432,46.487117951579506,1.2213907356862388,1.9888520810870547
SB82808_component_154a,61.819907,0.294341,86.91000366210938,330.4562683105469,61.81975639164137,0.2942926426830375,50.76569789803773,1.0513602295088762,1.7119828400008807
SB82808_component_155a,57.150155,2.649905,94.03700256347656,338.2626037597656,57.150076574201854,2.6498558002045876,48.50635013027258,1.1905628248489022,1.9386534404448732
SB82808_component_157a,61.160347,-2.766267,86.80799865722656,264.6585388183594,61.16031256138893,-2.76610105784428,47.00836532635499,1.1340618264168727,1.8466500175992744
SB82808_component_158a,60.052988,-0.592271,89.58599853515625,343.2413635253906,60.05285916028202,-0.5921153810002082,46.9856958420118,1.1709183529555591,1.9066653569713403
SB82808_component_159a,56.414429,-0.557744,91.47799682617188,355.9455261230469,56.41436765289341,-0.5576631210724161,53.784841599590386,1.0445010704564661,1.7008137256811882
SB82808_component_164a,60.529734,1.732429,93.71700286865234,345.8192138671875,60.52835767107741,1.732697169942769,2.6939812294988372,21.363675028948965,34.78754857029445
SB82808_component_166a,57.357918,3.546419,87.1240005493164,168.19305419921875,57.35791282839701,3.5463008285507778,56.45265095099738,0.9477757789275787,1.5433110594742963
SB82808_component_173a,60.832247,1.291167,78.30000305175781,294.36090087890625,60.83209201672672,1.291219623499092,43.82148188763884,1.0973037329240813,1.7867949617159038
SB82808_component_176a,63.091384,1.391182,89.11599731445312,126.94586181640625,63.09115920929948,1.3912540572673757,61.14878036832674,0.894993765077643,1.4573634466242367
SB82808_component_181a,60.189643,-3.487891,82.03500366210938,159.29127502441406,60.18953953088094,-3.48781191757331,32.474429266110704,1.551350078848116,2.52614150628718
SB82808_component_182a,55.779617,-2.202582,76.57099914550781,207.50949096679688,55.77961022279178,-2.2024910836394858,44.112776460199555,1.0659873680780867,1.735800946798111
SB82808_component_183a,62.771395,-2.247447,82.54399871826172,94.66055297851562,62.77114636451141,-2.247407574534072,53.065376159155534,0.955270560975542,1.5555151907468416
SB82808_component_187a,58.120963,2.516694,72.2979965209961,279.1428527832031,58.1209271138316,2.5166946720886667,59.5143407785695,0.7460308254187008,1.214799585699685
SB82808_component_188a,58.99889,2.789424,72.23100280761719,258.8924560546875,58.99882999814369,2.789416040965637,41.21049593214814,1.0763857531253551,1.7527331611476695
SB82808_component_191a,60.045735,-0.087931,73.40399932861328,304.5809020996094,60.04559437094585,-0.08777905417639358,71.21143597455311,0.6330268288547859,1.0307894837964462
SB82808_component_192a,56.16983,-1.695302,73.1729965209961,255.84962463378906,56.16975944775118,-1.6952071758909086,32.203122226435475,1.395420173657298,2.2722329843200275
SB82808_component_195a,59.614253,0.957911,70.6969985961914,331.9107971191406,59.61428239956432,0.9579115505174185,45.596255985115775,0.9521906895784692,1.5505000809555372
SB82808_component_199a,55.037843,-0.247861,76.13899993896484,79.81027221679688,55.03806775533411,-0.2479186630618064,29.738866550615324,1.5722981143016204,2.560252247992601
SB82808_component_201a,61.392767,-0.777062,70.0459976196289,248.3900604248047,61.392549217236,-0.7769810919158691,38.844706616740766,1.1073976989835257,1.8032314752878436
SB82808_component_202a,58.082959,1.239063,68.46399688720703,304.284423828125,58.08298747508959,1.239061776759213,45.29756390583325,0.9281956749812342,1.511427789572377
SB82808_component_205a,57.904636,0.675166,68.07599639892578,308.03619384765625,57.90463582563855,0.6751581211492974,40.096194914988885,1.0426606499438535,1.6978168762212744
SB82808_component_211a,57.099686,2.92695,68.927001953125,223.0647430419922,57.099705158727694,2.9269503583882486,36.857815176899685,1.1484495933849657,1.8700783435564134
SB82808_component_217a,61.571907,1.098146,64.39600372314453,233.31886291503906,61.57172789010285,1.0981991620750695,40.95033075288346,0.9657253693735695,1.572539282081627
SB82808_component_227a,58.719817,3.798464,64.41699981689453,117.97985076904297,58.71971968009821,3.7983126254997357,39.83685552511442,0.9930419170679775,1.6170201931797554
SB82808_component_228a,57.571313,-2.375268,64.31099700927734,280.83404541015625,57.57130095653136,-2.3751762616900494,32.9270564809857,1.1994564143524293,1.9531353203835529
SB82808_component_230a,59.153468,4.153268,68.50199890136719,60.40740966796875,59.15328303512983,4.153039893081854,53.09403731484155,0.792336442466028,1.2902013552888847
SB82808_component_231a,58.114116,3.890539,65.16000366210938,93.08572387695312,58.11401158565575,3.890391112259688,38.28331053948516,1.0452586042953143,1.7020472562032944
SB82808_component_235a,55.573076,-0.616822,60.99599838256836,154.8121795654297,55.572981759572386,-0.6167888680808482,29.655954133415555,1.2631111833735216,2.0567875883595215
SB82808_component_236a,62.057426,-3.047334,61.516998291015625,113.5,62.057367107453665,-3.047115230444063,36.81746977267306,1.0261086164625397,1.670864366042754
SB82808_component_238a,56.948547,2.680464,64.08399963378906,245.53256225585938,56.94864877150815,2.6804493425212663,35.1247503379982,1.1204397312218946,1.8244684735726802
SB82808_component_239a,59.927292,1.248941,58.362998962402344,264.0859680175781,59.92724995771227,1.248935324920037,28.031162056695756,1.2786410264729096,2.0820756144307357
SB82808_component_242a,61.078201,-1.559591,64.43199920654297,254.67193603515625,61.07817249198719,-1.5593397146656578,24.442380468594322,1.6188635486310303,2.636077091154471
SB82808_component_246a,57.371545,-3.012646,57.650001525878906,183.01588439941406,57.37150247902414,-3.012635410062504,30.832927902271333,1.1482506320775492,1.8697543648338395
SB82808_component_250a,62.705042,0.762143,61.86600112915039,114.77922821044922,62.70473945385164,0.7621342404694822,33.96509350638302,1.1185911218278906,1.8214582897445575
SB82808_component_254a,55.767764,-0.449019,56.80500030517578,188.09603881835938,55.76766859345761,-0.44901237165449126,27.0089212463923,1.2916101981128916,2.103193970131757
SB82808_component_259a,60.877431,1.71433,53.45600128173828,219.98355102539062,60.87740433051991,1.7142872671255516,122.0665485026851,0.2689378578459928,0.4379250657731378
SB82808_component_261a,56.956418,-3.105817,54.44900131225586,167.02146911621094,56.95639590131283,-3.105808153552851,46.72427633450826,0.7156480168546162,1.165325727517849
SB82808_component_262a,55.83545,-3.713609,56.78300094604492,39.4052734375,55.835471226775304,-3.7133852883283964,39.9081789144139,0.8737930133209437,1.4228411942278887
SB82808_component_266a,58.591406,-4.084756,56.21099853515625,51.522457122802734,58.591227345364224,-4.084749895879508,27.329151419915192,1.2631277916983317,2.056814632531707
SB82808_component_267a,55.168787,-2.366895,58.119998931884766,59.24566650390625,55.168825163979584,-2.366803904136847,29.846244239462266,1.195881221757247,1.947313654126014
SB82808_component_268a,61.142611,1.098637,51.04499816894531,210.0617218017578,61.142408553597214,1.0987057008053194,25.00170437344093,1.2538215048216579,2.041660736664414
SB82808_component_272a,60.382931,2.44242,52.19599914550781,163.6238250732422,60.38299836555042,2.4423969856687315,27.875503941110022,1.1499173464806094,1.8724683598824772
SB82808_component_275a,59.900311,-2.75117,53.99300003051758,215.111572265625,59.90017073516316,-2.7509536257817757,26.48914195171685,1.2517618336908436,2.0383068703747917
SB82808_component_276a,58.856047,-1.925817,55.46799850463867,291.93682861328125,58.85588517012348,-1.9257102072760561,29.691400643357362,1.1472655356404324,1.8681502826660392
SB82808_component_277a,58.60543,-0.730746,51.12099838256836,255.60499572753906,58.60523499827636,-0.7307028759256962,32.92713450041563,0.9534491297073222,1.5525492624304453
SB82808_component_280a,62.872257,-0.354803,53.00600051879883,68.92848205566406,62.87210564500803,-0.3547547965329647,31.569113539766825,1.0311332391965997,1.6790462124325567
SB82808_component_284a,59.195286,2.345076,48.48099899291992,201.1659698486328,59.195238460419205,2.3450766359843502,21.03032409935543,1.4157211885113001,2.3052901497797578
SB82808_component_285a,59.223674,-2.608144,50.37699890136719,221.92510986328125,59.22351233569001,-2.6081179453772303,16.4004431979136,1.8863785301246274,3.071685215663925
SB82808_component_286a,60.229205,-2.827349,51.63199996948242,187.0724639892578,60.22917222351024,-2.8272572739867448,45.553187347064785,0.6960690365866579,1.1334442873580683
SB82808_component_288a,59.962877,-0.997953,48.46900177001953,252.44271850585938,59.96289197576143,-0.9978342968776607,24.014603970543728,1.239483597123919,2.018313599069613
SB82808_component_289a,59.151761,2.714848,48.24300003051758,199.3512420654297,59.15166362713684,2.7148408466833964,32.53972830692598,0.9104844268508409,1.482587671767659
SB82808_component_297a,55.532375,-2.706672,51.946998596191406,77.41728210449219,55.532435289839654,-2.706430981124064,19.25410405600593,1.6568732360793836,2.697970180543799
SB82808_component_299a,56.917418,1.087264,46.91600036621094,169.9855194091797,56.91737339066588,1.0871873244106989,28.625017235407512,1.0065314783186359,1.6389859255063968
SB82808_component_305a,60.390202,-2.491114,46.590999603271484,175.1541290283203,60.39018676383642,-2.4909819887477833,25.316453302809744,1.1301895890142335,1.8403446583135952
SB82808_component_308a,62.188909,0.218956,46.05699920654297,151.5032958984375,62.18867814010891,0.21886972749863964,42.60182615839931,0.6639258222946719,1.081103871822228
SB82808_component_309a,56.745712,-2.459351,46.77899932861328,188.625,56.74564223131877,-2.459315648425581,22.228415047702537,1.2923929119477415,2.1044685025101786
SB82808_component_310a,61.012619,-2.838122,46.54499816894531,135.3052215576172,61.0125710066034,-2.838009838062359,24.985548744295325,1.1440269700332684,1.8628767630958043
SB82808_component_313a,56.946883,-1.058129,45.50600051879883,201.35398864746094,56.94673821823509,-1.058086922908627,26.2023761097915,1.0665473196894488,1.7367127442229868
SB82808_component_314a,62.681095,0.1583,48.944000244140625,93.22666931152344,62.68076142979249,0.15821159503079846,31.408145649864224,0.956994194101984,1.5583218694209096
SB82808_component_315a,58.074507,-1.625411,48.83100128173828,242.94029235839844,58.07446638335659,-1.6252874276592504,25.61711432244209,1.170624368949515,1.9061866480003746
SB82808_component_317a,60.25145,1.857244,45.75299835205078,159.41810607910156,60.25145088888388,1.8572168227656627,24.17393968014917,1.1623161265802975,1.8926579182962722
SB82808_component_318a,57.534169,2.515294,44.75600051879883,170.82443237304688,57.534153842878396,2.51522636840072,50.77655860765848,0.541302639125768,0.881430363656989
SB82808_component_321a,60.433122,-1.379919,44.88199996948242,173.28956604003906,60.43300868013149,-1.379860848501363,25.006041165670858,1.102248196082846,1.7948462802299932
SB82808_component_326a,56.437967,1.643688,46.5890007019043,191.7242889404297,56.437925617419346,1.6437009581683693,29.769459947787855,0.9610911464834643,1.5649931434300772
SB82808_component_327a,58.551372,-2.324693,45.37300109863281,199.8810577392578,58.55128088836717,-2.324625918355278,18.367573800116865,1.5170428558669462,2.47027732635783
SB82808_component_334a,61.08102,2.034337,43.125999450683594,176.7458953857422,61.08105441443126,2.034275764531279,19.571148745069564,1.3532405181377007,2.2035497257946117
SB82808_component_336a,56.488022,3.96674,44.14699935913086,36.636512756347656,56.488052609741494,3.9665904946166846,29.82007222784681,0.9091690365904663,1.4804457555238637
SB82808_component_338a,57.234102,2.092428,43.448001861572266,165.8320770263672,57.23393611090489,2.092519675271813,23.6742154627296,1.1270582177602912,1.83524568871026
SB82808_component_341a,59.805559,-0.863733,41.542999267578125,203.64215087890625,59.80555861235,-0.8636019107555639,38.01135551727918,0.6711763240105555,1.092910229120704
SB82808_component_345a,61.983845,1.279477,40.78200149536133,138.24407958984375,61.98371311021094,1.2794867617749914,28.6311944015671,0.8747444745554921,1.4243905065004612
SB82808_component_346a,58.692496,3.934159,42.54399871826172,61.214385986328125,58.692409265907415,3.9340324736449355,25.685565053484186,1.0171882157375303,1.656338828041111
SB82808_component_347a,60.566817,3.902204,42.63399887084961,47.05739212036133,60.56673286144588,3.9020803546013,26.55762223424684,0.9858685619237848,1.6053394575313977
SB82808_component_348a,57.329187,-2.358175,41.07400131225586,184.18833923339844,57.32914058701192,-2.3580952431091116,20.005780620459596,1.2608506537692563,2.053106654096273
SB82808_component_349a,60.736366,-2.790485,42.15700149536133,133.83175659179688,60.73631892058028,-2.790394520389193,21.52309394712615,1.202865722748364,1.9586868690405128
SB82808_component_352a,57.261119,-1.393322,40.61199951171875,183.76470947265625,57.26104234893661,-1.3933312551243324,21.177221405848666,1.1777077489006338,1.9177208725079788
SB82808_component_353a,57.602903,0.234738,39.8129997253418,195.16177368164062,57.60281827210527,0.23474865316561147,19.462507669419747,1.2562562678702778,2.04562538402477
SB82808_component_354a,57.968258,-3.867122,43.840999603271484,59.56657409667969,57.9682042418403,-3.866989739513251,18.987246095030113,1.4179816341589446,2.30897094733221
SB82808_component_358a,56.861943,1.302324,39.99700164794922,169.47882080078125,56.86189818011622,1.3022682635654546,17.221547776330393,1.4262885392594695,2.322497499494315
SB82808_component_366a,56.156011,-0.946917,41.724998474121094,159.8658905029297,56.15593220083485,-0.9467886813412889,21.751773938582545,1.1780230434419272,1.9182342824973337
SB82808_component_371a,59.744391,-2.042341,41.0629997253418,174.73617553710938,59.7442102346017,-2.04229464022026,24.65359415260606,1.0228750072297905,1.6655989171867318
SB82808_component_376a,59.50665,-1.052125,40.25400161743164,201.27000427246094,59.506627924888086,-1.0520422049201423,24.0310176192101,1.0287006998006414,1.67508518595788
SB82808_component_378a,61.574713,-1.08654,39.68600082397461,150.3257598876953,61.574450142880956,-1.0864013750676542,24.841335632196866,0.9811028377039178,1.5975791886382134
SB82808_component_380a,58.982325,-0.884645,39.632999420166016,200.1666717529297,58.98219080231899,-0.8844935323928999,22.62245052252503,1.075893865586795,1.7519321958823026
SB82808_component_384a,56.718411,-1.353309,42.22800064086914,178.17721557617188,56.71829689763836,-1.3532179296888662,22.831613646106952,1.1358371003851984,1.8495407856583757
SB82808_component_386a,61.256679,1.159139,38.775001525878906,167.13363647460938,61.256531687541404,1.1592687794468481,21.85197175765025,1.0897160072421088,1.7744394856406493
SB82808_component_387a,60.394429,-0.680527,38.01900100708008,161.78298950195312,60.39428321632979,-0.6804207547708102,17.822730945934474,1.3100219953024657,2.1331748272703717
SB82808_component_391a,56.881366,-0.893359,38.70800018310547,173.57847595214844,56.881278741580495,-0.8933205759632891,20.77035366768638,1.1444820360017778,1.8636177699432104
SB82808_component_392a,55.856599,3.796874,38.96799850463867,25.287473678588867,55.85637702908145,3.796710217366971,20.55091388399408,1.1644721277385162,1.89616864362361
SB82808_component_393a,57.752073,-0.663994,41.020999908447266,213.6510467529297,57.7517957919388,-0.6639647163305644,21.656785212898203,1.1632267756937875,1.894140774135593
SB82808_component_397a,60.42409,3.964801,41.176998138427734,44.51567459106445,60.42409241277493,3.9645597799996577,26.029880702597186,0.9714817410619598,1.5819126721667691
SB82808_component_402a,59.014753,-1.919494,38.19300079345703,183.6201934814453,59.01455475121974,-1.9194155413656646,21.97644606446601,1.067280212821789,1.7379061510410352
SB82808_component_404a,56.454377,0.288938,39.67100143432617,164.60997009277344,56.454301788135076,0.2890228429273731,19.99385681092506,1.2185089505108786,1.9841595250721766
SB82808_component_406a,60.567714,3.089962,38.823001861572266,104.36290740966797,60.56773154564974,3.090011957597464,21.885931426015702,1.089372019004255,1.7738793522593035
SB82808_component_407a,59.101768,-3.167262,40.564998626708984,133.0,59.10152659173021,-3.1671967351249974,17.819634838386502,1.397992375581606,2.2764214303272436
SB82808_component_412a,61.144715,2.898944,36.42100143432617,120.20132446289062,61.14470274425868,2.899000940339758,20.468172582748608,1.0927604045630745,1.779396831206282
SB82808_component_416a,61.458774,0.673993,34.81700134277344,146.2899169921875,61.45860569916958,0.6739756213883675,14.90140910805226,1.434881920533113,2.336490535244711
SB82808_component_420a,58.233803,3.974511,39.23899841308594,39.87702941894531,58.2337576148589,3.9743060010614863,25.192321897667174,0.9565371765305798,1.557577684680168
SB82808_component_430a,57.283936,-3.878395,35.362998962402344,40.09410095214844,57.28401922260238,-3.8783951528198086,23.447647670171598,0.9261939632934099,1.5081683015643652
SB82808_component_432a,55.334503,0.554321,34.36800003051758,76.20398712158203,55.33445880840428,0.5543421588291766,19.796545274065327,1.0661467565360758,1.7360604870558773
SB82808_component_433a,58.327038,-2.736612,33.994998931884766,145.9012908935547,58.32692235923539,-2.7366180330786674,28.7854683927435,0.7252602388552121,1.180977792963568
SB82808_component_435a,59.476819,2.955449,34.6349983215332,128.27777099609375,59.47676632366804,2.9554258278017844,22.03443403996493,0.9653068950948898,1.5718578593266346
SB82808_component_437a,58.133066,1.985735,34.3390007019043,144.28150939941406,58.13302318903535,1.9857771354732174,22.837240450283605,0.9234133851701336,1.5036405460922428
SB82808_component_438a,59.971647,2.231167,34.13100051879883,133.84706115722656,59.97160760981766,2.2312377714851044,20.07796133704177,1.043954434043285,1.6999236100644664
SB82808_component_439a,59.430357,2.220807,33.518001556396484,152.35455322265625,59.430318029777226,2.220823432400533,22.267541414445745,0.9243958466391574,1.5052403376087207
SB82808_component_443a,62.58604,-1.110352,35.750999450683594,70.23771667480469,62.58587574680561,-1.1103271597148403,20.081342506541162,1.0933207265716853,1.780309231767662
SB82808_component_452a,59.160078,-0.836708,33.22800064086914,155.27102661132812,59.15998319626168,-0.8365459407832457,25.65845552954247,0.7952905764454904,1.2950117205071559
SB82808_component_453a,59.538879,1.100928,33.98899841308594,155.20091247558594,59.53900621343704,1.1009059380186912,17.85210245324465,1.1692331873800044,1.9039213169487708
SB82808_component_454a,59.786753,1.274384,32.005001068115234,144.8190155029297,59.786757069732154,1.2743479458598805,14.552158171150953,1.3506492349077455,2.199330208735898
SB82808_component_455a,55.815751,2.397834,31.54400062561035,85.48509979248047,55.81574744151881,2.397753778110172,19.56090470875467,0.9903300852574995,1.6126043807929054
SB82808_component_458a,55.74874,3.595271,35.441001892089844,28.46666717529297,55.748798118170264,3.594831751908271,6.753465467830724,3.2227858225743824,5.247824551840616
SB82808_component_460a,62.863037,1.241847,33.56399917602539,47.27323913574219,62.862958147622,1.2418327249094963,20.864423845994367,0.9879146885096582,1.6086712685559796
SB82808_component_464a,60.287287,0.245285,31.527999877929688,89.314453125,60.28721911914752,0.2453253850581218,19.297536730703854,1.0033366612505557,1.6337836438868507
SB82808_component_466a,61.170474,-0.391698,30.865999221801758,129.68907165527344,61.17037525336435,-0.39167339183084143,15.975444513659623,1.1865321962025066,1.932090164715613
SB82808_component_467a,55.629251,-2.347099,32.64099884033203,73.18609619140625,55.62925271615939,-2.346925181909225,12.469279250041946,1.607586040645805,2.6177133566258233
SB82808_component_469a,55.293962,0.144419,32.130001068115234,65.84016418457031,55.29390929263521,0.144452289817655,23.564957193616785,0.8373291724186505,1.3634652846650843
SB82808_component_471a,59.873412,3.771964,33.814998626708984,55.89255905151367,59.87346516892506,3.77182535739305,44.84983033379215,0.46302101972451365,0.7539604581565393
SB82808_component_472a,56.44686,0.262775,32.314998626708984,135.7772979736328,56.44693637639296,0.26266187723874607,12.051554725488154,1.6466951334474915,2.6813966631512804
SB82808_component_474a,60.008164,2.157735,31.23200035095215,110.75177001953125,60.00816264465392,2.157800938302327,15.925365137076808,1.2043772397783792,1.961148148386189
SB82808_component_478a,62.289984,2.46535,30.812000274658203,73.1876449584961,62.28990466793038,2.465277471132403,16.796558216403508,1.1265532659238642,1.8344234501903625
SB82808_component_479a,61.252629,0.207723,30.756000518798828,123.51807403564453,61.25243506022834,0.20768065461475466,15.691966037771083,1.203662242630806,1.9599838825019194
SB82808_component_480a,60.701774,1.600659,31.22100067138672,122.91732025146484,60.70175558155768,1.6005833159775116,19.210451364559145,0.9980708852881142,1.6252091155435067
SB82808_component_483a,55.23335,0.111525,31.42799949645996,55.42857360839844,55.233369300734815,0.11149095970524604,22.5722365339133,0.8550554556951674,1.3923298849558596
SB82808_component_489a,58.56767,3.866488,31.50200080871582,52.85570526123047,58.56763711514221,3.8662778792644725,20.11649354906741,0.9616964069186366,1.5659787194958852
SB82808_component_490a,58.268719,0.682922,29.31399917602539,150.3282012939453,58.26876106498327,0.6828605629204438,20.45759728724401,0.8799795579951057,1.4329150566622817
SB82808_component_491a,59.279117,-2.902506,30.847000122070312,104.56610870361328,59.278994423190404,-2.902536073208369,18.79073801309539,1.0081409018331264,1.6416066309142747
SB82808_component_492a,56.666305,3.718327,29.88599967956543,39.32368469238281,56.66614233150825,3.718281733624126,14.376394393511264,1.2766444055796753,2.0788244160200815
SB82808_component_493a,56.786715,1.879638,29.344999313354492,125.4059829711914,56.78655682195946,1.8797005695904696,12.804083503472132,1.407465451903148,2.2918469178521756
SB82808_component_497a,59.234927,2.162025,29.70400047302246,132.0177764892578,59.23487144444711,2.1620822092811847,16.52864275339053,1.103646238738943,1.7971227835346169
SB82808_component_498a,59.530518,2.884856,31.261999130249023,134.1716766357422,59.53045930437519,2.8847761647224384,15.451287991458386,1.2425223140223631,2.0232616949170157
SB82808_component_499a,58.189468,-0.490607,29.972000122070312,159.425537109375,58.189190426965936,-0.49055482215375223,14.452577610088355,1.2735692157466805,2.0738169294554702
SB82808_component_502a,60.125606,-3.139978,28.767000198364258,84.85841369628906,60.12551640197293,-3.1399305729122178,15.548277774117862,1.1362252152141874,1.8501727725916168
SB82808_component_503a,57.26446,1.338092,28.371000289916992,109.54054260253906,57.2642969821805,1.3381404972890873,13.156215643801998,1.3243287345055215,2.1564712116346927
SB82808_component_504a,59.520032,2.02353,28.548999786376953,135.94761657714844,59.52005803980283,2.0235626876930137,15.21859407220651,1.1520425017044265,1.8759288572204946
SB82808_component_506a,55.756081,3.643452,30.93000030517578,23.574695587158203,55.755868649874984,3.643279647363072,17.22651854027155,1.102642037920933,1.7954875927407337
SB82808_component_508a,57.459299,-0.969653,29.398000717163086,133.0226287841797,57.45912389616384,-0.9696151213721498,12.956000163525097,1.3934743814395139,2.269064552802878
SB82808_component_511a,55.940883,-0.217438,28.966999053955078,106.1062240600586,55.94083892898052,-0.21746959087987378,17.0975181586989,1.0404532447347223,1.6942224470875737
SB82808_component_516a,61.784226,2.532277,28.170000076293945,87.21361541748047,61.7841671201404,2.5321573498011447,15.67908598258727,1.1033625618353498,1.7966608581379497
SB82808_component_517a,60.978796,-2.05994,29.0049991607666,109.45283508300781,60.978749245166036,-2.0598956385666454,14.353761818816489,1.2409642180393552,2.020724568715057
SB82808_component_518a,60.831872,0.147352,26.81100082397461,106.81674194335938,60.83179478877704,0.1473453333675205,17.149113417888152,0.9601155217857572,1.5634044845728405
SB82808_component_521a,57.95258,3.525031,27.17799949645996,71.33332824707031,57.952571147902724,3.5249344123125788,23.520962234772448,0.7096015232153903,1.1554799172408472
SB82808_component_526a,55.100012,-2.250749,28.35700035095215,25.616079330444336,55.0998809310488,-2.2505954791478864,21.98228833906552,0.7922085510463022,1.2899931032456662
SB82808_component_531a,56.876154,-0.757604,26.97599983215332,108.7741928100586,56.876066225703774,-0.7575290213055451,14.229112195495452,1.1642651124771553,1.895831550241988
SB82808_component_534a,59.308955,2.757801,26.673999786376953,121.79908752441406,59.30886315836076,2.757781495580392,16.645453558470265,0.9841122716464065,1.6024796015728586
SB82808_component_536a,57.397612,-3.209408,27.15999984741211,85.14106750488281,57.39764766004879,-3.209347491280011,17.127718385048173,0.9738282903733785,1.585733676653729
SB82808_component_539a,58.018015,2.174974,26.736000061035156,107.80644989013672,58.017978365489576,2.175054098704982,11.986833817201468,1.3697587600111254,2.2304472113952385
SB82808_component_542a,58.978473,0.774809,26.059999465942383,122.92453002929688,58.978435624946286,0.7748682655962519,15.312625634430542,1.0451457886894928,1.7018635528675303
SB82808_component_543a,62.630598,3.276182,29.1200008392334,21.427520751953125,62.63049847573465,3.2759432640537893,28.844369243430886,0.6199868442871297,1.0095558198370134
SB82808_component_544a,59.876028,-2.133247,26.79400062561035,97.0797119140625,59.875919062867055,-2.1331992011632135,11.987281817264178,1.3726789853556607,2.235202361474594
SB82808_component_549a,58.688088,-1.355481,26.466999053955078,133.0,58.68795277535361,-1.3553315246503703,38.96365268531634,0.41715473337651915,0.6792740728830413
SB82808_component_550a,59.502356,1.132231,26.25,120.96774291992188,59.50245404950224,1.132201032226545,15.03820282035361,1.0719770985661592,1.7455543267757814
SB82808_component_551a,56.440651,-1.739329,28.429000854492188,108.92337036132812,56.44062066625497,-1.739218520630523,13.099891153508008,1.3327418851070394,2.1701707686998004
SB82808_component_557a,56.606923,-0.584606,24.902000427246094,110.18584442138672,56.60687912881611,-0.5845337892130503,11.022166565246433,1.3874565896755136,2.2592654792356
SB82808_component_561a,58.727572,-2.968617,25.506000518798828,90.44680786132812,58.727409139692334,-2.968631379549395,18.800577578779105,0.8331502136715075,1.356660475558388
SB82808_component_562a,61.491182,-1.361237,24.937999725341797,93.40074920654297,61.490918850349985,-1.3611754160035496,14.699571064101656,1.041859344019188,1.6965120694061455
SB82808_component_563a,56.679097,1.180884,24.83300018310547,114.43778991699219,56.67904492822405,1.1808100322304933,13.113941596449735,1.1629152988869578,1.893633580755642
SB82808_component_564a,58.413887,-1.222118,25.44700050354004,87.74828338623047,58.41373931369627,-1.2220555246055613,16.974323737929534,0.9206535983939417,1.4991466462182588
SB82808_component_565a,59.289949,1.512395,26.344999313354492,126.65864562988281,59.289950442699116,1.5124238109351593,26.793431131005875,0.6038401643276154,0.9832633672238996
SB82808_component_572a,62.198867,2.584741,25.180999755859375,59.52954864501953,62.19891162574414,2.5846682181013274,18.565787799556688,0.8329361744631295,1.3563119447298997
SB82808_component_574a,59.900659,0.191533,25.367000579833984,102.70040893554688,59.900540583986746,0.19154531847928394,15.42275157177524,1.0100884222152426,1.6447778764884888
SB82808_component_581a,61.826165,-0.860402,24.385000228881836,95.62745666503906,61.82606483755076,-0.860346652576009,16.000447150530416,0.9359287360984443,1.524019922660316
SB82808_component_582a,59.083544,0.807714,23.163999557495117,106.74654388427734,59.08353029374662,0.8077556319284191,12.092295342342908,1.1764052108710719,1.9155998841992428
SB82808_component_583a,56.02851,1.970708,26.424999237060547,95.053955078125,56.028564992546805,1.970785792254256,16.12944031452376,1.0061154614714733,1.6383085043109742
SB82808_component_586a,62.548873,-0.360996,24.0049991607666,55.18390655517578,62.54872626268314,-0.36099872013128703,13.25180955132118,1.1124452520010495,1.8114506602136724
SB82808_component_587a,61.809852,2.766003,24.615999221801758,66.89130401611328,61.80984965154325,2.7659223884739603,15.143232455657866,0.9982768912676256,1.6255445654606355
SB82808_component_588a,62.79625,-1.485046,25.235000610351562,31.425905227661133,62.795990445698834,-1.4851203992344493,16.89726867228612,0.9171469949783547,1.4934366671780799
SB82808_component_590a,57.40722,-2.433338,23.583999633789062,91.05791473388672,57.40723437063213,-2.4332435099945355,21.321481407378176,0.679285306995508,1.1061144947286803
SB82808_component_596a,57.289277,1.080089,23.63800048828125,101.01709747314453,57.28923144418231,1.0800967496565632,11.284493810247769,1.2864141013307258,2.0947329039088056
SB82808_component_602a,60.616549,3.453753,23.12700080871582,48.58613586425781,60.616526479075155,3.4537590825956004,29.068605689399647,0.48859301302688746,0.7956006234296084
SB82808_component_605a,59.962099,-3.218827,24.510000228881836,81.9732437133789,59.9620435612788,-3.218766752149605,12.155229349864166,1.2383183114240972,2.01641610564557
SB82808_component_606a,58.585387,2.17284,23.738000869750977,96.49593353271484,58.58530098353972,2.172896536218108,13.60159005284441,1.0717823420220973,1.7452371948812564
SB82808_component_611a,61.450664,-3.426366,22.902000427246094,40.46289825439453,61.45060215831123,-3.426220304702634,11.750235993970843,1.196958151514607,1.9490672731166698
SB82808_component_616a,61.281282,-3.607519,23.158000946044922,33.80730056762695,61.2811453096187,-3.6073860291238353,25.604711659706805,0.5554350926983388,0.9044429499468967
SB82808_component_621a,58.641297,-1.301618,22.844999313354492,120.2368392944336,58.641186239964995,-1.3014748950257355,12.19563305672795,1.1503736833384497,1.8732114361830212
SB82808_component_624a,60.740155,-2.467334,23.132999420166016,85.67777252197266,60.7401277449427,-2.46725228222128,17.094512331698237,0.831050410828753,1.353241260779967
SB82808_component_626a,55.651769,3.567028,22.746000289916992,19.002506256103516,55.65181260180092,3.5669262701269764,16.49772845402948,0.8467067592540132,1.3787352818479326
SB82808_component_630a,60.084984,1.682944,21.724000930786133,87.5967788696289,60.085015220460775,1.6829333126702464,9.665992794965494,1.3802109960290116,2.247467113993818
SB82808_component_633a,55.061434,-0.06735,21.621000289916992,28.943777084350586,55.06145571489781,-0.06725192540427713,9.985925551268899,1.3296569138413032,2.165147354535368
SB82808_component_636a,57.093652,-0.087734,21.40999984741211,101.46919250488281,57.093559231391964,-0.0876960580667411,10.093850856491644,1.3026025324603998,2.1210933420561418
SB82808_component_638a,55.213866,0.087205,22.94300079345703,37.54991912841797,55.21390262762838,0.08731562819064655,11.489112812762801,1.2263540332246554,1.9969340685706
SB82808_component_642a,61.345888,-1.908608,21.917999267578125,63.715110778808594,61.34580807098833,-1.9085403880849063,10.393336063468817,1.295084409542278,2.1088512036685656
SB82808_component_644a,60.301812,-0.816441,21.760000228881836,98.01802062988281,60.30161535896472,-0.8162751720416446,7.396412887145433,1.8067159824364631,2.941966675048596
SB82808_component_646a,60.506175,2.101404,21.76300048828125,73.03020477294922,60.506162994978304,2.101457524175842,6.248890474279964,2.1387892691564607,3.482698341066526
SB82808_component_648a,58.514471,-3.46648,23.906999588012695,54.9586181640625,58.51424115867331,-3.4663470451635447,11.204350220748344,1.310359724738623,2.1337247691295333
SB82808_component_649a,59.815563,-3.442599,21.566999435424805,45.213836669921875,59.815408226490625,-3.4425742414955964,10.17085437098595,1.3022202016440019,2.1204707735220603
SB82808_component_650a,57.644107,-2.903527,22.91200065612793,84.23529052734375,57.64408141372541,-2.9034999204691956,12.550365491209268,1.1211372362032928,1.825604256081333
SB82808_component_652a,57.055856,-1.999436,23.45199966430664,111.14691925048828,57.055598984395125,-1.9992170612375468,10.101792381412187,1.425717821590541,2.3215681711553997
SB82808_component_656a,55.945113,-1.085676,22.04599952697754,75.75944519042969,55.94497147681448,-1.0855007406937565,13.301246567534083,1.0178636077228824,1.6574386028440224
SB82808_component_660a,57.81756,0.402827,20.44700050354004,101.22277069091797,57.817551640535,0.40278193157615083,20.448280413305017,0.6140799998926479,0.9999374074621871
SB82808_component_663a,58.4213,-1.947052,21.591999053955078,102.33174896240234,58.42113653277872,-1.9468779881799958,29.68527801898253,0.4466875718027082,0.7273638818591448
SB82808_component_664a,61.448676,-1.096419,21.797000885009766,86.84064483642578,61.448460253933604,-1.0962394413761947,12.011681548152584,1.1144101770789383,1.81465024673104
SB82808_component_666a,61.110455,3.570544,23.71299934387207,39.587646484375,61.11038822459922,3.5704935258001855,10.337486312825087,1.408716752151502,2.293884473099887
SB82808_component_667a,59.148825,1.620512,21.479999542236328,107.939697265625,59.148821811537125,1.6204204915297022,9.219893772684598,1.430739238053852,2.3297447966129767
SB82808_component_669a,58.636612,0.298834,20.94499969482422,91.06521606445312,58.636513216126694,0.29889486366506823,13.102984691547134,0.9816626381576735,1.5984907399255412
SB82808_component_670a,56.898406,3.141065,21.26099967956543,61.6260871887207,56.898419665821,3.141024948582474,8.420828074467407,1.5505330143273512,2.5248110389559435
SB82808_component_673a,60.782236,0.351433,20.947999954223633,81.82811737060547,60.782121674027856,0.3514324156518823,12.884547977272675,0.9984481455892096,1.6258234275020165
SB82808_component_678a,61.064079,-2.694348,21.437000274658203,66.99063110351562,61.06403089939701,-2.694224798061509,24.574679017834274,0.5357082034978232,0.8723206622190669
SB82808_component_679a,59.815831,0.641857,20.549999237060547,92.15245819091797,59.815598436000506,0.6420116274727902,9.273192393515542,1.3609265202233312,2.2160652302901136
SB82808_component_680a,55.390724,-2.073621,22.18000030517578,38.440208435058594,55.39068439399329,-2.0734851194460595,13.107440908543651,1.0391919568610755,1.6921686284863189
SB82808_component_682a,55.347501,2.658149,21.642000198364258,27.394935607910156,55.347549236549426,2.6581357983247593,14.587920901780084,0.9110792052433468,1.483556179395201
SB82808_component_686a,62.009359,0.497225,19.410999298095703,74.9459457397461,62.00907813419059,0.49718037379773367,9.504020841030894,1.254274668603927,2.0423986460861134
SB82808_component_687a,58.520042,-2.321102,21.797000885009766,93.95259094238281,58.51976024146432,-2.320944154347163,10.137941316278868,1.320380513507041,2.150042124431073
SB82808_component_690a,58.211612,0.902431,20.719999313354492,104.12059783935547,58.21165122689926,0.9024012971325417,8.501848652811614,1.4966784468416916,2.437116932974602
SB82808_component_694a,59.757769,-3.814871,21.358999252319336,32.16716766357422,59.7576915825602,-3.814713621366447,12.341952313568237,1.062794195669559,1.7306013432605898
SB82808_component_699a,61.201035,-1.262686,20.277999877929688,76.52075958251953,61.200963366126466,-1.2625506201067567,7.1728134871903135,1.7361518818014556,2.827063594242829
SB82808_component_704a,58.176597,1.62663,19.770000457763672,92.3831787109375,58.176577336933164,1.6266128626395593,9.839429677386919,1.2339253616000518,2.0092628440852924
SB82808_component_705a,61.906422,1.918886,19.437999725341797,70.17327880859375,61.906391658442466,1.918777006276227,11.549942448344565,1.0335319075755087,1.6829520850234032
SB82808_component_708a,58.147918,-1.32765,19.93899917602539,101.7295913696289,58.14788109582247,-1.3277043297177842,13.22704270333666,0.9257479034668814,1.5074419598717685
SB82808_component_712a,59.821585,-2.138801,20.12700080871582,77.7104263305664,59.821389799036425,-2.1387074434197113,14.17636736339578,0.8718991264868511,1.4197572828625284
SB82808_component_713a,61.948077,0.342152,19.520000457763672,71.5018310546875,61.94796211685827,0.3420832961402791,10.985746416608693,1.0911950593273794,1.7768479006808815
SB82808_component_716a,60.941788,-0.879134,19.01799964904785,81.622314453125,60.94174476242577,-0.8790839900653107,8.85599906252085,1.3188014336142768,2.147470829071475
SB82808_component_721a,59.62328,2.987096,19.76799964904785,69.60562896728516,59.62316298057206,2.9870464088313446,11.698857820762653,1.0376990023365364,1.689737575403679
SB82808_component_724a,60.717637,-3.660018,19.368999481201172,27.909221649169922,60.71760180179036,-3.6600965876479763,6.5334907438119565,1.82059793075547,2.9645713510111067
SB82808_component_725a,57.587937,1.884454,19.768999099731445,81.69007873535156,57.58784586660692,1.884528096342495,10.019988594162037,1.2116288113590892,1.9729562477994727
SB82808_component_726a,60.046224,3.152999,19.733999252319336,60.16463088989258,60.04622398415575,3.1529541756524933,13.041264085582775,0.9292820649120614,1.5131968130401896
SB82808_component_729a,59.078945,3.176018,19.83799934387207,72.9338150024414,59.078843615030195,3.175864240491159,12.986791908515272,0.9380978210961289,1.5275519530627537
SB82808_component_730a,58.197839,-2.300332,21.441999435424805,103.58453369140625,58.19741810838434,-2.3002534518943425,9.85217150688264,1.3365507508458994,2.176372936712035
SB82808_component_731a,62.046938,0.917114,19.847999572753906,73.5111083984375,62.04675564517893,0.9171417823892084,19.559519268651883,0.6231759763592046,1.0147488442910952
SB82808_component_737a,56.801123,0.696711,19.091999053955078,89.63379669189453,56.80097709194902,0.6966774593249713,9.478339048901038,1.2370045635934874,2.0142768638529227
SB82808_component_738a,58.131607,-0.466522,19.81399917602539,95.71980285644531,58.131377504310834,-0.46647200289201246,10.185951299299592,1.1946004736569866,1.9452281474571593
SB82808_component_741a,60.079711,-0.857203,18.85099983215332,96.67179870605469,60.07961192241984,-0.8570531642572548,6.62422108288131,1.747638922072086,2.845768520750183
SB82808_component_742a,61.819546,-0.816379,19.677000045776367,75.10305786132812,61.81952200826024,-0.8163838607000388,10.584940036519571,1.141622769053845,1.8589618814927507
SB82808_component_744a,56.339211,1.375742,18.405000686645508,82.90541076660156,56.33916434095193,1.3757201946225115,14.66175889220303,0.7709068452745189,1.25530646233946
SB82808_component_745a,56.346913,-0.179476,19.426000595092773,77.7040023803711,56.34687356268032,-0.17942259736355673,11.52186855359314,1.0354106287877363,1.6860113014424816
SB82808_component_746a,57.61465,-2.440976,19.174999237060547,87.55707550048828,57.61464530639504,-2.4409055551749117,11.452493099748125,1.0282233308598703,1.674307862056888
SB82808_component_749a,59.319442,-0.550185,18.797000885009766,90.80677032470703,59.31939686978212,-0.5501472236608136,10.777720248361078,1.071059980933826,1.7440609379212775
SB82808_component_753a,59.463001,-3.977261,19.114999771118164,22.25261878967285,59.46289406801846,-3.977270931263464,7.400350765673366,1.5862591105479498,2.5829856416784143
SB82808_component_759a,61.610851,-1.974496,19.166000366210938,68.94245147705078,61.61077507632941,-1.9744664957785707,11.018607232318677,1.0682107076681613,1.7394213226872395
SB82808_component_760a,61.422224,-1.366004,19.2450008392334,75.47059631347656,61.42201274803253,-1.3658825388728828,12.604282272270117,0.9376741666867365,1.5268620952398937
SB82808_component_771a,56.987297,-0.808823,17.492000579833984,74.43404388427734,56.98718441035714,-0.8087549606033335,10.407304072174966,1.0321750972923702,1.6807427224693767
SB82808_component_776a,60.241143,-0.070364,17.566999435424805,60.16095733642578,60.241014539617275,-0.07018393439795485,10.934562420967612,0.9866163690915541,1.6065571496248572
SB82808_component_779a,62.88907,-1.133791,18.32900047302246,17.034387588500977,62.888975565197384,-1.133676217143026,14.093571643015691,0.7986745621560561,1.3005220349595135
SB82808_component_782a,62.358142,3.192252,18.958999633789062,23.968393325805664,62.35817663858762,3.192075086995518,12.846364955068115,0.9063319704199092,1.4758260177179077
SB82808_component_784a,61.014474,2.382532,17.524999618530273,58.80872344970703,61.01446741150136,2.3825594538939843,27.84727673919861,0.3864803554106873,0.6293254375520889
SB82808_component_788a,60.326264,0.326898,16.934999465942383,55.52458572387695,60.326174811328436,0.3269007929658979,19.99272114809429,0.5201940927179003,0.8470582538763929
SB82808_component_789a,62.287225,-3.632168,18.91200065612793,14.706066131591797,62.2872945248387,-3.6314824538689154,12.502266008224847,0.9289682619149071,1.5126858318073155
SB82808_component_790a,60.650003,0.211337,16.8700008392334,75.3125,60.64991406092736,0.21135104409183433,11.381756471835919,0.9102442675742832,1.4821966083159575
SB82808_component_792a,58.890705,0.151788,17.643999099731445,78.07079315185547,58.89054653883777,0.15180464540459773,8.568035644570594,1.2646428699095533,2.05928171072819
SB82808_component_793a,62.188479,-0.616937,17.18000030517578,49.79710388183594,62.18834418747339,-0.6170039403775487,10.941811792072784,0.9642420443763066,1.5701239092434849
SB82808_component_794a,57.537824,-2.082452,18.01300048828125,87.86829376220703,57.53795169627743,-2.0823322236969557,8.315476835139007,1.330304438713896,2.1662017519143424
SB82808_component_797a,58.216448,-1.986152,17.548999786376953,89.53571319580078,58.21637117162169,-1.986019290253294,9.244422183835365,1.165801836251781,1.8983338750000869
SB82808_component_801a,59.192704,1.408969,16.60300064086914,83.01499938964844,59.192783699058715,1.4090084932457247,10.7340894154009,0.9498904325988424,1.5467544566051155
SB82808_component_803a,58.31123,3.574697,18.64699935913086,39.844017028808594,58.311327836418094,3.5746058432349797,9.993513720865408,1.145889870233655,1.865910217364077
SB82808_component_805a,55.738611,-1.792414,18.042999267578125,53.69940185546875,55.73852677219064,-1.7923472980660333,9.803943328805033,1.1302124232776443,1.8403818404953305
SB82808_component_806a,57.025025,4.001289,16.975000381469727,14.658895492553711,57.02504497946085,4.001102385710885,10.424787452849843,0.9999878448890844,1.6283305974578157
SB82808_component_807a,59.794407,1.728397,16.937999725341797,73.00862121582031,59.79446495605443,1.7283729793223372,11.552037328481234,0.9004418577810971,1.4662348505039557
SB82808_component_808a,57.22658,2.679207,16.80299949645996,66.1535415649414,57.22658523183655,2.679278555950954,15.867614426937244,0.6503203030856393,1.058949319308817
SB82808_component_814a,59.739132,-2.080442,17.277000427246094,71.68879699707031,59.73896363676638,-2.0803391905464297,9.530316732379523,1.1133024046390319,1.8128464050462239
SB82808_component_816a,61.62297,-3.187128,16.246000289916992,35.471614837646484,61.622901942512655,-3.186880981551113,10.880035029086821,0.9169978141967111,1.4931937485940745
SB82808_component_825a,58.501132,3.462414,17.180999755859375,46.942623138427734,58.501110411432315,3.4624080573926896,15.645905907562245,0.6743725045389068,1.0981147309313142
SB82808_component_827a,62.528503,2.132041,17.28499984741211,33.1130256652832,62.52843552182427,2.132157328406662,9.410241006172036,1.1280303150146453,1.836828603653736
SB82808_component_830a,59.769953,2.014279,16.101999282836914,76.67619323730469,59.769940070316466,2.0142729335415175,8.88681558719013,1.1127196878721914,1.8118975379715414
SB82808_component_833a,58.609084,0.76138,15.8100004196167,75.28572082519531,58.60904687261103,0.7613905033876626,10.00042375093888,0.9708801368879519,1.580933049775255
SB82808_component_836a,55.838376,0.42154,15.446000099182129,54.773048400878906,55.83841568834723,0.42156260581833627,9.556798273516577,0.9925576746669833,1.616231676877127
SB82808_component_837a,59.144979,3.627506,17.615999221801758,41.94285583496094,59.1449042121231,3.627311705165596,9.468644893567637,1.14254046564324,1.8604562130922122
SB82808_component_839a,58.241991,4.191853,17.086000442504883,22.21846580505371,58.242087632406374,4.191888056822768,12.825748268794047,0.818106491935249,1.3321640253985283
SB82808_component_841a,61.399723,2.627536,17.805999755859375,54.61962890625,61.39955289540022,2.627590063309296,11.707719497053075,0.9339985280538983,1.5208768676377398
SB82808_component_842a,62.6574,2.089957,17.26099967956543,26.88629150390625,62.657296949206824,2.090039984744415,13.937091951637647,0.7605817783023012,1.238493635506022
SB82808_component_845a,56.220585,-0.977359,15.725000381469727,61.186771392822266,56.22049220281519,-0.9772822240099471,8.667220891835587,1.114199442937185,1.8143070977090798
SB82808_component_846a,60.744532,1.624191,16.429000854492188,65.97992706298828,60.74453169984378,1.6241611977293622,8.606744080774526,1.1722612252023763,1.908852023518484
SB82808_component_851a,56.846081,2.593589,16.204999923706055,63.054473876953125,56.84602071800786,2.5936785139677183,10.431186182498422,0.954041955060923,1.553514589826324
SB82808_component_853a,59.508812,0.903854,15.899999618530273,73.95348358154297,59.50882965484119,0.903818023434477,8.590146336679778,1.1367074046357197,1.8509579459243373
SB82808_component_859a,57.215818,-2.835652,16.791000366210938,58.302085876464844,57.21578147860148,-2.835514158447868,7.608135641345553,1.355346884221536,2.2069796278292073
SB82808_component_861a,57.098273,2.355982,17.082000732421875,70.87966918945312,57.09817194537954,2.3561432962234066,5.857364980072462,1.7909711384904663,2.9163285522649045
SB82808_component_864a,56.048165,3.010623,14.380000114440918,31.743928909301758,56.04803021609662,3.0105626112342825,8.070786062855442,1.094196173224157,1.7817347656658462
SB82808_component_866a,57.466767,-0.603157,15.85200023651123,73.38888549804688,57.466550493562245,-0.603187451094048,8.391893050844557,1.1600488213162004,1.8889659508846923
SB82808_component_868a,56.302823,2.219802,15.006999969482422,60.02799987792969,56.30271470088026,2.2197879780260665,7.937964584292337,1.161012410591162,1.8905350118566047
SB82808_component_872a,55.33677,3.166623,15.567000389099121,13.385210990905762,55.336421683698646,3.1665346928726774,11.710788760614935,0.8163397168388907,1.3292870964809116
SB82808_component_873a,57.905742,1.904319,16.226999282836914,70.24674987792969,57.90567728808093,1.9043874462420212,10.254771597919325,0.9717719576775754,1.5823852465060602
SB82808_component_874a,56.803949,2.960148,14.895000457763672,46.98738479614258,56.80390988870627,2.960109939560286,9.411040813271976,0.971974791457401,1.5827155309705925
SB82808_component_881a,54.976592,0.083018,15.246999740600586,15.416582107543945,54.97691606754321,0.08301432794846596,7.776062185072521,1.2041395064973315,1.9607610353052223
SB82808_component_883a,57.030708,-0.706829,15.446000099182129,62.03213119506836,57.03066849202669,-0.7067201186211157,7.654439871473612,1.2392380933024296,2.017913832826086
SB82808_component_887a,59.844702,-1.150258,15.980999946594238,73.30734252929688,59.84477000599343,-1.1501980894983657,7.745995939485252,1.26700644042678,2.06313043170227
SB82808_component_888a,60.817782,1.431322,14.560999870300293,51.27112579345703,60.81762895877291,1.4313533281004218,9.29395833867495,0.9621496230757169,1.5667167142021288
SB82808_component_889a,61.678268,-3.602218,15.02400016784668,18.079423904418945,61.678094904994005,-3.6020698615825957,9.963048514080526,0.9260735325579491,1.507972198129281
SB82808_component_890a,58.045702,2.622664,15.866999626159668,65.83817291259766,58.04574758590173,2.622578259150114,8.22836673833194,1.1842225017279564,1.92832917281665
SB82808_component_896a,57.057706,0.878448,15.520999908447266,67.77729034423828,57.05762916805236,0.8784122193812444,9.436265039941512,1.0101170534186965,1.6448244981198057
SB82808_component_897a,61.097671,0.034976,14.71500015258789,64.25764465332031,61.09755804293508,0.03493165776581084,7.6432279627387985,1.1823215229841888,1.925233713337403
SB82808_component_903a,58.004927,1.635853,14.677000045776367,61.15416717529297,58.00487932409851,1.635889299681686,6.62087641488109,1.3613630272391823,2.2167760166597166
SB82808_component_911a,56.040435,-0.113094,14.376999855041504,58.206478118896484,56.04034851949622,-0.11315190638069549,6.7352072472342455,1.3108996332508664,2.134603929366137
SB82808_component_918a,58.021017,2.068136,15.548999786376953,66.16595458984375,58.0209468080137,2.0681316748732166,9.59090743481003,0.9956229422145982,1.6212230064844682
SB82808_component_923a,62.886161,1.67561,14.473999977111816,16.011062622070312,62.885547488514455,1.6756630846416776,8.064334211248166,1.102229897842102,1.7948164842825365
SB82808_component_924a,57.382706,-0.919618,14.133999824523926,63.954750061035156,57.382575821940385,-0.9195923775282052,10.04376215004336,0.8642130091443744,1.4072415906884959
SB82808_component_929a,61.276812,-3.335345,13.397000312805176,28.565031051635742,61.27670798138688,-3.335145393379564,23.68500282087582,0.347365165344027,0.5656322025428319
SB82808_component_930a,58.206118,-3.334238,15.78499984741211,43.84722137451172,58.20599166124403,-3.3340478027436276,10.097550008369936,0.9600209416971698,1.5632504750486804
SB82808_component_932a,60.044326,0.092325,13.82800006866455,58.59321975708008,60.04421179548342,0.0924822022650987,6.724105254072124,1.2629233924076064,2.05648179886689
SB82808_component_937a,59.353052,2.258513,14.560999870300293,64.42920684814453,59.35300583657034,2.25857153054496,9.567538253073526,0.9346373409654136,1.5219170788914946
SB82808_component_938a,55.028167,-0.726559,14.416999816894531,16.420272827148438,55.02795384571604,-0.72647645813431,6.0140871099322855,1.4721678057812249,2.397205021038822
SB82808_component_939a,61.608292,2.593569,14.532999992370605,46.58012771606445,61.6082772162979,2.5935048434954733,10.92242470134878,0.8171247241471529,1.3305653634376593
SB82808_component_941a,61.480682,2.763419,15.017000198364258,44.038124084472656,61.48067482545097,2.7633150179816863,9.98949809630292,0.9231911987211275,1.5032787487012984
SB82808_component_944a,56.84355,-0.797704,15.479999542236328,67.89473724365234,56.84346149700365,-0.7975880533715685,8.538276922648274,1.1134041730721933,1.8130121197140763
SB82808_component_945a,60.483908,-3.939679,14.543999671936035,14.70576286315918,60.483777140281454,-3.9396822265491673,8.748692114781496,1.0209227002128116,1.6624198772937708
SB82808_component_950a,59.007847,1.239435,13.407999992370605,62.362789154052734,59.00785232592821,1.2394683570808442,10.02055260913513,0.8217211513451199,1.3380499574591669
SB82808_component_954a,60.656459,0.840467,14.538000106811523,62.39485168457031,60.65631709364057,0.840524884298688,8.723386967839732,1.0234618693975603,1.6665545344266355
SB82808_component_958a,61.779485,-0.829593,13.78499984741211,53.430233001708984,61.77934526255738,-0.8295533264331709,5.542734269738218,1.5273369022651808,2.4870396408275175
SB82808_component_960a,62.507218,-2.283033,14.755000114440918,26.161346435546875,62.5072677064479,-2.2830047912751277,6.356431332336253,1.4255353618723785,2.3212710628021274
SB82808_component_961a,62.167499,1.151551,14.093999862670898,43.10091781616211,62.16743464373295,1.1515192509538337,8.586966006176707,1.0079677956632425,1.6413247534149915
SB82808_component_968a,55.855175,2.541224,13.168000221252441,34.202598571777344,55.85524037011692,2.541032711393603,9.396252764657817,0.860631567158367,1.4014097482329682
SB82808_component_969a,61.443308,-3.889533,13.684000015258789,10.938448905944824,61.44329942324037,-3.8893600664511556,8.648522840608736,0.9716800065426805,1.5822355178396714
SB82808_component_971a,61.948509,-2.206093,14.28600025177002,45.4968147277832,61.948461550418585,-2.2061628030649003,7.432589205752487,1.1803822238898665,1.9220758549003762
SB82808_component_973a,59.227603,3.17751,13.654999732971191,44.04838562011719,59.22748988788585,3.177363253248568,11.206699907129734,0.7482833654642198,1.2184675101618312
SB82808_component_974a,55.194388,-0.00252,14.083999633789062,22.534399032592773,55.19432000147335,-0.0024390215350391506,7.863290770238004,1.0999521859812313,1.79110757128504
SB82808_component_975a,55.044952,0.041783,14.144000053405762,17.570186614990234,55.04488831606367,0.041747401369341006,9.029176542005164,0.9620025918600734,1.5664772958647586
SB82808_component_977a,56.864312,-0.954453,13.269000053405762,57.193965911865234,56.864023202818345,-0.9544000968328642,7.517854341906108,1.0839179945419561,1.7649982893977545
SB82808_component_982a,58.765628,-0.042919,13.199999809265137,66.0,58.765540743431025,-0.04299498298933084,6.810540714005013,1.1902672078058156,1.9381720723174023
SB82808_component_983a,56.599646,0.951588,13.21399974822998,54.82987594604492,56.59958056039636,0.9515979141891152,8.659894122040455,0.9370739163332217,1.5258846773425079
SB82808_component_985a,59.031556,3.28846,13.246000289916992,44.599327087402344,59.03153581140198,3.288393620552222,8.85816210333446,0.9183183743749012,1.495344083275562
SB82808_component_986a,59.752693,-2.305805,14.26200008392334,60.43220520019531,59.752574831199624,-2.305840828492158,9.619716029381657,0.9104798107946024,1.4825801552106819
SB82808_component_991a,55.846155,-0.70256,13.11299991607666,42.29999923706055,55.84614360864316,-0.7024918452509619,7.895818171790629,1.0198987445618224,1.6607525187098968
SB82808_component_992a,60.553137,-1.307233,13.472000122070312,59.87555694580078,60.55300356784391,-1.3071139176815705,9.637098970682219,0.858495249661436,1.3979310748031695
SB82808_component_994a,56.855977,0.803349,13.494000434875488,54.411293029785156,56.855921085763974,0.8032862470124885,7.970931949849783,1.039641855776241,1.6929012215603962
SB82808_component_995a,57.196978,-0.510662,13.170000076293945,54.875,57.19696666539811,-0.5106593645872979,6.269094195357246,1.290128946556571,2.1007819735819826
SB82808_component_999a,60.833385,0.732328,12.788999557495117,49.957027435302734,60.83321404395262,0.7324066813662334,6.287189168963337,1.2492005942784261,2.0341362751780907
SB82808_component_1000a,60.385652,-1.206148,13.144000053405762,67.06122589111328,60.38558085226538,-1.2060881177690412,8.137058980324875,0.9920012643591033,1.6153256459351586
SB82808_component_1002a,62.878044,0.786902,13.28600025177002,18.504179000854492,62.87770140871853,0.7869247651936122,10.059160634372166,0.811119141386583,1.3207861704058823
SB82808_component_1004a,59.777818,-2.729961,12.762999534606934,52.73966598510742,59.77766694770668,-2.729907845915764,8.003365617056819,0.9793371598608743,1.5947040464334599
SB82808_component_1012a,57.26055,-2.272462,13.652999877929688,57.12552261352539,57.26056259853409,-2.2723743609126035,6.7216732899485745,1.2473916259714821,2.031190640929551
SB82808_component_1013a,60.207729,1.555665,12.675000190734863,45.59352493286133,60.2076413176377,1.5556350598634587,5.801425429500076,1.3417308259195682,2.184807913979703
SB82808_component_1017a,60.352779,-2.803172,12.883999824523926,46.17920684814453,60.35270970752095,-2.803046274303772,7.0897094760250825,1.1160262474323726,1.8172817755217059
SB82808_component_1023a,57.740119,4.048226,13.642000198364258,12.894140243530273,57.74020375406766,4.0482879905030735,10.1142948458516,0.8283131939532709,1.3487841126126112
SB82808_component_1027a,56.050314,-2.205411,13.8149995803833,48.64436340332031,56.05035950317985,-2.2053991403381263,6.179974611258307,1.372828613786166,2.235446008987798
SB82808_component_1028a,59.235766,4.163635,13.378999710083008,13.207304954528809,59.23558085679424,4.1634348207699485,29.98936408829124,0.2739734792245272,0.44612482180996216
SB82808_component_1032a,62.967306,1.177509,13.833000183105469,16.06620216369629,62.967382729600295,1.1776723241896363,11.423130360346455,0.7436753510529688,1.210964048097051
SB82808_component_1033a,59.193699,2.01413,13.217000007629395,58.742225646972656,59.19373298714035,2.0141937008178497,6.520002306674642,1.2449080587412549,2.0271465232610297
SB82808_component_1036a,60.80205,-0.963181,13.312999725341797,62.79716873168945,60.8018541592872,-0.9630985551363901,7.5189598335926355,1.087352345581328,1.770590616252928
SB82808_component_1037a,60.347342,1.727857,12.215999603271484,44.260868072509766,60.347159041405696,1.7278104573416202,6.808156532786493,1.101923930887248,1.7943182628722008
SB82808_component_1039a,56.700646,-1.445332,12.65999984741211,53.193275451660156,56.70061164893447,-1.4452623409672434,6.984043762536445,1.1132145802566704,1.8127033961789332
SB82808_component_1040a,56.941118,3.280957,12.984000205993652,38.758209228515625,56.941065941728596,3.280929427157528,9.055691066201488,0.8805196513222806,1.4337945178423515
SB82808_component_1043a,55.795536,2.594335,13.079999923706055,29.79498863220215,55.79560416166726,2.5942947878425935,6.024130584958145,1.3334155067868183,2.1712676608249413
SB82808_component_1045a,58.23875,1.460049,13.300999641418457,52.36613845825195,58.2388619911736,1.4600095988478174,7.802004775027936,1.0469602844547266,1.7048181877549327
SB82808_component_1052a,56.796743,2.112616,13.432999610900879,59.438053131103516,56.79658672768702,2.1126894544991983,10.703244526337588,0.7707431829202689,1.25503996268105
SB82808_component_1058a,61.001658,0.790118,11.98900032043457,47.76494216918945,61.001439850827914,0.7901066874177834,6.806047061583005,1.081783022777569,1.761521807292069
SB82808_component_1060a,61.345687,1.993285,13.369999885559082,52.84585189819336,61.3457004268184,1.9932822256986495,13.170178284827337,0.6234360145504181,1.0151722775812344
SB82808_component_1066a,62.248116,-3.098522,12.137999534606934,17.24147605895996,62.24809996175212,-3.098450398427002,8.12322073397555,0.9176371752532467,1.4942348524199869
SB82808_component_1067a,60.22928,1.819309,12.40999984741211,46.8301887512207,60.22928192902397,1.8192755000281786,6.691689089786905,1.138906729461911,1.8545392173633253
SB82808_component_1068a,60.28598,2.435077,12.17199993133545,37.33742141723633,60.285907597521756,2.435206964924001,8.051171090026214,0.9284425228663367,1.5118297444224127
SB82808_component_1072a,57.708459,1.064128,11.447999954223633,51.8009033203125,57.70842761656183,1.0641199258044969,6.081734410222653,1.1559906087258998,1.8823577588296099
SB82808_component_1074a,59.847778,-2.583778,12.630000114440918,54.439659118652344,59.84775551081176,-2.583755353838739,8.956927930558425,0.8659571693055077,1.4100816945675136
SB82808_component_1075a,61.811666,-2.479325,11.26200008392334,38.70103073120117,61.8116324736857,-2.479123200808988,4.689154086189018,1.474935944913117,2.4017125214744697
SB82808_component_1076a,61.629009,1.595865,12.211999893188477,49.84489822387695,61.62893807946239,1.5958602997846127,8.382335080689097,0.894692736665704,1.456873266892183
SB82808_component_1077a,58.53488,-0.680864,12.295999526977539,65.40425872802734,58.53472617412246,-0.6807413968344871,4.928173733683013,1.5322511837132236,2.495041812941174
SB82808_component_1079a,57.404653,0.247944,12.350000381469727,48.05447769165039,57.40464376065404,0.24797841258118625,7.6195313166994,0.9953844458687384,1.620834650866617
SB82808_component_1085a,61.624606,2.132872,11.623000144958496,42.88930130004883,61.624569743214224,2.1328189142794507,6.844073571003725,1.0429313234159554,1.6982576274751986
SB82808_component_1088a,56.498347,2.133278,11.802000045776367,49.588233947753906,56.4983848490413,2.1333694009512616,6.915088400115666,1.0481175984005524,1.7067027003702455
SB82808_component_1090a,55.684652,-2.723693,11.894000053405762,23.41338539123535,55.68458798675128,-2.723865329463091,6.2009224928360895,1.1779416298430117,1.918101712631769
SB82808_component_1091a,58.200518,-2.127982,12.248000144958496,68.4245834350586,58.20034764993015,-2.1278696140562503,5.822000804707701,1.2919480748497394,2.103744151848055
SB82808_component_1093a,58.463604,3.059012,12.111000061035156,50.462501525878906,58.46350711500365,3.0591316132272732,7.858926302089852,0.9463873521423714,1.5410502141767877
SB82808_component_1096a,61.644191,2.110704,11.399999618530273,44.1860466003418,61.64423639347543,2.1106942938347975,6.188873727551734,1.1312155135080781,1.8420152228635012
SB82808_component_1098a,60.835485,1.532164,11.373000144958496,43.243343353271484,60.835475321549204,1.5321656042355325,5.9346059083141585,1.176888441302762,1.9163867526612597
SB82808_component_1099a,56.025637,0.759845,11.428999900817871,49.47618865966797,56.02562377726194,0.7598022990223978,7.831115365753554,0.8962656342078197,1.4594344952186908
SB82808_component_1100a,58.183901,-4.067273,11.718999862670898,11.614470481872559,58.18332152570459,-4.067147890811929,6.133098969311791,1.1734449321251645,1.9107795131481327
SB82808_component_1103a,55.130965,2.575317,11.876999855041504,10.38199234008789,55.13130817193903,2.575102417376419,8.901065784206661,0.8194394681813225,1.3343345777889994
SB82808_component_1107a,56.756117,0.097185,11.651000022888184,53.44495391845703,56.75605799674461,0.09724515732648936,9.526833088580299,0.7510464266314957,1.2229667418918149
SB82808_component_1108a,62.090082,0.657239,12.329999923706055,37.7064208984375,62.09002595787866,0.6572884187268063,6.62637392694888,1.142718535208789,1.8607461727387626
SB82808_component_1110a,60.643405,-1.347265,10.977999687194824,45.5518684387207,60.64321796661234,-1.3471295358421296,5.962760948157125,1.1306493906468713,1.8410933764815325
SB82808_component_1117a,58.287779,0.476564,11.734000205993652,69.43195343017578,58.2878639753918,0.4764365330327457,4.969015425535567,1.450199943867554,2.3614336445190136
SB82808_component_1120a,57.43077,-1.570182,11.305999755859375,52.58604431152344,57.43066117694049,-1.5699773616266792,6.366875856432624,1.090522742923096,1.7757531340016035
SB82808_component_1125a,55.181748,2.627111,10.229999542236328,10.148808479309082,55.18169482385878,2.626966134492676,10.531500569939904,0.5965371515102167,0.9713715034527795
SB82808_component_1126a,60.948915,-2.219868,12.37399959564209,51.55833435058594,60.948871327696565,-2.219690022752961,5.907204818094941,1.2864123644608556,2.094730075676075
SB82808_component_1128a,56.0776,2.642149,11.026000022888184,29.63978385925293,56.077628966318265,2.6421207332733667,7.502870487780619,0.9024905780884979,1.469570885015999
SB82808_component_1129a,59.919805,-0.489807,10.857000350952148,53.2205924987793,59.91968809830271,-0.4897602135898012,5.723698754545552,1.164890815367129,1.8968504137870492
SB82808_component_1131a,62.962377,-0.192474,12.456999778747559,14.535589218139648,62.962046165241816,-0.19219529337427613,7.835116366822442,0.9763828515285147,1.5898933973075804
SB82808_component_1132a,59.603718,3.811846,11.013999938964844,16.78963279724121,59.603887591696235,3.81181019499068,7.826269974950865,0.8642559575226465,1.4073115256970155
SB82808_component_1135a,59.804148,2.535829,11.803000450134277,51.767547607421875,59.80410345618908,2.5358700087576804,6.230709397545746,1.1633410822007935,1.894326905180883
SB82808_component_1136a,55.762365,1.606278,10.579999923706055,32.654319763183594,55.76245441170413,1.6062354880454903,4.942278499770058,1.314651337310019,2.140713018134914
SB82808_component_1137a,56.027131,-0.283156,11.788999557495117,42.40647506713867,56.027018175704896,-0.28306737188455494,7.133463673555734,1.0149125780123103,1.65263329246321
SB82808_component_1138a,60.710874,-2.718581,11.48900032043457,36.58917236328125,60.71073531800146,-2.7185010819430397,7.187214069307952,0.9816887149658665,1.5985332021063388
SB82808_component_1141a,58.488017,2.636283,10.998000144958496,47.405174255371094,58.48799993703651,2.6362387569058923,6.386598845016311,1.0575385813970222,1.7220433617089672
SB82808_component_1142a,56.57862,-0.883172,11.312999725341797,48.974021911621094,56.578586702723975,-0.8830337955554944,5.365104947825627,1.2949461009063576,2.108625988747291
SB82808_component_1145a,56.343824,-2.286638,11.1899995803833,47.01680374145508,56.34385735194504,-2.2864668238705312,5.534609617136358,1.2416386252119878,2.021822739897792
SB82808_component_1148a,56.959516,3.360248,10.96399974822998,25.858489990234375,56.95932471350905,3.3602555813478827,12.808602629223985,0.5256775158735502,0.8559871881117322
SB82808_component_1150a,55.538529,-2.486857,12.25100040435791,22.113718032836914,55.53864570996259,-2.486647624971515,4.7463175981829275,1.585137338663429,2.581159003992498
SB82808_component_1152a,58.924527,-3.431326,11.53600025177002,31.519126892089844,58.924404867056616,-3.4312345149954955,5.674644263057362,1.2484430987991573,2.03290280711882
SB82808_component_1155a,61.8171,-3.343166,10.196999549865723,16.66176414489746,61.817076546843225,-3.34265660451652,5.751867559094842,1.088718643636483,1.7728154282242201
SB82808_component_1162a,56.366852,3.612565,10.609000205993652,14.221179962158203,56.36653764845937,3.6121714491518686,7.8076903559358195,0.8344570993675098,1.358788543391469
SB82808_component_1165a,59.187082,-1.221382,11.357999801635742,59.77894592285156,59.187022679656806,-1.2212472718730913,6.792356549632498,1.0269126861621696,1.6721736732519246
SB82808_component_1167a,55.982987,-1.154394,10.958999633789062,35.813724517822266,55.982856114753154,-1.1544034423501504,5.1434805704437645,1.308476557321832,2.1306583127315193
SB82808_component_1168a,56.20112,1.409711,10.560999870300293,46.73008728027344,56.20111258553065,1.409695083756811,5.186434051165683,1.2505132991101537,2.0362738186031004
SB82808_component_1169a,57.844192,-3.307781,10.859999656677246,31.661808013916016,57.844256953798364,-3.307749905415953,7.497621584287274,0.8895255599489861,1.4484592926690898
SB82808_component_1174a,58.733873,0.989405,10.717000007629395,52.02427291870117,58.73393919988256,0.9893868829994259,9.296248782813072,0.7079745250523055,1.1528305941470727
SB82808_component_1175a,59.655369,-2.622254,10.866000175476074,43.638553619384766,59.6553354436614,-2.6221384848473073,6.069771887404794,1.0993841599112455,1.790182625812313
SB82808_component_1176a,61.166614,2.607296,11.128000259399414,35.32698440551758,61.16672042173319,2.607316017783511,6.889286241146319,0.9919619987715502,1.6152617078003437
SB82808_component_1181a,62.663625,-0.959346,10.125,19.698444366455078,62.6634387215534,-0.9592097302766165,6.715511151274763,0.9259085505282683,1.507703549576868
SB82808_component_1182a,59.644931,0.329622,10.595000267028809,47.088890075683594,59.64495869140135,0.32975181194904324,5.494875315359042,1.1841187748741138,1.9281602691537174
SB82808_component_1184a,56.001398,1.255102,9.875,37.83524703979492,56.00134218837873,1.2549335015325407,5.067575284202617,1.1967103094170226,1.9486636993403508
SB82808_component_1185a,58.771201,-3.845817,11.026000022888184,15.52957820892334,58.77098825127776,-3.8461473563297774,6.769669922951352,1.0002363484345793,1.628735248303098
SB82808_component_1187a,58.419468,0.995943,10.25100040435791,47.458335876464844,58.4196410017672,0.9959077231317993,6.624216697288115,0.9503506083011725,1.5475037838895824
SB82808_component_1188a,62.401211,0.710959,10.722000122070312,29.537189483642578,62.40099799432142,0.7108523757551688,5.327705283117467,1.2359125794967285,2.0124987311228324
SB82808_component_1191a,56.643926,-0.246718,10.640000343322754,43.076927185058594,56.643926366086454,-0.24663620905077005,5.044927268929673,1.2952060663719664,2.109049303614664
SB82808_component_1197a,61.442046,2.41772,10.260000228881836,37.30908966064453,61.44195146981027,2.417713366843819,17.379606564553647,0.3625430358605699,0.5903470939214175
SB82808_component_1198a,60.871371,-1.609831,10.505999565124512,45.090126037597656,60.8712618747517,-1.6096864006100813,5.601242196126494,1.1518745000593478,1.8756552916761704
SB82808_component_1200a,56.121843,1.863948,10.230999946594238,39.8093376159668,56.121839547048936,1.8638813699502597,5.073290853932385,1.2384556491597287,2.0166397396009796
SB82808_component_1202a,61.253821,-2.861476,11.253999710083008,30.748632431030273,61.25371565237488,-2.8615080749532487,4.863167259922306,1.4211497089186242,2.3141296831034355
SB82808_component_1203a,61.750526,-0.541378,10.196000099182129,43.38723373413086,61.750417124146296,-0.5414276837638318,10.060312087231651,0.6224013342655316,1.0134874555355684
SB82808_component_1204a,61.417757,-2.766648,10.428999900817871,33.4262809753418,61.41774688310865,-2.7664832593129525,6.701525994386233,0.9556989178408787,1.5562127058156734
SB82808_component_1208a,57.510715,-3.881627,10.762999534606934,11.535904884338379,57.51072873373949,-3.881512975924182,5.561747860830353,1.1884315218671635,1.9351829324028451
SB82808_component_1210a,62.285242,1.443961,10.793000221252441,28.704788208007812,62.28503390143557,1.4440577173223272,7.053559303425705,0.9396930208163619,1.5301494971497016
SB82808_component_1211a,57.010469,1.633791,10.526000022888184,44.6016960144043,57.01043209134477,1.6339150714669215,4.772037367274244,1.3546018622168583,2.205766470957155
SB82808_component_1212a,60.672545,-0.630285,10.54699993133545,46.87555694580078,60.67237351627961,-0.6302042237323436,10.946301976893498,0.5917164672551525,0.9635217403648343
SB82808_component_1213a,61.940915,-1.247238,10.267000198364258,36.15140914916992,61.94076345054169,-1.2471155304006034,7.358069220887767,0.8569033461127593,1.3953388980384616
SB82808_component_1217a,62.386839,-1.135297,10.730999946594238,28.69251251220703,62.38660092646197,-1.1352862281827532,6.256659990829023,1.0532944010230412,1.715132348940757
SB82808_component_1221a,61.450183,-1.511101,9.989999771118164,41.11111068725586,61.44999169132734,-1.5111257348283202,6.2067786884502265,0.9884423747389592,1.609530526633385
SB82808_component_1222a,60.487834,0.921281,9.932000160217285,38.49612808227539,60.48787276613026,0.9212703153889982,5.988731864518913,1.0184834742579716,1.6584479627583297
SB82808_component_1235a,58.102695,-3.185396,10.11400032043457,35.612674713134766,58.10262853463382,-3.1853976573290086,7.943177977573889,0.7819532821276093,1.2732939320999228
SB82808_component_1236a,60.993821,1.586376,10.00100040435791,34.8466911315918,60.99376435799887,1.5865655153051907,5.253172421001077,1.1691599410390296,1.9038020462408614
SB82808_component_1237a,59.370434,2.515452,10.427000045776367,46.137168884277344,59.370376698486936,2.515428446784254,4.676299779417318,1.3693332966045997,2.229754407891191
SB82808_component_1238a,56.243683,-0.092761,10.730999946594238,40.80228042602539,56.24370261890514,-0.0927413506325598,6.038369974963945,1.0913715066762586,1.7771352187902851
SB82808_component_1239a,58.599619,-0.279774,10.197999954223633,52.29743576049805,58.599415189173655,-0.2797810740615641,5.831300730603597,1.0739936256775662,1.748837939484565
SB82808_component_1240a,56.640191,-1.224102,10.581000328063965,42.15538024902344,56.640039735191706,-1.2238537871593038,4.698756592542782,1.3829163690148885,2.2518724091511078
SB82808_component_1241a,60.135155,3.110662,10.12600040435791,30.96636199951172,60.13515869993072,3.110590280708526,7.183898885960321,0.8656251516915291,1.409541053556226
SB82808_component_1242a,59.353444,-3.757657,10.626999855041504,17.223663330078125,59.35327602026645,-3.757728768720446,6.092020710223265,1.071276161717572,1.7444129559848522
SB82808_component_1248a,58.212274,0.222214,10.020000457763672,45.3393669128418,58.2122003077838,0.22213270570424962,5.666948321751424,1.085851977426276,1.7681474911821493
SB82808_component_1252a,59.653151,-4.076421,10.1850004196167,10.09415340423584,59.653329775846636,-4.076442143290284,4.080470698142823,1.5328615306616076,2.4960356716327556
SB82808_component_1254a,60.562124,-1.874858,9.871999740600586,40.13007736206055,60.56201007678276,-1.8747623717805513,8.999395451702169,0.6736649260796893,1.0969625452711238
SB82808_component_1257a,60.975779,-2.144829,10.052000045776367,43.89519500732422,60.97576525204622,-2.1447494893860983,7.127922716621938,0.866047349783113,1.4102285399834142
SB82808_component_1258a,56.31067,-2.494712,9.942999839782715,35.510711669921875,56.3108664777113,-2.4946023661281806,6.536488894587013,0.9341681199637425,1.5211530226903156
SB82808_component_1266a,58.137008,3.317014,9.951000213623047,31.99678611755371,58.136938709305454,3.316993112806586,8.714618797104368,0.70124613149413,1.1418744118709467
SB82808_component_1271a,61.785503,-2.824755,9.034000396728516,23.104860305786133,61.78562128391152,-2.824633513628901,4.570577079520796,1.2138393306056292,1.9765557476772033
SB82808_component_1272a,58.069887,-2.294586,10.383999824523926,53.52577209472656,58.06973935030874,-2.294506279982372,4.884629846852922,1.30552487374492,2.1258519376271976
SB82808_component_1274a,61.04599,1.347127,9.550000190734863,38.50806427001953,61.04571234226332,1.3473122352748599,6.5807398368956065,0.8912115288145548,1.451204640729267
SB82808_component_1275a,60.012284,-0.626265,9.416999816894531,37.97177505493164,60.012149090664835,-0.6261543275109958,5.700441266359601,1.0145097473266362,1.6519773429589932
SB82808_component_1282a,61.164453,-1.559428,9.598999977111816,38.86235046386719,61.16434404723365,-1.5593015703001676,6.006409246314378,0.9814387667165748,1.5981261987770654
SB82808_component_1287a,58.134052,-3.425698,9.932000160217285,28.705204010009766,58.134135770890936,-3.4256001087922763,4.0145977423563926,1.5193114795592317,2.473971440632465
SB82808_component_1289a,59.821511,-1.117777,9.545999526977539,44.816898345947266,59.821527049925734,-1.1175639812143512,5.225960593321234,1.1217792833877414,1.8266497338646805
SB82808_component_1291a,56.236148,2.597978,8.88599967956543,28.850648880004883,56.236243038805405,2.597981308906864,5.231345664737754,1.0431457989972164,1.6986068688716411
SB82808_component_1292a,61.655671,2.496039,9.1899995803833,29.361021041870117,61.65580654118515,2.4961826958752953,4.006448598738841,1.4086660689055748,2.293801943016603
SB82808_component_1293a,57.322277,0.788454,9.286999702453613,40.03017044067383,57.322466642063844,0.7884016378204591,4.431982255590567,1.2868548275941603,2.0954505606918565
SB82808_component_1297a,61.928096,-3.19449,10.449999809265137,18.93115997314453,61.928030745617505,-3.194201490180788,4.056560548664031,1.582014491026974,2.576073913825024
SB82808_component_1298a,57.39931,2.838436,9.520999908447266,35.262962341308594,57.399213796802265,2.838601987705005,5.186152452782619,1.12742956477123,1.8358503717604355
SB82808_component_1300a,56.094922,0.505292,9.27400016784668,43.134883880615234,56.094946760164035,0.5051904172165077,5.508914155319692,1.033839763507027,1.683453382349628
SB82808_component_1301a,56.372209,3.421652,9.317000389099121,16.78738784790039,56.37208745651849,3.4214585717995103,8.50629205057223,0.6726481647063672,1.0953069014920966
SB82808_component_1302a,60.540676,-3.296831,9.144000053405762,21.46478843688965,60.540506538163534,-3.2965880564760033,5.970118826177612,0.940600883105895,1.5316278150631446
SB82808_component_1304a,57.377719,0.234638,9.437000274658203,39.818565368652344,57.377619675413925,0.2346668899911171,10.537823074070536,0.5499651909082349,0.8955360332324209
SB82808_component_1305a,58.784675,3.337076,9.243000030517578,29.342857360839844,58.78463835513628,3.337034537898468,7.663299195148668,0.7407118797032585,1.206138478368293
SB82808_component_1306a,60.150073,-2.003193,9.461999893188477,37.69721221923828,60.15005613190845,-2.0030369907674737,6.57732462158776,0.8834577795243747,1.4385788200467988
SB82808_component_1307a,59.52565,-0.586985,9.717000007629395,44.98611068725586,59.52556903620839,-0.5868635374171327,5.397034641214096,1.1056791876202385,1.8004331366388073
SB82808_component_1308a,57.348245,-2.036505,9.711000442504883,41.14830780029297,57.34829152469923,-2.0362895316785434,5.878752951317821,1.0144505958103465,1.6518810235643597
SB82808_component_1309a,56.221506,-1.01564,9.52299976348877,33.889678955078125,56.22136706941702,-1.015419172308119,4.310266805255691,1.3568185021408652,2.2093759374424278
SB82808_component_1310a,57.418626,-1.068209,9.130000114440918,48.306880950927734,57.41869205323175,-1.0681706061208316,5.291328456033605,1.0596396474105514,1.725464633372012
SB82808_component_1314a,57.07546,-3.384939,9.864999771118164,24.35802459716797,57.07550319519657,-3.3849788453702785,4.962674355047078,1.2207688492070925,1.9878394319960535
SB82808_component_1315a,60.098899,0.609281,8.899999618530273,30.169490814208984,60.09886215877376,0.6093022229565931,3.7319489920728626,1.4645574967793402,2.3848127714057754
SB82808_component_1316a,55.496534,-2.798609,8.588000297546387,11.894737243652344,55.49660663074439,-2.7983960213736827,5.37887218259576,0.9805121146014631,1.5966172844438091
SB82808_component_1318a,62.350048,-0.494357,8.817999839782715,25.708454132080078,62.34992473722479,-0.4943893354921706,9.830861241792423,0.5508465804383662,0.8969712442177612
SB82808_component_1321a,60.795699,-1.475525,9.204000473022461,39.165958404541016,60.79565737943571,-1.4755540973849075,6.481375514917516,0.8720905602803255,1.4200690041548372
SB82808_component_1323a,58.393146,2.955373,9.098999977111816,35.54296875,58.393068055508195,2.955416505252261,7.0420748097402495,0.7934967768031693,1.2920907861595747
SB82808_component_1324a,57.941074,3.428392,9.788999557495117,27.968570709228516,57.9409516605074,3.428370607856226,6.965413020378049,0.8630651350105859,1.405372449394798
SB82808_component_1326a,61.771649,0.915115,8.911999702453613,35.64799880981445,61.771357678902405,0.915113098941044,5.263768572505094,1.039753794521801,1.6930834970604114
SB82808_component_1328a,62.469063,2.545818,9.883000373840332,16.894018173217773,62.4689557050601,2.5456892411581395,5.18928878256483,1.169588553992096,1.9044999783102479
SB82808_component_1329a,58.237954,1.973417,8.690999984741211,39.32579040527344,58.23791527571577,1.9734530943128565,4.537754112191051,1.1761993296902589,1.9152646374981233
SB82808_component_1331a,56.583574,-1.065635,9.734999656677246,41.07594680786133,56.58318085453252,-1.0656696811353341,5.826390442170586,1.0260971785829556,1.67084574116707
SB82808_component_1333a,63.01674,-2.364597,9.62399959564209,11.637242317199707,63.01618384171931,-2.3642318578637695,5.953257873722012,0.9927800433266282,1.6165937709708362
SB82808_component_1339a,61.43478,0.995475,8.607000350952148,37.4217414855957,61.43455535406632,0.9955613479067998,5.168731586700634,1.022633412551187,1.6652055163975483
SB82808_component_1340a,56.582881,-2.026738,8.803999900817871,33.992279052734375,56.58292544701635,-2.0265039616675757,5.874244710538669,0.920407464033739,1.498745853236772
SB82808_component_1345a,61.335531,-2.766236,8.892999649047852,29.8422794342041,61.33554454909112,-2.766016657758574,4.746910786997552,1.1505072053524494,1.873428856806623
SB82808_component_1347a,59.74831,2.570416,8.918999671936035,38.77825927734375,59.74842921349599,2.570514005696981,9.91843855224723,0.5522363352080489,0.8992342519393085
SB82808_component_1348a,55.645727,-0.880951,9.642999649047852,27.789623260498047,55.64549382531923,-0.8808762527515961,4.271377927152069,1.3864247074240033,2.257585213368675
SB82808_component_1352a,62.131823,2.165074,8.737000465393066,25.621702194213867,62.13185631000188,2.1650670936121883,6.452285404408469,0.8315740473552589,1.3540939245222452
SB82808_component_1354a,62.511502,3.061585,9.713000297546387,10.54614543914795,62.511279625862905,3.061849248791804,11.704557638900132,0.5096247774557741,0.8298477052447674
SB82808_component_1359a,59.683659,2.452861,8.720999717712402,42.13043212890625,59.683641248344536,2.452932059825284,8.474653280515126,0.6319700118656888,1.0290686154398405
SB82808_component_1361a,62.523795,-1.154936,9.777000427246094,20.757963180541992,62.52375923309411,-1.1551257102780892,6.248649154644415,0.9608854799016752,1.5646582461713618
SB82808_component_1362a,62.931872,-0.334284,9.416000366210938,11.934094429016113,62.931252547276955,-0.33435622177928037,4.997787198632303,1.157019940599606,1.8840338717878433
SB82808_component_1365a,61.571139,1.766693,8.74899959564209,38.372806549072266,61.57117230967827,1.7667006101187894,14.770350836126093,0.36376400501152756,0.5923352595148472
SB82808_component_1366a,61.316188,-0.183725,8.314000129699707,32.86166000366211,61.315926234143525,-0.18374225679108938,5.293542778718732,0.9645299936096836,1.5705927914900233
SB82808_component_1368a,60.453969,4.119393,9.824000358581543,21.310195922851562,60.4538971516614,4.119032976518964,4.387550163456319,1.3750497524604388,2.2390628010148217
SB82808_component_1373a,61.460859,2.189052,9.440999984741211,36.87890625,61.46076904425094,2.1890702525308816,4.581254058674394,1.265568794078008,2.060789439709224
SB82808_component_1376a,57.291835,2.02633,9.130000114440918,35.38759994506836,57.29164312655245,2.0262830272114156,4.526528318366833,1.2386758736788,2.016998342282549
SB82808_component_1380a,61.014895,1.606582,7.9679999351501465,27.570934295654297,61.014753623962285,1.606765228831347,5.773407985558684,0.8475575769730014,1.3801207112126677
SB82808_component_1383a,60.822753,-0.554994,8.744000434875488,39.926944732666016,60.82266407510162,-0.5547795620723753,4.689897667978164,1.1449827435323645,1.864433097246036
SB82808_component_1384a,57.165915,-1.055054,8.64900016784668,41.18571472167969,57.16584956888874,-1.0551545947012142,5.790825659692123,0.9172285258102467,1.4935694279400074
SB82808_component_1386a,55.530631,1.436883,8.906000137329102,22.209476470947266,55.53046549950725,1.436972982263094,5.96969780467358,0.9161835459904232,1.4918678346426075
SB82808_component_1388a,55.201075,-1.876075,8.616000175476074,11.307086944580078,55.201266812448594,-1.8760834934900763,4.401906942562644,1.202034629150388,1.957333557455925
SB82808_component_1389a,59.629039,-1.792593,8.597000122070312,43.20100402832031,59.628817712419036,-1.7924933312120837,8.448432799621099,0.6249178304825677,1.01758519313261
SB82808_component_1390a,59.479397,0.57357,8.295999526977539,36.87110900878906,59.47937478747804,0.5736095554445733,3.3278498676327444,1.5309363352101124,2.49290077886803
SB82808_component_1392a,59.948912,1.786619,8.88700008392334,38.306034088134766,59.94903787100596,1.7865456910625557,4.765242266718228,1.145308111227449,1.8649629098592972
SB82808_component_1393a,57.247157,0.355322,8.46399974822998,38.298641204833984,57.247142760792556,0.35531484998109125,4.31171337134059,1.2055296506212543,1.9630246770318984
SB82808_component_1394a,58.996321,-2.168261,9.130000114440918,44.10628128051758,58.99610776725418,-2.1682743789844747,5.091742547782786,1.1011753573295664,1.7930993228274281
SB82808_component_1398a,58.486953,-2.736919,8.663999557495117,34.7951774597168,58.48681650224845,-2.736917686064713,6.7945925622276775,0.7830818163256895,1.2751315812017632
SB82808_component_1400a,58.390854,1.59331,7.84499979019165,29.603775024414062,58.39088071073016,1.5933523814044812,4.278272139390731,1.1260992450024045,1.833684145045728
SB82808_component_1401a,62.537678,-1.655627,8.930000305175781,16.537036895751953,62.53760727041575,-1.6554344161224899,11.543285769369371,0.4750881125498995,0.7736099134677874
SB82808_component_1402a,58.922676,0.06075,8.793000221252441,39.96818161010742,58.9225505524801,0.06101784235378323,4.650382664043767,1.1611826297321006,1.890812188261178
SB82808_component_1404a,59.778637,-0.10513,8.034000396728516,33.75630187988281,59.77855150912939,-0.10505921004102341,6.80294583534015,0.72524872356506,1.1809590420363552
SB82808_component_1407a,60.401421,2.028371,8.880999565124512,28.741100311279297,60.40128741504728,2.028315460479278,3.942326936490938,1.3834432503084528,2.252730356511092
SB82808_component_1412a,59.377006,1.843024,8.717000007629395,39.803653717041016,59.37697944115936,1.8430142268071712,6.7599897274432275,0.7919051144115182,1.2894990020830033
SB82808_component_1413a,58.5114,-0.799872,8.03600025177002,42.073299407958984,58.51115310103994,-0.799877052266771,4.714026777622119,1.0468875473610741,1.704699746280099
SB82808_component_1416a,60.863208,0.127513,8.411999702453613,33.78313064575195,60.86318686417242,0.12738825589110375,8.204050663825662,0.6296845715450128,1.0253471178018032
SB82808_component_1417a,61.704701,2.364331,9.109000205993652,33.003623962402344,61.704652364422884,2.3644185438941285,2.8459128598612238,1.9656276435534508,3.200730540441719
SB82808_component_1419a,58.210616,-3.204905,8.633999824523926,26.89719581604004,58.210677744390054,-3.2048865537309594,5.691278402529989,0.9316533335074215,1.5170580691828017
SB82808_component_1425a,55.601714,2.502727,8.92199993133545,19.023452758789062,55.60162830379422,2.50270395646429,12.052808682934172,0.454596502428238,0.7402423921295871
SB82808_component_1427a,62.195912,-1.587468,8.331999778747559,23.942529678344727,62.19568878394203,-1.5875695974801396,5.60879717356076,0.912287347994754,1.4855234591159172
SB82808_component_1428a,57.332016,2.363069,8.729000091552734,35.921810150146484,57.33200771851795,2.3630618733341695,4.456983626891027,1.2027506403651065,1.9584994745968263
SB82808_component_1432a,57.665474,0.962297,8.687000274658203,38.26872253417969,57.66557745629491,0.9622243959353932,6.133033387044726,0.8698545585312495,1.4164280098341573
SB82808_component_1437a,60.416735,1.370358,8.845000267028809,32.399269104003906,60.41646499851068,1.3704303900015806,4.5218041412061645,1.2012633870056488,1.9560777050085714
SB82808_component_1438a,60.374352,1.351876,8.062000274658203,30.082090377807617,60.374369271584705,1.351791047031166,5.6287473517230735,0.8795958879513266,1.4322903073967712
SB82808_component_1439a,56.749137,-2.644331,8.934000015258789,34.09923553466797,56.749102389765724,-2.644242746685512,7.327946578373814,0.74871372025265,1.219168278549512
SB82808_component_1442a,62.475609,0.790421,7.866000175476074,19.863636016845703,62.4754426568171,0.7903407118965848,4.23023742708065,1.1419348992069014,1.859470138749285
SB82808_component_1451a,58.842596,-2.444199,8.109000205993652,39.364078521728516,58.842406480800186,-2.444261058373678,6.318950916719219,0.788087550448762,1.283282670314493
SB82808_component_1454a,61.378929,-1.092842,8.420999526977539,33.81927490234375,61.37872023405729,-1.0928698247654638,7.937892476921461,0.6514942222270206,1.0608608710007925
SB82808_component_1462a,55.509498,-1.621699,7.76800012588501,17.072526931762695,55.50944488715014,-1.6217261146907664,3.9963917460397527,1.193694816618757,1.9437534204655371
SB82808_component_1466a,56.747823,3.641566,7.629000186920166,12.033123016357422,56.747813048448805,3.640967294538677,4.177456803097057,1.1215219947688655,1.8262307778417304
SB82808_component_1467a,55.90391,-1.043433,8.274999618530273,28.339040756225586,55.903653310464456,-1.0433206710604657,3.672986688071935,1.3835688177114942,2.252934824240836
SB82808_component_1469a,59.882062,3.021315,8.039999961853027,31.162792205810547,59.88215426267366,3.0213571056256905,5.83017534816282,0.8468891469427694,1.3790322729120932
SB82808_component_1470a,61.912877,-1.107179,8.739999771118164,33.10606002807617,61.91253217901586,-1.10724121751442,6.252381249042542,0.858456131127241,1.3978673761227474
SB82808_component_1472a,60.104563,-2.472841,8.739999771118164,36.11570358276367,60.10451534195333,-2.4728135253309795,5.305573387992877,1.0116522051193562,1.6473242629906486
SB82808_component_1475a,59.684347,0.436507,8.038000106811523,37.915096282958984,59.68430453720529,0.4364708484885202,3.84421919749765,1.2840797638409973,2.0909317845464606
SB82808_component_1483a,56.256233,-1.032679,7.861000061035156,30.94881820678711,56.25614171014952,-1.0326708707259893,3.7315404935533567,1.293724427157868,2.106636675822195
SB82808_component_1484a,59.357492,-1.991937,8.083000183105469,39.62255096435547,59.3572079902856,-1.9918991697239072,5.452951756116735,0.9103178751438151,1.4823164672305291
SB82808_component_1501a,62.303499,-2.939062,7.672999858856201,12.237639427185059,62.30363625655486,-2.9389062710890057,3.270271525563295,1.44089891615647,2.3462883124160614
SB82808_component_1504a,57.623616,3.035441,8.168999671936035,28.764081954956055,57.623531930823425,3.0354112669432673,5.122486375263642,0.9793551334683316,1.594733313764177
SB82808_component_1507a,57.419013,-2.564155,8.157999992370605,36.097347259521484,57.419083260106824,-2.564124762176479,7.5273741110646935,0.6655678524501846,1.0837776722667387
SB82808_component_1508a,58.443022,-1.77843,8.39900016784668,43.74479293823242,58.44291041278072,-1.7783686001476824,3.7045932059117166,1.3923204483157512,2.267185545350491
SB82808_component_1512a,57.181127,-1.526996,7.236000061035156,32.0177001953125,57.1810653537747,-1.526946915146471,4.4482586174613425,0.9989889179424837,1.6267039943744999
SB82808_component_1516a,57.525483,2.601012,7.827000141143799,28.46181869506836,57.52543941910781,2.6011156357787995,5.929945239742165,0.8105817027601541,1.3199110320088079
SB82808_component_1526a,56.988697,2.549031,7.855000019073486,30.328184127807617,56.98870184538059,2.549094118621716,5.51906456255434,0.874043109363794,1.4232484382168606
SB82808_component_1527a,58.768397,2.084475,7.728000164031982,30.788846969604492,58.7683146147081,2.0845162340795804,4.92842498764846,0.9629663452688321,1.5680466241040036
SB82808_component_1535a,55.476171,1.360772,7.465000152587891,18.994911193847656,55.47620181727951,1.3606444137515727,5.05640143928901,0.9066515577952876,1.47634641794532
SB82808_component_1537a,61.011767,-1.194526,7.449999809265137,30.2845516204834,61.01175082803346,-1.1944892453963956,3.7012363517049014,1.2361226951190376,2.0128408729784146
SB82808_component_1538a,55.725944,-1.896033,8.28600025177002,21.97878074645996,55.725982211153976,-1.8958356679117125,8.070247933258425,0.6305364572790466,1.026734286269255
SB82808_component_1540a,58.646758,2.16774,7.729000091552734,35.94883728027344,58.64694747057754,2.1676172376078897,3.428838709788212,1.384294180611629,2.2541159692023336
SB82808_component_1544a,60.982702,-3.263971,7.176000118255615,15.333333969116211,60.98264218667365,-3.2639531932148667,3.811904253294295,1.1560925193675071,1.8825237050626407
SB82808_component_1546a,59.223318,-1.409165,7.5329999923706055,37.292076110839844,59.22320380585261,-1.4091008682583814,4.795802352952469,0.964625699053204,1.5707486334863277
SB82808_component_1547a,56.830036,-0.321555,7.3429999351501465,30.094261169433594,56.829938112676174,-0.3212466252199442,4.316464635893266,1.044714144340677,1.7011606846236926
SB82808_component_1548a,59.065354,3.42472,7.546999931335449,22.86969566345215,59.06531966000124,3.4245602759133833,5.643129990141497,0.8213087109458006,1.3373783599739857
SB82808_component_1554a,62.687964,0.264122,7.585999965667725,13.498221397399902,62.68779218033074,0.26400249513113677,3.5974494044131173,1.2950015231340397,2.108716235553365
SB82808_component_1557a,57.774949,-2.416709,7.7820000648498535,33.11489486694336,57.77501340745919,-2.41670444515232,7.318832461028438,0.6529825294592152,1.0632843566631298
SB82808_component_1563a,60.993976,-0.322427,7.388999938964844,33.13452911376953,60.99405176764458,-0.3226464835712777,1.6520551751059331,2.7467128081333305,4.472610872994024
SB82808_component_1564a,56.112652,-0.814963,7.385000228881836,28.18702507019043,56.11245496527661,-0.8147269545025255,3.6357059606617135,1.2474234337333086,2.0312424351109337
SB82808_component_1566a,56.432611,0.210986,7.164999961853027,31.425437927246094,56.432737085285055,0.210741984161303,5.32811626433304,0.8258375708416411,1.3447529307527082
SB82808_component_1568a,62.200763,-2.452049,7.38700008392334,17.299766540527344,62.20090232803127,-2.4520062257396513,8.179444253076891,0.5546211724156377,0.9031176025369383
SB82808_component_1570a,62.033953,0.039027,7.223999977111816,27.784616470336914,62.033778616665245,0.03879763284312404,4.978020246843875,0.8911959715291232,1.4511793080174633
SB82808_component_1576a,56.32303,-3.459725,7.085999965667725,12.978021621704102,56.32318848648387,-3.4596313970265697,4.444168309633535,0.9791805654879285,1.5944490559251645
SB82808_component_1578a,55.798025,-0.760648,7.197999954223633,23.83443832397461,55.79795613940415,-0.760562814622283,4.164446775993519,1.0614674011891527,1.7284408569506555
SB82808_component_1582a,60.885904,-0.754523,7.864999771118164,32.90795135498047,60.88581878244027,-0.7544597278129984,3.8716528354219273,1.2475398979375327,2.0314320796433307
SB82808_component_1587a,59.890236,3.567181,7.269999980926514,16.789838790893555,59.89032594244039,3.5670825794732446,3.9841420067935376,1.1206028884279746,1.824734150672871
SB82808_component_1588a,56.913917,0.168999,7.309000015258789,34.47641372680664,56.91385491106805,0.16927139802166444,4.00899117735287,1.1196312195163785,1.8231519332214916
SB82808_component_1592a,56.638422,3.342129,6.986999988555908,15.561246871948242,56.638285457774174,3.3419628722477386,5.164035763758879,0.830909335920238,1.3530115413976338
SB82808_component_1595a,56.728955,3.048992,7.900000095367432,25.15923500061035,56.728592859462154,3.0491840691785295,3.973301290821256,1.2210339394236707,1.9882710917536666
SB82808_component_1596a,55.516663,-0.724053,7.258999824523926,16.349098205566406,55.516599865118074,-0.7238450051967853,6.210817157336739,0.7177615326469491,1.1687672717830673
SB82808_component_1601a,61.583421,-2.654233,7.067999839782715,22.726688385009766,61.5835328948141,-2.6538580500263356,3.817959146796436,1.1368872380365946,1.85125077771283
SB82808_component_1604a,61.366699,-1.50412,6.966000080108643,28.432653427124023,61.36647918280029,-1.5038996494356311,5.014517852403843,0.8531127462404212,1.3891664732571056
SB82808_component_1607a,58.751386,3.54995,6.563000202178955,16.125307083129883,58.75120948172557,3.5498521806862238,2.7439883653562998,1.4688325544744303,2.391774063271863
SB82808_component_1610a,58.162653,0.722744,7.078999996185303,37.45502853393555,58.162702792630704,0.7225776227385053,5.1224429710742285,0.8486857643446544,1.3819577955595599
SB82808_component_1617a,61.860948,0.900321,7.164999961853027,29.244897842407227,61.86068077268016,0.9002452791208955,6.374626240285478,0.6902614250685203,1.1239874608761617
SB82808_component_1618a,57.877428,-2.659557,7.081999778747559,32.63594436645508,57.87736449721383,-2.659377839746704,3.841574249962241,1.132136558351209,1.843515006593239
SB82808_component_1622a,59.218204,2.604696,7.125,32.3863639831543,59.21825997239886,2.604555012102093,5.426376838011289,0.8063564343909511,1.3130308146109584
SB82808_component_1623a,55.625015,1.091322,7.144000053405762,23.973154067993164,55.62493357579095,1.0914871735662675,4.836602758052411,0.9070958235296338,1.4770698382272118
SB82808_component_1624a,57.442342,2.460569,7.072000026702881,27.200000762939453,57.44233765601205,2.4607673618828296,3.7715881261339863,1.1515164097033441,1.8750721951052316
SB82808_component_1627a,56.436269,-1.848784,7.552000045776367,30.699186325073242,56.436353044731135,-1.8485294498612104,2.842522039998332,1.6315871662973358,2.6567955989466308
SB82808_component_1629a,59.539689,-2.795015,7.495999813079834,29.054264068603516,59.5394719350116,-2.795073520123052,7.595658752899333,0.6060608901271713,0.9868794869462166
SB82808_component_1630a,56.908946,2.815318,7.642000198364258,26.261167526245117,56.908943198923616,2.8155285738368017,3.6460156795947967,1.287184051311703,2.095986652260793
SB82808_component_1632a,55.624811,-0.434938,7.5879998207092285,20.619564056396484,55.62455098233918,-0.43504503680084405,6.4071453020375415,0.7273021581838149,1.1843027530991317
SB82808_component_1633a,62.58758,2.174559,6.953000068664551,12.505395889282227,62.58733963173103,2.1742931837830612,4.321834000174223,0.9879985092502596,1.608807758091648
SB82808_component_1636a,58.097526,-2.161304,7.048999786376953,36.713539123535156,58.0974454350088,-2.1611763229691974,4.358482906283146,0.9932173279735939,1.6173058235963675
SB82808_component_1638a,57.134548,-0.84432,7.242000102996826,30.948719024658203,57.13455751317027,-0.8444071359140655,3.864763341622955,1.1507679529796437,1.8738534453071183
SB82808_component_1639a,62.095413,-0.023017,6.823999881744385,24.45878028869629,62.09513380726398,-0.02327611163849672,4.143670560453304,1.0113603615009907,1.646849039320795
SB82808_component_1640a,58.612276,1.000707,6.78000020980835,33.56435775756836,58.61231478744862,1.0006105604145252,5.07523444939738,0.8204001583816722,1.3358989180516359
SB82808_component_1641a,56.445495,-1.629061,7.544000148773193,30.176000595092773,56.445482212227255,-1.6289437125992319,9.86838303769581,0.4694699808895546,0.7644616265862596
SB82808_component_1642a,56.183938,1.117591,6.775000095367432,27.766393661499023,56.18400659198674,1.1177406803641463,3.639669274064624,1.1431402609246952,1.8614328899728319
SB82808_component_1648a,56.464,-2.460613,6.935999870300293,24.771427154541016,56.46403025575487,-2.460524946777402,4.347154521087282,0.9798421918182914,1.5955264154184023
SB82808_component_1650a,58.223172,-1.287506,7.017000198364258,34.566505432128906,58.22303817903832,-1.287621571167407,4.190302781889347,1.0283908904576022,1.674580707793243
SB82808_component_1656a,58.499759,-0.338593,7.510000228881836,31.957447052001953,58.499585129582506,-0.3386464024140545,8.845747767745697,0.5213838037752666,0.8489955203409252
SB82808_component_1657a,60.058171,1.380302,7.448999881744385,30.036291122436523,60.058017068149944,1.3803673311526536,3.6598878288581678,1.2499203238807828,2.0353082471569532
SB82808_component_1658a,62.464294,-1.609912,7.045000076293945,15.215982437133789,62.46415632760075,-1.6100725691981297,3.448153084821986,1.2547193654272923,2.043122768331978
SB82808_component_1659a,59.95359,1.268076,7.202000141143799,31.177488327026367,59.95342627413742,1.2679989877588045,3.3808517948501513,1.3082150161060337,2.130232431990711
SB82808_component_1664a,59.932075,-1.362951,7.285999774932861,32.23893737792969,59.93207184499121,-1.3629375229695588,4.530147785497385,0.9877087947474726,1.6083360013679773
SB82808_component_1667a,61.651451,2.153913,6.710999965667725,25.712642669677734,61.65147678768709,2.153723664419558,8.662649730900917,0.4757607604954234,0.7747052200123737
SB82808_component_1671a,59.378463,-2.979202,6.559999942779541,21.650165557861328,59.37808836385093,-2.979131403345717,3.4215902541706398,1.1774106851644548,1.9172371486572466
SB82808_component_1674a,59.110309,-1.679945,7.34499979019165,38.25520706176758,59.110272747309224,-1.67985614380963,3.912393888775909,1.1529257878305998,1.8773671565287406
SB82808_component_1675a,56.333227,2.341593,6.78000020980835,26.58823585510254,56.33316788000584,2.341569877635528,8.033816691849104,0.5182746017013472,0.8439326499305314
SB82808_component_1679a,58.676028,0.617548,7.117000102996826,36.31122589111328,58.67594708252532,0.6175165915537613,4.479432083084855,0.9757221258034392,1.5888175043153139
SB82808_component_1686a,56.972268,-0.22614,7.065999984741211,31.972850799560547,56.97238458868108,-0.22612693593425043,3.341518898540285,1.298619284594501,2.1146072188392933
SB82808_component_1688a,62.266107,1.262914,7.5269999504089355,18.77057456970215,62.26636146207139,1.2627110444385996,4.007145793716635,1.1535565958398153,1.8783943329967112
SB82808_component_1689a,61.750876,-3.227712,6.7129998207092285,13.756147384643555,61.750858639235474,-3.2273631152717233,3.209073252044252,1.2846627820381735,2.091881142455348
SB82808_component_1690a,55.974886,0.850548,6.4710001945495605,26.41224479675293,55.97495118171486,0.8504174329019646,4.189752933942107,0.9484951980952624,1.5444825259567383
SB82808_component_1696a,55.946308,-2.65886,6.947999954223633,17.67938804626465,55.94606882695576,-2.658666231955373,5.230221690978832,0.8158153017266794,1.3284331649282959
SB82808_component_1701a,59.855555,-1.288754,6.747000217437744,32.91219711303711,59.85566569904917,-1.2888097753063819,5.925860824360831,0.6992160911492378,1.1385687948831438
SB82808_component_1703a,62.147312,0.839839,6.791999816894531,22.26885223388672,62.1469380979367,0.8398598367136244,7.577641734501364,0.5504472858742341,0.8963210527584371
SB82808_component_1708a,59.494308,-0.190644,6.6570000648498535,31.10747718811035,59.49432004499929,-0.19049620959760685,4.864643748618394,0.8403876420008851,1.3684455448028452
SB82808_component_1714a,61.278369,-2.911341,7.260000228881836,20.393259048461914,61.2785351859451,-2.9110913761667523,3.4572191666074032,1.2896202970487172,2.0999537139573747
SB82808_component_1717a,59.318283,2.810478,7.300000190734863,33.333335876464844,59.3181073250486,2.8102923075652155,4.084448829680272,1.0975935578294174,1.7872668982136084
SB82808_component_1718a,56.422822,1.964437,6.775000095367432,26.568628311157227,56.422745142477055,1.964484469549681,2.8845952875085903,1.4423695766442728,2.3486830629952817
SB82808_component_1719a,60.239617,3.337069,7.1529998779296875,16.870283126831055,60.239302221925826,3.3369218136136904,2.9852355896416007,1.4715050079573997,2.396125753943747
SB82808_component_1724a,59.10765,2.329795,7.0929999351501465,33.144859313964844,59.10773952585129,2.329960252776154,4.037175976300119,1.0789576858809542,1.756921168853914
SB82808_component_1725a,56.552002,2.909702,6.0960001945495605,20.05263328552246,56.55193594566021,2.9096843727619275,5.685937505878712,0.6584078914879796,1.0721187470398474
SB82808_component_1726a,56.227534,0.850459,6.519000053405762,29.497737884521484,56.22749749975546,0.8502679162886999,4.574006547490362,0.8752585060563945,1.4252275298955501
SB82808_component_1727a,60.884739,2.403357,6.888999938964844,23.755172729492188,60.88482053536577,2.4033505138506763,2.4944527727814827,1.6960280570583066,2.7617279485645043
SB82808_component_1733a,61.475269,-0.958009,6.47599983215332,25.596837997436523,61.475162923963715,-0.9579781265592173,2.9009571890175883,1.3709374697934988,2.2323665639293435
SB82808_component_1741a,58.653173,1.691773,6.191999912261963,24.967742919921875,58.65304161374206,1.691811629098736,3.60677439428018,1.0542997441720612,1.7167693998497866
SB82808_component_1748a,58.035522,-1.825881,6.4039998054504395,34.616214752197266,58.03557796076658,-1.825680924580774,4.911732919569211,0.8006979265925328,1.3038167812292427
SB82808_component_1751a,57.404852,-3.321117,6.01200008392334,15.258883476257324,57.404799947382166,-3.3211816810052457,2.597208632993322,1.4215569980216822,2.3147928924733394
SB82808_component_1753a,57.423297,-2.814528,6.10099983215332,26.758771896362305,57.423075725331195,-2.8145449446465505,3.4038113773836223,1.1007473912668462,1.7924024441221893
SB82808_component_1755a,58.254883,3.286894,6.705999851226807,24.385454177856445,58.254749828448894,3.286926883829403,3.6817045456810953,1.1185792097940157,1.821438892779549
SB82808_component_1756a,59.268954,0.98651,6.1620001792907715,28.92957878112793,59.26910382445364,0.9864138492173596,3.3927333863665607,1.1153832326454038,1.8162347221424169
SB82808_component_1759a,61.870121,-1.703136,6.7789998054504395,24.297489166259766,61.870081215079956,-1.7031471679188286,4.319988432165925,0.9636851683095101,1.5692171198828033
SB82808_component_1761a,61.412343,1.587166,6.313000202178955,26.86383056640625,61.412365473659094,1.5870947581676622,4.5249314075002545,0.8567930607582641,1.3951593148384316
SB82808_component_1765a,55.262968,0.010147,6.854000091552734,12.53016471862793,55.263219464790225,0.010397055364044826,5.510665641402078,0.7638220338316577,1.2437699068617185
SB82808_component_1766a,55.868629,2.682303,6.879000186920166,16.496402740478516,55.86854636167812,2.6820786079479153,5.0347405337019095,0.8390741944393308,1.366306791953432
SB82808_component_1769a,59.650577,-3.017109,6.5879998207092285,20.652036666870117,59.65039928338857,-3.017048913055995,3.174708778815367,1.2743884396081855,2.075150912950044
SB82808_component_1771a,57.70591,-1.551271,6.747000217437744,33.236454010009766,57.70600346036735,-1.5511457430482904,6.505077220273126,0.636957426022686,1.0371898732286626
SB82808_component_1772a,57.735215,1.191737,6.360000133514404,24.18250846862793,57.73516390559432,1.1918315429417468,3.6211779338865773,1.0785974691478264,1.7563346097959551
SB82808_component_1773a,60.918613,2.269377,6.044000148773193,20.913494110107422,60.91863749565364,2.269319212109979,3.394259196911985,1.0935322620052985,1.780653685573535
SB82808_component_1774a,56.408958,1.000101,6.563000202178955,29.43049430847168,56.408850233464825,1.0000001317935059,4.557025563318254,0.8844496007609802,1.4401938525444713
SB82808_component_1776a,61.01162,-0.777833,6.4670000076293945,27.7553653717041,61.011433916618,-0.777793983424565,6.793482362324559,0.584605028567861,0.9519418264032337
SB82808_component_1784a,60.401826,-2.257178,6.658999919891357,25.31938934326172,60.4019575497885,-2.2570802733634556,2.638902795754467,1.5496647483611272,2.523397197731013
SB82808_component_1785a,60.253102,-1.139696,5.552999973297119,27.904521942138672,60.2527702138247,-1.1395765701573874,2.6678264259365476,1.2782689469241546,2.0814697385523213
SB82808_component_1786a,60.435473,-1.567324,6.311999797821045,28.053333282470703,60.43544921410644,-1.567246253136548,2.4594646961430082,1.5760809535788423,2.566412035805871
SB82808_component_1792a,58.448557,-2.563983,6.793000221252441,30.057523727416992,58.44855246179528,-2.5639266526468365,2.768293384058964,1.5069597452599757,2.453858489266162
SB82808_component_1793a,56.911558,-2.847586,6.361000061035156,25.242063522338867,56.911594010994875,-2.847645292091152,9.572474163111753,0.408087539562753,0.6645095042980369
SB82808_component_1794a,57.508961,1.597235,6.443999767303467,26.628097534179688,57.508835768914764,1.5973095106958524,3.5839659206499537,1.104189929935465,1.7980081033066422
SB82808_component_1797a,57.028528,1.75429,6.701000213623047,29.782224655151367,57.028376606993255,1.7543883560735327,5.046287533547508,0.8154921344461367,1.327906935360912
SB82808_component_1798a,58.474002,0.527565,6.127999782562256,33.67033004760742,58.47392334046666,0.5275322540625803,8.12210356529403,0.46334273272527077,0.7544843196468667
SB82808_component_1799a,57.996611,1.248258,6.3429999351501465,29.5023250579834,57.99642511691551,1.248201818156855,2.9676353524679158,1.3126118127351263,2.137391957497488
SB82808_component_1805a,61.241512,1.314319,6.638000011444092,26.13385772705078,61.24117036924546,1.3143156211385794,7.4009663848265905,0.5508089071033458,0.8969098988279791
SB82808_component_1809a,61.195836,-2.99655,6.089000225067139,16.774105072021484,61.19585891992855,-2.996464182909071,3.802985561072975,0.9832714991930015,1.6011105294202557
SB82808_component_1810a,58.84757,-3.407725,6.36899995803833,18.73235321044922,58.8475333343172,-3.407783677653997,2.989984415952448,1.3081407020534945,2.1301114226742586
SB82808_component_1811a,61.165136,1.874108,6.125999927520752,22.773235321044922,61.16485471447536,1.874080832238079,3.3644126609731857,1.118200973740308,1.8208229919538923
SB82808_component_1813a,55.720912,2.017032,5.810999870300293,17.04105567932129,55.72099175864683,2.0170586423768415,3.08981850877948,1.1549682157577,1.8806929448408658
SB82808_component_1817a,56.057348,-2.75924,6.255000114440918,17.871429443359375,56.05746253974052,-2.7594759211267257,5.132665564043737,0.7484046757132248,1.2186650457531383
SB82808_component_1822a,56.858607,-0.517438,6.388000011444092,29.711627960205078,56.85876607605544,-0.5171694224715352,3.4063484134203623,1.1516698000410177,1.875321968321441
SB82808_component_1839a,60.19622,-3.619214,6.296999931335449,11.428312301635742,60.19594676173646,-3.6190191293697818,3.1499293739890035,1.2276795159061442,1.999092418812255
SB82808_component_1840a,58.227272,1.489963,6.322000026702881,26.788135528564453,58.227247888852176,1.4901348720650365,2.6819222089772374,1.447639598026581,2.357264504369723
SB82808_component_1850a,56.549874,1.241604,5.875999927520752,28.386472702026367,56.549933694170804,1.2417189244478077,2.621562395379387,1.376492091183337,2.241411433837107
SB82808_component_1855a,58.141644,1.720287,6.0,30.0,58.14140068413128,1.7205075371985485,3.1997714188841213,1.1515543307248544,1.875133943815406
SB82808_component_1859a,62.609262,0.129179,6.0920000076293945,12.483606338500977,62.60908562249147,0.12894325324522665,3.509649023140875,1.0659782534272622,1.7357861049528842
SB82808_component_1873a,62.497372,0.361049,6.077000141143799,14.75,62.49711111165618,0.36087153221660223,4.378955596209213,0.8522575210554606,1.3877738669934343
SB82808_component_1878a,59.292065,-0.794609,6.140999794006348,32.32105255126953,59.291938533722295,-0.7944917746957313,4.109538477769935,0.9176945850630317,1.4943283357061536
SB82808_component_1899a,58.638679,-2.917824,6.085999965667725,21.971118927001953,58.63856592642454,-2.9179349197293547,4.808913547749224,0.7772077335795622,1.2655665162698195
SB82808_component_1905a,59.157668,-3.683496,5.6479997634887695,11.031249046325684,59.157514000712276,-3.6836702606415286,5.4814609919904855,0.6327767002257619,1.0303821867457654
SB82808_component_1908a,61.865922,1.636504,5.690999984741211,20.471223831176758,61.86587145044657,1.6365351641549255,2.808308997918157,1.2445026634449337,2.0264863976720644
SB82808_component_1912a,57.60001,2.123829,6.310999870300293,24.556419372558594,57.60000199399933,2.1239987747662856,2.7150597354846506,1.42748291649298,2.324442364128593
SB82808_component_1924a,55.967689,1.393271,5.7829999923706055,21.578357696533203,55.96767377623408,1.3932941036066526,7.079729188275354,0.5016359855475557,0.8168391528234944
SB82808_component_1926a,56.012412,1.345814,5.392000198364258,21.312253952026367,56.01266168939488,1.3459460546927324,3.1580317114856475,1.0485413219677429,1.7073926708062326
SB82808_component_1939a,60.158399,-3.435259,5.513999938964844,13.066350936889648,60.158540284021896,-3.435216710205679,4.992598790156627,0.67825378689045,1.1044348185630712
SB82808_component_1943a,55.401651,0.266396,6.1579999923706055,13.593818664550781,55.40141842115684,0.2663886458635103,3.834257899074362,0.9863033324792431,1.606047416335042
SB82808_component_1945a,57.248616,0.263259,5.349999904632568,24.65437889099121,57.24857566859735,0.2634164522850392,3.0506762582880116,1.0769853345866778,1.7537094898541934
SB82808_component_1948a,55.534776,-1.070327,6.007999897003174,14.908188819885254,55.53480694291428,-1.0698823993970432,1.940377975686215,1.901497319202219,3.0963039017583385
SB82808_component_1956a,60.9466,-2.372972,5.11899995803833,19.53816795349121,60.94644117445444,-2.372698001017593,2.8001595454010424,1.122676123676897,1.8281101040995078
SB82808_component_1957a,56.641955,-0.978345,5.829999923706055,25.458515167236328,56.642044959926196,-0.978138520291371,3.1940230295974352,1.120940713346149,1.8252842480102123
SB82808_component_1959a,59.08252,-3.100718,5.6519999504089355,19.90140724182129,59.0822281972657,-3.100696227025663,3.2886763391768437,1.055439036711159,1.718624567300421
SB82808_component_1967a,60.351534,3.025817,5.315999984741211,12.3341064453125,60.35163048608978,3.0255940289466623,3.556525771459142,0.9179333492287678,1.4947171274286046
SB82808_component_1970a,61.303398,-1.810844,4.997000217437744,18.507408142089844,61.30326132800964,-1.8108030525070633,3.7675491997329553,0.8145215393747268,1.3263264664976193
SB82808_component_1976a,62.155103,2.519697,5.691999912261963,14.6701021194458,62.154871220377416,2.5194783140399837,3.493880471342995,1.0004813073270817,1.6291341272112962
SB82808_component_1977a,56.519969,-2.950097,5.815999984741211,19.849828720092773,56.51999231928128,-2.949823912051901,3.1152112947919255,1.1465395103527378,1.8669680591054993
SB82808_component_1980a,57.962622,2.030363,5.814000129699707,25.95535659790039,57.962371344865396,2.0305315595997793,2.1449238749943835,1.6646207011560439,2.7105857683247296
SB82808_component_1983a,55.427875,-0.568853,5.235000133514404,11.355749130249023,55.4277352276537,-0.5685907746750806,3.7868691382951662,0.8489625580926603,1.3824085127671406
SB82808_component_1985a,57.422085,-3.344549,5.591000080108643,13.375597953796387,57.42226767863755,-3.344727535214038,2.820700707030557,1.2172635805642014,1.9821316264335145
SB82808_component_1992a,60.563451,0.589818,5.172999858856201,19.088560104370117,60.563484873456396,0.5897580436222134,2.66011004278672,1.1942493159353673,1.9446563396441257
SB82808_component_1994a,61.430191,0.758947,5.235000133514404,23.061674118041992,61.42991105560078,0.7592604205128399,3.2694913756813917,0.9833058850443355,1.601166521634694
SB82808_component_1995a,58.573007,-1.835116,5.327000141143799,27.744792938232422,58.57288743026251,-1.8348792682254387,3.2486425232553082,1.0070080005650717,1.6397618706923371
SB82808_component_1996a,58.952606,-0.220246,5.638000011444092,25.9815673828125,58.95240668720938,-0.22039860274454515,4.615197312334801,0.7502170616967743,1.2216162451767119
SB82808_component_2000a,59.088264,0.083585,5.570000171661377,25.9069766998291,59.08805235492492,0.08384653927159084,2.727836410546703,1.2539754210029956,2.0419113661383594
SB82808_component_2005a,57.1101,1.766231,5.189000129699707,21.7112979888916,57.11000919702678,1.7663489734057345,2.575203574340671,1.2374402909419309,2.014986380650798
SB82808_component_2009a,58.400643,-3.141806,5.426000118255615,14.586021423339844,58.40038233676928,-3.141717002730332,2.992661591805588,1.11345924725849,1.8131017997868246
SB82808_component_2013a,55.853433,-0.910048,5.333000183105469,17.83612060546875,55.8532899894796,-0.9097931116776069,3.0599441063241426,1.0703116248200009,1.7428423519512939
SB82808_component_2029a,60.677094,1.838497,4.935999870300293,19.90322494506836,60.67741015220746,1.8383445372982063,3.0808703564580866,0.9839065540399202,1.602144621228058
SB82808_component_2040a,61.039961,0.744561,5.064000129699707,22.60714340209961,61.03966779987025,0.744479239747736,3.2594793344708077,0.9541081676718756,1.553622407157207
SB82808_component_2041a,60.220586,-2.07375,5.63700008392334,23.008163452148438,60.220613498362226,-2.0738678555240604,4.74685500740478,0.7292798468632864,1.1875231232321173
SB82808_component_2042a,61.358084,0.968385,5.675000190734863,24.46120834350586,61.358241520097636,0.9684475811547423,2.7210674175791065,1.2807923231335048,2.085578679187533
SB82808_component_2044a,59.165847,-2.198181,5.571000099182129,27.175609588623047,59.165665404507806,-2.198030169975573,2.9624204416294115,1.1548846467549696,1.8805568652226583
SB82808_component_2047a,60.590008,-1.157177,5.341000080108643,22.070247650146484,60.58972309152901,-1.1573086181992578,3.177972803887235,1.0321065770439828,1.6806311474961757
SB82808_component_2052a,58.264409,-1.217166,5.701000213623047,26.640188217163086,58.2645152434018,-1.2172739511253532,2.2827651888111737,1.53370542436764,2.4974098262782927
SB82808_component_2053a,58.98176,3.469398,5.24399995803833,14.526315689086914,58.98152639005928,3.469352632621833,4.795401022405417,0.6715678321690889,1.0935477415834332
SB82808_component_2056a,56.794811,-2.641014,5.065000057220459,17.22789192199707,56.7948581067033,-2.6409864708169284,2.6133200127609166,1.1902522133209323,1.9381476560420914
SB82808_component_2058a,57.332949,2.02338,5.507999897003174,22.120481491088867,57.33273395179139,2.023497248062184,2.7675070231338768,1.2222423542809566,1.9902388145580967
SB82808_component_2059a,62.0688,0.597354,4.974999904632568,17.51760482788086,62.068316901150055,0.5976525774075542,2.45764605630637,1.2431567060832622,2.0242947074769444
SB82808_component_2067a,58.646588,2.036179,5.248000144958496,20.992000579833984,58.64635639056591,2.036715911639262,4.038326974801831,0.798076450385499,1.2995480994245212
SB82808_component_2069a,57.438827,-0.435594,5.519000053405762,29.201059341430664,57.438498838999635,-0.43575828014732965,3.3114328984161086,1.0235205732072834,1.6666501247981063
SB82808_component_2070a,60.766004,0.661826,5.2220001220703125,21.941177368164062,60.76579017480913,0.6617996824492103,1.869402350558151,1.7154822572653081,2.793406203063332
SB82808_component_2078a,61.738406,-0.499954,5.2170000076293945,22.584415435791016,61.73844960362624,-0.499797248015327,2.9156131636744784,1.0988617905534923,1.789332025464768
SB82808_component_2086a,56.467715,0.974727,5.116000175476074,23.90654182434082,56.46743651381051,0.9749290582423209,2.133017810144772,1.4729506839465245,2.3984798210047957
SB82808_component_2089a,61.955876,2.524779,5.369999885559082,14.319999694824219,61.956018873085256,2.5246128344483436,6.020413859396056,0.5477723001833428,0.8919652387647946
SB82808_component_2091a,57.649917,2.635628,5.114999771118164,21.582277297973633,57.649941035665705,2.6355973228270724,7.906459511766736,0.3972973833465148,0.6469393492126027
SB82808_component_2097a,57.602331,0.981404,5.031000137329102,22.360000610351562,57.6023877281127,0.9814063628407597,3.2643598036320163,0.9464734702752222,1.541190444672022
SB82808_component_2100a,61.505521,1.179314,5.26200008392334,21.390243530273438,61.505657691929265,1.1793355918914386,4.225146287356295,0.7648235252542579,1.2454006858105289
SB82808_component_2115a,57.724941,-3.172469,4.702000141143799,13.628986358642578,57.724946017388795,-3.1726819180198147,2.565878118537078,1.1253788582474331,1.8325111029921481
SB82808_component_2116a,59.7051,-2.498816,4.613999843597412,18.604839324951172,59.70487841572178,-2.4987917051073163,9.454193613621953,0.29971275159702643,0.4880373760221485
SB82808_component_2118a,56.035468,-0.469262,5.35099983215332,18.13898277282715,56.03546888444756,-0.46938258543413924,3.462548665075552,0.9490545787331272,1.5453933936366964
SB82808_component_2125a,60.552653,-2.27798,4.828999996185303,19.31599998474121,60.5526069809333,-2.2778380922796706,2.668165905829948,1.1114668445873743,1.8098574701198031
SB82808_component_2130a,55.633456,-1.799329,4.771999835968018,11.724815368652344,55.633373841077024,-1.7995113344990572,2.3405302497007288,1.2520979342782133,2.038854159897394
SB82808_component_2144a,62.413121,1.781172,4.660999774932861,11.424018859863281,62.412897943954285,1.7812927360456134,4.769328515645008,0.600169583024253,0.9772863747261712
SB82808_component_2145a,56.773508,-0.650366,4.414000034332275,19.530973434448242,56.77355178526458,-0.6501435858442248,2.9162618834692338,0.929518307921611,1.5135814994369803
SB82808_component_2150a,58.634528,-0.927904,4.9120001792907715,26.267379760742188,58.63435035720679,-0.9279770631043097,2.382803503477232,1.265966697917862,2.061437366582127
SB82808_component_2154a,61.409281,1.186079,5.038000106811523,21.809524536132812,61.409349512288735,1.186239563768193,1.7392187861800357,1.778918665372978,2.8967029029607168
SB82808_component_2161a,60.092939,-0.574297,5.182000160217285,24.32863998413086,60.09284824856986,-0.5740621985748312,3.2517519803049475,0.978660694053277,1.5936025230716766
SB82808_component_2164a,56.185116,1.957425,5.017000198364258,17.790781021118164,56.18524680045893,1.9574893370565114,3.1552615846121177,0.9764744533167985,1.5900425571152788
SB82808_component_2166a,57.561547,-0.678215,4.570000171661377,22.512317657470703,57.56141040814068,-0.6783468341205738,5.131647692987311,0.5469045304987721,0.8905522056602877
SB82808_component_2173a,59.929922,2.660739,4.585000038146973,21.62735939025879,59.92979398897697,2.660556250788417,3.2149609810029567,0.8758218477454515,1.426144847554763
SB82808_component_2181a,57.920143,-2.20661,4.7210001945495605,23.60500144958496,57.92018379365549,-2.2065850626191064,2.9279327491922826,0.9902048711268927,1.6124004883144685
SB82808_component_2182a,61.172019,-0.522327,4.9710001945495605,22.191965103149414,61.171693586207596,-0.5223620374289095,2.7555297224687463,1.107875141200857,1.8040089185087504
SB82808_component_2186a,60.72715,0.240888,4.335999965667725,18.934497833251953,60.72675458186117,0.24102445475383405,2.533594232898984,1.0510039438761702,1.711402682151828
SB82808_component_2190a,60.53202,-1.52832,4.830999851226807,21.56696319580078,60.53185410065273,-1.5283093171395556,3.1069493078839945,0.9548936252408795,1.5549014072962093
SB82808_component_2193a,57.967806,-1.465757,4.918000221252441,25.74869155883789,57.967564549435934,-1.465835007597654,1.8582173269895348,1.6253398220010113,2.6466227334237633
SB82808_component_2201a,56.093279,2.402755,5.015999794006348,15.339448928833008,56.09352487636028,2.402852501117756,2.6411911449219336,1.1662987626114765,1.899143045231816
SB82808_component_2207a,56.434079,0.796285,4.51800012588501,20.53636360168457,56.43396413595103,0.7963198173686998,3.8668868708109,0.7175247887947439,1.1683817698389425
SB82808_component_2211a,58.949518,2.706942,4.4039998054504395,18.6610164642334,58.9492580499461,2.707128699595058,2.6791103621729397,1.0095058138005253,1.6438291858490286
SB82808_component_2224a,59.081172,-0.551849,4.605000019073486,23.737112045288086,59.08060776307367,-0.5518253122821912,2.417341486752988,1.1698866045108423,1.9049853089887587
SB82808_component_2225a,57.786105,0.389717,4.540999889373779,20.926267623901367,57.78613958526548,0.3896266813370509,2.5880988617575045,1.0775136163971628,1.7545697177464523
SB82808_component_2226a,59.556648,-3.064543,4.866000175476074,13.745762825012207,59.55677618008074,-3.0647847810491347,3.3281296638900297,0.8978918294454208,1.4620825108684408
SB82808_component_2237a,60.914538,-2.019121,4.175000190734863,15.8143949508667,60.914225194848726,-2.019218307461114,3.096519849920632,0.8280084497256954,1.348287882230716
SB82808_component_2240a,57.294443,-0.106457,4.335999965667725,21.151220321655273,57.29423923998743,-0.10648727612223581,3.0129252840005685,0.8837980633303518,1.4391329213150532
SB82808_component_2242a,59.642627,3.431724,4.313000202178955,13.436137199401855,59.64247874249165,3.43162217500155,3.594428369274258,0.7368885063189041,1.199912686825856
SB82808_component_2251a,61.685771,0.222278,4.803999900817871,19.139442443847656,61.685760653881196,0.22210984103892903,2.9838507179600398,0.9887307373943934,1.6100000820758913
SB82808_component_2252a,61.097257,-0.787904,4.033999919891357,18.589862823486328,61.09728659584843,-0.7878773044928018,2.2874081529948675,1.0830396538490745,1.7635680429877392
SB82808_component_2262a,56.439119,-1.768814,4.748000144958496,17.782772064208984,56.4388360311858,-1.7689732675410104,3.170048915196569,0.9198073960328512,1.497768732273357
SB82808_component_2265a,55.803242,1.53838,4.553999900817871,16.681318283081055,55.803512201451994,1.538167428475317,3.3339834904367525,0.8388449789521859,1.3659335488254911
SB82808_component_2267a,61.314693,3.046358,4.34499979019165,10.999999046325684,61.31419770587001,3.046609807268451,6.203300395533557,0.4301491656069107,0.700433561676313
SB82808_component_2271a,62.016215,-0.587261,4.505000114440918,14.867986679077148,62.01599282245541,-0.5873373997659025,3.1240438219482956,0.885584132686633,1.442041268048345
SB82808_component_2280a,61.861782,2.426562,4.372000217437744,13.452308654785156,61.861642669922496,2.426477992338972,3.242222205818879,0.8281128741161383,1.3484579217276442
SB82808_component_2285a,56.137365,1.054375,4.236999988555908,17.153846740722656,56.137289327642065,1.0542007499171262,3.4231322903760826,0.7601283265788231,1.2377552572151427
SB82808_component_2294a,61.848011,-1.186312,4.757999897003174,17.887216567993164,61.84778843337986,-1.1864077328186216,3.5660318886587024,0.8193912901883992,1.3342561271354219
SB82808_component_2304a,57.972399,-0.985523,4.519000053405762,22.482585906982422,57.972358220428134,-0.9854267193766248,2.5253339690209584,1.0989442557872664,1.7894663077603647
SB82808_component_2308a,58.898902,3.689947,4.711999893188477,10.133333206176758,58.89938819365366,3.689907298199349,3.8826813075376094,0.7452906356081623,1.2135942973328449
SB82808_component_2312a,61.763043,0.779942,4.35699987411499,16.629770278930664,61.763100541913275,0.7797515090978517,2.965884509588983,0.9021639087109784,1.4690389528076366
SB82808_component_2317a,59.800076,1.585125,4.461999893188477,21.24761962890625,59.80029891023536,1.5850571912611897,2.9234508773892616,0.9373157014441283,1.5262783882222062
SB82808_component_2322a,59.390831,3.22058,4.769999980926514,15.047318458557129,59.390827245613956,3.220955393993529,2.4489105453338063,1.1961829101887822,1.9478049086012343
SB82808_component_2336a,58.211411,-0.928582,4.188000202178955,22.15873146057129,58.21104199313156,-0.9284284232575268,6.867934966712155,0.37448347424371614,0.6097903114222194
SB82808_component_2339a,58.078038,-0.060004,4.151000022888184,22.683059692382812,58.07796281644443,-0.05986372954218582,4.425539594386063,0.5760214320745543,0.9379647237037171
SB82808_component_2340a,57.23404,-0.417876,3.9820001125335693,16.73109245300293,57.233763975481416,-0.4178312418830792,2.253675185041615,1.085080809307766,1.7668917592754345
SB82808_component_2341a,61.957985,-0.56845,4.579999923706055,16.126760482788086,61.95739637104929,-0.5685065318140244,3.587720470248682,0.7839692160132756,1.2765765788293404
SB82808_component_2343a,55.749026,1.027706,4.126999855041504,14.085323333740234,55.74893422396086,1.0276276858967668,2.5024696107831543,1.0127862086009551,1.6491708180024407
SB82808_component_2346a,57.969528,-2.56775,4.558000087738037,22.234146118164062,57.96945421261867,-2.5679294421415535,4.1823894501375944,0.6692709831978662,1.0898076666648262
SB82808_component_2348a,58.833189,2.702559,4.113999843597412,18.61538314819336,58.833138097555036,2.702656893676594,3.18274062983028,0.7938074308751512,1.292596639838915
SB82808_component_2355a,58.37708,-1.682721,3.9489998817443848,20.25128173828125,58.376944107176165,-1.682585084881746,3.2832432551480575,0.7386457399025184,1.2027740788174726
SB82808_component_2357a,61.179832,-1.92926,4.383999824523926,17.39682388305664,61.1796714117723,-1.929359191946009,2.30384074361047,1.16861164853716,1.9029092339314777
SB82808_component_2362a,58.527331,2.820664,4.296999931335449,18.36324691772461,58.5274067522038,2.8206604342092922,5.152855314315716,0.512117404775076,0.833906575912869
SB82808_component_2372a,61.330397,0.637077,3.8480000495910645,17.570775985717773,61.33029059701819,0.637227631190926,2.650747843237189,0.8914947493908144,1.4516658230651422
SB82808_component_2376a,58.603342,1.627032,4.4070000648498535,17.350393295288086,58.60329082966487,1.627092342184454,2.9083056126755116,0.9305830822079129,1.5153153250615947
SB82808_component_2385a,57.067079,3.160449,4.189000129699707,12.849693298339844,57.067369730150205,3.160570546723795,2.436708406323089,1.0557447967376736,1.719122451758915
SB82808_component_2402a,57.004288,-1.752495,4.4670000076293945,18.76890754699707,57.00438154672469,-1.7520935167211966,2.1757071923429017,1.260862252929996,2.05312554159419
SB82808_component_2404a,58.956545,-3.165088,4.4079999923706055,17.019304275512695,58.95670559820657,-3.165003505811193,3.5246577418429323,0.7680275003266016,1.250617879869891
SB82808_component_2410a,62.04249,1.797665,4.355000019073486,14.325658798217773,62.04247494566892,1.7977104319101065,2.2777541757481488,1.1741766704131356,1.9119710394749019
SB82808_component_2438a,55.988814,0.285022,4.081999778747559,16.593494415283203,55.9890071035941,0.2849128426891112,3.6574677348205986,0.6854008057990508,1.1160726695919256
SB82808_component_2452a,57.781146,2.455261,4.488999843597412,17.003787994384766,57.78138170855262,2.455419066870385,2.6425669630682083,1.043219572373039,1.6987269977769508
SB82808_component_2455a,60.017752,-0.330306,4.09499979019165,18.119468688964844,60.01804813370074,-0.33016804989429777,2.9778945037893005,0.8444942815021379,1.3751325928372746
SB82808_component_2456a,57.25261,-1.310005,4.420000076293945,20.090909957885742,57.25238577090457,-1.3098391282304234,3.2980531231413095,0.8230320878510881,1.3401846214302366
SB82808_component_2457a,57.854048,1.651721,4.300000190734863,17.063491821289062,57.853716820415535,1.6518792676936531,6.159168984113127,0.4287444316237413,0.6981461625466394
SB82808_component_2469a,56.850726,-1.138297,4.203000068664551,17.22541046142578,56.850330173852065,-1.1382110482357648,2.3362250554066852,1.1048335586650728,1.7990561563996672
SB82808_component_2471a,59.115026,2.722706,3.6029999256134033,14.587044715881348,59.114974393741484,2.722681885990661,13.936967207545626,0.15876256702997782,0.2585210879783587
SB82808_component_2483a,57.468173,1.229579,3.9839999675750732,15.74703598022461,57.468101439303354,1.2298041874459005,2.1156638548173494,1.1564445060529585,1.8830968627192537
SB82808_component_2490a,57.979612,1.70875,4.302000045776367,20.388626098632812,57.979507019069786,1.7087292223618242,2.897339440085745,0.9118495115458531,1.4848105079634895
SB82808_component_2504a,56.79392,-0.982265,3.867000102996826,16.455320358276367,56.79402323808779,-0.9821173270819485,3.6416727034514143,0.6521168322169859,1.0618746982209184
SB82808_component_2506a,58.419121,-2.163169,3.8970000743865967,18.735576629638672,58.4192020835185,-2.1629860922105095,3.212706242245401,0.7449232586160168,1.2129960788643204
SB82808_component_2517a,59.132948,-2.406558,3.9630000591278076,17.45815086364746,59.13302193429124,-2.4064203166729645,2.6049958229074717,0.9342630760323511,1.52130764444169
SB82808_component_2528a,61.924262,-0.561367,3.990000009536743,15.28735637664795,61.9239913641657,-0.5615561275196769,2.1513082036894273,1.1389965295350446,1.8546854433474553
SB82808_component_2531a,61.544389,0.361749,4.127999782562256,15.63636302947998,61.54443205338798,0.361564802307536,2.59596156209958,0.9765478889148571,1.590162136000035
SB82808_component_2542a,57.791166,2.994842,3.744999885559082,13.327402114868164,57.791390450654205,2.9948768544674054,3.4753463187567655,0.6617681443220449,1.0775904160534941
SB82808_component_2544a,59.367563,-0.540934,3.5789999961853027,17.630542755126953,59.36727514791082,-0.5406538048504939,2.723095852759357,0.8071437841807477,1.3143128959484272
SB82808_component_2552a,59.036147,2.35559,4.058000087738037,18.36199188232422,59.03590468265034,2.3557369199825944,2.7791410414992397,0.8967132803391106,1.4601634199712665
SB82808_component_2554a,57.298171,3.191203,3.4839999675750732,10.399999618530273,57.29796730635367,3.1909674261137577,12.983413582416759,0.1647939972345813,0.2683423697057145
SB82808_component_2562a,56.067454,2.221281,3.5490000247955322,12.071428298950195,56.067608853825135,2.221469357270515,5.691603687751272,0.38293361155308103,0.6235500958074836
SB82808_component_2564a,58.413738,-0.379551,3.618000030517578,17.735294342041016,58.41328764255172,-0.3793657867454998,2.4380958107884187,0.9113179726823439,1.483944976447668
SB82808_component_2569a,55.753547,0.783641,3.9119999408721924,13.72631549835205,55.75371202102622,0.7836813463036868,2.4026974121565443,0.9998892433926431,1.6281700396726075
SB82808_component_2572a,57.53516,0.732373,3.450000047683716,16.747573852539062,57.535122171497044,0.7323173777030405,2.4437105603217444,0.8670047421586736,1.4117875102317687
SB82808_component_2579a,59.720649,1.345733,3.3580000400543213,13.325396537780762,59.72085414130604,1.3455546955546918,2.883014978528746,0.7152962293070636,1.1647528941275112
SB82808_component_2589a,56.628054,-2.055691,3.5399999618530273,15.128205299377441,56.62777365977763,-2.05550343789663,3.6107860689683555,0.6020792175301289,0.9803959288190252
SB82808_component_2592a,59.537915,-2.404776,3.76200008392334,16.427947998046875,59.53758758859591,-2.4046639651603687,2.772466690626897,0.8333061772518459,1.3569144389152947
SB82808_component_2595a,56.664756,1.069576,3.513000011444092,15.544248580932617,56.66453737763399,1.0690724045851687,1.6503500128190847,1.3072366873172427,2.1286393699257027
SB82808_component_2596a,60.874435,-0.521613,3.5360000133514404,15.646018028259277,60.87429831691898,-0.5217553375520928,2.103887693338126,1.0321476834618233,1.6806980831477076
SB82808_component_2610a,56.649333,-3.291709,3.994999885559082,10.625,56.64937743962771,-3.2916871743023974,4.531889552229958,0.5413642732784524,0.8815307256535644
SB82808_component_2613a,60.874688,0.436889,3.686000108718872,16.166667938232422,60.874880967507146,0.43663035968380176,1.7115873949843114,1.3225387380228244,2.153556470163569
SB82808_component_2616a,59.106405,-0.145993,3.7660000324249268,16.963964462280273,59.10603366010585,-0.1458029572850513,2.894420199221548,0.7990443344324246,1.3011241537900369
SB82808_component_2621a,57.74381,-3.093034,3.740999937057495,11.475460052490234,57.743861101721016,-3.0928508509482597,3.0851764124448304,0.7446631034914362,1.2125724551656873
SB82808_component_2632a,61.161036,2.419048,3.509000062942505,12.71376895904541,61.161132766096976,2.4192054288279503,2.804313980742787,0.7684380765988378,1.2512864419030088
SB82808_component_2640a,62.019746,1.172155,3.549999952316284,12.544169425964355,62.01965337198937,1.1722611671938912,2.6842381732051406,0.8121933632306989,1.3225353799649502
SB82808_component_2651a,56.73654,1.821362,3.9639999866485596,17.012876510620117,56.73637620265761,1.821617523244974,3.4548084843531606,0.7046310947522826,1.1473863181132988
SB82808_component_2652a,60.841083,-1.482517,3.5160000324249268,14.65000057220459,60.84059529705831,-1.4822918873485682,2.9624668822105438,0.728865684487413,1.186848721765742
SB82808_component_2653a,57.051523,-1.522755,3.6019999980926514,16.44748878479004,57.05133404132598,-1.5224517760454042,3.61869784094835,0.611284697916246,0.9953856763980817
SB82808_component_2663a,57.964082,-0.469474,3.2829999923706055,17.370370864868164,57.96361285639164,-0.46940119228426114,2.037640539384979,0.9894536312907095,1.611177206634058
SB82808_component_2670a,59.346317,-0.239839,3.936000108718872,18.566038131713867,59.34658527700308,-0.23967828740023758,2.0811825134963757,1.1614407806543399,1.8912325484161465
SB82808_component_2672a,58.064312,-2.855637,3.8269999027252197,17.717592239379883,58.06420963258682,-2.855549870584159,5.63149589993328,0.4173369293970703,0.6795707518442055
SB82808_component_2675a,60.844184,2.725969,3.369999885559082,11.270902633666992,60.8441965271806,2.726031700591376,1.730719786174757,1.1957909570923113,1.9471666716236415
SB82808_component_2681a,61.637349,0.639971,3.1080000400543213,11.684210777282715,61.637315681132925,0.6399175343563491,3.0337468517704784,0.6291494401658575,1.0244757364117276
SB82808_component_2706a,59.170396,-0.947742,3.5250000953674316,17.02898597717285,59.170281019793805,-0.9478103000216364,4.07929086581536,0.5306725182606614,0.8641208021980217
SB82808_component_2716a,57.416584,-1.153539,3.174999952316284,14.699073791503906,57.416385201102756,-1.1532719544011814,3.018194470069752,0.6460239836338472,1.0519534058529068
SB82808_component_2718a,59.575109,0.466836,3.302000045776367,14.232759475708008,59.57485079194786,0.46693403969592384,3.0943490366884863,0.6553297931349675,1.067106524385531
SB82808_component_2719a,57.958875,3.193883,3.1689999103546143,12.188461303710938,57.958634328680866,3.1939806742261396,2.696792829142101,0.7216502719458177,1.1750995019379116
SB82808_component_2729a,59.643848,-0.954558,3.506999969482422,17.89285659790039,59.64388186150896,-0.9543859659636983,2.549081172118127,0.8448979070673561,1.3757898366839076
SB82808_component_2736a,57.925391,0.519652,3.503000020980835,18.632980346679688,57.925558829365244,0.519640848158543,2.366261611560589,0.9091373898079879,1.480394223473265
SB82808_component_2741a,56.12192,1.997796,3.3949999809265137,12.908744812011719,56.121709852702544,1.9978985607213637,2.4418349297060553,0.8538382606249716,1.3903478648883112
SB82808_component_2768a,55.981268,0.381052,3.306999921798706,12.526515007019043,55.98115235544518,0.3811661250704378,2.529234495887666,0.8029661280759733,1.3075102079999403
SB82808_component_2776a,58.755444,-1.00265,3.5450000762939453,20.142045974731445,58.75556602914442,-1.0026679488069186,2.5362423301206873,0.8583761447769314,1.397737130318007
SB82808_component_2780a,60.971724,1.620099,3.688999891281128,13.081559181213379,60.9722447757441,1.6202139426508613,2.983281053524284,0.7593930355595738,1.2365579457970097
SB82808_component_2807a,58.99226,-0.910729,3.0250000953674316,15.355330467224121,58.99213450395767,-0.9107441641742241,2.265586388490935,0.8199679987286652,1.335195210712017
SB82808_component_2814a,60.991203,0.039555,2.990000009536743,13.46846866607666,60.99100009687367,0.03930455756919248,3.19102948816257,0.5754300126808201,0.937001685703136
SB82808_component_2845a,58.737296,2.086176,3.2219998836517334,13.652542114257812,58.737337970957434,2.0861372445060944,2.3685934813070015,0.8353858756357517,1.360300916590304
SB82808_component_2847a,56.553395,1.481135,3.2209999561309814,13.824034690856934,56.55310458807335,1.4812524064937111,4.640071400876141,0.4263028075613233,0.694170343051788
SB82808_component_2861a,56.310226,-0.55199,3.003999948501587,11.734374046325684,56.31054413244793,-0.5519395806342453,2.996475863896395,0.6156604769391756,1.002510977877662
SB82808_component_2872a,57.806048,0.214277,3.375999927520752,17.86243438720703,57.80573582822964,0.21412852527996118,1.8784642025293043,1.103701525523402,1.7972128097916658
SB82808_component_2875a,56.610416,-1.124609,3.3450000286102295,12.434945106506348,56.61032409274395,-1.1243806351244223,2.3760379848330433,0.8645594933892009,1.4078057884437702
SB82808_component_2886a,60.155303,-2.448734,3.0969998836517334,12.338645935058594,60.15535426269426,-2.448500092784549,2.3887564202596723,0.7961986908273798,1.2964904489152858
SB82808_component_2980a,58.665848,2.439476,2.568000078201294,11.61991024017334,58.66581778529996,2.439612215024316,3.9601157284856123,0.3982348769133231,0.6484659172279601
SB82808_component_2981a,60.288351,-1.801151,3.0380001068115234,11.639846801757812,60.28832037074363,-1.8013995796718358,2.5441696027436844,0.733320562293669,1.1941028237800193
SB82808_component_2983a,61.619913,1.550211,2.7230000495910645,11.393305778503418,61.62003872680562,1.5499235830152083,2.409743334791146,0.6939513084430253,1.1299958839089677
SB82808_component_3001a,60.915002,1.433883,2.8919999599456787,11.476190567016602,60.915002952994776,1.4339367857355667,2.8204902496826607,0.6296885803980771,1.025353645619255
SB82808_component_3111a,59.078398,1.047334,2.7309999465942383,13.587063789367676,59.07808859275546,1.0469781151481319,2.137088023157712,0.7847863102862699,1.2779070946076314
SB82808_component_3136a,58.716472,-0.658156,2.765000104904175,13.825000762939453,58.71622523448932,-0.6579908275137718,2.568208464745637,0.6611759021557365,1.0766260382908708
SB82808_component_3193a,56.734149,-2.088687,2.6989998817443848,12.553487777709961,56.733797595951486,-2.0889166252001647,2.178059546837745,0.7610010465416022,1.239176351107102
SB82808_component_3522a,60.932478,0.198168,2.509000062942505,10.497908592224121,60.931840959262175,0.19784456174435763,2.008930319518636,0.7669868822459442,1.2489233890121643
SB82808_component_3556a,57.526124,-0.667271,2.2149999141693115,11.186868667602539,57.525956515265634,-0.6670787148325981,3.664122417505933,0.37124095075293645,0.6045103470306543
SB82808_component_3672a,57.004863,1.862136,2.3580000400543213,10.387665748596191,57.00466204537766,1.8623763027452744,2.2375784726225474,0.6471689470429591,1.0538178074669418
