Component_ID,RA,DEC,ASKAP_flux,ASKAP_flux_SNR,RA_comp,DEC_comp,Comp_flux,Flux_Ratio_AlphaCorr,Flux_Ratio_NOAlphaCorr
SB83208_component_6a,262.874559,-6.606404,790.0650024414062,1493.5067138671875,262.8745405403897,-6.606336826319025,411.7110366167432,1.1784806404344461,1.9189794107386735
SB83208_component_36a,262.853103,-4.771711,246.906005859375,360.97369384765625,262.8530109683415,-4.771656793601374,161.28462431073413,0.940136306090994,1.5308713208996354
SB83208_component_39a,259.816334,-5.419151,234.25900268554688,257.9945068359375,259.81652899869744,-5.419105965512064,140.8745140452888,1.0212122047413545,1.6628912921057992
SB83208_component_42a,266.247913,-8.81905,215.01100158691406,634.2507934570312,266.2479273597366,-8.819096571207401,106.00882860515401,1.2455775846831871,2.0282367460898487
SB83208_component_46a,261.149774,-7.810301,203.17599487304688,653.2990112304688,261.1497892525462,-7.810303553612588,112.50028001828505,1.109100571293479,1.8060043480782801
SB83208_component_49a,262.598476,-6.740921,204.7740020751953,410.3687438964844,262.59846939180335,-6.740840553578672,113.98123035754871,1.1032999918773077,1.796558972322355
SB83208_component_60a,265.006558,-8.187415,174.58900451660156,585.869140625,265.00652368967167,-8.18741212066528,296.17257919122255,0.3620130102347202,0.5894840264867293
SB83208_component_65a,263.745238,-9.142814,159.39599609375,342.7870788574219,263.7452090868863,-9.142863337437772,89.35787582958349,1.0954604662988698,1.7837934777874291
SB83208_component_72a,261.267279,-4.859742,147.54200744628906,469.8789978027344,261.2671473515368,-4.8597111732487,74.59320154073558,1.2146987318769935,1.9779551540728
SB83208_component_73a,264.457062,-8.833512,145.5590057373047,508.9475402832031,264.4572119849701,-8.833609968207654,74.92873174423667,1.1930065720183494,1.9426327171018842
SB83208_component_79a,262.395591,-7.592302,137.906005859375,436.411376953125,262.3956080722027,-7.59230331685048,129.56950491520035,0.6536308147480344,1.0643399922661636
SB83208_component_81a,265.781207,-5.600699,137.94900512695312,314.234619140625,265.7811689212499,-5.600701809828448,74.93752488985713,1.1305020793231049,1.8408535020299912
SB83208_component_89a,260.570593,-3.006196,130.302001953125,135.5900115966797,260.5707119268712,-3.0059270082786327,78.78120169384378,1.0157354842744653,1.6539732721963192
SB83208_component_90a,264.403297,-6.298731,129.95899963378906,442.03741455078125,264.40341869188836,-6.298697827218944,104.30365650549571,0.7651718135216956,1.2459678211467264
SB83208_component_92a,262.094659,-3.606224,124.93099975585938,256.0061340332031,262.09469608520857,-3.6061202380342268,76.00795343701658,1.0094000311675069,1.6436569346572725
SB83208_component_93a,263.064815,-9.339171,129.24200439453125,345.56683349609375,263.0647097623187,-9.33918356349393,59.7204654690658,1.3290234324977572,2.164115824942397
SB83208_component_103a,264.908294,-5.278849,118.33599853515625,336.18182373046875,264.9083754853723,-5.278837580469117,70.72793463054359,1.0274910343732677,1.6731154267871595
SB83208_component_107a,263.779832,-6.611001,117.3499984741211,348.2195739746094,263.7797550575036,-6.610944351915878,63.06061109227018,1.1428179436560602,1.86090804452267
SB83208_component_109a,263.260253,-9.85662,116.96600341796875,187.7463836669922,263.26029575292165,-9.856532109763235,47.81432835855185,1.5022898347750122,2.446254238705598
SB83208_component_121a,265.160718,-7.343213,101.60900115966797,384.882568359375,265.16080892976584,-7.343200297193435,84.57959283241568,0.7377661573376157,1.2013418102046673
SB83208_component_125a,262.227843,-9.369726,106.72799682617188,274.3650207519531,262.2279601026338,-9.369770842589245,61.414622713848566,1.0672316774970454,1.7378271185260488
SB83208_component_127a,266.524044,-7.472164,98.90299987792969,294.3541564941406,266.52405265852826,-7.472135188356278,62.00723870686719,0.9795333121811056,1.5950234511406547
SB83208_component_128a,266.001942,-10.225605,106.98300170898438,84.7054672241211,266.0019573857567,-10.225704551747077,40.59806846832718,1.6183093556189023,2.635174670746905
SB83208_component_129a,261.485513,-4.971272,100.26300048828125,301.99700927734375,261.48555701519155,-4.971264950821323,64.65504862243858,0.9523364172432182,1.5507373766552996
SB83208_component_131a,263.588776,-8.078778,104.0,333.33331298828125,263.5887643273215,-8.078861886982766,60.00648667813998,1.064356892138979,1.7331459606663926
SB83208_component_133a,265.433545,-7.926426,96.46199798583984,323.6979675292969,265.43351217263563,-7.926404137980102,58.65752770107785,1.0099145661194298,1.6444947778470267
SB83208_component_141a,261.063662,-10.132618,100.94200134277344,86.0545654296875,261.06363936120795,-10.132656649059118,59.1197159673281,1.0485561930128748,1.707416886078377
SB83208_component_142a,267.337192,-3.890133,98.60099792480469,166.5557403564453,267.3374919257392,-3.8901145718247028,84.59398407689568,0.715803748959669,1.1655793139518842
SB83208_component_144a,261.597599,-3.416434,90.49400329589844,230.85205078125,261.59738576697674,-3.4162391589604395,89.87558953290753,0.6183440502922716,1.0068807755944063
SB83208_component_156a,264.8005,-10.25466,82.55500030517578,82.55500030517578,264.80064293799467,-10.25480297602369,63.21085939566583,0.8020544003677074,1.306025595830395
SB83208_component_163a,266.813436,-9.269355,79.46900177001953,156.74359130859375,266.81348299668696,-9.269536513741684,40.384592285782674,1.2084653221310202,1.9678049788804344
SB83208_component_167a,262.216044,-9.418558,77.78500366210938,200.476806640625,262.2161284932737,-9.41863453439588,46.51318256930912,1.0270035804380735,1.672321680981563
SB83208_component_170a,261.241386,-9.536142,74.78700256347656,162.22776794433594,261.24130928763566,-9.536159092316389,68.14839031524048,0.6739422173966423,1.0974140726952937
SB83208_component_173a,259.884788,-6.2147,79.97200012207031,97.88494873046875,259.8846209372053,-6.214507735277133,44.84620962472082,1.0951266628682783,1.783249928840963
SB83208_component_175a,265.059251,-5.820399,75.70600128173828,316.76153564453125,265.05931965406825,-5.820338537899597,51.46892520328435,0.9033110980237514,1.470906978972767
SB83208_component_179a,266.239461,-6.61409,70.40599822998047,256.9562072753906,266.23950021939487,-6.613916894418678,61.702996855757576,0.7007377913759661,1.1410466560411612
SB83208_component_181a,263.15073,-5.754495,77.07599639892578,187.990234375,263.1506474997575,-5.7545531372332634,37.212486816175726,1.2719867617630132,2.071240139893633
SB83208_component_182a,266.428027,-4.298769,73.4990005493164,137.3813018798828,266.42821547459,-4.298740077435318,36.01013995962738,1.2534550419727706,2.0410640067414207
SB83208_component_185a,267.177903,-4.972486,73.73799896240234,182.0691375732422,267.1779896528008,-4.972505097379497,40.15600507999815,1.1276984534871883,1.8362882168059964
SB83208_component_196a,262.283953,-7.099047,67.36000061035156,164.2926788330078,262.2839962692335,-7.099037772444639,37.040568489917995,1.1168030114197252,1.8185466194636337
SB83208_component_197a,260.615278,-8.143893,67.43000030517578,185.757568359375,260.61508611382857,-8.143908952951953,52.86260049143634,0.7833516730655727,1.2755710025294602
SB83208_component_200a,262.302637,-9.335739,68.85600280761719,184.10694885253906,262.30276724793595,-9.335767983808529,37.78992285145886,1.1189687032377158,1.8220731245805926
SB83208_component_207a,263.286344,-6.02672,66.65799713134766,121.4171142578125,263.28628602756635,-6.026703543397397,38.86364450646362,1.0533213154171643,1.7151761750049306
SB83208_component_215a,264.701776,-9.774578,63.520999908447266,153.8038787841797,264.7019255086017,-9.774699969619975,29.904542776735035,1.3044645961193855,2.124125434141898
SB83208_component_216a,263.71059,-10.2745,64.27100372314453,58.58797073364258,263.71074907619794,-10.274662937871998,29.117627269726004,1.355536566279396,2.2072884966821444
SB83208_component_220a,266.880473,-9.86484,61.32600021362305,60.65875244140625,266.8805024627804,-9.864965031078514,26.60216815492128,1.4157277448063068,2.3053008257252903
SB83208_component_223a,262.012111,-6.060829,62.992000579833984,208.58279418945312,262.0121862005398,-6.0608831064688315,30.66601440166927,1.2614795182283953,2.054130665783718
SB83208_component_226a,266.379363,-4.539164,60.724998474121094,111.21794891357422,266.3796135358919,-4.539205941352798,29.60948609105215,1.2594727636971896,2.0508629662597184
SB83208_component_227a,264.862887,-6.684304,62.367000579833984,204.48196411132812,264.86292862535225,-6.6841911586953024,32.92683235731374,1.163207096064396,1.8941087288033938
SB83208_component_229a,261.80153,-8.216349,56.50600051879883,214.85169982910156,261.80160978853536,-8.216399518321419,35.38313832591052,0.9807320232628621,1.5969753727984146
SB83208_component_236a,262.121521,-4.968966,56.47700119018555,170.1114501953125,262.1217152834253,-4.968995702990129,32.43176729847604,1.069431939929036,1.7414099167158057
SB83208_component_244a,262.326579,-5.124279,56.26100158691406,157.59384155273438,262.32670978926376,-5.124325300280554,33.245308707619905,1.0392720002086973,1.692298967102655
SB83208_component_256a,262.988392,-5.552184,55.72200012207031,156.0840301513672,262.98830570622914,-5.552151942224894,35.79633973004628,0.9559610842313342,1.5566396045598787
SB83208_component_257a,263.700136,-6.942083,53.494998931884766,179.51341247558594,263.7001446082166,-6.942040779580381,31.04126038616333,1.0583418597154486,1.723351380272246
SB83208_component_259a,264.1896,-8.7895,52.981998443603516,166.0877685546875,264.18967981162973,-8.78954071100843,33.03930314760334,0.984803524472354,1.603605203381743
SB83208_component_260a,265.405293,-9.508641,52.48400115966797,152.12753295898438,265.40526717595435,-9.508712030014594,25.525585843905755,1.262709230976062,2.056133069016261
SB83208_component_263a,261.015672,-3.338583,50.63800048828125,95.90530395507812,261.0156411402283,-3.338375676592918,22.245833213447277,1.3979125673494308,2.2762914745612375
SB83208_component_264a,262.234437,-3.258648,51.74300003051758,96.53544616699219,262.23445558204713,-3.2584936111027183,36.498545291314464,0.8706190934659065,1.4176729405933564
SB83208_component_265a,265.059526,-10.315418,53.70500183105469,50.85700988769531,265.0595927222472,-10.315615388520245,29.25177029334888,1.1274952444554267,1.8359573212998277
SB83208_component_267a,261.232766,-6.982213,51.551998138427734,179.62368774414062,261.2328398568056,-6.982223289336771,25.631547499586368,1.2351588459892806,2.0112713888718448
SB83208_component_268a,263.063847,-5.167443,53.474998474121094,118.56983947753906,263.06366772360514,-5.167399908391183,32.02453700695671,1.025463149957988,1.669813320408182
SB83208_component_269a,265.590319,-6.390765,50.73400115966797,202.93600463867188,265.59031419595067,-6.3906644525965906,29.53512191034499,1.0549028948409809,1.717751540476894
SB83208_component_270a,266.287983,-9.100565,48.319000244140625,142.95562744140625,266.28800172690666,-9.100639936681324,23.225879555631284,1.277608838834364,2.080394851286712
SB83208_component_274a,263.185227,-3.613029,52.55799865722656,126.64578247070312,263.18524125150986,-3.612876766637689,51.73266287888559,0.6239160001184685,1.0159538622682776
SB83208_component_275a,266.963952,-5.581918,48.37799835205078,162.34226989746094,266.9640599595069,-5.5820321234340105,26.79373378242242,1.1088346654921448,1.8055713602629118
SB83208_component_276a,263.467994,-6.204855,51.516998291015625,122.3681640625,263.4679290581092,-6.20481437545147,33.25698108273992,0.9513051861242396,1.5490581710602858
SB83208_component_277a,262.461722,-7.727069,47.82500076293945,148.98753356933594,262.4617869007222,-7.727097884644683,33.98238610814643,0.8642775915200563,1.40734675342514
SB83208_component_278a,261.448072,-4.298762,47.4900016784668,125.96817016601562,261.44784837157755,-4.298763893898403,37.86039827769727,0.7703164000250142,1.2543450105870153
SB83208_component_281a,261.251931,-5.364979,46.75600051879883,165.21556091308594,261.2519437733026,-5.364931214000693,16.53594224975238,1.7364430538409923,2.8275377243470343
SB83208_component_282a,266.843656,-7.155708,46.292999267578125,136.55752563476562,266.84363944130416,-7.155616280760387,42.005681375379524,0.6767985549033176,1.1020651909889383
SB83208_component_284a,259.753025,-4.254956,46.78200149536133,33.94920349121094,259.7535698252183,-4.2548831703966075,26.731458004658247,1.0747520667385266,1.750072947282152
SB83208_component_285a,267.917793,-7.735234,46.31800079345703,32.16527557373047,267.9177492272689,-7.735168364862063,20.014409663109507,1.42121295753548,2.314232674013374
SB83208_component_287a,265.598434,-5.300973,48.17599868774414,100.15799713134766,265.59836926395144,-5.300994032932126,23.427160539744765,1.2628832703467128,2.056416466093377
SB83208_component_295a,261.920218,-6.589374,43.96099853515625,166.51893615722656,261.9202431489033,-6.5893079511016985,31.779552175383593,0.8495166846204504,1.3833108249149084
SB83208_component_298a,263.064807,-6.842104,46.191001892089844,83.2270278930664,263.0648760041646,-6.8420217060522885,30.534827808266844,0.9289964286576577,1.5127316971338651
SB83208_component_304a,262.014006,-3.467386,44.60100173950195,93.30754089355469,262.013940656484,-3.467240347472664,22.52321052173498,1.216092064015921,1.980223987004953
SB83208_component_308a,262.933918,-6.826274,43.391998291015625,110.97697448730469,262.93385587969766,-6.826212559361026,26.196354710866462,1.0172341363933275,1.6564136029588983
SB83208_component_309a,265.850898,-7.473502,42.93199920654297,163.23953247070312,265.85096715151684,-7.4734188969120146,22.648396663532854,1.1641147376961356,1.8955866874086327
SB83208_component_310a,263.861544,-9.895563,41.85100173950195,73.29422760009766,263.86164155527905,-9.89559083520565,29.82362810246974,0.8617822008691721,1.4032833830849778
SB83208_component_311a,266.32998,-9.453919,40.382999420166016,102.23543548583984,266.32991931630204,-9.454064799944621,22.75736404484907,1.0897547063093151,1.774502501281837
SB83208_component_313a,264.726031,-8.04476,41.83399963378906,143.7594451904297,264.7260926123194,-8.0447477552729,17.546664436560356,1.4641546631448552,2.384156817099861
SB83208_component_314a,264.466559,-8.653448,42.43000030517578,163.8223876953125,264.4666813410775,-8.65348993457162,22.38007674925185,1.1642965237073164,1.8958826987308786
SB83208_component_315a,263.102124,-6.049049,42.32400131225586,79.70621490478516,263.1020333335492,-6.049000162954939,26.658214988767845,0.9750071276087903,1.5876532367260383
SB83208_component_318a,260.717147,-3.586525,43.48899841308594,88.21298217773438,260.71724518843297,-3.586385713686256,25.75661052256363,1.0369142244522298,1.6884596820295186
SB83208_component_320a,263.158906,-4.614122,42.35200119018555,97.36092376708984,263.15869747229164,-4.614014093721822,21.84824226995096,1.1904456451619332,1.9384626308558695
SB83208_component_330a,263.942407,-9.652681,39.45600128173828,83.94893646240234,263.94253179143703,-9.652725961983004,41.37396846824401,0.5856498377675377,0.9536431418712509
SB83208_component_334a,264.535644,-8.12413,40.459999084472656,137.1525421142578,264.53577128820746,-8.124173715751764,23.35217226023594,1.0640222762931395,1.7326010888232404
SB83208_component_335a,261.734204,-8.088058,40.15999984741211,150.97744750976562,261.7342324139273,-8.088112437410468,18.022344190887488,1.368467728742737,2.2283449601255496
SB83208_component_337a,262.816597,-6.066128,39.2859992980957,116.23076629638672,262.8165606334164,-6.066063315154922,27.450539748912266,0.878899168798301,1.4311558044920563
SB83208_component_347a,260.046269,-6.850862,37.638999938964844,55.432987213134766,260.0459310090815,-6.850625965634366,37.105933802093084,0.6229409025521339,1.014366061765617
SB83208_component_349a,265.287504,-9.805364,39.270999908447266,84.45376586914062,265.2874537271871,-9.805393761010999,19.801811783888436,1.2179211392286644,1.9832023623413975
SB83208_component_350a,265.84628,-7.136088,36.42100143432617,135.89926147460938,265.8464017084918,-7.135986941730249,20.517738362536054,1.0901205657749988,1.7750982486855549
SB83208_component_353a,267.332281,-7.621985,36.26300048828125,70.4135971069336,267.3322921644348,-7.621925445111728,18.432545458448793,1.208176988253041,1.9673354702977086
SB83208_component_359a,266.174049,-7.013357,34.85100173950195,137.2086639404297,266.17408917972193,-7.013240588649161,17.858467612380398,1.1984590870127496,1.9515113220207911
SB83208_component_360a,260.409386,-8.83437,37.071998596191406,64.4730453491211,260.40915886340946,-8.834361613008365,19.63295361381924,1.159611455358671,1.8882537658570728
SB83208_component_374a,263.504871,-7.265224,37.667999267578125,111.77447509765625,263.504857238195,-7.265180783497246,22.86521115905703,1.0116946987378372,1.647393457490885
SB83208_component_375a,264.089743,-10.090926,38.266998291015625,55.620635986328125,264.08988129353344,-10.091048831545901,18.758228149119983,1.2528085847784152,2.0400113479167206
SB83208_component_386a,262.381917,-3.499701,34.560001373291016,80.93677520751953,262.38202663255635,-3.4996428961344432,19.512096977852952,1.0877320937666604,1.7712089793587058
SB83208_component_387a,265.638484,-7.437021,36.39400100708008,128.14788818359375,265.6386284650723,-7.43700182626136,17.96671209129293,1.2439798099055954,2.025635008907246
SB83208_component_388a,266.592367,-8.80911,32.310001373291016,94.19825744628906,266.5923894268229,-8.809166443103654,23.104019061838134,0.8588188729571575,1.3984580469230474
SB83208_component_395a,265.713124,-2.786464,33.867000579833984,26.835975646972656,265.71295658187773,-2.786199402335226,18.428291144064904,1.1286097756604423,1.8377721686224466
SB83208_component_398a,260.330539,-3.403766,33.89099884033203,43.78681945800781,260.3308889326672,-3.403749263516769,14.51258186862124,1.4341409059120436,2.335283903797321
SB83208_component_401a,265.929573,-4.165762,33.83000183105469,60.84532928466797,265.9297404246965,-4.165663906537359,16.64427459111088,1.2482146822520004,2.0325308649451204
SB83208_component_404a,262.030068,-10.354291,54.20199966430664,2463.727294921875,262.03020357025855,-10.354492690744493,28.418249485612478,1.1713053419462167,1.907295510645295
SB83208_component_407a,263.793578,-9.226501,33.65700149536133,57.5333366394043,263.7935175010257,-9.226527605094391,23.119455929481628,0.8940255898313421,1.4557869180841043
SB83208_component_408a,262.890506,-8.100691,33.404998779296875,105.37854766845703,262.89052124903526,-8.100666518719674,17.29012071289805,1.186494070801165,1.9320280832034606
SB83208_component_411a,265.848465,-6.316441,31.246000289916992,140.74774169921875,265.84845303988055,-6.316331524414038,20.453787347393966,0.9381511893622565,1.5276388552997286
SB83208_component_412a,261.729487,-8.268231,30.472000122070312,117.65251159667969,261.7295992939455,-8.268267403760541,18.17760926401442,1.0294762573099585,1.676348065330828
SB83208_component_414a,262.842822,-3.056787,32.106998443603516,70.56482696533203,262.8428140077673,-3.056849629657201,20.08748494776532,0.9815813089803802,1.5983583075279584
SB83208_component_416a,267.349887,-3.808962,33.547000885009766,52.01085662841797,267.3501769478766,-3.8089162944700368,26.609565378023245,0.7742265432797223,1.2607120938817034
SB83208_component_420a,260.901371,-4.403143,30.76099967956543,83.36314392089844,260.9011745686623,-4.403006814122287,18.946321274697297,0.9970746740342457,1.6235869345595109
SB83208_component_424a,266.699199,-6.333166,30.70800018310547,121.37549591064453,266.6992834621452,-6.333118291547061,16.122703783798094,1.169676587374106,1.9046433275021972
SB83208_component_428a,263.496924,-8.786715,31.65999984741211,102.45954895019531,263.4968408224014,-8.786720701685308,22.073672589108096,0.8808226003388849,1.4342878249917612
SB83208_component_431a,267.10459,-9.555227,31.378999710083008,37.76053237915039,267.1047135356529,-9.555324921370724,14.913609172850133,1.2921367389939684,2.1040513631809343
SB83208_component_432a,260.812565,-6.382908,31.44499969482422,117.33208465576172,260.8125745019337,-6.382901602865562,20.327425125116694,0.949995093426165,1.5469248811041287
SB83208_component_437a,261.385003,-5.621433,30.0,118.57707977294922,261.38527190774386,-5.621352961433826,12.859421229699478,1.4326891424302979,2.332919924165288
SB83208_component_438a,262.340551,-9.240368,29.989999771118164,88.72781372070312,262.3407214484472,-9.240384137489418,19.640199757381446,0.9377405564245563,1.5269702009953803
SB83208_component_443a,265.963998,-9.458751,28.910999298095703,76.68699645996094,265.96387912408267,-9.458845384704613,15.12767157595611,1.1736622964957022,1.9111334585057216
SB83208_component_449a,263.622396,-7.888885,30.229999542236328,113.64661407470703,263.6223513637131,-7.888895637713434,18.483740341009135,1.0043854647977608,1.6354914635522249
SB83208_component_451a,261.044106,-6.355416,29.804000854492188,112.8939437866211,261.04408534210995,-6.355309932327323,12.363802641720572,1.4803848795399448,2.4105852963004435
SB83208_component_453a,267.037203,-8.263352,29.898000717163086,74.93233489990234,267.0371193982253,-8.263310918715783,16.006792761323478,1.147070109992627,1.867832061236173
SB83208_component_454a,267.380166,-6.636209,29.22100067138672,62.30490493774414,267.38020716867464,-6.635906848985986,14.187947992006334,1.264816824256178,2.0595649693563995
SB83208_component_460a,266.92978,-5.06706,30.44099998474121,81.1760025024414,266.9298426815212,-5.067127449398478,15.811238385934994,1.1823475770652434,1.9252761385104555
SB83208_component_461a,267.662936,-7.158227,28.72599983215332,40.06415557861328,267.66296212969,-7.158126489036725,18.11917921646215,0.9736183945450574,1.5853918926997732
SB83208_component_462a,263.951537,-10.332952,30.224000930786133,29.230173110961914,263.9516544488328,-10.333031789226853,18.592575065520037,0.998307991781434,1.6255952079944318
SB83208_component_467a,264.435829,-7.482998,30.11400032043457,80.30400085449219,264.43603083401825,-7.483076818494359,16.77865126951433,1.1022079531609672,1.7947807506524474
SB83208_component_471a,266.688275,-5.514682,28.448999404907227,99.82105255126953,266.68845208195626,-5.514783838343094,23.120120850127837,0.7556645236606677,1.2304866219914212
SB83208_component_472a,264.661342,-6.458954,30.107999801635742,104.179931640625,264.66147280165404,-6.458857401185708,22.143759846201913,0.8349927009575006,1.3596606904495423
SB83208_component_474a,267.011457,-4.240199,29.320999145507812,67.40459442138672,267.0117069469673,-4.240205434073888,16.503247472877078,1.0910922991609338,1.776680571123749
SB83208_component_475a,260.212379,-7.5482,29.327999114990234,56.94757080078125,260.2121970311299,-7.548111120596431,27.389192795972587,0.6575902098795761,1.0707872748737135
SB83208_component_476a,262.768856,-2.254629,29.2450008392334,24.289867401123047,262.7688582300095,-2.254476103968088,19.54574156509113,0.9188648180867449,1.4962338851069856
SB83208_component_481a,265.326464,-6.880308,28.922000885009766,106.33087921142578,265.32637575359496,-6.880169504733907,18.811984649906798,0.9441605641508409,1.5374242230818032
SB83208_component_484a,263.812883,-9.58032,27.917999267578125,54.20970916748047,263.8128905154125,-9.580431241476889,16.3416532822875,1.0491568899127723,1.7083950311097393
SB83208_component_485a,261.671714,-9.62688,27.50200080871582,66.26988220214844,261.67161526022755,-9.627001455066518,13.89245202911456,1.2157310872153817,1.979636190290928
SB83208_component_489a,265.717835,-8.330262,27.249000549316406,111.67623138427734,265.7177812239384,-8.33026347620161,14.900734059834708,1.12303955079299,1.8287018907858206
SB83208_component_493a,262.864776,-3.6116,27.090999603271484,75.46239471435547,262.8648602766003,-3.6115133349709208,20.44083184667551,0.8139141555231354,1.3253374327658565
SB83208_component_496a,262.077541,-6.338806,29.093000411987305,116.83936309814453,262.07769937732996,-6.338656934127794,14.958742200438763,1.1943883892809746,1.944882799780717
SB83208_component_505a,266.045809,-6.790888,25.5,106.69456481933594,266.04582624415593,-6.790662491735869,15.23685237981162,1.027772653255994,1.6735740010047448
SB83208_component_509a,264.463785,-6.416297,28.18199920654297,92.39999389648438,264.4639120706639,-6.416303684581712,15.387605364755025,1.1247419565207393,1.8314740038169437
SB83208_component_510a,266.521851,-7.967349,24.17099952697754,77.47115325927734,266.5217988242538,-7.967347304998763,17.71617676163358,0.8378701963353066,1.364346261170899
SB83208_component_520a,260.321396,-5.203889,25.71299934387207,45.11052703857422,260.3213477643154,-5.203832583781132,11.999716094544208,1.315933385244136,2.142800641388736
SB83208_component_521a,263.678415,-5.462721,26.429000854492188,63.838165283203125,263.6782160189071,-5.462778222713746,14.136666406531281,1.1481162733582,1.8695355817607555
SB83208_component_528a,264.271767,-9.219536,26.00200080871582,83.8774185180664,264.2718844097816,-9.219604682265022,15.912371960540316,1.0035152641199545,1.6340744719389342
SB83208_component_531a,266.144968,-7.791159,25.575000762939453,83.85246276855469,266.1449465155086,-7.791146535872218,9.73401349805365,1.6135255567787001,2.6273849700386447
SB83208_component_535a,265.738688,-5.081313,26.625,56.408897399902344,265.738666543971,-5.081456564801777,14.375721995419418,1.1373970258254602,1.8520808908577675
SB83208_component_537a,264.887844,-3.79888,27.025999069213867,60.59640884399414,264.88798240523977,-3.798745932698604,28.788611685225575,0.5765184005964876,0.9387739625903431
SB83208_component_538a,265.78808,-6.342006,25.270999908447266,101.8991928100586,265.78806147715284,-6.341851223226685,13.885486808936987,1.1176696382655171,1.8199577916261696
SB83208_component_541a,262.765733,-7.785326,26.589000701904297,76.18624877929688,262.7658876612451,-7.785336273756906,15.561887554725446,1.0492811718054904,1.7085974055782462
SB83208_component_542a,260.231887,-5.97229,24.9689998626709,60.31159210205078,260.2316486644312,-5.972205100247061,14.994402780256188,1.022643145370781,1.6652213648381327
SB83208_component_543a,266.547338,-8.498586,25.208999633789062,86.03753662109375,266.5472833261223,-8.498611494021247,11.353242696668017,1.3636026217893096,2.2204228613193897
SB83208_component_544a,262.893633,-4.403073,24.333999633789062,61.294708251953125,262.89364176932344,-4.402946193325792,14.255417804213591,1.0483002377058352,1.7070001011542757
SB83208_component_545a,266.096969,-5.821056,24.753000259399414,99.40963745117188,266.0970058411691,-5.82111209079598,23.524724873348767,0.646182855050798,1.052212104186696
SB83208_component_548a,262.174812,-6.007325,25.034000396728516,82.34868621826172,262.17486082046764,-6.00736410958826,17.422593888131626,0.8824082881911189,1.436869880424741
SB83208_component_551a,260.779466,-7.554787,25.93600082397461,72.04444122314453,260.77934272913626,-7.554816289801055,14.600971926845416,1.0908709655047135,1.7763201623782698
SB83208_component_552a,263.964778,-7.811742,24.85099983215332,65.7433853149414,263.96487711761955,-7.811780387979764,26.168155309031256,0.583207224482209,0.9496657115748868
SB83208_component_554a,265.016328,-4.694106,25.983999252319336,62.4615364074707,265.01639397730725,-4.694076255356989,12.150985311311434,1.3132476629846506,2.138427344499434
SB83208_component_556a,259.782245,-3.907506,24.569000244140625,17.289936065673828,259.78261316747006,-3.9077275296683847,11.835351241615465,1.2748481876669664,2.0758995438809706
SB83208_component_559a,267.290838,-3.677215,25.197999954223633,41.996665954589844,267.2911023777954,-3.677197129778513,16.302535198283458,0.9492116540604442,1.54564916730723
SB83208_component_566a,262.987564,-6.193147,24.6560001373291,44.10733413696289,262.98745033649,-6.193109694604602,18.88462853468088,0.8018004850652581,1.3056121327485646
SB83208_component_569a,262.610885,-6.090976,25.05699920654297,42.83247756958008,262.61073303292295,-6.0909048032846815,13.068877381017149,1.1774511913480517,1.9173031069171134
SB83208_component_573a,267.052537,-6.73886,23.17799949645996,71.31692504882812,267.052610216703,-6.738567921782079,11.985667941884921,1.1875881212299466,1.9338095806461064
SB83208_component_577a,262.887876,-8.195113,23.575000762939453,87.96641540527344,262.8878660633824,-8.195121786317717,21.506564417585256,0.6731824939483022,1.0961769767217167
SB83208_component_578a,262.383492,-2.214735,23.555999755859375,16.245515823364258,262.3832070144435,-2.2144024885020652,13.760632921577777,1.0512724149043995,1.7118398470554124
SB83208_component_583a,262.090507,-5.573591,23.349000930786133,76.80592346191406,262.0906820388531,-5.573655939193019,17.59780536092944,0.8148204683841435,1.3268132276667561
SB83208_component_584a,261.410159,-3.022893,23.086999893188477,50.740657806396484,261.40993329715553,-3.022625606779573,14.343045382408325,0.9885036239135474,1.6096302617507274
SB83208_component_586a,261.406082,-4.828152,22.17799949645996,50.98390579223633,261.40602796428783,-4.828065879814498,11.118802223735585,1.2249447521055876,1.994639265110412
SB83208_component_590a,262.499577,-5.739728,22.445999145507812,59.53845977783203,262.4995041136336,-5.739689739851664,12.299596675899881,1.1207279655627767,1.8249378200741355
SB83208_component_591a,265.91793,-8.836093,22.37299919128418,86.05000305175781,265.9180089126794,-8.836142817202555,12.99245543298423,1.057511523726208,1.721999302340138
SB83208_component_593a,265.99222,-10.108655,24.150999069213867,27.075111389160156,265.9921224522399,-10.108694581298433,13.15879986726101,1.1271220780990951,1.8353496757178718
SB83208_component_594a,267.057657,-6.060792,23.128000259399414,82.89605712890625,267.0577517395104,-6.060784018235116,10.170333648654552,1.3965452766878566,2.2740650462788947
SB83208_component_600a,261.460822,-9.326039,21.23200035095215,59.473392486572266,261.4606871693198,-9.32599246215092,15.47078527649667,0.8428119634509814,1.3723931895821706
SB83208_component_601a,261.09666,-4.938849,22.07900047302246,63.62824249267578,261.096513625843,-4.938795419538489,8.134841005355138,1.666796105663363,2.7141280891031467
SB83208_component_602a,262.506386,-3.21583,22.3700008392334,52.51173782348633,262.506581077666,-3.2156852914804053,35.10958691119584,0.39128429603419446,0.6371479361410541
SB83208_component_603a,266.309548,-7.903969,20.736000061035156,37.56521987915039,266.3094901842083,-7.9039700823506935,9.810181225063971,1.2980759171531662,2.113722426254153
SB83208_component_608a,261.457731,-7.796348,21.447999954223633,83.13179016113281,261.45781608065465,-7.796348029097962,10.63785540270617,1.2381830505869165,2.016195853608563
SB83208_component_610a,264.982776,-9.520069,21.729000091552734,65.25225067138672,264.9827961553104,-9.520140640374686,7.089069995231517,1.8823596930107183,3.0651411406811904
SB83208_component_613a,262.579895,-3.807541,21.858999252319336,59.88766860961914,262.58005220120543,-3.8075370824057395,13.61109398171286,0.9862553678410224,1.6059693130976775
SB83208_component_614a,262.407897,-9.552137,22.13599967956543,45.547325134277344,262.40782823254585,-9.552259666787823,11.498572931445132,1.1822445839773936,1.9251084296756635
SB83208_component_617a,263.927131,-5.117728,21.489999771118164,62.83625411987305,263.92693821679177,-5.117690038017664,16.20875101126878,0.8142148094597051,1.3258270027207963
SB83208_component_622a,261.494518,-2.871386,21.02199935913086,35.99657440185547,261.4942126153982,-2.8712419254038015,12.401614087433416,1.0409933209244582,1.6951018803618878
SB83208_component_626a,265.632496,-7.088773,20.54400062561035,80.25,265.63261400418185,-7.088722184168092,8.254703499589034,1.5283952474120943,2.4887629975604995
SB83208_component_634a,266.33097,-6.98924,19.996000289916992,76.0304183959961,266.33096854982784,-6.989103582448977,10.85419597517639,1.131351646391544,1.8422368948974168
SB83208_component_635a,262.385384,-7.911248,20.69300079345703,64.6656265258789,262.38551863963517,-7.91121147388408,12.026681786309792,1.0566466772689398,1.72059102927395
SB83208_component_636a,261.894952,-9.22832,20.94499969482422,61.96745300292969,261.89506476184346,-9.228338324510434,11.455452607933294,1.1228461205571134,1.8283869185857473
SB83208_component_642a,266.267842,-8.491473,19.584999084472656,65.50167083740234,266.2677383149552,-8.491517308078345,10.701617647707602,1.1238963551069336,1.830097068424788
SB83208_component_645a,260.512635,-6.136403,21.655000686645508,74.16096496582031,260.5123338105477,-6.136181599265986,11.302519295940014,1.1766169004192535,1.9159445889576332
SB83208_component_648a,261.302558,-5.288333,19.31599998474121,69.23297119140625,261.3026494985591,-5.288318087332518,11.649909969434267,1.0182320543143002,1.6580385629949395
SB83208_component_652a,262.085431,-3.524207,19.507999420166016,44.949310302734375,262.08544103937885,-3.524142618464332,12.158403639900127,0.9853449934030922,1.604486904526412
SB83208_component_656a,265.377738,-4.620401,20.798999786376953,32.34680938720703,265.3778778937313,-4.620390959477958,39.705740514240034,0.321692760762765,0.523828532524601
SB83208_component_660a,261.016324,-6.011145,18.979000091552734,75.6135482788086,261.0163068129395,-6.010958724687288,15.218446524709174,0.7658701493243565,1.247104956523506
SB83208_component_665a,263.432305,-5.568529,20.378999710083008,50.5682373046875,263.43219624046964,-5.568470924791357,10.409391781820936,1.2022911381553207,1.9577512439942064
SB83208_component_669a,265.21174,-5.504712,19.770000457763672,73.22222137451172,265.2117405194298,-5.504732059609131,10.107114374791179,1.201245120258054,1.9560479603429972
SB83208_component_670a,261.714718,-4.189002,19.316999435424805,55.50862121582031,261.7145629778457,-4.188882260290029,12.323102456083577,0.962657381460875,1.5675435227667471
SB83208_component_672a,261.065329,-7.238253,20.635000228881836,62.53030014038086,261.06530210521856,-7.238303230702951,14.985059261309054,0.8456645990456265,1.3770382798659162
SB83208_component_676a,266.92804,-5.210806,20.018999099731445,58.026084899902344,266.92810868958964,-5.210846032766623,10.218564191519398,1.2031080149362203,1.9590814056191608
SB83208_component_683a,265.551356,-7.446967,18.854999542236328,71.69200897216797,265.55149801685485,-7.446867502436887,10.786015621631774,1.07353848675543,1.7480968138430926
SB83208_component_685a,265.492095,-5.243183,18.554000854492188,43.04872512817383,265.49204340803607,-5.243183141894149,9.48852626017111,1.2008560372646997,1.955414396898934
SB83208_component_687a,265.952931,-3.721324,19.6299991607666,40.39094543457031,265.9531341301609,-3.7214516610861685,10.012017862930891,1.2040674127494744,1.960643641422766
SB83208_component_688a,261.475579,-3.660012,19.042999267578125,55.844573974609375,261.47530573760747,-3.659839688770485,12.5718310640301,0.9302270231668858,1.5147355361831907
SB83208_component_692a,260.085397,-9.379436,19.10700035095215,15.534146308898926,260.0850378249804,-9.37948411868041,13.01200019070237,0.9017799769368307,1.4684137773533785
SB83208_component_696a,266.22601,-6.430673,17.45599937438965,78.63063049316406,266.2262515824569,-6.430607409618522,7.634768479946767,1.4041095178342797,2.2863822813015227
SB83208_component_699a,260.81985,-9.400017,18.530000686645508,35.91085433959961,260.81974669842526,-9.400092346325954,13.40327686296936,0.8490173869417004,1.3824977933448712
SB83208_component_701a,266.578696,-7.452572,17.2810001373291,54.51419448852539,266.5786851587956,-7.452535429920455,11.647115249986461,0.9111767680718352,1.4837150458650428
SB83208_component_702a,262.029976,-7.914884,17.674999237060547,66.19850158691406,262.03002594464346,-7.914915360764644,11.130233691731434,0.9752304617871635,1.5880169030225457
SB83208_component_704a,265.417258,-6.998374,18.933000564575195,70.64552307128906,265.4172851536273,-6.998219276506583,11.542273661704069,1.0073495998655133,1.6403181140465162
SB83208_component_709a,266.127225,-7.549671,17.368000030517578,50.196533203125,266.12734401048607,-7.549635417385975,6.8910390103264785,1.5478085457749293,2.5203746495254173
SB83208_component_710a,265.817163,-4.373374,18.89699935913086,24.996030807495117,265.81720892607774,-4.37349683232496,12.35917790042074,0.9389779679574572,1.528985140547864
SB83208_component_714a,260.613327,-9.559704,17.393999099731445,24.777774810791016,260.6133639813995,-9.559780600235966,9.377369361879381,1.1391228355235858,1.8548911137531856
SB83208_component_720a,260.369395,-5.25076,18.077999114990234,30.434343338012695,260.36943227280926,-5.250664198531063,14.445319977177945,0.768555671769664,1.2514779280453139
SB83208_component_724a,265.585249,-3.187552,18.32900047302246,19.988004684448242,265.58511870116814,-3.1873056197920793,12.664135893755681,0.888823150322531,1.4473155236797453
SB83208_component_725a,266.462412,-6.206826,18.05699920654297,75.86974334716797,266.46256902519383,-6.2068055785370015,11.409832658633555,0.9718929715940632,1.5825822995641972
SB83208_component_726a,265.312586,-7.508734,17.589000701904297,56.19489288330078,265.3126302935877,-7.5087412634941515,10.278822349535915,1.0508722973791698,1.7111883155270637
SB83208_component_727a,262.114975,-7.71904,18.03700065612793,65.35145568847656,262.1149645115448,-7.719014702412353,10.767867524744055,1.0286952977430888,1.6750763895153564
SB83208_component_732a,265.655523,-2.98042,18.719999313354492,15.757575988769531,265.65540421937885,-2.9802304146582377,14.610901010434787,0.7868301038049789,1.2812351065813858
SB83208_component_746a,267.364439,-2.939948,17.05900001525879,11.946078300476074,267.3646542107602,-2.939831517798791,11.13666361675267,0.9406988325150104,1.5317873110217013
SB83208_component_750a,261.515299,-8.218964,16.61199951171875,69.50627899169922,261.5154473362416,-8.218977114350041,12.811362403716142,0.7963036942824038,1.2966614313322502
SB83208_component_755a,260.469938,-8.960879,16.386999130249023,31.635133743286133,260.4697966643669,-8.960889467246453,6.510277228372295,1.5457956665718529,2.517096976889587
SB83208_component_757a,266.557904,-9.618096,17.058000564575195,30.56989288330078,266.55798605404345,-9.618200301046786,16.05701908088805,0.6524020821378058,1.0623391850408006
SB83208_component_761a,264.574805,-9.713057,16.743999481201172,39.58392333984375,264.574920540538,-9.713195707452838,12.088704007397373,0.850612176441789,1.385094669449687
SB83208_component_762a,261.673613,-7.296675,17.006999969482422,38.04698181152344,261.6735568149531,-7.296685758868374,10.534905283979045,0.9914006812503804,1.6143476861956998
SB83208_component_768a,261.025182,-5.395584,15.706000328063965,47.30723190307617,261.0250743365931,-5.395519106724349,18.06383528479496,0.5339588328993891,0.8694720739224369
SB83208_component_770a,263.342873,-9.283726,16.958999633789062,46.4630126953125,263.34281956235424,-9.283824740299691,9.051325437401925,1.150641909435207,1.873648202252348
SB83208_component_773a,265.940042,-9.868907,17.576000213623047,26.590015411376953,265.94002188094936,-9.869016661146404,6.323033644351334,1.7070517767813227,2.779678426877346
SB83208_component_778a,267.40488,-7.306806,16.14699935913086,31.475631713867188,267.40484175747565,-7.306654142255017,15.510328639384099,0.6393268816877757,1.0410481772855615
SB83208_component_782a,264.982035,-6.631537,17.1200008392334,72.23628997802734,264.98210515047987,-6.631481049966945,10.92345543272945,0.9624892286093345,1.567269711005322
SB83208_component_785a,264.694876,-8.831583,17.149999618530273,71.16182708740234,264.6951089389004,-8.831743809492938,9.410464125436286,1.1191935760368625,1.8224392962908371
SB83208_component_795a,261.100892,-7.01037,17.392000198364258,58.55892562866211,261.1009654039184,-7.0103047538166265,9.327981651682444,1.1450224082657818,1.8644976853301747
SB83208_component_797a,262.821683,-4.078065,16.55699920654297,24.528886795043945,262.82158813372234,-4.078012781009423,10.589894693852635,0.9601567157420728,1.5634715627676825
SB83208_component_803a,261.362744,-4.376357,16.78700065612793,47.69034194946289,261.3625466479234,-4.376244686885343,10.400332213252259,0.9912382055818602,1.6140831188774607
SB83208_component_804a,265.918858,-4.964739,15.803999900817871,45.28366470336914,265.9188808711556,-4.964771620916124,5.383000234653934,1.802995973979249,2.9359091978256044
SB83208_component_805a,262.664347,-3.107932,16.739999771118164,39.574466705322266,262.6644422997613,-3.1079566458801406,10.631683633303105,0.9669533899764642,1.5745389299095705
SB83208_component_809a,261.776777,-4.297206,16.031999588012695,42.63829803466797,261.77669168226544,-4.297226706606877,10.13265095173233,0.9716654220037113,1.5822117690999493
SB83208_component_816a,260.960201,-5.268528,15.20300006866455,52.7881965637207,260.96003441761025,-5.268476223784592,11.312540179003555,0.8253179678869288,1.3439068350786338
SB83208_component_820a,261.317335,-10.30596,16.73699951171875,15.87950611114502,261.3174885045826,-10.306072509180565,11.178051744059012,0.9195251776521147,1.4973091818629527
SB83208_component_821a,264.205387,-9.185395,15.13700008392334,50.28903579711914,264.20547670943813,-9.185454001075868,19.137189010066606,0.4857511131688716,0.7909730146867926
SB83208_component_824a,266.542978,-9.383641,14.894000053405762,33.024391174316406,266.5431414475763,-9.383781460616387,20.133364705148786,0.45430459334873263,0.7397670618660606
SB83208_component_825a,266.005476,-6.489598,15.222000122070312,68.8778305053711,266.0054335920455,-6.48938486739857,6.943257370872126,1.346358122130374,2.1923427735703127
SB83208_component_832a,260.862621,-5.064831,15.258000373840332,53.91519546508789,260.8624870042733,-5.06479625911498,10.016300447256965,0.9354970353656333,1.5233169626035772
SB83208_component_842a,263.988967,-6.459715,16.486000061035156,53.18064498901367,263.98908389063365,-6.4595172941600865,13.15895474554755,0.7693891209946748,1.2528350754161033
SB83208_component_843a,263.722224,-8.095431,15.432999610900879,54.34154510498047,263.722246681765,-8.095436271287875,5.950534157455201,1.5927460260315751,2.5935486130376133
SB83208_component_845a,264.153554,-6.775595,15.13700008392334,47.90189743041992,264.1536093986553,-6.775572883696945,8.944773991443247,1.0392560922674634,1.692273063400339
SB83208_component_851a,264.521973,-8.394418,15.916000366210938,57.251800537109375,264.5220664167753,-8.394387528009792,9.697673188012459,1.0079025259462289,1.6412184714458218
SB83208_component_860a,263.682111,-8.739177,14.928000450134277,53.31428527832031,263.68200353365415,-8.73916967290354,11.87274862607461,0.7721514726210339,1.257333151764858
SB83208_component_865a,267.33858,-2.840373,15.229000091552734,10.085430145263672,267.3387685387051,-2.8401948036486657,8.293975680858889,1.1276148044696508,1.8361520068956465
SB83208_component_867a,264.081572,-8.052273,15.350000381469727,42.520774841308594,264.08173779244356,-8.05232196165471,8.32723099639299,1.1320351601761025,1.843349894835235
SB83208_component_868a,265.149065,-9.632547,15.319999694824219,42.91316604614258,265.1490891746223,-9.632638209949336,8.02896830259883,1.1717936782642988,1.908090693279411
SB83208_component_886a,259.986192,-6.491113,15.487000465393066,25.059871673583984,259.985979266069,-6.490961090600433,8.441990208886459,1.1266126016721083,1.834520069579171
SB83208_component_890a,265.141778,-6.48921,14.545000076293945,61.371307373046875,265.14187646110435,-6.489016527060477,8.694472720846292,1.0273599136724398,1.6729019163427983
SB83208_component_892a,260.469888,-4.146869,13.963000297546387,30.15766716003418,260.4698399801521,-4.146805869569462,8.006841129953287,1.0709511790039645,1.7438837702563295
SB83208_component_894a,266.071256,-8.22838,14.479000091552734,46.857608795166016,266.07108951647336,-8.228421690923293,7.611359068434927,1.1682303851857168,1.9022884036043715
SB83208_component_897a,262.403978,-5.045329,13.88599967956543,42.206687927246094,262.40398988949755,-5.04541806899123,12.431143437872775,0.6859906726612509,1.117033179527177
SB83208_component_898a,262.277586,-9.17334,14.083999633789062,44.15046691894531,262.2777876584183,-9.173372415189045,12.674525894699082,0.6824116297199521,1.1112052435570368
SB83208_component_899a,266.214166,-5.793161,14.623000144958496,57.570865631103516,266.2143154147172,-5.793145133102518,10.917419380991207,0.8225619728387279,1.3394191094664034
SB83208_component_907a,264.228155,-7.525833,13.663000106811523,32.37677764892578,264.2281377864196,-7.525929842561796,7.424008282747533,1.1302116026525415,1.8403805042301242
SB83208_component_910a,267.716832,-7.108795,13.557999610900879,16.884183883666992,267.71671776608224,-7.108713245533528,7.829664460922972,1.0634194607251926,1.7316194938579326
SB83208_component_914a,266.297304,-8.781291,13.345000267028809,39.02046585083008,266.29728547423025,-8.781283122582916,7.488525602606163,1.0943957688077515,1.782059777212282
SB83208_component_915a,267.789956,-4.63277,13.626999855041504,13.333660125732422,267.7901229576332,-4.632710788300041,6.456130580699821,1.2962240735870652,2.110706976060634
SB83208_component_916a,261.000231,-2.968334,13.82800006866455,16.023176193237305,261.00027094230654,-2.9681356439995383,10.395689344781358,0.8168799140426009,1.3301667268083779
SB83208_component_929a,263.716657,-7.655324,14.208000183105469,54.4367790222168,263.71658456437626,-7.655225231079571,7.097773054737314,1.2293144382381216,2.0017546452295383
SB83208_component_932a,265.230884,-4.61871,14.526000022888184,37.15089416503906,265.23101212857085,-4.618642197790731,6.414040830097245,1.3908056866298366,2.2647189825681155
SB83208_component_938a,261.24038,-6.938343,12.621999740600586,43.674739837646484,261.2404005155732,-6.9383146003745475,8.726456052863181,0.8882646898544013,1.446406154358534
SB83208_component_940a,262.215314,-4.643909,13.225000381469727,37.35875701904297,262.2154800341681,-4.643980921997168,10.92518685768371,0.7433938382458003,1.2105056466076414
SB83208_component_941a,260.060099,-8.975679,13.581999778747559,15.091111183166504,260.0596946842104,-8.975764524931725,5.652398743259783,1.475648991369696,2.4028736109502975
SB83208_component_942a,260.134036,-7.735292,13.180999755859375,22.078725814819336,260.1338348229387,-7.735328888303807,16.09210054656392,0.5030228945402764,0.819097526623015
SB83208_component_946a,266.137438,-4.411637,12.928000450134277,29.651378631591797,266.13763646643184,-4.411539919624929,11.699441190697229,0.6786070657585982,1.1050100803458829
SB83208_component_949a,266.719935,-5.48997,13.416999816894531,46.58680725097656,266.71998287526463,-5.49004077174171,12.841010613215712,0.6416649930031076,1.0448554417583007
SB83208_component_951a,266.334653,-9.889804,13.229000091552734,18.632394790649414,266.33437926217096,-9.889902282136967,9.362034907245507,0.8677785297629792,1.4130475075792004
SB83208_component_968a,263.422167,-4.282731,13.859000205993652,28.75311279296875,263.42199113843066,-4.282667196068958,8.819018229281072,0.9650810728646817,1.5714901416099512
SB83208_component_974a,263.7892,-4.987175,13.560999870300293,47.91872787475586,263.78911839183786,-4.987222320409888,6.520810943441355,1.277150977930073,2.079649293304535
SB83208_component_977a,260.938508,-6.196402,12.878000259399414,48.96577835083008,260.9383747306558,-6.1961941311580295,4.733404186346734,1.6708096555870562,2.72066355468763
SB83208_component_981a,266.737837,-7.781672,12.35200023651123,40.49835968017578,266.73766667593907,-7.781597437174258,5.966439498745148,1.2713765231180647,2.0702464575579933
SB83208_component_983a,266.01159,-3.764446,12.906999588012695,22.446956634521484,266.0113884465341,-3.764444075135359,7.385009481900874,1.0733129673284758,1.7477295891962052
SB83208_component_985a,266.293145,-5.813595,12.260000228881836,46.97317886352539,266.29334366154035,-5.8136490031703545,6.442659616896636,1.1686310703856178,1.902940859505993
SB83208_component_987a,263.179808,-8.320207,13.430999755859375,46.31379318237305,263.17996736348704,-8.320174788132087,12.792686035678704,0.6447609659881107,1.049896770576595
SB83208_component_989a,265.163905,-9.822318,11.638999938964844,25.302173614501953,265.16393820848737,-9.822327180400974,10.79898750295385,0.6618883921783824,1.0777862216972864
SB83208_component_990a,263.523155,-9.859019,13.282999992370605,20.31039810180664,263.5230226638244,-9.859040206823176,7.4021194404112,1.1020269650970638,1.794486038667962
SB83208_component_994a,263.115918,-6.742185,12.857000350952148,30.466825485229492,263.11585312844994,-6.741874187477404,6.061670022152972,1.3025652928139004,2.1210327028632325
SB83208_component_996a,264.210808,-5.532462,12.628999710083008,33.587764739990234,264.2108611498238,-5.532458148657238,6.3430723559378634,1.2227042597735447,1.9909909585472054
SB83208_component_999a,261.307248,-5.584247,12.208999633789062,54.02212142944336,261.30742772132203,-5.583973315827269,7.6839496159092535,0.9757705572206702,1.5888963676324617
SB83208_component_1000a,263.217953,-3.78191,12.4399995803833,34.36463928222656,263.21786464091053,-3.7817370281580356,7.819290773169271,0.9770237923912269,1.5909370736114972
SB83208_component_1004a,263.894404,-8.573758,11.965999603271484,43.671531677246094,263.89446707491965,-8.573798542499473,20.343048415251772,0.3612310627650725,0.5882107420193833
SB83208_component_1006a,263.249563,-5.987608,11.840999603271484,21.766542434692383,263.24938723799954,-5.987458634755259,8.621497760660407,0.843446973588864,1.3734272085879964
SB83208_component_1007a,261.922506,-8.672415,12.24899959564209,45.19926071166992,261.9226723133362,-8.67242523493978,8.526167400188855,0.8822646987136235,1.4366360664430273
SB83208_component_1008a,261.512233,-8.268327,12.062999725341797,48.44578170776367,261.51226007139707,-8.268370895156437,7.1766713613569415,1.0322488225352853,1.6808627729974477
SB83208_component_1009a,260.720005,-8.127298,11.744999885559082,34.241981506347656,260.71991911767964,-8.127414767542364,7.648557113354553,0.9430302853646121,1.5355837331791702
SB83208_component_1015a,259.850177,-5.753946,12.402000427246094,16.64698028564453,259.8501383330976,-5.753800661747163,3.6891156645874803,2.064531946642168,3.3617814009723914
SB83208_component_1016a,261.863745,-7.827643,11.562999725341797,44.13358688354492,261.86385929570986,-7.827723407049431,4.024369351937587,1.7645128272091561,2.8732451507649603
SB83208_component_1024a,262.641159,-6.122243,10.918999671936035,19.359928131103516,262.64129641004547,-6.122216599617236,6.492667527437314,1.0327895286476332,1.6817432320064931
SB83208_component_1031a,266.767939,-7.524046,11.458999633789062,37.32572937011719,266.7679462769884,-7.523937646249351,4.764327774083601,1.4770568488818334,2.4051660962795856
SB83208_component_1032a,261.339497,-10.149418,12.013999938964844,11.474688529968262,261.3395471289013,-10.1493332531006,13.270099361388615,0.5559882175127975,0.9053436309543706
SB83208_component_1035a,261.031959,-5.602673,11.520999908447266,45.9004020690918,261.031930225272,-5.60249048205276,6.814360652801093,1.0382864719697744,1.6906941818102148
SB83208_component_1043a,266.937505,-7.451609,11.949000358581543,36.20909118652344,266.93732160365045,-7.451611422150854,4.307847635742008,1.7034264137903958,2.7737750656363174
SB83208_component_1044a,262.387418,-5.006267,12.178999900817871,32.21957778930664,262.3874223041974,-5.006203849705639,6.226785647281318,1.2011571993730792,1.9559047943356385
SB83208_component_1049a,266.412827,-9.654076,11.11299991607666,21.45366668701172,266.4126471286956,-9.653959358095136,5.7939568217917445,1.1778993824704844,1.9180329191062275
SB83208_component_1052a,262.313609,-10.040905,11.020000457763672,12.739884376525879,262.31353917381495,-10.040818079381445,6.0503397714961284,1.118546352083146,1.821385388913232
SB83208_component_1054a,260.304143,-9.507014,11.371000289916992,11.3823823928833,260.30359202759547,-9.507055273648826,9.590297572467795,0.7281464309692459,1.1856775250187552
SB83208_component_1055a,266.846813,-6.520051,11.36299991607666,42.24163818359375,266.84688410630895,-6.5198855833483575,7.40308653879932,0.9426105902798196,1.5349003225240676
SB83208_component_1056a,264.170904,-6.271572,11.741000175476074,37.391719818115234,264.1709284213454,-6.271679665827575,4.727860789180165,1.5250797396620182,2.4833641892218283
SB83208_component_1057a,262.067973,-10.07816,11.246999740600586,13.63272762298584,262.0680301750559,-10.078337017481074,6.862419507802201,1.006494854719364,1.6389262894542302
SB83208_component_1058a,260.156647,-4.298546,11.918000221252441,16.34842300415039,260.15663911240733,-4.298317595546373,6.287205669185868,1.1641202910268411,1.895595730176854
SB83208_component_1060a,261.078854,-6.571691,12.133000373840332,47.02713394165039,261.078817780663,-6.571507939910996,6.7776924064451265,1.0993563597532874,1.7901373574142536
SB83208_component_1061a,264.69933,-9.389534,11.100000381469727,37.123748779296875,264.69946953015994,-9.389662894014867,7.19064983377456,0.9479970609233133,1.5436713840984029
SB83208_component_1062a,264.490946,-7.474634,12.440999984741211,38.39814758300781,264.4911485656401,-7.474586635920509,6.802186469364309,1.1232046528251607,1.8289707347443345
SB83208_component_1063a,263.163775,-9.027932,11.616999626159668,49.858367919921875,263.16369953398026,-9.027950837235835,9.585297057420338,0.7442871759724489,1.2119603134434433
SB83208_component_1073a,265.790476,-8.103027,10.677000045776367,44.673641204833984,265.7903549602728,-8.102980529238314,6.539570037599828,1.0026565301605812,1.6326761521610786
SB83208_component_1074a,261.974291,-9.29066,12.079000473022461,34.91040802001953,261.9745047189107,-9.290782094936167,6.13914896070499,1.2083005257168473,1.9675366325751065
SB83208_component_1075a,261.68825,-2.543752,12.001999855041504,11.801377296447754,261.6880677747277,-2.5434244602010896,24.354658064401956,0.30263818107638035,0.49280100025646656
SB83208_component_1079a,263.363176,-8.771122,10.354000091552734,35.58075714111328,263.36321118784167,-8.771111332763441,6.7832189590755965,0.9373989566427695,1.5264139568574029
SB83208_component_1081a,261.91916,-6.858066,11.779999732971191,38.371334075927734,261.91920767189066,-6.858114286892412,6.015620716350233,1.202588293047464,1.9582351162787892
SB83208_component_1086a,259.934717,-3.99153,11.770999908447266,10.828886985778809,259.9350372669883,-3.9915689395341496,5.67574384749305,1.2736283181455568,2.0739131688697445
SB83208_component_1091a,266.643639,-8.203411,10.182999610900879,33.830562591552734,266.643443132608,-8.203473799941376,5.846418671710733,1.0696407797321894,1.7417499810907675
SB83208_component_1097a,261.835537,-7.535501,10.906000137329102,35.75737762451172,261.8356654844163,-7.535429574806783,6.533075969784698,1.0251795344798889,1.6693514950337422
SB83208_component_1099a,266.932963,-8.346503,10.762999534606934,27.811368942260742,266.9329655864205,-8.346490801660098,11.799345964448133,0.5601799027169386,0.9121691631922864
SB83208_component_1101a,267.232309,-7.260143,10.755000114440918,27.090679168701172,267.23225137432905,-7.260175058046852,6.613140331556103,0.9987454600872888,1.6263075596809868
SB83208_component_1104a,261.092208,-5.267565,11.008999824523926,28.52072525024414,261.0922182097889,-5.267562390681085,4.98118007679858,1.3572747189058072,2.2101188181896534
SB83208_component_1107a,266.391937,-6.984469,11.26200008392334,40.657039642333984,266.39202090580596,-6.9842937312893545,7.538772995756599,0.9174174519977419,1.4938770659711413
SB83208_component_1108a,261.057844,-7.300343,10.539999961853027,28.719345092773438,261.0578879427306,-7.300236308075172,6.682804231531945,0.9685766783952676,1.5771822122397967
SB83208_component_1112a,264.555851,-9.730488,10.036999702453613,22.1567325592041,264.5560342355279,-9.730589748326363,7.037788813639748,0.8758300020051011,1.4261581255466456
SB83208_component_1116a,261.545281,-3.191457,11.006999969482422,28.150894165039062,261.54500787461865,-3.1912927700373293,6.870271245093254,0.9838915232825984,1.6021201458885075
SB83208_component_1119a,260.81841,-3.313724,10.50100040435791,17.44352149963379,260.8183929737462,-3.3134599408614145,6.924601086397286,0.9312966764592078,1.516477306539162
SB83208_component_1120a,267.442242,-6.832465,11.248000144958496,22.496000289916992,267.44233777049556,-6.832278421547332,9.464277159271868,0.729860735906736,1.188469014132703
SB83208_component_1128a,262.137918,-6.380154,10.795000076293945,33.317901611328125,262.1379040730145,-6.3800579149748025,6.037205764807685,1.098092206140202,1.788078872385066
SB83208_component_1131a,266.280088,-9.631554,11.204000473022461,21.381681442260742,266.2799839874499,-9.631667670424797,6.726098115010371,1.0229680216952248,1.6657503773278195
SB83208_component_1132a,267.098338,-5.836085,11.635000228881836,38.27302932739258,267.0984464294631,-5.836057787281358,5.802930149935563,1.2313207285203638,2.0050215887935567
SB83208_component_1133a,262.73955,-9.758082,10.9399995803833,22.556699752807617,262.7393811947008,-9.758039138088911,7.201918827247936,0.9328702013283429,1.5190395563738663
SB83208_component_1134a,263.322934,-9.211271,10.723999977111816,35.8662223815918,263.3227824775356,-9.211352360579895,4.127069596284171,1.5957584366985682,2.5984538731227667
SB83208_component_1135a,265.633644,-7.499671,10.782999992370605,38.92779541015625,265.63384599911393,-7.499651293762888,7.1962523673674506,0.9202066278859734,1.4984188216171839
SB83208_component_1138a,262.771182,-9.177505,11.357000350952148,43.34733200073242,262.77118405119523,-9.177481033467517,6.280310104270413,1.11054123329325,1.8083502506078077
SB83208_component_1140a,265.723947,-6.055622,10.383000373840332,37.34892272949219,265.7239632528102,-6.055574893776858,8.443226822869686,0.7552079455852319,1.2297431529041114
SB83208_component_1145a,267.270354,-9.137076,10.564000129699707,12.820388793945312,267.2701420498601,-9.13745672974297,5.4101803765482215,1.1991369638398135,1.9526151430166736
SB83208_component_1146a,267.000835,-8.1375,10.986000061035156,28.31443214416504,267.00075142920224,-8.137678920584147,7.162623887706014,0.9419320790083852,1.5337954684304471
SB83208_component_1147a,261.938792,-8.161948,9.88700008392334,37.029964447021484,261.93879731906964,-8.162119226778835,4.9376228996498845,1.229698821186014,2.0023805553527394
SB83208_component_1148a,262.247774,-7.315243,10.111000061035156,25.0272274017334,262.247898526332,-7.315350888033747,5.629845617465245,1.102934609113488,1.7959640011563027
SB83208_component_1149a,265.47781,-3.73083,11.352999687194824,29.11025619506836,265.477640449297,-3.7307093200896118,7.886507842537305,0.8840524331533923,1.4395471245156657
SB83208_component_1152a,261.994472,-8.551352,10.104000091552734,39.46875,261.99460642398776,-8.55149864604654,5.925273136144091,1.047218013847346,1.70523786151198
SB83208_component_1155a,261.921214,-8.921797,11.045000076293945,37.82534408569336,261.9213102934672,-8.921729399301801,12.495884399091567,0.5428137769483682,0.8838910255201226
SB83208_component_1156a,264.208247,-7.695996,9.902000427246094,24.210269927978516,264.20849965394393,-7.696085177745796,5.5953815649922305,1.0867893415230696,1.7696738483749577
SB83208_component_1157a,262.763789,-4.195685,10.355999946594238,19.613636016845703,262.7636605843964,-4.195636211302112,4.619940821127428,1.3765999974911935,2.2415871431156145
SB83208_component_1160a,263.080338,-5.879929,10.857000350952148,23.248394012451172,263.08007012548944,-5.8799024735174275,6.2078213646155715,1.074045742859626,1.74892280451831
SB83208_component_1164a,261.977545,-7.84534,10.369999885559082,39.280303955078125,261.977427394222,-7.845229595713142,4.362564447420181,1.459785458803798,2.3770422215060734
SB83208_component_1166a,267.247116,-8.795263,9.901000022888184,15.74085807800293,267.24697911494053,-8.795477174239204,4.10267562928531,1.4820539641065082,2.4133031508057456
SB83208_component_1167a,262.093342,-7.5147,10.218000411987305,31.831775665283203,262.09338746521195,-7.514637329271733,9.986596998430125,0.628348421886577,1.0231713979840737
SB83208_component_1168a,266.727515,-7.538252,10.380999565124512,32.6446533203125,266.72749516929616,-7.538123076428451,4.948140849890578,1.2883956707952187,2.097959593319595
SB83208_component_1174a,263.81205,-8.181513,10.746000289916992,32.36747360229492,263.8120361612479,-8.181551513011268,6.32395403264374,1.043542835828287,1.6992533839504536
SB83208_component_1176a,265.86849,-6.962382,9.788000106811523,38.234375,265.8684964767198,-6.962027327374793,4.782097934147385,1.2569778851287792,2.046800429769253
SB83208_component_1179a,263.760735,-5.696054,10.496999740600586,30.603498458862305,263.760599523376,-5.696196578635592,7.210646362447726,0.8940115451726587,1.4557640484586565
SB83208_component_1180a,260.912947,-3.9443,9.824999809265137,25.257068634033203,260.9128896408076,-3.9441578684255387,5.661270013949973,1.0657879826248255,1.735476277417486
SB83208_component_1184a,264.520456,-4.203211,10.244999885559082,26.610389709472656,264.52067308297916,-4.203211482173457,8.36930954070155,0.7517517792776583,1.2241153031484486
SB83208_component_1185a,260.724843,-8.05951,10.73900032043457,30.770774841308594,260.7247768837288,-8.059436262035057,4.250873998432879,1.5514499175867427,2.5263040787361835
SB83208_component_1190a,264.618984,-9.95068,9.527999877929688,16.983957290649414,264.6193094308925,-9.95103698771478,6.6606097880939,0.8784962036764083,1.4304996360785702
SB83208_component_1191a,262.725631,-9.390975,10.28600025177002,34.28666687011719,262.72569761107553,-9.39100785643815,4.860677702638351,1.299576480049298,2.116165868431645
SB83208_component_1193a,261.046405,-2.926429,9.236000061035156,11.676359176635742,261.0463116806338,-2.9263196632437682,12.05897479459732,0.4703549047781203,0.7659025927455361
SB83208_component_1195a,264.181625,-8.583053,10.560999870300293,39.406715393066406,264.1817178562251,-8.583071319161663,3.870301200004765,1.6757622781225532,2.7287281595260056
SB83208_component_1205a,263.977793,-9.157802,9.812000274658203,26.026525497436523,263.97779131121973,-9.157848928186565,6.3543828603336285,0.9482793885421682,1.5441311123867405
SB83208_component_1206a,265.714939,-9.038238,9.626999855041504,33.427085876464844,265.7150827225873,-9.038244054272072,6.5461606295357795,0.9031428434176573,1.4706330015192741
SB83208_component_1213a,263.068762,-3.639931,10.090999603271484,30.765241622924805,263.0688915288495,-3.639766431783185,5.086839318623692,1.2182552931987263,1.9837464820889468
SB83208_component_1219a,266.77627,-8.448589,9.1850004196167,23.551284790039062,266.77640451049376,-8.448588680876666,4.0038981989066595,1.4087965879329971,2.29401447372584
SB83208_component_1222a,266.139571,-5.160834,9.890999794006348,34.82746124267578,266.1396428767896,-5.160908490533462,3.6512122626631003,1.6636242754189425,2.7089632380868776
SB83208_component_1223a,260.442782,-6.160201,10.4399995803833,30.348834991455078,260.44229324722806,-6.160044225952173,5.7504228635597,1.1149434396193545,1.8155185849968258
SB83208_component_1231a,262.664386,-3.874531,10.043999671936035,26.431577682495117,262.6645595001921,-3.8744976961999167,5.700540721895841,1.082038652474123,1.761938062008209
SB83208_component_1232a,260.991068,-8.3763,10.295000076293945,33.534202575683594,260.9910299638055,-8.376171597520118,5.01376282119916,1.2609988950625595,2.0533480428640725
SB83208_component_1237a,260.80586,-6.286734,9.883000373840332,37.72137451171875,260.8056900680369,-6.28657665606919,6.652683585702868,0.9123134574581107,1.4855659744707632
SB83208_component_1238a,262.695368,-8.357178,9.977999687194824,35.1338005065918,262.6955289868554,-8.357281965266083,6.594801683005513,0.9291672271621546,1.5130098169453146
SB83208_component_1242a,264.187768,-7.914236,9.33899974822998,27.630176544189453,264.1878397307044,-7.914392712048999,2.73178352272371,2.099453306112135,3.4186456102929346
SB83208_component_1248a,267.013313,-9.310318,10.312000274658203,17.273033142089844,267.0135888524361,-9.310325209522624,5.064624019484172,1.2503967695448264,2.036084067639926
SB83208_component_1250a,259.95595,-6.526694,10.284000396728516,16.144426345825195,259.9556296118898,-6.526524528779486,7.7176200556231045,0.8183344380876476,1.3325352016047396
SB83208_component_1253a,264.180709,-3.324998,10.456000328063965,33.19365310668945,264.1806619866914,-3.3249419640117583,9.004013084762429,0.7131511849777509,1.1612600103567983
SB83208_component_1259a,262.789127,-3.717937,8.704999923706055,19.561798095703125,262.78917803659743,-3.717802085356211,5.752859309657346,0.9292598128984435,1.5131605789651312
SB83208_component_1260a,267.613735,-5.026769,9.480999946594238,14.883830070495605,267.613978003271,-5.026665701856786,5.666096131513028,1.0275958531937162,1.6732861085543407
SB83208_component_1263a,265.406268,-5.70261,9.329000473022461,37.46586608886719,265.4062114418068,-5.702613861384253,5.348713608239984,1.0711194557614987,1.7441577837801279
SB83208_component_1265a,266.84811,-7.695601,9.262999534606934,27.900602340698242,266.84803376529834,-7.695660782078071,5.601592623157458,1.0155288323332523,1.6536367704272013
SB83208_component_1267a,264.776009,-9.331301,9.369999885559082,34.07272720336914,264.7763165680066,-9.331509691473206,5.086097516854566,1.1313762044957416,1.8422768840959705
SB83208_component_1268a,265.481789,-8.754108,9.520999908447266,39.5062255859375,265.4818102336846,-8.754172805539902,4.8781197765513165,1.198621983573274,1.9517765746986897
SB83208_component_1273a,265.572016,-3.362125,8.635000228881836,14.710391998291016,265.5718002262803,-3.3621331600496625,4.130540007893683,1.283830407710488,2.0905257453940376
SB83208_component_1275a,266.905193,-6.243342,9.326000213623047,37.91056823730469,266.9052538032473,-6.243313710668526,5.88939718638975,0.9724711227998636,1.5835237323057785
SB83208_component_1278a,263.228669,-6.930376,9.640000343322754,20.337553024291992,263.2286715096797,-6.930349614326527,4.90774008945602,1.2062786243953256,1.9642442687691848
SB83208_component_1284a,262.09275,-3.189515,9.232999801635742,18.355863571166992,262.09269504447565,-3.189360222211885,8.0764991777133,0.7020560891359654,1.143193306713105
SB83208_component_1286a,266.713295,-7.280075,9.152000427246094,28.24691390991211,266.7132111698866,-7.280165976213773,5.492865711260622,1.0232203939963302,1.6661613278628096
SB83208_component_1287a,261.771752,-8.827844,8.586000442504883,32.64638900756836,261.77206315478446,-8.827743541072644,3.230654238823901,1.6321217933835377,2.657666159171079
SB83208_component_1290a,264.409286,-6.459861,9.432000160217285,33.211265563964844,264.40947800342013,-6.459781080558111,5.936973796210646,0.9756427121018392,1.5886881909833235
SB83208_component_1293a,266.524117,-6.364447,9.480999946594238,40.34468078613281,266.5241289103728,-6.364364456911914,5.405093770197637,1.0772166286260092,1.7540861175933986
SB83208_component_1295a,264.703192,-6.684624,9.277999877929688,31.030099868774414,264.70329970708536,-6.684536404860736,7.53233640130279,0.7564440167919031,1.2317559099358557
SB83208_component_1297a,266.703006,-4.098106,9.73900032043457,25.8328914642334,266.7031901959313,-4.098050335209993,4.816745409681814,1.2416889760032253,2.0219047286283525
SB83208_component_1304a,261.420447,-6.707504,8.78600025177002,35.42742156982422,261.42033461116125,-6.707427412550487,15.797689580147173,0.3415464478769803,0.556157291684685
SB83208_component_1312a,261.568246,-4.418641,9.246999740600586,25.97471809387207,261.5679265637825,-4.418784076914088,4.551005245823093,1.247801912004412,2.0318587303513813
SB83208_component_1313a,262.876876,-7.746567,9.369999885559082,23.903060913085938,262.87717043478114,-7.746559697123784,6.461592623859306,0.8905373704721853,1.4501068747293877
SB83208_component_1314a,264.64317,-6.786758,8.961999893188477,28.450794219970703,264.643430113161,-6.786711551943809,6.675353934505089,0.8244850295334687,1.3425505195857335
SB83208_component_1317a,264.130872,-7.062933,9.586999893188477,31.126623153686523,264.1310367510255,-7.062904597843558,5.1132850479678975,1.1514228827569986,1.8749199004656518
SB83208_component_1319a,260.647436,-3.169852,8.336999893188477,11.251011848449707,260.6476848449023,-3.169740193831961,6.133642191780432,0.8347251439357184,1.3592250138687123
SB83208_component_1322a,261.927165,-7.955175,8.48900032043457,33.68650817871094,261.92712867089847,-7.955237550250483,5.786492234597914,0.900934696730473,1.467037364999496
SB83208_component_1325a,266.445004,-4.735701,9.303000450134277,24.941020965576172,266.4451379581118,-4.735587502062033,8.875127106027024,0.6437253289284273,1.0482103905663152
SB83208_component_1328a,261.4738,-7.137401,8.406000137329102,31.961977005004883,261.4739231563997,-7.137294091628125,4.4571333564762305,1.1582062439559138,1.885965589321027
SB83208_component_1332a,262.91763,-5.864221,9.305999755859375,23.381908416748047,262.9174395077102,-5.864222042709262,4.839798183966137,1.1808314783646332,1.9228073985996785
SB83208_component_1336a,262.118905,-8.700858,8.961000442504883,35.00390625,262.1189344358243,-8.700751028566227,6.043402841721907,0.9105988379181136,1.4827739730737004
SB83208_component_1339a,264.027712,-9.157615,9.055999755859375,24.608694076538086,264.0278525909708,-9.157663879129789,6.038273255032433,0.9210342427188253,1.4997664685532244
SB83208_component_1343a,263.013883,-5.424297,8.456000328063965,21.461929321289062,263.0136049077682,-5.424199044642704,4.391912483586857,1.1823973592624664,1.9253572013707303
SB83208_component_1344a,265.228606,-4.784662,8.508999824523926,16.300765991210938,265.22842232104654,-4.784728957605776,4.8166155137023905,1.084897408954407,1.766593119238473
SB83208_component_1348a,267.166432,-9.038708,8.13700008392334,12.126676559448242,267.16651696968233,-9.038856589359536,5.263821513641186,0.9493258420224029,1.5458351053196457
SB83208_component_1351a,261.608492,-5.746827,9.319999694824219,32.13793182373047,261.6088238189049,-5.746749064080694,13.920899870561726,0.4111504082669026,0.6694969277476848
SB83208_component_1353a,260.275032,-7.061515,8.984000205993652,17.754941940307617,260.27479253649034,-7.061385340862133,5.381844853698063,1.0251577913484158,1.669316089597123
SB83208_component_1354a,261.576471,-9.1187,9.088000297546387,29.60260581970215,261.57631613345904,-9.118620536742416,4.6137777499656405,1.2096613360996105,1.969752508692918
SB83208_component_1358a,266.717615,-3.698647,9.526000022888184,24.488431930541992,266.71782943583696,-3.6989101132509568,4.929903224182531,1.1866545851158994,1.9322894567504965
SB83208_component_1359a,260.241869,-6.742304,9.49899959564209,14.502289772033691,260.24153804659113,-6.742143656903498,6.2235855717941595,0.9373231455763671,1.5262905098778423
SB83208_component_1362a,265.037328,-6.37325,9.305000305175781,39.764957427978516,265.0374517486349,-6.3731234259394025,5.4282763859718814,1.0527047366697975,1.7141721687610438
SB83208_component_1365a,261.609015,-5.977512,9.225000381469727,35.20992660522461,261.6094037683917,-5.977320138480684,4.966451027117053,1.1407024461243047,1.8574632732912892
SB83208_component_1367a,262.294514,-7.959708,8.392999649047852,27.791391372680664,262.2947261344916,-7.959772056472488,4.807099191193774,1.0722258141637848,1.745959322916233
SB83208_component_1371a,260.279711,-4.872395,8.5,16.504854202270508,260.2795437542555,-4.872163819948625,4.985005600842308,1.0471415983312602,1.7051134302765416
SB83208_component_1378a,261.579728,-7.892016,9.14799976348877,35.32046127319336,261.57981978697273,-7.892127519748531,4.59572006115217,1.2224320152464787,1.9905476490653178
SB83208_component_1385a,266.321576,-6.869245,8.434000015258789,31.237035751342773,266.32155468611484,-6.869042499967118,5.352745601656902,0.9676295700175873,1.575639987943404
SB83208_component_1388a,266.203896,-3.995976,8.204000473022461,20.928573608398438,266.20413055047527,-3.99613846278682,4.802322996871041,1.0491230948751245,1.7083400009469973
SB83208_component_1392a,264.039258,-10.067031,8.352999687194824,12.001436233520508,264.0396112459596,-10.067103702448861,3.1131900967658277,1.6477410535369112,2.683099787537045
SB83208_component_1393a,266.023411,-4.25759,8.213000297546387,17.62446403503418,266.0236853305078,-4.2576418632071125,4.076094742024712,1.2373988443534014,2.0149188910821922
SB83208_component_1398a,263.753499,-7.555761,8.991999626159668,27.003002166748047,263.7534920338125,-7.555876377474266,9.225454387022639,0.5985778633073249,0.9746944973039626
SB83208_component_1399a,267.360331,-8.387177,7.934999942779541,12.059270858764648,267.3601321526313,-8.387297088199706,6.25803470361942,0.7786837258177177,1.2679699488068075
SB83208_component_1400a,267.606182,-4.429305,7.932000160217285,10.053232192993164,267.6066167310234,-4.429049523101284,4.933132811312553,0.9874430192423769,1.607903225720539
SB83208_component_1410a,263.628208,-7.993605,8.545999526977539,29.068025588989258,263.6281014020233,-7.993671530221132,4.283057687462813,1.2253526039648435,1.9953033908445899
SB83208_component_1411a,265.501813,-4.371307,8.269000053405762,12.800309181213379,265.5019851036686,-4.371365713632219,5.568300592785299,0.9119740073830919,1.48501323080864
SB83208_component_1416a,265.67056,-3.46227,8.303999900817871,13.436893463134766,265.6704475641376,-3.462324820065,5.242548846546618,0.9727404754535786,1.5839623328045667
SB83208_component_1421a,262.495767,-7.346133,8.515000343322754,23.392858505249023,262.49593708425346,-7.345943184231659,9.49010074762271,0.5510182514441615,0.8972507847670405
SB83208_component_1424a,267.202637,-7.328803,8.045999526977539,20.737112045288086,267.2027127198839,-7.328817053846961,5.615481917788971,0.879923885971233,1.4328244031004833
SB83208_component_1426a,259.949064,-7.590876,8.6850004196167,11.736486434936523,259.94908271392814,-7.590717172096455,5.590830433592098,0.9539940380666849,1.5534365641700572
SB83208_component_1427a,266.843033,-4.284408,9.243000030517578,24.713903427124023,266.84312871773744,-4.284478381428141,4.761312823492914,1.1921705130483085,1.9412713201517569
SB83208_component_1430a,264.794408,-3.164476,8.859000205993652,21.092857360839844,264.7948251637812,-3.1645043456658275,6.780187390725272,0.8024078193102044,1.3066010857033274
SB83208_component_1431a,261.800021,-2.930192,8.616000175476074,15.468582153320312,261.79966465005174,-2.92983184812429,7.297220831763939,0.7251040774627026,1.1807235074991351
SB83208_component_1434a,262.40992,-8.088456,8.696000099182129,30.619718551635742,262.4101906793579,-8.088580174917656,3.524870443787833,1.5150554020917297,2.467041055227377
SB83208_component_1444a,265.63176,-4.682431,8.194999694824219,10.42620849609375,265.6311785142475,-4.682242982453653,3.4598263147958384,1.4546107125918823,2.368615921492521
SB83208_component_1445a,263.42823,-9.8513,8.111000061035156,11.472418785095215,263.4281866875544,-9.85151949039676,4.888216192004665,1.0190045819509894,1.6592965086736113
SB83208_component_1448a,263.15576,-9.143706,8.70300006866455,30.32404136657715,263.1556398774378,-9.143824029122674,5.100435759202549,1.047885527863668,1.7063248082209472
SB83208_component_1450a,259.800267,-5.596693,8.543999671936035,10.457772254943848,259.80085630824806,-5.596421745246947,3.9092537037109114,1.342207014455681,2.1855833157683087
SB83208_component_1457a,262.505952,-3.079182,8.366999626159668,18.348684310913086,262.50613972922025,-3.078979951448987,5.517130872552872,0.931340740190369,1.5165490577329939
SB83208_component_1458a,262.642222,-3.325941,7.410999774932861,12.799654006958008,262.6422873453552,-3.3256621661147046,4.2107386963901225,1.0808629892027901,1.7600236702615462
SB83208_component_1461a,264.272735,-4.794097,8.538999557495117,28.945762634277344,264.2725473323309,-4.794021755480365,6.2558031497632385,0.8382548098768426,1.3649725467813498
SB83208_component_1464a,263.978827,-3.098934,7.64900016784668,16.885210037231445,263.9784003043191,-3.0988989636809667,4.371298663615723,1.0745987417967533,1.7498232805533822
SB83208_component_1472a,263.1105,-8.012087,8.008000373840332,27.424659729003906,263.1107281687052,-8.011953708357202,3.54631290628225,1.3867531771879091,2.258120077236912
SB83208_component_1480a,261.296165,-8.342207,7.618000030517578,32.14345932006836,261.29619048105764,-8.342285977055331,4.935753256899876,0.9478501141543189,1.543432103269767
SB83208_component_1483a,263.608337,-6.955311,7.896999835968018,21.93610954284668,263.6083673642736,-6.955310211052642,5.0114329653498295,0.9677258473895917,1.5757967612396782
SB83208_component_1492a,266.427793,-6.442746,7.98199987411499,35.31858444213867,266.42775983460064,-6.442481412205419,4.009011086327393,1.2227188197357133,1.9910146672672846
SB83208_component_1500a,267.328135,-5.344926,8.416000366210938,20.72906494140625,267.32831258382623,-5.3447109826808346,4.198029897616433,1.2311539304427743,2.004749983078823
SB83208_component_1504a,265.651247,-7.029749,7.534999847412109,26.072664260864258,265.65136328996516,-7.029565054685133,2.5862601414669713,1.789217670295769,2.9134732916458
SB83208_component_1506a,261.501905,-8.482173,7.504000186920166,31.662446975708008,261.50200545294473,-8.482129793767813,4.610199354497187,0.999597745699276,1.6276953792898599
SB83208_component_1507a,261.680519,-4.718963,7.357999801635742,20.38227081298828,261.6804956810369,-4.718969020404351,4.442805977678303,1.017078705655875,1.6561605072569128
SB83208_component_1515a,266.665755,-7.449846,6.752999782562256,22.140981674194336,266.66568859175703,-7.449781254049321,4.909750637332719,0.8446746061479518,1.3754262245446551
SB83208_component_1520a,265.033599,-8.946598,7.952000141143799,31.184314727783203,265.03373104687665,-8.946749833858252,6.384564582485032,0.7648869161715706,1.2455039084354727
SB83208_component_1521a,264.733162,-8.876626,7.781000137329102,33.8304328918457,264.73339975522305,-8.876915882280276,2.8389033834584256,1.6832047497653981,2.740847111129962
SB83208_component_1525a,266.145839,-7.16642,7.453000068664551,28.231061935424805,266.14579181055694,-7.166349764407156,3.2884730848231665,1.391838902402778,2.266401419875184
SB83208_component_1533a,261.421476,-8.764581,7.485000133514404,29.468503952026367,261.42147589620816,-8.764476373509037,3.611678111807533,1.272725989564537,2.0724438617727188
SB83208_component_1538a,266.578276,-9.328504,7.639999866485596,17.324262619018555,266.57798251714286,-9.328534848536789,2.904232199154331,1.615526745513657,2.6306436064961503
SB83208_component_1539a,264.290571,-5.256401,7.670000076293945,24.902597427368164,264.2905793550067,-5.256340077397507,4.752036749220481,0.9912146566857554,1.6140447730232987
SB83208_component_1543a,267.043423,-5.878359,7.691999912261963,26.4329891204834,267.04354812791735,-5.878232341412372,5.600875636499273,0.8434036544355173,1.3733566698277395
SB83208_component_1544a,264.176697,-9.655526,7.60699987411499,18.736454010009766,264.1768550985976,-9.655482644264705,4.789855465891302,0.9753110344094115,1.5881481034834255
SB83208_component_1547a,265.661466,-5.296898,7.664000034332275,14.515151977539062,265.6614494551025,-5.296961273636226,4.138375634870603,1.1373070387506414,1.8519343603693699
SB83208_component_1549a,265.1466,-3.124769,7.296999931335449,11.039334297180176,265.1465329498792,-3.124760585527548,5.043855961145034,0.8884516613167373,1.4467106094121918
SB83208_component_1555a,261.669345,-7.664226,7.01800012588501,27.30739402770996,261.66924183921554,-7.664295551556815,2.4879117347775996,1.7323296573733575,2.8208396736037606
SB83208_component_1556a,262.506138,-8.52763,7.796999931335449,29.534090042114258,262.5062194470419,-8.527597164456807,3.724233485026645,1.2857092464624333,2.0935851532089607
SB83208_component_1560a,265.233573,-4.749644,7.611000061035156,14.693050384521484,265.2337458725302,-4.749653721395748,4.634537147095881,1.0085269206627288,1.6422352048260962
SB83208_component_1561a,260.059524,-6.230449,7.650000095367432,14.272387504577637,260.0592641095683,-6.2305016976891485,4.024016814188162,1.1674916718297512,1.9010855194229117
SB83208_component_1566a,264.581216,-8.370066,7.061999797821045,23.53999900817871,264.58148440983166,-8.370089354935024,4.256656159707774,1.0188523879343612,1.6590486834872429
SB83208_component_1567a,264.828008,-9.583646,7.193999767303467,20.322032928466797,264.8280336765311,-9.583658568196233,3.4120498771979593,1.294813401668351,2.108409907891299
SB83208_component_1573a,264.932301,-8.373951,6.848999977111816,25.65168571472168,264.93229613132144,-8.37395777966562,4.488541048517504,0.9370744591709328,1.5258855612725064
SB83208_component_1576a,260.902321,-6.240462,7.138999938964844,27.886716842651367,260.90215362818446,-6.240065521760925,4.951524380034714,0.8854225815999344,1.4417782062732758
SB83208_component_1577a,265.336564,-5.437295,7.622000217437744,22.221574783325195,265.33669206005305,-5.437249716075189,4.797643140027734,0.9756479879640773,1.5886967819356574
SB83208_component_1582a,266.642538,-4.407762,7.38700008392334,21.41159439086914,266.6426947050231,-4.407841355161237,3.9482619922374074,1.148984786285448,1.8709498251247665
SB83208_component_1592a,263.574514,-4.544524,7.053999900817871,16.916067123413086,263.5741897731717,-4.544459721231365,5.14646473063829,0.8417412020495385,1.37064961483628
SB83208_component_1593a,266.704162,-6.286012,7.302999973297119,28.63921546936035,266.7042129528051,-6.285951454189447,4.592983513785451,0.9764692015690338,1.5900340054297568
SB83208_component_1597a,261.22557,-3.459343,7.203999996185303,19.007915496826172,261.2252155901635,-3.459121901072136,4.8145621005470085,0.9189016863248934,1.4962939195169624
SB83208_component_1599a,264.185723,-3.995246,6.894999980926514,20.893938064575195,264.18542780888083,-3.9952188065195866,9.96815132066515,0.42478755486688546,0.6917029807354919
SB83208_component_1600a,263.699979,-6.681996,7.504000186920166,18.997468948364258,263.6998927666862,-6.681779465710224,3.680419584962083,1.2521248666344986,2.0388980152102616
SB83208_component_1601a,266.330192,-7.286601,6.548999786376953,22.978946685791016,266.3303372908241,-7.2866326671104895,5.786128228421156,0.6950868297179835,1.1318449104201687
SB83208_component_1604a,261.176062,-9.389165,7.033999919891357,18.60846519470215,261.1760456516365,-9.389179655055788,4.712081400195323,0.9167305665443014,1.492758575774983
SB83208_component_1614a,261.040519,-3.848453,6.349999904632568,18.091167449951172,261.040607125539,-3.84816325723136,3.5221647262107307,1.1071748010115363,1.8028685192881715
SB83208_component_1616a,264.173586,-4.190781,6.875999927520752,20.403560638427734,264.173321354318,-4.1906932989798245,3.9371514370970067,1.0725211895890807,1.74644029760528
SB83208_component_1617a,267.558326,-6.198943,6.849999904632568,13.53754997253418,267.5585580994537,-6.198825761217641,9.76426386575872,0.43082728071149645,0.7015377706714911
SB83208_component_1620a,262.892203,-4.50396,6.923999786376953,12.774907112121582,262.89190053015756,-4.504016426623909,4.108063239624266,1.0350755802131977,1.685465724965383
SB83208_component_1632a,266.171589,-8.851942,6.829999923706055,22.467105865478516,266.17170663600365,-8.852026502482651,4.236061081436676,0.9901719573275584,1.6123468931164784
SB83208_component_1636a,266.619904,-6.780602,7.035999774932861,27.271318435668945,266.6199001812926,-6.78045234412879,4.522460544518268,0.9554394464973164,1.5557901955521283
SB83208_component_1640a,266.26791,-5.457012,6.864999771118164,26.712060928344727,266.26796815430964,-5.457224971944388,3.3319320666176457,1.2653087937375873,2.0603660680534377
SB83208_component_1650a,261.60357,-4.669449,6.1529998779296875,16.49597930908203,261.6033742642561,-4.669138971412128,3.593478466532011,1.0515356405106608,1.7122684705740885
SB83208_component_1657a,261.202797,-9.081918,6.1579999923706055,19.425867080688477,261.202795600843,-9.081999209494748,3.329061053583003,1.1359783682464133,1.8497708192353128
SB83208_component_1664a,266.990242,-8.025714,6.586999893188477,17.6122989654541,266.9901825699084,-8.025523451740534,3.470763970954583,1.165506535958442,1.8978530226521908
SB83208_component_1667a,263.500374,-6.482032,7.01200008392334,16.421546936035156,263.5003303103769,-6.482092134327933,3.0307227876083624,1.420848704568064,2.313639542551738
SB83208_component_1668a,266.203607,-9.279891,6.960000038146973,20.291545867919922,266.2035393176274,-9.279919513062117,2.9742276522646796,1.4371006054217499,2.340103331648937
SB83208_component_1675a,262.022157,-5.684105,6.6579999923706055,21.75817108154297,262.0223475227577,-5.684256402544468,6.683339246330723,0.6117900666570034,0.9962085937843078
SB83208_component_1690a,263.918165,-2.963824,6.814000129699707,16.22381019592285,263.9176638167924,-2.9635121398009323,4.500244387525698,0.929861306075539,1.5141400206147797
SB83208_component_1693a,260.900184,-8.056929,7.005000114440918,23.118812561035156,260.90014057976015,-8.0568850217554,7.151016125249488,0.6015788051653574,0.9795810821495698
SB83208_component_1702a,265.953784,-6.109067,6.5329999923706055,29.03555679321289,265.9539234946987,-6.109124662053964,7.806382595294503,0.5139430087031429,0.8368792987815559
SB83208_component_1716a,262.268776,-9.324077,6.788000106811523,18.345945358276367,262.2686448169438,-9.32399775885871,3.128323329328659,1.3325464127344746,2.169852471185654
SB83208_component_1718a,261.726887,-9.397703,5.980999946594238,15.864721298217773,261.72685042136453,-9.39781520349885,2.994779302749748,1.2264818139461169,1.9971421403582565
SB83208_component_1723a,263.745735,-6.041535,6.46999979019165,14.80549144744873,263.74560748028375,-6.0414044725089076,4.123740185297888,0.9635297069521438,1.5689639743208688
SB83208_component_1725a,260.828235,-8.878756,6.176000118255615,17.495752334594727,260.8282711104967,-8.878818554251488,7.950009415101331,0.47708063659017746,0.7768544407663316
SB83208_component_1733a,263.558696,-6.685509,6.821000099182129,17.00997543334961,263.5586293918041,-6.685306839198633,4.495185050634458,0.9318641806714928,1.5174014022446978
SB83208_component_1737a,261.631205,-9.774103,5.8420000076293945,12.095237731933594,261.6310861260628,-9.774056111845125,2.8814915453967034,1.2450773738277316,2.027422227548167
SB83208_component_1747a,266.69024,-4.297507,6.702000141143799,17.14066505432129,266.6906112915483,-4.297457115942742,3.114830536763048,1.3213630138502037,2.1516419792482706
SB83208_component_1750a,265.143881,-9.715104,6.1579999923706055,13.932126998901367,265.14396170710216,-9.715206836068127,4.0252641314915465,0.939501414045243,1.529837494189178
SB83208_component_1752a,266.639087,-9.470337,5.209000110626221,10.314851760864258,266.63900891509945,-9.470404114920171,2.555009796055285,1.252027691743029,2.0387397804378162
SB83208_component_1757a,267.108528,-6.508758,6.224999904632568,20.145631790161133,267.108534220704,-6.508586493354463,4.674026346744666,0.8179002302039274,1.3318281590278398
SB83208_component_1759a,261.73754,-9.131103,6.228000164031982,19.961538314819336,261.7374450565971,-9.131059897774607,3.3410715755888596,1.144761389593073,1.86407265547261
SB83208_component_1760a,266.367084,-6.452952,6.039999961853027,26.844444274902344,266.3669359740495,-6.452686571065966,3.6536556508876683,1.0152230268286646,1.6531388119144694
SB83208_component_1764a,264.017661,-6.931862,5.993000030517578,17.371015548706055,264.0175282306585,-6.931890935351128,3.254180393885258,1.1309796566068704,1.8416311651863793
SB83208_component_1770a,266.329866,-6.229757,6.435999870300293,31.242717742919922,266.329973626682,-6.229699512000607,3.934388040740545,1.0045949086935702,1.635832511601699
SB83208_component_1771a,265.7234,-7.417249,6.084000110626221,21.72857093811035,265.72358665626365,-7.4174554459198605,4.618533471347473,0.8089790135221397,1.3173012923626581
SB83208_component_1776a,266.915095,-6.416834,6.046000003814697,22.47583770751953,266.9152447502143,-6.41673884362408,3.0953821821123144,1.1995158810257995,1.9532321529643415
SB83208_component_1780a,260.826273,-7.161548,6.47599983215332,21.87837791442871,260.8264402869646,-7.161395139640739,2.7824535542616102,1.42932517331684,2.3274422037466427
SB83208_component_1783a,260.817076,-8.137136,6.360000133514404,21.270904541015625,260.8171594417844,-8.137077668055397,3.185284156753678,1.2261993475661068,1.9966821861181383
SB83208_component_1789a,261.992129,-4.005985,6.0,13.574660301208496,261.992012249327,-4.005987038047321,3.5220019634051303,1.0461977798510884,1.7035765630860409
SB83208_component_1797a,261.564082,-5.161787,6.005000114440918,21.21908187866211,261.5641222052064,-5.161854889177283,3.6433158527876226,1.012204663617039,1.6482238590009406
SB83208_component_1802a,260.786676,-4.081747,5.590000152587891,13.802469253540039,260.7864829597748,-4.081657656562119,3.5182814616762594,0.9757383557301063,1.5888439323227357
SB83208_component_1809a,263.503164,-8.207531,5.831999778747559,17.889570236206055,263.5032122988811,-8.207534756548498,3.1660712941361115,1.1312248740989874,1.8420304651853607
SB83208_component_1812a,261.496904,-7.511389,6.01200008392334,16.935211181640625,261.49700870160905,-7.51149568714114,3.522163370680454,1.0482421509143978,1.7069055155047703
SB83208_component_1821a,260.623384,-5.061038,6.254000186920166,14.750000953674316,260.6235871882059,-5.060884969863271,4.173534038569037,0.9202505113367068,1.4984902792513106
SB83208_component_1822a,261.666826,-9.146521,6.056000232696533,18.35151481628418,261.6668244171365,-9.146476703749373,3.726689118844138,0.9979639545016091,1.6250349947555727
SB83208_component_1827a,263.239739,-5.923401,5.771999835968018,13.148062705993652,263.2395551096627,-5.923461626339633,4.2185558750744265,0.840261841933689,1.368240698214335
SB83208_component_1833a,266.902615,-8.744699,5.9070000648498535,15.303108215332031,266.9024675399278,-8.744690296731974,3.6378732507259777,0.9971753850985954,1.6237509274604458
SB83208_component_1837a,262.793984,-5.606815,6.251999855041504,17.81196403503418,262.79394439094733,-5.60659482250683,3.4951229939343693,1.0985216826550823,1.788778210635669
SB83208_component_1838a,266.593062,-7.501884,5.205999851226807,17.068851470947266,266.5928610212598,-7.501986709797243,3.793672202422246,0.842745585840351,1.3722851035739974
SB83208_component_1843a,262.911216,-6.378791,5.748000144958496,12.126582145690918,262.91096719342016,-6.378842539590655,3.5150798868094077,1.004231195528271,1.6352402591270496
SB83208_component_1849a,267.127858,-7.779945,5.552999973297119,13.543902397155762,267.1276309280541,-7.77974109976694,3.112806278906503,1.095538678126899,1.7839208340481216
SB83208_component_1854a,262.569481,-4.050969,5.051000118255615,12.951282501220703,262.5694749063944,-4.050933821651678,3.3488003803937447,0.9262756677885133,1.5083013451108511
SB83208_component_1856a,262.597628,-9.041169,6.138000011444092,21.921428680419922,262.5978212840769,-9.041116836992828,4.512762397106228,0.835288600345973,1.3601425183342322
SB83208_component_1857a,266.757287,-5.374585,5.940999984741211,20.845613479614258,266.75713912826086,-5.374703900032507,3.1066415912323913,1.1744121522622284,1.9123544864357662
SB83208_component_1860a,261.273831,-5.278254,4.968999862670898,18.335792541503906,261.2740036232274,-5.278352576061664,3.077928471777236,0.9914312394368796,1.6143974456306105
SB83208_component_1865a,267.350369,-4.922548,6.136000156402588,11.577359199523926,267.3499493005697,-4.922834807069834,3.6179627659215687,1.0415338913960301,1.6959821185002228
SB83208_component_1866a,266.761341,-7.26422,5.247000217437744,16.65714454650879,266.7613953905889,-7.264143675688335,3.2471892148557884,0.9923288636448244,1.615859092359904
SB83208_component_1869a,266.493016,-7.048648,5.798999786376953,21.087270736694336,266.49304392588925,-7.048552472164452,3.2287974290933112,1.102971857324553,1.7960246542953264
SB83208_component_1870a,260.633826,-4.420421,5.3979997634887695,13.038646697998047,260.63397226210066,-4.420375622334244,2.5960259651447837,1.2769560989202284,2.0793319619928057
SB83208_component_1876a,261.402725,-4.568852,5.676000118255615,17.79310417175293,261.4024898287043,-4.568797464555346,2.4416091580982595,1.4276389493096886,2.3246964402265693
SB83208_component_1878a,266.626707,-8.528717,6.13100004196167,18.6352596282959,266.626631432312,-8.528664799411105,4.597801766495956,0.8189044172101865,1.333463327331353
SB83208_component_1882a,266.732166,-5.087655,5.400000095367432,14.754098892211914,266.73224338008896,-5.087740362532657,5.088043126423785,0.6517711323270232,1.0613117776701926
SB83208_component_1888a,265.167774,-9.77728,5.445000171661377,12.154017448425293,265.1675749683192,-9.777436590531424,3.4570986984769476,0.9672489269471073,1.5750201676510465
SB83208_component_1892a,263.85355,-6.763448,5.034999847412109,14.223163604736328,263.8534464892086,-6.763547929461947,6.281487496643823,0.4922538250590731,0.8015617081308037
SB83208_component_1897a,261.291842,-4.518893,4.861000061035156,14.172012329101562,261.2916861687889,-4.519046314508654,3.7502813438828713,0.7960015519729305,1.2961694377847122
SB83208_component_1916a,266.13909,-8.208862,6.040999889373779,21.88768196105957,266.1388481042332,-8.20870562801258,3.900422453079605,0.9511506682777264,1.5488065618646174
SB83208_component_1929a,263.138361,-8.450099,5.511000156402588,18.808874130249023,263.1383060195543,-8.450081722764486,4.275120568658362,0.7916517814433656,1.2890864872454522
SB83208_component_1935a,261.484055,-6.122318,5.754000186920166,27.53110122680664,261.4844976597997,-6.122064808995943,3.9343747659278803,0.8981446414596453,1.4624941774104598
SB83208_component_1946a,262.16344,-8.521826,5.186999797821045,19.354476928710938,262.16379396996973,-8.521656858068042,3.4330457940940495,0.9278735008591324,1.510903177214928
SB83208_component_1947a,265.871706,-8.583733,5.250999927520752,21.43265151977539,265.87196121272495,-8.583805480266168,3.1540338115505993,1.0224163950053988,1.6648521357921757
SB83208_component_1950a,262.429563,-7.041371,5.624000072479248,11.790356636047363,262.4296962254402,-7.04140060349893,3.660850852046905,0.943442463441143,1.5362549035109365
SB83208_component_1962a,265.829532,-4.73286,5.354000091552734,15.70088005065918,265.8294924504036,-4.7327810120935725,3.9490086003711506,0.832611551918763,1.3557833454831003
SB83208_component_1982a,266.705509,-7.219976,5.446000099182129,16.96573257446289,266.705416535594,-7.220053851672529,2.6392161719139127,1.267228170231689,2.0634914855166206
SB83208_component_1985a,263.522792,-8.02928,5.823999881744385,17.97530746459961,263.52267611753757,-8.029344842898176,3.2435299721293265,1.102695442178633,1.7955745535845997
SB83208_component_2013a,264.942453,-6.447221,5.328000068664551,24.218181610107422,264.94255508048326,-6.447255370479865,3.4629422083208365,0.9448679443625098,1.5385760859255204
SB83208_component_2020a,261.994409,-9.310834,4.9039998054504395,14.339179992675781,261.994286512076,-9.310849971085112,2.7064112996396714,1.112778647646762,1.8119935451434719
SB83208_component_2025a,266.443055,-7.164977,5.4079999923706055,19.38351058959961,266.4430842859846,-7.164921339631722,2.289952934163073,1.4503147486358752,2.361620586908311
SB83208_component_2044a,261.667151,-6.824227,5.2870001792907715,22.02916717529297,261.6671189247241,-6.824302490112753,3.408127156207302,0.9526769832640288,1.551291937468188
SB83208_component_2065a,264.485377,-8.200058,5.26800012588501,20.106870651245117,264.4855030803085,-8.200007168103705,3.109880687058401,1.0402894323495981,1.6939557031263306
SB83208_component_2068a,261.156504,-9.612721,5.2729997634887695,10.339215278625488,261.15630412262846,-9.612497281755811,2.337999848990861,1.3850498688672188,2.2553464944682213
SB83208_component_2071a,261.964365,-7.663467,4.814000129699707,18.5153865814209,261.9642930397747,-7.6637006551757505,2.543572708318724,1.162288868694989,1.8926135329080933
SB83208_component_2072a,263.604529,-7.579399,5.0970001220703125,18.947956085205078,263.60438134527715,-7.57937301121221,4.107663255515916,0.7620297878553564,1.2408515024268068
SB83208_component_2080a,263.411565,-5.997497,4.790999889373779,10.742152214050293,263.4120292617552,-5.997951480974605,2.913059133072521,1.0100177303313016,1.644662765331687
SB83208_component_2093a,265.34683,-6.819358,5.058000087738037,16.42207908630371,265.346677811961,-6.819313809578023,2.7692478156605547,1.1216804438396477,1.8264887884479712
SB83208_component_2095a,265.836033,-6.638624,4.859000205993652,20.943967819213867,265.8361099105732,-6.638846685039916,2.6769587076606123,1.114698412668846,1.8151195952663464
SB83208_component_2099a,260.65576,-9.147588,4.769000053405762,10.190171241760254,260.65560124684845,-9.148110159443494,3.0709467736039375,0.9536898829230015,1.5529412930231474
SB83208_component_2102a,261.542311,-6.316842,4.599999904632568,18.93004035949707,261.5425695811025,-6.316775399054032,2.136968768820613,1.321940125013537,2.152581718436295
SB83208_component_2103a,263.385145,-4.362256,5.206999778747559,11.319564819335938,263.38496469889014,-4.362026164501225,5.654662923538532,0.5655004763120045,0.9208329212820986
SB83208_component_2104a,262.344131,-7.434437,4.626999855041504,14.149847030639648,262.3440550886866,-7.434444591040268,3.2401967697226866,0.8769609164969036,1.4279996506006971
SB83208_component_2105a,261.275959,-5.44352,4.7230000495910645,18.816734313964844,261.2758771625194,-5.443600087098083,11.483183703275234,0.2525851273816547,0.41129709074008547
SB83208_component_2108a,261.450099,-8.580216,5.139999866485596,21.779661178588867,261.45023069808235,-8.580055919567545,2.3706651116824244,1.3315118527495957,2.168167845030552
SB83208_component_2110a,261.53721,-6.253137,4.8379998207092285,19.122529983520508,261.5373884595812,-6.253172752586271,6.4011758227190505,0.46414986569067623,0.755798614926058
SB83208_component_2124a,262.706345,-5.277449,4.784999847412109,13.632477760314941,262.7065064813163,-5.277738361324161,3.520545355284185,0.8346879079662902,1.3591643806633633
SB83208_component_2130a,260.915516,-5.74047,4.836999893188477,17.914813995361328,260.9153622426229,-5.740330828874317,3.095091179174708,0.9597425899553749,1.5627972208813055
SB83208_component_2132a,265.35825,-8.543638,4.789999961853027,19.47154426574707,265.35817490854953,-8.54361347807414,2.5173096420012153,1.1685599780406652,1.9028250962583468
SB83208_component_2133a,263.893175,-6.571878,4.980000019073486,13.795013427734375,263.8932996942623,-6.571825076763439,2.1111083657093035,1.4486749653538964,2.358950445161196
SB83208_component_2140a,262.37759,-8.527805,5.195000171661377,20.947582244873047,262.3780071711669,-8.52775210607448,2.7077303718335,1.17823599788878,1.9185810469539692
SB83208_component_2146a,261.431572,-9.214592,4.552999973297119,13.631736755371094,261.4313983684692,-9.214490913889707,4.5237302476804455,0.6180919470978115,1.0064702632593272
SB83208_component_2149a,264.913522,-7.573429,4.502999782562256,18.920166015625,264.91360187193067,-7.573515215966166,4.4582135087258905,0.6202877436066034,1.0100457893613006
SB83208_component_2180a,261.977497,-6.509433,4.991000175476074,16.9761905670166,261.97754342226364,-6.509500543118733,2.700123440832331,1.1351574491303624,1.8484340752723383
SB83208_component_2181a,264.73913,-6.864725,4.863999843597412,16.544218063354492,264.7390688942843,-6.864648911563304,2.47502726669385,1.2068844784247081,1.9652308114143566
SB83208_component_2182a,265.010531,-8.13612,4.458000183105469,14.61639404296875,265.0106885392566,-8.136029937086086,2.6486107456378454,1.0336513655596198,1.6831466044784475
SB83208_component_2185a,266.413318,-6.794273,4.796000003814697,18.66147804260254,266.4130214894198,-6.793871870333042,3.7616771966945115,0.7829784115901286,1.2749632020602601
SB83208_component_2189a,266.487639,-4.082037,4.676000118255615,12.775957107543945,266.4877143328243,-4.08220376109339,4.551391871723217,0.6309318061160067,1.027378052702199
SB83208_component_2192a,265.360357,-6.05393,4.533999919891357,18.658435821533203,265.36041742987715,-6.053858815167507,2.445485393624089,1.138593164797801,1.8540286242201565
SB83208_component_2193a,265.190062,-9.480626,4.5279998779296875,14.329113006591797,265.18983182492343,-9.480541652797996,2.5478697367809406,1.091393401023055,1.7771708704584348
SB83208_component_2198a,260.580633,-5.088551,4.59499979019165,12.0921049118042,260.5804162549463,-5.0885487539437,2.8106605161215366,1.003989661057602,1.6348469563774797
SB83208_component_2204a,267.241346,-6.514181,3.878999948501587,10.512195587158203,267.24119758624073,-6.5143025239264905,2.567815941394821,0.9277009910776325,1.5106222708449029
SB83208_component_2213a,265.084092,-8.411406,4.698999881744385,17.66541290283203,265.08362066991515,-8.411473991312565,3.5220704446228255,0.8193312763598126,1.334158403594223
SB83208_component_2218a,261.51367,-8.582508,4.697999954223633,18.569169998168945,261.513505415547,-8.58233593497724,4.733244601473978,0.6095455954241735,0.9925538081764526
SB83208_component_2223a,265.913154,-5.379033,4.0960001945495605,12.564417839050293,265.91325993420537,-5.379025114764573,2.8842777656288483,0.8721175457180886,1.4201129459029493
SB83208_component_2229a,260.725434,-4.897523,4.833000183105469,12.819628715515137,260.7254316183032,-4.89758378654041,3.7222256343178053,0.7973816797594574,1.2984167694044808
SB83208_component_2233a,262.256195,-6.013587,4.806000232696533,15.208860397338867,262.25618675873045,-6.013633700476488,2.751144777925421,1.0728091756625409,1.7469092398403818
SB83208_component_2235a,266.46704,-4.021294,4.3460001945495605,11.841961860656738,266.46685205384426,-4.021211294168237,3.0687544105553095,0.8697205767689918,1.4162098405793007
SB83208_component_2245a,267.372348,-5.219097,4.5879998207092285,10.719625473022461,267.3722591826816,-5.219142700277738,3.1026485237963883,0.9081193912189608,1.4787365650735618
SB83208_component_2264a,261.399075,-5.484181,4.389999866485596,17.215686798095703,261.3994148534591,-5.483776162702137,2.5983208925453973,1.037585416603729,1.6895526180313367
SB83208_component_2269a,260.946084,-9.260361,4.539000034332275,12.643454551696777,260.94630745429,-9.260799205206046,2.0634372830220977,1.3508933075914065,2.199727644585584
SB83208_component_2270a,266.830074,-3.43335,4.534999847412109,10.033185958862305,266.83017898489265,-3.433165859173105,3.3127145140628875,0.8407084328875128,1.3689679047682701
SB83208_component_2274a,264.829549,-6.931482,4.6570000648498535,17.91153907775879,264.8297352635265,-6.9313745908272955,3.80408296497694,0.7518105249433104,1.224210961676038
SB83208_component_2297a,265.067899,-6.841158,4.065000057220459,14.363958358764648,265.06804576117804,-6.8409926561959225,2.8737301027160114,0.8686937885436478,1.4145378695718704
SB83208_component_2306a,262.434287,-7.797945,4.1519999504089355,13.702969551086426,262.43455982586636,-7.798182585851951,3.054681094173337,0.8347253445385335,1.3592253405203847
SB83208_component_2308a,266.996761,-4.002237,4.624000072479248,10.931442260742188,266.9967386077147,-4.002460668778412,3.5734949081899865,0.794651672936005,1.2939713617281614
SB83208_component_2311a,263.082732,-5.445279,4.574999809265137,11.730769157409668,263.08251404326387,-5.445150742789999,3.478166655515288,0.8077795057360473,1.3153480733910818
SB83208_component_2320a,265.272357,-8.458863,4.625999927520752,16.174823760986328,265.2720292241408,-8.45892782098969,3.1845190396163683,0.8921007598121535,1.452652620371218
SB83208_component_2323a,267.036503,-5.850314,4.51200008392334,15.612456321716309,267.03665594127386,-5.850151030260892,2.3751772077940774,1.1666087228249495,1.8996477690663829
SB83208_component_2326a,264.553159,-6.140769,4.440000057220459,17.076923370361328,264.55321353793363,-6.140658156343204,2.5479936538019765,1.070130571472691,1.7425475336625482
SB83208_component_2329a,262.883312,-3.745871,3.88700008392334,10.202099800109863,262.88312904892325,-3.745742798771398,2.9173171932279724,0.818244389042125,1.3323885702063225
SB83208_component_2331a,266.016787,-8.263099,4.300000190734863,16.165414810180664,266.0169333211587,-8.262773503403924,2.858046587350035,0.923956039434826,1.5045241773759186
SB83208_component_2335a,262.853551,-2.916778,4.230000019073486,10.34229850769043,262.85357181580724,-2.9168729090845202,5.058040863966257,0.5135824480413634,0.8362921796872429
SB83208_component_2336a,265.664677,-5.858309,4.429999828338623,13.630768775939941,265.6645607877034,-5.858331088086108,2.6994013909424788,1.0078325472560565,1.6411045216183715
SB83208_component_2343a,266.425396,-8.967026,4.36299991607666,13.983973503112793,266.42571024416804,-8.967279719516668,2.012272769891757,1.331528577263633,2.1681950783995116
SB83208_component_2357a,264.450935,-7.429147,3.703000068664551,10.0625,264.4509379005089,-7.429019833166352,2.8725682772153878,0.7916541585043854,1.2890903579336912
SB83208_component_2376a,266.987791,-5.972492,3.7230000495910645,13.587592124938965,266.98792906414553,-5.972378868413869,2.2510237036057608,1.015699201946242,1.653914191852998
SB83208_component_2377a,264.044059,-3.588323,3.8399999141693115,11.743119239807129,264.04413413112036,-3.5882184947655515,3.4181721814898562,0.6899051973733898,1.1234073973697827
SB83208_component_2385a,266.425735,-6.58845,4.285999774932861,18.964601516723633,266.42634769713385,-6.588313056126734,3.173010659049911,0.8295312479841688,1.350767531369154
SB83208_component_2400a,261.859457,-8.307606,3.6040000915527344,12.964029312133789,261.8593948543811,-8.307651639859637,1.9579084836732767,1.1304322593646983,1.8407398106734731
SB83208_component_2407a,260.41197,-7.286712,4.142000198364258,11.286103248596191,260.4117604601537,-7.286846893352594,2.957316640281399,0.8601306542642779,1.4005940865264033
SB83208_component_2449a,263.514424,-6.838257,4.308000087738037,11.518716812133789,263.514497068072,-6.8383779320725875,2.8812803535523037,0.9182106442252799,1.495168660844386
SB83208_component_2457a,261.976304,-9.099173,3.4149999618530273,10.875795364379883,261.97620012449795,-9.099391952498559,2.05468202006668,1.0207002473864855,1.6620576461472132
SB83208_component_2461a,263.395132,-6.801083,4.172999858856201,10.40648365020752,263.39478527585584,-6.801061742015065,3.408218009574289,0.7519226037147408,1.224393465187234
SB83208_component_2467a,263.770515,-7.414553,4.249000072479248,13.706451416015625,263.7709047168885,-7.414429554504236,2.3845236686818025,1.0943021143473797,1.781907274935188
SB83208_component_2473a,261.413972,-8.860118,4.171000003814697,16.356863021850586,261.4139254112792,-8.859853169303502,2.98867470418725,0.8570648415972681,1.395601869273683
SB83208_component_2478a,266.044386,-8.872039,3.359999895095825,12.352940559387207,266.0443208883847,-8.87224227408856,2.1905675989634616,0.9419649464414351,1.53384898812788
SB83208_component_2489a,265.219625,-6.432515,3.4809999465942383,12.940520286560059,265.21981272971783,-6.432281294476159,2.268762174487668,0.9422522456664582,1.5343168119330612
SB83208_component_2491a,266.588536,-6.655438,3.565000057220459,13.711539268493652,266.5885442396992,-6.655163130645064,2.6511630471286587,0.8258006888672194,1.3446928739752657
SB83208_component_2493a,266.712146,-8.951763,3.799999952316284,10.382513999938965,266.71209915245754,-8.951697160780276,2.5513820608999245,0.9146611458754446,1.4893888338212846
SB83208_component_2506a,261.870114,-4.992884,3.8910000324249268,13.946235656738281,261.8703328642477,-4.9927853965678946,2.071553195485852,1.1534991579035225,1.8783008039107343
SB83208_component_2521a,265.605433,-7.732542,4.09499979019165,15.51136302947998,265.60573947634526,-7.732490536974767,2.5806613063399,0.974484669177073,1.5868024913348686
SB83208_component_2529a,264.64557,-5.162946,3.809999942779541,13.003412246704102,264.6456428302267,-5.1629426709785635,2.8327197857909034,0.8259875296031283,1.3449971161604952
SB83208_component_2566a,264.218264,-8.922476,3.812000036239624,14.118517875671387,264.2186481247507,-8.922502453151134,3.018382861696126,0.7755873325101131,1.2629279355560412
SB83208_component_2567a,263.910825,-3.911925,3.7720000743865967,11.192877769470215,263.91052278026706,-3.9120504043750195,2.314190040171732,1.0009786395446711,1.6299439583218858
SB83208_component_2612a,264.82549,-7.61234,3.7290000915527344,14.68110179901123,264.82558788959983,-7.612070482442218,2.223192325992382,1.0300717976328935,1.677317813648081
SB83208_component_2617a,262.403797,-7.675683,3.48799991607666,11.215434074401855,262.4038630345545,-7.675382070014328,2.5250098676386803,0.8483313636036465,1.381380706974639
SB83208_component_2625a,261.482356,-6.241323,3.6530001163482666,17.070093154907227,261.48273803633646,-6.241021262621518,2.9326148596489254,0.7649742079807705,1.245646050087048
SB83208_component_2652a,264.652799,-8.518175,3.4749999046325684,11.661072731018066,264.6526134553935,-8.5180703468585,2.8943582604704514,0.7373176798932518,1.2006115317831245
SB83208_component_2660a,265.241008,-4.145311,3.302999973297119,10.68932056427002,265.24084426286225,-4.145185128078512,3.135156403958339,0.6469958517755939,1.0535359477207793
SB83208_component_2693a,266.200857,-8.489088,3.434999942779541,12.865168571472168,266.20077945262096,-8.48931429912986,2.9131616885054203,0.7241262342475725,1.179131236118187
SB83208_component_2695a,261.345387,-7.448571,3.4110000133514404,12.586715698242188,261.34528739569777,-7.448197312188967,1.8521184719078663,1.131006485721425,1.841674852385534
SB83208_component_2780a,261.224369,-7.335888,3.0439999103546143,11.109489440917969,261.22429566713504,-7.335568682485154,3.333978709419556,0.5607043825324404,0.9130232001045301
SB83208_component_2840a,261.5284,-6.839979,3.3259999752044678,12.941634178161621,261.5279538616536,-6.8398231512480185,2.5929892074370597,0.7877232606451212,1.2826894788705752
SB83208_component_2853a,265.071538,-8.714658,2.9609999656677246,11.173584938049316,265.0714306304769,-8.71476726380877,2.2456178254151222,0.8097569660263687,1.3185680716265056
SB83208_component_3088a,265.938128,-6.514605,2.877000093460083,13.13698673248291,265.9383235560386,-6.514553235904189,2.9834616506682403,0.59220429609355,0.9643160966442079
SB83208_component_3158a,266.232941,-5.581117,2.6500000953674316,10.000000953674316,266.2325927786047,-5.581258135977724,4.120775243924044,0.3949290669627727,0.6430829003049305
