Component_ID,RA,DEC,ASKAP_flux,ASKAP_flux_SNR,RA_comp,DEC_comp,Comp_flux,Flux_Ratio_AlphaCorr,Flux_Ratio_NOAlphaCorr
SB83795_component_3a,12.716866,-44.477152,2300.0810546875,2288.637939453125,12.716401916042285,-44.477228476263704,2370.8393783273254,0.9701547374796234,0.9701547374796234
SB83795_component_10a,11.067707,-46.235133,890.6220092773438,535.5514526367188,11.067065259043673,-46.2354847618333,1051.025141118681,0.8473841152166839,0.8473841152166839
SB83795_component_12a,21.699312,-40.80969,749.5819702148438,429.8061828613281,21.699413417514524,-40.80973117831869,796.3378050101527,0.9412864308323113,0.9412864308323113
SB83795_component_19a,19.099707,-40.508158,501.6570129394531,912.1036376953125,19.099561304499044,-40.5081111013123,480.5579443849931,1.0439053579302744,1.0439053579302744
SB83795_component_22a,16.687916,-40.572216,388.79901123046875,936.8651123046875,16.687899352266022,-40.57201911380704,529.5983934253936,0.734139332855133,0.734139332855133
SB83795_component_24a,19.723079,-42.057818,347.9119873046875,1122.2967529296875,19.72292839787346,-42.05779427101783,349.5322927660332,0.9953643611909979,0.9953643611909979
SB83795_component_26a,15.220282,-43.949993,317.5539855957031,1226.0771484375,15.220296779844526,-43.94984497427235,329.4265556435956,0.9639598877367455,0.9639598877367455
SB83795_component_28a,15.818853,-41.074641,306.8169860839844,859.4313354492188,15.818926831360688,-41.074496048067694,314.2446159427454,0.976363541388043,0.976363541388043
SB83795_component_34a,14.787859,-42.385185,269.9389953613281,870.7709350585938,14.787800035723782,-42.38505873371664,273.20237585221173,0.9880550801188899,0.9880550801188899
SB83795_component_37a,15.27258,-41.519552,267.2829895019531,817.3792114257812,15.272607219119703,-41.51942378934364,264.8224358715058,1.0092913337283902,1.0092913337283902
SB83795_component_40a,19.539456,-40.99403,249.072998046875,741.2886962890625,19.53938690947675,-40.994024125907586,253.79422567191563,0.9813974190604957,0.9813974190604957
SB83795_component_41a,12.319323,-44.953041,239.51699829101562,630.3079223632812,12.318777274742322,-44.95328018002856,160.8842464687393,1.488753582455664,1.488753582455664
SB83795_component_42a,12.226107,-46.542745,246.90899658203125,572.8746948242188,12.225723779658301,-46.54294456745061,249.37398038761742,0.9901153127453205,0.9901153127453205
SB83795_component_48a,17.505264,-41.979188,227.92799377441406,974.05126953125,17.505143044560345,-41.979093223774164,239.08652472721568,0.9533284823746011,0.9533284823746011
SB83795_component_53a,16.610071,-40.794377,216.90199279785156,730.3097534179688,16.61009501500932,-40.79418910781254,226.54159913587478,0.957448846592446,0.957448846592446
SB83795_component_56a,15.888176,-45.190139,212.89700317382812,771.365966796875,15.888085253839987,-45.19002091260342,204.213031389252,1.042524082452033,1.042524082452033
SB83795_component_59a,14.900307,-40.127636,181.50100708007812,269.6894836425781,14.90017753016353,-40.12746772259492,189.41092550054725,0.9582393761100847,0.9582393761100847
SB83795_component_65a,20.354363,-43.60551,164.6269989013672,728.4380493164062,20.354204576593716,-43.605477343438665,165.03711616339743,0.9975149998281344,0.9975149998281344
SB83795_component_74a,21.946957,-43.463887,159.48199462890625,258.89935302734375,21.94687482672355,-43.46392990574214,161.85301234725196,0.9853507964790995,0.9853507964790995
SB83795_component_76a,14.817683,-39.948661,142.73800659179688,158.9510040283203,14.81752801127964,-39.94849672824359,153.3981164564917,0.9305069050980275,0.9305069050980275
SB83795_component_80a,15.326024,-47.516311,139.26600646972656,222.8256072998047,15.325719624671123,-47.51635418476982,138.41629643728828,1.006138800519224,1.006138800519224
SB83795_component_90a,16.083147,-42.767259,117.16999816894531,610.2603759765625,16.08291308253169,-42.767150087730954,119.14763986223534,0.9834017552040756,0.9834017552040756
SB83795_component_91a,13.00147,-45.439105,118.0199966430664,455.6756591796875,13.001153780797459,-45.439177158095994,122.59167986029745,0.9627080465620438,0.9627080465620438
SB83795_component_92a,19.171914,-43.59943,124.47200012207031,560.6846923828125,19.171712530618745,-43.59935001086048,118.23588455640838,1.0527430025923035,1.0527430025923035
SB83795_component_94a,17.217204,-42.399803,119.84300231933594,611.4439086914062,17.217000555117735,-42.39967762504099,121.33542075088923,0.9877000596996541,0.9877000596996541
SB83795_component_96a,19.107097,-46.718744,111.40699768066406,415.69775390625,19.106796278965998,-46.71865754955262,116.17184604170235,0.9589844827005001,0.9589844827005001
SB83795_component_97a,19.560711,-39.714058,121.59500122070312,118.16812133789062,19.560513862046776,-39.714084558918834,131.6098603700671,0.9239049481459541,0.9239049481459541
SB83795_component_100a,13.391313,-46.076273,107.83300018310547,449.3041687011719,13.391149753071604,-46.07625766463122,109.54742456545117,0.9843499343855283,0.9843499343855283
SB83795_component_102a,22.373671,-42.774912,114.19100189208984,98.01802825927734,22.373549465087912,-42.77493867866415,116.85602604163452,0.9771939519097187,0.9771939519097187
SB83795_component_105a,13.055749,-45.75934,105.8030014038086,450.22552490234375,13.055500751978034,-45.75940136480554,108.80065127980625,0.9724482359182897,0.9724482359182897
SB83795_component_107a,19.684903,-40.911454,105.77799987792969,329.5264587402344,19.684823975401763,-40.9114245963445,103.00896598575119,1.0268814842055742,1.0268814842055742
SB83795_component_116a,20.808376,-43.028421,101.95099639892578,424.79583740234375,20.808224192774684,-43.02842365441967,103.33458434826431,0.9866106012999919,0.9866106012999919
SB83795_component_118a,17.523609,-40.596388,107.54000091552734,358.4666442871094,17.523549571810385,-40.596256877107386,112.20684876205623,0.9584085294434628,0.9584085294434628
SB83795_component_125a,14.467861,-43.619628,94.01000213623047,429.2694091796875,14.467938244982047,-43.619519272915845,103.25488380726225,0.9104654295259441,0.9104654295259441
SB83795_component_126a,19.752014,-44.060438,92.9530029296875,413.1244812011719,19.75183604954635,-44.06036416411433,89.52123827375699,1.0383346423944242,1.0383346423944242
SB83795_component_128a,11.8099,-40.883281,99.19100189208984,79.73553466796875,11.80952819855724,-40.8834647497648,103.83992447843323,0.9552299117156144,0.9552299117156144
SB83795_component_130a,13.047699,-43.775124,93.30400085449219,327.3824768066406,13.04739109497351,-43.77512014497059,95.27652828261304,0.9792968167115633,0.9792968167115633
SB83795_component_131a,12.504729,-44.384502,90.10600280761719,180.9357452392578,12.50418199861159,-44.38462659600768,92.71139960351765,0.971897773013432,0.971897773013432
SB83795_component_132a,15.503271,-41.574353,94.97799682617188,392.4710693359375,15.503320719687732,-41.574229088412565,94.55694345771546,1.004452907983904,1.004452907983904
SB83795_component_135a,14.350734,-43.902357,91.43599700927734,413.737548828125,14.35080721142926,-43.902251588580256,94.06707390263989,0.9720297784952285,0.9720297784952285
SB83795_component_137a,11.62795,-44.342124,91.13999938964844,123.8315200805664,11.627229666399753,-44.34230254473482,93.17869167651233,0.9781206169545543,0.9781206169545543
SB83795_component_138a,12.465828,-46.972026,89.53600311279297,189.69491577148438,12.465760413036083,-46.97200942205016,89.19504397292657,1.003822624270132,1.003822624270132
SB83795_component_141a,13.59361,-40.854054,90.48500061035156,263.8046569824219,13.593647927656825,-40.85391872852636,89.52476724166372,1.0107258962885184,1.0107258962885184
SB83795_component_145a,13.790652,-41.41739,87.96900177001953,339.6486511230469,13.790766112588045,-41.41715794788023,57.48823457408206,1.5302087883157818,1.5302087883157818
SB83795_component_154a,18.234245,-42.424541,87.65499877929688,451.8298645019531,18.234015332931452,-42.42446671446665,84.9823174715429,1.0314498520077302,1.0314498520077302
SB83795_component_156a,17.161913,-41.847153,79.78500366210938,413.393798828125,17.16183762063345,-41.84704460884185,81.91060648052454,0.9740497243306268,0.9740497243306268
SB83795_component_157a,13.618581,-46.894195,81.10700225830078,253.45938110351562,13.61852035906781,-46.8941317662282,78.31191940143314,1.0356916658183262,1.0356916658183262
SB83795_component_159a,13.629751,-45.01463,78.70500183105469,325.227294921875,13.629572359891187,-45.014583912595,80.82807300068477,0.9737334926986062,0.9737334926986062
SB83795_component_161a,16.160559,-43.564292,79.69300079345703,421.6560974121094,16.160345785939413,-43.56414569055118,77.69920715413828,1.0256604116353916,1.0256604116353916
SB83795_component_162a,14.049367,-44.557519,82.56400299072266,330.2560119628906,14.049296659052432,-44.55745923502945,84.2373078563032,0.9801358221414795,0.9801358221414795
SB83795_component_164a,20.873607,-40.474551,83.15899658203125,118.62909698486328,20.873614322637827,-40.47454184743837,87.54959661889184,0.9498501397331034,0.9498501397331034
SB83795_component_166a,19.629114,-43.898689,75.71199798583984,353.79437255859375,19.628937060398915,-43.898616935617,71.4129299136545,1.0602001357090847,1.0602001357090847
SB83795_component_171a,16.432202,-43.722626,76.93900299072266,390.5533142089844,16.43196054523279,-43.722456992830054,82.3509289207946,0.9342821507784429,0.9342821507784429
SB83795_component_178a,13.140472,-47.066568,74.39199829101562,198.90907287597656,13.14047345022266,-47.066479788935474,72.22271697812279,1.0300359970333148,1.0300359970333148
SB83795_component_181a,20.260418,-42.394942,69.9489974975586,262.9661560058594,20.260274455145584,-42.39491709294608,71.51248540103063,0.9781368540793367,0.9781368540793367
SB83795_component_186a,12.727655,-40.516299,67.71299743652344,95.9107666015625,12.72764214056768,-40.516161740073336,64.9151710664581,1.0430997303727507,1.0430997303727507
SB83795_component_187a,18.392988,-46.813213,68.64299774169922,275.6746826171875,18.392704683589137,-46.81311402926813,69.91920778468926,0.9817473612269745,0.9817473612269745
SB83795_component_188a,20.571416,-41.627259,71.23300170898438,235.0924072265625,20.5713335723754,-41.62724820964682,69.18951569869354,1.029534619366174,1.029534619366174
SB83795_component_192a,16.683648,-47.270383,68.15399932861328,202.8392791748047,16.683441675718527,-47.27034337383287,37.35876764887692,1.8243106937886944,1.8243106937886944
SB83795_component_194a,11.724711,-44.329212,68.1719970703125,111.39215087890625,11.724031486802375,-44.32945222567104,70.38367916292576,0.9685767763362639,0.9685767763362639
SB83795_component_199a,22.321499,-41.565091,70.7979965209961,142.73789978027344,22.321635653634356,-41.56511669005838,80.20035102362404,0.8827641726922323,0.8827641726922323
SB83795_component_207a,13.159178,-39.928485,59.43899917602539,45.26961135864258,13.159060450090244,-39.92836291809859,73.67684954958735,0.8067527254408546,0.8067527254408546
SB83795_component_208a,16.929816,-43.029681,63.358001708984375,359.9886474609375,16.92951101136958,-43.02951627072261,65.10137320735866,0.9732206647497071,0.9732206647497071
SB83795_component_212a,12.082134,-46.361642,62.47200012207031,156.17999267578125,12.081679024181552,-46.36192279273073,63.545494913427355,0.9831066735286342,0.9831066735286342
SB83795_component_215a,20.733989,-43.058329,62.57899856567383,250.3159942626953,20.73384413599112,-43.058312845265306,64.7878537692335,0.9659063377615912,0.9659063377615912
SB83795_component_216a,11.17286,-44.225747,62.22200012207031,56.77190017700195,11.171995085025669,-44.225899464338084,62.87162557055441,0.9896674303775542,0.9896674303775542
SB83795_component_218a,16.370159,-42.28079,60.87300109863281,327.2742004394531,16.369981994789434,-42.280709183606646,61.634354582982134,0.9876472546926038,0.9876472546926038
SB83795_component_220a,19.557022,-43.83895,60.11199951171875,287.6172180175781,19.556835487513094,-43.83886592115097,58.32727422899469,1.03059846883496,1.03059846883496
SB83795_component_227a,17.377915,-47.154985,61.30500030517578,207.81356811523438,17.377708960319392,-47.15494677240789,61.14333215864554,1.0026440846584999,1.0026440846584999
SB83795_component_228a,18.970648,-45.193858,58.152000427246094,253.93885803222656,18.970462295764424,-45.193785365104155,58.276710933373124,0.9978600284036343,0.9978600284036343
SB83795_component_229a,19.240349,-44.912953,60.209999084472656,280.0465087890625,19.24022616454403,-44.91287468102895,58.21786274250426,1.0342186443837615,1.0342186443837615
SB83795_component_230a,16.295164,-46.037121,59.22600173950195,302.1734924316406,16.29510303608091,-46.0370028996871,59.671086052139295,0.992541038850065,0.992541038850065
SB83795_component_232a,19.775873,-47.103149,60.28799819946289,167.9331512451172,19.775479382667232,-47.10314854420557,63.2654893629265,0.9529365663105356,0.9529365663105356
SB83795_component_233a,14.899222,-45.357392,58.30099868774414,275.00469970703125,14.899164339727761,-45.35731524735251,57.18513552607092,1.0195131680883136,1.0195131680883136
SB83795_component_237a,11.862592,-40.804361,60.77199935913086,48.970184326171875,11.86250622138412,-40.80446984488969,56.195159578748886,1.0814454450292688,1.0814454450292688
SB83795_component_239a,17.419984,-47.800062,62.64400100708008,80.83097076416016,17.419618757951916,-47.80001746560005,62.280351969464135,1.0058389046644154,1.0058389046644154
SB83795_component_243a,18.545527,-46.597031,55.483001708984375,261.7122802734375,18.545297096220438,-46.596896348196466,57.58752363086942,0.9634552453518433,0.9634552453518433
SB83795_component_245a,13.831432,-46.066778,53.08000183105469,242.3744354248047,13.831351876533311,-46.066721009733136,51.29839953418987,1.0347301731251362,1.0347301731251362
SB83795_component_247a,17.134793,-42.071543,57.39400100708008,266.9488525390625,17.134665589725028,-42.0714504234961,58.8094264384244,0.9759319973503512,0.9759319973503512
SB83795_component_249a,22.272116,-42.144169,56.79600143432617,46.06325912475586,22.272142290444513,-42.144203394498305,66.7021838596066,0.8514863854213415,0.8514863854213415
SB83795_component_250a,14.757479,-44.155392,53.52000045776367,268.9447326660156,14.757546372802379,-44.15527625657568,54.774347537417015,0.9770997348933005,0.9770997348933005
SB83795_component_251a,15.727174,-46.379136,55.3380012512207,271.26470947265625,15.727060571489329,-46.378998055702866,55.310018567519066,1.0005059243230496,1.0005059243230496
SB83795_component_252a,14.285192,-42.6352,54.354000091552734,223.67901611328125,14.285156118236975,-42.63502890030492,54.685023290905725,0.9939467302118158,0.9939467302118158
SB83795_component_253a,12.173154,-47.374933,59.933998107910156,60.478302001953125,12.173102745592482,-47.37476827577512,61.048322032738895,0.9817468541685527,0.9817468541685527
SB83795_component_255a,16.600824,-41.023535,53.849998474121094,245.89041137695312,16.600841811310552,-41.023390885305695,56.45920408506092,0.9537860008262103,0.9537860008262103
SB83795_component_257a,21.142095,-43.503833,55.874000549316406,208.48507690429688,21.141940843028234,-43.5038904943151,59.23688968374406,0.9432298158734943,0.9432298158734943
SB83795_component_261a,19.910835,-44.107294,54.89500045776367,246.16590881347656,19.910658920009634,-44.10722951116462,53.50165494106755,1.026043035831899,1.026043035831899
SB83795_component_262a,19.305084,-40.029461,57.40399932861328,69.91960906982422,19.304806137158327,-40.02944731648615,56.437619152839915,1.0171229791454577,1.0171229791454577
SB83795_component_265a,17.747607,-41.995245,53.78900146484375,270.2964782714844,17.747458874349697,-41.99518840388016,53.11317089521177,1.0127243498785892,1.0127243498785892
SB83795_component_268a,15.265649,-47.939541,56.323001861572266,50.87895584106445,15.265379054154359,-47.93960073370816,55.380325094519804,1.0170218713133872,1.0170218713133872
SB83795_component_274a,15.852386,-47.689985,55.66600036621094,81.02765655517578,15.851968351795554,-47.69003805742899,55.483232192203225,1.003294115479332,1.003294115479332
SB83795_component_275a,20.028324,-40.892988,53.02000045776367,159.21922302246094,20.02829887614397,-40.892934190602034,52.334151749945605,1.013105184375493,1.013105184375493
SB83795_component_279a,12.628505,-47.592792,53.3380012512207,49.98875427246094,12.628634672145234,-47.592618620158504,54.9415534496084,0.9708134900142849,0.9708134900142849
SB83795_component_284a,11.709169,-42.88844,55.856998443603516,75.89266204833984,11.70848847549734,-42.888657055042984,55.65561675540929,1.0036183533654697,1.0036183533654697
SB83795_component_286a,13.92236,-43.174838,48.527000427246094,173.93190002441406,13.92232496362805,-43.1746703275249,48.71991063768114,0.9960404235576359,0.9960404235576359
SB83795_component_287a,14.446017,-40.880953,51.39099884033203,181.59364318847656,14.446114780562425,-40.88079971398533,51.29290780407474,1.0019123703540453,1.0019123703540453
SB83795_component_288a,20.678413,-42.075792,47.654998779296875,132.7437286376953,20.67837018389724,-42.07578579885481,47.78322191063284,0.9973165658109917,0.9973165658109917
SB83795_component_289a,20.410877,-45.934471,49.23699951171875,212.22845458984375,20.41070707418162,-45.93436620217417,49.629301469506224,0.9920953560462963,0.9920953560462963
SB83795_component_296a,20.264652,-44.431171,47.43000030517578,214.61538696289062,20.264501833145918,-44.431102934953,45.5413929664211,1.0414701267514412,1.0414701267514412
SB83795_component_304a,14.083782,-39.695571,46.042999267578125,78.17147827148438,14.083812337668421,-39.695472794363674,58.67877673215781,0.7846618800140243,0.7846618800140243
SB83795_component_305a,12.526249,-42.042901,47.236000061035156,132.68539428710938,12.525951049578715,-42.04297674760671,47.474695006482236,0.9949721647413535,0.9949721647413535
SB83795_component_308a,17.592845,-46.675086,46.57500076293945,215.625,17.59266558754575,-46.67496797554715,47.019101876766456,0.9905548788449647,0.9905548788449647
SB83795_component_309a,12.293951,-40.426975,42.0260009765625,40.84159469604492,12.293803790529395,-40.42681189282742,47.35080243661778,0.8875456975162589,0.8875456975162589
SB83795_component_312a,15.332689,-44.187095,45.428001403808594,244.23655700683594,15.332611212798883,-44.18693715746748,47.12730864092066,0.9639421964436866,0.9639421964436866
SB83795_component_313a,11.605891,-44.166579,48.85300064086914,80.7487564086914,11.605034205950332,-44.16682822916964,49.222289030741535,0.9924975372510255,0.9924975372510255
SB83795_component_314a,16.299369,-41.012988,46.349998474121094,190.74073791503906,16.29944165483306,-41.012870899637484,47.8478588754242,0.9686953515474348,0.9686953515474348
SB83795_component_317a,21.087055,-41.817057,46.222999572753906,128.75486755371094,21.08706395107952,-41.817059258831975,45.27418599444673,1.0209570543890851,1.0209570543890851
SB83795_component_318a,13.061849,-45.732383,42.737998962402344,190.7946319580078,13.061629283225754,-45.73247089883558,43.299199397540534,0.987039011276267,0.987039011276267
SB83795_component_323a,19.135705,-42.767129,43.69300079345703,202.28240966796875,19.135475894765683,-42.76708091549273,43.47797260516103,1.004945681121076,1.004945681121076
SB83795_component_325a,20.507445,-40.921933,43.0620002746582,115.75806427001953,20.507405512558982,-40.92194454025189,42.217604266372206,1.020001040394388,1.020001040394388
SB83795_component_329a,19.466374,-39.962928,46.7599983215332,48.65764617919922,19.466148886431483,-39.96287759298479,45.14148093892254,1.0358543261972408,1.0358543261972408
SB83795_component_330a,20.596071,-41.593356,43.180999755859375,142.0427703857422,20.596031027685935,-41.5933457681011,44.009002180754194,0.9811856124005257,0.9811856124005257
SB83795_component_334a,19.664191,-45.449594,43.95800018310547,203.50926208496094,19.663977411462277,-45.449545210087685,36.77368567781884,1.1953656364017944,1.1953656364017944
SB83795_component_341a,14.922744,-43.105528,42.68899917602539,169.40078735351562,14.922752533900136,-43.10539496816613,42.25186296378239,1.0103459630316822,1.0103459630316822
SB83795_component_344a,21.608864,-43.393162,42.42100143432617,108.77180480957031,21.608752577282505,-43.393226179330185,41.902840006918396,1.012365783019056,1.012365783019056
SB83795_component_346a,19.798258,-44.212188,40.875,193.7203826904297,19.798111161323973,-44.21209322593978,39.803453320975684,1.0269209475465193,1.0269209475465193
SB83795_component_347a,15.831069,-41.209394,41.39799880981445,119.64739990234375,15.831051285165795,-41.209222949389485,42.78929216072357,0.9674850113041554,0.9674850113041554
SB83795_component_349a,18.837794,-41.528549,41.61000061035156,178.5836944580078,18.837694857950176,-41.52850827363595,40.87942590421998,1.0178714522029568,1.0178714522029568
SB83795_component_353a,15.173715,-42.50295,39.722999572753906,199.61306762695312,15.173571083011968,-42.50284335115117,40.0664148392049,0.9914288496280689,0.9914288496280689
SB83795_component_358a,14.006372,-47.810958,43.26300048828125,39.98428726196289,14.006268267355598,-47.81103706115345,41.93339889961068,1.0317074604864171,1.0317074604864171
SB83795_component_360a,19.38684,-43.100861,39.57899856567383,207.2198944091797,19.38657858302906,-43.10081371508909,37.99231876271203,1.0417631735738926,1.0417631735738926
SB83795_component_361a,16.891078,-40.170069,40.611000061035156,87.1480712890625,16.891141151844845,-40.169890207767544,43.87850663957234,0.9255328672560076,0.9255328672560076
SB83795_component_363a,21.784717,-44.63287,40.45500183105469,90.91011810302734,21.78465965143905,-44.63292451309035,40.891029637165595,0.9893368347537377,0.9893368347537377
SB83795_component_364a,22.042542,-46.211348,38.79399871826172,54.639434814453125,22.042406510429036,-46.211422323783786,42.746855573589286,0.9075287105381898,0.9075287105381898
SB83795_component_365a,20.712307,-45.005926,38.02299880981445,152.7028045654297,20.712134234328712,-45.00595137639742,35.8317041964395,1.0611551881920451,1.0611551881920451
SB83795_component_368a,17.891405,-41.779382,37.665000915527344,191.19290161132812,17.89126761969199,-41.77930217407323,39.09461377929304,0.9634319737282349,0.9634319737282349
SB83795_component_370a,17.362076,-45.107601,39.61600112915039,201.09645080566406,17.361961641277954,-45.10747955129097,36.532554645804325,1.0844027063872521,1.0844027063872521
SB83795_component_372a,17.222675,-43.326179,40.518001556396484,244.0843505859375,17.22241551507904,-43.32605335223569,40.65290844739657,0.9966814947281164,0.9966814947281164
SB83795_component_380a,12.05693,-40.420124,37.696998596191406,25.419418334960938,12.056877761083712,-40.420095335956994,37.7618331795772,0.9982830657855651,0.9982830657855651
SB83795_component_385a,18.934562,-47.677365,36.22100067138672,54.963584899902344,18.934027599461785,-47.67738088169132,38.25674869831247,0.9467872180414655,0.9467872180414655
SB83795_component_386a,12.272707,-44.060738,35.494998931884766,100.83806610107422,12.27216795869077,-44.06092498504263,36.85552067123218,0.9630849947424736,0.9630849947424736
SB83795_component_387a,21.704871,-40.549622,37.479000091552734,22.5369815826416,21.704922170988404,-40.549698145807604,42.18780000777393,0.8883847957145548,0.8883847957145548
SB83795_component_388a,18.381848,-40.229067,39.12699890136719,92.49881744384766,18.381595645923174,-40.228977713382996,39.6363272734574,0.9871499604749887,0.9871499604749887
SB83795_component_389a,15.545503,-41.160827,35.6619987487793,142.6479949951172,15.545549619228371,-41.16070497915051,35.4418746251084,1.006210848777027,1.006210848777027
SB83795_component_390a,19.022209,-41.274059,36.67399978637695,165.94569396972656,19.022082309781037,-41.27403673722271,36.685147648568126,0.9996961205581625,0.9996961205581625
SB83795_component_391a,18.172779,-40.122689,37.8129997253418,70.15399169921875,18.172593514568682,-40.12262090432247,38.91403706155085,0.9717059082184784,0.9717059082184784
SB83795_component_394a,16.114267,-47.379277,38.04399871826172,97.54872131347656,16.113885460661564,-47.37926576335094,37.14150427976318,1.0242988122317456,1.0242988122317456
SB83795_component_397a,14.525158,-39.736057,38.32899856567383,116.85669708251953,14.52503982200656,-39.73591318695696,43.97617798028864,0.8715854884627301,0.8715854884627301
SB83795_component_399a,16.735952,-46.682877,35.7599983215332,164.79261779785156,16.735850747400836,-46.682737525704525,35.27919224744241,1.0136286021153347,1.0136286021153347
SB83795_component_403a,13.634624,-40.716072,36.12200164794922,89.19012451171875,13.634670305562045,-40.71588908065742,36.659796796720435,0.9853301110272568,0.9853301110272568
SB83795_component_405a,11.577193,-41.734022,34.36399841308594,31.042455673217773,11.57654408877378,-41.734246022537675,40.405184455926495,0.8504848790028365,0.8504848790028365
SB83795_component_406a,13.749356,-46.375041,34.362998962402344,142.58505249023438,13.749291429643337,-46.37498191318298,34.205823965191534,1.0045949776672753,1.0045949776672753
SB83795_component_408a,17.471362,-46.52491,35.68199920654297,182.984619140625,17.47121699675582,-46.52479905155424,35.82213278373828,0.9960880727554299,0.9960880727554299
SB83795_component_409a,19.909782,-47.247644,36.112998962402344,83.40184783935547,19.909465386339765,-47.2476565702611,36.803652892454956,0.9812340929290146,0.9812340929290146
SB83795_component_416a,16.574326,-45.38031,34.479000091552734,161.8732452392578,16.574257008798696,-45.38018688976014,33.7538253803247,1.0214842229897516,1.0214842229897516
SB83795_component_417a,11.503024,-42.578036,35.76499938964844,38.25133514404297,11.502356892726407,-42.57820372124243,39.71429284292544,0.9005573769399116,0.9005573769399116
SB83795_component_421a,12.752101,-47.322687,35.59700012207031,53.60994338989258,12.752249312115678,-47.32248283908762,34.06797197137111,1.0448816898165854,1.0448816898165854
SB83795_component_422a,21.579154,-42.762435,34.1870002746582,77.6977310180664,21.57898017767267,-42.76252196248151,35.13447854730895,0.9730328067520638,0.9730328067520638
SB83795_component_425a,12.567342,-46.114226,34.439998626708984,125.23635864257812,12.566997880424456,-46.11427580317307,34.68654317444545,0.9928922133722999,0.9928922133722999
SB83795_component_430a,12.806558,-41.637165,33.66999816894531,112.98656463623047,12.806543329692953,-41.63706437249283,33.53609255245092,1.0039928806936873,1.0039928806936873
SB83795_component_432a,19.789261,-46.026723,32.49300003051758,166.6307830810547,19.789035938342348,-46.02661540615355,33.7539235148583,0.9626436469293512,0.9626436469293512
SB83795_component_435a,13.266113,-44.741258,31.98699951171875,129.5020294189453,13.265879914282115,-44.741176263108486,32.630196546922825,0.9802882880500231,0.9802882880500231
SB83795_component_440a,11.781601,-42.085386,30.393999099731445,32.61158752441406,11.781158718445475,-42.085623439563236,33.2194984448458,0.9149445513211009,0.9149445513211009
SB83795_component_441a,22.019962,-47.127086,35.095001220703125,55.53006362915039,22.019615810019047,-47.127019979992184,33.989457064947274,1.0325260904769196,1.0325260904769196
SB83795_component_442a,20.392588,-40.831989,31.95400047302246,81.10152435302734,20.39278778502575,-40.831971725388485,31.797440414723376,1.0049236685801475,1.0049236685801475
SB83795_component_444a,16.683025,-41.826531,32.10900115966797,158.9554443359375,16.682951055411095,-41.82644882819978,33.03610300101352,0.9719367069016248,0.9719367069016248
SB83795_component_446a,21.625888,-42.982197,32.83000183105469,79.6844711303711,21.62581701929836,-42.982218216909054,32.99867478343516,0.9948884931444233,0.9948884931444233
SB83795_component_448a,13.815803,-47.354582,32.999000549316406,66.93508911132812,13.815591841380218,-47.35453725245393,29.654393548316744,1.1127862215610715,1.1127862215610715
SB83795_component_449a,19.586401,-45.660946,32.74700164794922,147.50901794433594,19.586190541116615,-45.66084871102642,30.471178704352756,1.0746877226403901,1.0746877226403901
SB83795_component_450a,16.21053,-44.467771,32.31999969482422,173.763427734375,16.210371587732034,-44.467590090284794,32.15910945898117,1.0050029443771837,1.0050029443771837
SB83795_component_454a,13.43874,-42.190132,30.94099998474121,119.00385284423828,13.438558043684456,-42.189924375880565,32.70741063368544,0.9459935649224094,0.9459935649224094
SB83795_component_459a,12.797237,-44.170174,30.961000442504883,88.96839141845703,12.796865790325624,-44.17025760890113,31.502647256103863,0.9828063080160975,0.9828063080160975
SB83795_component_460a,18.729158,-43.338472,32.250999450683594,168.8533935546875,18.728919630159155,-43.33835931579802,30.48460880411964,1.0579436875150336,1.0579436875150336
SB83795_component_461a,13.882399,-46.460322,30.79800033569336,131.05532836914062,13.882324601981274,-46.460226908466794,30.935262900534884,0.9955629093800541,0.9955629093800541
SB83795_component_467a,19.389562,-47.679003,30.000999450683594,36.947044372558594,19.389180294513945,-47.67907105237251,27.11350461649485,1.106496554946722,1.106496554946722
SB83795_component_468a,13.544378,-42.032738,30.698999404907227,128.44769287109375,13.544423404311143,-42.03255598665925,31.12053900239893,0.9864546177217814,0.9864546177217814
SB83795_component_469a,13.519481,-41.792193,30.704999923706055,128.47280883789062,13.519588685604202,-41.79196839996372,30.99410693370158,0.99067219421376,0.99067219421376
SB83795_component_472a,13.777266,-41.220465,31.892000198364258,127.05976867675781,13.7773564740728,-41.22035362248298,30.93746961915651,1.0308535439697597,1.0308535439697597
SB83795_component_474a,17.079185,-42.276397,30.20599937438965,170.65536499023438,17.079013833320598,-42.27624559355184,31.618891789267334,0.9553149293057362,0.9553149293057362
SB83795_component_483a,22.34977,-42.74415,31.735000610351562,27.42869758605957,22.349611081262402,-42.74416797234946,33.492219660402085,0.9475335147127294,0.9475335147127294
SB83795_component_489a,20.912163,-40.762335,28.52899932861328,51.870906829833984,20.912208021418444,-40.762394328074336,30.622309338063374,0.9316410141919598,0.9316410141919598
SB83795_component_490a,12.531658,-47.631315,30.22800064086914,25.55198860168457,12.531855837775154,-47.63133583379015,31.515433368460577,0.9591491345671975,0.9591491345671975
SB83795_component_493a,16.313427,-40.770979,30.1299991607666,109.56362915039062,16.313418243169956,-40.77090908131493,31.480015530628012,0.9571151301196807,0.9571151301196807
SB83795_component_495a,15.890896,-41.176632,28.552000045776367,83.97647094726562,15.890854743300524,-41.17652760113963,28.373947159909562,1.006275224411441,1.006275224411441
SB83795_component_497a,14.830858,-45.775039,30.41900062561035,147.66505432128906,14.830883631739587,-45.77493933084687,31.791417879789265,0.9568305742333248,0.9568305742333248
SB83795_component_498a,15.770665,-42.067997,29.020000457763672,145.10000610351562,15.770594587484666,-42.06787768043084,34.463766654789914,0.8420437832128356,0.8420437832128356
SB83795_component_507a,12.02585,-42.549228,27.820999145507812,57.71991729736328,12.025255708722785,-42.54932581786449,19.54467977511838,1.423456381256536,1.423456381256536
SB83795_component_509a,19.084426,-42.980336,26.992000579833984,142.8148193359375,19.08426341078281,-42.98030834492627,24.917608227245854,1.0832500589009146,1.0832500589009146
SB83795_component_512a,20.923589,-45.318304,28.322999954223633,104.12866973876953,20.923464420896547,-45.31831530709503,27.464207344712168,1.0312695210436071,1.0312695210436071
SB83795_component_514a,16.67365,-41.393038,27.614999771118164,126.09589385986328,16.673725714126334,-41.392953664185626,28.272507800187174,0.9767439084740598,0.9767439084740598
SB83795_component_516a,11.486253,-46.230721,26.506000518798828,36.81388854980469,11.485374271111652,-46.23104394935886,30.54623113296145,0.8677339081022359,0.8677339081022359
SB83795_component_521a,11.874519,-40.926013,26.979999542236328,25.285846710205078,11.874125077129705,-40.92606581511897,28.660347203559937,0.941370296410265,0.941370296410265
SB83795_component_526a,13.738782,-43.893996,26.465999603271484,96.23999786376953,13.73870970981652,-43.89391985662505,26.587387654477293,0.995434374644725,0.995434374644725
SB83795_component_527a,21.385797,-44.348179,27.937000274658203,90.70454406738281,21.38565851658456,-44.348222950310074,28.352897922122143,0.9853313883961244,0.9853313883961244
SB83795_component_528a,11.697632,-46.285096,27.472000122070312,47.36552047729492,11.697092839269917,-46.28555866532615,30.336583034986724,0.905573316888961,0.905573316888961
SB83795_component_535a,17.477206,-47.299006,26.368000030517578,75.7701187133789,17.476886575985084,-47.29900493549451,26.02439039177051,1.0132033693613713,1.0132033693613713
SB83795_component_536a,15.93685,-42.492445,26.881999969482422,135.76768493652344,15.936649716403693,-42.492334141899555,26.500013168961278,1.014414589082867,1.014414589082867
SB83795_component_537a,20.76798,-43.343327,26.09600067138672,117.02242279052734,20.7677570228413,-43.34337907138947,26.909090549180398,0.9697838217048756,0.9697838217048756
SB83795_component_543a,16.673581,-43.74471,25.454999923706055,139.09835815429688,16.673342498454158,-43.744560420792,27.008392948266284,0.9424848036113921,0.9424848036113921
SB83795_component_544a,16.678271,-41.68526,24.417999267578125,124.58163452148438,16.678253143266375,-41.68514652872555,25.295570592772634,0.9653073125203491,0.9653073125203491
SB83795_component_546a,16.298364,-46.28345,24.163000106811523,122.03535461425781,16.298270697883694,-46.28333840739383,21.093374113073867,1.1455256033142214,1.1455256033142214
SB83795_component_547a,13.897939,-42.651611,26.683000564575195,107.16064453125,13.897892943200189,-42.65142680051667,27.88089058031862,0.957035446472107,0.957035446472107
SB83795_component_548a,17.837238,-42.88709,25.304000854492188,140.57777404785156,17.83697768646267,-42.88696825321028,24.966426695222083,1.0135211243239188,1.0135211243239188
SB83795_component_549a,20.846488,-42.809939,24.170000076293945,83.63321685791016,20.84631593539656,-42.80998651551699,24.53141155941183,0.98526739962588,0.98526739962588
SB83795_component_550a,15.37828,-47.452173,25.55500030517578,53.462345123291016,15.377995760554949,-47.452155919672215,25.306959391777095,1.0098012925835445,1.0098012925835445
SB83795_component_557a,20.320762,-42.281742,23.125999450683594,88.94615173339844,20.320554806935757,-42.28169031940603,25.305538080556452,0.9138710813840584,0.9138710813840584
SB83795_component_559a,17.08064,-43.802433,26.08300018310547,141.75543212890625,17.080345843844093,-43.80227518725645,26.589688769811268,0.9809441700844175,0.9809441700844175
SB83795_component_564a,12.976557,-47.407121,25.034000396728516,38.2198486328125,12.976880397332078,-47.406989807616625,24.28331696922467,1.0309135456435057,1.0309135456435057
SB83795_component_565a,16.099784,-44.898011,25.711999893188477,119.5906982421875,16.099646190288453,-44.897897195326,23.273706333759964,1.1047660189770296,1.1047660189770296
SB83795_component_566a,14.720437,-42.509839,23.513999938964844,104.04425048828125,14.72034707759612,-42.5096715840722,24.40893507135588,0.9633357567720662,0.9633357567720662
SB83795_component_567a,12.564356,-46.303099,25.60700035095215,83.6830062866211,12.564077639177803,-46.30336793151687,17.99483458406274,1.423019491028341,1.423019491028341
SB83795_component_570a,14.940725,-41.413365,23.424999237060547,96.00409698486328,14.940788071099975,-41.41326542393694,24.160703699672624,0.9695495432683923,0.9695495432683923
SB83795_component_575a,17.403363,-46.715902,23.878000259399414,117.62561798095703,17.403163841668583,-46.71580011789347,23.624140442144483,1.0107457800581838,1.0107457800581838
SB83795_component_576a,12.120949,-43.230579,24.34600067138672,52.13276290893555,12.120431056193516,-43.23067552809461,24.587886449093865,0.9901624005703809,0.9901624005703809
SB83795_component_577a,17.614701,-43.720471,23.93600082397461,128.68817138671875,17.61446136716696,-43.72035112508662,23.909638435194744,1.0011025841671057,1.0011025841671057
SB83795_component_580a,18.349516,-41.217888,24.299999237060547,117.39129638671875,18.349423224420864,-41.21784545002915,24.3405752369528,0.9983329892783037,0.9983329892783037
SB83795_component_583a,13.713709,-46.98693,23.33799934387207,71.37003326416016,13.713699262133183,-46.986834187177486,22.63031878854787,1.0312713471664536,1.0312713471664536
SB83795_component_584a,16.333904,-42.48013,25.31999969482422,135.40106201171875,16.33368105692429,-42.480042781131,24.996494497667218,1.0129420226178991,1.0129420226178991
SB83795_component_587a,16.403724,-43.553293,23.465999603271484,126.8432388305664,16.4034773649712,-43.553197014305155,25.908453483677746,0.9057275309024138,0.9057275309024138
SB83795_component_589a,18.925655,-43.518757,24.503000259399414,133.89617919921875,18.92548833091831,-43.518663243324085,23.858743798473753,1.0270029497934787,1.0270029497934787
SB83795_component_590a,12.936231,-41.136273,22.767000198364258,69.62385559082031,12.936346514710028,-41.136183696338115,21.744378496232304,1.0470292449291732,1.0470292449291732
SB83795_component_591a,19.025201,-43.242649,22.42300033569336,120.55376434326172,19.024983308456672,-43.242590507774175,21.43641688799322,1.0460237106254793,1.0460237106254793
SB83795_component_599a,22.156608,-41.49486,22.934999465942383,15.698151588439941,22.156969110374046,-41.49505632928788,27.226940082244525,0.8423641950458824,0.8423641950458824
SB83795_component_600a,14.871986,-44.132013,22.57200050354004,128.9828643798828,14.87199880765018,-44.13191554121136,23.158455421972896,0.9746764234597259,0.9746764234597259
SB83795_component_601a,21.88811,-43.357068,23.672000885009766,45.875972747802734,21.888177270104787,-43.35717144672013,23.748770922781652,0.9967674100684409,0.9967674100684409
SB83795_component_602a,17.477637,-44.923019,22.155000686645508,114.20103454589844,17.47755381764822,-44.9228847158552,20.888358508865235,1.0606386651800666,1.0606386651800666
SB83795_component_603a,16.085197,-44.343792,22.628999710083008,119.73016357421875,16.085016874621857,-44.343608484597915,24.28731248510463,0.9317210261102927,0.9317210261102927
SB83795_component_605a,11.947488,-45.126386,22.47800064086914,55.36453628540039,11.946853812011904,-45.12678656701057,24.41504896616326,0.9206617063116004,0.9206617063116004
SB83795_component_608a,17.158279,-41.323401,22.055999755859375,108.6502456665039,17.158311590886086,-41.32330357455965,23.909527173002616,0.9224774541239718,0.9224774541239718
SB83795_component_613a,21.520048,-43.02799,23.04599952697754,58.9411735534668,21.519833164816916,-43.02798799500496,23.977836043506063,0.961137589111971,0.961137589111971
SB83795_component_618a,13.824618,-40.906897,20.589000701904297,67.72697448730469,13.824732682689875,-40.9067175989586,19.946417205316152,1.0322154846142937,1.0322154846142937
SB83795_component_619a,16.545149,-47.025992,22.41200065612793,90.3709716796875,16.544933258246054,-47.025951706089934,22.277367794494793,1.0060434815672616,1.0060434815672616
SB83795_component_623a,20.737131,-44.861082,21.708999633789062,87.18473815917969,20.737008560237967,-44.861061583012386,22.622822495668352,0.9596061516172767,0.9596061516172767
SB83795_component_624a,19.133355,-45.114722,22.24799919128418,111.23999786376953,19.133185917103816,-45.11464642926076,22.458576604580223,0.990623741789001,0.990623741789001
SB83795_component_626a,13.246434,-42.648027,20.82900047302246,66.54632568359375,13.24631458349907,-42.647889123824655,22.122005390143837,0.9415511887680194,0.9415511887680194
SB83795_component_627a,17.594441,-40.837032,22.83300018310547,105.22119903564453,17.59439954950751,-40.83685925333436,23.358571200100187,0.9774998645040214,0.9774998645040214
SB83795_component_628a,21.513944,-44.436147,22.492000579833984,64.07977294921875,21.51382453713171,-44.43618430827679,22.813450644158475,0.9859096254512992,0.9859096254512992
SB83795_component_630a,17.128071,-45.596983,21.549999237060547,100.23255157470703,17.127969481363845,-45.59689740393173,21.73069495591022,0.9916847703574925,0.9916847703574925
SB83795_component_631a,12.708703,-41.695732,20.8700008392334,59.62857437133789,12.708604460452486,-41.69569532748711,21.349878263237585,0.9775231775053964,0.9775231775053964
SB83795_component_633a,14.542125,-39.926433,22.718000411987305,24.88280487060547,14.541940429034195,-39.92626982548935,26.63820249717663,0.8528353373090837,0.8528353373090837
SB83795_component_634a,13.924665,-46.875602,22.010000228881836,73.36666107177734,13.924424564141324,-46.87546633276803,21.001389757642407,1.0480258917566345,1.0480258917566345
SB83795_component_636a,19.973401,-41.808734,20.22800064086914,83.2427978515625,19.973233715598038,-41.80875284840502,20.735022052196904,0.9755475827297688,0.9755475827297688
SB83795_component_639a,21.054971,-45.011681,23.579999923706055,90.3448257446289,21.05470479017643,-45.01172291206715,23.179209535830786,1.0172909428708394,1.0172909428708394
SB83795_component_640a,16.489854,-40.095125,21.51300048828125,40.59056854248047,16.48969950626583,-40.09488017251456,23.445956572337142,0.9175569536652429,0.9175569536652429
SB83795_component_642a,20.317621,-41.363429,22.98699951171875,83.5890884399414,20.317518532864568,-41.363467354935985,18.5640868211197,1.2382510237760394,1.2382510237760394
SB83795_component_648a,14.013415,-42.190888,20.788999557495117,85.90496063232422,14.013381776909817,-42.19069518407366,21.345830175694793,0.9739138457667622,0.9739138457667622
SB83795_component_650a,21.809551,-44.912549,21.215999603271484,50.755977630615234,21.80947888571813,-44.912623173145015,20.844091779303533,1.0178423616584353,1.0178423616584353
SB83795_component_657a,14.400416,-45.877073,20.905000686645508,91.6885986328125,14.400420673992423,-45.87698774114246,21.717269252175292,0.9625980340300646,0.9625980340300646
SB83795_component_658a,16.041084,-45.928789,21.0939998626709,100.92822265625,16.04109014692521,-45.92862664494523,21.084580275145136,1.000446752432481,1.000446752432481
SB83795_component_659a,11.996397,-46.172384,19.018999099731445,47.310943603515625,11.995880529262742,-46.17266043860722,20.558419927974835,0.9251196914141915,0.9251196914141915
SB83795_component_666a,12.091803,-46.648754,20.540000915527344,42.35051727294922,12.091528697097278,-46.64894882282394,19.03568496874616,1.0790261001509036,1.0790261001509036
SB83795_component_667a,14.827522,-43.084556,19.743000030517578,90.9815673828125,14.827569282773547,-43.084425972056714,19.283730994781862,1.0238163992154834,1.0238163992154834
SB83795_component_669a,20.648903,-40.46181,19.665000915527344,31.820390701293945,20.648859983216077,-40.461806779077925,20.75712385624301,0.9473856326011567,0.9473856326011567
SB83795_component_672a,18.926692,-41.480837,19.301000595092773,83.1939697265625,18.926514850732573,-41.48088087196539,19.624794191457926,0.9835007902143458,0.9835007902143458
SB83795_component_674a,20.634913,-45.529419,19.812000274658203,73.65055847167969,20.634726770597872,-45.5292343649698,20.761897595086182,0.9542480490486189,0.9542480490486189
SB83795_component_677a,14.518913,-46.694492,19.829999923706055,82.625,14.518826515678843,-46.69426346658303,20.345987621374412,0.9746393388578352,0.9746393388578352
SB83795_component_682a,20.488151,-47.788821,19.49799919128418,15.839155197143555,20.48779294127148,-47.78877347516917,21.68037667001176,0.8993385810613596,0.8993385810613596
SB83795_component_686a,16.02345,-45.781515,19.756000518798828,95.43961334228516,16.023413274337624,-45.781398937246145,19.61505678856996,1.0071854867282872,1.0071854867282872
SB83795_component_688a,18.328559,-47.171145,19.444000244140625,67.74913024902344,18.32807625271263,-47.1711361293351,19.3543668594208,1.0046311711135203,1.0046311711135203
SB83795_component_689a,17.553704,-46.51549,19.607999801635742,100.55384826660156,17.553523581687557,-46.5153355151578,19.656204328650755,0.9975476177287824,0.9975476177287824
SB83795_component_692a,12.780602,-44.903728,18.66699981689453,55.88922119140625,12.78012487995009,-44.90391836970221,19.619678689837077,0.951442687313935,0.951442687313935
SB83795_component_694a,20.468146,-45.207064,19.10300064086914,80.26470947265625,20.467883649991414,-45.207041609616326,19.02803278456185,1.0039398637345271,1.0039398637345271
SB83795_component_696a,22.423696,-43.590041,17.858999252319336,18.130964279174805,22.423526377132248,-43.59004616332827,20.667405386299166,0.8641142377822821,0.8641142377822821
SB83795_component_699a,14.279377,-43.048547,17.55900001525879,75.68534851074219,14.279364832614503,-43.04840906520669,22.79546397167411,0.7702848267127965,0.7702848267127965
SB83795_component_700a,15.016438,-44.784826,19.371999740600586,93.13461303710938,15.016381827320986,-44.78474512375249,19.512425549845588,0.9928032622655611,0.9928032622655611
SB83795_component_701a,19.789738,-41.699565,17.885000228881836,72.4089126586914,19.789653226519974,-41.69954477618097,17.315933726761095,1.0328637491399768,1.0328637491399768
SB83795_component_703a,17.900282,-39.726656,17.479999542236328,19.90888214111328,17.900160058285046,-39.72663120673296,25.071716026673545,0.697199965237303,0.697199965237303
SB83795_component_707a,16.404829,-44.558269,18.371000289916992,91.8550033569336,16.404638255951717,-44.55815323964305,18.256263530078723,1.0062847887602646,1.0062847887602646
SB83795_component_712a,17.170471,-41.170576,18.200000762939453,76.150634765625,17.170518986194597,-41.17048852980412,19.098885745679564,0.9529352133569651,0.9529352133569651
SB83795_component_714a,19.787263,-41.594422,18.194000244140625,80.86222839355469,19.787104553990133,-41.59441910784143,18.675056063850963,0.9742407295557463,0.9742407295557463
SB83795_component_715a,17.896138,-47.88772,19.940000534057617,24.346765518188477,17.895858190332294,-47.88753043148929,20.46610942675038,0.9742936538780983,0.9742936538780983
SB83795_component_721a,12.265858,-46.841194,18.395000457763672,37.849796295166016,12.265448229441253,-46.84128086497531,18.313023170847355,1.004476447506866,1.004476447506866
SB83795_component_723a,20.386073,-44.316349,17.538000106811523,80.08219146728516,20.385860702413027,-44.31633547282631,16.551377987475828,1.059609666342117,1.059609666342117
SB83795_component_724a,21.825413,-42.666517,18.26300048828125,33.085147857666016,21.825228111771004,-42.66653334461544,19.99475752438712,0.9133894455087196,0.9133894455087196
SB83795_component_726a,20.899966,-47.176255,18.268999099731445,35.1326904296875,20.89972313093944,-47.17622886382204,19.478967198565133,0.9378833545690853,0.9378833545690853
SB83795_component_727a,14.107035,-41.78568,18.277000427246094,74.29674530029297,14.107073722138178,-41.7856625400955,19.41422007563432,0.9414233667920823,0.9414233667920823
SB83795_component_728a,13.373964,-42.906411,17.138999938964844,51.31437301635742,13.373866418016949,-42.90627212669469,18.110783012495705,0.9463422938223947,0.9463422938223947
SB83795_component_736a,20.747398,-41.668068,18.400999069213867,59.358062744140625,20.74731290483538,-41.668065224904296,18.278558738958925,1.0066985768409613,1.0066985768409613
SB83795_component_738a,11.884118,-46.597667,16.93899917602539,29.30622673034668,11.883764619575349,-46.5979071545039,18.316183779805332,0.9248105052702972,0.9248105052702972
SB83795_component_741a,17.891859,-43.573659,16.89699935913086,98.23836517333984,17.89159243282559,-43.573519004618866,16.485748677901558,1.0249458298354728,1.0249458298354728
SB83795_component_742a,19.085127,-47.515491,17.847999572753906,28.51118278503418,19.08487062278098,-47.51559127312925,18.900512372853516,0.9443130017146352,0.9443130017146352
SB83795_component_744a,12.739807,-41.748383,16.79400062561035,51.99380874633789,12.739740222489093,-41.748450862735574,16.330393898441162,1.028389194409661,1.028389194409661
SB83795_component_745a,17.968411,-41.734577,17.195999145507812,83.47572326660156,17.968342204097514,-41.73453623034365,17.14371738687048,1.0030496162213554,1.0030496162213554
SB83795_component_746a,15.872506,-44.431894,17.155000686645508,87.5255126953125,15.872377899795257,-44.43177017726049,17.308868619186892,0.9911104569613047,0.9911104569613047
SB83795_component_747a,12.881006,-40.211054,17.160999298095703,17.582990646362305,12.880816228842138,-40.210720028437066,21.27255098200069,0.806720327647404,0.806720327647404
SB83795_component_748a,16.861636,-40.773608,17.235000610351562,64.55056762695312,16.861679317029445,-40.77344449354319,18.283593882480986,0.9426484049651657,0.9426484049651657
SB83795_component_749a,16.881953,-45.468665,17.18600082397461,84.24510192871094,16.881984563224748,-45.468541201929035,16.494790431007132,1.0419047696215729,1.0419047696215729
SB83795_component_750a,13.494465,-41.598392,18.60700035095215,77.52916717529297,13.494564426817377,-41.598125270816745,18.0827902215365,1.0289894492494482,1.0289894492494482
SB83795_component_751a,17.639343,-40.373019,17.084999084472656,46.17567443847656,17.639131258671522,-40.3729116131603,18.176568525146784,0.9399463414030007,0.9399463414030007
SB83795_component_752a,21.917307,-41.410243,15.916999816894531,14.931519508361816,21.917454504474318,-41.41015838071994,19.429250077654128,0.8192287274741968,0.8192287274741968
SB83795_component_753a,17.99569,-43.709467,17.077999114990234,101.0532455444336,17.995416249345062,-43.70935196871876,16.825598824633328,1.015000969236672,1.015000969236672
SB83795_component_755a,16.597888,-45.348687,17.624000549316406,77.98230743408203,16.597795786520447,-45.3486416796822,16.287289406942154,1.0820708166335218,1.0820708166335218
SB83795_component_757a,18.151192,-41.711417,18.034000396728516,92.4820556640625,18.15110554486027,-41.71138713553634,18.093440415402778,0.9967148304960475,0.9967148304960475
SB83795_component_758a,19.975348,-42.247661,16.7810001373291,71.71367645263672,19.975220886389344,-42.24746773590517,16.85302077620333,0.9957265442302236,0.9957265442302236
SB83795_component_760a,13.353857,-41.528109,17.253999710083008,69.01599884033203,13.353986406183337,-41.52796577192387,17.074640839044466,1.0105044008087363,1.0105044008087363
SB83795_component_763a,14.457996,-47.574401,18.663999557495117,25.958274841308594,14.457559792782394,-47.574511810498464,19.289063227264087,0.9675949183013992,0.9675949183013992
SB83795_component_766a,20.629987,-46.889984,16.48699951171875,46.31179428100586,20.62971761555099,-46.890022622557154,18.184506046844177,0.9066509406000599,0.9066509406000599
SB83795_component_767a,14.289681,-40.250309,16.541000366210938,28.130952835083008,14.289860203022744,-40.25017514439419,16.006836883548665,1.0333709580817474,1.0333709580817474
SB83795_component_770a,11.234142,-45.71953,16.395999908447266,18.976850509643555,11.233169758506413,-45.71976462906839,17.477615154176103,0.9381142543655108,0.9381142543655108
SB83795_component_771a,18.345948,-40.300633,17.513999938964844,45.13917541503906,18.345699635606664,-40.30046903822446,17.25147750742003,1.0152173882748246,1.0152173882748246
SB83795_component_773a,21.869525,-42.947605,18.400999069213867,36.949798583984375,21.86934955162682,-42.947576753215266,17.666046678007223,1.0416025387344638,1.0416025387344638
SB83795_component_783a,20.504465,-42.620026,15.85200023651123,64.70204162597656,20.504322081512072,-42.62001285208543,15.528197853362766,1.020852541048628,1.020852541048628
SB83795_component_784a,14.860986,-44.430453,16.2549991607666,84.22279357910156,14.861129183892274,-44.4303552667213,17.06139771595093,0.9527354928001934,0.9527354928001934
SB83795_component_787a,14.970252,-40.730973,16.56599998474121,57.321800231933594,14.970113231558795,-40.730796996595494,17.797629026877086,0.9307981394445333,0.9307981394445333
SB83795_component_788a,20.14243,-41.886346,15.670000076293945,57.18978500366211,20.14252575687016,-41.886302403213534,15.885363983583932,0.9864426205460229,0.9864426205460229
SB83795_component_790a,18.917145,-45.810322,17.45800018310547,81.19999694824219,18.91693100551183,-45.810220020572004,17.126154734628674,1.0193765298526594,1.0193765298526594
SB83795_component_795a,12.915448,-40.466866,15.652999877929688,25.125200271606445,12.915358729696244,-40.46669883501901,17.716576413064498,0.8835228383282283,0.8835228383282283
SB83795_component_798a,18.456305,-45.029669,15.993000030517578,80.7727279663086,18.456169319695643,-45.02954040328778,15.565658463052229,1.0274541272044302,1.0274541272044302
SB83795_component_799a,15.1454,-47.630044,17.177000045776367,26.507715225219727,15.144887997221984,-47.63017671056906,18.111464560193827,0.9484048067282606,0.9484048067282606
SB83795_component_800a,13.479076,-42.307081,16.26799964904785,69.22553253173828,13.4790945892999,-42.30707809408946,16.66579026342172,0.9761313080216217,0.9761313080216217
SB83795_component_804a,15.875713,-42.278767,15.819999694824219,75.69377899169922,15.875580750292295,-42.27865823982844,15.260945346418165,1.0366330090119396,1.0366330090119396
SB83795_component_808a,20.328245,-46.971837,15.300000190734863,39.74026107788086,20.327887705561064,-46.97183261733145,15.106824169091132,1.0127873350137333,1.0127873350137333
SB83795_component_809a,12.884901,-44.465097,16.150999069213867,28.585838317871094,12.884388868100446,-44.465294602110866,14.72586331512231,1.0967777388391249,1.0967777388391249
SB83795_component_810a,19.626364,-47.140792,15.873000144958496,44.58707809448242,19.62602030677796,-47.140775129962854,17.079548643978598,0.9293571203683143,0.9293571203683143
SB83795_component_811a,14.522158,-44.559186,15.597999572753906,70.9000015258789,14.522166378697092,-44.55913784135279,18.089953047346874,0.8622465482320063,0.8622465482320063
SB83795_component_813a,19.920462,-45.751536,15.932000160217285,74.10232543945312,19.92024504099712,-45.751430644468584,16.92843588283773,0.9411383467724479,0.9411383467724479
SB83795_component_818a,20.452517,-44.118406,16.364999771118164,73.38565063476562,20.452253613918234,-44.11847357348289,14.002326335420545,1.1687343502144323,1.1687343502144323
SB83795_component_820a,18.811664,-45.071168,15.539999961853027,78.0904541015625,18.811513591392988,-45.07102342126775,15.732747901518424,0.9877486157617262,0.9877486157617262
SB83795_component_821a,12.873998,-46.332903,14.572999954223633,53.97407150268555,12.873706270617195,-46.33289099758376,13.866689513992641,1.050935765131127,1.050935765131127
SB83795_component_822a,12.947012,-40.513689,15.708999633789062,27.803539276123047,12.947107913961899,-40.513513601732015,15.6529581020743,1.0035802518188135,1.0035802518188135
SB83795_component_827a,20.590505,-46.199486,15.625,61.5157470703125,20.590282146266432,-46.19943290163536,15.816730056229893,0.9878780218447002,0.9878780218447002
SB83795_component_828a,17.904925,-47.840235,16.499000549316406,21.017833709716797,17.904468989977023,-47.84038323977757,16.811880173627777,0.9813893734026148,0.9813893734026148
SB83795_component_830a,12.246355,-40.287355,15.029999732971191,10.273409843444824,12.246710908691089,-40.28726995304283,16.560528129224952,0.9075797351201147,0.9075797351201147
SB83795_component_831a,16.504141,-47.336918,16.054000854492188,44.594444274902344,16.503829598217806,-47.33670197312772,15.941644048431964,1.0070480061980354,1.0070480061980354
SB83795_component_832a,17.871982,-41.833681,15.197999954223633,83.04917907714844,17.871645693418657,-41.83368295216771,7.467354145802984,2.035259029835306,2.035259029835306
SB83795_component_834a,16.34186,-39.77015,15.170999526977539,16.782079696655273,16.341989565166987,-39.770106035183325,17.13302881538339,0.8854826365175907,0.8854826365175907
SB83795_component_835a,21.024213,-41.952335,14.894000053405762,43.67742156982422,21.024141028838052,-41.952344533064036,17.40369130796542,0.855795462574597,0.855795462574597
SB83795_component_837a,21.381694,-46.913083,15.1850004196167,27.019575119018555,21.38148580671527,-46.913209833624514,15.993782178061549,0.9494314884721736,0.9494314884721736
SB83795_component_840a,19.924941,-44.591711,15.340999603271484,73.40190887451172,19.92469340373817,-44.591578067731454,14.205401012732901,1.0799413258042274,1.0799413258042274
SB83795_component_843a,15.429934,-45.727966,14.996000289916992,77.29896545410156,15.429997390847042,-45.727894060338144,18.081464479639653,0.829357616845859,0.829357616845859
SB83795_component_846a,19.408726,-41.389139,15.21399974822998,67.6177749633789,19.40862782880548,-41.389100625554406,14.669761871900008,1.0370992986172778,1.0370992986172778
SB83795_component_848a,17.472981,-45.03225,14.689000129699707,78.55079650878906,17.472826776896916,-45.03216115007102,14.359065075361078,1.0229774746898228,1.0229774746898228
SB83795_component_853a,14.813448,-40.03186,15.61299991607666,21.446428298950195,14.813141012420694,-40.031692604631196,13.61954912273583,1.1463668712801263,1.1463668712801263
SB83795_component_854a,14.443224,-44.005405,14.868000030517578,72.88235473632812,14.443262792846108,-44.00530594443637,14.520639223337795,1.0239218674768462,1.0239218674768462
SB83795_component_856a,19.262477,-47.083759,15.336999893188477,47.19076919555664,19.262073805181213,-47.08378146966522,16.886518199780774,0.9082393251077411,0.9082393251077411
SB83795_component_857a,19.637042,-40.166576,15.197999954223633,22.026086807250977,19.636928957140945,-40.16672868411507,15.316009027141881,0.9922950507074577,0.9922950507074577
SB83795_component_864a,15.702809,-41.670427,14.845000267028809,67.4772720336914,15.70287558941836,-41.67032466099648,13.088812355226203,1.1341747336687413,1.1341747336687413
SB83795_component_865a,16.276511,-45.661471,14.532999992370605,70.20772552490234,16.276474182030867,-45.66124339534498,18.057048921149654,0.8048380472264524,0.8048380472264524
SB83795_component_866a,12.776148,-45.405498,15.3100004196167,60.27558898925781,12.775700922352774,-45.40552020790742,16.500638642362066,0.9278429005960628,0.9278429005960628
SB83795_component_871a,13.435769,-45.728828,14.13700008392334,67.0,13.435712264441053,-45.728779862681385,14.258752054319652,0.9914612464027364,0.9914612464027364
SB83795_component_872a,13.871189,-42.530151,14.640000343322754,62.03390121459961,13.87107083495751,-42.53002091776229,14.836471764606642,0.986757537479188,0.986757537479188
SB83795_component_874a,20.073633,-44.982975,14.586000442504883,71.85221862792969,20.073484530363018,-44.98286513462708,14.254624661326607,1.0232468962916514,1.0232468962916514
SB83795_component_878a,15.083386,-42.279612,13.892999649047852,64.02304077148438,15.08324126756468,-42.279450092861396,13.439342843197288,1.0337558771394983,1.0337558771394983
SB83795_component_879a,11.553289,-43.541006,14.951000213623047,21.512229919433594,11.55242908177906,-43.54112297280168,13.104797731993743,1.1408798914249572,1.1408798914249572
SB83795_component_883a,12.212854,-40.6012,13.508000373840332,13.997928619384766,12.212724216884215,-40.601237257106945,16.72113423333787,0.8078399578246712,0.8078399578246712
SB83795_component_884a,19.402579,-42.522801,13.630000114440918,61.39639663696289,19.402387402041207,-42.52276496922686,14.419164695894072,0.9452697435602583,0.9452697435602583
SB83795_component_885a,12.354684,-46.622376,13.809000015258789,38.89859390258789,12.354298506968181,-46.622518723516045,13.939954350188021,0.9906058275630246,0.9906058275630246
SB83795_component_892a,12.276443,-47.634434,15.022000312805176,11.135656356811523,12.275988656548535,-47.63401051736089,15.318242618877264,0.9806608164237445,0.9806608164237445
SB83795_component_896a,11.719351,-44.550619,13.968999862670898,24.378707885742188,11.718542156710752,-44.55097310663061,14.052303007757786,0.9940719222293386,0.9940719222293386
SB83795_component_898a,18.244959,-46.969258,14.800999641418457,59.44176483154297,18.244719686904176,-46.96923222726915,13.971130794330492,1.059398831726973,1.059398831726973
SB83795_component_900a,20.117361,-47.61797,14.003999710083008,16.892641067504883,20.117061240005405,-47.61788793280173,15.190435374861135,0.9218958749041798,0.9218958749041798
SB83795_component_902a,21.052299,-44.702679,14.347000122070312,53.13703536987305,21.052083225294908,-44.702682701601105,13.205552457256813,1.0864369490415557,1.0864369490415557
SB83795_component_904a,20.815214,-42.244693,13.420999526977539,43.15434265136719,20.815193448866218,-42.24478421187137,14.921997824056985,0.8994103661736524,0.8994103661736524
SB83795_component_909a,12.366026,-43.203181,13.609999656677246,39.795318603515625,12.365536301768234,-43.20333138628776,14.453625008466407,0.9416322651725781,0.9416322651725781
SB83795_component_911a,21.302867,-43.865003,14.100000381469727,51.45985794067383,21.302593142215002,-43.86507896160326,13.400140935181655,1.052227767578967,1.052227767578967
SB83795_component_913a,19.065167,-47.373657,14.031000137329102,19.93039894104004,19.06479595348085,-47.373703731228986,14.087957596258008,0.9959570109052547,0.9959570109052547
SB83795_component_916a,18.737136,-47.163801,14.086999893188477,42.94816970825195,18.73662572754714,-47.163811714435205,13.256284367444964,1.0626657895015892,1.0626657895015892
SB83795_component_918a,21.000632,-40.843657,13.758000373840332,24.35044288635254,21.00047971199441,-40.84364759233742,12.876164644322557,1.068485900411859,1.068485900411859
SB83795_component_926a,12.430757,-46.070854,12.645000457763672,42.43288803100586,12.430343912394815,-46.07098489588026,12.552551274251595,1.0073649715896174,1.0073649715896174
SB83795_component_927a,12.644141,-47.27866,13.22599983215332,20.828346252441406,12.644309897035988,-47.27871650096665,13.544117848408009,0.9765124595182048,0.9765124595182048
SB83795_component_928a,15.188331,-47.63394,14.892000198364258,23.415096282958984,15.188062793531845,-47.633857213595505,15.654082903426941,0.9513173202311423,0.9513173202311423
SB83795_component_929a,12.041557,-42.171276,13.857000350952148,24.26795196533203,12.0410820332414,-42.17136962867053,14.156152102667603,0.9788677212885356,0.9788677212885356
SB83795_component_931a,17.633195,-41.375036,14.395999908447266,76.57447052001953,17.633220399466598,-41.374926318574325,14.089452411028583,1.0217572328913742,1.0217572328913742
SB83795_component_932a,21.797892,-46.883195,13.711000442504883,17.032299041748047,21.797760380763513,-46.88326809185641,14.042129562564503,0.9764188815817232,0.9764188815817232
SB83795_component_933a,15.914753,-39.962899,12.982999801635742,18.158042907714844,15.91455413255017,-39.96277437437361,13.945581037086894,0.9309758960281925,0.9309758960281925
SB83795_component_937a,11.571797,-46.952545,13.444000244140625,13.648731231689453,11.571712306372865,-46.95284470876402,13.233917147617506,1.0158745966277218,1.0158745966277218
SB83795_component_939a,13.038847,-45.479151,12.581999778747559,51.777774810791016,13.038498437507807,-45.47924816780881,13.038948198343945,0.9649551165749379,0.9649551165749379
SB83795_component_942a,16.54578,-47.094019,14.140000343322754,50.863311767578125,16.545414170121216,-47.09391634190792,15.102066856640723,0.9362957055845024,0.9362957055845024
SB83795_component_943a,19.361784,-44.662983,12.597999572753906,63.3065299987793,19.36171862029137,-44.66282985998038,11.307036755810982,1.1141733988155176,1.1141733988155176
SB83795_component_945a,11.762743,-42.461931,12.588000297546387,17.291210174560547,11.762170610288463,-42.46224016285914,14.668552842777117,0.8581623853742868,0.8581623853742868
SB83795_component_951a,19.105106,-45.896134,13.104999542236328,67.55154418945312,19.104925007149614,-45.89598887377712,13.673102596601495,0.9584510501291512,0.9584510501291512
SB83795_component_952a,15.093964,-45.558763,13.208999633789062,67.73846435546875,15.093888416023075,-45.558726996221814,12.560072629260944,1.0516658640186782,1.0516658640186782
SB83795_component_955a,21.560226,-42.908568,12.71500015258789,33.28533935546875,21.560029309755745,-42.90865387310041,13.19540964523718,0.9635926806696228,0.9635926806696228
SB83795_component_957a,17.142008,-44.424234,13.152999877929688,61.75117492675781,17.141778904876006,-44.42408662166649,14.769018107593434,0.8905805235059684,0.8905805235059684
SB83795_component_958a,19.023203,-47.729202,13.180000305175781,16.768447875976562,19.0224084923357,-47.7293495620254,14.288579176229677,0.9224150380957321,0.9224150380957321
SB83795_component_960a,16.168883,-42.020361,12.788999557495117,62.082523345947266,16.168716262648566,-42.02022883488367,13.721402840370589,0.9320475250437084,0.9320475250437084
SB83795_component_964a,18.851644,-47.002746,12.72599983215332,45.12765884399414,18.85129722110383,-47.002600920075174,13.429911621401219,0.9475862679448924,0.9475862679448924
SB83795_component_970a,17.060669,-45.5306,12.690999984741211,59.58216094970703,17.06061490429569,-45.530479199982956,12.914600985744855,0.9826861858720641,0.9826861858720641
SB83795_component_971a,17.654982,-45.549833,12.576000213623047,67.97837829589844,17.654915108622575,-45.54970189008816,12.72950596365184,0.9879409499106157,0.9879409499106157
SB83795_component_973a,16.772656,-41.341094,12.11299991607666,58.51690673828125,16.772563403841254,-41.34103255573278,13.822454726347539,0.8763276969167844,0.8763276969167844
SB83795_component_975a,19.639111,-43.16215,13.053000450134277,65.26499938964844,19.638782354701593,-43.162165053059276,12.806865976094754,1.0192189466571258,1.0192189466571258
SB83795_component_979a,17.687908,-45.113021,12.5600004196167,64.08163452148438,17.68794130204197,-45.11278933646842,5.187937434958998,2.421000749735519,2.421000749735519
SB83795_component_982a,11.71216,-42.254811,11.657999992370605,10.578947067260742,11.711903088880339,-42.25505630135554,14.158333364564024,0.8234019988220266,0.8234019988220266
SB83795_component_992a,11.043996,-44.574873,13.342000007629395,12.755258560180664,11.043059557115342,-44.57512032068764,9.979086852916266,1.3369960803307728,1.3369960803307728
SB83795_component_995a,12.971287,-40.644746,12.223999977111816,24.946937561035156,12.97128666317413,-40.6445097132793,11.437314497958962,1.0687823596433623,1.0687823596433623
SB83795_component_996a,11.856939,-44.892415,12.307999610900879,22.500913619995117,11.856194157975812,-44.89267967533438,11.365569326102856,1.0829197603531906,1.0829197603531906
SB83795_component_1001a,18.655529,-40.951708,12.505000114440918,52.76371383666992,18.655448618167036,-40.95169084568168,12.0794196765363,1.0352318612400964,1.0352318612400964
SB83795_component_1009a,17.187454,-42.841763,12.206999778747559,71.3859634399414,17.18720233853186,-42.8416693711834,12.184799581073118,1.0018219583774628,1.0018219583774628
SB83795_component_1010a,13.694794,-46.004614,12.336999893188477,59.88834762573242,13.694726742308134,-46.00457245875445,12.621838586939218,0.9774328682949974,0.9774328682949974
SB83795_component_1015a,16.496834,-43.277445,12.718000411987305,72.26136779785156,16.496600316655414,-43.277340541112714,13.062075695165861,0.9736584528211014,0.9736584528211014
SB83795_component_1018a,16.847421,-40.35573,11.713000297546387,31.402145385742188,16.84749179350862,-40.35544795453773,9.38608063539846,1.247911748528159,1.247911748528159
SB83795_component_1020a,18.242604,-44.731016,11.788000106811523,62.04210662841797,18.242509011274368,-44.730823492159324,11.824158876357053,0.9969419584155088,0.9969419584155088
SB83795_component_1021a,12.522934,-44.743094,11.821999549865723,35.39521026611328,12.522311751948882,-44.74318063721301,11.562909783175185,1.0224069694868267,1.0224069694868267
SB83795_component_1024a,13.025597,-41.994156,11.321000099182129,41.77490997314453,13.02538759426294,-41.99391014166016,12.544472660884798,0.9024691914298154,0.9024691914298154
SB83795_component_1026a,15.719531,-42.254057,12.01200008392334,58.882354736328125,15.719349900412919,-42.25399864473969,11.778413572634744,1.0198317464273199,1.0198317464273199
SB83795_component_1030a,15.542881,-44.353468,11.651000022888184,64.37017059326172,15.54286059433276,-44.35331994831545,11.755720979666886,0.9910919154205997,0.9910919154205997
SB83795_component_1031a,14.461562,-44.174738,11.168999671936035,59.409576416015625,14.46156369887862,-44.174719689845354,13.624727136903426,0.8197595122242193,0.8197595122242193
SB83795_component_1032a,15.002901,-42.329592,11.588000297546387,54.660377502441406,15.00279043969209,-42.32947317117857,12.375148349919206,0.9363928390904536,0.9363928390904536
SB83795_component_1033a,19.56492,-43.348518,11.772000312805176,59.45454788208008,19.56479226538338,-43.34861664002431,12.123915462831732,0.9709734737836615,0.9709734737836615
SB83795_component_1036a,17.66184,-43.484938,11.345000267028809,60.026458740234375,17.661604956828512,-43.48485003639172,10.946267426255961,1.0364263748770142,1.0364263748770142
SB83795_component_1041a,20.854555,-43.581474,11.918999671936035,53.20981979370117,20.854328028069723,-43.581474736876,11.004751404610484,1.0830775938239299,1.0830775938239299
SB83795_component_1044a,21.717834,-45.93442,11.088000297546387,25.372997283935547,21.717536943129943,-45.93469097837346,11.85031575516726,0.9356712957383881,0.9356712957383881
SB83795_component_1051a,19.657138,-46.346179,11.803000450134277,54.897674560546875,19.65703648096173,-46.3461648479054,13.252658073872484,0.8906138213437955,0.8906138213437955
SB83795_component_1053a,17.131382,-46.625123,10.961000442504883,53.208740234375,17.13127016447864,-46.6249409898284,11.173214397109884,0.981006902126581,0.981006902126581
SB83795_component_1055a,13.839808,-45.466846,10.857000350952148,51.21226501464844,13.839700686091321,-45.46684379300616,11.142131418018634,0.9744096478160917,0.9744096478160917
SB83795_component_1056a,21.6312,-45.975777,11.418999671936035,28.1256160736084,21.63120939874673,-45.975814749946544,11.338402423217032,1.007108342578666,1.007108342578666
SB83795_component_1059a,19.989635,-40.541227,11.366000175476074,25.831819534301758,19.989517352435467,-40.541203043046025,11.30032093325189,1.0058121572486423,1.0058121572486423
SB83795_component_1060a,17.840371,-44.872806,11.244000434875488,63.168540954589844,17.840285499573433,-44.872836538413644,11.446619642929377,0.9822987734043345,0.9822987734043345
SB83795_component_1061a,14.037971,-45.771106,11.024999618530273,54.57920455932617,14.037794797458991,-45.77105644497057,11.64076819725911,0.9471024103998718,0.9471024103998718
SB83795_component_1071a,19.630094,-45.58458,10.649999618530273,42.943546295166016,19.629989942076442,-45.58454237979614,11.208560308359042,0.9501665981658493,0.9501665981658493
SB83795_component_1074a,17.059941,-41.437522,10.85200023651123,56.81675338745117,17.05961118073416,-41.43750220695877,12.192852720807572,0.8900296333434647,0.8900296333434647
SB83795_component_1076a,12.863799,-45.448942,11.210000038146973,45.20161437988281,12.86341297300486,-45.44904092210132,10.992817374448757,1.0197567790221846,1.0197567790221846
SB83795_component_1081a,13.741374,-42.032909,11.151000022888184,48.907894134521484,13.741456241813667,-42.03277288634709,11.776306954682681,0.9469012709841218,0.9469012709841218
SB83795_component_1082a,17.386498,-44.641597,10.204999923706055,50.270938873291016,17.386284891671306,-44.64124186885778,13.048160731424467,0.7821025609478353,0.7821025609478353
SB83795_component_1085a,13.934131,-46.906204,11.973999977111816,37.89240264892578,13.934030396551082,-46.9060679994948,10.878632304094243,1.1006898332803587,1.1006898332803587
SB83795_component_1088a,19.831146,-44.994755,11.446000099182129,48.29535675048828,19.830904218542816,-44.99472084920681,11.134970505058961,1.0279326823525807,1.0279326823525807
SB83795_component_1095a,20.027796,-45.294699,10.791000366210938,48.39013671875,20.027567776664036,-45.294628165966294,10.784754537128428,1.0005791350244464,1.0005791350244464
SB83795_component_1096a,16.210159,-42.664144,11.164999961853027,66.0650863647461,16.209818517389248,-42.66405744504731,10.948643501206291,1.019761028900329,1.019761028900329
SB83795_component_1100a,17.808265,-45.600558,10.824000358581543,58.826087951660156,17.808141805792246,-45.60047450641998,10.503893165979534,1.0304750998076395,1.0304750998076395
SB83795_component_1104a,20.586269,-41.77241,10.472000122070312,39.81748962402344,20.586235381151287,-41.77239636379432,10.01036624987166,1.0461155826545878,1.0461155826545878
SB83795_component_1105a,12.891418,-42.229752,10.53600025177002,36.20618438720703,12.891403834427491,-42.22971941440669,11.02554229740002,0.955599277348431,0.955599277348431
SB83795_component_1106a,17.355129,-44.832624,10.446999549865723,51.210784912109375,17.355004804067523,-44.83256283634282,10.304326028675494,1.0138459828224755,1.0138459828224755
SB83795_component_1110a,20.910713,-44.528309,10.432999610900879,42.41056823730469,20.910527823938413,-44.52829756399623,11.604012702366834,0.8990855041698543,0.8990855041698543
SB83795_component_1111a,15.248739,-47.598083,11.057000160217285,18.868600845336914,15.248342512665214,-47.59821708261555,10.411722378311598,1.0619760841155206,1.0619760841155206
SB83795_component_1113a,17.526993,-44.826773,11.468000411987305,60.3578987121582,17.52677058824264,-44.8266994584972,10.362279008202425,1.1067063917994902,1.1067063917994902
SB83795_component_1114a,13.684263,-46.833145,10.427000045776367,33.10158920288086,13.684136547919802,-46.83303488195289,10.451741161609577,0.9976328235218753,0.9976328235218753
SB83795_component_1117a,13.685526,-42.01007,10.027999877929688,44.176212310791016,13.685500284657358,-42.009955372134655,10.017555508752181,1.001042606568876,1.001042606568876
SB83795_component_1118a,14.536197,-41.014501,11.02400016784668,40.981414794921875,14.536155657337876,-41.01428284187786,10.308826341862273,1.0693749028519586,1.0693749028519586
SB83795_component_1119a,16.04651,-44.659156,10.842000007629395,56.46875,16.046302050614557,-44.65923114284125,11.490131218895133,0.9435923577443651,0.9435923577443651
SB83795_component_1125a,21.270111,-41.502754,9.435999870300293,19.495866775512695,21.270055664497722,-41.5026804171059,8.591622397797957,1.09827916468009,1.09827916468009
SB83795_component_1126a,12.702034,-40.742217,9.494000434875488,17.981061935424805,12.70239988102793,-40.7419386550898,9.700187497947015,0.9787440126167495,0.9787440126167495
SB83795_component_1127a,11.831294,-46.522866,10.984999656677246,20.648494720458984,11.830829645894623,-46.5232809724155,12.204556811712516,0.9000736221847171,0.9000736221847171
SB83795_component_1129a,18.368671,-45.980585,10.437000274658203,57.03278732299805,18.368578703101896,-45.98039128821339,9.76520806562527,1.0687944593211203,1.0687944593211203
SB83795_component_1130a,11.428422,-44.266698,9.541999816894531,11.108264923095703,11.427980323711349,-44.26692681558317,10.835771371850624,0.8806018039179861,0.8806018039179861
SB83795_component_1133a,14.735372,-45.104233,10.305000305175781,47.70833206176758,14.735415906857794,-45.10418257556531,9.939747376130144,1.0367467014224905,1.0367467014224905
SB83795_component_1139a,20.490134,-41.174004,9.895000457763672,29.80422019958496,20.49021496554857,-41.173973316502575,11.558496094287458,0.8560802700494977,0.8560802700494977
SB83795_component_1145a,14.134946,-42.934794,10.074000358581543,45.378379821777344,14.134878270866322,-42.93474077331376,9.902999429517724,1.0172675895097114,1.0172675895097114
SB83795_component_1146a,18.870661,-43.581018,10.440999984741211,56.437835693359375,18.870431947858638,-43.58093813670315,9.39048349661448,1.1118703300533428,1.1118703300533428
SB83795_component_1148a,15.994196,-46.408253,10.180000305175781,52.47422790527344,15.994027951714333,-46.40812964766923,10.351164467854302,0.983464260160287,0.983464260160287
SB83795_component_1154a,19.80956,-43.536025,10.987000465393066,52.31904983520508,19.80934690199578,-43.53601829901355,10.02366660747056,1.0961059356467964,1.0961059356467964
SB83795_component_1155a,14.692439,-47.241386,9.543000221252441,24.78701400756836,14.6919347853211,-47.241521163136724,11.558049159488766,0.8256583865987421,0.8256583865987421
SB83795_component_1160a,11.998376,-46.941791,10.562000274658203,16.95345115661621,11.998363894511929,-46.942093076103625,9.678417486235038,1.0912941387039592,1.0912941387039592
SB83795_component_1163a,14.804086,-43.835792,10.35200023651123,58.15730285644531,14.804094118899853,-43.83573519114212,9.327094080862587,1.1098848308769131,1.1098848308769131
SB83795_component_1164a,14.259637,-45.399987,10.192999839782715,46.331817626953125,14.259608748092447,-45.39996417789523,10.364706894597784,0.9834334866811753,0.9834334866811753
SB83795_component_1169a,20.531606,-44.90893,10.73900032043457,47.5177001953125,20.531317369488256,-44.90873803402754,10.170600099474001,1.0558865962088084,1.0558865962088084
SB83795_component_1172a,20.959822,-41.026283,10.13700008392334,22.779775619506836,20.95998671011468,-41.02625155712111,10.340711555316899,0.9803000528248159,0.9803000528248159
SB83795_component_1173a,21.140713,-46.177486,9.868000030517578,32.567657470703125,21.140618656712807,-46.17745120762396,10.566453521433816,0.9338989671889967,0.9338989671889967
SB83795_component_1174a,15.481724,-47.748937,10.737000465393066,12.889555931091309,15.481027824208327,-47.74894628827591,9.848981334463621,1.0901635510082737,1.0901635510082737
SB83795_component_1178a,13.058266,-44.706013,9.446000099182129,30.47096824645996,13.057987805363666,-44.70596107430407,9.216810786401206,1.0248664443799884,1.0248664443799884
SB83795_component_1181a,15.60104,-41.033974,10.270000457763672,41.411293029785156,15.601213428843502,-41.03384995077579,9.960868740073842,1.031034614124183,1.031034614124183
SB83795_component_1183a,18.46256,-40.48128,9.637999534606934,27.303115844726562,18.462350903425197,-40.48115634771215,9.724314062781588,0.9911238440452051,0.9911238440452051
SB83795_component_1191a,15.828321,-47.809526,10.361000061035156,12.468111038208008,15.828048979871456,-47.809615291066386,9.767308247550513,1.0607835647690889,1.0607835647690889
SB83795_component_1201a,14.695227,-40.766855,10.196999549865723,35.28373336791992,14.69521665200388,-40.76678061668042,10.411543100887458,0.9793936836314447,0.9793936836314447
SB83795_component_1202a,20.161524,-44.995936,9.682999610900879,45.46009063720703,20.16135640228702,-44.995905165182464,9.349670615772448,1.0356514158441177,1.0356514158441177
SB83795_component_1209a,14.687545,-41.789566,10.031999588012695,45.599998474121094,14.687516873477644,-41.789449652005146,9.511900738640431,1.0546787507211313,1.0546787507211313
SB83795_component_1211a,12.216726,-42.86663,10.303000450134277,24.530954360961914,12.215788007734394,-42.86671752564131,9.162835265716728,1.1244336661473706,1.1244336661473706
SB83795_component_1217a,16.121154,-40.864293,10.737000465393066,42.948001861572266,16.121180124034705,-40.86414682214623,8.228400755071506,1.3048708716302382,1.3048708716302382
SB83795_component_1220a,12.95997,-43.529753,10.494000434875488,35.57288360595703,12.959579440219448,-43.52980354628992,9.571611864871285,1.0963671096390208,1.0963671096390208
SB83795_component_1221a,17.711285,-47.122042,10.223999977111816,37.31386947631836,17.711065355875835,-47.12209315339642,9.348102458924398,1.0936978945230988,1.0936978945230988
SB83795_component_1225a,19.579084,-41.916082,9.918000221252441,39.672000885009766,19.578923435792458,-41.91607628211746,11.127574227013097,0.8912993990348484,0.8912993990348484
SB83795_component_1227a,19.719486,-44.675621,9.411999702453613,44.39622497558594,19.71918115663531,-44.6754815905979,9.58536068783298,0.981913984144653,0.981913984144653
SB83795_component_1229a,15.643142,-46.76924,9.505000114440918,42.24444580078125,15.643029551024187,-46.769243804298746,8.882967551956218,1.0700253106685855,1.0700253106685855
SB83795_component_1230a,19.615345,-42.867974,9.48799991607666,46.058250427246094,19.61520437151772,-42.86794781555047,9.605979967397115,0.9877180619030145,0.9877180619030145
SB83795_component_1231a,20.138585,-46.962743,9.758000373840332,31.99344253540039,20.13827192501969,-46.96254331340734,9.637721833499361,1.0124799763283165,1.0124799763283165
SB83795_component_1233a,11.896111,-44.870324,10.366000175476074,19.12546157836914,11.895360567927177,-44.87040724114582,10.311678079451276,1.0052680170585473,1.0052680170585473
SB83795_component_1234a,21.342945,-47.106552,9.906000137329102,16.107316970825195,21.342851379609513,-47.10671499179949,10.65573834472364,0.9296399570691615,0.9296399570691615
SB83795_component_1236a,19.528321,-44.624503,9.477999687194824,42.88687515258789,19.528227042887103,-44.62436997895638,9.100097909467296,1.0415272210790587,1.0415272210790587
SB83795_component_1237a,19.03223,-46.81085,9.550999641418457,40.991416931152344,19.031954201245057,-46.81075640330458,9.703495341761581,0.9842844567888008,0.9842844567888008
SB83795_component_1240a,14.692509,-46.97856,9.883999824523926,33.965633392333984,14.692300867036375,-46.97854766751498,9.427312260135283,1.0484430293371962,1.0484430293371962
SB83795_component_1241a,17.688807,-41.13477,10.017999649047852,47.03286361694336,17.688808145730842,-41.134732670415836,10.214334415182982,0.9807785061507981,0.9807785061507981
SB83795_component_1246a,18.572267,-42.741974,9.52400016784668,53.505619049072266,18.57207379782307,-42.74193755880676,9.00056786156532,1.0581554757802056,1.0581554757802056
SB83795_component_1248a,21.286184,-46.386105,9.670999526977539,26.35149574279785,21.286211821606322,-46.38623985094778,9.477216866411494,1.020447211802532,1.020447211802532
SB83795_component_1249a,14.472743,-45.186123,9.199999809265137,42.59259033203125,14.472747769491658,-45.18606449490752,8.816104023062614,1.0435448339990392,1.0435448339990392
SB83795_component_1250a,21.279436,-40.627477,10.444000244140625,10.879167556762695,21.279064050424243,-40.627695250686166,8.633438088916769,1.2097150795056,1.2097150795056
SB83795_component_1252a,21.327433,-43.098489,9.069999694824219,29.54397201538086,21.327539689500554,-43.09864036545362,9.483154885944701,0.9564327277061736,0.9564327277061736
SB83795_component_1253a,17.832888,-47.848176,8.6850004196167,11.279221534729004,17.832784523443536,-47.8482850425575,8.70254084620642,0.9979844476573337,0.9979844476573337
SB83795_component_1255a,18.560113,-46.712327,9.321000099182129,43.966983795166016,18.55997068011102,-46.71219814033903,10.04722744559776,0.9277186317968912,0.9277186317968912
SB83795_component_1257a,15.869606,-46.111186,8.906999588012695,46.878944396972656,15.869380923302339,-46.1110531934975,10.534545224084635,0.8455039490123448,0.8455039490123448
SB83795_component_1259a,17.942186,-44.488183,9.291999816894531,43.8301887512207,17.941968191886975,-44.48809226645816,7.635356583438451,1.2169699889392775,1.2169699889392775
SB83795_component_1263a,20.079895,-40.818355,8.920000076293945,26.948640823364258,20.079762892984164,-40.818343429554666,9.71657311850556,0.918019137766327,0.918019137766327
SB83795_component_1264a,21.771078,-42.52675,9.324000358581543,16.15944480895996,21.770940448244957,-42.526715103047174,8.283845502997723,1.1255642509517365,1.1255642509517365
SB83795_component_1265a,15.082033,-46.826656,9.543999671936035,40.10083770751953,15.081689708174933,-46.82636372015553,8.259659845662123,1.1554954865300455,1.1554954865300455
SB83795_component_1267a,16.734967,-43.396716,9.28499984741211,51.298343658447266,16.73470791676677,-43.39652120139616,9.977664477298616,0.9305784804186921,0.9305784804186921
SB83795_component_1268a,19.504808,-41.44557,9.116999626159668,40.700889587402344,19.504766069182615,-41.44555535134925,8.694223841828883,1.0486272026143109,1.0486272026143109
SB83795_component_1273a,18.824328,-44.657571,8.876999855041504,44.16417694091797,18.824391699880668,-44.65734758964032,8.188682741298601,1.0840571231648115,1.0840571231648115
SB83795_component_1275a,21.899099,-42.258669,9.779999732971191,13.583332061767578,21.899134796502395,-42.25858457822446,9.270689922372535,1.0549376383918916,1.0549376383918916
SB83795_component_1279a,20.715111,-43.675625,9.958999633789062,46.97641372680664,20.715025766070678,-43.67572034129895,10.045973579296477,0.9913424075007864,0.9913424075007864
SB83795_component_1281a,13.190933,-41.847972,9.163000106811523,38.5,13.190940098424115,-41.847889678795205,8.747425971951683,1.0475081625374554,1.0475081625374554
SB83795_component_1282a,13.741238,-46.887802,9.427000045776367,28.480361938476562,13.741140901990683,-46.88771814063347,8.685309376251912,1.08539599885209,1.08539599885209
SB83795_component_1283a,21.607584,-47.157252,9.470999717712402,10.898734092712402,21.607342245952996,-47.157073727101285,8.186976100757215,1.156837347654701,1.156837347654701
SB83795_component_1284a,14.323616,-40.12149,9.842000007629395,14.100286483764648,14.32387305609909,-40.121422919094094,10.216091427208026,0.9633821386345142,0.9633821386345142
SB83795_component_1285a,16.567805,-47.442502,9.494999885559082,23.9168758392334,16.567762974707676,-47.44244630814654,6.472154892164502,1.4670538705824516,1.4670538705824516
SB83795_component_1287a,16.237765,-45.666033,9.020999908447266,40.27231979370117,16.237623519938083,-45.66596390827901,9.05876986597129,0.9958305644052285,0.9958305644052285
SB83795_component_1288a,18.581748,-41.404764,9.25,44.68598937988281,18.581551018689144,-41.40475687219867,9.369698528351869,0.9872249327991001,0.9872249327991001
SB83795_component_1291a,21.146497,-44.920858,8.855999946594238,33.67300033569336,21.14625843460663,-44.920966885629575,9.645472892423998,0.9181509341600195,0.9181509341600195
SB83795_component_1292a,17.569115,-47.153239,9.383999824523926,33.04225158691406,17.569092725960786,-47.15334698627231,9.261863052601496,1.0131870630378326,1.0131870630378326
SB83795_component_1295a,12.071071,-43.012392,9.673999786376953,20.366315841674805,12.07078646245454,-43.01249805642729,8.12506505595431,1.190636594261794,1.190636594261794
SB83795_component_1296a,17.721555,-46.116985,9.36400032043457,52.60674285888672,17.721518620131825,-46.11669073815322,10.329071585009952,0.906567472532968,0.906567472532968
SB83795_component_1297a,15.447596,-42.308606,9.723999977111816,50.64583206176758,15.44737109786431,-42.30853125128852,8.754451297649092,1.110749223052173,1.110749223052173
SB83795_component_1298a,18.253985,-41.980188,8.654999732971191,39.70183563232422,18.25351448875546,-41.98009107971412,9.25845323769426,0.9348213476667779,0.9348213476667779
SB83795_component_1302a,12.961016,-40.969855,9.260000228881836,25.650970458984375,12.961085222779868,-40.96960244065344,9.867217044819487,0.9384611878729825,0.9384611878729825
SB83795_component_1305a,14.130316,-41.366751,9.031999588012695,36.12799835205078,14.130422875254695,-41.3666079187153,7.460890036928512,1.2105793736816655,1.2105793736816655
SB83795_component_1306a,19.532639,-43.11238,8.800999641418457,45.36597442626953,19.532568191562774,-43.112280457510515,9.658212413961252,0.9112451936443574,0.9112451936443574
SB83795_component_1307a,15.956841,-43.331433,9.223999977111816,55.90302658081055,15.956676620884133,-43.33126313331821,6.999456299022692,1.3178166393295045,1.3178166393295045
SB83795_component_1311a,17.938397,-41.705415,8.906999588012695,45.443878173828125,17.938245064358227,-41.70532919459452,9.249886175606768,0.9629307235695167,0.9629307235695167
SB83795_component_1316a,21.101185,-45.56697,9.343000411987305,34.99251174926758,21.101080630441643,-45.566915198223995,9.769800250611148,0.9563143741247786,0.9563143741247786
SB83795_component_1317a,14.841669,-44.803622,8.989999771118164,45.17587661743164,14.841651170388253,-44.803593856883445,8.681902353719773,1.0354873165863685,1.0354873165863685
SB83795_component_1322a,17.527223,-40.930183,8.831000328063965,41.07442092895508,17.52722196026654,-40.92996321921781,9.56794182034111,0.9229780546208556,0.9229780546208556
SB83795_component_1324a,18.860859,-44.8497,8.553999900817871,44.78533935546875,18.86056510036609,-44.849628279975256,8.275028877768811,1.0337123926900758,1.0337123926900758
SB83795_component_1325a,18.635805,-40.455295,9.135000228881836,25.23480796813965,18.635909251809764,-40.45499660569486,9.417822086523872,0.9699695051527114,0.9699695051527114
SB83795_component_1326a,12.441009,-44.826281,8.579000473022461,25.15835952758789,12.440504928731382,-44.826529094825624,9.722401333650902,0.8823952209552455,0.8823952209552455
SB83795_component_1327a,17.406627,-40.072206,9.097999572753906,16.07420539855957,17.40626644298039,-40.07198324807034,7.378666165705824,1.2330141204977005,1.2330141204977005
SB83795_component_1337a,18.985112,-45.070591,8.121000289916992,40.20296859741211,18.984839977838487,-45.070486894872644,8.133833948021156,0.9984221883325654,0.9984221883325654
SB83795_component_1339a,12.576404,-40.701482,8.767000198364258,15.62745189666748,12.576418719256818,-40.70177827335107,9.215784237954512,0.9513026750624248,0.9513026750624248
SB83795_component_1341a,13.791295,-46.683765,9.440999984741211,38.06855010986328,13.791209061425612,-46.68360311595026,8.105552049631136,1.1647571845733626,1.1647571845733626
SB83795_component_1345a,13.962999,-45.261992,8.263999938964844,37.90825653076172,13.962916557309418,-45.26184373518276,8.587248926798255,0.9623570959001029,0.9623570959001029
SB83795_component_1346a,16.21902,-39.869045,8.609000205993652,10.69441032409668,16.218897334769203,-39.86874305292067,10.213165361945014,0.8429316378320284,0.8429316378320284
SB83795_component_1347a,21.439746,-45.823502,8.633999824523926,24.184873580932617,21.439470098492002,-45.823577758963665,8.914396925627862,0.9685455894051759,0.9685455894051759
SB83795_component_1353a,21.554785,-45.428586,8.657999992370605,22.904762268066406,21.554501833625984,-45.428649908101214,8.49930460271799,1.0186715733898826,1.0186715733898826
SB83795_component_1357a,12.454153,-44.857854,7.966000080108643,23.023122787475586,12.453789495455558,-44.85796000151846,7.999716375065047,0.9957853137066838,0.9957853137066838
SB83795_component_1358a,20.784798,-42.516106,8.456999778747559,28.765304565429688,20.784373861494498,-42.5162546875863,7.9169040311434875,1.0682205753005776,1.0682205753005776
SB83795_component_1359a,14.401565,-46.222052,8.109000205993652,37.19725036621094,14.401522861046338,-46.22205453549739,6.638625302219202,1.2214878588316957,1.2214878588316957
SB83795_component_1362a,15.94354,-41.041473,8.904999732971191,31.690391540527344,15.943720184621732,-41.04126059377165,8.221087180637555,1.0831900376807095,1.0831900376807095
SB83795_component_1365a,17.50445,-43.845472,8.133999824523926,44.93922805786133,17.50402878168884,-43.84526110068922,7.122349862602768,1.1420387907694645,1.1420387907694645
SB83795_component_1367a,17.689861,-47.804969,8.708999633789062,12.640057563781738,17.689299725999845,-47.80500898251235,9.382406754476806,0.9282266119653757,0.9282266119653757
SB83795_component_1368a,15.896232,-43.661049,8.430000305175781,53.35443115234375,15.896014398764347,-43.660940071915306,8.63482363391889,0.9762793847996465,0.9762793847996465
SB83795_component_1371a,19.209337,-43.317555,8.463000297546387,42.742427825927734,19.20916998546414,-43.317500088079164,7.848203532404705,1.0783359863952593,1.0783359863952593
SB83795_component_1374a,21.4687,-41.927276,8.678000450134277,17.602434158325195,21.468504738739178,-41.9272641064691,7.558969116018763,1.1480402045490692,1.1480402045490692
SB83795_component_1377a,22.036776,-43.022789,9.241999626159668,13.472302436828613,22.036956537431998,-43.02293680468261,8.891699213675198,1.039396340796787,1.039396340796787
SB83795_component_1382a,19.36443,-43.653023,7.951000213623047,41.19689178466797,19.364291888807717,-43.65293004024616,7.5969729667310535,1.0466010934147538,1.0466010934147538
SB83795_component_1387a,14.087723,-42.39183,8.449999809265137,34.917354583740234,14.088022784434408,-42.39134067357382,8.432709541428254,1.0020503810491679,1.0020503810491679
SB83795_component_1396a,17.617884,-45.570528,8.251999855041504,42.979164123535156,17.61788101338408,-45.57032284263762,8.014203463433159,1.0296718685385706,1.0296718685385706
SB83795_component_1397a,14.047892,-42.966065,8.013999938964844,32.844261169433594,14.047993636213917,-42.965938904143584,5.7613776011790545,1.3909867558975468,1.3909867558975468
SB83795_component_1399a,14.149744,-42.792614,8.331000328063965,35.15190124511719,14.149507697925614,-42.79265728731181,8.790373774632823,0.9477413067582503,0.9477413067582503
SB83795_component_1400a,20.873943,-43.671494,8.324999809265137,33.979591369628906,20.873726256608634,-43.671446571428646,8.40273049737349,0.9907493536615687,0.9907493536615687
SB83795_component_1401a,21.214793,-43.829888,8.184000015258789,31.0,21.21458049050504,-43.829902538770504,8.414395401836996,0.9726189018253281,0.9726189018253281
SB83795_component_1405a,15.135486,-42.277991,8.505999565124512,39.56278991699219,15.135443103362784,-42.2779305780642,8.00390895205089,1.0627306752340013,1.0627306752340013
SB83795_component_1420a,15.096921,-43.042125,8.166999816894531,44.385868072509766,15.096984994523652,-43.0419259913914,7.9630613306905635,1.0256105632915278,1.0256105632915278
SB83795_component_1426a,20.852891,-40.54167,7.702000141143799,12.09105110168457,20.853024431169246,-40.54191964911091,9.103111286556157,0.8460843659594083,0.8460843659594083
SB83795_component_1430a,11.639834,-43.982264,8.156000137329102,14.308772087097168,11.639242637538379,-43.98247322616212,7.940494646836856,1.027140058658448,1.027140058658448
SB83795_component_1437a,16.763945,-43.078038,8.222000122070312,43.73404312133789,16.763629204787712,-43.07791319017384,8.723673461845516,0.9424928796373043,0.9424928796373043
SB83795_component_1438a,20.720425,-41.650704,7.460000038146973,23.167701721191406,20.720532813231056,-41.65064947279251,6.824514490384307,1.09311805970345,1.09311805970345
SB83795_component_1443a,19.971175,-47.034721,8.085000038146973,25.830671310424805,19.97091389608268,-47.03469714504819,8.357435781107407,0.9674019938536297,0.9674019938536297
SB83795_component_1447a,16.751118,-47.373687,8.562999725341797,23.985994338989258,16.750650928566326,-47.37364146661185,7.266580985909712,1.1784083521460655,1.1784083521460655
SB83795_component_1448a,13.710891,-44.508032,8.430999755859375,38.49771499633789,13.710725389133223,-44.50809491690171,8.009729311092977,1.0525948416487638,1.0525948416487638
SB83795_component_1449a,18.680647,-41.398876,8.196999549865723,35.18025588989258,18.6803215622332,-41.39877419465114,8.960352834029063,0.9148076757352316,0.9148076757352316
SB83795_component_1454a,18.207174,-40.602585,7.767000198364258,26.87543296813965,18.20703640949477,-40.602345186016706,6.766571341501381,1.1478487119062724,1.1478487119062724
SB83795_component_1461a,18.602727,-40.836438,7.927000045776367,30.255725860595703,18.60269757581185,-40.83658200247092,7.655901478109619,1.0354104044366161,1.0354104044366161
SB83795_component_1470a,18.736207,-40.172476,8.123000144958496,14.005172729492188,18.736187021600884,-40.172458384155334,6.9817983420798155,1.1634538477000365,1.1634538477000365
SB83795_component_1471a,18.393032,-43.078433,7.581999778747559,40.11640167236328,18.39286602166054,-43.07825365028034,7.772576465901401,0.9754808861656222,0.9754808861656222
SB83795_component_1472a,20.924914,-41.973445,7.367000102996826,23.094043731689453,20.925100726086356,-41.97364708128261,7.756550892120497,0.9497778336606549,0.9497778336606549
SB83795_component_1475a,21.05659,-42.163834,7.357999801635742,20.438886642456055,21.056471737596105,-42.16393157008216,7.897738564907355,0.9316590744507705,0.9316590744507705
SB83795_component_1480a,17.355863,-43.837879,7.0980000495910645,39.87640380859375,17.35567579326056,-43.83771301275399,7.526367361204413,0.9430844534879576,0.9430844534879576
SB83795_component_1487a,14.095256,-42.828797,7.73199987411499,31.68852424621582,14.095209683778277,-42.828631781988776,6.897759613246684,1.1209436552799266,1.1209436552799266
SB83795_component_1488a,21.572294,-43.255704,7.625,20.387699127197266,21.572235155673827,-43.25589099332702,7.585249603605272,1.0052404862690127,1.0052404862690127
SB83795_component_1493a,14.402131,-44.824848,7.269999980926514,32.026432037353516,14.402103927640592,-44.82480721177512,7.103811935763272,1.023394206753502,1.023394206753502
SB83795_component_1494a,14.196636,-46.707413,7.78000020980835,28.08664321899414,14.196681067150454,-46.70733432425417,7.446786780813273,1.044745933891058,1.044745933891058
SB83795_component_1496a,17.049126,-40.227675,7.439000129699707,15.433610916137695,17.049070182759962,-40.22735709317234,8.506964504996711,0.8744599939649781,0.8744599939649781
SB83795_component_1500a,19.858739,-45.877067,7.638999938964844,35.04128646850586,19.85856512698202,-45.87699683936129,7.398970834632716,1.0324408772107347,1.0324408772107347
SB83795_component_1505a,18.469755,-42.363982,6.885000228881836,37.216217041015625,18.46949217586904,-42.36390329453324,5.960687396858764,1.155068160848391,1.155068160848391
SB83795_component_1506a,21.586304,-45.734216,7.645999908447266,19.45547103881836,21.585703089331485,-45.733926134542536,8.353232712252643,0.9153342390703424,0.9153342390703424
SB83795_component_1510a,13.053531,-46.840957,7.576000213623047,22.682636260986328,13.053663390210149,-46.84088527633845,7.6019101085258125,0.9965916599206156,0.9965916599206156
SB83795_component_1511a,14.109968,-47.097197,7.677000045776367,21.809659957885742,14.10964878920701,-47.09721590667891,5.272132039342799,1.4561471504293637,1.4561471504293637
SB83795_component_1515a,13.541925,-44.156318,8.274999618530273,35.822509765625,13.541758525381464,-44.15626036268598,8.432340162081902,0.9813408211092872,0.9813408211092872
SB83795_component_1516a,17.228541,-45.30472,7.535999774932861,40.299461364746094,17.22854229768945,-45.30452848050886,8.088305849852297,0.9317154809459237,0.9317154809459237
SB83795_component_1527a,19.957916,-43.579973,7.61299991607666,38.84183883666992,19.957559462478816,-43.57985436343449,7.8580559859406565,0.9688146699002347,0.9688146699002347
SB83795_component_1528a,19.572359,-46.522886,7.2820000648498535,33.25114059448242,19.57211249724577,-46.52291399462689,5.509030846986051,1.3218296043547806,1.3218296043547806
SB83795_component_1529a,13.848802,-43.818589,7.497000217437744,29.988000869750977,13.848750555844568,-43.81826215651916,5.5841513984918025,1.342549598397811,1.342549598397811
SB83795_component_1538a,13.902404,-46.502869,6.581999778747559,28.493505477905273,13.902486943246412,-46.50279306411494,6.6225791492044115,0.9938725729745748,0.9938725729745748
SB83795_component_1539a,17.631517,-47.42655,7.241000175476074,17.158767700195312,17.631161175016477,-47.42645966457497,8.049369876944919,0.8995735425472018,0.8995735425472018
SB83795_component_1555a,14.722249,-46.144517,6.90500020980835,34.353233337402344,14.722141193362134,-46.144429321014876,7.7356372090297665,0.8926220327070382,0.8926220327070382
SB83795_component_1559a,19.766829,-40.35214,7.7779998779296875,15.494024276733398,19.766521145272147,-40.35195298959988,6.756870847160767,1.151124544758466,1.151124544758466
SB83795_component_1561a,19.67122,-41.193496,7.625,27.930402755737305,19.670878668333295,-41.193361084493034,7.08049931902551,1.0769014523469271,1.0769014523469271
SB83795_component_1570a,13.765861,-45.944313,7.135000228881836,35.321781158447266,13.766162768511043,-45.94408112048069,8.028031627156096,0.8887608520059339,0.8887608520059339
SB83795_component_1575a,12.957625,-42.350932,6.718999862670898,21.062694549560547,12.95748205698385,-42.350766982874504,7.256600091451986,0.9259156875112408,0.9259156875112408
SB83795_component_1577a,17.614967,-45.784,7.322999954223633,38.54210662841797,17.61497947433028,-45.7838190790824,8.287149324373619,0.8836572948777098,0.8836572948777098
SB83795_component_1579a,21.045509,-41.59212,6.7230000495910645,18.831933975219727,21.045473019667185,-41.59220679684506,6.3541043181718475,1.058056291327202,1.058056291327202
SB83795_component_1583a,14.801532,-46.955922,6.441999912261963,22.36805534362793,14.80165611288087,-46.955681167724904,6.376993752636993,1.0101938565641668,1.0101938565641668
SB83795_component_1593a,14.213047,-40.122733,7.568999767303467,11.1472749710083,14.21291252875513,-40.12260012272041,6.683133344150882,1.1325525584384606,1.1325525584384606
SB83795_component_1594a,14.13685,-46.330861,7.118000030517578,33.734596252441406,14.136731646647137,-46.330681317453035,8.112839075353097,0.8773747345910198,0.8773747345910198
SB83795_component_1600a,21.178745,-46.363967,7.34499979019165,21.351743698120117,21.178557649972007,-46.363957760172404,8.829014124652895,0.8319161897909425,0.8319161897909425
SB83795_component_1603a,16.453729,-41.59248,6.497000217437744,24.42481231689453,16.453734054686976,-41.59232767057749,6.601953128305835,0.9841027482582229,0.9841027482582229
SB83795_component_1604a,13.788909,-41.898934,6.98799991607666,30.251081466674805,13.789168803201143,-41.89885035001625,6.465839412539301,1.0807568005052406,1.0807568005052406
SB83795_component_1610a,13.989133,-41.618553,7.498000144958496,32.74235916137695,13.989296626451484,-41.61832187068228,7.5246218215728735,0.9964620578620903,0.9964620578620903
SB83795_component_1614a,15.558007,-41.960227,6.946000099182129,33.23444747924805,15.557906385756922,-41.960103772340325,7.679411063265545,0.9044964570796729,0.9044964570796729
SB83795_component_1615a,17.509541,-40.172175,6.578999996185303,14.364628791809082,17.509525130021775,-40.171901875093134,6.773098423550087,0.9713427422389282,0.9713427422389282
SB83795_component_1619a,13.503792,-41.492899,6.828999996185303,28.69327735900879,13.503831768799296,-41.492666260121446,6.764726644470645,1.00950124891849,1.00950124891849
SB83795_component_1620a,16.900857,-47.795055,6.951000213623047,10.237112998962402,16.901247409866404,-47.7951844424575,5.750474392998247,1.2087698750709255,1.2087698750709255
SB83795_component_1622a,18.237162,-40.183812,6.460000038146973,14.419642448425293,18.236691661702512,-40.18368162732264,6.350324745615974,1.017270816363638,1.017270816363638
SB83795_component_1623a,19.154481,-47.093252,7.328000068664551,23.487178802490234,19.15366969074639,-47.093358305708556,7.615113890143726,0.9622968447194483,0.9622968447194483
SB83795_component_1624a,19.179912,-44.614161,7.560999870300293,34.36818313598633,19.17984120004501,-44.61410502037523,6.768984144221152,1.1170065860998217,1.1170065860998217
SB83795_component_1637a,18.898314,-44.192445,6.124000072479248,25.623432159423828,18.89863334789296,-44.192347683501254,6.969678080602055,0.8786632612951679,0.8786632612951679
SB83795_component_1640a,17.269094,-45.773515,7.2779998779296875,37.132652282714844,17.26906910671631,-45.77348949333424,7.070215862013895,1.0293886381930928,1.0293886381930928
SB83795_component_1642a,17.589733,-44.056307,6.373000144958496,34.2634391784668,17.589512927728652,-44.05615319224477,6.73866340058217,0.9457365305422314,0.9457365305422314
SB83795_component_1646a,20.749564,-41.451677,6.671000003814697,21.8006534576416,20.749646523532963,-41.45153601469186,6.992186976504894,0.954064876444316,0.954064876444316
SB83795_component_1649a,14.525764,-46.071887,6.869999885559082,30.945945739746094,14.525728256859393,-46.071791736896465,6.73324213029958,1.0203108328221397,1.0203108328221397
SB83795_component_1652a,12.380516,-47.134998,7.011000156402588,11.923469543457031,12.380552287164672,-47.13530579985522,6.589266695101634,1.064003094853402,1.064003094853402
SB83795_component_1653a,20.569527,-42.780499,6.558000087738037,25.920949935913086,20.569481114711476,-42.780410850335855,7.19268725676324,0.9117593819433188,0.9117593819433188
SB83795_component_1658a,14.614644,-44.457995,6.328999996185303,32.62371063232422,14.614837347844297,-44.45791403204149,7.080812257005681,0.8938240086684204,0.8938240086684204
SB83795_component_1659a,16.277057,-40.689043,6.96999979019165,27.120622634887695,16.277077579333717,-40.68890496211146,7.770799262287851,0.8969476053792139,0.8969476053792139
SB83795_component_1660a,13.914184,-46.10655,7.020999908447266,35.4595947265625,13.91414338551108,-46.106532624000074,6.852508867518575,1.0245882266168749,1.0245882266168749
SB83795_component_1662a,19.89608,-41.081309,6.800000190734863,22.742475509643555,19.895792181533484,-41.08144181514219,6.215958936598145,1.093958351413491,1.093958351413491
SB83795_component_1665a,17.666511,-43.104618,7.0229997634887695,39.67796325683594,17.666376568142887,-43.10446687727146,6.190975784616214,1.1343930274998053,1.1343930274998053
SB83795_component_1670a,20.310923,-41.30504,6.006999969482422,21.30141830444336,20.31090268937058,-41.305082202939715,5.885232867034106,1.020690277717028,1.020690277717028
SB83795_component_1671a,21.736317,-42.808515,7.165999889373779,14.389557838439941,21.736460387553855,-42.80883686241644,6.371607429121714,1.1246769310709976,1.1246769310709976
SB83795_component_1673a,16.441353,-47.13177,7.284999847412109,26.490907669067383,16.44086913152388,-47.13173383889113,7.637472812254303,0.9538495293526085,0.9538495293526085
SB83795_component_1679a,14.647722,-42.581204,6.24399995803833,28.907405853271484,14.647659786260867,-42.58122849500897,6.103357896192486,1.0230433909067633,1.0230433909067633
SB83795_component_1682a,18.207585,-45.109498,6.50600004196167,33.88541793823242,18.207159692883476,-45.10926842608714,6.682300062615304,0.9736168655999213,0.9736168655999213
SB83795_component_1684a,21.243932,-46.319773,6.576000213623047,19.80722999572754,21.24369675410347,-46.31987665395268,6.362432960879313,1.0335669159984702,1.0335669159984702
SB83795_component_1685a,20.374285,-45.35212,6.39900016784668,27.581897735595703,20.374131943880112,-45.35209308938339,6.500915678405431,0.9843228991729132,0.9843228991729132
SB83795_component_1687a,16.195555,-40.051851,6.27400016784668,10.911304473876953,16.19568341142171,-40.05163095573807,8.162044447060158,0.7686799806764686,0.7686799806764686
SB83795_component_1691a,16.910306,-47.325443,6.803999900817871,19.836734771728516,16.910694352701874,-47.32538591403328,7.266795635871594,0.9363136438337152,0.9363136438337152
SB83795_component_1695a,13.452944,-42.670923,6.927999973297119,28.393442153930664,13.453171827977187,-42.671048839551794,5.798972633385253,1.1946943728294122,1.1946943728294122
SB83795_component_1696a,17.797071,-41.660385,6.5879998207092285,35.41935348510742,17.796958577419467,-41.660264790097315,7.128214704116606,0.9242145606114531,0.9242145606114531
SB83795_component_1697a,19.625299,-43.463767,6.9720001220703125,34.51485061645508,19.625168095723378,-43.463691504925094,6.174832929516489,1.1290993945347514,1.1290993945347514
SB83795_component_1700a,14.56283,-45.465085,6.206999778747559,27.83407974243164,14.562853775730709,-45.46511054743679,6.357637638527896,0.976306001010901,0.976306001010901
SB83795_component_1701a,18.133224,-45.756423,6.610000133514404,36.31868362426758,18.13312628793505,-45.7564010962399,6.200628737766859,1.066020949336015,1.066020949336015
SB83795_component_1707a,19.964576,-47.28664,6.482999801635742,14.093477249145508,19.963899697967527,-47.2867123562136,6.233873184228495,1.0399633759052926,1.0399633759052926
SB83795_component_1709a,18.446751,-43.45927,6.322000026702881,35.71751403808594,18.44643643230736,-43.459186091053866,6.4235212051653185,0.9841954007436292,0.9841954007436292
SB83795_component_1711a,21.76312,-43.725344,7.053999900817871,15.368191719055176,21.763189054341478,-43.725144018420494,7.472885235790135,0.943945969761976,0.943945969761976
SB83795_component_1713a,21.068024,-41.758892,5.835000038146973,16.815561294555664,21.06797636580714,-41.758843090580356,5.96219130795481,0.9786670263937794,0.9786670263937794
SB83795_component_1714a,16.608995,-40.900103,6.414999961853027,24.116540908813477,16.60907203366475,-40.89991846941961,6.389483721180684,1.0039934745569128,1.0039934745569128
SB83795_component_1716a,15.226311,-41.59856,6.3470001220703125,26.668067932128906,15.226434222311978,-41.59830263575503,6.421339351368051,0.988423095988238,0.988423095988238
SB83795_component_1718a,13.631255,-46.286736,6.760000228881836,29.91150665283203,13.630956590181176,-46.28669752414846,6.735169271099326,1.0036867607602766,1.0036867607602766
SB83795_component_1721a,17.319182,-40.106271,6.9019999504089355,13.42801570892334,17.319143897050257,-40.10585405481261,7.341905369346191,0.9400829353135031,0.9400829353135031
SB83795_component_1722a,13.747434,-40.928868,6.5370001792907715,21.574256896972656,13.747250089149675,-40.92865216550724,3.959910723934869,1.650794837312673,1.650794837312673
SB83795_component_1725a,14.95317,-46.506806,6.116000175476074,28.71361541748047,14.953092500654659,-46.50671707989485,6.221807149611558,0.9829941733018694,0.9829941733018694
SB83795_component_1730a,15.020572,-46.060576,6.609000205993652,30.040910720825195,15.020413471697221,-46.060401844627194,7.0869748571887765,0.9325558985565917,0.9325558985565917
SB83795_component_1731a,17.702205,-44.515793,6.156000137329102,25.75732421875,17.702014337721632,-44.515741496094456,5.738970260696395,1.0726663247392576,1.0726663247392576
SB83795_component_1733a,12.523136,-43.378552,5.751999855041504,17.975000381469727,12.522954193797718,-43.37852097173309,6.456996652797793,0.8908166078341055,0.8908166078341055
SB83795_component_1735a,21.315946,-42.895574,6.614999771118164,20.167680740356445,21.31606380373289,-42.89550533217552,6.1772706024401645,1.0708612584504695,1.0708612584504695
SB83795_component_1736a,16.081946,-42.834267,6.568999767303467,37.53714370727539,16.081826837241728,-42.83391787718096,8.427365459588806,0.7794843832041415,0.7794843832041415
SB83795_component_1737a,18.46632,-47.470468,6.171000003814697,13.5328950881958,18.46608931861462,-47.470789592541514,6.547073876532187,0.9425584803517313,0.9425584803517313
SB83795_component_1738a,13.304533,-44.041064,6.493000030517578,22.467126846313477,13.304340740696372,-44.041070124732244,6.662019377236129,0.9746294123226233,0.9746294123226233
SB83795_component_1739a,17.888988,-46.226718,6.400000095367432,34.2245979309082,17.888903015145807,-46.22653880224112,6.6278406950429725,0.9656237060969276,0.9656237060969276
SB83795_component_1743a,15.20546,-45.154002,6.4670000076293945,31.546340942382812,15.205339369593633,-45.15384182789623,6.5266951224136545,0.9908536995118313,0.9908536995118313
SB83795_component_1745a,13.563294,-46.329339,5.979000091552734,27.17727279663086,13.562851196708682,-46.329332583683744,5.541523851988407,1.0789451153237124,1.0789451153237124
SB83795_component_1749a,15.606457,-43.669156,6.206999778747559,37.61817932128906,15.606273611793771,-43.669045025968344,6.398753154922348,0.9700326967563548,0.9700326967563548
SB83795_component_1751a,15.78982,-46.345049,6.11299991607666,30.718591690063477,15.789704428797537,-46.34477157957682,4.193853536970789,1.4576092994635348,1.4576092994635348
SB83795_component_1754a,14.533638,-45.417047,5.752999782562256,27.52631378173828,14.533900439124857,-45.41690819693748,5.8847623482816305,0.977609534944457,0.977609534944457
SB83795_component_1755a,17.63033,-40.532544,6.446000099182129,21.486665725708008,17.630018537287164,-40.532383061517514,7.024185009888495,0.9176865487038839,0.9176865487038839
SB83795_component_1761a,17.047741,-45.156958,6.22599983215332,33.29411697387695,17.047655385798542,-45.15683650352634,9.241665563431845,0.6736880694740621,0.6736880694740621
SB83795_component_1763a,19.807567,-45.700943,6.216000080108643,29.600000381469727,19.807382165262748,-45.70084081308991,6.542105121279562,0.9501528888445717,0.9501528888445717
SB83795_component_1768a,18.651362,-44.463824,6.142000198364258,28.835681915283203,18.651234759330762,-44.46389943968336,5.059779104413945,1.2138870238438328,1.2138870238438328
SB83795_component_1769a,18.70023,-40.842648,6.309999942779541,23.28413200378418,18.70010026165694,-40.842660726460224,5.699616196507472,1.10709207869928,1.10709207869928
SB83795_component_1771a,14.18905,-44.589254,6.3429999351501465,30.06161117553711,14.188951710202087,-44.58936286598167,6.718178286838442,0.9441547491492885,0.9441547491492885
SB83795_component_1772a,16.964452,-43.85296,5.74399995803833,31.387977600097656,16.96434232653178,-43.85269625419142,5.225897373074893,1.0991413623300046,1.0991413623300046
SB83795_component_1773a,13.818075,-43.874776,6.033999919891357,23.29729652404785,13.818065029402746,-43.874814888075726,5.211950587746365,1.157723930475796,1.157723930475796
SB83795_component_1778a,17.770519,-42.920924,6.401000022888184,36.787357330322266,17.770084143053055,-42.92078316449482,6.0934759798196065,1.0504677533951123,1.0504677533951123
SB83795_component_1783a,13.450428,-44.278036,6.676000118255615,28.0504207611084,13.4503368129179,-44.2779391140852,6.402770191582866,1.0426737050522192,1.0426737050522192
SB83795_component_1792a,14.809386,-44.890028,6.061999797821045,29.86206817626953,14.80950103415353,-44.88980275449346,4.8693397809022985,1.2449325926271146,1.2449325926271146
SB83795_component_1795a,13.403603,-43.841403,6.182000160217285,21.171234130859375,13.403420821626401,-43.84128702602733,5.070184210657837,1.2192851193103287,1.2192851193103287
SB83795_component_1797a,20.040539,-41.422846,5.866000175476074,22.9140625,20.040258676399414,-41.42281063728687,5.782836897888722,1.014381051905115,1.014381051905115
SB83795_component_1798a,14.894949,-43.32026,5.986999988555908,28.509525299072266,14.894904392904483,-43.32007831831225,6.014960531895867,0.9953515001151394,0.9953515001151394
SB83795_component_1801a,15.625801,-47.147224,5.434000015258789,19.407142639160156,15.6257469143613,-47.147235351026865,5.4424206197272875,0.9984527832270119,0.9984527832270119
SB83795_component_1802a,17.763757,-42.62274,5.660999774932861,32.72254180908203,17.763446078191624,-42.62258706186584,5.802837717543483,0.9755571412617988,0.9755571412617988
SB83795_component_1803a,16.083104,-47.319506,6.449999809265137,17.338708877563477,16.083159498124896,-47.31950704052536,7.503605213152978,0.8595867754288312,0.8595867754288312
SB83795_component_1805a,20.917277,-44.670708,5.877999782562256,22.694978713989258,20.91738699114961,-44.67055525783829,6.18194823206785,0.9508329028171232,0.9508329028171232
SB83795_component_1810a,15.941291,-41.966359,6.059000015258789,31.231958389282227,15.941126517089732,-41.96634724759512,6.865923662824848,0.8824741306206038,0.8824741306206038
SB83795_component_1812a,17.791432,-44.769754,6.126999855041504,30.182266235351562,17.791261968203276,-44.76968657247894,5.674223211295572,1.079795352929472,1.079795352929472
SB83795_component_1815a,20.147798,-43.88494,6.105999946594238,30.22772216796875,20.147606514907764,-43.884908990473065,5.051066262088383,1.2088536617355103,1.2088536617355103
SB83795_component_1816a,21.356729,-41.175946,6.304999828338623,10.336065292358398,21.356487233810988,-41.17606017325748,6.346697585253289,0.9934300072825981,0.9934300072825981
SB83795_component_1822a,20.177182,-45.849043,5.9629998207092285,28.66826820373535,20.176921282369094,-45.84903474904335,5.662082362881627,1.0531460756912152,1.0531460756912152
SB83795_component_1825a,18.192807,-42.970485,5.735000133514404,31.68508529663086,18.19259199439766,-42.97039156340808,4.505022379100665,1.273023672450497,1.273023672450497
SB83795_component_1826a,12.247203,-45.60386,5.730000019073486,17.469511032104492,12.246611670484093,-45.60419330997292,5.842791765539175,0.980695573110968,0.980695573110968
SB83795_component_1827a,15.02333,-42.019815,6.188000202178955,26.672414779663086,15.023377386040448,-42.01967572954404,6.780530066113661,0.9126130467445415,0.9126130467445415
SB83795_component_1833a,16.674702,-42.659648,6.177999973297119,33.75956344604492,16.674448304299833,-42.65940407461467,6.526564269308923,0.9465929880364585,0.9465929880364585
SB83795_component_1837a,18.217796,-47.496497,6.151000022888184,14.172811508178711,18.217368147177755,-47.49664163925953,6.249724994275379,0.9842033095091983,0.9842033095091983
SB83795_component_1839a,21.987337,-45.818163,5.922999858856201,10.948243141174316,21.987019793305098,-45.81852666643152,5.528582371772295,1.0713415231177008,1.0713415231177008
SB83795_component_1840a,20.139348,-41.911623,6.0279998779296875,22.920150756835938,20.139304657818364,-41.91148258785502,5.959525685501949,1.011489872859231,1.011489872859231
SB83795_component_1841a,17.076795,-44.938575,5.676000118255615,30.84782600402832,17.07673609761765,-44.938344560292535,5.858522570985356,0.9688449689289084,0.9688449689289084
SB83795_component_1845a,15.978519,-46.459605,6.079999923706055,32.1693115234375,15.978603293709845,-46.45947136898271,5.031526746984784,1.2083807220839249,1.2083807220839249
SB83795_component_1847a,14.456685,-43.455163,5.460999965667725,25.75943374633789,14.456720036343064,-43.45506833623257,5.993714417674084,0.9111211487762068,0.9111211487762068
SB83795_component_1849a,20.89255,-41.201557,6.135000228881836,15.9765625,20.892507619206736,-41.20168329024314,5.015233003592997,1.2232732207031296,1.2232732207031296
SB83795_component_1853a,17.607121,-45.741979,5.936999797821045,32.26630401611328,17.60697568181752,-45.74171383153832,5.220264232624675,1.1372987138691264,1.1372987138691264
SB83795_component_1872a,15.086391,-43.99293,5.916999816894531,35.220237731933594,15.086609257949279,-43.99282602649677,5.8282364070073545,1.015229891804055,1.015229891804055
SB83795_component_1874a,12.095613,-44.26385,5.965000152587891,13.34451961517334,12.094995525883789,-44.26419547148801,4.703918360293321,1.2680917685433495,1.2680917685433495
SB83795_component_1877a,14.749084,-41.813704,5.677999973297119,26.287036895751953,14.749169799868563,-41.81353725080643,5.866662620713622,0.967841572012274,0.967841572012274
SB83795_component_1878a,19.189057,-43.26861,5.335000038146973,27.358976364135742,19.188745030251827,-43.26876870789587,5.592410675096057,0.9539714352353669,0.9539714352353669
SB83795_component_1879a,12.145717,-45.186731,5.451000213623047,16.223215103149414,12.145132490319028,-45.186970760519024,5.9609284580307715,0.9144548960790275,0.9144548960790275
SB83795_component_1881a,14.342408,-46.563929,5.5,22.727272033691406,14.342385043116264,-46.563847053413966,5.602160530103186,0.9817640837754957,0.9817640837754957
SB83795_component_1882a,20.188524,-41.899387,5.4720001220703125,19.754512786865234,20.188670150603684,-41.89944271843853,5.411490270761782,1.0111817352117336,1.0111817352117336
SB83795_component_1883a,17.306076,-45.890018,5.747000217437744,31.23369598388672,17.30606480667796,-45.88983134619194,5.621932233420442,1.0222464410498966,1.0222464410498966
SB83795_component_1884a,14.025895,-44.898906,5.90500020980835,23.248031616210938,14.025792020992235,-44.899025170636605,5.916401197221993,0.9980729860884018,0.9980729860884018
SB83795_component_1885a,15.842896,-44.615241,5.52400016784668,30.185792922973633,15.842906167575793,-44.615280521848284,6.387909515321161,0.8647586748994444,0.8647586748994444
SB83795_component_1887a,18.961964,-40.402625,5.835999965667725,14.339066505432129,18.961395842786835,-40.402584948898436,5.541593140000891,1.0531267486134477,1.0531267486134477
SB83795_component_1888a,19.924301,-41.430647,6.041999816894531,25.93132972717285,19.924108735643326,-41.43036278725543,6.668941218310628,0.9059908640827827,0.9059908640827827
SB83795_component_1893a,13.9994,-43.652361,5.9679999351501465,24.359182357788086,13.999453210301416,-43.65218536215664,5.569700281679493,1.0715118647911428,1.0715118647911428
SB83795_component_1894a,19.557373,-42.033824,5.791999816894531,22.9841251373291,19.557243659057253,-42.03368946725708,5.074322284831457,1.1414331790096206,1.1414331790096206
SB83795_component_1900a,18.702324,-42.066737,5.690999984741211,27.897058486938477,18.702122802650745,-42.066856212482236,6.158224166912939,0.9241300463399754,0.9241300463399754
SB83795_component_1902a,15.604909,-46.820233,5.8480000495910645,26.949310302734375,15.604550655944028,-46.82018386166835,6.061051132628853,0.9648491526674546,0.9648491526674546
SB83795_component_1912a,18.079234,-46.606737,5.531000137329102,27.246307373046875,18.07917686658576,-46.606690728135035,5.4569199890646525,1.0135754506961623,1.0135754506961623
SB83795_component_1918a,18.895924,-46.377726,5.260000228881836,26.30000114440918,18.895706060850106,-46.37767071237165,5.700130404885717,0.9227859461554363,0.9227859461554363
SB83795_component_1920a,20.233383,-44.806644,5.659999847412109,26.572769165039062,20.23327694276886,-44.80659412887982,5.182945880801257,1.0920430152238252,1.0920430152238252
SB83795_component_1921a,16.589968,-47.289077,5.026000022888184,14.610465049743652,16.590028875149255,-47.28890008542054,5.553050753828758,0.9050880760315075,0.9050880760315075
SB83795_component_1922a,14.225409,-45.168882,5.235000133514404,22.960527420043945,14.225197104867522,-45.1688096503173,4.725225254257033,1.1078837202095513,1.1078837202095513
SB83795_component_1923a,19.747965,-46.584938,5.460000038146973,23.636363983154297,19.74740824121247,-46.58477181403384,5.077448178086719,1.0753433312645657,1.0753433312645657
SB83795_component_1925a,18.600546,-47.358356,5.3460001945495605,13.432161331176758,18.60019612745584,-47.3582806370183,5.71059981820958,0.9361538830829279,0.9361538830829279
SB83795_component_1928a,14.661877,-45.345716,5.232999801635742,27.687829971313477,14.661760384631595,-45.34564279581586,8.03649263884873,0.6511546811278356,0.6511546811278356
SB83795_component_1930a,15.956021,-41.838207,5.807000160217285,28.465686798095703,15.956102122377798,-41.83805366855531,5.346506612479332,1.0861298004687978,1.0861298004687978
SB83795_component_1932a,16.150791,-45.48185,5.2820000648498535,26.9489803314209,16.150867115651486,-45.481671626080754,4.287957151779165,1.231822025707099,1.231822025707099
SB83795_component_1933a,15.781235,-43.108681,5.354000091552734,31.3099422454834,15.781101011721798,-43.10864800139468,4.633794036357719,1.155424701560779,1.155424701560779
SB83795_component_1938a,16.643528,-46.878384,5.539999961853027,25.412843704223633,16.64337857678088,-46.87827966631258,5.812967019962002,0.9530416984697155,0.9530416984697155
SB83795_component_1939a,16.696848,-45.504322,5.616000175476074,27.66502571105957,16.696763943776197,-45.50421430635117,5.434607527764795,1.0333773224256884,1.0333773224256884
SB83795_component_1940a,17.57133,-42.483858,5.276000022888184,29.97727394104004,17.571195803448653,-42.483649964985254,5.082885833066505,1.0379930213197752,1.0379930213197752
SB83795_component_1941a,15.512432,-47.04486,5.2779998779296875,19.620817184448242,15.512066786244768,-47.04500036956408,5.781207662519451,0.9129580160470372,0.9129580160470372
SB83795_component_1946a,18.021409,-46.614802,5.695000171661377,26.863208770751953,18.021020502110062,-46.61465358100044,4.639615577299362,1.2274724223976192,1.2274724223976192
SB83795_component_1950a,19.725338,-45.751834,5.447000026702881,25.453271865844727,19.725175373418768,-45.751681742145664,5.696339088902701,0.9562281917722263,0.9562281917722263
SB83795_component_1951a,21.14863,-41.769618,4.3420000076293945,11.578666687011719,21.148755409255934,-41.76970875732325,5.42792554375158,0.799937282232572,0.799937282232572
SB83795_component_1953a,19.445753,-43.014577,5.073999881744385,27.13368797302246,19.445618743638654,-43.014571917617566,5.600580644007566,0.9059774698849118,0.9059774698849118
SB83795_component_1956a,14.698358,-45.159779,4.831999778747559,23.92078971862793,14.698425325826657,-45.1597312155255,5.484243495505307,0.8810695190152836,0.8810695190152836
SB83795_component_1963a,13.10433,-46.83152,4.686999797821045,14.466048240661621,13.10407296241541,-46.83125953518648,4.709307534793206,0.995263053685208,0.995263053685208
SB83795_component_1969a,20.363904,-40.670955,5.2179999351501465,12.277647018432617,20.36390258190534,-40.67093174396788,4.530579764523271,1.1517289632575776,1.1517289632575776
SB83795_component_1976a,17.308479,-43.552006,5.14300012588501,26.92670249938965,17.30828267053816,-43.55189231795949,5.397382125533229,0.9528693737571735,0.9528693737571735
SB83795_component_1978a,13.395083,-46.45049,5.270999908447266,22.147058486938477,13.394881836242924,-46.45051932332866,5.176916172219298,1.018173702856702,1.018173702856702
SB83795_component_1981a,18.666296,-42.392243,5.40500020980835,28.00518226623535,18.665951940748883,-42.392119167933174,5.588383906140091,0.9671848428075506,0.9671848428075506
SB83795_component_1984a,19.670035,-42.513166,5.4120001792907715,24.940093994140625,19.670027997588818,-42.51308728227991,5.5576854601184875,0.9737866991802357,0.9737866991802357
SB83795_component_1989a,16.187585,-45.442764,5.163000106811523,26.20812225341797,16.18756474838123,-45.44260589556841,5.1712227393454215,0.9984099248962269,0.9984099248962269
SB83795_component_1994a,17.420155,-41.084666,5.322000026702881,25.71014404296875,17.420220860359404,-41.084520565556694,4.937969968747509,1.0777708370820205,1.0777708370820205
SB83795_component_1998a,13.771953,-45.325448,5.355000019073486,24.9069766998291,13.772128382451601,-45.325348396881914,5.804517771823835,0.9225572613572849,0.9225572613572849
SB83795_component_2005a,16.315631,-41.823775,5.2729997634887695,25.229663848876953,16.31548221617486,-41.82363753469156,5.804355345601816,0.9084557111901023,0.9084557111901023
SB83795_component_2011a,16.133786,-44.629423,5.538000106811523,28.111675262451172,16.133897628317904,-44.62914848375895,5.743597295327809,0.96420410799282,0.96420410799282
SB83795_component_2012a,18.266458,-44.59014,5.267000198364258,28.625001907348633,18.266011540333395,-44.59042005413059,5.238169833555402,1.0055039003554582,1.0055039003554582
SB83795_component_2015a,15.349849,-41.915045,5.340000152587891,25.922330856323242,15.349780666554771,-41.915076774562806,4.974662871863807,1.0734396058857363,1.0734396058857363
SB83795_component_2019a,20.001078,-42.336603,5.276000022888184,22.355932235717773,20.00084821331902,-42.33661911382005,5.523322269067753,0.955222195242047,0.955222195242047
SB83795_component_2020a,16.605792,-42.827844,5.27400016784668,31.023530960083008,16.605488539276816,-42.82771777380356,5.226357744587977,1.0091157983412133,1.0091157983412133
SB83795_component_2021a,15.541474,-45.503357,4.738999843597412,20.876651763916016,15.542123820731856,-45.50326716185797,4.840357339916352,0.9790599145474058,0.9790599145474058
SB83795_component_2023a,14.428271,-41.045486,5.396999835968018,20.757692337036133,14.42818306073109,-41.04539623928083,4.867055340851478,1.108884008502732,1.108884008502732
SB83795_component_2026a,20.029452,-44.475055,5.010000228881836,24.43902587890625,20.02927096786423,-44.47505995723729,4.67204693886146,1.0723351658155071,1.0723351658155071
SB83795_component_2027a,18.257288,-46.042349,5.376999855041504,29.543956756591797,18.257036941123456,-46.042315142336506,5.084641044722596,1.0574984168493764,1.0574984168493764
SB83795_component_2028a,15.470271,-42.58583,5.53000020980835,28.358976364135742,15.470153172951136,-42.58575577947658,5.143338669928917,1.075177149453543,1.075177149453543
SB83795_component_2029a,18.934177,-46.351236,4.89300012588501,24.83756446838379,18.9340659728625,-46.351101517745455,5.067600178377767,0.9655458113610198,0.9655458113610198
SB83795_component_2032a,19.914365,-42.811278,4.794000148773193,21.69230842590332,19.914098932955724,-42.81126044965136,4.3373541512637805,1.1052821562602535,1.1052821562602535
SB83795_component_2033a,13.102302,-45.283413,5.36899995803833,22.75,13.102005109628614,-45.28333257690601,5.225324050266505,1.027496076107375,1.027496076107375
SB83795_component_2034a,19.586884,-44.472921,4.882999897003174,19.610441207885742,19.586786096239198,-44.47289506156228,4.604262154269794,1.0605390686702951,1.0605390686702951
SB83795_component_2035a,15.150363,-45.393596,5.395999908447266,25.69523811340332,15.150085602960704,-45.39353898348187,5.46755406110265,0.9869129501316803,0.9869129501316803
SB83795_component_2037a,20.757782,-44.736035,5.0289998054504395,20.780990600585938,20.757772617090655,-44.73605207132245,4.306646924404808,1.1677297660396118,1.1677297660396118
SB83795_component_2040a,14.71931,-40.789835,4.797999858856201,16.776222229003906,14.719686288687386,-40.78998649199146,3.0448402940514745,1.5757804664598571,1.5757804664598571
SB83795_component_2043a,18.273726,-43.393765,4.849999904632568,27.873563766479492,18.273644342043095,-43.39376899069201,3.5133932049070182,1.380431856547899,1.380431856547899
SB83795_component_2046a,21.81622,-44.48955,5.0329999923706055,11.596774101257324,21.815710576769835,-44.48956006953914,4.548022452716805,1.1066348164935058,1.1066348164935058
SB83795_component_2051a,14.984054,-43.31116,4.918000221252441,25.74869155883789,14.984150996595975,-43.311159011122825,5.128919523238906,0.958876464910241,0.958876464910241
SB83795_component_2056a,19.842454,-42.074453,4.478000164031982,16.77153778076172,19.842379324157687,-42.07462015286095,5.047588421611125,0.8871563586404025,0.8871563586404025
SB83795_component_2059a,17.883055,-42.474012,5.083000183105469,28.717514038085938,17.88285815308096,-42.47393888634921,4.94575020841719,1.02775109314148,1.02775109314148
SB83795_component_2064a,15.002694,-43.592297,5.046999931335449,28.84000015258789,15.002538464697828,-43.592160215907896,5.082283709386304,0.9930574953960776,0.9930574953960776
SB83795_component_2066a,20.39802,-46.505283,4.874000072479248,19.7327938079834,20.39757661808426,-46.505329913709254,4.955973499557543,0.9834596720330298,0.9834596720330298
SB83795_component_2067a,12.421945,-46.995423,4.923999786376953,10.215766906738281,12.422374422728675,-46.995072343332325,4.939986281205648,0.9967638584565475,0.9967638584565475
SB83795_component_2069a,13.904931,-44.676514,4.848999977111816,23.653657913208008,13.90486637636361,-44.67641375597438,5.452340699775255,0.8893428059827024,0.8893428059827024
SB83795_component_2083a,14.199167,-44.461786,4.980999946594238,24.658414840698242,14.199087088085694,-44.46148459523111,5.156695512441925,0.9659286522883165,0.9659286522883165
SB83795_component_2084a,15.500314,-42.661121,4.664000034332275,25.486339569091797,15.50019971934405,-42.66108813607371,4.455409421367415,1.0468173838221229,1.0468173838221229
SB83795_component_2095a,14.877827,-45.054072,4.566999912261963,20.665157318115234,14.877851087726134,-45.05390183393594,4.853280834821926,0.9410129081124012,0.9410129081124012
SB83795_component_2097a,14.813422,-41.704378,4.822000026702881,21.81900405883789,14.813510137725308,-41.70422280265472,4.604471291116181,1.047242934494216,1.047242934494216
SB83795_component_2098a,14.569734,-40.93679,4.625999927520752,14.321980476379395,14.56949435334404,-40.93690022657611,4.817259866204576,0.9602969439067206,0.9602969439067206
SB83795_component_2099a,19.358705,-45.279326,4.511000156402588,21.6875,19.358615384303445,-45.27913137469384,4.40830749033376,1.023295259301672,1.023295259301672
SB83795_component_2101a,16.288298,-47.359245,4.756999969482422,13.828487396240234,16.28769964399826,-47.35926592343424,4.020846119124274,1.1830843132386473,1.1830843132386473
SB83795_component_2102a,14.332747,-46.434146,4.361000061035156,19.64414405822754,14.332795172025675,-46.43404797919543,4.3281342807511,1.007593521400254,1.007593521400254
SB83795_component_2104a,16.698845,-45.097046,4.955999851226807,23.26760482788086,16.699000280440853,-45.09691209205461,4.784580739955469,1.0358274048632592,1.0358274048632592
SB83795_component_2112a,16.785317,-44.172164,5.035999774932861,27.075267791748047,16.785085576716,-44.17202233676675,5.1200174750985505,0.9835903489442539,0.9835903489442539
SB83795_component_2113a,18.265955,-44.00542,4.613999843597412,24.157066345214844,18.26573276656776,-44.00534485479393,4.14638131822762,1.1127775015081527,1.1127775015081527
SB83795_component_2114a,13.682674,-41.649805,4.635000228881836,21.35944938659668,13.68265204546349,-41.64971747643733,4.7970372627622115,0.9662214352308216,0.9662214352308216
SB83795_component_2116a,17.005886,-40.524079,4.7170000076293945,13.873529434204102,17.005275244812108,-40.5236446597566,3.8315091555479324,1.2311075913258076,1.2311075913258076
SB83795_component_2118a,13.232174,-40.763945,4.8420000076293945,12.511628150939941,13.232291246049979,-40.76419008353737,4.386500307241862,1.1038412557809534,1.1038412557809534
SB83795_component_2120a,17.421799,-41.022411,4.736000061035156,22.445497512817383,17.421854661271485,-41.022302469301906,3.648439359450718,1.2980892909093529,1.2980892909093529
SB83795_component_2123a,15.347931,-45.936586,4.888999938964844,24.691919326782227,15.348036970071314,-45.93634123693773,4.650987496710734,1.0511746037637033,1.0511746037637033
SB83795_component_2125a,17.275573,-42.986241,5.159999847412109,29.826589584350586,17.275071515761322,-42.986272055017686,5.647034357994753,0.9137539317618765,0.9137539317618765
SB83795_component_2129a,17.749489,-45.468956,4.540999889373779,24.814207077026367,17.74936653698738,-45.46873530409816,3.3705997974902706,1.347237928618812,1.347237928618812
SB83795_component_2130a,15.295044,-42.07125,4.6570000648498535,22.49758529663086,15.295106944417576,-42.07122381517546,4.815014088355873,0.9671830610240281,0.9671830610240281
SB83795_component_2134a,14.531034,-46.006321,4.859000205993652,23.248804092407227,14.53122364824328,-46.00623495087686,4.282286769692404,1.1346741746449347,1.1346741746449347
SB83795_component_2138a,16.08911,-40.955254,4.617000102996826,19.07851219177246,16.089080032286592,-40.954894597333166,2.775951860173656,1.6632133176502562,1.6632133176502562
SB83795_component_2145a,21.429123,-44.627145,4.689000129699707,15.526491165161133,21.42880995705499,-44.627232083670755,4.413614430805821,1.06239459817146,1.06239459817146
SB83795_component_2149a,15.976163,-43.270942,5.129000186920166,29.30857276916504,15.976218317609437,-43.27070820689102,4.995150289946402,1.0267959699317075,1.0267959699317075
SB83795_component_2150a,13.108813,-46.571599,4.247000217437744,16.14828872680664,13.10876591818193,-46.571573918900796,4.6352081507682925,0.9162480042527966,0.9162480042527966
SB83795_component_2151a,17.274627,-46.969884,5.081999778747559,21.90517234802246,17.274887905130406,-46.96969206934929,4.60246727451007,1.1041903126380264,1.1041903126380264
SB83795_component_2152a,17.268386,-42.628211,4.730000019073486,27.02857208251953,17.26796259916152,-42.62808124962575,4.263114188731559,1.1095175521162486,1.1095175521162486
SB83795_component_2156a,18.966972,-42.012521,4.883999824523926,23.14691925048828,18.96693172306194,-42.01243088205484,4.17129659081376,1.1708589207681173,1.1708589207681173
SB83795_component_2157a,17.38415,-44.244057,4.868000030517578,23.291866302490234,17.38379268885119,-44.24392201081745,4.843106508609997,1.0051399905955662,1.0051399905955662
SB83795_component_2160a,16.725338,-43.075551,4.789999961853027,26.464088439941406,16.724833579020526,-43.075366635426704,5.0128725404730945,0.9555399470422136,0.9555399470422136
SB83795_component_2162a,14.90336,-47.157366,4.829999923706055,15.236592292785645,14.903268203280257,-47.15723645190901,4.42955521964859,1.0904029150107837,1.0904029150107837
SB83795_component_2163a,20.164795,-41.098515,5.071000099182129,16.735973358154297,20.164679823346816,-41.09866391973634,5.110866243619403,0.9921997284732224,0.9921997284732224
SB83795_component_2167a,13.484103,-44.064071,5.046000003814697,17.643356323242188,13.483936483471439,-44.064105639821925,4.2600313142090265,1.1844983361939452,1.1844983361939452
SB83795_component_2168a,13.814794,-42.040827,4.388999938964844,17.077821731567383,13.814933639964611,-42.04066027866866,4.850765098205326,0.9048057059264064,0.9048057059264064
SB83795_component_2169a,19.717852,-44.626776,4.4120001792907715,19.696428298950195,19.717770612367875,-44.62668389295091,4.372992435537805,1.0089201489204427,1.0089201489204427
SB83795_component_2170a,15.892485,-40.282889,5.084000110626221,11.247788429260254,15.892199407270166,-40.2828323160378,4.1161271971660325,1.2351416433696636,1.2351416433696636
SB83795_component_2172a,15.460173,-43.843191,5.0329999923706055,27.50273323059082,15.460048247847716,-43.84305736438401,4.039857302858909,1.2458360815885436,1.2458360815885436
SB83795_component_2175a,16.014119,-45.747105,4.3470001220703125,22.407217025756836,16.013996379967146,-45.7469780142437,3.9029217747394216,1.113781001250157,1.113781001250157
SB83795_component_2176a,19.235067,-45.140857,4.611000061035156,18.897541046142578,19.234911025460782,-45.140876308967655,4.772830504364248,0.9660934023990345,0.9660934023990345
SB83795_component_2185a,17.074147,-42.213474,4.605999946594238,27.254438400268555,17.07414180469816,-42.21325239853789,4.376626934442958,1.0524086278284706,1.0524086278284706
SB83795_component_2186a,16.222233,-42.365076,4.623000144958496,23.707693099975586,16.22216903528849,-42.36495016909173,4.322080473092644,1.0696238012547996,1.0696238012547996
SB83795_component_2187a,18.329978,-45.758544,4.571000099182129,25.115385055541992,18.329964136691537,-45.75836292338017,4.814071856802609,0.9495080744843883,0.9495080744843883
SB83795_component_2188a,15.401514,-40.940484,4.831999778747559,18.656370162963867,15.401295904593137,-40.940447370326694,4.848985280933692,0.9964971017229273,0.9964971017229273
SB83795_component_2190a,16.347077,-46.010594,4.177999973297119,22.70652198791504,16.346967906911303,-46.01064301446128,4.933630205024978,0.8468409263916379,0.8468409263916379
SB83795_component_2191a,13.946576,-43.022458,4.538000106811523,20.349775314331055,13.946569008466087,-43.02215158930523,4.523432053477415,1.0032205752538959,1.0032205752538959
SB83795_component_2196a,17.972868,-41.567564,4.9670000076293945,26.848648071289062,17.972690114127623,-41.56752563354386,4.599191419327891,1.0799724461903901,1.0799724461903901
SB83795_component_2201a,16.395087,-44.484018,4.682000160217285,24.13401985168457,16.394583549618247,-44.48383432204032,4.840876324677963,0.9671802884839766,0.9671802884839766
SB83795_component_2205a,14.154061,-46.150717,4.176000118255615,20.571430206298828,14.153820424630823,-46.15058832877135,4.073855793857273,1.0250731320810027,1.0250731320810027
SB83795_component_2206a,11.914276,-43.918438,4.454999923706055,10.033783912658691,11.913650254467491,-43.91864388063079,5.569934355382646,0.7998298793954104,0.7998298793954104
SB83795_component_2216a,15.374141,-45.555294,4.828000068664551,23.900989532470703,15.374271068179814,-45.555460294178744,4.597311339555419,1.0501790529443327,1.0501790529443327
SB83795_component_2218a,16.922525,-45.827326,4.664999961853027,22.867647171020508,16.922428995892968,-45.82706759774532,4.2946526556011335,1.0862345190521712,1.0862345190521712
SB83795_component_2219a,17.989658,-42.547413,4.465000152587891,24.944133758544922,17.989191141531613,-42.54726500945159,3.5641524332328474,1.2527522984021011,1.2527522984021011
SB83795_component_2220a,14.996694,-41.46445,4.758999824523926,20.512929916381836,14.996723305587171,-41.46439640505728,4.818488373794653,0.9876541054671303,0.9876541054671303
SB83795_component_2221a,17.028581,-43.801034,4.735000133514404,24.790576934814453,17.02819317809419,-43.800720102917,4.7568237895236685,0.9954121369689312,0.9954121369689312
SB83795_component_2224a,12.729917,-42.625432,4.684999942779541,14.327217102050781,12.730125661254736,-42.62542588094583,4.4169682283847225,1.0606822826282445,1.0606822826282445
SB83795_component_2225a,12.604814,-45.50118,4.690000057220459,18.249027252197266,12.604467703776983,-45.50151219914398,3.49403947226834,1.3422859399397964,1.3422859399397964
SB83795_component_2227a,20.541128,-46.533379,4.540999889373779,16.512725830078125,20.5407436914381,-46.533344075060455,4.486119053898394,1.0122334772697783,1.0122334772697783
SB83795_component_2230a,20.573665,-41.515586,4.432000160217285,15.88530445098877,20.57364961342409,-41.51568516250026,3.863478484125581,1.1471527998480304,1.1471527998480304
SB83795_component_2235a,20.398748,-46.579786,4.665999889373779,16.905797958374023,20.398137582931742,-46.57978727741298,4.15038169394976,1.1242339219488329,1.1242339219488329
SB83795_component_2236a,18.046804,-46.251175,4.447000026702881,23.908601760864258,18.046646417121522,-46.25110064547253,4.557198819359275,0.9758187437010072,0.9758187437010072
SB83795_component_2237a,18.613591,-43.470418,4.486999988555908,23.867021560668945,18.613302956796403,-43.4703291168394,3.810882185303779,1.1774176608921416,1.1774176608921416
SB83795_component_2238a,16.655463,-43.990124,4.688000202178955,23.557790756225586,16.654995216887517,-43.98997970664561,4.7826506046501365,0.9802096347203048,0.9802096347203048
SB83795_component_2239a,16.883522,-46.153658,4.26800012588501,23.19565200805664,16.883308805879828,-46.15368068673998,4.1926161753965525,1.0179801697400377,1.0179801697400377
SB83795_component_2242a,13.229109,-40.699169,4.486999988555908,11.746073722839355,13.229377041790208,-40.69903151066712,4.3007758229975135,1.0433001330975216,1.0433001330975216
SB83795_component_2243a,15.621525,-47.006875,4.311999797821045,16.45801544189453,15.621181644629402,-47.0067831143155,4.220189972934293,1.0217549033279458,1.0217549033279458
SB83795_component_2244a,18.000708,-43.494378,4.650000095367432,28.527606964111328,18.00047713286965,-43.49408324642623,4.440601158071876,1.0471555381448574,1.0471555381448574
SB83795_component_2256a,15.494403,-41.010339,4.650000095367432,19.057376861572266,15.494449581268961,-41.01042250004141,5.84159721698079,0.7960151860265999,0.7960151860265999
SB83795_component_2262a,17.108261,-41.453707,4.09499979019165,20.786800384521484,17.108154819096715,-41.453547439404765,4.081089682846703,1.0034084297150865,1.0034084297150865
SB83795_component_2265a,13.016806,-45.895612,4.328000068664551,17.810699462890625,13.016703479631147,-45.89542949111542,5.21881305595045,0.8293073582564523,0.8293073582564523
SB83795_component_2266a,13.567516,-44.831663,4.172999858856201,18.302631378173828,13.567423585952662,-44.83157103688625,4.8436573475935205,0.8615390312300842,0.8615390312300842
SB83795_component_2271a,13.851484,-45.435185,4.446000099182129,20.39449691772461,13.851443312104982,-45.43498673792746,4.599453038192542,0.9666366983777889,0.9666366983777889
SB83795_component_2274a,19.620837,-46.824597,4.49399995803833,17.554685592651367,19.620407115274396,-46.824420678654185,5.466855335337801,0.8220447921841053,0.8220447921841053
SB83795_component_2282a,15.442451,-43.225748,4.321000099182129,24.139665603637695,15.442414396666862,-43.225574701802735,4.482628052622931,0.9639434832550454,0.9639434832550454
SB83795_component_2287a,17.232414,-41.836071,4.703000068664551,23.63316535949707,17.232471093073976,-41.83590269720763,4.23838939818089,1.1096196283151971,1.1096196283151971
SB83795_component_2293a,13.891847,-43.596439,4.10099983215332,17.986841201782227,13.891576552888235,-43.59643550641341,4.4068421143687075,0.9305983118346413,0.9305983118346413
SB83795_component_2294a,12.797982,-45.90631,4.531000137329102,18.958160400390625,12.797640380477967,-45.90639479959309,4.222801925504537,1.072984292718807,1.072984292718807
SB83795_component_2300a,16.336534,-44.259384,4.414000034332275,21.0190486907959,16.336497043224142,-44.25936796086882,3.529834771571622,1.2504834701843532,1.2504834701843532
SB83795_component_2301a,17.348377,-43.689238,4.193999767303467,24.242774963378906,17.347904683691723,-43.68904765977098,4.136511940527758,1.0138976576406,1.0138976576406
SB83795_component_2302a,15.661521,-42.821542,4.323999881744385,24.156423568725586,15.661000444484053,-42.82137095536656,4.052772659026572,1.06692386806196,1.06692386806196
SB83795_component_2304a,13.479264,-44.504848,4.086999893188477,15.719230651855469,13.478799547611578,-44.50451073441771,3.4168713479673483,1.1961234348550405,1.1961234348550405
SB83795_component_2309a,17.238913,-47.053147,4.073999881744385,16.102766036987305,17.238872145359206,-47.053055173764356,4.03359062012132,1.0100181861345785,1.0100181861345785
SB83795_component_2311a,16.268251,-47.292407,3.5889999866485596,10.942072868347168,16.26804351024613,-47.292252002838175,4.29436982056811,0.8357454380055614,0.8357454380055614
SB83795_component_2314a,18.392829,-42.707912,4.385000228881836,24.774011611938477,18.392251694314222,-42.70803963845167,3.19602420962125,1.3720172130365331,1.3720172130365331
SB83795_component_2315a,16.2993,-44.271852,4.540999889373779,21.623809814453125,16.298853883995342,-44.27190082655666,5.381697877098436,0.8437857332530302,0.8437857332530302
SB83795_component_2322a,16.279395,-42.059184,4.421000003814697,21.461164474487305,16.27922581762494,-42.05905958603956,4.643316068248551,0.9521212725633577,0.9521212725633577
SB83795_component_2325a,17.291564,-47.457508,4.24399995803833,10.226506233215332,17.29143090333025,-47.457639251108304,3.8432474349491397,1.1042744527570325,1.1042744527570325
SB83795_component_2333a,14.894567,-45.207698,3.989000082015991,18.55348777770996,14.894903885241689,-45.20756723465911,3.828163774984539,1.0420139566866105,1.0420139566866105
SB83795_component_2338a,16.121294,-46.782508,3.869999885559082,17.671232223510742,16.121380145536275,-46.78240845970617,3.2797437493966854,1.1799701992788234,1.1799701992788234
SB83795_component_2344a,13.654734,-44.029094,4.131999969482422,18.122806549072266,13.654901624417509,-44.02917111221115,3.892095332295821,1.0616389416764591,1.0616389416764591
SB83795_component_2346a,15.394267,-45.952254,4.23199987411499,21.48223304748535,15.394300621283648,-45.952240265077506,3.5970354077173954,1.1765243858971437,1.1765243858971437
SB83795_component_2349a,16.42242,-46.294387,4.381999969482422,22.587627410888672,16.42259327498071,-46.29415976440154,4.696309739870894,0.9330730322746743,0.9330730322746743
SB83795_component_2350a,20.059528,-44.515957,4.264999866485596,20.117923736572266,20.059134239869216,-44.51588041220653,4.412493839439533,0.966573557194434,0.966573557194434
SB83795_component_2355a,18.91512,-45.895636,4.245999813079834,20.21904754638672,18.914829262815978,-45.895565603277305,4.376671878736533,0.970143508748839,0.970143508748839
SB83795_component_2356a,13.397861,-46.715164,4.48199987411499,17.106870651245117,13.397644036994244,-46.7152202225146,3.3688511932309217,1.3304238201796308,1.3304238201796308
SB83795_component_2357a,15.853878,-41.790642,4.334000110626221,21.038835525512695,15.854111423523515,-41.79060155900265,4.738987037653093,0.9145414571069527,0.9145414571069527
SB83795_component_2363a,13.042653,-42.543308,4.159999847412109,14.910392761230469,13.04272548139681,-42.54328189532676,4.5919876972037175,0.9059257388571258,0.9059257388571258
SB83795_component_2367a,14.368371,-40.949377,3.760999917984009,12.412540435791016,14.368439509166635,-40.94910865872567,3.855957410260713,0.975373822329048,0.975373822329048
SB83795_component_2369a,14.272763,-40.532521,4.276000022888184,11.944133758544922,14.272719731061773,-40.53258074459489,4.028155067759,1.06152815642896,1.06152815642896
SB83795_component_2376a,13.71312,-43.876657,3.5369999408721924,14.676348686218262,13.713032995439036,-43.876463884692605,3.9790056791249864,0.8889155296832865,0.8889155296832865
SB83795_component_2381a,16.026787,-40.942902,3.9049999713897705,15.496031761169434,16.02670078554646,-40.942562121082,3.3368854835293074,1.170252917178203,1.170252917178203
SB83795_component_2383a,18.133269,-46.099245,3.7790000438690186,20.208555221557617,18.1332145919704,-46.09916230613535,4.910535577654584,0.7695698328844977,0.7695698328844977
SB83795_component_2385a,17.776482,-45.242927,4.146999835968018,22.66120147705078,17.77639185744769,-45.24280792817093,3.9913004063528383,1.039009699537363,1.039009699537363
SB83795_component_2387a,17.305235,-45.571191,4.202000141143799,22.11579132080078,17.304950821644205,-45.57128335756022,3.6611773579803932,1.1477182693661523,1.1477182693661523
SB83795_component_2390a,20.509518,-43.081459,4.184999942779541,20.820894241333008,20.509222453352898,-43.08143256694857,4.0265246894508495,1.039357824812023,1.039357824812023
SB83795_component_2391a,12.975445,-45.993226,3.505000114440918,15.30567741394043,12.974973855686304,-45.99317626570306,3.807511007503683,0.9205489117519059,0.9205489117519059
SB83795_component_2396a,12.782341,-43.322136,4.249000072479248,11.51490592956543,12.782167059799395,-43.32204537497727,3.8342488081738226,1.1081701488493032,1.1081701488493032
SB83795_component_2398a,20.501902,-46.217128,4.144999980926514,16.64658546447754,20.502113555211665,-46.216931209256614,3.929676729891296,1.0547941385094988,1.0547941385094988
SB83795_component_2399a,21.179909,-46.508739,4.306000232696533,11.927978515625,21.179636916824,-46.50899888459015,3.7798194926497235,1.1392079016127692,1.1392079016127692
SB83795_component_2413a,13.563437,-41.028858,4.079999923706055,14.468084335327148,13.563513978557335,-41.02885160569548,3.9913314253694763,1.0222152682618608,1.0222152682618608
SB83795_component_2421a,12.241157,-43.923857,3.9260001182556152,11.217143058776855,12.240825705274675,-43.923748765397356,4.022565271372855,0.975994136427205,0.975994136427205
SB83795_component_2426a,17.530689,-43.168593,3.8359999656677246,23.108434677124023,17.530497933962376,-43.16846947991164,4.309323296963849,0.8901629562976613,0.8901629562976613
SB83795_component_2427a,15.898351,-44.029897,3.7960000038146973,20.630434036254883,15.898104693998453,-44.029782903295924,3.8614772471161545,0.983043472973884,0.983043472973884
SB83795_component_2429a,15.879625,-40.997508,4.125999927520752,13.845637321472168,15.879757135700103,-40.99756506086167,3.5367911560540586,1.1665941655780614,1.1665941655780614
SB83795_component_2433a,14.163039,-43.824714,3.867000102996826,17.986045837402344,14.162809048230365,-43.82453094269128,2.9315301965090748,1.3191063518983117,1.3191063518983117
SB83795_component_2438a,16.488898,-46.142211,4.114999771118164,22.98882484436035,16.48904323648024,-46.14201290321318,3.6296099062344447,1.1337305874248313,1.1337305874248313
SB83795_component_2440a,20.486514,-43.35043,4.103000164031982,20.01463508605957,20.48645392428538,-43.35020880322391,3.7263217107704802,1.1010858649624262,1.1010858649624262
SB83795_component_2442a,20.361503,-45.224826,3.634999990463257,16.373872756958008,20.361397501350105,-45.22498588647336,3.6603989859494273,0.9930611401697833,0.9930611401697833
SB83795_component_2446a,14.722691,-42.420854,3.9670000076293945,16.191837310791016,14.722514144679485,-42.42076805135713,4.569567535810216,0.868134670631587,0.868134670631587
SB83795_component_2450a,19.303169,-42.669477,3.9010000228881836,18.665071487426758,19.302915242527952,-42.66944949830771,4.211414089775907,0.926292200132654,0.926292200132654
SB83795_component_2451a,17.90849,-44.38083,3.6610000133514404,15.254166603088379,17.90832659320742,-44.380546303260765,3.461519789550632,1.0576279310616636,1.0576279310616636
SB83795_component_2454a,17.53891,-44.731635,4.099999904632568,21.0256404876709,17.538504731275513,-44.73160791887492,3.1687890136396657,1.2938696413628736,1.2938696413628736
SB83795_component_2455a,18.471022,-42.804881,3.88100004196167,21.80337142944336,18.47107970661695,-42.80473048609928,3.4853853925259104,1.1135067158668075,1.1135067158668075
SB83795_component_2456a,14.830212,-43.384952,3.6670000553131104,18.064041137695312,14.83030109563393,-43.38500844461627,3.5245002693121736,1.0404312030393876,1.0404312030393876
SB83795_component_2457a,16.661811,-44.15068,3.8459999561309814,19.229999542236328,16.661535699100355,-44.15045658110647,4.239368698592984,0.9072105375990158,0.9072105375990158
SB83795_component_2458a,13.37435,-43.926154,3.7760000228881836,14.195488929748535,13.374014923497223,-43.92614506544918,3.614324235614804,1.0447319545048726,1.0447319545048726
SB83795_component_2460a,21.393301,-43.521035,4.013000011444092,13.114378929138184,21.393255787001216,-43.52119633829042,3.830962846368097,1.0475173402552242,1.0475173402552242
SB83795_component_2464a,14.917134,-42.172501,4.124000072479248,18.328889846801758,14.916811828785471,-42.172338989861935,3.6733787528833766,1.1226721636700712,1.1226721636700712
SB83795_component_2468a,19.641148,-42.375302,3.992000102996826,17.508771896362305,19.64094789784067,-42.37530223426928,3.0095900838719687,1.3264265204718326,1.3264265204718326
SB83795_component_2469a,20.653316,-45.73433,3.8589999675750732,16.421276092529297,20.65332022707657,-45.734307228034794,3.918070989187128,0.9849234427413195,0.9849234427413195
SB83795_component_2470a,14.059361,-43.4212,3.6989998817443848,16.513391494750977,14.05943460245578,-43.4211277321518,4.420675350569075,0.8367499507214913,0.8367499507214913
SB83795_component_2471a,18.446565,-47.258455,4.013000011444092,11.80294132232666,18.446703178499938,-47.25840854205246,3.3083166962046873,1.2130035845866327,1.2130035845866327
SB83795_component_2474a,18.165796,-43.232134,4.0269999504089355,24.40605926513672,18.165808507741453,-43.231961652742726,4.27014413832452,0.94305948931949,0.94305948931949
SB83795_component_2475a,16.789579,-41.252397,3.8519999980926514,16.60344886779785,16.789878458308383,-41.25205068137871,3.591536148288524,1.0725215726780994,1.0725215726780994
SB83795_component_2480a,18.014765,-43.84594,4.242000102996826,24.37931251525879,18.01433091333183,-43.84558510511325,3.6401789111029665,1.1653273662067092,1.1653273662067092
SB83795_component_2481a,14.170801,-42.438611,3.553999900817871,16.154544830322266,14.170848757517732,-42.438297312109384,4.105577682428075,0.8656516027035698,0.8656516027035698
SB83795_component_2484a,15.009446,-46.266604,3.6570000648498535,18.194028854370117,15.00919263503882,-46.26650074648061,4.026825286572937,0.9081596057926253,0.9081596057926253
SB83795_component_2487a,15.620567,-43.697309,3.9070000648498535,23.118343353271484,15.620474722690291,-43.6970148447033,3.5452543715949667,1.1020365974732984,1.1020365974732984
SB83795_component_2489a,20.186733,-46.185746,3.671999931335449,16.921659469604492,20.186349917914214,-46.18580541089706,4.138908564372889,0.8871903967493944,0.8871903967493944
SB83795_component_2493a,15.143472,-45.052781,3.556999921798706,15.465216636657715,15.143347227477197,-45.05284561506596,3.696255099517561,0.9623253336229335,0.9623253336229335
SB83795_component_2495a,20.286941,-44.799207,3.6679999828338623,17.220657348632812,20.286328794694967,-44.79899341617268,2.965061389387738,1.2370738750846826,1.2370738750846826
SB83795_component_2496a,14.054754,-46.200579,3.765000104904175,18.638614654541016,14.054460762304256,-46.200684238951645,3.4529431481842483,1.0903741948036485,1.0903741948036485
SB83795_component_2497a,20.945534,-45.764208,3.8510000705718994,14.47744369506836,20.945040473299432,-45.76427447778319,3.7481429138351614,1.027442165120511,1.027442165120511
SB83795_component_2500a,14.005967,-41.223527,3.128999948501587,12.929752349853516,14.005742645042284,-41.22348573137274,2.8463086421552752,1.0993185707830522,1.0993185707830522
SB83795_component_2502a,20.80086,-45.933851,3.7690000534057617,14.838582038879395,20.800933875515774,-45.933883039206876,3.9481982184618634,0.954612672631742,0.954612672631742
SB83795_component_2503a,18.543008,-43.848676,3.691999912261963,18.2772274017334,18.542780681997364,-43.84859571898497,3.4587918441063046,1.067424718996328,1.067424718996328
SB83795_component_2507a,13.959015,-46.142979,4.0970001220703125,20.587940216064453,13.95902715061568,-46.142906769203485,3.8274684110275072,1.070420361998611,1.070420361998611
SB83795_component_2514a,14.479089,-41.699276,3.7339999675750732,15.822033882141113,14.479057020838038,-41.699290397290106,4.072624640454936,0.9168534537859996,0.9168534537859996
SB83795_component_2518a,17.557299,-41.844729,3.865999937057495,19.525251388549805,17.55745904778523,-41.844544212816004,3.7794942937204743,1.0228881529152585,1.0228881529152585
SB83795_component_2521a,21.190448,-46.229674,3.6649999618530273,11.634921073913574,21.189751597733668,-46.23010268819048,3.3530346821415393,1.0930396817465187,1.0930396817465187
SB83795_component_2522a,17.415606,-45.250159,3.803999900817871,19.01999855041504,17.415367950076256,-45.25000396666237,3.1787722107888223,1.19668842199734,1.19668842199734
SB83795_component_2523a,16.70393,-41.647457,3.865000009536743,21.005434036254883,16.70352462898933,-41.64722994949817,4.000296412424295,0.9661784055633121,0.9661784055633121
SB83795_component_2532a,20.750688,-45.405805,4.052000045776367,15.890196800231934,20.75013944550341,-45.40584815033032,3.8184855347651765,1.0611536979478309,1.0611536979478309
SB83795_component_2533a,19.685313,-44.37973,3.7179999351501465,18.40593910217285,19.684758657302673,-44.379655101845174,3.302539527567419,1.1258002831199259,1.1258002831199259
SB83795_component_2539a,13.923653,-45.535181,3.7130000591278076,17.350467681884766,13.923576353196305,-45.535331738574186,3.6820539925401135,1.0084045662150505,1.0084045662150505
SB83795_component_2541a,14.312947,-41.315311,3.7639999389648438,15.177419662475586,14.313064609468077,-41.31513267523667,3.7269032872995966,1.0099537467987603,1.0099537467987603
SB83795_component_2542a,12.538524,-46.617956,3.8259999752044678,11.919002532958984,12.53846602780095,-46.617942125008156,3.6927368025669045,1.0360879152137052,1.0360879152137052
SB83795_component_2548a,18.50916,-41.554947,3.6700000762939453,17.729469299316406,18.50896050187256,-41.55493957139493,3.7733455240149527,0.9726117189472103,0.9726117189472103
SB83795_component_2555a,15.360755,-46.372564,3.3269999027252197,16.47029685974121,15.36062042969628,-46.372453228664995,4.152195785378437,0.8012627714812808,0.8012627714812808
SB83795_component_2557a,14.084706,-43.380597,3.5179998874664307,16.59433937072754,14.084351607805175,-43.38038370677463,3.8816410463679074,0.9063176747778521,0.9063176747778521
SB83795_component_2562a,15.269613,-43.87257,3.625,18.97905731201172,15.269732411608835,-43.87260564495807,4.127799150121349,0.8781919536694106,0.8781919536694106
SB83795_component_2565a,12.3838,-45.588896,3.2119998931884766,10.962456703186035,12.383358151048686,-45.58912686060939,3.2993968751377047,0.9735112248520934,0.9735112248520934
SB83795_component_2569a,14.9815,-42.301384,3.9149999618530273,16.730770111083984,14.981584087054852,-42.301314328767305,4.136052588930357,0.946554686546068,0.946554686546068
SB83795_component_2573a,13.120069,-41.166128,3.371000051498413,11.54452133178711,13.120260517987376,-41.16611735115236,3.212872796514753,1.0492167804325128,1.0492167804325128
SB83795_component_2586a,17.402798,-43.297245,3.881999969482422,22.439306259155273,17.40226443361978,-43.297100792406766,3.563893768502858,1.0892580479785725,1.0892580479785725
SB83795_component_2587a,12.447358,-43.547658,3.696000099182129,11.032835960388184,12.44678789862639,-43.547870018930546,3.1594999894106266,1.1698053842600522,1.1698053842600522
SB83795_component_2596a,15.36394,-43.415284,3.7850000858306885,21.50568199157715,15.363597524887986,-43.41521728263061,3.649767040984763,1.0370525141268845,1.0370525141268845
SB83795_component_2598a,15.452423,-44.863473,3.569000005722046,18.685863494873047,15.452293383337475,-44.8634658982069,3.721955891017639,0.9589044336434163,0.9589044336434163
SB83795_component_2599a,20.541938,-45.929578,3.4679999351501465,13.236640930175781,20.541706486681136,-45.92934875686459,3.3542110149999163,1.0339241984601952,1.0339241984601952
SB83795_component_2603a,20.105902,-41.568352,3.322000026702881,14.257511138916016,20.106025649685392,-41.568414519376965,3.119029972496534,1.0650747366957445,1.0650747366957445
SB83795_component_2604a,20.791867,-41.049403,3.5999999046325684,10.055865287780762,20.791770789488005,-41.0490472875712,3.049542489846821,1.1805049172518323,1.1805049172518323
SB83795_component_2605a,19.887129,-41.927117,3.7190001010894775,15.961374282836914,19.887250085630697,-41.92731709138635,4.198152949729786,0.8858657951775795,0.8858657951775795
SB83795_component_2606a,18.637864,-46.308349,3.578000068664551,17.712871551513672,18.63729182916068,-46.30841930251324,4.304683466891491,0.8311877275492932,0.8311877275492932
SB83795_component_2611a,15.946883,-45.839818,3.7790000438690186,17.909954071044922,15.94686590222582,-45.839667594591546,3.2461406715046746,1.1641516577029143,1.1641516577029143
SB83795_component_2613a,18.99638,-44.705703,3.7170000076293945,18.96428680419922,18.99630317473944,-44.70539464186082,3.2447917453618986,1.1455280644566697,1.1455280644566697
SB83795_component_2614a,18.887748,-43.626884,3.5309998989105225,18.29533576965332,18.887653328132032,-43.6270072195442,2.6868044541343554,1.314200552808058,1.314200552808058
SB83795_component_2617a,15.328804,-44.928064,3.5199999809265137,20.114286422729492,15.329028626194646,-44.9282020350377,3.5435015724132866,0.9933676926603514,0.9933676926603514
SB83795_component_2619a,15.647853,-45.972204,3.3480000495910645,17.4375,15.64783384180291,-45.972320671357814,3.257262918347594,1.0278568643422563,1.0278568643422563
SB83795_component_2621a,17.003456,-41.858237,3.4260001182556152,18.824176788330078,17.003400273000754,-41.85812950353608,3.4635205113700565,0.9891669782259787,0.9891669782259787
SB83795_component_2622a,19.503554,-46.948654,3.48799991607666,12.111111640930176,19.503426430590185,-46.948695500625064,2.358136998515766,1.479133705239365,1.479133705239365
SB83795_component_2634a,15.471057,-46.885275,3.753999948501587,15.77310848236084,15.471039301213953,-46.885131128750075,3.3563156941970345,1.1184883337977223,1.1184883337977223
SB83795_component_2638a,17.181484,-40.665018,3.7669999599456787,14.215094566345215,17.181110068740637,-40.66513893273055,3.069475571452786,1.227245460097522,1.227245460097522
SB83795_component_2648a,16.294765,-47.096386,3.436000108718872,12.773235321044922,16.294013810040965,-47.096176023062796,3.3480240757503448,1.0262770012933107,1.0262770012933107
SB83795_component_2650a,17.41001,-42.621622,3.125999927520752,18.60714340209961,17.40973429603878,-42.62153630326317,3.3203713783147406,0.9414609305261985,0.9414609305261985
SB83795_component_2651a,19.87004,-45.345215,3.3529999256134033,14.390558242797852,19.86926567504416,-45.34565265029786,2.9101796859219284,1.1521625079831426,1.1521625079831426
SB83795_component_2656a,16.853805,-45.002944,3.734999895095825,18.308822631835938,16.853411328265494,-45.00289541899467,3.1067815388675237,1.2022087322101502,1.2022087322101502
SB83795_component_2657a,14.876077,-41.345172,3.568000078201294,14.743802070617676,14.876300199994452,-41.345196022461586,3.6694508378748787,0.9723526042026662,0.9723526042026662
SB83795_component_2658a,19.191319,-41.605282,3.0810000896453857,13.816143989562988,19.191657260380683,-41.60539085043426,2.8003458630801425,1.1002212727596967,1.1002212727596967
SB83795_component_2666a,17.769255,-43.438707,3.3959999084472656,19.744184494018555,17.768835583172088,-43.43854233396626,3.6549514170958237,0.9291504922781388,0.9291504922781388
SB83795_component_2668a,13.873217,-42.165398,3.2219998836517334,13.769230842590332,13.873181915451406,-42.16524038280972,3.47443463962301,0.9273450842642224,0.9273450842642224
SB83795_component_2674a,14.00906,-45.918813,3.3459999561309814,15.933333396911621,14.00893338093384,-45.918711654650586,4.222971074564077,0.7923331457998153,0.7923331457998153
SB83795_component_2675a,16.861943,-47.053407,3.628999948501587,14.93415641784668,16.86158756481312,-47.053364507308515,3.62171758556608,1.0020107484262522,1.0020107484262522
SB83795_component_2677a,15.300548,-45.222379,3.6389999389648438,19.356382369995117,15.300306487493085,-45.2222377528045,2.7146724668789166,1.3404931841183163,1.3404931841183163
SB83795_component_2679a,13.655269,-45.048533,3.3540000915527344,13.578948020935059,13.65531068367261,-45.04843227705186,3.4615170300828435,0.9689393587852618,0.9689393587852618
SB83795_component_2692a,16.859029,-41.994518,3.4719998836517334,21.170730590820312,16.858699254643135,-41.994451167430434,3.456964275249025,1.0043493675969866,1.0043493675969866
SB83795_component_2693a,18.166148,-42.368817,3.6459999084472656,20.834285736083984,18.165984808664273,-42.36878980171334,4.010398322672074,0.9091366031736182,0.9091366031736182
SB83795_component_2695a,17.936112,-42.342632,3.0829999446868896,17.71839141845703,17.93593566662576,-42.34270742193141,3.705012872366354,0.8321158524660696,0.8321158524660696
SB83795_component_2696a,15.766794,-45.451954,3.684000015258789,15.544303894042969,15.766703149623229,-45.451839895459074,3.6131532404912394,1.0196080182743419,1.0196080182743419
SB83795_component_2701a,14.32757,-45.286449,3.4630000591278076,17.402009963989258,14.327502163720954,-45.28640266183993,3.467090999858181,0.99882006537165,0.99882006537165
SB83795_component_2704a,19.619824,-41.094346,3.5269999504089355,11.640263557434082,19.61985404761272,-41.09463330523734,3.3906156843046,1.040224041531946,1.040224041531946
SB83795_component_2707a,16.668577,-44.779239,3.63100004196167,16.810184478759766,16.668765563951723,-44.77900421213784,2.712980643382796,1.3383803717206777,1.3383803717206777
SB83795_component_2713a,16.727052,-46.621079,3.3469998836517334,15.713614463806152,16.727192161245306,-46.62149900589177,3.588164647626212,0.932788824466563,0.932788824466563
SB83795_component_2715a,17.633622,-44.569557,3.619999885559082,18.190954208374023,17.633483993069717,-44.56929463867013,3.7185002676969776,0.9735107233973924,0.9735107233973924
SB83795_component_2728a,14.315519,-41.757562,3.066999912261963,11.980467796325684,14.31544009863623,-41.75741179317165,3.0121626594136877,1.0182052760918792,1.0182052760918792
SB83795_component_2729a,20.731666,-43.481181,3.134999990463257,14.513888359069824,20.73115881125502,-43.48107591010724,2.414198410144057,1.2985676642360928,1.2985676642360928
SB83795_component_2737a,18.794337,-45.693286,3.2339999675750732,16.670103073120117,18.79407422979191,-45.69302004278722,3.097818045782161,1.0439605941279642,1.0439605941279642
SB83795_component_2739a,14.507015,-46.665093,3.1710000038146973,12.995901107788086,14.50710269288846,-46.664914715521114,3.5218878746759095,0.9003693804722556,0.9003693804722556
SB83795_component_2740a,12.982329,-46.497513,3.4200000762939453,12.481752395629883,12.98231552657304,-46.497742151082235,2.888579782238173,1.1839728635239597,1.1839728635239597
SB83795_component_2744a,14.884597,-41.078722,3.0889999866485596,12.556910514831543,14.884550334584397,-41.07861146605498,2.9584788554581958,1.044117648821306,1.044117648821306
SB83795_component_2745a,13.947984,-41.431585,3.2780001163482666,13.715481758117676,13.947996744286936,-41.43133206981057,3.27710665655793,1.0002726367750492,1.0002726367750492
SB83795_component_2754a,14.597245,-43.61796,3.1649999618530273,16.398963928222656,14.597172026220619,-43.61782525089784,3.1563706513552887,1.0027339344617316,1.0027339344617316
SB83795_component_2755a,18.781384,-43.910921,3.303999900817871,17.668447494506836,18.781242759589183,-43.91075217378829,2.3659305530294237,1.3964906520976743,1.3964906520976743
SB83795_component_2758a,18.207489,-44.809978,3.4790000915527344,19.994253158569336,18.207810645744637,-44.80993888437202,3.1817492353971986,1.0934237220358531,1.0934237220358531
SB83795_component_2761a,17.80735,-42.920991,2.7070000171661377,15.038887977600098,17.80696345363724,-42.920717787801046,3.2237620390992916,0.8397021815923065,0.8397021815923065
SB83795_component_2764a,15.146822,-43.665209,3.380000114440918,20.23952293395996,15.146545370742867,-43.66529447309324,3.7640346455047817,0.8979726364839656,0.8979726364839656
SB83795_component_2767a,16.528941,-41.458898,3.0880000591278076,13.663717269897461,16.528954015697266,-41.458759635254886,3.739761742006622,0.8257210678536161,0.8257210678536161
SB83795_component_2773a,20.36808,-43.539716,3.315999984741211,16.097087860107422,20.36777131347021,-43.53981647026363,2.6426006435924965,1.2548244823831036,1.2548244823831036
SB83795_component_2777a,13.059943,-42.773104,3.0880000591278076,10.124589920043945,13.06028417173648,-42.77258676040451,2.508766389072421,1.2308838609200077,1.2308838609200077
SB83795_component_2780a,15.051966,-43.59743,2.7909998893737793,14.925132751464844,15.05163972961756,-43.59745191675072,2.987121077835792,0.9343444127801792,0.9343444127801792
SB83795_component_2786a,13.176938,-44.372527,3.24399995803833,12.334600448608398,13.17646819393632,-44.37257316872672,3.6173453010849412,0.8967902392578794,0.8967902392578794
SB83795_component_2790a,14.482509,-42.417535,3.325000047683716,15.985576629638672,14.482543033882482,-42.41727418754538,2.5328457993607074,1.312752654947628,1.312752654947628
SB83795_component_2791a,18.653276,-44.857337,3.428999900817871,17.14499855041504,18.652978609650617,-44.857209942616436,2.834124199601273,1.2098975412934585,1.2098975412934585
SB83795_component_2794a,13.856888,-44.869887,3.250999927520752,13.545833587646484,13.856742220112165,-44.86977085960236,3.686369606367145,0.8818974423795116,0.8818974423795116
SB83795_component_2798a,18.179618,-46.515354,3.3529999256134033,16.849245071411133,18.17945117928915,-46.51518959752379,2.8476903497070096,1.1774454079806758,1.1774454079806758
SB83795_component_2806a,21.338511,-43.714616,3.438999891281128,11.81786823272705,21.338163073207802,-43.71460189244006,2.8371070374050817,1.2121502100345705,1.2121502100345705
SB83795_component_2810a,19.632739,-44.651096,2.9539999961853027,13.488584518432617,19.632726533428677,-44.651013880970204,3.4088630636631407,0.8665645820958718,0.8665645820958718
SB83795_component_2813a,13.515482,-45.054131,3.0169999599456787,13.590089797973633,13.515466060222526,-45.05414985546471,2.5809949760397664,1.1689290323900245,1.1689290323900245
SB83795_component_2814a,17.633272,-47.283677,3.374000072479248,10.041666984558105,17.632317410081356,-47.28379648510419,2.8193507991216475,1.1967294291758224,1.1967294291758224
SB83795_component_2817a,19.991603,-41.712736,3.38100004196167,15.026667594909668,19.991594770238557,-41.712560992070145,3.1261923432198464,1.0815073644762951,1.0815073644762951
SB83795_component_2822a,19.082967,-45.374925,3.3540000915527344,17.025381088256836,19.082659284593035,-45.37482193922527,3.399952266546404,0.9864844646656329,0.9864844646656329
SB83795_component_2827a,14.834097,-45.496005,3.242000102996826,16.21000099182129,14.83428757351065,-45.496244591233825,3.1209100237306906,1.038799605994852,1.038799605994852
SB83795_component_2828a,16.5849,-41.294462,3.311000108718872,16.230392456054688,16.58510230600261,-41.29435041339952,2.906567762420011,1.139144303300925,1.139144303300925
SB83795_component_2834a,15.917424,-42.882355,2.7330000400543213,15.35393238067627,15.91721290362085,-42.88243632464233,2.9648508472867987,0.9218001784323656,0.9218001784323656
SB83795_component_2836a,17.35562,-46.949423,3.2119998931884766,14.149779319763184,17.355304449610045,-46.949629243682736,2.4851683454172995,1.2924677312550954,1.2924677312550954
SB83795_component_2837a,14.882816,-42.991811,2.859999895095825,13.240739822387695,14.88282755291656,-42.992028352038844,2.0292765572081515,1.4093692084190685,1.4093692084190685
SB83795_component_2841a,13.970945,-45.166079,3.2960000038146973,16.156862258911133,13.970505465977116,-45.16604375014277,3.416996393428827,0.9645898398234145,0.9645898398234145
SB83795_component_2849a,17.764445,-43.154657,3.184999942779541,17.99435043334961,17.764154626070397,-43.154438567342886,3.7575357847255004,0.8476299695472401,0.8476299695472401
SB83795_component_2855a,20.678792,-44.268863,2.9509999752044678,13.985782623291016,20.678528019241625,-44.26875487706744,3.1942095787923312,0.9238592216357274,0.9238592216357274
SB83795_component_2857a,15.699417,-42.42321,2.763000011444092,11.609243392944336,15.699108967128016,-42.423050250722746,4.220524008075922,0.6546580486586794,0.6546580486586794
SB83795_component_2859a,20.137931,-41.588444,3.1570000648498535,13.491453170776367,20.138211031121696,-41.58829872173867,3.0581776754613585,1.0323141425632134,1.0323141425632134
SB83795_component_2861a,12.774279,-45.616843,3.0769999027252197,12.457489967346191,12.774037930568927,-45.61640031873122,2.6341301876964525,1.1681274969237785,1.1681274969237785
SB83795_component_2864a,18.652858,-41.958448,3.3499999046325684,15.29680347442627,18.652877592426297,-41.95829405605437,3.376110383227868,0.9922661063675485,0.9922661063675485
SB83795_component_2868a,17.301772,-44.484007,3.3350000381469727,16.11111068725586,17.301184160585194,-44.483759376347116,3.154981714508644,1.0570584364437006,1.0570584364437006
SB83795_component_2874a,18.540068,-46.365224,3.131999969482422,15.738693237304688,18.539833568957103,-46.3649965102903,3.1630680948204293,0.9901778512486399,0.9901778512486399
SB83795_component_2893a,20.500791,-42.821043,3.058000087738037,12.28112506866455,20.500818278685625,-42.82105009357099,2.629064991029992,1.163151195642372,1.163151195642372
SB83795_component_2895a,18.86456,-46.549183,2.806999921798706,13.24056625366211,18.86415184176787,-46.54911602724455,2.986384998415315,0.9399323674905288,0.9399323674905288
SB83795_component_2900a,17.92561,-40.884704,2.8380000591278076,12.232759475708008,17.925468257933463,-40.8844907353141,3.822961323241372,0.7423564664058788,0.7423564664058788
SB83795_component_2907a,15.150812,-45.1485,2.8529999256134033,12.568282127380371,15.151232817648411,-45.148339618164556,2.711830910877098,1.0520567171684927,1.0520567171684927
SB83795_component_2909a,17.858023,-42.075659,2.940999984741211,15.560847282409668,17.85788771870489,-42.07568241763146,3.8004247254481465,0.7738608700885157,0.7738608700885157
SB83795_component_2910a,13.778359,-42.804359,2.630000114440918,11.287554740905762,13.778626164750944,-42.80426635678734,2.9516678954630904,0.8910216892907914,0.8910216892907914
SB83795_component_2922a,18.600898,-44.694716,2.878999948501587,15.818681716918945,18.60067652786972,-44.69466258141656,2.7479497489351954,1.0476901732344897,1.0476901732344897
SB83795_component_2924a,16.32847,-42.72692,3.000999927520752,16.309782028198242,16.32810966225188,-42.726661331157125,3.524528820022723,0.8514613103664177,0.8514613103664177
SB83795_component_2928a,14.071957,-41.051061,2.687999963760376,10.45914363861084,14.07194911208117,-41.0509573166647,2.5214060744134046,1.0660718204169983,1.0660718204169983
SB83795_component_2930a,14.99065,-45.851427,3.1050000190734863,14.7156400680542,14.990377200363994,-45.851275302311514,2.8461883866047395,1.0909327132690212,1.0909327132690212
SB83795_component_2931a,13.445567,-41.596246,3.2090001106262207,12.9395170211792,13.445651216980814,-41.596133555731065,2.270101942043051,1.4135929542169274,1.4135929542169274
SB83795_component_2932a,16.7418,-45.744764,3.13700008392334,16.510526657104492,16.741611824480902,-45.744751344548575,2.90530635315798,1.0797484680104443,1.0797484680104443
SB83795_component_2936a,15.62176,-42.257715,2.8970000743865967,14.705584526062012,15.621544549201525,-42.25753993714579,3.2279064282319556,0.8974857663310245,0.8974857663310245
SB83795_component_2950a,19.021696,-45.399997,2.99399995803833,16.096773147583008,19.0211521239357,-45.40006727485125,3.4117499802851836,0.8775554994765664,0.8775554994765664
SB83795_component_2958a,20.701918,-45.938236,3.069999933242798,12.379032135009766,20.70129615814986,-45.93825058208591,2.529788249949892,1.2135402768605659,1.2135402768605659
SB83795_component_2962a,21.134757,-44.513168,3.0260000228881836,11.04379653930664,21.134559755014596,-44.51333500999308,1.7969007493687243,1.6840106633331076,1.6840106633331076
SB83795_component_2963a,17.047829,-41.694898,2.947999954223633,16.377777099609375,17.04797251970154,-41.69470843438896,2.973179698651302,0.9915310384908482,0.9915310384908482
SB83795_component_2974a,16.446685,-43.301182,3.1640000343322754,20.02531623840332,16.446628162698147,-43.30108815375868,3.466012273395095,0.9128646365793197,0.9128646365793197
SB83795_component_2975a,15.053996,-41.870982,2.9660000801086426,12.895651817321777,15.053640381513212,-41.87108092206572,2.9772349138071417,0.9962264201436049,0.9962264201436049
SB83795_component_2976a,14.193741,-46.862707,2.687999963760376,10.067416191101074,14.193276900250423,-46.862328046327946,2.2216687154610715,1.2099013435504604,1.2099013435504604
SB83795_component_2977a,18.134707,-41.240232,2.825000047683716,14.713541984558105,18.13444577494231,-41.2402178567158,2.049506082490161,1.378380904462272,1.378380904462272
SB83795_component_2983a,16.278574,-43.316541,3.062999963760376,18.01764678955078,16.278196830807904,-43.316498687890224,2.7456153178846243,1.1155969096647824,1.1155969096647824
SB83795_component_2988a,21.265794,-43.583962,3.1010000705718994,10.51186466217041,21.265670998802108,-43.5840766240043,2.4552407426570135,1.2630126311833918,1.2630126311833918
SB83795_component_2991a,14.305751,-46.756666,2.7209999561309814,11.060975074768066,14.305613872371573,-46.75641917161135,2.803637619794222,0.9705248413419043,0.9705248413419043
SB83795_component_2993a,16.645915,-42.348486,3.1389999389648438,17.153005599975586,16.645931741387567,-42.348551192598116,3.3831443528333494,0.927835058629988,0.927835058629988
SB83795_component_2996a,17.972588,-41.356816,2.8570001125335693,16.51445198059082,17.97274599833853,-41.356634213270894,3.0752852595824858,0.9290195449775766,0.9290195449775766
SB83795_component_2999a,16.127671,-42.987842,3.0490000247955322,19.176101684570312,16.12740968177148,-42.987569270205654,2.9484811417358756,1.0340917503716769,1.0340917503716769
SB83795_component_3000a,18.448327,-41.536411,3.01200008392334,14.411482810974121,18.448412874797725,-41.53643515005477,2.985609498034279,1.0088392624375144,1.0088392624375144
SB83795_component_3002a,15.642778,-45.27171,2.7669999599456787,14.640212059020996,15.642797566674751,-45.2714287091488,2.55279180969891,1.0839113277600312,1.0839113277600312
SB83795_component_3006a,18.151875,-45.311528,2.8529999256134033,15.421621322631836,18.151707226104477,-45.31159514843601,3.565587949620771,0.8001485213446614,0.8001485213446614
SB83795_component_3013a,14.769484,-42.423658,2.8940000534057617,10.678967475891113,14.769485366339119,-42.42346660886805,2.99264958351511,0.9670360570603537,0.9670360570603537
SB83795_component_3020a,16.291465,-44.358747,2.8459999561309814,14.822916030883789,16.291504451986288,-44.358941953353515,3.2015721424425303,0.8889382558032014,0.8889382558032014
SB83795_component_3023a,20.283921,-45.623683,2.8380000591278076,12.841629028320312,20.283602629143722,-45.62345917621212,2.7778745030918253,1.0216444464892354,1.0216444464892354
SB83795_component_3032a,14.650418,-43.599865,2.697000026702881,13.69035530090332,14.650176543938255,-43.600015537326406,2.8828668420650865,0.9355270896837318,0.9355270896837318
SB83795_component_3038a,19.265673,-46.547784,2.934999942779541,12.92951488494873,19.265363493703216,-46.547894507049676,3.134414631000131,0.9363789696971391,0.9363789696971391
SB83795_component_3039a,15.340729,-45.799659,3.0460000038146973,14.786407470703125,15.340600682323732,-45.79947888873714,2.8463983587889907,1.0701242833454372,1.0701242833454372
SB83795_component_3050a,14.096013,-42.150017,2.796999931335449,12.830275535583496,14.096457645689954,-42.14984820497269,2.369163426819752,1.1805854757305636,1.1805854757305636
SB83795_component_3051a,18.560824,-45.331103,2.7170000076293945,13.517412185668945,18.561010441657267,-45.33094984237672,2.3057702679449124,1.178348097120275,1.178348097120275
SB83795_component_3053a,17.617645,-41.992736,2.818000078201294,14.601036071777344,17.61744773827607,-41.99274592425513,2.8271832791791187,0.9967518197191336,0.9967518197191336
SB83795_component_3058a,20.26459,-45.830156,2.821000099182129,12.650224685668945,20.264234047973634,-45.83007860145289,3.1934287830578247,0.8833765494156154,0.8833765494156154
SB83795_component_3068a,18.189847,-46.482219,2.9179999828338623,14.517412185668945,18.18911837947225,-46.48249443221402,1.6622910564098325,1.7554085799727954,1.7554085799727954
SB83795_component_3072a,15.79484,-46.902953,2.9809999465942383,13.07456111907959,15.794140851386071,-46.9029593389548,2.7133935784213046,1.0986242358281955,1.0986242358281955
SB83795_component_3079a,14.163395,-45.430794,2.6589999198913574,12.141551971435547,14.163670066457316,-45.43088560065019,3.1598382540101424,0.841498743334988,0.841498743334988
SB83795_component_3083a,14.938683,-45.722279,2.9539999961853027,14.133971214294434,14.939131001121607,-45.72213319377374,2.5596601896308635,1.1540594365423593,1.1540594365423593
SB83795_component_3084a,13.48534,-41.83216,2.678999900817871,11.497854232788086,13.485358864042002,-41.832133423352154,2.657594541003128,1.0080544114177263,1.0080544114177263
SB83795_component_3085a,15.361662,-44.247458,2.8980000019073486,15.75,15.361812301000695,-44.247386506147016,3.2517108103704984,0.8912231655610088,0.8912231655610088
SB83795_component_3089a,20.921886,-44.815318,2.749000072479248,10.65503978729248,20.92261816382932,-44.815272604431705,2.3552359449194427,1.1671867009372063,1.1671867009372063
SB83795_component_3090a,16.01142,-43.323124,2.7739999294281006,16.127906799316406,16.01116952448582,-43.323156752043076,3.2237761920575574,0.8604815483973193,0.8604815483973193
SB83795_component_3095a,18.461634,-41.34965,2.9159998893737793,14.43564224243164,18.461229255546186,-41.34965618730385,2.628915244427901,1.1092027008304532,1.1092027008304532
SB83795_component_3099a,19.511806,-43.441197,2.7130000591278076,13.702020645141602,19.511131332347997,-43.44094383156796,2.755663725351561,0.9845178256580236,0.9845178256580236
SB83795_component_3107a,19.540531,-43.6694,2.828000068664551,14.211055755615234,19.540361680826884,-43.66930490038344,3.0276554704899494,0.9340561025614023,0.9340561025614023
SB83795_component_3108a,13.564745,-43.985947,2.953000068664551,11.955466270446777,13.564270508814898,-43.98602464822471,2.276306548155491,1.297276973111284,1.297276973111284
SB83795_component_3110a,15.171124,-46.633053,2.7219998836517334,12.900473594665527,15.170820394090011,-46.632961195527,2.7166021712117705,1.0019869351858595,1.0019869351858595
SB83795_component_3112a,15.758255,-42.356845,2.4790000915527344,13.40000057220459,15.757555820703287,-42.35610308750122,1.9624895501692938,1.2631914862114215,1.2631914862114215
SB83795_component_3118a,13.790541,-42.524631,2.934999942779541,13.220720291137695,13.790227666204533,-42.52478959075364,3.4200372323969557,0.8581777750771815,0.8581777750771815
SB83795_component_3122a,14.192944,-42.885076,2.875999927520752,12.782221794128418,14.19294395155732,-42.88490618713127,3.1735458020541683,0.9062418212647755,0.9062418212647755
SB83795_component_3124a,16.972186,-45.79028,2.825000047683716,14.267677307128906,16.972030192316904,-45.790205404743425,3.3543716668617063,0.8421845663652229,0.8421845663652229
SB83795_component_3136a,14.661416,-46.600495,2.7070000171661377,12.139013290405273,14.661453390965073,-46.60029382485009,2.8480115118102027,0.9504877371248974,0.9504877371248974
SB83795_component_3139a,13.183588,-45.915914,2.7790000438690186,12.74770736694336,13.183681623679423,-45.915930077825685,2.2275802841335834,1.24754203638048,1.24754203638048
SB83795_component_3146a,13.572077,-42.399659,2.627000093460083,11.88687801361084,13.572292593623581,-42.399393254865565,3.228012070811996,0.8138135904799357,0.8138135904799357
SB83795_component_3153a,17.625485,-43.994976,2.8570001125335693,15.960893630981445,17.62514833580649,-43.99491432465828,2.662701279164998,1.072970571234901,1.072970571234901
SB83795_component_3155a,18.710366,-46.509473,2.4000000953674316,12.12121295928955,18.709749523144247,-46.509502557985655,2.777616317717754,0.8640502577906105,0.8640502577906105
SB83795_component_3159a,20.629535,-46.315461,2.813999891281128,11.166666030883789,20.629937429174596,-46.315283066548076,3.679407992755697,0.764796917553462,0.764796917553462
SB83795_component_3169a,16.835869,-44.322289,2.7950000762939453,15.273224830627441,16.835827225984538,-44.322038472670926,2.9746235047920893,0.9396147350383091,0.9396147350383091
SB83795_component_3171a,15.527238,-42.720056,2.9509999752044678,16.486032485961914,15.52734153503114,-42.719908856464215,2.538396176424162,1.1625450757499725,1.1625450757499725
SB83795_component_3172a,20.457381,-46.365409,2.5759999752044678,11.008546829223633,20.45725464248754,-46.36560179523409,2.714325409127538,0.9490387433069302,0.9490387433069302
SB83795_component_3175a,16.658246,-43.76841,2.3429999351501465,12.13989543914795,16.657833572434992,-43.7681487187888,2.2803030280022947,1.0274949892088592,1.0274949892088592
SB83795_component_3180a,13.257156,-41.589416,2.7360000610351562,11.213114738464355,13.256778962468557,-41.58960740750404,2.753888138057958,0.9935044286020215,0.9935044286020215
SB83795_component_3183a,17.196925,-44.676379,2.5439999103546143,13.319371223449707,17.19685870427607,-44.676109172833534,2.436684486940458,1.0440415753411323,1.0440415753411323
SB83795_component_3184a,19.487595,-43.971459,2.555999994277954,11.210526466369629,19.487318355202024,-43.97117999966171,3.0684359975144204,0.8329976562484719,0.8329976562484719
SB83795_component_3190a,15.628447,-44.249556,2.8949999809265137,16.17318344116211,15.628626957444567,-44.24932053315352,2.783957379361916,1.0398866025707796,1.0398866025707796
SB83795_component_3193a,18.303062,-44.409907,2.822000026702881,13.90147876739502,18.303013624800997,-44.40973927558527,2.590660151960609,1.0892976543323114,1.0892976543323114
SB83795_component_3199a,13.599051,-43.699853,2.9260001182556152,12.666666984558105,13.599274573815975,-43.69974563725082,2.4201075414877296,1.209037229997182,1.209037229997182
SB83795_component_3200a,17.170432,-44.942133,2.4800000190734863,13.405405044555664,17.17030455287031,-44.941813229259346,2.1918519919890356,1.1314632685681325,1.1314632685681325
SB83795_component_3203a,19.040554,-43.622534,2.569999933242798,12.84999942779541,19.039852332406735,-43.62253525657766,2.533924477716523,1.0142369892408098,1.0142369892408098
SB83795_component_3204a,15.291808,-46.85143,2.808000087738037,12.591928482055664,15.291384907537628,-46.85131783239528,2.7110694316259014,1.035753660522816,1.035753660522816
SB83795_component_3210a,17.997922,-41.712525,2.632999897003174,13.099501609802246,17.99750448579089,-41.71242399331622,2.7184980083228725,0.9685495037855683,0.9685495037855683
SB83795_component_3211a,17.171169,-40.908743,2.3350000381469727,10.19650650024414,17.171423741943222,-40.908599296538746,2.5126197937195687,0.9293089404069146,0.9293089404069146
SB83795_component_3212a,19.319837,-44.931868,2.4159998893737793,11.13364028930664,19.31963465150072,-44.93171859298217,2.972875104112362,0.812681261325691,0.812681261325691
SB83795_component_3213a,17.061696,-45.272783,2.9089999198913574,14.61808967590332,17.06112031079109,-45.273031997984106,2.2824478472243586,1.2745088232482231,1.2745088232482231
SB83795_component_3219a,15.418435,-42.339363,2.76200008392334,14.020305633544922,15.418051325031115,-42.3390780727852,2.5337517111257983,1.0900831647376081,1.0900831647376081
SB83795_component_3225a,15.72541,-46.570933,2.2720000743865967,12.021164894104004,15.724878863495338,-46.57083468923769,2.0293540657022677,1.1195680994190436,1.1195680994190436
SB83795_component_3230a,16.963462,-42.847424,2.444999933242798,14.29824447631836,16.963403159430495,-42.84734990112252,2.500342007458961,0.9778661982836476,0.9778661982836476
SB83795_component_3232a,13.231845,-46.260483,2.815999984741211,12.296942710876465,13.231846321029522,-46.26040326795717,2.832589669942253,0.9941432797778367,0.9941432797778367
SB83795_component_3233a,14.155445,-44.04816,2.51200008392334,12.5600004196167,14.155520204213346,-44.048173823625426,2.661023806658024,0.9439975988332691,0.9439975988332691
SB83795_component_3235a,18.392569,-44.24237,2.6649999618530273,13.459595680236816,18.392155279682505,-44.24221762495489,2.1188656673303456,1.2577484278230724,1.2577484278230724
SB83795_component_3242a,15.729818,-42.635317,2.444000005722046,13.653631210327148,15.729681614968488,-42.63532786077917,1.996039594040802,1.2244246121262496,1.2244246121262496
SB83795_component_3250a,13.985614,-42.08107,2.7339999675750732,12.260088920593262,13.985158030794715,-42.08069123534932,2.774968196075052,0.9852365052118706,0.9852365052118706
SB83795_component_3261a,16.258623,-46.750981,2.6600000858306885,12.788461685180664,16.258711433818302,-46.75063996629901,3.2061527045418545,0.8296548327415961,0.8296548327415961
SB83795_component_3263a,14.987024,-45.818693,2.760999917984009,12.493212699890137,14.986998005532222,-45.81836175457986,2.689752503230454,1.0264884648933257,1.0264884648933257
SB83795_component_3264a,17.265989,-42.742663,2.507999897003174,13.556756019592285,17.26600658554219,-42.74244325171788,2.003074923903864,1.2520749309343076,1.2520749309343076
SB83795_component_3273a,16.017662,-43.436674,2.25600004196167,13.590362548828125,16.01742387660255,-43.43642939241844,3.1999286375835774,0.7050157354963034,0.7050157354963034
SB83795_component_3275a,15.999623,-41.700805,2.507999897003174,10.031999588012695,15.999243989908285,-41.70086148125163,3.037559660794804,0.8256627612532007,0.8256627612532007
SB83795_component_3278a,21.167554,-44.306422,2.677000045776367,10.335906982421875,21.167798641864017,-44.306366303188085,2.494668441821245,1.0730885118432854,1.0730885118432854
SB83795_component_3294a,17.594929,-45.343523,2.4730000495910645,13.440217971801758,17.59488308992487,-45.34340895917117,1.8717723382956817,1.3212077126018558,1.3212077126018558
SB83795_component_3300a,20.712403,-43.602409,2.687000036239624,11.88938045501709,20.712384245480457,-43.6021580071612,2.381871549340484,1.128104509659065,1.128104509659065
SB83795_component_3311a,15.56025,-42.095719,2.5209999084472656,12.357842445373535,15.560243977345014,-42.095517089000545,2.6254343572348926,0.9602220301186211,0.9602220301186211
SB83795_component_3316a,17.804073,-44.138724,2.6510000228881836,13.879581451416016,17.80391996061002,-44.13830918956764,2.2748232194531632,1.1653652909017906,1.1653652909017906
SB83795_component_3318a,17.679958,-46.011994,2.2980000972747803,12.223404884338379,17.67960302193703,-46.01190357377823,1.9867975265516247,1.1566352718705528,1.1566352718705528
SB83795_component_3324a,17.197812,-41.056007,2.578000068664551,11.508928298950195,17.198239669895624,-41.05537611948512,2.337096570726915,1.103078110230895,1.103078110230895
SB83795_component_3325a,19.524255,-44.362158,2.424999952316284,10.40772533416748,19.524532378052076,-44.361846025271845,1.474051878650778,1.6451252411386792,1.6451252411386792
SB83795_component_3329a,14.560372,-41.526428,2.4040000438690186,10.497817039489746,14.560362730749016,-41.52637175290852,2.2159090741551957,1.0848820792818548,1.0848820792818548
SB83795_component_3332a,17.222956,-43.572096,2.4749999046325684,14.14285659790039,17.223045263507718,-43.57220995668031,3.3295035500616534,0.7433540368463455,0.7433540368463455
SB83795_component_3340a,14.166838,-46.411228,2.5360000133514404,11.79534912109375,14.166839188789396,-46.41127417010633,2.8988924843752346,0.8748168574792783,0.8748168574792783
SB83795_component_3343a,14.658414,-44.23757,2.555999994277954,14.947367668151855,14.658555591230439,-44.237559600448485,2.49686380006917,1.0236841890243056,1.0236841890243056
SB83795_component_3345a,15.404897,-43.388201,2.753999948501587,15.559321403503418,15.405360922403435,-43.38788081593347,1.5717154773332238,1.7522255066002024,1.7522255066002024
SB83795_component_3350a,20.53084,-43.92281,2.428999900817871,11.906862258911133,20.53068675158708,-43.92255654080504,2.411690759721629,1.0071771809990433,1.0071771809990433
SB83795_component_3353a,15.000519,-45.658868,2.569000005722046,12.410628318786621,15.000165454151546,-45.658714791953024,3.019224141323053,0.8508808506665839,0.8508808506665839
SB83795_component_3357a,20.365665,-43.171143,2.0850000381469727,10.583756446838379,20.36555775068865,-43.17124093643258,2.403935585224163,0.8673277482818034,0.8673277482818034
SB83795_component_3359a,18.972272,-43.771918,2.322999954223633,11.499999046325684,18.972206106141407,-43.7718612372498,2.26023473831548,1.0277693351244264,1.0277693351244264
SB83795_component_3374a,19.779465,-43.183065,2.5230000019073486,12.49009895324707,19.77927903366691,-43.18264721700308,1.9521084330827743,1.2924486975977154,1.2924486975977154
SB83795_component_3378a,16.74978,-41.272013,2.5950000286102295,11.795454978942871,16.750180637146983,-41.27227246754184,3.1814369107050458,0.8156691776217386,0.8156691776217386
SB83795_component_3381a,16.969934,-44.514508,2.2139999866485596,12.098361015319824,16.970114688245143,-44.514355459136894,2.341706855028896,0.9454641950139568,0.9454641950139568
SB83795_component_3382a,19.524393,-43.084895,2.2730000019073486,11.087804794311523,19.52452539759085,-43.08489006803725,2.158742288690195,1.0529279079840876,1.0529279079840876
SB83795_component_3384a,17.808017,-45.956516,2.4130001068115234,12.311224937438965,17.807847467031237,-45.95653712546346,1.8910309710808082,1.2760235785204441,1.2760235785204441
SB83795_component_3386a,18.063991,-43.061876,2.250999927520752,12.789772033691406,18.063600722930907,-43.06179284325745,3.0399510435190162,0.740472427120082,0.740472427120082
SB83795_component_3387a,19.618724,-46.203642,2.23799991607666,11.536081314086914,19.618324212011505,-46.20345196595119,2.633910811621747,0.8496870532600467,0.8496870532600467
SB83795_component_3396a,19.832431,-44.084944,2.5880000591278076,12.56310749053955,19.83173330585727,-44.08533505679068,2.4377757100435646,1.0616235318390133,1.0616235318390133
SB83795_component_3403a,17.93233,-41.47373,2.0789999961853027,11.29891300201416,17.93185499191761,-41.473814605380994,1.8615203050519753,1.1168290727439878,1.1168290727439878
SB83795_component_3415a,15.157375,-45.535796,2.4590001106262207,12.942106246948242,15.15790957086041,-45.53574987978264,2.507707356857864,0.9805769815610889,0.9805769815610889
SB83795_component_3417a,17.094222,-42.762379,2.236999988555908,12.567415237426758,17.093660434009102,-42.76229947667371,2.020326123358795,1.1072469749769371,1.1072469749769371
SB83795_component_3418a,17.257904,-42.122062,2.0739998817443848,11.15053653717041,17.25800694625537,-42.12189635826122,2.2883805399709796,0.9063177410915609,0.9063177410915609
SB83795_component_3419a,18.908976,-45.006755,2.509999990463257,12.303921699523926,18.908755850350005,-45.00690724488207,2.627011638876284,0.9554582679873168,0.9554582679873168
SB83795_component_3421a,17.180612,-46.238472,2.2739999294281006,11.543147087097168,17.18064689096185,-46.23820575273957,2.225186076164527,1.021936975872019,1.021936975872019
SB83795_component_3422a,15.550858,-43.339457,2.003999948501587,13.184210777282715,15.551210373871974,-43.33918177443637,2.364956233739746,0.8473729534235935,0.8473729534235935
SB83795_component_3424a,19.572245,-43.989973,2.2160000801086426,10.86274528503418,19.57175640803186,-43.98974538318095,2.005641778224583,1.1048832868201774,1.1048832868201774
SB83795_component_3427a,19.351545,-43.268372,2.5160000324249268,12.969072341918945,19.351320695622675,-43.26831472284097,2.2229797825841966,1.1318141766903955,1.1318141766903955
SB83795_component_3432a,17.243874,-42.151007,2.3289999961853027,12.657608985900879,17.244222787301897,-42.15034075014319,2.556471871900758,0.9110211701463674,0.9110211701463674
SB83795_component_3433a,15.134358,-42.030912,2.4860000610351562,11.951923370361328,15.134380638801103,-42.03078319626415,2.761818181116088,0.9001316878979088,0.9001316878979088
SB83795_component_3440a,17.458101,-46.159625,2.48799991607666,13.595627784729004,17.45800064176797,-46.159840905269284,2.268553556710754,1.096734043909498,1.096734043909498
SB83795_component_3442a,15.719952,-44.809831,2.2179999351501465,12.120218276977539,15.719696159880572,-44.8096015373124,2.515294389244982,0.8818053046331191,0.8818053046331191
SB83795_component_3458a,15.823617,-41.986281,2.2290000915527344,11.257575988769531,15.823997159907929,-41.98619960886894,2.2121707693602453,1.0076076053556011,1.0076076053556011
SB83795_component_3462a,17.732281,-42.400093,2.2720000743865967,12.08510684967041,17.731922293941114,-42.39964764220533,1.8124369011923807,1.2535609228061264,1.2535609228061264
SB83795_component_3465a,16.406682,-42.731452,2.5190000534057617,14.23163890838623,16.406836813718094,-42.73140612891064,2.482208198322538,1.014822227687463,1.014822227687463
SB83795_component_3467a,13.576535,-45.898621,2.2690000534057617,10.652582168579102,13.576632076557166,-45.89870058457828,3.0689915334034996,0.739330828615695,0.739330828615695
SB83795_component_3472a,18.063197,-44.718213,2.2960000038146973,12.278074264526367,18.063415972917202,-44.71835033043036,2.9824793581111684,0.7698293024461283,0.7698293024461283
SB83795_component_3507a,19.573732,-43.774453,2.134000062942505,11.172775268554688,19.573819895010708,-43.77400946342241,2.099587072582741,1.0163903611377412,1.0163903611377412
SB83795_component_3509a,16.274487,-46.830662,2.4110000133514404,10.959091186523438,16.274223852911046,-46.830471027029425,1.8156053999796988,1.3279317264524544,1.3279317264524544
SB83795_component_3510a,16.804447,-43.189846,2.00600004196167,11.021978378295898,16.804167316822515,-43.18967602454402,1.8654277167921198,1.0753566187015196,1.0753566187015196
SB83795_component_3513a,18.025952,-44.364459,2.378999948501587,10.668161392211914,18.026144832575326,-44.36450827884863,1.9896920502540705,1.195662388155898,1.195662388155898
SB83795_component_3514a,18.208435,-44.573971,2.128000020980835,11.379678726196289,18.208156285865346,-44.57411417857676,1.73171111565473,1.2288423870145773,1.2288423870145773
SB83795_component_3522a,17.158604,-43.75017,2.119999885559082,11.521738052368164,17.158135570340182,-43.75013755731783,1.706270775756306,1.24247564670349,1.24247564670349
SB83795_component_3523a,19.119472,-44.67849,2.25600004196167,10.898550987243652,19.119154137647033,-44.67836572489328,1.5340672792738816,1.470600456995276,1.470600456995276
SB83795_component_3532a,15.612168,-46.52601,2.3389999866485596,11.933673858642578,15.611903749066,-46.52620302212712,2.1758778604673576,1.0749684203993715,1.0749684203993715
SB83795_component_3544a,17.162932,-45.972231,2.3559999465942383,13.38636302947998,17.16267901010995,-45.971954794940785,2.921644327884439,0.8063951946882654,0.8063951946882654
SB83795_component_3545a,14.072047,-43.90147,2.3919999599456787,10.823529243469238,14.071859963296289,-43.90124781574095,2.081623174612525,1.1491032522689548,1.1491032522689548
SB83795_component_3547a,18.418047,-42.10654,2.428999900817871,11.511848449707031,18.417935495449022,-42.10654491185974,2.0316306132234505,1.1955913073016466,1.1955913073016466
SB83795_component_3551a,20.048077,-45.580881,2.250999927520752,11.034313201904297,20.04785283868981,-45.581129324465,2.433526656494686,0.9249949744800207,0.9249949744800207
SB83795_component_3554a,20.152177,-44.162417,2.2869999408721924,10.539170265197754,20.15199422481644,-44.16190972372022,1.6615047064106543,1.376463113254006,1.376463113254006
SB83795_component_3563a,14.817924,-44.381433,2.1670000553131104,11.22797966003418,14.818985891241573,-44.381058311004985,2.560924372673563,0.8461788557429354,0.8461788557429354
SB83795_component_3569a,14.801771,-44.985229,2.2019999027252197,10.485713958740234,14.802077887605387,-44.985112573883924,2.1832743169756283,1.0085768359953644,1.0085768359953644
SB83795_component_3575a,19.485066,-42.834319,2.181999921798706,10.490384101867676,19.48486721644898,-42.83398090236116,1.9820280024137782,1.100892580297249,1.100892580297249
SB83795_component_3577a,15.780952,-44.066883,2.444000005722046,14.292397499084473,15.781016556603255,-44.06672270821985,2.336655702831998,1.0459392895410087,1.0459392895410087
SB83795_component_3591a,18.840781,-45.871189,2.0309998989105225,10.30964469909668,18.841032989062434,-45.871022223180674,1.5258890769633207,1.331027221816428,1.331027221816428
SB83795_component_3593a,17.807282,-45.864797,2.056999921798706,10.883597373962402,17.807172408912614,-45.8642733639498,2.227549675486162,0.9234361614628265,0.9234361614628265
SB83795_component_3599a,15.195342,-43.767939,2.2309999465942383,11.559584617614746,15.195541923071826,-43.768222373858286,2.1031934927914726,1.0607678058347043,1.0607678058347043
SB83795_component_3601a,17.93857,-41.870105,2.052999973297119,11.097296714782715,17.938424120341747,-41.86998310336033,1.9097805634266318,1.0749925999945853,1.0749925999945853
SB83795_component_3603a,17.213288,-45.551984,2.0999999046325684,10.82474136352539,17.21332805958156,-45.55184971730607,2.199168398566915,0.9549063664251589,0.9549063664251589
SB83795_component_3620a,17.671171,-45.905727,2.0490000247955322,11.135869979858398,17.670788316043637,-45.90574521049708,2.19837288994814,0.9320529898109635,0.9320529898109635
SB83795_component_3628a,19.295069,-45.407821,2.0380001068115234,10.559585571289062,19.294536858067406,-45.407882733406524,1.7085456608749956,1.1928274166040167,1.1928274166040167
SB83795_component_3631a,15.724021,-44.054934,2.138000011444092,12.576470375061035,15.72403842984208,-44.05474622677654,2.0994277265146075,1.0183727615113098,1.0183727615113098
SB83795_component_3634a,16.681908,-43.235604,2.3410000801086426,14.27439022064209,16.681655414975,-43.23545931616497,2.4740268984222817,0.9462306499583848,0.9462306499583848
SB83795_component_3643a,14.351625,-45.190501,2.1480000019073486,10.478049278259277,14.351353275680843,-45.190320732831566,2.2174862794062804,0.9686643934872344,0.9686643934872344
SB83795_component_3654a,15.372857,-46.2389,2.2890000343322754,12.372973442077637,15.372812170494793,-46.23893150717146,2.758912504323754,0.8296747471132071,0.8296747471132071
SB83795_component_3667a,16.916242,-46.02022,2.2130000591278076,11.897849082946777,16.9157479644561,-46.02058448651032,1.4591564913657558,1.5166296913475414,1.5166296913475414
SB83795_component_3669a,16.788004,-42.917786,2.321000099182129,14.239264488220215,16.78793324542091,-42.91753127055914,1.8786525862673147,1.235459986667206,1.235459986667206
SB83795_component_3681a,14.834602,-44.213563,2.2699999809265137,12.752808570861816,14.834790833296791,-44.21337131794194,1.7961813120795644,1.263792227243683,1.263792227243683
SB83795_component_3683a,17.017687,-45.675138,1.8079999685287476,10.100558280944824,17.017612377623077,-45.67466158241696,1.7641692865889185,1.024844941056976,1.024844941056976
SB83795_component_3694a,14.235985,-43.562093,2.24399995803833,10.34101390838623,14.236593988890498,-43.56165068690743,1.9701481232514275,1.1390006322646198,1.1390006322646198
SB83795_component_3695a,17.929864,-43.266473,2.2130000591278076,13.493902206420898,17.92976152727578,-43.266585064609984,2.22057302688962,0.9965896335449863,0.9965896335449863
SB83795_component_3699a,14.496283,-45.554141,2.246999979019165,11.17910385131836,14.496467189927131,-45.55379442049778,2.5065413089818316,0.8964543975267284,0.8964543975267284
SB83795_component_3706a,18.046388,-46.121655,2.197999954223633,12.010929107666016,18.046429019157483,-46.12152677235386,2.491163045802903,0.8823187859689916,0.8823187859689916
SB83795_component_3717a,19.304683,-43.659659,2.2309999465942383,11.804232597351074,19.30451700604872,-43.65946534337156,2.1948429657367257,1.016473607188283,1.016473607188283
SB83795_component_3723a,14.194616,-44.097102,2.2160000801086426,11.191919326782227,14.194494046588524,-44.09705481945704,1.852176391802348,1.1964303669545526,1.1964303669545526
SB83795_component_3742a,17.354856,-45.565329,2.11899995803833,10.75634479522705,17.354581325719995,-45.5652459147895,1.7079851765391232,1.2406430612776411,1.2406430612776411
SB83795_component_3753a,13.583067,-46.434109,2.1640000343322754,10.112149238586426,13.582741113913723,-46.43357151514874,1.7665506707222194,1.2249861100488937,1.2249861100488937
SB83795_component_3754a,18.694123,-43.32184,2.2330000400543213,11.814815521240234,18.694078097553266,-43.32142990405586,1.817382062168035,1.2286904809605512,1.2286904809605512
SB83795_component_3772a,17.783258,-43.985733,2.0260000228881836,11.446328163146973,17.782938013701266,-43.98517742471172,1.4274851624873082,1.419279216435426,1.419279216435426
SB83795_component_3775a,18.567605,-45.299558,2.2109999656677246,10.681159019470215,18.5673487468,-45.299600268995505,2.3404721131487065,0.9446811834443098,0.9446811834443098
SB83795_component_3780a,19.984361,-43.470101,2.1419999599456787,11.15625,19.984268728224944,-43.46980175126188,2.43618058118666,0.8792451497591011,0.8792451497591011
SB83795_component_3790a,15.860587,-43.834151,2.0759999752044678,12.975000381469727,15.860190012864859,-43.83408913271217,1.7030834273841189,1.218965519729786,1.218965519729786
SB83795_component_3797a,18.939946,-44.811629,2.006999969482422,10.29230785369873,18.939919111294437,-44.8117754661666,1.5785693176277398,1.271404395784484,1.271404395784484
SB83795_component_3805a,18.209897,-43.454084,1.9429999589920044,10.446235656738281,18.210150775618942,-43.454041052202626,1.4820009441687096,1.311065263917143,1.311065263917143
SB83795_component_3837a,17.9307,-43.175486,1.9170000553131104,10.830509185791016,17.930934050111265,-43.175632196443225,1.5376170008812584,1.2467344301047758,1.2467344301047758
SB83795_component_3860a,17.62588,-45.520703,2.072999954223633,11.08556079864502,17.625537249626255,-45.52059231886923,1.854562299194386,1.1177839402451648,1.1177839402451648
SB83795_component_3862a,18.082367,-42.551149,1.8569999933242798,10.611428260803223,18.08217315333351,-42.55056917874884,1.6100611285050226,1.1533723536624634,1.1533723536624634
SB83795_component_3867a,17.342775,-43.343292,1.777999997138977,10.102272987365723,17.342348757249475,-43.343081379402804,1.6551797570088116,1.0742035658725806,1.0742035658725806
SB83795_component_3976a,15.705009,-46.088057,1.8940000534057617,10.349727630615234,15.705308223668702,-46.08802343603438,1.9270850260422943,0.9828315968473482,0.9828315968473482
SB83795_component_4030a,17.007649,-43.92643,1.875,10.901162147521973,17.00757978711336,-43.926567985886116,1.6862475107712742,1.1119364079253065,1.1119364079253065
SB83795_component_4035a,15.486057,-44.093472,1.8320000171661377,10.350282669067383,15.486070274138775,-44.0935867714334,1.747776186479641,1.0481891396267045,1.0481891396267045
SB83795_component_4043a,16.176683,-42.548492,2.0139999389648438,11.777776718139648,16.176357881345396,-42.548201474131204,2.4335658301015375,0.8275921341650381,0.8275921341650381
SB83795_component_4058a,16.908049,-46.074164,1.944000005722046,10.231578826904297,16.907338279649792,-46.0742398693931,1.8440228408361028,1.054216879895377,1.054216879895377
SB83795_component_4061a,17.564268,-46.185206,1.972000002861023,10.378947257995605,17.564791174107654,-46.18495813767319,1.6852553926790346,1.1701490536257257,1.1701490536257257
SB83795_component_4066a,15.829321,-44.702918,1.9110000133514404,10.329730033874512,15.829612232767232,-44.702543761939374,1.946058263462083,0.9819849946073694,0.9819849946073694
SB83795_component_4107a,16.803968,-42.778145,1.8830000162124634,10.947673797607422,16.803566343376676,-42.77802436071029,1.9018817992745474,0.9900720522856435,0.9900720522856435
SB83795_component_4135a,16.094588,-44.280622,1.781000018119812,10.00561809539795,16.094136804461126,-44.280642238305845,1.91261997125347,0.9311834263408855,0.9311834263408855
SB83795_component_4169a,17.461966,-44.800718,1.9210000038146973,10.497267723083496,17.461410869547496,-44.80041699048564,1.9177842874288822,1.0016767873252974,1.0016767873252974
SB83795_component_4256a,17.532125,-42.854272,1.7910000085830688,10.597633361816406,17.532001680437848,-42.85415454379946,1.449045751599936,1.2359858248820443,1.2359858248820443
