Component_ID,RA,DEC,ASKAP_flux,ASKAP_flux_SNR,RA_comp,DEC_comp,Comp_flux,Flux_Ratio_AlphaCorr,Flux_Ratio_NOAlphaCorr
SB81741_component_4a,5.355706,-0.927963,1673.3160400390625,674.4522705078125,5.355874999999999,-0.9278888888888888,1164.0,0.9982912272492878,1.437556735428748
SB81741_component_6a,8.033352,1.61547,1151.446044921875,1958.2415771484375,8.033249999999999,1.6155277777777777,693.9,1.1523355645302764,1.6593832611642527
SB81741_component_9a,11.528069,-0.728309,607.35400390625,1557.3179931640625,11.527999999999999,-0.7284166666666666,384.4,1.0972125860139066,1.5800052130755724
SB81741_component_12a,5.900916,-2.88529,503.9989929199219,646.152587890625,5.900874999999999,-2.8852222222222217,372.3,0.9400888316882592,1.353744273220311
SB81741_component_15a,10.930309,-3.528879,465.15899658203125,596.3577270507812,10.930124999999999,-3.5289999999999995,260.0,1.2423968393455809,1.7890730637770433
SB81741_component_19a,7.139273,0.919779,392.9549865722656,1205.3834228515625,7.139166666666665,0.9196944444444444,246.8,1.1056811604972803,1.5922001076672025
SB81741_component_22a,11.628026,-0.092198,357.3550109863281,1152.758056640625,11.627958333333332,-0.09233333333333332,208.7,1.189076204264617,1.7122904215923724
SB81741_component_23a,6.962772,3.374934,342.8389892578125,571.3983154296875,6.962708333333333,3.3746666666666663,208.8,1.1402287115712553,1.641949182269217
SB81741_component_24a,8.681706,1.506888,338.5360107421875,956.31640625,8.681624999999999,1.506722222222222,233.3,1.0076794322921259,1.4510759140256644
SB81741_component_26a,11.451875,-0.233761,311.2380065917969,934.648681640625,11.451708333333332,-0.23386111111111108,188.9,1.144176248067983,1.6476337035034243
SB81741_component_27a,10.65316,3.478391,315.1940002441406,578.3375854492188,10.653249999999998,3.4781388888888882,207.3,1.0558710944669192,1.5204727459919951
SB81741_component_33a,12.093734,1.616644,256.43798828125,922.4388427734375,12.093708333333332,1.616472222222222,147.2,1.2097811465108106,1.7421058986497964
SB81741_component_35a,6.415222,-3.219872,247.4250030517578,459.8977966308594,6.415208333333332,-3.2198888888888884,156.4,1.0985987395508072,1.5820012982848966
SB81741_component_38a,7.632526,-2.19888,244.1510009765625,844.8131103515625,7.632499999999999,-2.199111111111111,150.6,1.1258118046661878,1.6211885855017432
SB81741_component_43a,9.632358,2.906323,234.46200561523438,905.2586669921875,9.632249999999999,2.906194444444444,144.9,1.123663699609613,1.6180952768477181
SB81741_component_44a,6.899526,-3.302216,222.4010009765625,537.2005004882812,6.899499999999999,-3.3022499999999995,134.9,1.1448723024515044,1.648636033925593
SB81741_component_45a,9.717049,-1.365185,222.17799377441406,292.3394775390625,9.716833333333332,-1.3654444444444442,194.0,0.7953010791709139,1.145247390589763
SB81741_component_47a,11.15801,1.846444,223.52000427246094,792.6240844726562,11.157958333333331,1.8463333333333332,133.9,1.1592259136244325,1.6693054837375723
SB81741_component_52a,12.430176,2.617777,209.70199584960938,475.51470947265625,12.430124999999999,2.6174999999999997,425.3,0.3424044829208329,0.49306841253141165
SB81741_component_54a,7.990823,2.922643,203.4510040283203,650.0032348632812,7.990833333333332,2.9223611111111105,118.0,1.197319597373786,1.7241610510874603
SB81741_component_58a,5.35452,1.779218,198.6060028076172,178.44204711914062,5.354791666666666,1.7790277777777777,123.8,1.1140482145323212,1.6042488110469886
SB81741_component_59a,10.383804,-0.67806,197.38400268554688,565.5701904296875,10.383541666666666,-0.6782222222222222,110.4,1.2415812320282682,1.7878985750502434
SB81741_component_65a,11.00589,-2.249556,181.56500244140625,585.6935424804688,11.006083333333333,-2.249611111111111,116.4,1.0832069063804592,1.5598367907337305
SB81741_component_66a,9.683241,3.189197,176.09500122070312,613.5714111328125,9.683083333333332,3.1891388888888885,113.2,1.0802713589904063,1.5556095514196389
SB81741_component_67a,7.589835,-2.931137,181.11599731445312,553.87158203125,7.589708333333332,-2.9312777777777774,97.6,1.2886626901018763,1.8556966937956263
SB81741_component_73a,10.886306,0.416616,158.5780029296875,669.10546875,10.886375,0.4165277777777777,122.2,0.9011643425574465,1.2976923316668372
SB81741_component_75a,11.535663,0.093771,159.42300415039062,565.3297729492188,11.535624999999998,0.09355555555555554,96.0,1.1532196038973164,1.6606562932332356
SB81741_component_84a,6.675072,3.664866,153.83099365234375,168.67433166503906,6.675083333333332,3.664583333333333,108.6,0.983662875396121,1.416491654257309
SB81741_component_87a,12.359097,2.480702,153.47900390625,410.37164306640625,12.359083333333333,2.480555555555555,106.9,0.9970192132607224,1.4357250131548176
SB81741_component_92a,10.360251,-1.629291,142.51400756835938,226.5723419189453,10.360166666666665,-1.6295277777777775,81.9,1.2083866313158842,1.7400977725074405
SB81741_component_93a,7.730271,-1.475326,136.9149932861328,526.5961303710938,7.730124999999999,-1.4754999999999998,114.2,0.8325631148721195,1.198905370281373
SB81741_component_95a,9.189101,1.625011,139.57200622558594,588.9114379882812,9.189124999999999,1.6248055555555554,87.2,1.1115118497754066,1.6005964016695635
SB81741_component_96a,6.633819,2.616102,134.16900634765625,341.3969421386719,6.633749999999999,2.6158888888888887,99.9,0.9326506044399943,1.3430330965731356
SB81741_component_97a,11.803029,2.334861,133.697998046875,552.4710693359375,11.803041666666665,2.3348888888888886,93.3,0.9951201526001803,1.4329903327639335
SB81741_component_98a,8.303623,3.597554,138.0469970703125,258.5149841308594,8.303541666666666,3.597333333333333,109.3,0.8770797068598924,1.2630100372398216
SB81741_component_99a,5.78443,-3.181145,142.24000549316406,136.37583923339844,5.784624999999999,-3.1809722222222216,87.6,1.1275866231140383,1.6237443549447954
SB81741_component_103a,8.187196,1.757604,134.01300048828125,348.9921875,8.187,1.7576666666666665,96.3,0.966391062202661,1.3916199427651221
SB81741_component_105a,10.178573,2.555517,129.58099365234375,568.3377075195312,10.178624999999998,2.5555277777777774,85.3,1.0549321682313535,1.519120675877418
SB81741_component_106a,7.92847,3.058923,124.3290023803711,383.7314758300781,7.9284583333333325,3.0586666666666664,77.6,1.1126100754351478,1.6021778657264318
SB81741_component_107a,6.290252,-0.675276,123.93499755859375,393.4444274902344,6.290291666666666,-0.6752222222222222,94.4,0.9117047743637627,1.31287073684951
SB81741_component_109a,12.915325,2.2618,122.17400360107422,192.70347595214844,12.915166666666664,2.261611111111111,124.2,0.6831081562347234,0.9836876296382787
SB81741_component_110a,5.218824,1.67999,121.04900360107422,166.27610778808594,5.219083333333333,1.679722222222222,93.2,0.9019398330816919,1.2988090515136719
SB81741_component_114a,12.079723,0.249258,115.98799896240234,434.4119873046875,12.079666666666665,0.2489444444444444,96.8,0.832089342468067,1.1982231297768837
SB81741_component_120a,8.803783,1.075229,111.43499755859375,391.0,8.803749999999999,1.0751944444444443,100.8,0.7677031748077126,1.1055059281606523
SB81741_component_121a,13.190566,-0.405319,119.22000122070312,173.28488159179688,13.190499999999998,-0.4054166666666666,90.7,0.9127967722910675,1.31444323286332
SB81741_component_125a,6.172585,-2.536672,109.2249984741211,273.7468566894531,6.172624999999999,-2.5364999999999998,59.4,1.2769322723280896,1.8388046881165168
SB81741_component_127a,11.488374,-1.436855,117.25399780273438,431.0808410644531,11.488124999999998,-1.436861111111111,73.5,1.1078286202774879,1.5952924871120324
SB81741_component_129a,11.299502,1.180572,102.03199768066406,404.8888854980469,11.299333333333331,1.1805555555555554,65.3,1.085064286161936,1.5625114499335997
SB81741_component_130a,5.832922,-1.792611,103.77400207519531,191.1123504638672,5.833083333333333,-1.7925277777777775,68.9,1.0459275550764242,1.506153876272791
SB81741_component_137a,6.205495,3.143273,99.83999633789062,142.83261108398438,6.205708333333333,3.142972222222222,68.6,1.0106777423145519,1.4553935326223124
SB81741_component_139a,6.95606,1.867094,110.12100219726562,339.879638671875,6.9559999999999995,1.8670555555555552,76.1,1.0048882295199488,1.4470565334726102
SB81741_component_143a,9.068439,-0.007137,100.4739990234375,251.18499755859375,9.068416666666666,-0.0073888888888888875,59.5,1.1726515537172106,1.6886386390493697
SB81741_component_145a,5.713834,-0.871982,101.43599700927734,182.4388427734375,5.713874999999999,-0.872111111111111,65.5,1.0754322676602934,1.5486411757141578
SB81741_component_150a,6.774187,-1.343218,88.53500366210938,355.562255859375,6.774124999999999,-1.3434444444444442,71.3,0.8622987182973519,1.2417251565513236
SB81741_component_154a,9.210182,1.2118,89.52799987792969,345.6679382324219,9.209999999999999,1.2115833333333332,63.1,0.9852848017225944,1.4188272563855735
SB81741_component_155a,8.463456,2.789516,100.2030029296875,354.07421875,8.463291666666665,2.7892777777777775,68.4,1.0173183916387012,1.4649561831825657
SB81741_component_156a,7.740622,3.072755,90.06300354003906,279.6987609863281,7.7405833333333325,3.0726388888888887,50.1,1.2483632099974344,1.7976647413181448
SB81741_component_166a,7.974768,3.187281,87.77999877929688,234.0800018310547,7.974916666666665,3.1872222222222217,67.1,0.9084589568221926,1.3081967031191786
SB81741_component_167a,9.535541,0.226858,88.55999755859375,296.1872863769531,9.535583333333332,0.22669444444444442,95.6,0.6432976493458006,0.926359807098261
SB81741_component_171a,6.286672,-2.671284,82.5780029296875,242.16424560546875,6.286624999999999,-2.671194444444444,119.7,0.47907387243311145,0.6898747111920426
SB81741_component_172a,6.382749,3.468512,82.30599975585938,93.63594818115234,6.3830833333333326,3.468222222222222,57.9,0.9871546410956947,1.4215198576141517
SB81741_component_173a,10.71407,2.842674,86.33300018310547,350.9471435546875,10.713916666666666,2.842444444444444,50.5,1.1871831288512105,1.7095643600614945
SB81741_component_174a,6.208278,-0.711539,82.94100189208984,249.8223114013672,6.208333333333332,-0.7116388888888888,54.1,1.0646436616899395,1.533105395417557
SB81741_component_175a,12.763303,-0.142874,84.54100036621094,219.58702087402344,12.763166666666665,-0.14316666666666664,56.8,1.0335971606470702,1.4883978937713194
SB81741_component_177a,6.087406,2.586985,80.08599853515625,183.26315307617188,6.087583333333333,2.5868055555555554,63.4,0.877201968944683,1.263186096769026
SB81741_component_179a,7.948474,3.989684,83.83899688720703,85.72494506835938,7.9485416666666655,3.989194444444444,60.0,0.9703470366442856,1.397316614786784
SB81741_component_183a,5.866012,-1.250007,81.16600036621094,180.77059936523438,5.866083333333332,-1.2499444444444443,53.7,1.0496200566356928,1.51147114275998
SB81741_component_184a,6.413851,3.575027,78.6510009765625,78.4157485961914,6.414124999999999,3.5746388888888885,55.2,0.9894581664584653,1.4248369742130886
SB81741_component_186a,12.611742,0.53259,77.2249984741211,229.8363037109375,12.611499999999998,0.5323888888888888,67.0,0.800415272197384,1.1526119175241953
SB81741_component_190a,11.286006,1.101814,73.13700103759766,297.30487060546875,11.285916666666665,1.101861111111111,63.5,0.7998263059406279,1.1517637958676796
SB81741_component_198a,10.942031,-2.386161,69.85199737548828,229.7763214111328,10.941958333333332,-2.3863055555555555,57.8,0.8392343502699537,1.2085120653198664
SB81741_component_199a,11.848575,1.90762,72.81800079345703,298.4344177246094,11.848666666666665,1.9073888888888886,48.4,1.044781924718048,1.5045041486251454
SB81741_component_200a,11.183624,0.21768,70.30599975585938,254.7318878173828,11.183499999999999,0.21766666666666665,48.1,1.0150316230206193,1.4616631965875129
SB81741_component_204a,6.104982,-2.790633,73.13400268554688,165.08804321289062,6.105083333333333,-2.790583333333333,39.6,1.2824971783702572,1.846818249635022
SB81741_component_208a,10.215415,-0.984081,66.9990005493164,187.14804077148438,10.215708333333332,-0.9842222222222221,38.4,1.2116281663170727,1.7447656393051147
SB81741_component_215a,5.88156,1.020952,63.15399932861328,136.99349975585938,5.881458333333333,1.0205555555555554,42.3,1.0367946598088877,1.4930023481941674
SB81741_component_216a,7.101614,-1.538761,62.68299865722656,273.7248840332031,7.101541666666666,-1.538833333333333,38.1,1.1425022116032535,1.6452230618694634
SB81741_component_217a,6.391433,-0.283444,67.89199829101562,236.55747985839844,6.391374999999999,-0.2836666666666666,48.0,0.9822219044762679,1.4144166310628254
SB81741_component_222a,10.970212,-3.429021,62.694000244140625,95.57012176513672,10.970041666666665,-3.4289166666666664,47.0,0.9263185991636618,1.3339148988115026
SB81741_component_227a,11.979518,1.681007,58.45800018310547,236.6720733642578,11.979458333333332,1.680972222222222,43.4,0.9353765666382148,1.3469585295646422
SB81741_component_231a,11.036012,-3.658959,59.38399887084961,75.16961669921875,11.035999999999998,-3.6591111111111108,39.8,1.0361404489232386,1.492060273136925
SB81741_component_234a,10.120051,-0.636098,59.09600067138672,168.84571838378906,10.119958333333331,-0.6363888888888888,38.9,1.0549715561401338,1.5191773951513297
SB81741_component_236a,11.005891,-1.533491,57.40800094604492,204.2989501953125,11.005874999999998,-1.5335555555555553,62.8,0.6348118736440789,0.9141401424529446
SB81741_component_241a,7.477433,-2.677016,56.395999908447266,233.04132080078125,7.477458333333332,-2.6774444444444443,31.4,1.2472425368568483,1.7960509524983206
SB81741_component_242a,10.565433,-2.367706,58.02399826049805,150.3212432861328,10.564958333333331,-2.367944444444444,32.1,1.2552634395446902,1.807601191915827
SB81741_component_243a,6.032608,-1.802816,53.834999084472656,144.3297576904297,6.032916666666666,-1.8028888888888888,36.4,1.0270594601628549,1.4789834913316664
SB81741_component_246a,12.82107,0.615281,52.84000015258789,122.03233337402344,12.821333333333332,0.615361111111111,28.2,1.3012057169358733,1.873758870659145
SB81741_component_247a,11.075315,-2.66832,54.564998626708984,169.45651245117188,11.074958333333331,-2.6684166666666664,37.3,1.015868695756373,1.4628685958903214
SB81741_component_250a,11.76708,-1.66218,51.70600128173828,210.18699645996094,11.766874999999999,-1.6623888888888887,33.6,1.068646176073997,1.53886908576602
SB81741_component_251a,10.02879,-0.846457,52.61199951171875,133.19493103027344,10.029374999999998,-0.8463333333333333,30.4,1.2018312286894133,1.730657878674959
SB81741_component_252a,12.721107,-3.202491,53.00699996948242,56.57097244262695,12.720666666666665,-3.2031666666666663,40.3,0.9133988067372786,1.3153101729400105
SB81741_component_255a,5.656365,2.344334,50.935001373291016,68.46102142333984,5.656583333333333,2.344083333333333,36.1,0.9798089025419182,1.41094186629615
SB81741_component_257a,7.532896,-0.001974,50.84000015258789,231.09091186523438,7.532749999999999,-0.0024166666666666664,50.2,0.7032894244800825,1.012749007023663
SB81741_component_259a,12.925142,-3.283824,50.494998931884766,36.6702995300293,12.925041666666665,-3.283944444444444,36.9,0.9502858488468997,1.3684281553356306
SB81741_component_261a,12.414648,-2.069756,51.250999450683594,139.64849853515625,12.414291666666665,-2.0700833333333333,31.6,1.1262829696141956,1.6218670712241643
SB81741_component_268a,5.524985,-0.598873,52.689998626708984,56.35293960571289,5.525124999999999,-0.5988888888888888,33.2,1.1021034563197118,1.587048151406897
SB81741_component_269a,12.429353,-2.293394,50.98099899291992,122.256591796875,12.429374999999999,-2.293361111111111,23.9,1.4812989032321189,2.1330961921723817
SB81741_component_274a,7.877663,0.093806,50.4010009765625,231.19725036621094,7.8776666666666655,0.09352777777777777,38.1,0.9186423163580061,1.322860918020013
SB81741_component_282a,13.250372,-1.211295,51.50199890136719,54.327003479003906,13.25045833333333,-1.2113888888888886,56.4,0.6341284558153236,0.9131560088894891
SB81741_component_283a,12.177952,0.095442,48.61199951171875,183.44151306152344,12.178083333333332,0.09480555555555555,30.7,1.0996066819145012,1.583452752824715
SB81741_component_286a,7.455919,-2.146871,47.11600112915039,188.46400451660156,7.455874999999999,-2.1472499999999997,33.4,0.9796122730741558,1.4106587164416284
SB81741_component_288a,5.329212,-1.559954,48.025001525878906,44.385398864746094,5.329375,-1.5598055555555554,33.1,1.0075617090507452,1.4509063905099366
SB81741_component_290a,10.278561,0.839548,49.07099914550781,233.6714324951172,10.278624999999998,0.8391944444444444,32.2,1.058281708987882,1.5239440728418574
SB81741_component_297a,6.99896,1.98303,45.64099884033203,145.81788635253906,6.998916666666665,1.9828055555555553,31.2,1.0158575368935525,1.462852526933719
SB81741_component_299a,6.536489,-0.958964,45.428001403808594,160.52297973632812,6.536624999999999,-0.9593333333333333,28.2,1.1186823422579342,1.6109220355960494
SB81741_component_302a,11.63121,-0.339931,45.707000732421875,176.4748992919922,11.631249999999998,-0.3401111111111111,40.8,0.7779556187402221,1.1202696257946538
SB81741_component_303a,9.646742,3.122372,45.17599868774414,187.45228576660156,9.646583333333332,3.1222777777777773,29.1,1.0780701814379907,1.552439817448252
SB81741_component_309a,6.432904,2.476956,46.553001403808594,125.14247131347656,6.4331249999999995,2.476694444444444,31.6,1.02304058901306,1.473196246955968
SB81741_component_310a,8.755165,2.900623,45.417999267578125,195.76724243164062,8.754833333333332,2.9000555555555554,32.0,0.9856217564892132,1.4193124771118164
SB81741_component_313a,7.303591,-2.430386,42.3650016784668,161.08364868164062,7.303583333333332,-2.4306944444444443,21.8,1.3495314040341875,1.9433487008471007
SB81741_component_315a,10.125093,-2.818423,44.71699905395508,64.24856567382812,10.12525,-2.8175555555555554,24.8,1.2521409832746337,1.8031048005627046
SB81741_component_318a,12.082577,-1.872924,43.137001037597656,141.89804077148438,12.082499999999998,-1.8731666666666664,25.1,1.1934617050540863,1.718605619027795
SB81741_component_319a,10.281663,-1.085057,46.83700180053711,104.78076171875,10.281208333333332,-1.0847499999999999,20.4,1.5943775846936021,2.295931460810643
SB81741_component_322a,12.987199,1.436918,44.361000061035156,79.92972564697266,12.986666666666665,1.4366388888888888,34.1,0.9033981773963796,1.3009090926989781
SB81741_component_331a,12.399066,-0.206142,42.35900115966797,154.5948944091797,12.398916666666665,-0.20624999999999996,24.2,1.215521389725066,1.7503719487466103
SB81741_component_334a,8.404635,3.85046,44.28200149536133,69.5164794921875,8.404833333333332,3.8500833333333326,35.1,0.8760973902270951,1.2615954841983283
SB81741_component_337a,12.369338,3.039698,40.11600112915039,81.53658294677734,12.369625,3.039444444444444,25.9,1.0755983606276678,1.548880352476849
SB81741_component_339a,10.800007,-2.759098,44.084999084472656,124.53389739990234,10.799833333333332,-2.7596111111111106,30.8,0.9939679487031464,1.431331139106255
SB81741_component_340a,7.617452,3.19782,41.250999450683594,120.26530456542969,7.617416666666665,3.197805555555555,27.2,1.05316843001291,1.516580862157485
SB81741_component_346a,5.778912,1.04366,39.69200134277344,79.70281219482422,5.778666666666666,1.043861111111111,29.2,0.9439574247110118,1.3593151144785425
SB81741_component_348a,12.477241,-3.454773,41.801998138427734,41.47023391723633,12.476999999999999,-3.4548611111111107,27.5,1.0555932600370137,1.5200726595791902
SB81741_component_349a,7.255951,-3.559588,38.832000732421875,69.71633911132812,7.255999999999999,-3.559472222222222,36.5,0.738803873177372,1.0638904310252568
SB81741_component_351a,9.568648,-1.367829,40.70399856567383,51.00751876831055,9.568458333333332,-1.3674999999999997,21.1,1.3396362161157032,1.9290994580888068
SB81741_component_355a,6.098371,1.725372,38.619998931884766,112.5947494506836,6.098541666666666,1.7254444444444441,24.9,1.0770730794014012,1.551003973168063
SB81741_component_363a,9.741534,1.921391,38.27299880981445,181.3886260986328,9.741416666666666,1.9212777777777776,45.9,0.5790446684415445,0.8338343967279838
SB81741_component_367a,5.288043,-1.586107,38.178001403808594,33.51887512207031,5.288791666666666,-1.5864444444444443,28.5,0.9302519529006001,1.339578996624863
SB81741_component_370a,7.648873,3.287138,38.41699981689453,99.01288604736328,7.648833333333332,3.286666666666666,24.4,1.0933667939608769,1.5744672056104316
SB81741_component_371a,10.893794,2.482943,40.59700012207031,163.0401611328125,10.893541666666666,2.482472222222222,23.2,1.2151733009932837,1.749870694916824
SB81741_component_373a,12.683864,1.562246,36.53799819946289,95.39947509765625,12.683208333333331,1.5623055555555554,24.0,1.0572209709719538,1.522416591644287
SB81741_component_376a,9.073875,0.465949,36.51499938964844,118.17152404785156,9.073708333333332,0.4658055555555555,28.0,0.9056190035923105,1.3041071210588728
SB81741_component_377a,6.180048,0.538857,38.689998626708984,126.02604675292969,6.179874999999999,0.5389722222222222,26.5,1.0138766033575104,1.4599999481776975
SB81741_component_378a,13.013732,1.019099,37.446998596191406,75.04408264160156,13.013416666666664,1.0188333333333333,24.2,1.0745680145549488,1.5473966362062566
SB81741_component_379a,12.470045,0.336488,35.939998626708984,115.56269836425781,12.469749999999998,0.3367222222222222,25.1,0.9943438581483359,1.4318724552473698
SB81741_component_382a,10.784776,0.165255,35.48699951171875,145.4385223388672,10.784666666666665,0.16491666666666666,24.5,1.0058551804688693,1.4484489596619898
SB81741_component_383a,8.209068,4.033821,37.44499969482422,39.87752914428711,8.209166666666665,4.033805555555555,22.2,1.1713134163536625,1.686711697965055
SB81741_component_385a,6.954124,0.550146,35.0620002746582,134.85385131835938,6.953999999999999,0.5496944444444444,20.2,1.2053622340694565,1.7357425878543666
SB81741_component_391a,9.169588,-1.327274,35.79999923706055,56.377952575683594,9.169833333333331,-1.3276388888888888,12.7,1.957544111477556,2.818897577721303
SB81741_component_393a,12.678175,-0.00163,34.76100158691406,98.19491577148438,12.677833333333332,-0.0020277777777777777,22.5,1.0728574572054548,1.5449334038628473
SB81741_component_397a,7.269535,2.388941,35.439998626708984,107.7203598022461,7.269624999999999,2.3889166666666664,21.9,1.1237814069566374,1.6182647774752963
SB81741_component_398a,8.128769,-0.411128,32.090999603271484,127.85259246826172,8.129041666666666,-0.4108055555555555,25.6,0.8705135603322919,1.2535546720027924
SB81741_component_401a,10.187521,-2.199307,33.279998779296875,63.63288497924805,10.187,-2.1996666666666664,21.7,1.0650152553422159,1.5336404967417916
SB81741_component_405a,7.680057,-0.759123,31.472999572753906,115.28571319580078,7.679874999999999,-0.7594722222222221,19.8,1.1038376586731564,1.589545432967369
SB81741_component_409a,5.48325,-1.985522,35.08300018310547,39.198883056640625,5.483124999999999,-1.9856111111111108,24.7,0.9863522356990592,1.4203643798828125
SB81741_component_410a,7.204881,-2.064111,31.617000579833984,139.2819366455078,7.204833333333332,-2.0642777777777774,17.4,1.261838226029138,1.8170689988410338
SB81741_component_415a,11.719027,-0.891764,34.117000579833984,137.0160675048828,11.718708333333332,-0.8919444444444443,17.4,1.3616135211937563,1.960747159760574
SB81741_component_418a,12.496203,-3.706534,34.340999603271484,24.546817779541016,12.496791666666665,-3.706944444444444,27.0,0.8832454913623925,1.27188887419524
SB81741_component_419a,7.827734,-2.341325,33.73699951171875,133.3478240966797,7.827666666666666,-2.341333333333333,22.5,1.0412528367281,1.4994222005208333
SB81741_component_424a,8.706595,3.434433,33.21500015258789,90.7513656616211,8.706583333333333,3.4340833333333327,24.3,0.9492055000434734,1.3668724342628762
SB81741_component_428a,10.106307,-1.443796,32.672000885009766,65.08367156982422,10.107041666666666,-1.4431666666666665,18.3,1.2398150482058374,1.78535523961802
SB81741_component_431a,12.384169,3.535384,33.426998138427734,37.348602294921875,12.384333333333332,3.5350833333333327,27.2,0.8534159079364806,1.228933755089255
SB81741_component_433a,12.215758,1.393045,29.878000259399414,101.97269439697266,12.215541666666665,1.3928333333333331,31.5,0.6586781146628073,0.9485079447428385
SB81741_component_436a,10.354916,0.292188,29.823999404907227,119.77510070800781,10.354874999999998,0.29227777777777775,17.8,1.1635314871659315,1.6755055845453497
SB81741_component_439a,12.008779,2.140155,30.483999252319336,117.69883728027344,12.00875,2.1401666666666666,30.4,0.6963548737322118,1.0027631332999782
SB81741_component_440a,7.468725,3.812939,31.68000030517578,41.19636154174805,7.469083333333332,3.812305555555555,23.6,0.9321921361694161,1.3423728942871094
SB81741_component_441a,6.773176,-1.186624,30.77199935913086,124.58300018310547,6.773374999999999,-1.1866666666666665,20.8,1.0273647028502204,1.4794230461120605
SB81741_component_444a,5.883346,-0.644264,32.34700012207031,68.38689422607422,5.882833333333332,-0.6437777777777777,19.6,1.1460675068720303,1.6503571490852198
SB81741_component_451a,7.072387,-2.149153,29.729000091552734,127.59227752685547,7.072458333333333,-2.149194444444444,23.6,0.874783454373819,1.2597033937098616
SB81741_component_452a,12.67671,2.837796,32.63199996948242,59.115943908691406,12.676583333333332,2.8375277777777774,24.2,0.9363982357114793,1.348429750805059
SB81741_component_453a,7.19279,1.372766,30.250999450683594,83.10713958740234,7.192416666666666,1.3726388888888887,16.3,1.2887966072728818,1.855889536851754
SB81741_component_458a,11.86914,3.738809,31.326000213623047,34.768035888671875,11.86925,3.738305555555555,19.0,1.1449423150938058,1.6487368533485813
SB81741_component_459a,12.571359,1.513605,29.30299949645996,82.54366302490234,12.571041666666664,1.513361111111111,26.7,0.7621370543377142,1.0974906178449424
SB81741_component_460a,7.581298,-2.859012,29.989999771118164,103.77162170410156,7.5811666666666655,-2.8596111111111107,17.7,1.176617915869212,1.6943502695546986
SB81741_component_462a,13.09551,0.044348,31.55500030517578,54.87826156616211,13.095416666666665,0.04363888888888888,16.5,1.3280563579881821,1.9124242609197444
SB81741_component_463a,11.20162,1.060681,28.9060001373291,110.7509536743164,11.2015,1.0603333333333331,20.1,0.9986750588201166,1.438109459568612
SB81741_component_469a,7.8371,-2.425382,30.000999450683594,110.70479583740234,7.837291666666665,-2.425694444444444,18.0,1.1574319824978632,1.6667221917046442
SB81741_component_472a,7.353803,0.800302,28.826000213623047,105.5897445678711,7.353624999999999,0.8001388888888887,18.6,1.076226551124621,1.5497849577216691
SB81741_component_473a,11.211753,3.04232,30.648000717163086,92.87272644042969,11.211833333333331,3.042555555555555,18.4,1.1566889506311009,1.6656522128892983
SB81741_component_475a,10.791459,-1.897932,30.7450008392334,98.22684478759766,10.7915,-1.8981944444444443,18.7,1.1417346028691882,1.644117691937615
SB81741_component_480a,12.989763,1.83753,31.200000762939453,50.567264556884766,12.989624999999998,1.8373055555555553,19.2,1.128458615906243,1.62500003973643
SB81741_component_481a,9.177261,-1.113351,28.339000701904297,37.63479232788086,9.177458333333332,-1.1132777777777776,9.4,2.093577003354434,3.014787308713223
SB81741_component_486a,12.858654,-0.243266,28.413999557495117,72.48469543457031,12.858249999999998,-0.24402777777777773,17.1,1.1539009205198019,1.661637401023106
SB81741_component_487a,10.690302,2.640715,29.041000366210938,134.44906616210938,10.690333333333331,2.6408611111111107,17.6,1.1458589607139102,1.6500568389892576
SB81741_component_491a,9.121017,0.506566,27.121000289916992,88.3420181274414,9.120999999999999,0.506361111111111,22.2,0.8483693887945822,1.2216666797259907
SB81741_component_500a,8.770186,3.182199,27.597999572753906,98.2135238647461,8.770166666666665,3.181916666666666,20.0,0.9582522965569371,1.3798999786376953
SB81741_component_501a,7.015366,-1.85108,26.405000686645508,112.36170196533203,7.014916666666665,-1.8511388888888887,16.9,1.0850049995166131,1.5624260761328703
SB81741_component_502a,12.138971,0.099506,26.70400047302246,100.39097595214844,12.139083333333332,0.09933333333333332,17.4,1.0657598117087697,1.53471267086336
SB81741_component_503a,12.587437,-3.611837,25.423999786376953,19.23146629333496,12.587333333333332,-3.6124999999999994,17.3,1.0205400056265108,1.4695953633743903
SB81741_component_505a,12.007939,-2.356127,27.118999481201172,95.15438842773438,12.008,-2.3564999999999996,18.7,1.007080802006931,1.4502138760000627
SB81741_component_509a,10.56914,-2.906197,25.64299964904785,58.949424743652344,10.568791666666666,-2.906472222222222,30.2,0.5896497846978171,0.8491059486439686
SB81741_component_512a,11.822726,2.775724,27.825000762939453,101.18181610107422,11.822708333333331,2.775555555555555,26.8,0.7209956620142902,1.0382462971246065
SB81741_component_517a,9.608922,-2.166004,28.4950008392334,14.841146469116211,9.609083333333333,-2.166833333333333,9.1,2.1745006539973515,3.131318773542132
SB81741_component_519a,5.861186,2.607168,27.11400032043457,42.36562728881836,5.860791666666666,2.606972222222222,17.7,1.063781887008577,1.531864424883309
SB81741_component_520a,6.506452,3.692951,22.993999481201172,23.827980041503906,6.506916666666666,3.692722222222222,19.4,0.8230856841934752,1.1852577052165554
SB81741_component_526a,6.26817,3.312334,26.395000457763672,37.59971618652344,6.268041666666666,3.312111111111111,20.3,0.9029379296720936,1.3002463279686538
SB81741_component_527a,7.948985,-1.505532,26.5939998626709,97.4139175415039,7.949249999999999,-1.5056666666666665,14.7,1.2563151247554032,1.8091156369163877
SB81741_component_528a,9.841676,0.805734,26.422000885009766,117.43112182617188,9.841791666666666,0.8054722222222221,18.9,0.9708142879632767,1.3979894648153317
SB81741_component_533a,11.807287,1.396268,25.988000869750977,106.07347106933594,11.807291666666664,1.3957499999999998,17.4,1.0371841830071047,1.493563268376493
SB81741_component_534a,9.81322,3.623061,25.549999237060547,52.6804084777832,9.812666666666665,3.622833333333333,13.6,1.304620636670668,1.878676414489746
SB81741_component_539a,10.39667,-3.557116,23.047000885009766,24.466032028198242,10.396624999999998,-3.556472222222222,16.5,0.9699799005508511,1.3967879324248342
SB81741_component_541a,12.751273,0.766533,24.878000259399414,69.10555267333984,12.75120833333333,0.765611111111111,17.4,0.9928839275948114,1.4297701298505412
SB81741_component_542a,13.306996,2.47831,22.84000015258789,19.860870361328125,13.306333333333331,2.4774999999999996,16.7,0.9497556639053484,1.3676646797956822
SB81741_component_544a,12.550562,-0.398596,24.56599998474121,74.66869354248047,12.550291666666665,-0.3988055555555555,13.7,1.245220153318342,1.7931386850176068
SB81741_component_548a,11.904561,-1.734571,24.152999877929688,94.34764862060547,11.90425,-1.735083333333333,14.0,1.198050995417337,1.7252142769949776
SB81741_component_549a,10.082448,-0.587954,23.239999771118164,76.44737243652344,10.081999999999999,-0.5883333333333333,18.2,0.8867414145083123,1.2769230643471519
SB81741_component_551a,10.037359,1.662495,24.21500015258789,121.68341827392578,10.037249999999998,1.6621944444444443,14.0,1.2011263687103366,1.7296428680419922
SB81741_component_555a,7.252082,1.970126,26.06399917602539,72.60166931152344,7.252416666666666,1.9698888888888886,18.9,0.9576603570513115,1.379047575451079
SB81741_component_556a,12.630719,1.501752,22.77199935913086,57.79695510864258,12.630499999999998,1.5008333333333332,16.6,0.9526323725613636,1.3718071903090878
SB81741_component_559a,11.359608,-3.652336,24.356000900268555,35.55620574951172,11.359625,-3.6523888888888885,19.6,0.8629431206542792,1.2426531071565587
SB81741_component_567a,10.973679,2.258111,23.23900032043457,94.46747589111328,10.974333333333332,2.257944444444444,14.1,1.1445389850682308,1.6481560510946505
SB81741_component_568a,10.020809,3.60453,23.38800048828125,51.06550216674805,10.020624999999999,3.6039722222222217,22.3,0.7283170752519442,1.0487892595641817
SB81741_component_576a,8.221672,2.448731,24.0,88.88888549804688,8.221583333333331,2.448722222222222,13.0,1.282035792638296,1.8461538461538463
SB81741_component_584a,5.66465,1.682657,24.395999908447266,40.864322662353516,5.664916666666666,1.6826111111111108,14.1,1.201522121861081,1.730212759464345
SB81741_component_588a,12.371701,1.332173,21.160999298095703,78.08486938476562,12.371541666666666,1.332611111111111,14.6,1.0065041683960707,1.449383513568199
SB81741_component_593a,6.918355,-1.601561,21.32699966430664,87.0489730834961,6.918124999999999,-1.601222222222222,12.3,1.2040843494239108,1.733902411732247
SB81741_component_594a,8.718214,1.041388,22.641000747680664,82.63139343261719,8.717833333333331,1.0407499999999998,19.2,0.8188920430030413,1.1792187889417014
SB81741_component_598a,8.567387,1.670203,22.84000015258789,82.75362396240234,8.56725,1.6695833333333332,17.4,0.9115471027137539,1.3126436869303386
SB81741_component_599a,6.957921,0.157778,24.32200050354004,103.49787139892578,6.957791666666666,0.15741666666666665,20.1,0.8403021922126136,1.2100497762955242
SB81741_component_601a,10.346216,0.510276,21.94099998474121,96.65638732910156,10.345833333333331,0.5105277777777777,20.0,0.7618310728901854,1.0970499992370606
SB81741_component_602a,11.542107,-2.158906,22.31399917602539,95.35897064208984,11.5415,-2.1590277777777773,14.5,1.0686652099636722,1.5388964948983028
SB81741_component_604a,10.800415,-2.929516,21.451000213623047,59.58610916137695,10.800958333333332,-2.929277777777777,13.4,1.1116677574714993,1.6008209114644065
SB81741_component_605a,5.248739,-2.065031,21.545000076293945,16.87157440185547,5.249166666666666,-2.0653333333333332,14.9,1.0041358955610948,1.4459731594828151
SB81741_component_606a,12.53746,1.548371,21.26799964904785,66.25544738769531,12.537624999999998,1.547972222222222,14.1,1.047465656745493,1.508368769436018
SB81741_component_607a,13.000599,-0.808808,23.735000610351562,41.35017395019531,13.000333333333332,-0.8086944444444444,16.3,1.0111926486960954,1.4561350067700345
SB81741_component_608a,11.990732,-1.069253,21.650999069213867,82.01136016845703,11.990208333333332,-1.0707499999999999,12.5,1.2028187493014597,1.7320799255371093
SB81741_component_609a,12.453619,2.735133,21.566999435424805,51.47255325317383,12.452791666666664,2.735305555555555,12.5,1.1981521593610627,1.7253599548339844
SB81741_component_611a,6.79353,2.482868,21.756999969482422,56.21963882446289,6.793458333333333,2.4823888888888885,11.7,1.2913542917271656,1.8595726469643097
SB81741_component_612a,11.183147,-3.884337,23.059999465942383,18.763221740722656,11.182749999999999,-3.8851944444444437,14.4,1.1120621557183321,1.6013888518015542
SB81741_component_619a,7.773032,3.830708,22.733999252319336,27.52300262451172,7.772791666666666,3.8305555555555553,13.3,1.187015694757874,1.7093232520540853
SB81741_component_620a,6.317986,2.45836,20.849000930786133,53.458980560302734,6.318041666666666,2.457972222222222,12.6,1.1490712653512587,1.654682613554455
SB81741_component_621a,12.472831,1.371502,21.409000396728516,67.75,12.472958333333331,1.3709999999999998,15.4,0.9654014131812084,1.3901948309563972
SB81741_component_624a,8.239069,-1.801152,22.804000854492188,60.32804489135742,8.239416666666665,-1.8008055555555553,14.9,1.0628134481000349,1.5304698560061871
SB81741_component_633a,9.611196,-0.011934,22.63800048828125,79.71126556396484,9.611249999999998,-0.012027777777777776,11.5,1.3670124989007868,1.9685217815896738
SB81741_component_634a,9.915881,-0.517717,21.121000289916992,55.728233337402344,9.916624999999998,-0.5179722222222222,12.2,1.202228205341415,1.7312295319604094
SB81741_component_644a,6.563847,0.320004,20.114999771118164,82.10203552246094,6.5638749999999995,0.3195833333333333,14.9,0.9374886626993848,1.3499999846388029
SB81741_component_645a,9.399204,-1.647824,22.857999801635742,29.007614135742188,9.398791666666666,-1.648972222222222,10.1,1.57162566262215,2.263168297191658
SB81741_component_646a,7.204434,2.564096,21.336999893188477,64.8541030883789,7.204833333333332,2.564194444444444,14.4,1.02897097343065,1.4817361036936443
SB81741_component_656a,10.090259,-3.343839,22.208999633789062,28.40025520324707,10.090749999999998,-3.3438611111111105,11.9,1.296027737533995,1.866302490234375
SB81741_component_659a,9.263882,0.593824,19.69700050354004,71.62545776367188,9.263958333333331,0.5933333333333333,16.0,0.8548942070077793,1.2310625314712524
SB81741_component_662a,9.542589,2.912292,21.198999404907227,83.13333129882812,9.54225,2.912194444444444,10.2,1.4432695591001512,2.078333274990905
SB81741_component_663a,7.225349,1.87647,20.819000244140625,58.97734069824219,7.225624999999999,1.877083333333333,12.5,1.156597150797127,1.66552001953125
SB81741_component_668a,10.034771,-1.063533,20.04199981689453,46.71794891357422,10.034833333333331,-1.063722222222222,16.9,0.8235436256829797,1.1859171489286706
SB81741_component_670a,7.124738,1.444801,19.36400032043457,53.34435272216797,7.1247083333333325,1.4450277777777776,12.1,1.1113272709811817,1.6003306049945927
SB81741_component_676a,7.137882,-1.703025,18.665000915527344,73.4842529296875,7.137999999999999,-1.704222222222222,12.2,1.0624302942736477,1.5299181078301103
SB81741_component_682a,6.32853,1.377582,20.020999908447266,62.76175308227539,6.328624999999999,1.3777777777777775,12.9,1.0777755178665591,1.5520154967788578
SB81741_component_685a,8.977493,2.391601,19.219999313354492,91.96171569824219,8.977749999999999,2.3913055555555554,14.3,0.9333608732653004,1.3440558960387756
SB81741_component_686a,12.414926,-0.851979,18.959999084472656,66.06271362304688,12.414416666666664,-0.8516388888888888,13.5,0.9752968114533409,1.4044443766276042
SB81741_component_687a,8.100932,3.608269,20.975000381469727,36.1015510559082,8.101083333333332,3.608194444444444,14.1,1.033035213106972,1.48758867953686
SB81741_component_688a,7.411665,3.403253,18.70599937438965,40.57700729370117,7.411666666666665,3.401861111111111,9.4,1.3819277019303293,1.9899999334457072
SB81741_component_689a,10.637721,-0.810273,19.274999618530273,76.1857681274414,10.637416666666665,-0.810361111111111,11.3,1.184535812620166,1.7057521786309975
SB81741_component_690a,11.873642,3.142819,20.908000946044922,54.306495666503906,11.874333333333333,3.142694444444444,13.0,1.1168668985560393,1.6083077650803785
SB81741_component_692a,10.553697,-1.828467,19.680999755859375,55.911930084228516,10.553458333333332,-1.8286944444444442,10.6,1.2893580958526913,1.8566980901754129
SB81741_component_696a,5.96975,-0.673235,21.131000518798828,47.592342376708984,5.969541666666666,-0.6731666666666666,11.8,1.2435702224281795,1.7907627558304091
SB81741_component_698a,10.975665,-3.042176,19.06399917602539,48.26328659057617,10.974833333333333,-3.043444444444444,14.8,0.89450867350335,1.288108052434148
SB81741_component_699a,6.690872,-1.015956,18.8799991607666,77.69547271728516,6.690999999999999,-1.0158888888888888,12.0,1.0925793436044757,1.5733332633972168
SB81741_component_700a,8.712552,1.363518,18.507999420166016,63.60137176513672,8.71225,1.3632499999999999,13.7,0.9381475978958685,1.3509488627858406
SB81741_component_701a,9.197689,1.053106,20.58799934387207,83.35222625732422,9.197333333333333,1.0528055555555553,12.0,1.1914207526026066,1.7156666119893391
SB81741_component_702a,11.787606,-0.693854,19.674999237060547,77.76679992675781,11.787458333333332,-0.6943055555555555,9.8,1.3941866162693717,2.007652983373525
SB81741_component_708a,6.062443,-2.948457,19.628999710083008,34.37653350830078,6.061958333333332,-2.947944444444444,10.7,1.2739331877966158,1.8344859542133654
SB81741_component_716a,6.261771,-2.246044,19.652999877929688,65.2923583984375,6.261666666666666,-2.245972222222222,13.4,1.0184889321855874,1.4666417819350512
SB81741_component_717a,9.846667,-0.248001,17.97599983215332,61.14285659790039,9.847166666666665,-0.24788888888888885,19.5,0.6401631998133488,0.9218461452386318
SB81741_component_718a,11.604876,0.52176,18.738000869750977,87.15348815917969,11.604958333333332,0.5215833333333333,11.3,1.1515348133023875,1.658230165464688
SB81741_component_719a,7.047444,-3.936375,19.21299934387207,17.530109405517578,7.046999999999999,-3.9360277777777775,11.1,1.201999951036566,1.7309008417902767
SB81741_component_721a,8.018249,-0.573235,18.545000076293945,78.24894714355469,8.018374999999999,-0.5740277777777777,20.1,0.6407122726777652,0.9226368197161167
SB81741_component_723a,12.296847,-2.063102,18.93899917602539,58.095088958740234,12.296624999999999,-2.0635,10.9,1.206598519362969,1.7375228601858157
SB81741_component_725a,8.306855,3.785643,16.89699935913086,27.035198211669922,8.306833333333332,3.785305555555555,11.3,1.0383969526758754,1.495309677799191
SB81741_component_728a,10.590213,1.204723,18.270000457763672,85.37383270263672,10.590708333333332,1.2043888888888887,9.8,1.2946272480392178,1.8642857609962928
SB81741_component_734a,12.11152,2.047471,18.766000747680664,68.23999786376953,12.111083333333331,2.047361111111111,11.5,1.1331989143537944,1.6318261519722317
SB81741_component_737a,10.081971,1.29358,17.43600082397461,81.0976791381836,10.082166666666666,1.293222222222222,15.0,0.8072125077180041,1.1624000549316407
SB81741_component_738a,7.161118,-2.358817,19.631999969482422,84.25751495361328,7.1607916666666656,-2.3594166666666663,11.6,1.1752731549761322,1.6924137904726226
SB81741_component_739a,8.750736,1.185464,19.201000213623047,63.16118621826172,8.750166666666665,1.184583333333333,10.6,1.257911964890582,1.8114151144927404
SB81741_component_741a,8.389493,0.506555,17.764999389648438,69.12451171875,8.389541666666666,0.5074722222222221,11.7,1.054415049709573,1.5183760162092683
SB81741_component_743a,10.586314,-2.445816,19.249000549316406,55.63295364379883,10.586624999999998,-2.446166666666666,9.3,1.4373333324264876,2.069785005302839
SB81741_component_756a,6.823876,2.576499,17.635000228881836,56.70418167114258,6.823583333333333,2.576222222222222,10.9,1.1235210988377053,1.6178899292552142
SB81741_component_758a,12.83885,0.557062,18.55299949645996,43.449649810791016,12.83875,0.5565277777777777,12.3,1.0474692493170914,1.5083739428016227
SB81741_component_764a,12.462144,-0.07946,17.39699935913086,63.26181411743164,12.461958333333332,-0.0801111111111111,11.8,1.0238223383398528,1.4743219795873608
SB81741_component_766a,5.434213,0.692997,16.59000015258789,14.919065475463867,5.433458333333332,0.693361111111111,11.2,1.0286334149605734,1.4812500136239188
SB81741_component_768a,12.790006,-2.847304,17.648000717163086,22.28282928466797,12.789958333333331,-2.847361111111111,13.1,0.9355273271082128,1.3471756272643578
SB81741_component_769a,7.393469,1.713855,19.06100082397461,49.380828857421875,7.394083333333333,1.7134166666666664,11.0,1.2033314730983542,1.7328182567249646
SB81741_component_770a,6.076992,0.609556,17.937999725341797,47.83466720581055,6.077041666666666,0.61025,14.6,0.8532050515151638,1.2286301181740957
SB81741_component_772a,11.182683,-0.293317,17.275999069213867,72.28451538085938,11.181541666666666,-0.29277777777777775,11.2,1.071167556116573,1.5424999168940954
SB81741_component_774a,8.855701,2.223966,17.426000595092773,71.12653350830078,8.855458333333333,2.223972222222222,10.3,1.1748779705128938,1.691844717970172
SB81741_component_779a,7.884833,-3.241973,18.065000534057617,44.8263053894043,7.885249999999999,-3.2418888888888886,9.8,1.2801007849617063,1.8433674014344505
SB81741_component_782a,7.031361,-3.740549,18.143999099731445,24.753068923950195,7.031374999999999,-3.7399999999999993,14.7,0.8571324588347096,1.2342856530429556
SB81741_component_785a,11.987555,-3.059887,16.177000045776367,40.24129104614258,11.987083333333333,-3.060472222222222,16.6,0.6767404869240875,0.974518075046769
SB81741_component_786a,12.197055,-3.303006,16.784000396728516,29.653711318969727,12.197291666666665,-3.302694444444444,12.7,0.9177492135150824,1.3215748343880722
SB81741_component_788a,7.600315,-3.187968,17.3700008392334,46.56836700439453,7.600916666666666,-3.188166666666666,9.3,1.2970274028795157,1.8677420257240211
SB81741_component_791a,6.564073,3.287057,17.757999420166016,32.05414962768555,6.564166666666666,3.2865277777777773,12.9,0.9559531046832629,1.3765891023384509
SB81741_component_792a,10.08888,-0.016761,16.58099937438965,69.0875015258789,10.088999999999999,-0.017416666666666664,12.1,0.9516069241868091,1.370330526809062
SB81741_component_794a,9.550452,-0.989536,15.92300033569336,34.46536636352539,9.549458333333332,-0.9896388888888887,3.5,3.1592872932756704,4.54942866734096
SB81741_component_797a,12.393572,-1.07452,16.406999588012695,58.59642791748047,12.393291666666665,-1.0741944444444442,11.7,0.9738129963719468,1.4023076570951023
SB81741_component_804a,6.436324,-0.009452,16.945999145507812,64.18939208984375,6.436333333333333,-0.010027777777777776,10.9,1.0796250260140172,1.55467882068879
SB81741_component_805a,7.080118,-3.492873,17.795000076293945,32.29582595825195,7.079083333333332,-3.493666666666666,15.0,0.8238326426709183,1.1863333384195964
SB81741_component_809a,13.380987,-1.577867,17.030000686645508,15.044170379638672,13.381333333333332,-1.5786388888888887,9.0,1.3140273869266013,1.8922222985161676
SB81741_component_811a,6.135131,1.535887,17.64699935913086,52.8353271484375,6.1354999999999995,1.5354722222222221,12.6,0.9725962385711668,1.4005555046929254
SB81741_component_818a,8.307175,-2.160832,17.299999237060547,59.86158752441406,8.307416666666665,-2.160444444444444,7.4,1.6234788122119865,2.337837734737912
SB81741_component_823a,10.833569,3.09156,16.731000900268555,53.970970153808594,10.833624999999998,3.091722222222222,10.8,1.075797245410887,1.549166750024866
SB81741_component_824a,11.606152,1.789458,16.351999282836914,72.3539810180664,11.606333333333332,1.7894166666666664,10.6,1.071265836097896,1.5426414417770675
SB81741_component_825a,11.554027,-2.113626,15.652000427246094,59.287879943847656,11.553916666666666,-2.1128888888888886,6.1,1.7818546589040443,2.5659017093846055
SB81741_component_828a,12.152505,1.789587,15.567000389099121,57.86989212036133,12.152833333333332,1.7903888888888886,8.5,1.271798391553488,1.8314118104822494
SB81741_component_830a,11.690535,2.645807,16.020000457763672,60.45283508300781,11.689791666666665,2.6462499999999998,11.2,0.9932915989737868,1.4303571837288993
SB81741_component_835a,5.361457,-0.650003,17.215999603271484,14.030969619750977,5.361708333333333,-0.6473888888888888,11.7,1.0218299859926272,1.4714529575445714
SB81741_component_841a,10.068404,-1.299218,15.57699966430664,33.71644973754883,10.067083333333333,-1.2988055555555553,9.8,1.103798998512865,1.5894897616639427
SB81741_component_842a,8.995905,1.077683,15.95300006866455,62.07392883300781,8.995916666666666,1.0779999999999998,15.2,0.7288380541224203,1.0495394782016152
SB81741_component_845a,5.991651,2.02616,14.92199993133545,37.96946334838867,5.991374999999999,2.0264166666666665,12.0,0.8635312296053371,1.243499994277954
SB81741_component_846a,6.0361,3.369592,15.088000297546387,16.241119384765625,6.0367083333333325,3.370027777777777,10.5,0.9978715613900494,1.436952409290132
SB81741_component_850a,8.901331,-0.107586,15.586000442504883,42.58470153808594,8.901416666666666,-0.10849999999999999,13.3,0.8137955376183537,1.171879732519164
SB81741_component_852a,10.292268,0.500742,14.777999877929688,75.39795684814453,10.291833333333331,0.5003888888888888,10.5,0.9773691358429879,1.4074285598028273
SB81741_component_856a,7.161859,1.082862,15.050999641418457,50.00332260131836,7.161333333333332,1.0823055555555554,9.1,1.1485666818621798,1.653956004551479
SB81741_component_864a,9.305693,3.469452,14.581999778747559,44.86769485473633,9.304749999999999,3.4692222222222218,9.0,1.1251407100915514,1.6202221976386175
SB81741_component_867a,7.754351,3.22866,15.937999725341797,42.95956802368164,7.7541666666666655,3.2278888888888884,9.9,1.1179718831747376,1.609898962155737
SB81741_component_873a,12.7327,-1.440772,15.562999725341797,39.5,12.731958333333331,-1.4411944444444442,9.3,1.1620976476398117,1.6734408306819135
SB81741_component_876a,6.406892,1.53358,15.199000358581543,52.591697692871094,6.407166666666666,1.5338055555555554,9.7,1.0881168906198877,1.5669072534620148
SB81741_component_877a,6.616272,2.99911,14.519000053405762,34.65155029296875,6.616124999999999,2.9981111111111107,8.7,1.1589100126589356,1.668850580851237
SB81741_component_882a,10.703778,-2.248775,15.284000396728516,45.62388229370117,10.704416666666665,-2.2492777777777775,8.6,1.234158247688713,1.7772093484568041
SB81741_component_884a,12.277948,-3.120649,15.053999900817871,28.138317108154297,12.277791666666666,-3.120583333333333,9.1,1.1487956366203493,1.6542857033865792
SB81741_component_887a,12.499106,1.76391,15.543999671936035,48.273292541503906,12.499541666666666,1.7638888888888886,8.8,1.22662656828759,1.7663635990836402
SB81741_component_888a,11.341509,0.524031,14.8100004196167,64.67249298095703,11.3425,0.5253888888888888,6.0,1.7140997093762378,2.4683334032694497
SB81741_component_890a,6.819627,2.050017,15.133999824523926,50.11258316040039,6.819708333333333,2.0498888888888884,10.4,1.0105379927511127,1.4551922908196082
SB81741_component_893a,12.820219,2.342406,15.149999618530273,30.42168617248535,12.821374999999998,2.3420277777777776,8.2,1.2830129217599615,1.847560929089058
SB81741_component_896a,6.489637,-0.304847,14.553999900817871,51.06666564941406,6.489125,-0.3054444444444444,9.2,1.0985676376165552,1.5819565109584643
SB81741_component_902a,8.062739,3.762119,13.845999717712402,21.010622024536133,8.062416666666666,3.7616666666666663,9.4,1.0228895119617532,1.4729786933736597
SB81741_component_916a,7.461472,-3.729777,12.961999893188477,16.512102127075195,7.461666666666666,-3.7292222222222215,10.4,0.8655076982938227,1.246346143575815
SB81741_component_920a,8.19828,-0.824407,14.041999816894531,54.007694244384766,8.198291666666666,-0.8238333333333332,7.0,1.393038706852556,2.005999973842076
SB81741_component_921a,13.221201,-2.404204,13.163000106811523,11.944645881652832,13.221708333333332,-2.4048888888888884,7.5,1.218781581003573,1.7550666809082032
SB81741_component_925a,11.725877,1.115863,14.734999656677246,62.702125549316406,11.725916666666665,1.1159444444444444,10.9,0.9387628460888838,1.3518348308878207
SB81741_component_929a,8.330398,-1.213739,13.637999534606934,40.468841552734375,8.328999999999999,-1.2123888888888887,6.0,1.5784530976635878,2.272999922434489
SB81741_component_932a,11.105841,-2.460105,14.178999900817871,49.23263931274414,11.106208333333331,-2.4596388888888887,9.3,1.0587536285691024,1.5246236452492334
SB81741_component_940a,11.757004,-0.006771,14.574999809265137,59.48979568481445,11.757041666666666,-0.006916666666666666,10.0,1.0121405359636049,1.4574999809265137
SB81741_component_945a,8.626291,1.91456,14.595999717712402,57.015621185302734,8.625416666666666,1.914583333333333,9.0,1.126220939244421,1.6217777464124892
SB81741_component_947a,11.820704,-3.652244,14.47599983215332,18.89817237854004,11.820124999999999,-3.652166666666666,7.3,1.377076192623315,1.9830136756374412
SB81741_component_949a,11.736494,1.723329,14.741999626159668,63.818180084228516,11.737083333333333,1.723583333333333,10.2,1.0036643189761518,1.445294080996046
SB81741_component_951a,12.62722,0.227324,14.491000175476074,49.28911590576172,12.62770833333333,0.22788888888888886,6.4,1.5723551539657943,2.2642187774181366
SB81741_component_953a,6.212243,1.283523,13.112000465393066,43.56146240234375,6.211958333333333,1.2825277777777777,9.1,1.0005984470073754,1.4408791720212162
SB81741_component_954a,7.400707,1.505168,14.48799991607666,37.631168365478516,7.400208333333333,1.5045277777777777,8.2,1.226949938668505,1.7668292580581295
SB81741_component_955a,12.586346,-2.045792,14.383000373840332,36.97429275512695,12.586541666666665,-2.0461666666666662,11.3,0.88390035657195,1.2728318914902947
SB81741_component_961a,7.806166,1.454245,13.913999557495117,35.76863479614258,7.805041666666666,1.453472222222222,8.7,1.1106187302155555,1.5993102939649562
SB81741_component_964a,9.285254,-1.269425,13.064000129699707,14.862343788146973,9.285166666666665,-1.271722222222222,4.2,2.1600268342954636,3.110476221357073
SB81741_component_974a,10.18473,-2.233046,13.65999984741211,27.26546859741211,10.184833333333332,-2.231,7.1,1.336055830478919,1.923943640480579
SB81741_component_975a,12.621175,-0.118192,13.390999794006348,42.78274917602539,12.621249999999998,-0.1184722222222222,8.1,1.1480485260116584,1.653209851111895
SB81741_component_977a,8.867603,3.333755,14.133000373840332,47.26755905151367,8.867833333333332,3.333916666666666,8.1,1.211662347614395,1.7448148609679424
SB81741_component_979a,5.691377,-2.124405,14.102999687194824,23.943973541259766,5.691374999999999,-2.1248611111111106,5.9,1.6599375351211574,2.390338930033021
SB81741_component_981a,12.627266,-1.253777,13.585000038146973,37.11748504638672,12.625124999999999,-1.2540833333333332,6.4,1.4740490351214937,2.1226562559604645
SB81741_component_984a,12.075178,0.195814,12.711999893188477,50.847999572753906,12.073791666666665,0.1948333333333333,6.2,1.4238179110756968,2.050322563417496
SB81741_component_988a,7.618865,3.59421,13.36400032043457,23.486820220947266,7.618999999999999,3.593694444444444,10.1,0.9188558072077067,1.3231683485578782
SB81741_component_989a,10.453148,3.927423,13.616999626159668,18.653423309326172,10.453624999999999,3.926722222222222,10.8,0.875568101149795,1.2608332987184876
SB81741_component_990a,8.734846,1.083838,13.343999862670898,50.16541290283203,8.735166666666666,1.0851666666666666,5.6,1.6547418953255937,2.382857118334089
SB81741_component_995a,6.758352,0.679061,12.317000389099121,49.268001556396484,6.758291666666666,0.6790555555555554,9.9,0.863976681977877,1.2441414534443556
SB81741_component_996a,12.500367,-3.359805,13.37600040435791,15.148358345031738,12.499499999999998,-3.357166666666666,11.3,0.822015658737113,1.1837168499431778
SB81741_component_998a,10.502113,1.75903,13.13599967956543,61.67136001586914,10.501541666666665,1.7586666666666664,11.7,0.7796676741337069,1.1227350153474727
SB81741_component_999a,12.185925,3.130426,12.074999809265137,24.743852615356445,12.185916666666666,3.1304722222222217,10.4,0.8062803099780469,1.1610576739678016
SB81741_component_1001a,9.805123,-0.535654,13.163000106811523,33.15616989135742,9.805291666666665,-0.53575,6.0,1.523476976254466,2.193833351135254
SB81741_component_1007a,7.779825,-1.35387,12.222000122070312,46.82758712768555,7.7794583333333325,-1.3536944444444443,8.1,1.0478268569115685,1.5088889039592979
SB81741_component_1012a,10.093455,0.994325,12.670999526977539,64.97948455810547,10.093458333333333,0.9967499999999999,6.4,1.374874830645479,1.9798436760902405
SB81741_component_1013a,11.617136,0.921898,13.527999877929688,62.05504608154297,11.616708333333332,0.921361111111111,8.4,1.1183727212403802,1.6104761759440103
SB81741_component_1016a,6.297872,2.943085,12.029999732971191,23.774703979492188,6.298208333333332,2.942611111111111,9.6,0.8702151612859234,1.2531249721844993
SB81741_component_1017a,9.399317,0.280682,12.21500015258789,41.26689147949219,9.399999999999999,0.2813333333333333,8.0,1.0603170637244739,1.5268750190734863
SB81741_component_1018a,8.824979,3.602596,13.803999900817871,30.675556182861328,8.824499999999999,3.602111111111111,10.7,0.8958874042348598,1.2900934486745674
SB81741_component_1020a,7.628692,-0.572973,11.678999900817871,48.866111755371094,7.629291666666665,-0.5722222222222222,7.4,1.0959890013281477,1.5782432298402527
SB81741_component_1022a,11.587705,-0.327692,12.553000450134277,50.82186508178711,11.587833333333332,-0.3277222222222222,6.8,1.2819494268811165,1.8460294779609232
SB81741_component_1029a,11.349897,-4.057224,10.149999618530273,14.68885612487793,11.350291666666665,-4.057666666666666,6.5,1.0843885671850717,1.5615384028508112
SB81741_component_1036a,7.520768,0.417055,12.402999877929688,48.83070755004883,7.520583333333333,0.41636111111111107,7.8,1.104242345805158,1.5901281894781651
SB81741_component_1040a,11.594538,-0.172911,11.454999923706055,46.565040588378906,11.594291666666665,-0.1735,6.9,1.1528644854419168,1.6601449164791382
SB81741_component_1047a,12.930044,1.628229,11.548999786376953,21.546640396118164,12.928708333333331,1.6283055555555555,8.5,0.9435343345048761,1.358705857220818
SB81741_component_1048a,10.76908,-1.133365,11.54800033569336,46.7530403137207,10.768874999999998,-1.133361111111111,7.4,1.0836956471219215,1.560540585904508
SB81741_component_1051a,8.346549,3.628458,12.098999977111816,26.131750106811523,8.346291666666666,3.627722222222222,7.5,1.120264240751303,1.6131999969482422
SB81741_component_1052a,6.52034,0.501192,11.430999755859375,45.00393295288086,6.518333333333333,0.5017777777777778,7.5,1.0584131156914858,1.52413330078125
SB81741_component_1054a,12.248549,1.329375,11.368000030517578,41.18840789794922,12.249624999999998,1.3294444444444442,10.9,0.7242522098160478,1.0429357826162915
SB81741_component_1055a,10.811627,1.22965,12.116000175476074,53.84889221191406,10.811374999999998,1.2299444444444443,5.6,1.5024620279124898,2.163571459906442
SB81741_component_1056a,11.309932,2.810893,12.074000358581543,44.55350875854492,11.310374999999999,2.8096944444444443,6.3,1.330892249076581,1.9165079934256417
SB81741_component_1059a,12.990005,0.478541,12.508000373840332,25.95020866394043,12.990458333333331,0.47819444444444437,7.0,1.2408580610521094,1.7868571962629045
SB81741_component_1060a,10.826061,0.21999,11.26200008392334,48.33476638793945,10.825499999999998,0.2189444444444444,8.0,0.9775923627901446,1.4077500104904175
SB81741_component_1066a,8.688114,0.04273,11.491000175476074,38.560401916503906,8.688291666666666,0.043,5.4,1.4777342263599726,2.127962995458532
SB81741_component_1067a,12.107127,1.179036,11.350000381469727,45.0396842956543,12.107166666666664,1.1789444444444444,7.7,1.0236168158091585,1.474026023567497
SB81741_component_1070a,5.621741,2.235254,10.88700008392334,14.120622634887695,5.621833333333333,2.2347777777777775,8.3,0.9108825761375305,1.3116867570991975
SB81741_component_1071a,8.167731,-1.460139,12.652000427246094,40.0379753112793,8.167874999999999,-1.4603055555555553,7.5,1.1714673675036587,1.6869333902994792
SB81741_component_1072a,11.362104,-0.348069,11.685999870300293,44.26515197753906,11.362333333333332,-0.34777777777777774,8.5,0.954727016590142,1.3748235141529757
SB81741_component_1073a,13.052097,0.162672,11.762999534606934,22.88521385192871,13.051499999999999,0.1627222222222222,11.8,0.6922585579731573,0.9968643673395706
SB81741_component_1075a,7.387692,2.085058,11.779000282287598,34.14202880859375,7.387958333333333,2.084861111111111,6.4,1.2780878875264374,1.8404687941074371
SB81741_component_1077a,6.813212,2.727666,11.986000061035156,39.688743591308594,6.812124999999999,2.7271388888888883,5.7,1.460265015749666,2.1028070282517817
SB81741_component_1082a,8.933533,-0.194631,12.64799976348877,34.091644287109375,8.932749999999999,-0.19541666666666666,3.9,2.252109500287959,3.2430768624330177
SB81741_component_1085a,11.229167,0.422736,12.791999816894531,52.64197540283203,11.229499999999998,0.42363888888888884,8.4,1.057526890480442,1.5228571210588726
SB81741_component_1090a,12.356243,2.412116,11.057000160217285,33.104793548583984,12.356166666666665,2.411861111111111,8.4,0.914092805257327,1.31630954288301
SB81741_component_1092a,6.597856,2.078753,11.762999534606934,38.6940803527832,6.598708333333333,2.078722222222222,7.7,1.0608637641666567,1.5276622772216797
SB81741_component_1097a,6.977057,-2.830523,11.145999908447266,40.97793960571289,6.976583333333332,-2.830083333333333,7.9,0.9797701516658402,1.4108860643604133
SB81741_component_1101a,11.508197,-1.776026,12.371000289916992,50.08502197265625,11.508208333333332,-1.7763611111111108,6.5,1.3216720968676934,1.9032308138333833
SB81741_component_1103a,7.780561,3.522166,12.338000297546387,28.298166275024414,7.780541666666665,3.5216388888888885,6.4,1.338742538303863,1.927812546491623
SB81741_component_1104a,9.042368,3.302926,11.680999755859375,37.08253860473633,9.042833333333332,3.301916666666666,6.7,1.2107025942197878,1.7434327993819962
SB81741_component_1105a,8.278318,0.807821,10.925999641418457,44.7786865234375,8.277708333333333,0.8094444444444443,6.5,1.1672935508876374,1.6809230217566857
SB81741_component_1112a,6.157268,2.022598,11.5600004196167,29.71722412109375,6.157958333333332,2.0222777777777776,6.9,1.1634320405266318,1.675362379654594
SB81741_component_1115a,7.90215,-1.606095,10.763999938964844,40.31460952758789,7.901708333333333,-1.6056944444444443,15.2,0.4917703714863534,0.7081578907213714
SB81741_component_1117a,13.063929,0.187731,11.607000350952148,21.817668914794922,13.064499999999999,0.1886111111111111,5.7,1.4140911450008546,2.0363158510442365
SB81741_component_1121a,11.022706,3.452338,11.4399995803833,25.36585235595703,11.022291666666666,3.451055555555555,9.7,0.8190049660122003,1.1793814000395155
SB81741_component_1122a,7.789295,2.27141,11.902000427246094,43.59707260131836,7.787999999999999,2.2713888888888887,7.4,1.1169159750700177,1.608378436114337
SB81741_component_1126a,6.488838,3.59389,11.45300006866455,13.3953218460083,6.489125,3.593222222222222,8.3,0.9582380937475832,1.3798795263451265
SB81741_component_1127a,12.146404,-0.51073,10.836000442504883,43.34400177001953,12.146833333333332,-0.5115833333333333,6.3,1.194430062251083,1.7200000702388702
SB81741_component_1129a,12.002732,0.818492,10.868000030517578,48.9549560546875,12.003291666666666,0.8191944444444443,7.2,1.0482126471975068,1.509444448682997
SB81741_component_1132a,8.510887,2.124857,10.859999656677246,40.22221755981445,8.511458333333332,2.126138888888889,6.9,1.0929819292433445,1.5739129937213399
SB81741_component_1139a,6.652892,1.384439,10.848999977111816,43.570281982421875,6.652541666666666,1.3848055555555554,7.2,1.0463801024586934,1.506805552376641
SB81741_component_1141a,6.922554,-2.130169,11.534000396728516,47.858924865722656,6.922416666666666,-2.1296666666666666,8.3,0.9650151477501676,1.3896386020154836
SB81741_component_1142a,11.299701,-3.407259,10.628000259399414,20.321224212646484,11.299999999999999,-3.4071388888888885,7.2,1.0250648007948429,1.4761111471388075
SB81741_component_1145a,5.725279,-1.307136,10.270000457763672,18.98336410522461,5.725916666666666,-1.3061388888888887,5.8,1.229630792416963,1.7706897340971848
SB81741_component_1156a,6.157973,3.786728,10.973999977111816,23.70194435119629,6.158124999999999,3.786472222222222,4.4,1.7319866464763205,2.494090903889049
SB81741_component_1158a,6.793404,-0.693857,10.12600040435791,45.20535659790039,6.793166666666666,-0.6942777777777777,14.9,0.4719368971211887,0.6795973425743563
SB81741_component_1161a,12.671961,1.529912,10.857999801635742,28.056846618652344,12.672249999999998,1.5300277777777775,6.6,1.1424525061113322,1.6451514850963247
SB81741_component_1170a,13.066065,-0.630038,10.121999740600586,17.391752243041992,13.066374999999999,-0.6299722222222222,5.2,1.351746454221406,1.9465384116539588
SB81741_component_1172a,12.43813,1.195254,10.776000022888184,37.943660736083984,12.438374999999999,1.195861111111111,10.7,0.6993684988340293,1.0071028058774003
SB81741_component_1175a,6.04478,2.09995,9.881999969482422,21.389610290527344,6.043499999999999,2.0992777777777776,7.6,0.90294961419107,1.3002631538792662
SB81741_component_1176a,8.535925,2.365792,10.26099967956543,38.003700256347656,8.535666666666666,2.365333333333333,6.7,1.0635236016597547,1.5314924894873776
SB81741_component_1177a,7.602472,3.492132,10.46399974822998,22.747825622558594,7.603208333333332,3.492083333333333,7.7,0.9437115191994392,1.3589610062636337
SB81741_component_1178a,8.851117,0.231528,11.005999565124512,38.08304214477539,8.852125,0.23186111111111107,7.4,1.0328328259643291,1.4872972385303393
SB81741_component_1179a,6.870943,2.128148,10.670999526977539,37.44210433959961,6.871124999999999,2.128833333333333,6.6,1.122776789005997,1.616818110148112
SB81741_component_1181a,5.342109,1.164579,10.303000450134277,11.05472183227539,5.342583333333333,1.1648055555555554,5.5,1.3008681782752125,1.8732728091153232
SB81741_component_1186a,11.997018,1.588002,11.303999900817871,44.329410552978516,11.997791666666664,1.5873055555555553,5.9,1.3304923880421422,1.9159321865793
SB81741_component_1187a,9.687299,1.508919,10.880999565124512,51.325469970703125,9.688791666666665,1.5091388888888886,6.2,1.2187352266681966,1.7549999298587922
SB81741_component_1188a,5.766282,-1.135105,10.942999839782715,22.656312942504883,5.766249999999999,-1.1355,9.3,0.8171197453166466,1.1766666494390015
SB81741_component_1190a,7.881427,1.584823,9.9399995803833,29.0643253326416,7.881666666666666,1.583333333333333,5.6,1.2326239444285227,1.7749999250684467
SB81741_component_1192a,8.464943,-1.49899,11.227999687194824,33.717716217041016,8.463,-1.4993333333333332,4.0,1.9492819502427041,2.806999921798706
SB81741_component_1195a,7.101124,0.480227,10.413999557495117,41.16205596923828,7.100999999999999,0.48058333333333325,5.8,1.246871855631936,1.7955171650853652
SB81741_component_1203a,6.223806,2.523373,11.234000205993652,29.485563278198242,6.222291666666666,2.522694444444444,8.9,0.8765499750078094,1.2622472141565901
SB81741_component_1209a,11.2385,1.507994,9.39900016784668,41.40528869628906,11.237541666666665,1.5069444444444442,5.0,1.3054009182708861,1.879800033569336
SB81741_component_1221a,12.464541,-1.512816,10.640999794006348,30.933137893676758,12.464125,-1.5129444444444442,8.1,0.9122831989189677,1.3137036782723888
SB81741_component_1223a,7.355884,0.965136,9.605999946594238,38.578311920166016,7.355874999999999,0.9649722222222221,6.4,1.0423051095247384,1.5009374916553497
SB81741_component_1226a,6.679135,3.361646,10.649999618530273,18.267580032348633,6.679416666666666,3.361583333333333,6.4,1.1555849552930997,1.6640624403953552
SB81741_component_1227a,6.796154,-2.847392,9.916000366210938,32.94352340698242,6.797249999999999,-2.8468611111111106,4.5,1.5302284820449938,2.203555636935764
SB81741_component_1229a,8.89472,-0.180748,9.873000144958496,26.901906967163086,8.894041666666666,-0.18199999999999997,10.5,0.652968310973327,0.9402857280912853
SB81741_component_1230a,10.571107,-0.576778,9.748000144958496,37.20610809326172,10.570624999999998,-0.5772499999999999,7.9,0.8568813618261664,1.233924068982088
SB81741_component_1233a,8.23255,-2.916754,10.392999649047852,32.478126525878906,8.233166666666666,-2.915666666666666,7.6,0.9496412722501959,1.3674999538220858
SB81741_component_1234a,10.295369,-0.110656,10.218000411987305,41.53658676147461,10.2945,-0.11111111111111109,7.1,0.9994011111836122,1.4391549876038459
SB81741_component_1235a,7.210352,0.315269,9.008999824523926,36.32661437988281,7.210666666666666,0.3146944444444444,9.3,0.6727069130907409,0.9687096585509597
SB81741_component_1238a,12.402881,-0.15863,9.85200023651123,35.56678771972656,12.403208333333332,-0.15991666666666665,7.7,0.8885174248904145,1.2794805501962636
SB81741_component_1239a,6.158029,1.05905,10.420000076293945,33.941368103027344,6.159583333333333,1.0585555555555555,6.8,1.0641211381270463,1.5323529523961685
SB81741_component_1241a,9.516608,-2.506096,10.133000373840332,12.666250228881836,9.516416666666666,-2.5087499999999996,2.5,2.81468831931745,4.053200149536133
SB81741_component_1243a,7.247323,3.735059,10.631999969482422,13.807792663574219,7.247916666666666,3.7345833333333327,7.2,1.0254505706404777,1.4766666624281142
SB81741_component_1247a,9.525158,-0.74461,9.220999717712402,18.665992736816406,9.522999999999998,-0.7446666666666666,6.2,1.0328055904986155,1.4872580189858713
SB81741_component_1251a,9.985564,1.8851,9.866999626159668,47.437496185302734,9.985375,1.885333333333333,6.2,1.1051613368743947,1.591451552606398
SB81741_component_1252a,11.84413,-0.396028,9.824000358581543,40.93333435058594,11.843541666666665,-0.3966944444444444,5.7,1.1968666748955328,1.7235088348388672
SB81741_component_1259a,7.752044,2.867918,9.774999618530273,33.94097137451172,7.750833333333333,2.8671388888888885,5.6,1.2121628868434486,1.7455356461661204
SB81741_component_1261a,12.267871,2.057965,9.62600040435791,33.19310760498047,12.266624999999998,2.0594166666666665,6.3,1.0610542444337843,1.5279365721203033
SB81741_component_1263a,7.383543,2.219278,9.458999633789062,28.23581886291504,7.383124999999999,2.218361111111111,5.3,1.2393717705181717,1.7847169120356723
SB81741_component_1266a,12.978972,1.889583,9.326000213623047,16.803604125976562,12.979916666666664,1.889472222222222,4.4,1.4718888161763524,2.119545503096147
SB81741_component_1268a,5.974338,-1.006088,10.35200023651123,28.130435943603516,5.975541666666666,-1.0059999999999998,5.6,1.283714678362333,1.848571470805577
SB81741_component_1269a,12.094098,0.588995,9.432000160217285,36.98823547363281,12.093249999999998,0.5894444444444443,6.7,0.9776001456492108,1.4077612179428785
SB81741_component_1270a,9.89394,3.806288,10.354000091552734,17.72945213317871,9.894416666666665,3.8066111111111107,7.9,0.9101507557308036,1.3106329229813587
SB81741_component_1276a,7.474094,1.537094,9.38599967956543,25.43631362915039,7.473999999999999,1.5371388888888886,5.6,1.163924389922827,1.6760713713509696
SB81741_component_1278a,6.741189,2.479493,9.718999862670898,27.148042678833008,6.739874999999999,2.477722222222222,7.1,0.9505949178619723,1.3688732200944929
SB81741_component_1280a,8.176107,-2.894509,9.833999633789062,30.63551139831543,8.176374999999998,-2.895222222222222,7.0,0.9755834148751377,1.4048570905412947
SB81741_component_1281a,10.802656,-3.11774,9.630000114440918,22.605634689331055,10.802791666666666,-3.1171111111111105,5.5,1.2158944150584383,1.7509091117165305
SB81741_component_1283a,9.987281,2.179708,9.595000267028809,49.458763122558594,9.987583333333331,2.1821666666666664,4.5,1.480692028195965,2.1322222815619574
SB81741_component_1284a,10.990246,-2.6027,9.102999687194824,29.74836540222168,10.988624999999999,-2.602722222222222,7.9,0.8001836943653305,1.1522784414170664
SB81741_component_1291a,5.928245,1.351853,9.468000411987305,24.402061462402344,5.928583333333332,1.3517777777777775,10.6,0.6202755517588999,0.8932075860365382
SB81741_component_1293a,10.512319,2.241867,9.359999656677246,45.88235092163086,10.512083333333331,2.242083333333333,6.6,0.984836550039464,1.4181817661632192
SB81741_component_1299a,6.681833,-1.726563,9.354999542236328,39.472572326660156,6.6825416666666655,-1.7274999999999998,5.7,1.1397278895643568,1.6412279898660225
SB81741_component_1305a,10.996858,0.363107,8.809000015258789,34.68110275268555,10.996916666666666,0.3620277777777777,6.1,1.002833969398018,1.4440983631571787
SB81741_component_1309a,10.044094,1.548435,9.567999839782715,45.132076263427734,10.044458333333331,1.5489444444444442,7.0,0.9491948652456308,1.3668571199689592
SB81741_component_1311a,12.249874,-1.590869,8.979000091552734,34.140682220458984,12.248749999999998,-1.5909166666666665,5.1,1.2226159599113633,1.7605882532456343
SB81741_component_1313a,9.213697,0.865331,9.824000358581543,42.34482955932617,9.213583333333332,0.866861111111111,5.0,1.3644280093809076,1.9648000717163085
SB81741_component_1314a,5.897601,-3.103338,9.859999656677246,13.61878490447998,5.898083333333332,-3.102972222222222,4.4,1.5561680130530304,2.240909012881192
SB81741_component_1315a,10.497766,-1.52896,9.222999572753906,22.942785263061523,10.497416666666666,-1.5296388888888888,7.3,0.8773675934980414,1.2634245990073845
SB81741_component_1316a,10.488334,-0.305927,9.067000389099121,38.09663772583008,10.488583333333333,-0.3053055555555555,7.5,0.8395269299943088,1.2089333852132162
SB81741_component_1320a,8.504685,2.22582,9.538999557495117,33.12152862548828,8.503291666666666,2.2255833333333332,5.2,1.2738894644447507,1.834422991825984
SB81741_component_1326a,8.362327,3.087828,9.11299991607666,32.780574798583984,8.363208333333333,3.0875277777777774,4.4,1.4382717511303111,2.071136344562877
SB81741_component_1329a,11.767096,-1.480713,9.571999549865723,40.218482971191406,11.766749999999998,-1.4809999999999999,4.9,1.3565595101240788,1.9534692958909636
SB81741_component_1330a,12.625446,0.472898,9.197999954223633,25.479223251342773,12.625749999999998,0.4721666666666666,5.6,1.1406112135863198,1.6424999918256489
SB81741_component_1333a,7.814476,-3.444353,9.621999740600586,20.045833587646484,7.814083333333333,-3.443972222222222,3.9,1.7132983422508818,2.467179420666817
SB81741_component_1334a,9.416851,0.666514,8.520000457763672,33.80952453613281,9.417625,0.6663888888888888,6.3,0.9391421430021166,1.3523810250418526
SB81741_component_1335a,11.759102,2.158459,9.111000061035156,39.96052551269531,11.757791666666666,2.1581944444444443,5.1,1.2405895948096244,1.786470600202972
SB81741_component_1344a,7.991627,1.312853,9.093999862670898,25.261110305786133,7.992874999999999,1.3125833333333332,3.2,1.9735004321418477,2.8418749570846558
SB81741_component_1347a,5.863772,-1.978831,9.119000434875488,18.496957778930664,5.862291666666666,-1.9794166666666664,4.6,1.3766440612113164,1.9823913988859758
SB81741_component_1348a,7.306289,-2.576183,8.61299991607666,35.59090805053711,7.304499999999999,-2.5769166666666665,4.7,1.2725909952767014,1.8325531736333318
SB81741_component_1350a,6.350802,2.113675,8.63700008392334,27.07523536682129,6.351583333333332,2.1131388888888885,6.0,0.9996407099439301,1.4395000139872234
SB81741_component_1352a,7.2347,-3.131314,8.897000312805176,27.630435943603516,7.233833333333332,-3.1306111111111106,8.4,0.7355235467544372,1.059166703905378
SB81741_component_1359a,12.172996,3.099167,8.87600040435791,19.637168884277344,12.172208333333332,3.0982499999999997,10.4,0.5926744903051473,0.8534615773421067
SB81741_component_1365a,7.037574,-1.507491,9.102999687194824,41.75688171386719,7.037291666666666,-1.5074999999999998,7.9,0.8001836943653305,1.1522784414170664
SB81741_component_1368a,6.529748,3.502767,7.554999828338623,10.997089385986328,6.5294583333333325,3.502305555555555,5.1,1.0287184845831852,1.4813725153605144
SB81741_component_1370a,5.806054,-0.778078,9.142999649047852,19.087682723999023,5.806458333333333,-0.7779444444444443,6.7,0.9476460598760161,1.364626813290724
SB81741_component_1372a,6.397675,0.327743,8.640999794006348,32.85551071166992,6.398874999999999,0.32649999999999996,3.5,1.7144633721577573,2.468857084001814
SB81741_component_1376a,5.47412,-1.609913,8.694000244140625,11.21806526184082,5.472291666666666,-1.6102499999999997,6.0,1.006237871003658,1.4490000406901042
SB81741_component_1379a,5.894539,-1.088224,8.567999839782715,20.30331802368164,5.895,-1.0866944444444444,4.2,1.4166495243746837,2.0399999618530273
SB81741_component_1380a,10.354837,4.174366,8.647000312805176,31.3297119140625,10.353749999999998,4.174499999999999,7.2,0.8339984415487274,1.2009722656673856
SB81741_component_1382a,11.172013,-1.79914,9.09000015258789,36.21514129638672,11.171249999999999,-1.799972222222222,5.7,1.107442778941288,1.5947368688750685
SB81741_component_1384a,10.550102,-0.380018,8.64799976348877,35.88381576538086,10.549416666666666,-0.3797777777777777,6.7,0.896340721453741,1.2907462333565327
SB81741_component_1385a,13.101585,0.907908,8.885000228881836,13.99212646484375,13.101374999999999,0.9075833333333332,6.5,0.9492406925854971,1.366923112135667
SB81741_component_1387a,6.990118,-0.061254,9.300000190734863,37.20000076293945,6.9909583333333325,-0.061833333333333323,4.3,1.5019198692717632,2.1627907420313637
SB81741_component_1390a,13.020463,-0.040992,9.041999816894531,17.729412078857422,13.020124999999998,-0.03994444444444444,5.5,1.1416528502253045,1.6439999667080967
SB81741_component_1391a,7.253133,-0.12661,8.822999954223633,33.804595947265625,7.2537916666666655,-0.12516666666666665,5.6,1.0941087992328102,1.575535706111363
SB81741_component_1395a,7.038475,-2.547941,8.138999938964844,35.69736862182617,7.038999999999999,-2.548944444444444,4.7,1.202556383815956,1.7317021146733709
SB81741_component_1397a,12.428562,0.656592,9.37399959564209,34.33699417114258,12.427833333333332,0.6555833333333333,5.3,1.228234583516281,1.7686791689890735
SB81741_component_1402a,8.747805,0.945047,8.187000274658203,31.248092651367188,8.747708333333332,0.9457499999999999,3.6,1.5792633799058784,2.274166742960612
SB81741_component_1407a,5.777788,-1.678071,8.08899974822998,15.706795692443848,5.779875,-1.6777499999999999,4.9,1.146386340564192,1.6508162751489754
SB81741_component_1409a,6.780953,2.415044,8.142000198364258,22.306848526000977,6.780541666666665,2.414916666666666,9.7,0.5828967517767358,0.8393814637488927
SB81741_component_1412a,7.192098,2.282195,8.515999794006348,29.776222229003906,7.192124999999999,2.2818888888888886,7.5,0.7885089727678578,1.1354666392008463
SB81741_component_1414a,9.921386,0.570447,7.764999866485596,36.11627960205078,9.921,0.5701666666666666,5.8,0.9297061843581867,1.338793080428551
SB81741_component_1417a,12.247029,3.552049,8.71500015258789,11.36245059967041,12.2465,3.550833333333333,4.0,1.513002579896422,2.1787500381469727
SB81741_component_1421a,11.077763,3.228552,8.960000038146973,26.50887680053711,11.078124999999998,3.227833333333333,5.5,1.1312994678960901,1.6290909160267224
SB81741_component_1425a,7.853363,-1.025595,8.288000106811523,22.279569625854492,7.855208333333333,-1.0266944444444444,6.0,0.9592476820985493,1.381333351135254
SB81741_component_1426a,8.813638,-0.698205,8.248000144958496,22.47411346435547,8.813083333333331,-0.6994722222222222,7.2,0.7955150940150139,1.14555557568868
SB81741_component_1427a,13.080677,0.944685,8.001999855041504,12.948220252990723,13.080999999999998,0.9441944444444443,8.6,0.6461485123500272,0.9304650994234307
SB81741_component_1428a,9.724922,1.512018,8.322999954223633,41.61499786376953,9.723125,1.511611111111111,6.4,0.9030923825829476,1.3004687428474426
SB81741_component_1431a,10.588273,-0.981061,7.914000034332275,30.914060592651367,10.587833333333332,-0.9816666666666666,4.5,1.2212815462075077,1.7586666742960613
SB81741_component_1435a,11.070024,-2.118703,8.276000022888184,29.140844345092773,11.069166666666666,-2.117111111111111,5.0,1.1494305603319508,1.6552000045776367
SB81741_component_1436a,9.168693,3.169356,8.467000007629395,31.3592586517334,9.169125,3.1681111111111107,9.2,0.6391076171134281,0.9203260877858038
SB81741_component_1440a,6.716485,0.804407,8.008000373840332,34.96943283081055,6.716458333333333,0.8042499999999999,4.8,1.158550871418525,1.6683334112167358
SB81741_component_1447a,8.96249,3.611204,8.138999938964844,18.79676628112793,8.961833333333333,3.6112499999999996,6.5,0.869540769836153,1.252153836763822
SB81741_component_1450a,9.449709,1.383491,8.487000465393066,43.08122253417969,9.450166666666666,1.382583333333333,5.3,1.1120149276260474,1.6013208425269938
SB81741_component_1453a,12.901678,-1.997582,7.843999862670898,13.98217487335205,12.901666666666666,-1.997944444444444,8.0,0.6808945393652166,0.9804999828338623
SB81741_component_1461a,12.573458,-2.382619,8.79699993133545,19.165576934814453,12.573583333333332,-2.382083333333333,4.8,1.2726987338325766,1.8327083190282187
SB81741_component_1464a,9.532601,-2.602699,7.771999835968018,10.488529205322266,9.531666666666666,-2.605083333333333,3.0,1.7990523001551322,2.5906666119893393
SB81741_component_1468a,6.21842,-1.700386,7.703000068664551,24.689102172851562,6.219916666666665,-1.7017499999999999,4.5,1.1887202165129784,1.7117777930365667
SB81741_component_1469a,5.752695,-2.154686,7.755000114440918,12.96822738647461,5.753833333333333,-2.154972222222222,4.7,1.1458195065793917,1.6500000243491315
SB81741_component_1471a,7.513753,1.239201,7.019000053405762,20.58357810974121,7.513208333333332,1.240472222222222,8.1,0.6017588521653903,0.8665432164698471
SB81741_component_1473a,10.918135,3.749539,7.8470001220703125,12.016845703125,10.918541666666664,3.7504999999999997,5.0,1.0898479606442153,1.5694000244140625
SB81741_component_1487a,6.403412,-1.570751,8.11299991607666,28.5669002532959,6.403499999999999,-1.5704999999999998,7.9,0.7131594494465348,1.026962014693248
SB81741_component_1489a,9.916579,-3.07478,8.345999717712402,11.263157844543457,9.916541666666665,-3.0745277777777775,10.2,0.5682120699547932,0.8182352664423924
SB81741_component_1494a,6.441798,-2.154027,7.561999797821045,26.166088104248047,6.4403749999999995,-2.155,4.8,1.0940261047004496,1.575416624546051
SB81741_component_1496a,10.038217,-1.191328,8.04800033569336,17.572053909301758,10.037041666666665,-1.1920833333333332,2.5,2.235528639396847,3.2192001342773438
SB81741_component_1497a,9.964006,0.491928,8.28499984741211,42.487178802490234,9.962666666666665,0.49222222222222217,3.8,1.5140533169189352,2.180263117740029
SB81741_component_1503a,12.842501,2.456102,8.532999992370605,16.284351348876953,12.843541666666665,2.456444444444444,5.8,1.0216591114541558,1.4712068952363113
SB81741_component_1504a,10.843189,-0.228811,8.038999557495117,30.450756072998047,10.843208333333331,-0.2304722222222222,6.3,0.8861224021577918,1.2760316757928758
SB81741_component_1505a,6.14244,-0.723387,7.927999973297119,18.921241760253906,6.1423749999999995,-0.7230833333333332,7.7,0.7149985740661834,1.029610386142483
SB81741_component_1513a,7.664392,2.618403,7.763000011444092,25.705299377441406,7.664749999999999,2.617555555555555,5.8,0.9294667410057238,1.3384482778351883
SB81741_component_1518a,8.347875,3.757383,7.142000198364258,11.785478591918945,8.347375,3.755444444444444,5.7,0.8701162171734375,1.2529824909410978
SB81741_component_1525a,5.611439,1.419076,7.874000072479248,12.245722770690918,5.611624999999999,1.419222222222222,6.4,0.8543733659766544,1.2303125113248825
SB81741_component_1526a,9.94597,3.223627,8.276000022888184,29.45195770263672,9.945833333333333,3.2230555555555553,4.8,1.197323500345782,1.7241666714350383
SB81741_component_1530a,5.777216,-1.785885,7.995999813079834,15.466150283813477,5.776833333333332,-1.7845277777777775,8.4,0.661036971517198,0.9519047396523611
SB81741_component_1539a,6.070272,1.571986,7.5229997634887695,20.554643630981445,6.070749999999999,1.5707777777777776,6.4,0.8162878550939224,1.1754687130451202
SB81741_component_1545a,8.434028,2.890436,7.880000114440918,29.961977005004883,8.434958333333332,2.8907777777777772,6.1,0.8970747848715342,1.291803297449331
SB81741_component_1552a,12.499355,0.288474,7.193999767303467,26.644441604614258,12.498458333333332,0.28841666666666665,8.4,0.5947348587345734,0.8564285437266032
SB81741_component_1553a,11.754973,-3.07947,6.682000160217285,17.962366104125977,11.754874999999998,-3.0783611111111107,5.7,0.8140740046313891,1.1722807298626816
SB81741_component_1559a,10.847578,1.691133,7.406000137329102,34.446510314941406,10.847708333333332,1.6904444444444442,3.7,1.389998246986718,2.001621658737595
SB81741_component_1570a,6.707153,2.581366,7.72599983215332,21.641456604003906,6.707458333333332,2.5807777777777776,4.3,1.2477239161201,1.7967441470124002
SB81741_component_1578a,6.410174,2.628168,7.408999919891357,17.896135330200195,6.409583333333332,2.6268888888888884,6.5,0.7915502570795823,1.1398461415217473
SB81741_component_1581a,10.105774,1.270681,7.513999938964844,33.84684753417969,10.105958333333332,1.268722222222222,3.2,1.6306226468652827,2.3481249809265137
SB81741_component_1582a,10.342815,0.171669,6.770999908447266,32.55288314819336,10.341583333333332,0.1715833333333333,5.5,0.8549139018904565,1.2310908924449573
SB81741_component_1590a,10.758349,2.071896,7.464000225067139,33.173336029052734,10.759374999999999,2.0710277777777777,4.0,1.2958177164828415,1.8660000562667847
SB81741_component_1591a,9.73849,1.179547,7.429999828338623,38.10256576538086,9.73875,1.1775277777777777,2.9,1.7791930222693193,2.5620689063236632
SB81741_component_1595a,6.695959,0.310726,7.093999862670898,30.978164672851562,6.6952083333333325,0.3108333333333333,4.8,1.0263185987838388,1.4779166380564372
SB81741_component_1597a,6.033381,1.142167,7.156000137329102,20.862974166870117,6.033458333333333,1.1401666666666666,3.7,1.343076891963357,1.9340540911700275
SB81741_component_1600a,12.324729,-2.383269,7.754000186920166,21.185792922973633,12.326291666666664,-2.3823888888888884,4.2,1.2820612607621424,1.8461905206952776
SB81741_component_1601a,12.691376,3.049562,7.673999786376953,11.154068946838379,12.690999999999999,3.0504999999999995,5.2,1.0248273332118636,1.4757691896878755
SB81741_component_1604a,12.540919,-0.650123,7.709000110626221,24.70833396911621,12.542458333333332,-0.6511944444444444,2.9,1.8460026275083359,2.6582759002159384
SB81741_component_1605a,6.940383,1.219186,6.8420000076293945,24.176679611206055,6.941791666666666,1.2185833333333331,5.4,0.8798762016910564,1.2670370384498877
SB81741_component_1609a,7.033698,2.758957,7.767000198364258,22.979290008544922,7.0335416666666655,2.759111111111111,6.0,0.8989474953091138,1.2945000330607097
SB81741_component_1612a,10.044277,-0.005484,7.2210001945495605,30.213390350341797,10.044291666666666,-0.005527777777777777,4.5,1.1143384185628542,1.6046667098999023
SB81741_component_1614a,8.50333,3.008523,7.638999938964844,29.045625686645508,8.503124999999999,3.008333333333333,5.9,0.8991181316545969,1.2947457523669226
SB81741_component_1615a,10.733453,0.566749,7.035999774932861,32.12785339355469,10.734499999999999,0.5677777777777777,3.9,1.2528338261748504,1.8041025063930414
SB81741_component_1616a,11.595865,0.702077,6.960999965667725,30.800886154174805,11.596458333333333,0.7004444444444443,5.1,0.9478371275410102,1.3649019540524951
SB81741_component_1617a,10.746244,2.213156,6.989999771118164,30.0,10.746041666666665,2.2106388888888886,4.4,1.1032063320302157,1.5886363116177644
SB81741_component_1626a,10.630514,2.000895,7.045000076293945,28.991769790649414,10.630916666666666,2.000555555555555,5.3,0.9230758595937792,1.329245297413952
SB81741_component_1635a,7.570526,0.409289,6.613999843597412,30.339448928833008,7.570083333333332,0.40938888888888886,11.7,0.39256409870351733,0.5652991319314028
SB81741_component_1643a,10.08645,0.88091,7.701000213623047,37.02404022216797,10.085708333333333,0.8802499999999999,5.2,1.0284331159354072,1.4809615795428936
SB81741_component_1647a,6.67716,-2.032027,7.607999801635742,28.601503372192383,6.677749999999999,-2.032333333333333,8.2,0.6443011419159909,0.9278048538580175
SB81741_component_1648a,11.955918,-3.431991,6.821000099182129,12.137011528015137,11.955624999999998,-3.4317499999999996,5.0,0.9473496791135928,1.3642000198364257
SB81741_component_1656a,6.443184,0.114609,7.47599983215332,27.89552116394043,6.444541666666666,0.1141111111111111,4.8,1.0815841303604152,1.5574999650319419
SB81741_component_1662a,6.318738,1.466629,7.0879998207092285,22.86451530456543,6.318124999999999,1.4660833333333332,4.4,1.1186733247037852,1.6109090501611882
SB81741_component_1665a,8.85263,0.341909,7.008999824523926,23.921499252319336,8.853208333333333,0.3429444444444444,6.7,0.7264630123958812,1.0461193767946158
SB81741_component_1670a,12.842319,-0.635329,6.632999897003174,15.109338760375977,12.843083333333333,-0.6358055555555555,3.5,1.3160555077001737,1.8951428277151925
SB81741_component_1674a,6.59577,-0.028264,6.840000152587891,27.918367385864258,6.596374999999999,-0.02769444444444444,8.2,0.5792613070350511,0.8341463600716941
SB81741_component_1675a,7.388083,-2.833222,7.3429999351501465,27.920150756835938,7.388249999999999,-2.831666666666666,4.9,1.0406620208217794,1.4985714153367644
SB81741_component_1685a,7.813507,3.253451,7.0279998779296875,21.296968460083008,7.813749999999999,3.2536666666666663,4.9,0.9960196949330327,1.4342856893734055
SB81741_component_1688a,10.968989,3.575905,7.367000102996826,14.501968383789062,10.968541666666665,3.5741388888888883,5.0,1.0231820967779606,1.4734000205993651
SB81741_component_1694a,8.055958,-2.08957,6.940999984741211,24.878135681152344,8.055666666666665,-2.0871111111111107,4.7,1.0255490728973518,1.476808507391747
SB81741_component_1714a,7.763466,-0.775511,6.864999771118164,23.83680534362793,7.764083333333332,-0.7756944444444444,4.7,1.0143198625829215,1.4606382491740775
SB81741_component_1715a,6.359777,-0.920188,6.563000202178955,24.85984992980957,6.359916666666666,-0.9209166666666665,5.2,0.8764584548214367,1.2621154234959528
SB81741_component_1718a,6.613391,-1.874267,6.40500020980835,25.416667938232422,6.612541666666666,-1.8716388888888886,3.3,1.3478372950857487,1.9409091544873789
SB81741_component_1719a,10.724179,-3.179867,6.934999942779541,15.690045356750488,10.725416666666666,-3.178111111111111,2.9,1.6606599990178559,2.391379290613635
SB81741_component_1724a,8.381886,-0.402196,6.624000072479248,23.91335678100586,8.383083333333332,-0.40286111111111106,3.3,1.3939225679752756,2.0072727492361357
SB81741_component_1726a,8.179562,2.586387,6.715000152587891,26.75299072265625,8.179749999999999,2.586333333333333,4.9,0.9516608593661635,1.3704081944056918
SB81741_component_1730a,11.061947,0.704504,6.810999870300293,29.872806549072266,11.062166666666664,0.7045277777777776,5.2,0.909577668477059,1.3098076673654409
SB81741_component_1732a,6.860301,0.509101,6.747000217437744,31.676057815551758,6.861083333333332,0.5095555555555555,6.1,0.7680918376503838,1.1060656094160237
SB81741_component_1734a,6.222217,2.645292,6.010000228881836,14.876237869262695,6.222999999999999,2.6447499999999997,3.4,1.2275178957534465,1.7676471261417166
SB81741_component_1737a,10.022013,-0.956056,6.599999904632568,17.934782028198242,10.021458333333332,-0.9580833333333332,3.9,1.1751994596039295,1.6923076678545048
SB81741_component_1739a,11.433637,-3.36871,6.73199987411499,14.323404312133789,11.433666666666666,-3.368722222222222,4.4,1.0624871432810128,1.5299999713897703
SB81741_component_1740a,10.459982,1.510158,6.945000171661377,31.712329864501953,10.460624999999999,1.5110833333333331,7.1,0.6792758474139491,0.9781690382621658
SB81741_component_1741a,10.401587,1.099432,6.519000053405762,30.32093048095703,10.40125,1.1013333333333333,5.4,0.8383386435864424,1.207222232112178
SB81741_component_1742a,10.625775,-1.347837,6.442999839782715,21.766891479492188,10.625458333333333,-1.34875,3.4,1.3159562902614608,1.8949999528772692
SB81741_component_1751a,12.772553,-0.452223,6.7820000648498535,18.0853328704834,12.773416666666664,-0.45222222222222214,4.3,1.095271015257421,1.5772093174069428
SB81741_component_1755a,11.632285,2.516529,7.060999870300293,28.703250885009766,11.632499999999999,2.517861111111111,4.4,1.114412020378896,1.604772697795521
SB81741_component_1757a,7.224966,2.634343,6.507999897003174,21.478548049926758,7.227458333333332,2.6344999999999996,5.4,0.8369240315106278,1.2051851661116988
SB81741_component_1758a,12.25697,2.702406,6.380000114440918,17.971832275390625,12.256291666666666,2.701833333333333,5.3,0.8359437936222158,1.2037736064982865
SB81741_component_1760a,7.256842,2.931756,6.936999797821045,20.89457893371582,7.255916666666666,2.9331666666666663,7.5,0.642307035812809,0.9249333063761394
SB81741_component_1763a,12.981428,-0.566173,6.000999927520752,12.476091384887695,12.980999999999998,-0.5688333333333333,5.1,0.817119747411099,1.1766666524550495
SB81741_component_1767a,6.211056,-0.61592,6.232999801635742,18.945287704467773,6.212458333333332,-0.6178333333333332,2.4,1.8035082454107199,2.5970832506815595
SB81741_component_1773a,7.804118,3.221133,6.806000232696533,19.727537155151367,7.804249999999999,3.2188888888888885,2.8,1.6879756955249978,2.4307143688201904
SB81741_component_1777a,6.519022,-2.47843,6.625999927520752,21.51298713684082,6.518166666666666,-2.4779444444444443,4.0,1.1503333114406735,1.656499981880188
SB81741_component_1786a,9.799308,2.044829,5.8420000076293945,29.356782913208008,9.798083333333333,2.0447777777777776,5.1,0.7954696930952866,1.1454901975743912
SB81741_component_1787a,8.202097,-0.654191,6.7870001792907715,27.257028579711914,8.203124999999998,-0.6553611111111111,4.3,1.096078517523381,1.5783721347187842
SB81741_component_1792a,10.504726,1.661718,6.474999904632568,29.56620979309082,10.507458333333332,1.6614444444444443,2.7,1.6653605132081877,2.398148112826877
SB81741_component_1793a,6.783286,-0.790681,6.461999893188477,29.372726440429688,6.784583333333332,-0.7898888888888888,5.7,0.7872711770190214,1.133684191787452
SB81741_component_1798a,12.249985,-0.601912,6.388999938964844,23.402929306030273,12.247541666666665,-0.6031666666666666,3.3,1.3444702754030131,1.9360605875651042
SB81741_component_1808a,13.079174,1.352123,6.784999847412109,10.585023880004883,13.079124999999998,1.353222222222222,4.5,1.047055227282964,1.5077777438693576
SB81741_component_1809a,10.030214,3.732257,6.383999824523926,12.068053245544434,10.029208333333331,3.7319166666666663,5.1,0.8692705194286893,1.2517646714752797
SB81741_component_1811a,8.785958,3.605674,6.191999912261963,15.102438926696777,8.785416666666665,3.603916666666666,3.5,1.228556567880111,1.7691428320748466
SB81741_component_1812a,9.253552,0.469248,6.395999908447266,25.082353591918945,9.254375,0.46772222222222215,2.7,1.6450418296362432,2.3688888549804688
SB81741_component_1820a,6.324043,-0.854565,5.791999816894531,20.98550796508789,6.323833333333332,-0.854361111111111,4.4,0.9141303408217063,1.316363594748757
SB81741_component_1823a,7.296006,2.137242,6.566999912261963,22.185810089111328,7.294374999999999,2.136833333333333,3.8,1.2000951336736954,1.7281578716478851
SB81741_component_1829a,12.651091,2.131668,6.1479997634887695,16.616214752197266,12.650791666666665,2.131305555555555,4.1,1.0413152921648063,1.4995121374362854
SB81741_component_1833a,12.063788,0.647126,5.584000110626221,24.278261184692383,12.062833333333332,0.6458333333333333,5.6,0.6924519650516909,0.9971428768975394
SB81741_component_1836a,7.217573,-3.006036,6.421999931335449,22.298612594604492,7.2188333333333325,-3.004083333333333,4.6,0.9694931072446145,1.396086941594663
SB81741_component_1838a,7.036138,1.167377,5.947999954223633,18.94267463684082,7.036999999999999,1.1675277777777777,4.7,0.8788309828637708,1.2655319051539644
SB81741_component_1840a,8.716413,-0.209146,6.14900016784668,21.276817321777344,8.71525,-0.2096944444444444,4.0,1.0675218536826907,1.53725004196167
SB81741_component_1841a,10.351923,-3.034678,5.691999912261963,10.237409591674805,10.350291666666665,-3.0333333333333328,2.3,1.7185782436554422,2.4747825705486797
SB81741_component_1842a,9.256123,2.800483,6.578000068664551,32.24509811401367,9.254083333333332,2.799805555555555,4.0,1.1420001032923603,1.6445000171661377
SB81741_component_1843a,11.781857,1.45084,6.2179999351501465,26.917747497558594,11.781999999999998,1.4524444444444442,3.8,1.136316668654673,1.6363157724079334
SB81741_component_1846a,8.512675,0.212608,6.034999847412109,23.759841918945312,8.513208333333333,0.21280555555555553,4.2,0.9978384480985786,1.4369047255743117
SB81741_component_1848a,6.595741,2.819865,5.706999778747559,14.558672904968262,6.596708333333332,2.8186388888888887,4.1,0.9666210752452407,1.391951165548185
SB81741_component_1853a,7.65239,-0.492156,6.6529998779296875,27.044713973999023,7.652458333333333,-0.49208333333333326,3.1,1.4903493499329699,2.1461289928805445
SB81741_component_1858a,6.60078,1.130719,6.673999786376953,26.275588989257812,6.601666666666666,1.1323888888888887,3.2,1.4483331494862335,2.085624933242798
SB81741_component_1861a,8.315216,3.54161,6.72599983215332,14.558441162109375,8.313166666666666,3.5405555555555552,3.3,1.4153869045365715,2.038181767319188
SB81741_component_1863a,10.812192,-1.8658,5.770999908447266,19.968856811523438,10.811874999999999,-1.8671944444444442,5.3,0.7561491332173145,1.0888679072542011
SB81741_component_1865a,12.623823,-1.021441,6.520999908447266,18.90144920349121,12.623166666666664,-1.0225833333333332,5.7,0.7944592011949253,1.144035071657415
SB81741_component_1871a,10.604502,3.608257,6.517000198364258,13.605428695678711,10.606416666666666,3.6088611111111106,3.7,1.223145919979055,1.7613514049633128
SB81741_component_1876a,6.140196,2.234632,6.007999897003174,15.978723526000977,6.142083333333333,2.233805555555555,3.6,1.1589365952734774,1.6688888602786593
SB81741_component_1877a,7.266728,1.322608,5.914999961853027,19.204545974731445,7.266374999999999,1.322611111111111,5.0,0.8215178469928881,1.1829999923706054
SB81741_component_1880a,6.772591,-3.364622,5.421999931335449,11.438817977905273,6.771583333333332,-3.3650277777777773,5.6,0.6723628998177648,0.9682142734527589
SB81741_component_1883a,10.231647,3.351823,6.4720001220703125,20.416404724121094,10.231791666666666,3.3538611111111107,4.0,1.1235975571239196,1.6180000305175781
SB81741_component_1886a,11.453241,0.796114,5.501999855041504,22.36585235595703,11.452541666666665,0.796861111111111,2.7,1.4151063223503242,2.037777724089446
SB81741_component_1899a,12.123996,1.333525,5.796000003814697,21.789472579956055,12.125958333333331,1.3325833333333332,3.7,1.0878246955775657,1.5664864875174858
SB81741_component_1900a,13.001919,-0.931283,6.5960001945495605,12.984251976013184,13.00308333333333,-0.9323888888888888,4.3,1.065232639434129,1.533953533616177
SB81741_component_1903a,9.819504,1.966246,6.169000148773193,28.827102661132812,9.819458333333332,1.9688055555555553,3.9,1.0984554160441953,1.5817949099418445
SB81741_component_1906a,8.880302,3.35691,5.85699987411499,18.47633934020996,8.878625,3.3577777777777773,4.7,0.865385506996581,1.2461701859819128
SB81741_component_1908a,11.468275,-2.672912,5.296000003814697,19.61481475830078,11.466999999999999,-2.671583333333333,3.2,1.149291670770038,1.655000001192093
SB81741_component_1916a,11.042858,0.433893,5.965000152587891,24.149799346923828,11.044791666666665,0.4336666666666666,4.2,0.9862645643178317,1.4202381315685453
SB81741_component_1920a,7.301317,2.430661,6.303999900817871,21.154361724853516,7.301791666666666,2.430083333333333,4.2,1.0423154327904576,1.5009523573375882
SB81741_component_1922a,7.359153,-3.563131,6.386000156402588,10.95368766784668,7.358666666666665,-3.5632499999999996,7.2,0.6159262155088215,0.886944466167026
SB81741_component_1926a,7.977081,2.834776,5.688000202178955,20.098941802978516,7.977666666666666,2.835083333333333,3.4,1.161750711034984,1.672941235934987
SB81741_component_1938a,9.426501,2.794539,5.747000217437744,25.54222297668457,9.426958333333332,2.793916666666666,5.7,0.700162132512561,1.0082456521820604
SB81741_component_1944a,8.857124,2.31786,6.315000057220459,24.10305404663086,8.856541666666665,2.3176666666666663,2.6,1.6866783549728155,2.4288461758540225
SB81741_component_1945a,10.718863,2.412125,5.638000011444092,26.469484329223633,10.719124999999998,2.412694444444444,3.3,1.1864334794995433,1.7084848519527551
SB81741_component_1946a,6.960113,0.451852,5.0879998207092285,22.816143035888672,6.961083333333333,0.45038888888888884,4.8,0.7361021916677433,1.059999962647756
SB81741_component_1962a,7.055596,2.944839,5.964000225067139,17.697328567504883,7.056583333333332,2.944333333333333,3.0,1.3805389281375835,1.9880000750223796
SB81741_component_1970a,6.970809,0.31803,5.965000152587891,25.600858688354492,6.971124999999999,0.3199444444444444,3.5,1.183517477181398,1.7042857578822546
SB81741_component_1971a,9.104693,1.754356,5.5929999351501465,22.552419662475586,9.104249999999999,1.7550277777777776,5.9,0.6583018316816385,0.9479660907034146
SB81741_component_1982a,12.574611,-1.173422,5.960999965667725,17.278261184692383,12.574208333333331,-1.1731388888888887,3.8,1.0893508673982653,1.5686842014915066
SB81741_component_1987a,11.979521,-1.288767,5.611000061035156,22.177865982055664,11.979666666666665,-1.2888333333333333,4.6,0.8470610311563003,1.2197826219641645
SB81741_component_1991a,10.45045,2.57016,5.105999946594238,22.693334579467773,10.451624999999998,2.5711111111111107,4.0,0.88644761410062,1.2764999866485596
SB81741_component_1995a,6.722183,-0.385188,5.629000186920166,25.703197479248047,6.723416666666666,-0.3855833333333333,3.9,1.0023027383887932,1.4433333812615812
SB81741_component_2004a,7.524865,0.639248,5.73199987411499,23.98326301574707,7.524374999999999,0.6374444444444444,4.5,0.8845571946868251,1.2737777498033311
SB81741_component_2006a,11.124305,3.040576,5.6570000648498535,19.71080207824707,11.124583333333332,3.0409166666666665,3.9,1.007288411402038,1.450512837140988
SB81741_component_2007a,7.776287,2.204723,5.364999771118164,18.06397247314453,7.777166666666665,2.2055555555555553,5.9,0.6314659784103585,0.9093219951047735
SB81741_component_2011a,6.247795,2.447681,5.697999954223633,15.358490943908691,6.248166666666666,2.449,4.4,0.8992946831530199,1.29499998959628
SB81741_component_2014a,6.609882,-0.991041,5.379000186920166,19.418771743774414,6.610083333333333,-0.9934722222222221,2.1,1.7787484124427893,2.561428660438174
SB81741_component_2015a,11.643873,-1.646992,5.86299991607666,21.95880126953125,11.646291666666665,-1.6471944444444442,3.7,1.1003996022566762,1.5845945719126109
SB81741_component_2020a,11.349545,2.945012,5.584000110626221,19.189002990722656,11.349458333333331,2.9446111111111106,3.8,1.020455527444597,1.4694737133226898
SB81741_component_2024a,9.96329,0.023528,5.7170000076293945,22.686508178710938,9.964875,0.023749999999999997,3.0,1.3233636426642474,1.905666669209798
SB81741_component_2031a,8.223504,0.869075,5.438000202178955,17.485530853271484,8.221958333333331,0.8680555555555555,3.0,1.2587811346441697,1.8126667340596516
SB81741_component_2033a,6.564008,2.89775,5.754000186920166,14.6040620803833,6.564208333333332,2.897416666666666,7.4,0.539970971149934,0.7775675928270495
SB81741_component_2037a,8.697993,0.635746,5.385000228881836,22.914894104003906,8.696,0.6360833333333332,3.8,0.9840890293672707,1.4171053233899569
SB81741_component_2042a,8.414774,2.054803,5.254000186920166,21.532787322998047,8.414625,2.0544999999999995,2.4,1.5202363163902666,2.1891667445500693
SB81741_component_2047a,12.246457,-1.48089,5.190000057220459,20.352941513061523,12.245541666666664,-1.4797777777777776,4.9,0.7355353391408896,1.0591836851470324
SB81741_component_2048a,10.928142,1.972897,5.775000095367432,24.16318130493164,10.927999999999999,1.9722499999999998,5.2,0.7712246692448562,1.1105769414168138
SB81741_component_2054a,10.738878,2.717493,5.849999904632568,24.375,10.738124999999998,2.719083333333333,4.2,0.9672502027847659,1.3928571201506115
SB81741_component_2058a,8.68753,1.15129,5.25,19.301469802856445,8.686666666666666,1.1501111111111109,3.5,1.0416540815186153,1.5
SB81741_component_2059a,7.035314,-3.482672,5.421000003814697,10.325715065002441,7.033666666666666,-3.4823611111111106,2.7,1.3942732789841998,2.0077777791906284
SB81741_component_2061a,5.870289,2.00249,5.670000076293945,11.83716106414795,5.871708333333332,2.0036944444444442,5.1,0.7720495061022811,1.11176472084195
SB81741_component_2069a,11.061544,-1.343948,5.065999984741211,21.55744743347168,11.059541666666664,-1.3433333333333333,3.1,1.1348429163610594,1.6341935434649066
SB81741_component_2075a,12.369737,-0.027363,5.288000106811523,19.369962692260742,12.369666666666665,-0.02630555555555555,3.3,1.1127811907739593,1.6024242747913708
SB81741_component_2079a,10.197097,-2.268141,5.243000030517578,10.721881866455078,10.194874999999998,-2.2683888888888886,2.9,1.2554925014231864,1.8079310450060615
SB81741_component_2082a,12.052962,0.584324,5.88700008392334,23.36111068725586,12.054208333333332,0.5842499999999999,4.3,0.9507314209797176,1.3690697869589163
SB81741_component_2086a,11.039906,-1.84176,5.554999828338623,20.88345718383789,11.041333333333332,-1.8423888888888886,4.2,0.9184743244482754,1.3226190067472912
SB81741_component_2092a,12.81374,0.869993,4.531000137329102,11.327500343322754,12.812291666666665,0.872361111111111,3.0,1.0488299525356146,1.5103333791097004
SB81741_component_2093a,11.768075,-2.752297,5.329999923706055,15.449275016784668,11.767791666666666,-2.7531388888888886,4.5,0.8225209148181216,1.1844444274902344
SB81741_component_2094a,8.415641,-0.125742,5.506999969482422,21.262548446655273,8.413083333333333,-0.12566666666666665,2.1,1.821075871471192,2.622380937848772
SB81741_component_2095a,10.820277,2.608333,5.419000148773193,23.560869216918945,10.820624999999998,2.607444444444444,4.6,0.818075887350664,1.1780435106028682
SB81741_component_2098a,9.300517,3.216875,5.427000045776367,21.03488540649414,9.300875,3.2151388888888883,4.0,0.9421761246807775,1.3567500114440918
SB81741_component_2099a,12.505278,1.474331,4.894000053405762,15.293750762939453,12.504958333333331,1.473611111111111,4.0,0.8496425217637389,1.2235000133514404
SB81741_component_2115a,10.232473,2.333818,5.304999828338623,23.896394729614258,10.233166666666666,2.3336388888888884,2.4,1.5349929787901337,2.2104165951410932
SB81741_component_2121a,8.530922,0.153567,4.811999797821045,18.022472381591797,8.530833333333332,0.1539444444444444,3.3,1.0126139857913221,1.4581817569154683
SB81741_component_2130a,12.944816,0.483569,5.620999813079834,13.041763305664062,12.943791666666664,0.4846944444444444,3.8,1.0272170872824533,1.4792104771262722
SB81741_component_2131a,7.551533,1.29681,5.517000198364258,13.89672565460205,7.553416666666665,1.296972222222222,3.3,1.1609708635081093,1.671818241928563
SB81741_component_2134a,8.225696,2.300631,5.672999858856201,21.488636016845703,8.224499999999999,2.3008055555555553,3.7,1.0647393616994758,1.5332432050962705
SB81741_component_2136a,8.851537,-0.1498,5.585000038146973,17.3447208404541,8.851583333333332,-0.14955555555555552,2.3,1.6862719087007008,2.428260886150858
SB81741_component_2150a,6.711255,-1.333404,5.519999980926514,23.0,6.710249999999999,-1.3335,5.7,0.6725064924110856,0.9684210492853532
SB81741_component_2152a,9.715503,2.536095,4.89900016784668,20.160493850708008,9.716624999999999,2.535444444444444,3.3,1.0309219232722984,1.484545505408085
SB81741_component_2154a,6.822431,0.623365,4.698999881744385,19.337448120117188,6.820791666666666,0.6240555555555555,4.2,0.7769416517261157,1.118809495653425
SB81741_component_2155a,11.556469,1.847236,5.120999813079834,22.265216827392578,11.556499999999998,1.8453611111111108,4.1,0.8673675376830368,1.2490243446536182
SB81741_component_2171a,12.069046,0.286202,4.915999889373779,19.742971420288086,12.067958333333332,0.2885277777777777,4.0,0.8534618915852098,1.2289999723434448
SB81741_component_2172a,12.457181,-0.036217,4.513000011444092,16.714815139770508,12.457583333333332,-0.03683333333333333,4.3,0.7288348653975654,1.049534886382347
SB81741_component_2175a,7.066089,0.945097,4.984000205993652,18.256410598754883,7.063916666666666,0.9464444444444443,2.5,1.3844277751634422,1.993600082397461
SB81741_component_2177a,8.858316,0.454187,4.790999889373779,17.35869598388672,8.85775,0.4530555555555555,4.4,0.7561461498971866,1.0888636112213135
SB81741_component_2178a,8.393809,-0.0024,4.690999984741211,20.484716415405273,8.395375,-0.002444444444444444,6.1,0.5340327082523983,0.7690163909411821
SB81741_component_2186a,6.216535,0.486431,4.494999885559082,15.771929740905762,6.2152916666666655,0.48599999999999993,2.6,1.2005730710816223,1.7288461098304162
SB81741_component_2190a,11.156088,2.763409,5.3420000076293945,21.282869338989258,11.156125,2.763583333333333,3.5,1.0599078307465968,1.5262857164655412
SB81741_component_2191a,7.62966,3.394726,5.442999839782715,12.8676118850708,7.629458333333332,3.394166666666666,3.4,1.1117103919244775,1.6008823058184456
SB81741_component_2193a,8.277904,1.989075,5.151000022888184,19.965116500854492,8.277083333333332,1.9907777777777775,4.1,0.872448812641294,1.256341468997118
SB81741_component_2195a,8.834283,0.86595,4.999000072479248,20.742738723754883,8.832791666666665,0.8648333333333332,2.6,1.3351868792332982,1.9226923355689416
SB81741_component_2199a,11.415902,-2.555392,5.34499979019165,19.507299423217773,11.415499999999998,-2.5551388888888886,3.4,1.0916942837586816,1.5720587618210737
SB81741_component_2218a,10.53403,0.471092,4.853000164031982,21.28508758544922,10.535874999999999,0.4725833333333333,2.6,1.2961916483267755,1.8665385246276855
SB81741_component_2223a,11.92295,0.691475,5.300000190734863,21.632654190063477,11.921541666666664,0.690861111111111,4.2,0.876312195353716,1.2619048073178245
SB81741_component_2228a,8.979654,0.356444,5.21999979019165,17.342191696166992,8.978749999999998,0.3549999999999999,3.6,1.0069322383295276,1.4499999417199028
SB81741_component_2236a,6.181767,2.213341,4.738999843597412,14.902515411376953,6.180583333333333,2.2156666666666665,3.0,1.0969774509776276,1.5796666145324707
SB81741_component_2239a,7.130588,1.718236,4.660999774932861,13.549417495727539,7.132416666666666,1.719222222222222,3.9,0.829940075130968,1.1951281474186823
SB81741_component_2244a,8.24999,-3.200318,5.160999774932861,13.032827377319336,8.248708333333333,-3.202194444444444,3.3,1.0860558546011052,1.5639393257372307
SB81741_component_2245a,10.664034,1.632785,4.8429999351501465,21.14847183227539,10.665666666666665,1.632361111111111,3.2,1.0509855519257374,1.5134374797344208
SB81741_component_2247a,7.615074,-3.325488,4.9629998207092285,12.628498077392578,7.616999999999999,-3.3261388888888885,4.2,0.820591907907607,1.1816666239783877
SB81741_component_2251a,12.740344,0.981861,5.071000099182129,14.24438190460205,12.739708333333331,0.982611111111111,3.7,0.9517527839088952,1.3705405673465212
SB81741_component_2255a,7.730821,-0.173408,5.201000213623047,22.61304473876953,7.732499999999999,-0.1735,5.7,0.6336424678946945,0.9124561778286047
SB81741_component_2261a,12.768384,1.542648,4.980000019073486,12.868217468261719,12.765916666666666,1.5416666666666665,3.6,0.9606365455242,1.3833333386315239
SB81741_component_2264a,6.042658,2.394036,5.007999897003174,12.488778114318848,6.042374999999999,2.3930833333333332,3.3,1.0538592995875076,1.5175757263645981
SB81741_component_2277a,6.379467,-2.783798,3.808000087738037,11.037681579589844,6.379083333333332,-2.7813888888888885,3.2,0.8263789237115775,1.1900000274181366
SB81741_component_2281a,12.588354,-0.624338,4.535999774932861,13.540297508239746,12.590249999999997,-0.6260555555555555,2.6,1.2115237639298297,1.7446152980511005
SB81741_component_2282a,10.149179,0.816888,4.676000118255615,22.480770111083984,10.149666666666665,0.8163333333333332,2.9,1.1197183007729863,1.6124138338812466
SB81741_component_2286a,11.726457,0.916779,4.716000080108643,20.775331497192383,11.726249999999999,0.9166388888888888,3.4,0.9632236729190755,1.3870588470907772
SB81741_component_2294a,6.998133,0.584412,5.190000057220459,19.65909194946289,6.998166666666666,0.5825555555555555,3.3,1.0921585338758666,1.572727290066806
SB81741_component_2296a,11.290302,-1.148054,4.743000030517578,19.680498123168945,11.290291666666665,-1.1460555555555554,2.8,1.1763250810551318,1.6939285823277066
SB81741_component_2297a,7.857108,2.943038,4.604000091552734,15.194719314575195,7.856749999999999,2.942305555555555,8.6,0.37176554160294456,0.5353488478549692
SB81741_component_2330a,6.343767,2.946593,5.0320000648498535,10.844827651977539,6.342749999999999,2.9456666666666664,3.4,1.0277653736770171,1.4800000190734863
SB81741_component_2339a,12.637778,1.900212,4.943999767303467,14.16618824005127,12.636541666666664,1.9001111111111109,4.5,0.7629537091316654,1.098666614956326
SB81741_component_2347a,11.129255,0.647156,4.034999847412109,17.77532958984375,11.127124999999998,0.6456388888888888,2.6,1.077711297431747,1.5519230182354267
SB81741_component_2360a,11.58221,-2.680931,4.3979997634887695,14.90847396850586,11.581916666666665,-2.679833333333333,3.2,0.9544155008658296,1.3743749260902405
SB81741_component_2387a,11.668189,2.534816,4.699999809265137,18.503934860229492,11.667083333333332,2.5336111111111106,2.7,1.208833082582159,1.7407406700981987
SB81741_component_2390a,6.708586,-0.605191,4.494999885559082,18.052207946777344,6.707791666666666,-0.6041944444444444,3.4,0.9180852896506524,1.3220587898703182
SB81741_component_2392a,6.92669,1.523416,4.459000110626221,16.273723602294922,6.9245416666666655,1.5239444444444443,2.2,1.4074956559775031,2.0268182321028276
SB81741_component_2395a,7.124429,-2.974953,4.559999942779541,16.056337356567383,7.123333333333332,-2.9752777777777775,2.4,1.3194284867002672,1.899999976158142
SB81741_component_2398a,10.55872,0.526249,4.513999938964844,20.801843643188477,10.557041666666665,0.5254444444444444,3.4,0.9219659726269628,1.327647040872013
SB81741_component_2401a,7.277302,1.515065,4.698999881744385,12.497340202331543,7.278833333333332,1.5161388888888887,3.6,0.9064319270138018,1.3052777449289958
SB81741_component_2404a,8.207057,0.368664,4.565999984741211,20.567567825317383,8.205833333333333,0.3671944444444444,2.7,1.1743685235357082,1.6911111054597077
SB81741_component_2412a,6.267177,2.656008,4.414000034332275,10.559808731079102,6.267958333333333,2.6568611111111107,3.8,0.8066423072957059,1.1615789564032304
SB81741_component_2413a,11.717906,1.013135,4.789000034332275,21.09691619873047,11.718749999999998,1.0125,5.8,0.5733886703626442,0.8256896610917717
SB81741_component_2421a,12.377887,-1.420896,4.4039998054504395,14.070286750793457,12.376791666666666,-1.4208888888888886,3.1,0.98654717685046,1.4206450985323997
SB81741_component_2431a,12.232189,1.466572,4.256999969482422,16.56420135498047,12.231374999999998,1.4646944444444443,2.4,1.2317559425655518,1.7737499872843425
SB81741_component_2432a,12.377348,1.816289,4.211999893188477,14.134227752685547,12.37808333333333,1.8149999999999997,3.0,0.974988195576833,1.403999964396159
SB81741_component_2440a,7.56962,-0.049004,4.609000205993652,21.843603134155273,7.568874999999999,-0.050249999999999996,3.4,0.9413693875085152,1.3555882958804861
SB81741_component_2444a,8.662087,-0.37883,4.440000057220459,14.09523868560791,8.662708333333333,-0.3797222222222222,3.9,0.7905887489823209,1.138461553133451
SB81741_component_2466a,11.96358,-0.741657,4.47599983215332,14.254776000976562,11.964749999999999,-0.7406388888888888,2.9,1.0718260905837111,1.5434482179839035
SB81741_component_2469a,7.753345,-1.343671,4.585000038146973,17.30188751220703,7.754124999999999,-1.3413333333333333,3.1,1.0270933340857638,1.4790322703699912
SB81741_component_2483a,8.533208,0.600675,4.52400016784668,18.390243530273438,8.531374999999999,0.6019444444444444,2.5,1.256651530567572,1.8096000671386718
SB81741_component_2490a,7.027634,-0.851618,4.239999771118164,18.042552947998047,7.025791666666666,-0.8529999999999999,2.2,1.3383675961282517,1.927272623235529
SB81741_component_2498a,8.281716,1.657156,4.067999839782715,12.873416900634766,8.282041666666666,1.6587499999999997,2.6,1.0865252914683945,1.5646153229933517
SB81741_component_2504a,8.110117,0.640862,4.0929999351501465,14.617856979370117,8.111249999999998,0.6385277777777777,3.0,0.9474422418010173,1.3643333117167156
SB81741_component_2506a,8.278298,3.217198,3.8519999980926514,12.385852813720703,8.279083333333332,3.2182499999999994,3.4,0.786755200004492,1.1329411759096033
SB81741_component_2525a,9.477309,0.454755,4.216000080108643,11.487738609313965,9.475291666666665,0.4551111111111111,3.7,0.791281746149185,1.139459481110444
SB81741_component_2530a,8.872457,1.077455,4.015999794006348,14.98507308959961,8.872791666666666,1.0789444444444443,2.9,0.9616741555872714,1.3848275151746028
SB81741_component_2535a,9.839722,0.071016,4.181000232696533,17.9442081451416,9.838458333333332,0.0691111111111111,2.1,1.3825891927678173,1.990952491760254
SB81741_component_2546a,12.01006,2.452296,4.105000019073486,15.260223388671875,12.010916666666665,2.4524999999999997,3.4,0.8384294165689983,1.2073529467863195
SB81741_component_2555a,11.639755,0.320495,4.447000026702881,17.646825790405273,11.640833333333331,0.3196666666666666,2.2,1.403707796463166,2.021363648501309
SB81741_component_2559a,12.065379,1.284158,3.9539999961853027,14.920755386352539,12.063874999999998,1.2838055555555554,2.9,0.9468276400806921,1.363448274546656
SB81741_component_2564a,10.182436,3.464559,4.205999851226807,11.650969505310059,10.182125,3.465444444444444,3.7,0.789404848990467,1.1367567165477854
SB81741_component_2574a,10.679166,2.185113,4.367000102996826,19.323009490966797,10.677749999999998,2.1835555555555555,3.2,0.9476882252664287,1.3646875321865082
SB81741_component_2575a,12.740153,0.892953,4.321000099182129,11.401055335998535,12.741333333333332,0.8939444444444443,2.6,1.1540993306552325,1.6619231150700495
SB81741_component_2579a,10.524345,-2.565382,3.7690000534057617,10.354395866394043,10.526291666666665,-2.5657777777777775,3.9,0.671110134850255,0.9664102701040415
SB81741_component_2582a,8.425271,3.106641,4.409999847412109,16.832061767578125,8.426041666666666,3.1079722222222217,3.6,0.8506841371394991,1.2249999576144748
SB81741_component_2584a,6.798069,-2.326327,4.123000144958496,16.042802810668945,6.799958333333333,-2.326083333333333,2.2,1.3014363421508668,1.8740909749811345
SB81741_component_2607a,10.998286,2.279139,3.759999990463257,15.222672462463379,10.999249999999998,2.2797499999999995,2.4,1.0879498157155574,1.5666666626930237
SB81741_component_2610a,7.963722,-2.944085,3.997999906539917,13.645050048828125,7.963333333333332,-2.944722222222222,3.1,0.8955984775394297,1.2896773892064248
SB81741_component_2658a,12.489551,-1.476613,3.621999979019165,10.909639358520508,12.491083333333332,-1.4759166666666665,2.6,0.9674028362578596,1.3930769150073712
SB81741_component_2660a,6.81237,1.903234,4.131999969482422,15.080292701721191,6.812041666666666,1.9058611111111108,3.5,0.8198313586754589,1.1805714198521204
SB81741_component_2666a,7.697085,2.462301,3.9149999618530273,14.608208656311035,7.696666666666665,2.4606666666666666,2.9,0.9374886642320528,1.3499999868458716
SB81741_component_2680a,12.300981,2.785484,3.999000072479248,10.52368450164795,12.302874999999998,2.787222222222222,3.1,0.8958225263422038,1.2900000233804025
SB81741_component_2685a,9.61348,0.478859,3.947000026702881,16.044715881347656,9.613874999999998,0.47863888888888884,2.4,1.1420579687692056,1.6445833444595337
SB81741_component_2692a,9.310834,2.914114,3.9590001106262207,17.213043212890625,9.309499999999998,2.914944444444444,2.1,1.309177340941731,1.885238147917248
SB81741_component_2707a,7.730523,0.699477,4.03000020980835,15.928854942321777,7.730124999999999,0.7003333333333333,2.9,0.9650267050730446,1.3896552447614998
SB81741_component_2717a,6.43891,-1.222387,3.5950000286102295,13.566038131713867,6.437291666666666,-1.2226666666666666,3.8,0.6569730619055062,0.9460526391079552
SB81741_component_2733a,10.5156,3.352722,3.8889999389648438,11.048295021057129,10.514708333333331,3.3517499999999996,3.4,0.7943122861663482,1.1438235114602482
SB81741_component_2740a,6.374834,-0.001605,3.496000051498413,13.65625,6.374208333333333,-0.0003055555555555555,2.9,0.8371546488810602,1.205517259137384
SB81741_component_2754a,12.54189,-1.288948,3.7130000591278076,10.8250732421875,12.542166666666665,-1.2879999999999998,3.7,0.6968759759043858,1.003513529494002
SB81741_component_2767a,11.510029,2.932991,3.7049999237060547,13.571428298950195,11.509541666666665,2.9327499999999995,3.4,0.7567310377557982,1.0897058599135456
SB81741_component_2773a,7.083509,1.879591,3.5299999713897705,12.836362838745117,7.083208333333332,1.8775833333333332,2.7,0.907910834063889,1.307407396811026
SB81741_component_2776a,6.489301,0.886461,3.5230000019073486,13.49808406829834,6.489666666666666,0.8858888888888887,3.2,0.7645306939951833,1.1009375005960464
SB81741_component_2782a,8.132261,2.594221,3.696000099182129,14.551180839538574,8.130916666666666,2.5931666666666664,2.6,0.987167586822121,1.421538499685434
SB81741_component_2788a,9.638387,1.285831,3.368000030517578,16.509803771972656,9.638541666666665,1.284861111111111,3.9,0.59970785954589,0.8635897514147637
SB81741_component_2800a,11.787297,0.101009,3.509999990463257,14.268292427062988,11.787791666666665,0.10022222222222221,3.2,0.7617095450409068,1.0968749970197678
SB81741_component_2803a,8.051597,-0.640928,3.503000020980835,14.970086097717285,8.0505,-0.6419166666666666,3.1,0.7847127461106413,1.1300000067680112
SB81741_component_2807a,12.382612,0.741933,3.496000051498413,13.29277515411377,12.383083333333332,0.7412222222222221,2.8,0.867053029198241,1.248571446963719
SB81741_component_2824a,8.893048,0.512106,3.677000045776367,14.767068862915039,8.894291666666666,0.51025,2.4,1.0639339181741914,1.5320833524068198
SB81741_component_2825a,6.208507,-2.474983,3.6579999923706055,10.104972839355469,6.209791666666666,-2.474361111111111,3.2,0.7938272129683136,1.1431249976158142
SB81741_component_2843a,9.994049,0.743196,3.7750000953674316,19.358976364135742,9.993541666666665,0.7443333333333333,3.1,0.8456439262521823,1.2177419662475586
SB81741_component_2875a,6.597482,-1.585587,3.263000011444092,12.696497917175293,6.598374999999999,-1.5869999999999997,2.9,0.7813602942335695,1.125172417739342
SB81741_component_2877a,7.937479,-0.433334,2.8989999294281006,14.004830360412598,7.938208333333332,-0.4323333333333333,3.1,0.6494097008195612,0.9351612675574518
SB81741_component_2878a,9.461758,0.943431,3.625999927520752,15.696969032287598,9.460166666666666,0.9446666666666665,2.7,0.9326018824909124,1.342962936118797
SB81741_component_2881a,6.843863,1.938926,3.441999912261963,12.33691692352295,6.845166666666666,1.9398888888888886,3.3,0.7243178297362405,1.043030276443019
SB81741_component_2892a,11.237747,0.517289,3.2070000171661377,13.197530746459961,11.238541666666665,0.5172777777777777,2.2,1.0122983810034476,1.4577272805300625
SB81741_component_2899a,6.592275,0.716266,3.5290000438690186,15.343478202819824,6.591499999999999,0.7151388888888888,3.9,0.6283756067308609,0.9048718061202612
SB81741_component_2909a,8.4697,-0.706566,2.9030001163482666,10.257950782775879,8.469708333333331,-0.7049166666666665,2.2,0.9163399757100568,1.3195455074310303
SB81741_component_2923a,6.676594,1.0674,3.359999895095825,14.482758522033691,6.676291666666666,1.069972222222222,2.4,0.9722104457301906,1.3999999562899272
SB81741_component_2932a,6.918152,-1.902409,3.1440000534057617,13.265822410583496,6.919791666666666,-1.9036666666666664,2.3,0.9492639095434369,1.3669565449590269
SB81741_component_2956a,10.594966,-0.380621,3.1500000953674316,12.701613426208496,10.595708333333333,-0.3807222222222222,2.8,0.7812405847913128,1.125000034059797
SB81741_component_3002a,7.242126,-1.637564,2.9070000648498535,12.214285850524902,7.241499999999999,-1.6398888888888887,2.3,0.8777068065291971,1.2639130716738494
SB81741_component_3052a,11.459117,-2.359869,3.0999999046325684,12.350598335266113,11.458624999999998,-2.3576944444444443,2.4,0.8969798759355093,1.2916666269302368
SB81741_component_3055a,10.572976,-0.228205,3.2799999713897705,14.017093658447266,10.571958333333331,-0.2297222222222222,2.5,0.9111000953544257,1.3119999885559082
SB81741_component_3064a,11.649173,-2.328423,3.053999900817871,12.619833946228027,11.648041666666666,-2.3284999999999996,3.3,0.6426689821503803,0.925454515399355
SB81741_component_3069a,10.830322,1.373463,2.7669999599456787,11.675105094909668,10.828083333333332,1.3739166666666665,2.8,0.6862516194855386,0.9882142714091711
SB81741_component_3076a,9.407559,1.77662,2.74399995803833,12.703702926635742,9.407416666666666,1.778222222222222,4.0,0.476383125996256,0.6859999895095825
SB81741_component_3098a,8.494909,2.488494,2.8359999656677246,11.866108894348145,8.496249999999998,2.486083333333333,3.8,0.5182685858639366,0.7463157804388749
SB81741_component_3099a,6.298419,0.962784,2.811000108718872,10.148014068603516,6.299249999999999,0.963111111111111,3.4,0.5741352424306441,0.8267647378584918
SB81741_component_3102a,9.389386,2.842284,3.055999994277954,14.148147583007812,9.390249999999998,2.8434999999999997,3.3,0.6430898721536357,0.9260606043266528
SB81741_component_3107a,11.672397,2.745842,3.2249999046325684,12.169811248779297,11.673083333333333,2.7476388888888885,2.9,0.7722607617373932,1.1120689326319202
SB81741_component_3149a,10.420366,1.927764,2.822000026702881,13.125581741333008,10.418833333333332,1.9292777777777774,3.2,0.6124058012209787,0.8818750083446503
SB81741_component_3150a,7.445645,-2.38525,3.0950000286102295,13.05907154083252,7.444541666666666,-2.3843055555555552,3.1,0.6933160026025973,0.9983871060032998
SB81741_component_3159a,12.027183,-0.801048,3.0190000534057617,11.058608055114746,12.028416666666665,-0.8018055555555554,2.6,0.8063471096756486,1.1611538666945238
SB81741_component_3191a,11.163546,2.699034,2.8480000495910645,11.392000198364258,11.164749999999998,2.700083333333333,3.4,0.5816923285925003,0.8376470734091366
SB81741_component_3266a,8.97924,1.78079,2.4769999980926514,10.278008460998535,8.980083333333333,1.780972222222222,2.5,0.6880472421159501,0.9907999992370605
SB81741_component_3281a,11.35909,-2.343972,2.677000045776367,10.140151977539062,11.359333333333332,-2.3412499999999996,2.3,0.8082631953357895,1.1639130633810293
SB81741_component_3358a,11.478432,2.883981,2.8949999809265137,10.924529075622559,11.478666666666665,2.8825277777777774,3.1,0.6485136658340681,0.9338709615891979
SB81741_component_3465a,7.547791,0.79651,2.3940000534057617,10.73542594909668,7.547499999999999,0.7960277777777777,3.0,0.5541599837301988,0.7980000178019205
