Component_ID,RA,DEC,ASKAP_flux,ASKAP_flux_SNR,RA_comp,DEC_comp,Comp_flux,Flux_Ratio_AlphaCorr,Flux_Ratio_NOAlphaCorr
SB85816_component_3a,58.164571,-71.117764,987.5230102539062,541.4051513671875,58.165499999999994,-71.11791666666666,1040.0,0.9894332807681168,0.9495413560133714
SB85816_component_4a,68.895363,-74.866064,886.510986328125,581.3186645507812,68.89254166666666,-74.86602777777777,828.5,1.1149727132311007,1.0700192955076946
SB85816_component_6a,67.149567,-67.820128,674.8809814453125,1533.8204345703125,67.14804166666666,-67.82002777777777,728.1,0.9658480075967243,0.926906992783014
SB85816_component_9a,61.422551,-71.080491,566.8170166015625,1175.9688720703125,61.42162499999999,-71.08033333333333,557.0,1.060377037198451,1.0176248053888015
SB85816_component_19a,61.749007,-73.568327,391.5419921875,512.489501953125,61.746666666666655,-73.56849999999999,318.6,1.280575546557676,1.2289453615426866
SB85816_component_23a,62.310004,-71.701554,304.00201416015625,902.0830688476562,62.30987499999999,-71.70122222222221,298.6,1.060862962506893,1.0180911391833765
SB85816_component_25a,60.167633,-70.007415,277.1440124511719,269.85784912109375,60.16824999999999,-70.0075,258.6,1.116733667340167,1.071709251551322
SB85816_component_29a,62.118903,-74.2713,271.385986328125,176.45382690429688,62.11758333333333,-74.27149999999999,252.3,1.1208378728142425,1.075647983860979
SB85816_component_34a,68.681344,-74.708407,256.4179992675781,282.71002197265625,68.67841666666666,-74.70844444444444,237.5,1.1250129534159898,1.0796547337582236
SB85816_component_38a,77.280685,-73.55094,229.30099487304688,769.4664306640625,77.27970833333332,-73.55099999999999,237.2,1.0073117131362295,0.966698966581142
SB85816_component_40a,69.229492,-69.509266,222.7760009765625,977.0877075195312,69.23008333333333,-69.50927777777777,233.4,0.9945810532827615,0.954481580876446
SB85816_component_42a,74.036143,-70.242719,209.1179962158203,850.0731201171875,74.03587499999999,-70.24233333333332,178.4,1.2214317037695666,1.172186077442939
SB85816_component_43a,69.435731,-72.464,206.72900390625,843.7918090820312,69.43545833333333,-72.4638611111111,219.3,0.9822802454083052,0.9426767163987687
SB85816_component_45a,61.382775,-70.69849,208.69900512695312,574.9284057617188,61.381208333333326,-70.69852777777777,209.1,1.0400134973754334,0.9980822818123057
SB85816_component_46a,74.917746,-69.917826,210.1300048828125,714.7279052734375,74.91866666666665,-69.91799999999999,206.9,1.0582790764007188,1.0156114300764258
SB85816_component_47a,83.436836,-72.27326,202.91700744628906,156.81375122070312,83.43449999999999,-72.27316666666665,154.8,1.3659038281175164,1.3108333814359758
SB85816_component_52a,84.237913,-69.224564,200.72799682617188,69.33609771728516,84.23295833333333,-69.22369444444443,290.1,0.7209959935704965,0.6919269108106579
SB85816_component_54a,79.082033,-73.600482,183.0469970703125,586.6890869140625,79.08020833333332,-73.60044444444443,217.0,0.8789729385528109,0.8435345487111175
SB85816_component_55a,60.380197,-70.91558,180.83999633789062,376.75,60.37862499999999,-70.91527777777777,173.8,1.0842198325614654,1.040506308043099
SB85816_component_58a,69.268397,-71.805603,183.56500244140625,801.5938720703125,69.26804166666666,-71.8054722222222,317.7,0.6020676593199428,0.5777935235801267
SB85816_component_59a,67.31701,-68.382743,178.177001953125,629.6007080078125,67.31612499999999,-68.38258333333333,188.1,0.987041655364163,0.947246156050638
SB85816_component_61a,69.714183,-68.382962,187.5540008544922,597.3057250976562,69.71404166666666,-68.38283333333332,183.4,1.0656132972303483,1.022649950133545
SB85816_component_62a,71.067305,-68.703354,177.41000366210938,718.2591552734375,71.06720833333333,-68.70308333333332,173.2,1.0673401507952645,1.0243071804971673
SB85816_component_65a,65.115991,-71.811579,180.39100646972656,739.307373046875,65.11491666666666,-71.8118611111111,202.6,0.9277865457374751,0.8903800911635072
SB85816_component_66a,74.688742,-72.840158,169.31100463867188,627.0777587890625,74.68924999999999,-72.83991666666665,168.2,1.0488945404893109,1.006605259445136
SB85816_component_67a,69.310033,-70.154589,166.1179962158203,772.641845703125,69.31066666666666,-70.15494444444444,173.0,1.0005601694372068,0.9602196313053197
SB85816_component_70a,72.698051,-74.594169,181.56100463867188,379.8347473144531,72.69862499999999,-74.59430555555555,168.7,1.1214505396784165,1.076235949251167
SB85816_component_72a,60.697886,-69.923219,163.8000030517578,241.9497833251953,60.698291666666655,-69.92369444444444,161.7,1.055544422537671,1.012987031859974
SB85816_component_78a,68.039853,-73.909269,150.5279998779297,508.54052734375,68.04016666666666,-73.90927777777777,128.8,1.217794638526359,1.1686956512261621
SB85816_component_80a,72.471052,-73.463827,146.66900634765625,516.4401245117188,72.470125,-73.46391666666666,139.7,1.0939930759895853,1.0498855142996153
SB85816_component_81a,76.009178,-72.062545,143.71299743652344,497.27679443359375,76.00949999999999,-72.06224999999999,141.3,1.0598063453764703,1.017077122693018
SB85816_component_82a,76.400085,-70.087427,159.5540008544922,506.5206298828125,76.39849999999998,-70.08794444444443,157.7,1.0542621991567833,1.011756505101409
SB85816_component_83a,68.028995,-68.775671,145.55799865722656,543.1268310546875,68.02854166666665,-68.77552777777777,150.9,1.0051235892118404,0.9645990633348347
SB85816_component_86a,70.198993,-69.871725,143.11900329589844,650.5409545898438,70.19958333333332,-69.87188888888888,133.2,1.1196072650790818,1.0744669917109493
SB85816_component_89a,74.139418,-73.119326,140.31300354003906,539.6654052734375,74.13833333333332,-73.11941666666665,135.5,1.0790243756585611,1.0355203213287016
SB85816_component_91a,80.373408,-74.944034,142.51300048828125,127.58550262451172,80.36824999999999,-74.94433333333332,156.5,0.9488832309448961,0.910626201203075
SB85816_component_101a,64.011517,-72.276137,135.54400634765625,515.3764038085938,64.01108333333333,-72.27638888888887,137.2,1.0294347786983291,0.9879300754202351
SB85816_component_107a,78.055397,-72.546408,116.25700378417969,405.07666015625,78.05458333333333,-72.54638888888888,187.1,0.6474674918257081,0.6213629277615162
SB85816_component_108a,66.71288,-74.526688,124.40699768066406,151.34671020507812,66.70979166666666,-74.52669444444443,98.8,1.312080540350006,1.2591801384682597
SB85816_component_109a,68.473648,-67.304947,116.66000366210938,332.36468505859375,68.47333333333333,-67.3051111111111,119.1,1.0206641338511093,0.9795130450219092
SB85816_component_110a,64.587064,-73.526059,119.0250015258789,370.79437255859375,64.58741666666666,-73.52616666666665,110.8,1.1193633030765502,1.07423286575703
SB85816_component_111a,69.343998,-67.0089,109.68599700927734,203.8773193359375,69.34345833333333,-67.00877777777777,125.4,0.9114362140304851,0.874688971365848
SB85816_component_116a,57.297978,-72.281587,114.34700012207031,116.68061065673828,57.29641666666666,-72.28174999999999,120.1,0.9920975970057744,0.9520982524735248
SB85816_component_117a,67.186037,-72.909028,121.91999816894531,514.4303588867188,67.18533333333332,-72.90902777777777,108.3,1.173057013783381,1.12576175594594
SB85816_component_120a,66.736705,-72.199062,110.80699920654297,559.6312866210938,66.73654166666665,-72.19924999999999,120.1,0.9613838362779575,0.9226228077147625
SB85816_component_124a,70.826199,-66.867898,119.60800170898438,141.5479278564453,70.82516666666666,-66.8679722222222,125.0,0.9970635763261892,0.956864013671875
SB85816_component_127a,64.096959,-72.461758,102.48799896240234,386.7471923828125,64.09666666666666,-72.46213888888887,102.4,1.042907250639131,1.0008593648672104
SB85816_component_129a,57.056275,-71.9644,110.5250015258789,83.16403198242188,57.056124999999994,-71.96458333333332,113.9,1.0111356789389219,0.9703687579093846
SB85816_component_130a,83.90595,-68.918608,109.95800018310547,62.40522384643555,83.90391666666666,-68.91880555555555,79.9,1.434011661469096,1.3761952463467517
SB85816_component_132a,67.20248,-66.968452,96.6760025024414,173.56553649902344,67.20275,-66.96833333333332,116.4,0.8654427291696984,0.8305498496773316
SB85816_component_133a,67.386174,-69.716426,98.7249984741211,501.1421203613281,67.38691666666666,-69.71647222222221,105.0,0.9797391582835604,0.9402380807059152
SB85816_component_134a,73.924481,-69.108267,100.75499725341797,362.42803955078125,73.92524999999999,-69.10816666666666,99.2,1.0583457083256131,1.0156753755384875
SB85816_component_137a,73.38692,-70.674288,99.52899932861328,387.2723693847656,73.38733333333333,-70.67402777777777,102.4,1.0127967771792168,0.9719628840684891
SB85816_component_141a,66.278025,-66.780619,92.88999938964844,119.0897445678711,66.27812499999999,-66.78052777777776,91.8,1.0543842464478668,1.0118736316955168
SB85816_component_142a,76.783986,-75.279447,101.9020004272461,96.8650131225586,76.78599999999999,-75.27983333333333,104.7,1.0141650915701115,0.9732760308237449
SB85816_component_143a,59.18715,-72.157834,97.54900360107422,211.60304260253906,59.187458333333325,-72.15788888888888,98.8,1.0288179261751873,0.9873380931282816
SB85816_component_146a,70.548975,-68.167732,94.74199676513672,410.13848876953125,70.548375,-68.16758333333333,94.5,1.0446801789418279,1.0025608123294891
SB85816_component_147a,61.584124,-71.150678,100.20500183105469,270.8243408203125,61.583208333333324,-71.15030555555555,96.4,1.0831410016138487,1.0394709733511895
SB85816_component_148a,66.729603,-68.949253,92.53700256347656,385.57086181640625,66.72962499999998,-68.9493611111111,95.3,1.0118011224755585,0.971007372124623
SB85816_component_150a,61.169431,-72.673271,100.2249984741211,308.3846130371094,61.17029166666666,-72.67327777777777,97.2,1.0744406305890648,1.0311213834786122
SB85816_component_152a,62.267925,-67.83362,91.14600372314453,81.38036346435547,62.26820833333333,-67.83375,94.8,1.0018482045474502,0.9614557354762082
SB85816_component_154a,83.186992,-70.024191,87.6760025024414,103.14823913574219,83.18249999999999,-70.02527777777777,84.6,1.0798986718020478,1.0363593676411516
SB85816_component_155a,70.510546,-69.442355,86.9990005493164,374.9956970214844,70.51124999999999,-69.44238888888889,83.8,1.0817897806997838,1.0381742308987638
SB85816_component_156a,60.720443,-69.038604,90.74299621582031,75.30538940429688,60.72066666666666,-69.03880555555554,92.0,1.0277746871750233,0.9863369153893512
SB85816_component_157a,73.885383,-69.59557,94.48500061035156,346.0989074707031,73.88654166666666,-69.59558333333332,91.2,1.0795447794814153,1.0360197435345566
SB85816_component_158a,69.004992,-67.420602,92.63500213623047,291.3050537109375,69.00424999999998,-67.42091666666666,97.4,0.991034534716559,0.9510780506799842
SB85816_component_161a,74.376656,-73.297296,89.54499816894531,366.9877014160156,74.37533333333333,-73.29711111111111,84.0,1.1107969421435644,1.0660118829636347
SB85816_component_162a,77.991063,-73.545584,83.2959976196289,301.7970886230469,77.98945833333332,-73.5456111111111,80.6,1.0768661406939695,1.0334491019805077
SB85816_component_165a,61.610267,-71.315914,81.26300048828125,286.1373291015625,61.60924999999999,-71.31552777777777,78.8,1.0745812687264273,1.0312563513741275
SB85816_component_166a,74.654995,-67.211975,84.72100067138672,118.99016571044922,74.65616666666666,-67.21197222222222,98.3,0.8980699990814918,0.8618616548462535
SB85816_component_171a,80.961366,-70.703766,77.68900299072266,156.94747924804688,80.95849999999999,-70.7036111111111,75.4,1.0736453113156021,1.030358129850433
SB85816_component_172a,76.054788,-70.081953,79.77100372314453,275.07244873046875,76.05299999999998,-70.08263888888888,82.7,1.0051067202803317,0.9645828745241176
SB85816_component_174a,73.475065,-69.358888,83.82499694824219,273.04559326171875,73.47629166666665,-69.35902777777777,84.4,1.034912730724994,0.9931871676332013
SB85816_component_175a,65.213477,-69.477945,77.08100128173828,323.8697509765625,65.21262499999999,-69.4781111111111,83.0,0.9677025485393093,0.9286867624305817
SB85816_component_176a,68.683634,-69.339063,78.23400115966797,381.6292724609375,68.68391666666666,-69.33913888888888,78.3,1.0411334736472726,0.9991571029331797
SB85816_component_178a,66.621475,-67.434627,75.6780014038086,234.29721069335938,66.62124999999999,-67.43408333333332,76.8,1.026788660486502,0.9853906432787578
SB85816_component_179a,68.548791,-70.136916,81.35399627685547,423.7187194824219,68.54966666666665,-70.13738888888888,89.4,0.9482306785176565,0.909999958354088
SB85816_component_180a,75.127336,-67.694745,77.96399688720703,170.5995635986328,75.12708333333332,-67.69466666666666,86.3,0.9413604096570083,0.9034066846721557
SB85816_component_181a,74.077482,-68.830428,78.43900299072266,277.16961669921875,74.07845833333333,-68.83077777777777,80.6,1.014074011289554,0.9731886227136807
SB85816_component_182a,72.454054,-69.670536,75.9749984741211,261.08245849609375,72.45474999999999,-69.67058333333333,98.5,0.8037243002227832,0.7713197814631583
SB85816_component_183a,73.590109,-68.015705,75.6259994506836,285.3811340332031,73.59049999999999,-68.01558333333332,65.6,1.2012680255716972,1.1528353574799328
SB85816_component_185a,70.876564,-75.10266,75.0270004272461,65.41151428222656,70.87583333333332,-75.10277777777777,70.4,1.1104974209869598,1.0657244378870183
SB85816_component_186a,69.238948,-67.791077,75.59200286865234,273.8840637207031,69.23833333333333,-67.791,74.9,1.0516389537846207,1.0092390236135158
SB85816_component_187a,65.773756,-68.391971,71.66400146484375,304.95318603515625,65.77420833333332,-68.39202777777777,67.6,1.104655826844992,1.0601183648645527
SB85816_component_188a,74.979442,-71.127182,70.08399963378906,277.0118713378906,74.97841666666666,-71.1271111111111,61.3,1.1913271349212373,1.1432952631939488
SB85816_component_189a,73.661431,-75.290711,74.52200317382812,55.86357116699219,73.66341666666666,-75.29127777777776,70.3,1.1045918257379816,1.0600569441511825
SB85816_component_191a,62.993872,-73.463163,73.71099853515625,188.03826904296875,62.99166666666666,-73.46327777777776,56.1,1.3691217283487713,1.3139215425161541
SB85816_component_192a,78.381093,-72.299784,68.36299896240234,218.41213989257812,78.38129166666666,-72.29963888888888,71.8,0.9921316210822075,0.9521309047688349
SB85816_component_194a,77.72157,-71.773244,74.83499908447266,226.77272033691406,77.72179166666666,-71.77280555555555,80.2,0.972306119402623,0.9331047267390605
SB85816_component_197a,70.314365,-74.816774,73.43199920654297,100.45417022705078,70.31229166666665,-74.81683333333332,61.9,1.2361390690257037,1.1863004718342969
SB85816_component_198a,73.964499,-69.036142,68.14800262451172,254.28358459472656,73.96483333333332,-69.03625,79.9,0.8887487068393535,0.8529161780289326
SB85816_component_201a,80.325475,-71.03874,69.25299835205078,175.76902770996094,80.32333333333332,-71.03866666666666,73.8,0.9778108434143052,0.9383875115454036
SB85816_component_204a,76.496339,-68.793467,67.19400024414062,221.7623748779297,76.49733333333333,-68.79344444444443,69.8,1.0031080222887427,0.9626647599447081
SB85816_component_209a,72.875492,-71.736574,65.21800231933594,274.02520751953125,72.87458333333332,-71.73663888888888,64.6,1.0519802915830276,1.0095665993705254
SB85816_component_210a,84.006672,-71.491551,72.19100189208984,45.83555603027344,84.00370833333332,-71.49130555555554,78.4,0.9594881957806213,0.9208035955623703
SB85816_component_212a,71.794582,-67.84701,65.99700164794922,249.9886474609375,71.79475,-67.84713888888888,69.4,0.9909171947420705,0.950965441613101
SB85816_component_214a,57.143315,-71.672339,64.3030014038086,42.41622543334961,57.142624999999995,-71.6726111111111,50.8,1.3189859271938682,1.2658071142482008
SB85816_component_215a,66.619363,-66.474512,59.97100067138672,52.931156158447266,66.61929166666665,-66.47488888888888,69.3,0.9017386622977861,0.8653824050705154
SB85816_component_216a,61.387249,-73.598558,67.75900268554688,101.89323425292969,61.38587499999999,-73.59844444444444,56.7,1.2452500733111174,1.1950441390749007
SB85816_component_218a,84.183345,-71.226381,65.97699737548828,40.65126037597656,84.17887499999999,-71.22613888888888,65.2,1.054429580176359,1.011917137660863
SB85816_component_219a,79.885708,-73.741382,63.76499938964844,215.4222869873047,79.88458333333332,-73.74138888888888,63.0,1.0546647724409612,1.0121428474547371
SB85816_component_223a,81.940768,-67.990347,67.03600311279297,49.80386734008789,81.93841666666665,-67.99047222222221,79.3,0.8808613503570856,0.845346823616557
SB85816_component_225a,77.940686,-74.038935,61.8120002746582,219.97154235839844,77.94008333333332,-74.03875,65.5,0.9833409553449761,0.9436946606818046
SB85816_component_232a,75.286372,-67.535964,59.957000732421875,102.84219360351562,75.28479166666666,-67.53622222222221,62.0,1.007675825740055,0.9670483989100302
SB85816_component_233a,64.31203,-71.365384,57.97999954223633,243.61343383789062,64.30966666666666,-71.36599999999999,59.5,1.015392313647817,0.9744537738190979
SB85816_component_236a,73.442128,-70.302653,62.29999923706055,260.6694641113281,73.44254166666666,-70.30233333333332,64.8,1.001810698204941,0.9614197413126628
SB85816_component_237a,69.420651,-66.730148,56.91400146484375,65.41838836669922,69.42025,-66.72994444444444,67.3,0.8812044592194538,0.8456760990318537
SB85816_component_238a,79.727048,-74.246525,63.0880012512207,160.52926635742188,79.72649999999999,-74.24652777777777,56.0,1.173900725480869,1.1265714509146554
SB85816_component_240a,72.369935,-69.44196,56.69599914550781,223.21258544921875,72.37070833333333,-69.44188888888888,52.6,1.1231539756682059,1.0778707061883614
SB85816_component_242a,73.436456,-69.624872,55.84299850463867,204.5531005859375,73.43791666666665,-69.62491666666666,51.0,1.1409620078830118,1.0949607549929152
SB85816_component_243a,61.325947,-68.526859,62.49599838256836,49.95683288574219,61.32541666666666,-68.52652777777777,61.4,1.0606118348961628,1.0178501365239148
SB85816_component_244a,71.940908,-72.908281,57.25,250.0,71.94033333333333,-72.90813888888889,62.9,0.948412949728856,0.910174880763116
SB85816_component_245a,72.677861,-71.621658,56.08100128173828,240.6909942626953,72.67666666666666,-71.62172222222222,45.5,1.284331079120809,1.2325494787195226
SB85816_component_246a,75.984715,-70.0391,54.73099899291992,189.380615234375,75.98316666666666,-70.03963888888887,54.1,1.0541653569110194,1.0116635673367822
SB85816_component_247a,65.510526,-69.254124,56.49100112915039,244.54978942871094,65.50995833333333,-69.25413888888887,51.9,1.1341866815366188,1.0884585959373871
SB85816_component_248a,59.690861,-72.146887,57.220001220703125,159.38719177246094,59.69174999999999,-72.14697222222222,58.3,1.0227086699221686,0.981475149583244
SB85816_component_250a,62.551121,-72.95255,56.724998474121094,189.71571350097656,62.55141666666666,-72.9528611111111,52.4,1.1280174954626356,1.0825381388191049
SB85816_component_251a,69.959172,-68.539619,54.74399948120117,223.44488525390625,69.95949999999999,-68.5396111111111,36.2,1.5757981345538992,1.5122651790387063
SB85816_component_252a,65.359594,-69.217279,54.70500183105469,254.44186401367188,65.35924999999999,-69.21744444444444,58.5,0.9744146403404385,0.9351282364282852
SB85816_component_253a,68.381153,-70.633526,57.94900131225586,300.2538757324219,68.38079166666665,-70.63374999999999,63.4,0.9524218003339797,0.9140221027169694
SB85816_component_254a,75.325549,-71.565441,56.694000244140625,226.7760009765625,75.32529166666666,-71.56505555555555,57.2,1.0327939902337642,0.9911538504220389
SB85816_component_259a,62.412708,-73.249224,52.512001037597656,139.28912353515625,62.41120833333333,-73.24941666666666,45.7,1.197333124605941,1.1490591036673448
SB85816_component_260a,63.635947,-67.816501,50.900001525878906,85.97972869873047,63.63699999999999,-67.81644444444444,57.0,0.9304982685997013,0.8929824829101562
SB85816_component_263a,78.11947,-68.833157,50.375,121.67874145507812,78.11829166666665,-68.83313888888888,44.2,1.1875869577936657,1.1397058823529411
SB85816_component_265a,78.092286,-67.538346,52.965999603271484,45.581756591796875,78.09158333333332,-67.53908333333332,59.2,0.9322837102885306,0.8946959392444507
SB85816_component_267a,63.316113,-67.420519,53.04600143432617,51.90411376953125,63.31616666666666,-67.42083333333332,62.7,0.8815719058954921,0.8460287310099868
SB85816_component_268a,66.390053,-70.996094,52.801998138427734,238.92306518554688,66.38908333333332,-70.99633333333333,57.7,0.9535581315493195,0.9151126193834962
SB85816_component_269a,66.45591,-72.725326,50.58399963378906,180.0142364501953,66.45662499999999,-72.72588888888887,56.1,0.9395565706843004,0.9016755727948139
SB85816_component_271a,62.909186,-67.857854,53.35900115966797,57.25214767456055,62.90837499999999,-67.85763888888889,54.0,1.0296427389132798,0.9881296511049624
SB85816_component_273a,80.285003,-67.725136,54.05500030517578,48.74211120605469,80.28358333333333,-67.72533333333332,58.5,0.9628367044687595,0.9240170992337741
SB85816_component_279a,57.73637,-71.613833,51.50299835205078,57.803592681884766,57.73620833333332,-71.61424999999998,56.5,0.9498536479249017,0.911557492956651
SB85816_component_282a,74.021375,-66.853522,48.21200180053711,52.6331901550293,74.02216666666666,-66.85347222222221,44.5,1.1289319983257982,1.0834157707985868
SB85816_component_283a,67.761376,-67.931681,50.65700149536133,205.92276000976562,67.75954166666666,-67.93152777777777,50.6,1.0431856208553163,1.0011265117660342
SB85816_component_285a,67.437834,-66.765446,49.132999420166016,69.10407257080078,67.43775,-66.76558333333332,60.9,0.8406759326213797,0.8067815996743188
SB85816_component_286a,72.977366,-73.411848,48.05400085449219,220.4311981201172,72.977375,-73.41186111111111,46.1,1.0861786350998084,1.0423861356722817
SB85816_component_288a,75.211405,-68.062654,48.71900177001953,143.2911834716797,75.21120833333332,-68.06241666666666,51.2,0.9915190208464003,0.951543003320694
SB85816_component_293a,79.593761,-71.464926,44.29199981689453,146.17822265625,79.58999999999999,-71.46505555555555,42.5,1.0859478981603794,1.042164701573989
SB85816_component_295a,78.020082,-73.408777,50.983001708984375,208.09388732910156,78.01924999999999,-73.40874999999998,47.3,1.1231477479685787,1.0778647295768367
SB85816_component_301a,75.351255,-73.139909,48.98500061035156,203.25726318359375,75.350625,-73.13958333333332,41.9,1.2182087778769861,1.169093093325813
SB85816_component_302a,69.560945,-69.486444,48.39099884033203,209.48483276367188,69.5615,-69.48644444444443,47.0,1.0728508712758538,1.0295957200070645
SB85816_component_308a,70.496267,-72.04383,47.58700180053711,245.2938232421875,70.49654166666666,-72.04338888888888,55.7,0.8902372811767802,0.8543447360958188
SB85816_component_309a,77.728195,-67.336984,49.944000244140625,37.922550201416016,77.72641666666665,-67.33669444444443,57.4,0.9066591761445396,0.8701045338700457
SB85816_component_310a,67.126035,-69.345042,44.638999938964844,208.5934600830078,67.12570833333332,-69.34474999999999,47.4,0.9813156938287052,0.9417510535646592
SB85816_component_311a,57.711588,-71.68588,49.08700180053711,52.05408477783203,57.711749999999995,-71.68608333333333,48.0,1.0656090465631236,1.0226458708445232
SB85816_component_312a,81.288417,-74.806671,49.013999938964844,41.92814254760742,81.28237499999999,-74.80683333333333,50.8,1.0053772723452792,0.96484251848356
SB85816_component_314a,62.172798,-73.099431,46.111000061035156,132.8847198486328,62.17341666666666,-73.1,38.3,1.2545223331137754,1.2039425603403435
SB85816_component_315a,68.801674,-66.705378,45.18199920654297,55.03288650512695,68.80170833333332,-66.70544444444444,51.4,0.9159567222196372,0.8790272219171784
SB85816_component_320a,79.367707,-72.8737,42.867000579833984,142.415283203125,79.36641666666665,-72.87349999999999,45.0,0.9926204372666425,0.9526000128851997
SB85816_component_322a,80.774207,-73.756527,44.61899948120117,120.918701171875,80.77133333333332,-73.75680555555554,52.9,0.8788945779742731,0.8434593474707216
SB85816_component_324a,72.473608,-68.076748,47.48500061035156,189.1832733154297,72.47299999999998,-68.07688888888887,53.0,0.9335835871615553,0.8959434077424823
SB85816_component_326a,58.178744,-71.863127,43.23699951171875,56.6671028137207,58.17883333333332,-71.86325,45.9,0.9815569264372431,0.9419825601681645
SB85816_component_327a,63.51217,-71.291484,47.14899826049805,213.34388732910156,63.51129166666666,-71.29152777777777,43.4,1.1320233113393348,1.0863824483985725
SB85816_component_328a,72.780608,-67.833344,42.67900085449219,147.67820739746094,72.78112499999999,-67.83377777777777,38.7,1.1491478487886155,1.1028165595476016
SB85816_component_331a,73.242294,-67.918171,44.933998107910156,155.48095703125,73.24170833333332,-67.91830555555555,44.5,1.0521742798940474,1.009752766469891
SB85816_component_334a,76.476607,-68.844177,42.27399826049805,136.36773681640625,76.47858333333332,-68.84413888888888,43.5,1.0126437763978502,0.9718160519654724
SB85816_component_335a,74.011589,-69.71452,43.94900131225586,155.2968292236328,74.01329166666666,-69.71444444444444,43.4,1.0551930227802704,1.0126497998215636
SB85816_component_336a,78.981401,-69.127794,40.935001373291016,117.96829986572266,78.97887499999999,-69.12852777777776,40.5,1.0532037960578773,1.0107407746491608
SB85816_component_339a,71.271278,-73.836476,41.374000549316406,166.16064453125,71.26987499999998,-73.83658333333332,36.3,1.1876638031457911,1.1397796294577522
SB85816_component_340a,83.975374,-72.45471,43.05400085449219,24.973318099975586,83.973125,-72.45508333333332,57.7,0.7775177845145622,0.7461698588300205
SB85816_component_341a,70.490998,-67.428147,39.99700164794922,106.09284210205078,70.49004166666666,-67.42772222222222,42.2,0.9876148572209218,0.947796247581735
SB85816_component_342a,57.653248,-72.072281,41.422000885009766,48.67449951171875,57.65283333333333,-72.07233333333332,41.8,1.032588827022491,0.9909569589715256
SB85816_component_344a,81.999816,-70.427934,40.04899978637695,85.94206237792969,81.99674999999999,-70.4276111111111,37.9,1.101095769066581,1.0567018413292073
SB85816_component_346a,72.697304,-66.7994,40.736000061035156,32.43312072753906,72.69766666666666,-66.79924999999999,45.3,0.9370285215954934,0.8992494494709748
SB85816_component_348a,63.273978,-68.653616,44.55699920654297,111.39249420166016,63.273083333333325,-68.65358333333333,42.5,1.0924451331326583,1.0483999813304228
SB85816_component_356a,69.054871,-69.177557,38.446998596191406,170.87554931640625,69.05512499999999,-69.17758333333333,33.3,1.2030698358004783,1.1545645224081504
SB85816_component_359a,73.221555,-71.568288,38.933998107910156,155.11553955078125,73.22108333333333,-71.56805555555555,37.6,1.0789809776955321,1.0354786730827168
SB85816_component_363a,79.817785,-70.237588,36.8489990234375,114.4378890991211,79.81670833333332,-70.23791666666666,36.6,1.0491008510710527,1.0068032520064891
SB85816_component_365a,69.480273,-73.050343,39.05699920654297,165.49575805664062,69.47937499999999,-73.04997222222221,37.4,1.0881778972022986,1.044304791618796
SB85816_component_369a,79.756282,-71.842115,38.051998138427734,87.67742156982422,79.75208333333332,-71.84263888888889,39.6,1.0012785454834223,0.9609090438996902
SB85816_component_371a,64.098615,-69.222937,41.59000015258789,158.74046325683594,64.09691666666666,-69.22358333333332,42.8,1.0125530417237856,0.9717289755277545
SB85816_component_372a,61.414153,-69.174469,39.33700180053711,56.681556701660156,61.41416666666666,-69.17469444444444,46.7,0.8777220419141036,0.8423340856646061
SB85816_component_375a,81.06867,-74.238564,41.124000549316406,76.58100891113281,81.06695833333332,-74.23899999999999,30.9,1.3867861847447143,1.330873804184997
SB85816_component_378a,61.230847,-70.687942,36.70399856567383,90.85147857666016,61.23074999999999,-70.68872222222221,50.3,0.7603578322816834,0.7297017607489827
SB85816_component_379a,67.350424,-69.96806,36.94300079345703,196.5053253173828,67.35179166666666,-69.96799999999999,34.7,1.1093672075250727,1.0646397923186464
SB85816_component_382a,68.568954,-74.125103,36.810001373291016,114.3167724609375,68.57,-74.1248611111111,37.5,1.022838803687067,0.9816000366210937
SB85816_component_383a,66.660945,-73.984359,38.64899826049805,115.02677917480469,66.66058333333332,-73.98455555555554,31.5,1.2784987797583671,1.2269523257300967
SB85816_component_390a,82.941511,-72.315578,36.55500030517578,56.06595230102539,82.93874999999998,-72.31549999999999,41.2,0.9245325490481602,0.8872572889605772
SB85816_component_392a,65.429507,-71.671533,35.470001220703125,161.22727966308594,65.42837499999999,-71.6716111111111,36.1,1.023827124403183,0.9825485102687845
SB85816_component_393a,70.025231,-67.23298,38.8129997253418,87.81221771240234,70.02420833333332,-67.2331111111111,44.7,0.9047785910754775,0.8682997701418746
SB85816_component_395a,82.742946,-73.089377,35.74300003051758,54.40334701538086,82.74112499999998,-73.08969444444443,38.6,0.9648867141798316,0.92598445674916
SB85816_component_396a,79.013699,-72.961886,34.790000915527344,143.7603302001953,79.01212499999998,-72.96194444444444,44.3,0.8183203354622816,0.7853273344362832
SB85816_component_400a,69.15294,-71.110768,35.426998138427734,167.9004669189453,69.153375,-71.11075,37.4,0.9870414297472669,0.9472459395301533
SB85816_component_402a,74.516158,-72.578797,35.33700180053711,162.09634399414062,74.51554166666666,-72.57883333333332,32.5,1.1329714531723047,1.0872923630934495
SB85816_component_403a,69.254008,-68.74257,34.71200180053711,147.08474731445312,69.25412499999999,-68.74233333333332,32.9,1.0994016676032992,1.0550760425695171
SB85816_component_406a,77.28059,-71.378457,35.29999923706055,130.25830078125,77.28020833333332,-71.37797222222221,33.4,1.1012878778736888,1.0568862047024117
SB85816_component_407a,58.982443,-72.537402,34.4119987487793,66.56092071533203,58.98224999999999,-72.53774999999999,33.1,1.083314445603755,1.0396374244344198
SB85816_component_409a,69.235787,-66.636581,34.520999908447266,33.777889251708984,69.23591666666665,-66.63694444444444,35.7,1.007599121628714,0.9669747873514639
SB85816_component_410a,61.118917,-69.438609,37.06100082397461,47.944374084472656,61.11916666666666,-69.43908333333333,36.5,1.058027384198184,1.0153698855883455
SB85816_component_412a,66.93309,-68.085434,33.01499938964844,131.01190185546875,66.93212499999998,-68.08530555555555,29.6,1.1622303499112632,1.1153716010016363
SB85816_component_414a,82.197784,-68.605822,33.57500076293945,43.547340393066406,82.19637499999999,-68.60577777777777,31.1,1.1249371828443482,1.079582018100947
SB85816_component_418a,68.685444,-67.981724,33.2239990234375,146.36123657226562,68.68408333333332,-67.98122222222221,31.6,1.0955632417178043,1.0513923741594144
SB85816_component_422a,82.53235,-72.094684,32.367000579833984,52.12077331542969,82.52945833333332,-72.09505555555555,40.0,0.8431698990653994,0.8091750144958496
SB85816_component_424a,75.705809,-67.837906,31.632999420166016,73.56511688232422,75.70524999999999,-67.83797222222222,33.8,0.975205861124373,0.9358875568096455
SB85816_component_429a,64.765392,-71.212733,31.235000610351562,155.39801025390625,64.76504166666666,-71.21305555555554,31.9,1.0202896130666754,0.9791536241489518
SB85816_component_432a,69.485372,-67.470701,30.89900016784668,80.46614837646484,69.48445833333332,-67.47080555555554,36.4,0.8845363251887743,0.848873630984799
SB85816_component_435a,76.834242,-72.028893,31.82900047302246,116.5897445678711,76.83445833333333,-72.02872222222221,40.0,0.8291548378106944,0.7957250118255615
SB85816_component_436a,82.93269,-70.823435,33.50899887084961,48.56376647949219,82.92758333333332,-70.82313888888888,33.2,1.0517099890736763,1.0093071949051087
SB85816_component_438a,57.929718,-71.992173,32.50400161743164,42.37809753417969,57.93129166666666,-71.99291666666666,37.7,0.8983966222276684,0.8621751092156933
SB85816_component_445a,64.274353,-72.76213,31.261999130249023,138.9422149658203,64.27420833333332,-72.76238888888888,39.1,0.8331297041602392,0.7995396196994635
SB85816_component_447a,74.08923,-67.217567,31.06100082397461,44.821067810058594,74.09083333333332,-67.21788888888888,40.5,0.7991587365259412,0.7669382919499903
SB85816_component_450a,60.906347,-70.356264,31.39299964904785,73.86588287353516,60.90487499999999,-70.35638888888889,30.7,1.0655334044542037,1.022573278470614
SB85816_component_453a,61.5435,-69.505458,33.064998626708984,62.50472640991211,61.54333333333332,-69.50572222222222,27.7,1.2438309801984693,1.1936822608920212
SB85816_component_455a,74.381841,-73.526822,30.16200065612793,134.0533447265625,74.38079166666665,-73.5268611111111,28.8,1.0912902799338455,1.0472916894488864
SB85816_component_456a,77.012341,-73.946748,29.983999252319336,125.45606994628906,77.01145833333332,-73.94683333333333,30.5,1.0243829672805347,0.9830819426989946
SB85816_component_458a,61.900106,-74.154682,32.14899826049805,29.226362228393555,61.898374999999994,-74.1546111111111,28.5,1.1754257886769954,1.128035026684142
SB85816_component_463a,74.071502,-71.223338,32.8390007019043,140.93992614746094,74.07024999999999,-71.22308333333332,32.0,1.069332051595961,1.0262187719345093
SB85816_component_466a,71.010093,-66.859158,28.930999755859375,39.63150405883789,71.00895833333333,-66.85872222222221,34.4,0.8763500761617937,0.841017434763354
SB85816_component_471a,59.901908,-71.594488,27.895999908447266,72.08268737792969,59.900499999999994,-71.5945,31.1,0.9346611120341035,0.8969774890175969
SB85816_component_473a,77.728579,-69.182536,28.69300079345703,86.948486328125,77.72783333333332,-69.18241666666665,26.1,1.1455342872399235,1.099348689404484
SB85816_component_475a,62.901344,-72.990737,29.15999984741211,93.46153259277344,62.90149999999999,-72.99122222222222,28.9,1.0513862772843083,1.0089965345125298
SB85816_component_476a,62.843258,-71.730732,28.72599983215332,109.22432708740234,62.84379166666666,-71.73066666666666,28.2,1.061447882414498,1.0186524763174936
SB85816_component_477a,64.771854,-73.119804,31.54800033569336,112.27046966552734,64.77154166666666,-73.12033333333332,33.8,0.9725854455176539,0.933372790996845
SB85816_component_478a,82.448795,-69.035913,30.93400001525879,47.95969009399414,82.44824999999999,-69.03627777777777,31.7,1.0168325706704822,0.9758359626264602
SB85816_component_480a,69.721511,-75.150284,30.05900001525879,12.421073913574219,69.72020833333332,-75.1501111111111,27.0,1.160067858545273,1.1132962968614366
SB85816_component_481a,83.20955,-68.336769,31.104999542236328,19.90083122253418,83.20741666666666,-68.3367222222222,38.2,0.8484758118360314,0.8142670037234641
SB85816_component_482a,77.834236,-69.080425,28.156999588012695,81.85173797607422,77.83429166666666,-69.08033333333333,24.8,1.1830615050625046,1.1353628866134151
SB85816_component_485a,69.527529,-69.073087,29.350000381469727,133.40908813476562,69.52683333333333,-69.07297222222222,26.4,1.1584487200246991,1.1117424386920352
SB85816_component_486a,67.904121,-67.31041,26.72800064086914,77.47246551513672,67.90470833333332,-67.31055555555555,25.8,1.0794919219263772,1.0359690170879512
SB85816_component_487a,68.897688,-74.176099,29.229000091552734,80.29945373535156,68.89837499999999,-74.17544444444444,24.5,1.2431413257507817,1.1930204119001115
SB85816_component_490a,80.733183,-69.068564,28.8439998626709,75.11458587646484,80.73149999999998,-69.06902777777776,29.2,1.0293077981576213,0.9878082144750308
SB85816_component_491a,77.691016,-69.690675,26.406999588012695,80.26443481445312,77.68858333333333,-69.69138888888888,31.2,0.8819360482848171,0.8463781919234838
SB85816_component_494a,76.028603,-68.595563,27.584999084472656,88.9838638305664,76.02924999999999,-68.59552777777778,27.5,1.0452325113224425,1.0030908757990056
SB85816_component_497a,79.503778,-67.473897,30.76300048828125,19.519670486450195,79.50195833333332,-67.47472222222221,40.6,0.7895420928170485,0.757709371632543
SB85816_component_500a,78.776572,-71.652731,25.459999084472656,97.54788970947266,78.77341666666666,-71.65213888888889,28.3,0.9374423683368385,0.8996466107587511
SB85816_component_501a,80.215144,-73.200485,28.7189998626709,83.24347686767578,80.21354166666666,-73.20025,35.6,0.840604950376749,0.8067134792885083
SB85816_component_502a,59.044871,-70.175248,26.908000946044922,37.42420196533203,59.04529166666666,-70.17422222222221,41.7,0.6723849885974889,0.6452758020634274
SB85816_component_503a,68.716978,-74.306885,28.30500030517578,69.54545593261719,68.71591666666666,-74.30680555555554,26.2,1.1257306800239002,1.0803435230983123
SB85816_component_504a,76.009654,-75.047155,30.2189998626709,39.194549560546875,76.01191666666665,-75.04716666666666,30.2,1.0426673479104485,1.0006291345255265
SB85816_component_510a,82.426862,-71.247076,25.941999435424805,45.99645233154297,82.42204166666666,-71.24691666666666,24.4,1.107863486422463,1.0631966981731478
SB85816_component_511a,65.05047,-68.689868,26.545000076293945,111.06694793701172,65.04970833333333,-68.69058333333332,26.9,1.0282603286706902,0.9868029768139014
SB85816_component_512a,81.548629,-70.379391,26.357999801635742,62.60807418823242,81.54674999999999,-70.37899999999999,25.6,1.0728650918652436,1.0296093672513962
SB85816_component_515a,65.297165,-66.557195,25.885000228881836,17.40753173828125,65.29962499999999,-66.55741666666665,26.9,1.0026942462419073,0.9622676665011836
SB85816_component_517a,66.495431,-74.030841,27.22100067138672,72.5893325805664,66.49524999999998,-74.03047222222222,23.7,1.1968187099656138,1.1485654291724354
SB85816_component_520a,64.801137,-67.920196,25.45800018310547,83.19608306884766,64.80033333333333,-67.92080555555555,27.3,0.9717046207016931,0.9325274792346325
SB85816_component_522a,78.140398,-67.843993,24.979999542236328,36.046173095703125,78.13904166666666,-67.84413888888888,28.3,0.9197686871170678,0.8826854961920964
SB85816_component_523a,57.27353,-72.890292,27.683000564575195,20.118459701538086,57.271583333333325,-72.89016666666666,27.4,1.0527741882598187,1.0103284877582188
SB85816_component_524a,57.222558,-72.769573,27.979000091552734,23.610971450805664,57.217499999999994,-72.76924999999999,23.9,1.2198513704180511,1.170669459897604
SB85816_component_526a,83.226357,-70.674294,23.791000366210938,30.777490615844727,83.22287499999999,-70.6748611111111,16.2,1.5302779441248886,1.4685802695191936
SB85816_component_527a,72.009661,-67.885924,24.847999572753906,97.06249237060547,72.00941666666665,-67.88583333333332,25.5,1.0153689538018105,0.9744313557942709
SB85816_component_528a,80.001977,-71.250247,24.132999420166016,69.14899444580078,79.99941666666666,-71.24977777777777,22.2,1.1327418801165507,1.0870720459534242
SB85816_component_529a,63.864464,-71.913539,25.312999725341797,117.73487854003906,63.86341666666666,-71.91433333333332,20.8,1.2680982672944405,1.2169711406414325
SB85816_component_533a,76.356222,-70.936713,24.18199920654297,85.75177001953125,76.35558333333333,-70.9363611111111,24.4,1.0327019710378478,0.991065541251761
SB85816_component_535a,68.135696,-68.258277,25.267000198364258,104.84232330322266,68.134125,-68.25802777777777,23.9,1.101611377013913,1.057196661019425
SB85816_component_537a,71.942393,-71.194843,25.12700080871582,106.47034454345703,71.94241666666666,-71.1951111111111,23.7,1.1047523585274657,1.0602110045871656
SB85816_component_538a,60.159488,-72.948744,27.433000564575195,65.00711059570312,60.15449999999999,-72.94872222222222,23.0,1.2428482527277602,1.1927391549815303
SB85816_component_539a,68.249964,-73.97004,24.913999557495117,79.8525619506836,68.24954166666666,-73.97025,22.4,1.158958976949982,1.1122321231024606
SB85816_component_542a,65.499228,-70.381034,25.645000457763672,122.7033462524414,65.49741666666665,-70.37988888888889,22.6,1.182406753745467,1.134734533529366
SB85816_component_548a,80.852585,-68.111453,25.659000396728516,32.60355758666992,80.85049999999998,-68.11169444444444,27.0,0.990258545777804,0.9503333480269821
SB85816_component_549a,72.939853,-74.656523,25.0049991607666,52.09375,72.94154166666665,-74.65633333333332,19.4,1.3430672032203674,1.2889174825137424
SB85816_component_551a,80.072628,-70.596376,23.666000366210938,67.42449951171875,80.06991666666666,-70.59630555555555,18.9,1.3047751969329588,1.2521693315455524
SB85816_component_553a,75.271112,-67.838343,26.985000610351562,65.81707763671875,75.27145833333333,-67.83824999999999,27.6,1.0187930645636831,0.9777174134185348
SB85816_component_557a,77.287133,-74.013932,25.149999618530273,103.49794006347656,77.28695833333332,-74.01433333333333,26.5,0.988928148222905,0.9490565893785009
SB85816_component_567a,75.929558,-70.820818,26.82900047302246,95.81785583496094,75.929375,-70.82088888888887,26.5,1.054948475502523,1.0124151121895268
SB85816_component_568a,63.329503,-74.159094,27.031999588012695,33.006103515625,63.32849999999999,-74.15938888888888,16.5,1.7071310345719792,1.6383030053341028
SB85816_component_571a,63.272004,-67.17952,25.982999801635742,24.443086624145508,63.27779166666666,-67.17852777777777,24.2,1.118784790635513,1.073677677753543
SB85816_component_573a,79.388287,-69.076898,25.902999877929688,64.59600830078125,79.38754166666665,-69.07713888888888,29.1,0.9275337137557674,0.8901374528498174
SB85816_component_574a,71.016862,-72.836806,25.81399917602539,122.92381286621094,71.01454166666666,-72.83702777777776,25.2,1.0674004480267305,1.0243650466676744
SB85816_component_575a,83.040093,-68.718736,23.625,25.132978439331055,83.03858333333332,-68.71866666666666,19.3,1.275519604008373,1.2240932642487046
SB85816_component_578a,72.232941,-69.493803,23.766000747680664,95.44578552246094,72.233375,-69.49438888888888,26.8,0.9240467461851153,0.8867910726746516
SB85816_component_582a,67.505094,-67.787543,23.11199951171875,81.09473419189453,67.50354166666666,-67.78791666666666,25.7,0.9370807705928212,0.8992995918956712
SB85816_component_584a,72.76215,-71.515642,23.381999969482422,105.8009033203125,72.76179166666665,-71.51599999999999,26.3,0.9263999795611269,0.8890494284974305
SB85816_component_587a,59.586133,-72.874038,23.8799991607666,50.808509826660156,59.58449999999999,-72.87327777777777,23.2,1.0725534692828738,1.029310308653733
SB85816_component_589a,65.893487,-74.218053,25.82200050354004,45.064571380615234,65.89337499999999,-74.21836111111111,22.0,1.2230376712644588,1.1737272956154563
SB85816_component_590a,63.081092,-70.587746,23.413000106811523,92.54150390625,63.079291666666656,-70.58852777777777,23.4,1.0425906825131694,1.0005555601201506
SB85816_component_592a,80.107003,-70.714394,22.31100082397461,62.14763641357422,80.10416666666666,-70.71447222222221,19.2,1.2108502986448701,1.1620312929153442
SB85816_component_594a,73.419941,-75.170816,24.79199981689453,22.23497772216797,73.41995833333333,-75.17099999999999,23.1,1.1183357539624905,1.0732467453201096
SB85816_component_595a,75.543377,-68.20125,26.555999755859375,91.88927459716797,75.54324999999999,-68.20091666666666,28.1,0.9847567486459257,0.9450533720946396
SB85816_component_599a,70.578131,-72.694295,25.284000396728516,124.55172729492188,70.57674999999999,-72.6941111111111,23.4,1.125907107591021,1.0805128374670308
SB85816_component_603a,81.571548,-68.05403,25.326000213623047,23.128767013549805,81.57037499999998,-68.05388888888888,25.0,1.0555996248675747,1.0130400085449218
SB85816_component_605a,64.772232,-68.621946,25.034000396728516,91.3649673461914,64.77233333333332,-68.62252777777776,23.0,1.1341618857412759,1.0884347998577615
SB85816_component_606a,78.849826,-69.596528,23.816999435424805,69.84457397460938,78.84866666666666,-69.59663888888888,22.0,1.1280724559669753,1.0825908834284002
SB85816_component_607a,70.479226,-74.350645,25.774999618530273,53.14432907104492,70.47704166666665,-74.35105555555555,14.3,1.8781715588712131,1.8024475257713477
SB85816_component_609a,77.684129,-70.800811,24.767000198364258,91.05514526367188,77.68225,-70.8006111111111,23.4,1.1028848726269842,1.0584188118959086
SB85816_component_611a,72.479794,-73.252056,22.555999755859375,104.42591857910156,72.47933333333333,-73.25163888888888,23.9,0.9834149584795724,0.9437656801614802
SB85816_component_613a,78.145807,-70.218449,22.138999938964844,80.79927062988281,78.14587499999999,-70.21874999999999,23.5,0.9816637780949568,0.9420851037857381
SB85816_component_614a,62.391339,-70.85506,25.90999984741211,109.32489013671875,62.389958333333325,-70.85497222222222,23.9,1.1296454025510216,1.0841004120256112
SB85816_component_615a,72.678205,-68.823289,22.579999923706055,100.35556030273438,72.67854166666666,-68.82338888888889,23.0,1.0229837376232924,0.9817391271176545
SB85816_component_619a,65.042546,-74.459326,23.214000701904297,24.461538314819336,65.038625,-74.46030555555555,17.9,1.3513554327497057,1.2968715475924188
SB85816_component_622a,63.911317,-72.977995,22.714000701904297,91.22088623046875,63.90933333333332,-72.978,20.9,1.1324524571798393,1.0867942919571434
SB85816_component_623a,83.06848,-70.398964,23.106000900268555,32.047157287597656,83.06287499999999,-70.40002777777777,26.5,0.9085556671859181,0.871924562274285
SB85816_component_625a,75.579924,-71.850937,22.007999420166016,84.97296905517578,75.58029166666665,-71.85024999999999,21.0,1.0920283191025135,1.0479999723888578
SB85816_component_626a,73.547305,-74.936949,23.33799934387207,33.15056610107422,73.55058333333332,-74.93724999999999,22.9,1.061941934154677,1.0191266089027105
SB85816_component_628a,81.153093,-73.492928,23.915000915527344,61.1636848449707,81.15245833333333,-73.49347222222221,30.6,0.8143696970008272,0.7815359776316125
SB85816_component_630a,64.374182,-71.451664,22.246999740600586,108.5219497680664,64.37354166666665,-71.45183333333333,24.5,0.9461892184091586,0.9080408057387994
SB85816_component_633a,68.456448,-70.057489,21.666000366210938,114.03158569335938,68.457,-70.05772222222221,22.3,1.0123868904658544,0.9715695231484726
SB85816_component_634a,77.755218,-72.495828,23.56599998474121,85.0758056640625,77.75616666666666,-72.496,16.5,1.488245433109379,1.4282424233176492
SB85816_component_635a,67.872909,-74.526323,22.231000900268555,34.6817512512207,67.87320833333332,-74.5273611111111,20.5,1.129998286385118,1.0844390683057832
SB85816_component_637a,69.654826,-73.48928,21.440000534057617,97.45455169677734,69.654125,-73.48927777777777,20.6,1.084501610169027,1.0407767249542532
SB85816_component_640a,80.435398,-72.065764,20.766000747680664,60.36627960205078,80.432375,-72.06527777777777,20.0,1.081920872539727,1.0383000373840332
SB85816_component_644a,66.33313,-69.58075,23.986000061035156,116.4368896484375,66.33204166666665,-69.58138888888888,26.9,0.9291336310178164,0.8916728647224965
SB85816_component_645a,79.359165,-70.504499,19.70199966430664,70.11388397216797,79.35820833333332,-70.50455555555554,24.4,0.8413817944883295,0.8074590026355181
SB85816_component_646a,80.282452,-72.149742,20.077999114990234,63.138362884521484,80.28016666666666,-72.15038888888888,19.3,1.0840161473199073,1.0403108349735872
SB85816_component_648a,75.259967,-69.720232,20.325000762939453,75.27777862548828,75.26070833333333,-69.71972222222222,18.5,1.1448048794967727,1.0986486898886192
SB85816_component_650a,62.501323,-72.185638,21.177000045776367,92.07391357421875,62.50079166666666,-72.18555555555555,28.7,0.7688739917051013,0.7378745660549257
SB85816_component_652a,73.469312,-71.054873,20.56100082397461,83.92244720458984,73.46999999999998,-71.05444444444444,18.9,1.1335875722178668,1.087883641480138
SB85816_component_653a,73.051682,-67.214456,21.150999069213867,37.369258880615234,73.05174999999998,-67.21494444444444,25.4,0.8677004030711182,0.8327164987879476
SB85816_component_656a,73.677554,-70.121561,21.891000747680664,81.37918853759766,73.68024999999999,-70.12105555555554,25.9,0.8807212627763319,0.8452123840803346
SB85816_component_658a,77.565304,-69.669039,23.507999420166016,69.96428680419922,77.56333333333332,-69.66933333333333,21.1,1.1609294964282493,1.1141231952685315
SB85816_component_660a,68.827454,-70.77078,23.124000549316406,105.10909271240234,68.82716666666666,-70.77083333333333,31.4,0.7673720072233234,0.7364331385132614
SB85816_component_661a,75.405421,-71.705052,20.031999588012695,78.86613464355469,75.40537499999999,-71.70455555555554,23.6,0.8844737116178969,0.8488135418649446
SB85816_component_662a,68.01624,-74.178232,22.514999389648438,54.51573944091797,68.01987499999998,-74.17863888888888,21.2,1.106645973725965,1.0620282730966244
SB85816_component_668a,79.645446,-73.697898,20.753000259399414,74.65107727050781,79.643875,-73.69747222222222,16.4,1.3185896822457033,1.2654268450853303
SB85816_component_670a,83.046628,-68.506643,22.577999114990234,17.5023250579834,83.04458333333332,-68.50591666666666,27.5,0.8555105854210788,0.8210181496360085
SB85816_component_671a,66.640509,-73.732829,21.270999908447266,72.350341796875,66.64120833333332,-73.73338888888888,17.8,1.2452040745155142,1.194999994856588
SB85816_component_675a,61.443137,-71.950027,20.659000396728516,74.85145568847656,61.444374999999994,-71.94983333333333,20.0,1.0763460912194895,1.0329500198364259
SB85816_component_678a,83.593923,-70.058171,19.822999954223633,22.19820785522461,83.59004166666665,-70.05988888888888,16.6,1.2443252718839242,1.1941566237484116
SB85816_component_680a,62.83333,-68.091651,21.180999755859375,27.68758201599121,62.83149999999999,-68.09147222222221,21.1,1.0460119102828802,1.0038388509885958
SB85816_component_691a,73.876993,-72.078467,19.659000396728516,88.15695190429688,73.87691666666666,-72.07825,22.7,0.9024189445844761,0.8660352597677761
SB85816_component_693a,72.373976,-74.743642,21.58300018310547,36.273948669433594,72.37408333333332,-74.74402777777777,16.8,1.3386750290867713,1.284702391851516
SB85816_component_694a,77.570428,-72.718476,19.5310001373291,84.91738891601562,77.5705,-72.71891666666666,20.7,0.9831658098373489,0.9435265766825653
SB85816_component_695a,69.924869,-71.468977,19.854000091552734,106.1711196899414,69.92595833333333,-71.46894444444443,23.7,0.8729156971149229,0.8377215228503264
SB85816_component_702a,82.186986,-71.578294,21.611000061035156,43.308616638183594,82.18408333333332,-71.57866666666666,22.1,1.0189555063965645,0.9778733059291925
SB85816_component_704a,74.596333,-68.965325,19.761999130249023,71.86181640625,74.59662499999999,-68.96508333333333,20.4,1.0094233301941293,0.9687254475612267
SB85816_component_705a,60.176558,-69.95547,21.25,23.903261184692383,60.17558333333333,-69.95577777777777,19.0,1.165407914439285,1.118421052631579
SB85816_component_708a,81.734392,-72.19839,19.549999237060547,45.999996185302734,81.73262499999998,-72.198,13.1,1.5550633243821987,1.4923663539740877
SB85816_component_709a,64.9352,-71.872213,19.822999954223633,80.91020202636719,64.93441666666666,-71.87252777777776,22.1,0.9346515616865675,0.8969683237205263
SB85816_component_714a,81.272471,-68.616355,21.290000915527344,37.285465240478516,81.27037499999999,-68.61694444444444,24.1,0.9205158423082812,0.8834025276152424
SB85816_component_715a,75.135386,-71.322287,18.672000885009766,74.68800354003906,75.13679166666665,-71.32213888888889,20.2,0.963190342658932,0.924356479455929
SB85816_component_716a,76.351089,-67.576621,19.72100067138672,30.765993118286133,76.34991666666666,-67.57652777777777,21.9,0.938334020948341,0.9005023137619507
SB85816_component_717a,66.836756,-70.970536,20.295000076293945,96.1848373413086,66.83574999999999,-70.9711111111111,27.2,0.7774863677105852,0.7461397086872774
SB85816_component_719a,68.279145,-67.474329,20.799999237060547,63.60856246948242,68.27641666666666,-67.47425,19.4,1.1172084679025531,1.0721649091268324
SB85816_component_720a,78.125406,-70.406128,21.56999969482422,75.4195785522461,78.124625,-70.40672222222221,23.3,0.9646435118752255,0.9257510598637003
SB85816_component_724a,63.934024,-72.751242,19.42099952697754,79.92180633544922,63.93541666666666,-72.75105555555555,16.1,1.2569509522723081,1.2062732625451886
SB85816_component_725a,63.824013,-74.252851,19.256000518798828,20.998910903930664,63.82341666666666,-74.25313888888888,24.8,0.8090717508463899,0.7764516338225333
SB85816_component_727a,71.954331,-69.652697,19.29599952697754,87.31221771240234,71.955125,-69.65263888888887,20.6,0.9760514009123246,0.9366990061639582
SB85816_component_730a,80.250533,-71.29805,18.06999969482422,58.85993194580078,80.24620833333333,-71.29872222222221,18.9,0.9962514597124397,0.9560846399377895
SB85816_component_731a,67.584498,-68.738302,18.722999572753906,88.7345962524414,67.58354166666666,-68.73783333333333,18.2,1.0719552832539996,1.0287362402612037
SB85816_component_732a,71.469787,-68.942858,18.68600082397461,83.04889678955078,71.46866666666666,-68.94277777777776,18.3,1.063990875577245,1.0210929412007983
SB85816_component_734a,77.102197,-69.083508,17.91699981689453,49.63157653808594,77.10158333333332,-69.08311111111111,19.6,0.9525369853606386,0.9141326437191086
SB85816_component_737a,77.50637,-67.928135,20.089000701904297,37.20185089111328,77.505625,-67.92827777777777,22.7,0.9221575077736963,0.8849780044891761
SB85816_component_739a,82.764621,-73.627488,19.08099937438965,22.98915672302246,82.76391666666666,-73.62783333333333,22.6,0.8797622197608955,0.844292007716356
SB85816_component_740a,66.665237,-67.656112,20.231000900268555,66.99007415771484,66.66458333333333,-67.65583333333332,19.5,1.0810739131410538,1.0374872256547978
SB85816_component_741a,61.667745,-69.001632,19.750999450683594,27.093278884887695,61.66745833333333,-69.0025,21.6,0.9528136176042263,0.914398122716833
SB85816_component_743a,64.236146,-74.203994,19.520999908447266,29.667173385620117,64.23641666666666,-74.2036111111111,23.3,0.8730090947344348,0.8378111548689813
SB85816_component_744a,78.790951,-67.93872,17.766000747680664,29.268535614013672,78.788125,-67.9386111111111,22.8,0.8119465835012274,0.779210559108801
SB85816_component_745a,59.276985,-72.821955,19.31599998474121,37.00382995605469,59.27716666666666,-72.82230555555554,19.9,1.011432139268114,0.9706532655648851
SB85816_component_749a,58.508672,-71.567682,19.47800064086914,28.066282272338867,58.50812499999999,-71.56780555555555,24.1,0.8421703802433484,0.8082157942269352
SB85816_component_750a,78.145884,-73.184832,18.06599998474121,72.55421447753906,78.148,-73.18447222222221,36.3,0.5185946237887807,0.49768594999287086
SB85816_component_755a,76.098194,-75.287323,18.305999755859375,16.58152198791504,76.09912499999999,-75.28805555555554,15.6,1.2227607328713137,1.1734615228114984
SB85816_component_758a,63.823296,-69.910179,17.89699935913086,74.88284301757812,63.82070833333332,-69.91016666666665,19.9,0.9371298593179365,0.8993467014638623
SB85816_component_759a,64.552602,-70.857526,19.7450008392334,94.02381896972656,64.55075,-70.85816666666666,19.7,1.044392056672214,1.002284306560071
SB85816_component_760a,70.120627,-68.585271,18.351999282836914,78.09361267089844,70.12254166666666,-68.58447222222222,15.9,1.2027043699298325,1.1542137913733908
SB85816_component_761a,76.523136,-71.083183,17.264999389648438,64.90601348876953,76.52204166666665,-71.08313888888888,19.1,0.941902240094188,0.9039266696151014
SB85816_component_762a,81.112137,-73.913655,18.590999603271484,41.871620178222656,81.11049999999999,-73.9133611111111,37.9,0.5111356367217926,0.4905276940177173
SB85816_component_764a,63.873042,-68.319816,18.753999710083008,53.73638916015625,63.875583333333324,-68.3193611111111,20.3,0.9626546139691291,0.9238423502503944
SB85816_component_765a,77.890383,-67.78862,16.41200065612793,24.206491470336914,77.88879166666666,-67.7893611111111,22.7,0.7533699583773005,0.7229956236179705
SB85816_component_768a,81.389793,-68.688878,19.738000869750977,36.08409881591797,81.39074999999998,-68.68874999999998,21.1,0.9747502116476793,0.93545027818725
SB85816_component_769a,73.693433,-73.839792,18.944000244140625,70.9513168334961,73.69370833333332,-73.84044444444443,18.4,1.0728191010167862,1.0295652306598166
SB85816_component_770a,78.36008,-71.450315,16.783000946044922,59.303890228271484,78.35904166666666,-71.44991666666665,14.4,1.2144503283682757,1.165486176808675
SB85816_component_772a,76.823738,-67.879872,16.84000015258789,33.214988708496094,76.82266666666666,-67.87944444444443,14.1,1.2445020264754583,1.194326251956588
SB85816_component_773a,65.189129,-68.429953,18.054000854492188,73.99180603027344,65.18479166666665,-68.431,15.9,1.1831749439267698,1.1354717518548545
SB85816_component_775a,80.085793,-69.926985,17.191999435424805,48.56496810913086,80.08245833333332,-69.92713888888888,13.9,1.288796113193452,1.23683449175718
SB85816_component_780a,60.513907,-69.406288,17.113000869750977,17.19899559020996,60.51349999999999,-69.40575,12.5,1.4265558829736242,1.3690400695800782
SB85816_component_782a,69.538979,-67.164417,17.815000534057617,36.50614929199219,69.53929166666666,-67.16516666666666,23.5,0.78993363653464,0.7580851291088347
SB85816_component_786a,67.510443,-71.677273,18.05500030517578,88.94088745117188,67.51029166666666,-71.67716666666665,17.2,1.0938094795246394,1.0497093200683594
SB85816_component_787a,68.572731,-73.786076,16.73699951171875,61.30768966674805,68.56929166666666,-73.78597222222221,9.1,1.9165000760364375,1.839230715573489
SB85816_component_788a,76.689401,-71.31223,18.051000595092773,63.55986022949219,76.68958333333332,-71.3118611111111,15.5,1.2135067937284794,1.1645806835543724
SB85816_component_789a,84.099784,-70.428365,15.579999923706055,12.345483779907227,84.09483333333333,-70.42899999999999,19.4,0.8368321386123938,0.8030927795724772
SB85816_component_790a,68.577734,-71.364875,18.67799949645996,100.41934967041016,68.57604166666665,-71.36491666666666,20.4,0.9540537032117207,0.9155882106107824
SB85816_component_791a,67.996043,-68.03106,18.575000762939453,65.63604736328125,67.99425,-68.0303611111111,17.6,1.099736912024231,1.0553977706215598
SB85816_component_793a,70.323012,-69.887072,19.26300048828125,92.61058044433594,70.32320833333333,-69.88783333333332,19.7,1.0188971305414747,0.977817283669099
SB85816_component_797a,64.854755,-71.015175,16.854000091552734,85.98979949951172,64.85520833333332,-71.01577777777777,15.2,1.1553991233327054,1.1088157954968905
SB85816_component_799a,67.355835,-73.586707,17.503999710083008,77.45132446289062,67.35216666666666,-73.5867222222222,18.4,0.9912703225907931,0.9513043320697288
SB85816_component_801a,61.493544,-74.099922,16.2189998626709,13.218419075012207,61.48712499999999,-74.10155555555555,11.2,1.5089632994986575,1.4481249877384732
SB85816_component_802a,61.005535,-72.300617,17.094999313354492,65.49807739257812,61.00691666666666,-72.30099999999999,17.2,1.0356506222851762,0.9938953089159589
SB85816_component_803a,75.248148,-71.758819,17.05299949645996,69.60408020019531,75.24999999999999,-71.758,15.9,1.117573987373934,1.0725156916012555
SB85816_component_804a,77.612788,-74.035974,18.565000534057617,70.58935546875,77.61129166666666,-74.03541666666666,20.4,0.9482818282012587,0.9100490457871382
SB85816_component_812a,75.515858,-71.013835,18.371999740600586,75.60493469238281,75.51483333333333,-71.0131111111111,17.4,1.1002207008348233,1.055862054057505
SB85816_component_815a,80.344918,-73.315177,18.340999603271484,51.810733795166016,80.34641666666666,-73.31516666666666,28.8,0.6635950585477566,0.6368402640024821
SB85816_component_820a,72.936603,-71.637272,16.42799949645996,66.24193572998047,72.93483333333333,-71.63747222222221,17.1,1.0010625166838705,0.9607017249391789
SB85816_component_822a,76.36537,-70.769826,15.508999824523926,53.66436004638672,76.36516666666665,-70.77,12.9,1.2527566317198928,1.2022480484127074
SB85816_component_823a,71.611776,-68.301991,16.920000076293945,76.56108856201172,71.61237499999999,-68.30258333333333,15.9,1.1088578261880846,1.0641509481945877
SB85816_component_827a,70.727876,-74.101123,16.25,47.23836898803711,70.72891666666666,-74.1016111111111,16.3,1.0388154271616867,0.9969325153374232
SB85816_component_828a,75.166336,-70.053171,15.89900016784668,69.73246002197266,75.16866666666665,-70.05369444444443,16.3,1.0163770246649462,0.9753987833034773
SB85816_component_830a,80.475108,-68.614337,17.59600067138672,40.54378128051758,80.47270833333333,-68.61380555555554,16.5,1.1112266679596379,1.0664242831143467
SB85816_component_831a,64.462187,-73.355709,16.332000732421875,54.98990249633789,64.459875,-73.35522222222221,15.5,1.0979443349727829,1.053677466607863
SB85816_component_833a,66.502518,-72.807633,15.961000442504883,65.6831283569336,66.50279166666665,-72.80797222222222,17.8,0.9343567707157125,0.8966854181182518
SB85816_component_838a,76.932216,-67.928073,17.773000717163086,31.40106201171875,76.93108333333332,-67.92894444444444,18.6,0.9956815136830411,0.9555376729657572
SB85816_component_840a,73.809174,-72.780379,16.650999069213867,71.15811920166016,73.80895833333332,-72.78044444444444,18.5,0.9378668766246796,0.9000540037412901
SB85816_component_841a,61.729158,-72.919686,15.946000099182129,53.871620178222656,61.731583333333326,-72.91927777777776,14.7,1.1303346928067004,1.0847619115089884
SB85816_component_843a,64.849916,-72.803699,16.0,65.30612182617188,64.84979166666666,-72.80397222222221,16.6,1.0043487058527076,0.9638554216867469
SB85816_component_845a,59.515502,-73.258686,16.476999282836914,24.629295349121094,59.513749999999995,-73.25888888888888,14.0,1.2263733850021603,1.1769285202026367
SB85816_component_849a,70.496805,-70.142185,16.533000946044922,84.78462219238281,70.49674999999999,-70.14233333333333,18.6,0.9262140743506788,0.8888710186045656
SB85816_component_850a,75.353662,-73.833446,15.552000045776367,65.07112884521484,75.35416666666666,-73.83324999999999,16.1,1.0065445519487033,0.9659627357625072
SB85816_component_852a,67.12043,-72.187429,15.812999725341797,79.06499481201172,67.12358333333333,-72.1876111111111,14.9,1.1058612099103098,1.0612751493517985
SB85816_component_854a,75.891077,-70.597053,14.99899959564209,57.91119384765625,75.89049999999999,-70.59719444444444,13.2,1.1840253258867222,1.1362878481547039
SB85816_component_856a,66.302437,-68.127561,15.567999839782715,63.284549713134766,66.30170833333332,-68.127,14.6,1.1110985794687305,1.0663013588892272
SB85816_component_857a,75.249848,-73.179911,15.996000289916992,70.46696472167969,75.24904166666666,-73.17897222222221,13.2,1.2627288463729227,1.2118182037815903
SB85816_component_859a,67.384865,-66.824377,17.187999725341797,28.316308975219727,67.38425,-66.824,20.6,0.8694222440949814,0.8343689187059125
SB85816_component_864a,73.554462,-74.621041,16.44499969482422,38.60328674316406,73.55524999999999,-74.62199999999999,14.6,1.1736906467322987,1.1263698421112478
SB85816_component_865a,68.286976,-70.497091,15.187999725341797,90.94610595703125,68.285,-70.49680555555554,18.2,0.8695645419622114,0.8345054794143845
SB85816_component_869a,71.125888,-68.801689,15.121999740600586,65.7478256225586,71.12529166666666,-68.80149999999999,14.1,1.1175391419843137,1.0724822511064245
SB85816_component_872a,70.908862,-74.661256,15.642999649047852,25.89900779724121,70.91145833333333,-74.66097222222221,10.3,1.5825427131232672,1.5187378300046457
SB85816_component_875a,68.58201,-71.649111,16.3799991607666,84.4329833984375,68.58016666666666,-71.64774999999999,21.4,0.797577201866649,0.7654205215311497
SB85816_component_877a,82.6015,-68.223742,17.172000885009766,13.531914710998535,82.59787499999999,-68.22397222222222,17.3,1.0343021530767138,0.992601207225998
SB85816_component_879a,62.126518,-69.213225,16.780000686645508,37.123897552490234,62.12533333333332,-69.21255555555555,19.2,0.9106749178572376,0.8739583690961202
SB85816_component_880a,76.692286,-74.708149,17.28499984741211,36.69851303100586,76.69404166666666,-74.70847222222221,17.0,1.059480794025916,1.0167646969065947
SB85816_component_887a,70.217143,-70.092387,15.940999984741211,74.49065399169922,70.219,-70.09263888888889,18.2,0.912676362972423,0.8758791200407259
SB85816_component_889a,80.437404,-70.346922,14.722000122070312,46.4416389465332,80.43608333333333,-70.34691666666666,13.9,1.1036329198953885,1.0591366994295188
SB85816_component_890a,75.986899,-67.957669,15.791000366210938,38.32767105102539,75.98545833333333,-67.95663888888888,16.3,1.009472910199124,0.968773028601898
SB85816_component_894a,66.900258,-70.50137,16.148000717163086,76.53080749511719,66.89975,-70.49999999999999,13.4,1.2557020155396281,1.205074680385305
SB85816_component_895a,74.747354,-67.020853,15.480999946594238,14.549811363220215,74.74737499999999,-67.02099999999999,21.1,0.7645205851412463,0.7336966799333762
SB85816_component_896a,64.207489,-67.951784,14.631999969482422,33.559635162353516,64.21170833333332,-67.95180555555555,18.3,0.8331538998436351,0.7995628398624274
SB85816_component_899a,61.959771,-71.902604,16.944000244140625,69.442626953125,61.95804166666666,-71.90225,16.6,1.0636052948231622,1.0207229062735315
SB85816_component_901a,77.449162,-73.103499,15.760000228881836,63.040000915527344,77.447875,-73.10274999999999,24.8,0.6621816906409351,0.6354838801968482
SB85816_component_903a,69.382712,-66.646867,14.848999977111816,15.059837341308594,69.38020833333333,-66.64763888888888,11.4,1.3572660466537152,1.3025438576413875
SB85816_component_907a,81.747809,-68.497665,15.661999702453613,22.278804779052734,81.74558333333333,-68.4978611111111,18.5,0.8821615256585518,0.8465945785110062
SB85816_component_909a,57.056228,-71.719559,15.76099967956543,10.267752647399902,57.05499999999999,-71.71952777777777,23.1,0.7109587604884565,0.6822943584227459
SB85816_component_914a,80.260745,-70.539734,13.845999717712402,44.80906295776367,80.25966666666666,-70.54058333333333,11.4,1.26558726700754,1.214561378746702
SB85816_component_915a,65.930611,-67.804477,15.0649995803833,52.30902862548828,65.92891666666665,-67.8056111111111,12.4,1.2659602470514644,1.2149193209986533
SB85816_component_917a,76.728486,-71.537847,13.97599983215332,60.50216293334961,76.72695833333333,-71.53683333333332,13.2,1.1032694314270173,1.0587878660722212
SB85816_component_921a,72.721812,-72.046326,14.864999771118164,70.11792755126953,72.72124999999998,-72.04608333333333,12.4,1.2491536214291692,1.1987903041224326
SB85816_component_922a,77.268546,-74.429579,14.472000122070312,44.25688171386719,77.26591666666666,-74.42988888888888,13.9,1.0848917007888743,1.0411510879187276
SB85816_component_929a,67.483779,-67.65535,13.730999946594238,48.691490173339844,67.48120833333333,-67.65491666666665,13.6,1.0520488034865056,1.0096323490142822
SB85816_component_931a,69.486633,-70.81052,13.920999526977539,65.97630310058594,69.48866666666666,-70.80952777777777,10.5,1.3815090979821092,1.3258094787597656
SB85816_component_932a,82.025707,-68.768979,14.958000183105469,24.521310806274414,82.02308333333332,-68.76897222222222,16.3,0.9562216215198335,0.917668722889906
SB85816_component_933a,72.889504,-73.326276,13.92199993133545,62.15178298950195,72.89075,-73.3253611111111,13.5,1.0745842934770502,1.0312592541729961
SB85816_component_934a,78.585088,-73.709731,15.25,55.45454406738281,78.58541666666666,-73.70952777777777,12.6,1.2611650540010562,1.2103174603174605
SB85816_component_935a,76.837388,-71.995393,13.741999626159668,46.42567443847656,76.83820833333333,-71.99572222222221,13.1,1.0930782842080478,1.0490076050503563
SB85816_component_937a,77.37768,-68.4164,13.791999816894531,37.580379486083984,77.37987499999998,-68.41608333333332,7.0,2.0530609015699297,1.9702856881277901
SB85816_component_938a,67.506356,-74.145093,13.621999740600586,35.56658172607422,67.51024999999998,-74.1453611111111,16.2,0.8761903844750338,0.8408641815185547
SB85816_component_943a,62.812042,-69.496036,13.871000289916992,47.66666793823242,62.810083333333324,-69.49563888888888,15.4,0.938554917836879,0.9007143045400644
SB85816_component_946a,81.56307,-69.170145,14.46399974822998,28.140077590942383,81.56429166666666,-69.16966666666666,14.6,1.032305353230188,0.9906849142623274
SB85816_component_949a,58.53989,-70.929387,14.52299976348877,16.373167037963867,58.53862499999999,-70.92816666666666,13.3,1.1378298397156084,1.0919548694352457
SB85816_component_950a,66.857244,-73.536813,13.791999816894531,56.99173355102539,66.86237499999999,-73.53583333333333,14.4,0.998015716040938,0.9577777650621202
SB85816_component_951a,58.502613,-72.133783,15.225000381469727,26.432292938232422,58.50066666666666,-72.13430555555554,19.2,0.8262828012162087,0.792968769868215
SB85816_component_952a,67.905749,-67.765249,13.241000175476074,54.26639175415039,67.90329166666666,-67.76586111111111,15.9,0.8677533454450426,0.8327673066337153
SB85816_component_954a,79.432521,-74.473085,14.279000282287598,31.041303634643555,79.43145833333332,-74.47416666666666,12.0,1.2399072111604559,1.189916690190633
SB85816_component_955a,70.0441,-72.84213,14.635000228881836,72.45049285888672,70.04070833333333,-72.84172222222222,12.3,1.2398246075433117,1.189837416982263
SB85816_component_956a,63.143792,-73.123406,15.086999893188477,52.20415115356445,63.14470833333333,-73.1239722222222,13.7,1.1475059597515276,1.1012408681159473
SB85816_component_957a,79.4252,-68.929324,14.244999885559082,45.51118087768555,79.42333333333332,-68.92941666666665,12.3,1.206785180482173,1.1581300719966732
SB85816_component_961a,65.67096,-68.810156,13.66100025177002,49.49637985229492,65.66775,-68.81022222222221,12.2,1.1667969852992366,1.1197541189975426
SB85816_component_962a,78.845885,-75.261015,13.317999839782715,10.24461555480957,78.84724999999999,-75.26008333333333,10.8,1.2849548842609766,1.2331481333132142
SB85816_component_963a,80.122901,-71.601704,13.767000198364258,41.218563079833984,80.11783333333332,-71.60202777777776,11.4,1.2583663520988948,1.207631596347742
SB85816_component_964a,67.762148,-71.376062,14.255000114440918,77.0540542602539,67.76108333333332,-71.37566666666666,15.6,0.9521716715545846,0.9137820586180075
SB85816_component_965a,78.382651,-71.107837,13.960000038146973,52.878787994384766,78.38112499999998,-71.10630555555555,14.0,1.0390346086405204,0.997142859867641
SB85816_component_966a,70.356528,-73.501963,13.45199966430664,61.14545440673828,70.35729166666665,-73.50269444444443,13.7,1.0231490617519408,0.9818977857158132
SB85816_component_967a,80.788339,-72.049739,13.786999702453613,35.44215774536133,80.782,-72.0486111111111,10.3,1.3947782653232146,1.3385436604323895
SB85816_component_971a,83.252865,-73.460414,13.979000091552734,12.537220001220703,83.24958333333332,-73.4608611111111,14.9,0.9776028725154927,0.938187925607566
SB85816_component_977a,70.357578,-71.579309,13.352999687194824,66.76499938964844,70.35416666666666,-71.57888888888888,6.9,2.016519275855282,1.9352173459702642
SB85816_component_979a,75.372276,-74.119114,13.010000228881836,45.33101272583008,75.37345833333332,-74.12027777777777,8.3,1.6333221116276126,1.5674699070941969
SB85816_component_982a,75.498376,-68.132408,13.14900016784668,42.97058868408203,75.50120833333332,-68.13247222222222,17.6,0.7784893807188986,0.7471022822640159
SB85816_component_985a,63.764211,-71.541908,12.878000259399414,59.62036895751953,63.760708333333326,-71.54258333333333,9.9,1.3554573740446803,1.3008081070100417
SB85816_component_987a,82.389748,-69.169271,12.96399974822998,21.678930282592773,82.39116666666665,-69.17072222222221,17.4,0.776358648487211,0.7450574567948265
SB85816_component_990a,65.233101,-71.948081,12.49899959564209,60.67475509643555,65.23183333333333,-71.94908333333332,16.7,0.7798865177185195,0.7484430895594066
SB85816_component_992a,74.359688,-68.487309,13.543000221252441,50.91353225708008,74.35679166666665,-68.48666666666666,11.1,1.2713482701384675,1.2200901100227426
SB85816_component_996a,81.043551,-73.06913,12.904999732971191,38.637725830078125,81.041125,-73.06969444444444,16.1,0.8352274392932063,0.8015527784454155
SB85816_component_998a,81.419496,-74.101228,14.187999725341797,26.669172286987305,81.41716666666666,-74.10141666666665,20.0,0.7392031440695033,0.7093999862670899
SB85816_component_1000a,82.843548,-70.198091,13.135000228881836,20.270061492919922,82.83945833333333,-70.198,14.2,0.963860915443624,0.9250000161184392
SB85816_component_1001a,81.429084,-71.260969,13.26099967956543,30.555299758911133,81.42412499999999,-71.26088888888889,15.4,0.8972803838622004,0.8611038752964565
SB85816_component_1002a,63.117921,-73.718198,12.57699966430664,25.15399932861328,63.121624999999995,-73.71863888888888,9.4,1.394189557071242,1.3379786876921957
SB85816_component_1007a,79.826969,-69.78852,13.241000175476074,35.594085693359375,79.82804166666665,-69.7883611111111,12.8,1.077912358795014,1.0344531387090683
SB85816_component_1008a,65.092995,-72.888895,14.361000061035156,58.141700744628906,65.09295833333333,-72.88966666666666,15.9,0.9411529100332225,0.9032075510085004
SB85816_component_1013a,75.764489,-70.576832,12.253999710083008,50.846473693847656,75.76366666666665,-70.57674999999999,8.0,1.5961015098098903,1.531749963760376
SB85816_component_1014a,72.192281,-74.784109,12.932999610900879,20.561206817626953,72.18962499999999,-74.78469444444444,11.3,1.192596281002384,1.1445132399027327
SB85816_component_1017a,73.350678,-69.504976,13.095000267028809,56.68831253051758,73.35233333333332,-69.50516666666665,15.4,0.8860483485555952,0.8503246926642083
SB85816_component_1018a,61.14546,-70.11096,13.182000160217285,30.72727394104004,61.14558333333333,-70.11147222222222,19.3,0.7116994550010015,0.6830051896485639
SB85816_component_1019a,62.212179,-68.73239,13.102999687194824,22.096120834350586,62.21429166666666,-68.73222222222222,15.2,0.8982552669619014,0.8620394531049227
SB85816_component_1027a,64.976908,-69.364803,13.588000297546387,64.39810943603516,64.97420833333332,-69.36424999999998,11.2,1.2641836078786322,1.2132143122809274
SB85816_component_1030a,81.689218,-68.381975,13.446999549865723,19.23748207092285,81.68779166666666,-68.38175,12.1,1.1580109064331563,1.1113222768484068
SB85816_component_1036a,73.264172,-69.011878,11.807999610900879,50.6781120300293,73.26499999999999,-69.01124999999999,9.7,1.2684613113623178,1.2173195475155547
SB85816_component_1038a,72.145293,-71.650872,13.354000091552734,60.42533874511719,72.14354166666666,-71.65194444444444,11.8,1.1792394437736842,1.1316949230129436
SB85816_component_1041a,68.953609,-70.032748,13.803000450134277,70.06599426269531,68.95308333333332,-70.03383333333332,18.7,0.7691384545688945,0.738128366317341
SB85816_component_1043a,81.216412,-70.388978,12.263999938964844,34.644065856933594,81.21166666666666,-70.38916666666665,10.0,1.2779232434799914,1.2263999938964845
SB85816_component_1044a,75.99953,-74.470856,13.154999732971191,41.62974548339844,75.99791666666665,-74.47124999999998,8.7,1.5755936457702495,1.512068934824275
SB85816_component_1046a,67.953636,-67.168088,12.435999870300293,34.64066696166992,67.95283333333333,-67.16827777777777,10.8,1.199857258315746,1.1514814694722493
SB85816_component_1047a,71.560325,-68.379495,11.803000450134277,54.39170837402344,71.56062499999999,-68.37897222222222,14.7,0.836657519441766,0.8029252006894066
SB85816_component_1051a,74.567538,-70.533085,11.425000190734863,47.60416793823242,74.56183333333333,-70.53263888888888,13.6,0.8753665302778625,0.8400735434363871
SB85816_component_1052a,71.552992,-68.987987,11.902000427246094,52.20175552368164,71.55208333333333,-68.98838888888888,11.2,1.1073236319994733,1.062678609575544
SB85816_component_1058a,82.170012,-72.802522,11.156000137329102,16.005739212036133,82.16987499999999,-72.80327777777777,12.2,0.9528429169413795,0.9144262407646805
SB85816_component_1063a,62.968154,-68.395535,11.097999572753906,22.42020034790039,62.96737499999999,-68.3958611111111,12.7,0.9105705759855226,0.8738582340751108
SB85816_component_1066a,64.930246,-68.862359,11.366000175476074,44.22568130493164,64.93041666666666,-68.86222222222221,11.4,1.0389040439229895,0.9970175592522872
SB85816_component_1069a,69.771268,-68.719961,12.170000076293945,56.082950592041016,69.77074999999999,-68.72008333333332,10.6,1.1963474972037897,1.148113214744712
SB85816_component_1070a,70.373902,-67.997199,12.199000358581543,51.910640716552734,70.37283333333332,-67.99672222222222,13.1,0.9703436722285892,0.9312214014184385
SB85816_component_1074a,74.644236,-73.601602,11.510000228881836,48.77118682861328,74.64325,-73.60272222222221,12.0,0.999462987752159,0.959166685740153
SB85816_component_1080a,80.887945,-72.580094,11.4399995803833,36.31745910644531,80.88833333333332,-72.57999999999998,10.3,1.1573411992738099,1.110679570911
SB85816_component_1082a,73.737556,-68.255082,11.458000183105469,47.54357147216797,73.73845833333333,-68.25552777777777,14.3,0.8349210624227722,0.8012587540633195
SB85816_component_1083a,65.044191,-70.272604,11.975000381469727,64.03742980957031,65.04733333333333,-70.2725,13.4,0.9312008575226944,0.8936567448858005
SB85816_component_1085a,57.843131,-73.117558,13.237000465393066,11.601226806640625,57.83766666666666,-73.11808333333332,13.3,1.0370759734995345,0.9952631928866966
SB85816_component_1087a,75.706083,-71.874331,11.5,44.40154266357422,75.70625,-71.87427777777776,11.0,1.0893759542459198,1.0454545454545454
SB85816_component_1088a,75.910227,-74.171165,11.394000053405762,45.21428680419922,75.90825,-74.16980555555554,10.1,1.1755130993493466,1.1281188171688874
SB85816_component_1089a,63.585086,-74.167103,11.631999969482422,16.088520050048828,63.58512499999999,-74.16697222222221,12.1,1.001709175220824,0.9613223115274729
SB85816_component_1090a,60.243949,-73.850825,13.010000228881836,11.38232707977295,60.241249999999994,-73.84974999999999,6.9,1.96472080094336,1.885507279548092
SB85816_component_1091a,72.564905,-71.748352,11.862000465393066,54.91666793823242,72.56291666666665,-71.74827777777777,12.2,1.013142971053345,0.9722951201141858
SB85816_component_1092a,69.253074,-68.259563,12.116000175476074,52.678260803222656,69.25362499999999,-68.25930555555554,14.0,0.9017867812474086,0.8654285839625767
SB85816_component_1093a,80.825231,-71.031056,10.854999542236328,26.935482025146484,80.82512499999999,-71.03130555555555,11.8,0.9585624932298448,0.9199152154437565
SB85816_component_1095a,69.04604,-68.768765,12.097000122070312,52.8253288269043,69.04654166666666,-68.76877777777777,13.2,0.9549406559053156,0.9164394031871449
SB85816_component_1099a,75.91848,-67.592198,11.529000282287598,18.565217971801758,75.91895833333332,-67.59322222222221,8.5,1.4133357802987605,1.3563529743867762
SB85816_component_1104a,72.350755,-67.841863,11.461999893188477,40.07691955566406,72.35037499999999,-67.8426111111111,12.9,0.9258557316029463,0.8885271235029827
SB85816_component_1107a,70.224469,-73.202201,11.07699966430664,52.25,70.22299999999998,-73.20325,10.4,1.1098427079794613,1.0650961215679462
SB85816_component_1109a,66.146353,-72.709898,12.437999725341797,36.90800857543945,66.14174999999999,-72.70955555555554,17.2,0.7535198989724561,0.7231395189152208
SB85816_component_1118a,78.832962,-69.747597,11.52299976348877,35.024314880371094,78.83245833333332,-69.7478611111111,12.0,1.0005917934375865,0.9602499802907308
SB85816_component_1119a,68.743354,-67.026726,11.406000137329102,25.123348236083984,68.74466666666666,-67.02691666666666,12.9,0.9213322893228971,0.8841860571572947
SB85816_component_1123a,69.539767,-70.523064,10.526000022888184,55.400001525878906,69.540375,-70.52388888888888,10.4,1.0546361581320258,1.0121153868161714
SB85816_component_1124a,74.857582,-70.797816,11.791999816894531,47.167999267578125,74.85258333333333,-70.79802777777776,12.0,1.023950228862095,0.9826666514078776
SB85816_component_1129a,66.658299,-68.797924,11.1899995803833,53.28571319580078,66.65883333333332,-68.79822222222221,10.0,1.1660111406939695,1.11899995803833
SB85816_component_1130a,66.916126,-67.78504,11.319999694824219,29.32642364501953,66.916125,-67.78572222222222,8.1,1.4562435873938722,1.3975308265215085
SB85816_component_1132a,79.046574,-74.505956,11.77299976348877,27.96436882019043,79.04924999999999,-74.5041111111111,16.1,0.7619630103622103,0.7312422213347061
SB85816_component_1138a,62.433194,-69.831122,11.366999626159668,37.51485061645508,62.43329166666666,-69.83058333333332,14.2,0.8341230662049463,0.800492931419695
SB85816_component_1139a,70.009077,-73.146671,11.269000053405762,49.2096061706543,70.00991666666665,-73.14727777777777,12.2,0.9624943303801744,0.9236885289676855
SB85816_component_1141a,65.515125,-71.888219,11.47599983215332,50.1135368347168,65.51391666666666,-71.88730555555554,15.3,0.7815769306556318,0.7500653485067529
SB85816_component_1144a,60.552675,-73.146635,11.088000297546387,23.294116973876953,60.552541666666656,-73.14713888888888,14.3,0.8079599267437216,0.775384636192055
SB85816_component_1152a,80.649976,-71.046265,10.657999992370605,28.0473690032959,80.65058333333333,-71.04727777777777,11.0,1.0096146880036292,0.9689090902155096
SB85816_component_1156a,81.56444,-73.619879,10.112000465393066,24.307693481445312,81.56266666666666,-73.61999999999999,27.1,0.38881267999213964,0.37313654853848954
SB85816_component_1160a,70.308711,-69.692509,11.12600040435791,54.27317428588867,70.309625,-69.69205555555554,12.0,0.9661186259551939,0.9271667003631592
SB85816_component_1161a,82.501166,-71.591147,11.140999794006348,20.182971954345703,82.49999999999999,-71.59122222222221,13.7,0.8473761351973461,0.8132116637960838
SB85816_component_1162a,76.671217,-68.337465,10.696000099182129,32.02395248413086,76.67016666666666,-68.3367222222222,13.4,0.8317431438109724,0.798208962625532
SB85816_component_1175a,73.56875,-74.579471,11.057000160217285,23.881210327148438,73.56966666666666,-74.58066666666666,12.1,0.9521921028169165,0.91380166613366
SB85816_component_1177a,77.707662,-75.138858,10.708999633789062,12.155505180358887,77.70329166666666,-75.14005555555555,7.2,1.5498477493461331,1.4873610602484808
SB85816_component_1178a,83.338571,-71.236671,10.567000389099121,11.573932647705078,83.33487499999998,-71.23583333333332,10.1,1.0901919712123158,1.0462376622870417
SB85816_component_1179a,66.249194,-68.278284,10.218000411987305,42.04938507080078,66.25045833333333,-68.27783333333332,12.3,0.8656322618750978,0.830731740811976
SB85816_component_1181a,75.278362,-70.161099,11.555999755859375,46.409637451171875,75.27745833333333,-70.1616111111111,11.3,1.0656183984175003,1.022654845651272
SB85816_component_1183a,76.12449,-74.267758,11.380999565124512,38.1912727355957,76.12104166666666,-74.26794444444444,7.8,1.5204020053158198,1.4591025083492963
SB85816_component_1185a,80.726549,-70.516079,10.52400016784668,29.478992462158203,80.72229166666665,-70.51575,10.0,1.0966132172056884,1.0524000167846679
SB85816_component_1191a,62.061791,-73.07278,11.12600040435791,32.34302520751953,62.05591666666666,-73.07225,8.3,1.396798013429196,1.3404819764286637
SB85816_component_1194a,73.494078,-71.638362,10.222000122070312,45.431114196777344,73.49470833333332,-71.63802777777776,13.0,0.8193418896996977,0.7863077016977164
SB85816_component_1196a,78.025808,-70.60949,10.894000053405762,42.06177520751953,78.02366666666666,-70.60974999999999,12.6,0.9009266993862942,0.8646031788417271
SB85816_component_1197a,66.196482,-69.9274,10.399999618530273,57.14285659790039,66.19320833333333,-69.92733333333332,8.3,1.3056532697174414,1.253012002232563
SB85816_component_1199a,79.031462,-69.752907,9.88700008392334,29.87009048461914,79.03170833333333,-69.75330555555554,10.8,0.9539232017841243,0.9154629707336425
SB85816_component_1202a,76.736395,-68.514088,10.961000442504883,31.6791934967041,76.73774999999999,-68.51277777777777,11.3,1.0107514696574125,0.9700000391597241
SB85816_component_1204a,70.169973,-71.399785,10.847000122070312,50.92488479614258,70.17054166666665,-71.39972222222221,8.9,1.269966508994094,1.2187640586595856
SB85816_component_1205a,81.358225,-72.430732,10.440999984741211,27.049222946166992,81.354125,-72.43238888888888,9.3,1.1698543014329126,1.1226881704022806
SB85816_component_1207a,73.534365,-72.881628,10.557999610900879,46.30701446533203,73.53299999999999,-72.88197222222222,12.8,0.8594968743993556,0.8248437196016312
SB85816_component_1211a,70.688832,-68.311174,11.277000427246094,50.797298431396484,70.68924999999999,-68.31224999999999,9.2,1.2772573167872538,1.2257609160050102
SB85816_component_1213a,71.878041,-71.30286,10.633000373840332,47.46875,71.88216666666666,-71.30324999999999,13.1,0.8457795168685356,0.8116794178504071
SB85816_component_1214a,79.085706,-74.589244,10.654000282287598,20.972440719604492,79.08529166666666,-74.5909722222222,20.4,0.5441957756376251,0.5222549157984117
SB85816_component_1218a,62.565548,-73.629587,10.54699993133545,23.861989974975586,62.56249999999999,-73.6291111111111,9.5,1.1568524417476638,1.110210519087942
SB85816_component_1222a,83.050616,-69.525544,11.213000297546387,13.59151554107666,83.05033333333333,-69.52697222222221,10.3,1.1343765461383972,1.0886408055870278
SB85816_component_1224a,62.577789,-71.122377,10.199000358581543,44.15151596069336,62.574208333333324,-71.12272222222221,8.0,1.3284348176937686,1.2748750448226929
SB85816_component_1226a,60.016296,-72.739385,10.729000091552734,28.687164306640625,60.01629166666666,-72.73974999999999,8.9,1.256151068307162,1.2055056282643521
SB85816_component_1227a,72.513291,-71.44063,10.843999862670898,49.51598358154297,72.5135,-71.44038888888888,12.2,0.9261947233117397,0.8888524477599098
SB85816_component_1232a,78.572363,-70.315745,10.220999717712402,33.511474609375,78.57408333333332,-70.31591666666665,12.9,0.8256125684471349,0.7923255595125893
SB85816_component_1233a,65.844412,-73.440888,10.835000038146973,41.51340866088867,65.841,-73.4416111111111,13.0,0.8684767462469585,0.833461541395921
SB85816_component_1235a,76.20495,-73.983592,9.781000137329102,41.97854232788086,76.20504166666666,-73.98383333333332,9.0,1.132435265110203,1.0867777930365667
SB85816_component_1237a,60.176057,-72.689167,10.361000061035156,29.518518447875977,60.176916666666656,-72.68941666666666,9.0,1.199587126693278,1.1512222290039062
SB85816_component_1238a,65.788698,-73.119925,10.545000076293945,46.4537467956543,65.79616666666666,-73.12124999999999,11.2,0.9810727075077341,0.9415178639548166
SB85816_component_1240a,60.237779,-69.648398,10.73900032043457,10.696215629577637,60.236708333333326,-69.64908333333332,9.9,1.1303196832580338,1.084747507114603
SB85816_component_1243a,82.017671,-70.629805,11.043000221252441,20.299631118774414,82.01658333333333,-70.62897222222222,8.4,1.369873374134706,1.3146428834824335
SB85816_component_1245a,81.805742,-73.566613,11.3149995803833,20.46112060546875,81.80208333333333,-73.56666666666666,8.3,1.420525648160237,1.3632529614919637
SB85816_component_1252a,81.553287,-72.539731,9.883999824523926,24.22549057006836,81.55154166666665,-72.53944444444444,10.0,1.029924427362433,0.9883999824523926
SB85816_component_1254a,80.36061,-73.340976,9.689000129699707,26.54520606994629,80.36395833333333,-73.34208333333332,21.2,0.4762288817956729,0.4570283080047032
SB85816_component_1256a,81.756243,-72.251532,10.78499984741211,21.1886043548584,81.75508333333332,-72.25141666666666,9.2,1.2215322731898237,1.172282592110012
SB85816_component_1260a,77.112569,-70.358662,10.204999923706055,36.84115219116211,77.10804166666665,-70.35874999999999,8.4,1.2659202570355594,1.2148809432983398
SB85816_component_1262a,70.372418,-71.632192,10.371000289916992,49.86057662963867,70.37324999999998,-71.63074999999999,8.5,1.2713769995953286,1.220117681166705
SB85816_component_1267a,64.5561,-73.569237,9.534000396728516,29.70093536376953,64.55583333333333,-73.56922222222221,8.8,1.128925084779033,1.0834091359918767
SB85816_component_1268a,60.282576,-72.690951,10.788000106811523,31.26956558227539,60.28049999999999,-72.69122222222221,11.1,1.0127228125216745,0.9718919015145517
SB85816_component_1272a,73.268104,-69.204057,9.916999816894531,23.062789916992188,73.26754166666666,-69.2045,11.0,0.9394209685900949,0.9015454378995028
SB85816_component_1274a,76.602312,-69.741285,9.168000221252441,30.458473205566406,76.60437499999999,-69.74119444444443,7.7,1.2406706819321345,1.1906493793834338
SB85816_component_1275a,61.920251,-68.632872,10.925000190734863,14.206762313842773,61.92166666666666,-68.63274999999999,9.9,1.1498968606684685,1.1035353728015014
SB85816_component_1281a,80.191686,-68.919626,9.288000106811523,24.63660430908203,80.19337499999999,-68.92033333333332,11.8,0.8201869106362129,0.7871186531196206
SB85816_component_1282a,68.839434,-72.354676,9.503999710083008,42.81081008911133,68.83795833333332,-72.35544444444443,6.6,1.5004969207716843,1.439999956073183
SB85816_component_1283a,64.570362,-71.414805,9.918000221252441,44.27678680419922,64.569875,-71.4151111111111,8.9,1.1611992233279858,1.114382047331735
SB85816_component_1289a,71.806375,-74.667966,10.418000221252441,17.83904266357422,71.81066666666666,-74.66799999999999,10.6,1.0241206583754874,0.9828302095521172
SB85816_component_1291a,72.747072,-70.306948,9.265000343322754,43.09302520751953,72.75075,-70.3073611111111,11.9,0.8112806320135623,0.7785714574220801
SB85816_component_1294a,76.10409,-67.983079,10.737000465393066,24.12809181213379,76.10283333333332,-67.9838611111111,14.9,0.7508779189086141,0.7206040580800716
SB85816_component_1296a,78.411188,-74.057138,9.555000305175781,35.38888931274414,78.40833333333332,-74.05722222222221,9.0,1.106269210898359,1.0616667005750868
SB85816_component_1304a,81.661307,-68.854994,10.756999969482422,11.886188507080078,81.66320833333333,-68.8558611111111,11.3,0.9919398858973504,0.9519468999541966
SB85816_component_1311a,74.139279,-68.392704,9.72700023651123,31.076679229736328,74.13874999999999,-68.39238888888887,10.2,0.9936910640289582,0.9536274741677677
SB85816_component_1316a,77.754082,-70.928569,9.645000457763672,33.842105865478516,77.75533333333333,-70.92902777777776,11.8,0.8517122133468309,0.8173729201494637
SB85816_component_1322a,70.73584,-69.488879,9.315999984741211,43.943397521972656,70.73608333333333,-69.48847222222221,8.3,1.1695640660498348,1.1224096367158085
SB85816_component_1323a,63.239485,-70.231745,9.859999656677246,41.42856979370117,63.23683333333332,-70.23163888888888,11.3,0.9092244084911841,0.8725663412988712
SB85816_component_1326a,62.827445,-69.866793,10.451000213623047,38.70740509033203,62.82429166666666,-69.8668611111111,13.7,0.7948952817260496,0.7628467309213903
SB85816_component_1328a,66.442704,-67.012711,8.876999855041504,18.571130752563477,66.44245833333332,-67.01230555555554,11.1,0.8333277874437448,0.7997297166704058
SB85816_component_1334a,75.249555,-70.708719,10.130999565124512,41.8636360168457,75.24820833333332,-70.70702777777777,10.2,1.0349628346628104,0.9932352514827953
SB85816_component_1335a,82.73585,-70.716811,10.388999938964844,17.08717155456543,82.72804166666666,-70.71705555555555,7.3,1.4829397730062768,1.4231506765705266
SB85816_component_1336a,69.851499,-66.810092,8.29699993133545,11.033245086669922,69.84941666666666,-66.81074999999998,8.5,1.0171260807503402,0.9761176389806411
SB85816_component_1337a,67.387304,-67.080157,9.362000465393066,21.822845458984375,67.38979166666665,-67.08002777777777,12.2,0.7996159664791269,0.7673770873273006
SB85816_component_1340a,77.639653,-71.932963,9.602999687194824,38.25896453857422,77.64129166666666,-71.93116666666666,11.3,0.8855255592648898,0.8498229811676835
SB85816_component_1349a,70.491284,-73.454082,8.989999771118164,42.206573486328125,70.49416666666666,-73.4556111111111,11.4,0.8217268144367426,0.7885964711507161
SB85816_component_1350a,73.776149,-69.284424,9.057000160217285,34.834617614746094,73.77562499999999,-69.28288888888888,8.9,1.0603933572404856,1.0176404674401445
SB85816_component_1352a,77.807739,-71.447659,9.567000389099121,40.197479248046875,77.80591666666666,-71.4456111111111,9.8,1.017237461930837,0.9762245294999102
SB85816_component_1355a,59.589155,-71.796892,9.958999633789062,26.13910675048828,59.58874999999999,-71.79711111111111,12.2,0.8506061441434853,0.8163114453925462
SB85816_component_1360a,66.836342,-67.346265,9.52299976348877,28.426864624023438,66.83483333333332,-67.34627777777777,8.8,1.1276224950689397,1.0821590640328147
SB85816_component_1362a,81.601311,-69.132672,9.022000312805176,17.250478744506836,81.60524999999998,-69.13291666666666,12.0,0.7834192188381186,0.7518333594004313
SB85816_component_1363a,65.361041,-66.94388,8.34000015258789,11.931330680847168,65.36366666666666,-66.942,6.8,1.2779968269949111,1.2264706106746899
SB85816_component_1372a,67.563782,-70.423634,8.956000328063965,46.645835876464844,67.56649999999999,-70.42372222222221,7.7,1.2119815408212984,1.1631169257225928
SB85816_component_1376a,62.478312,-71.436385,9.345000267028809,38.14285659790039,62.477374999999995,-71.43708333333332,7.4,1.315891943790267,1.2628378739228119
SB85816_component_1377a,69.252281,-72.819126,9.701000213623047,39.921810150146484,69.24999999999999,-72.81972222222221,11.3,0.8945625241509062,0.8584955941259333
SB85816_component_1379a,76.281897,-71.092868,8.756999969482422,31.053190231323242,76.27941666666666,-71.09222222222222,8.3,1.0993851983127338,1.0550602372870388
SB85816_component_1380a,60.630947,-72.4389,8.729999542236328,27.62657928466797,60.636374999999994,-72.43944444444443,9.6,0.9475794148622426,0.9093749523162842
SB85816_component_1381a,74.839096,-73.08619,9.277000427246094,42.555049896240234,74.83629166666665,-73.0858611111111,7.1,1.361513204196953,1.3066197784853655
SB85816_component_1382a,69.446739,-67.679293,8.526000022888184,31.695167541503906,69.44699999999999,-67.67802777777777,8.5,1.0451991152857292,1.0030588262221392
SB85816_component_1387a,78.088152,-71.098895,8.142999649047852,31.562015533447266,78.092125,-71.10041666666666,11.0,0.771372870704843,0.7402726953679865
SB85816_component_1388a,71.0035,-70.444245,8.437999725341797,45.610809326171875,71.0045,-70.44463888888887,9.9,0.8881308215189401,0.8523232045799795
SB85816_component_1390a,76.883139,-71.206263,9.359999656677246,35.86206817626953,76.88058333333332,-71.20558333333332,11.2,0.8708241004276152,0.8357142550604685
SB85816_component_1395a,61.399389,-72.251573,9.038000106811523,35.16731643676758,61.400499999999994,-72.25097222222222,7.2,1.3080142499898286,1.2552777926127117
SB85816_component_1399a,74.719098,-70.758803,8.159000396728516,30.44403076171875,74.71783333333332,-70.7578611111111,8.9,0.9552555668946616,0.9167416176099455
SB85816_component_1402a,77.538496,-74.808282,8.413999557495117,16.861722946166992,77.53604166666666,-74.80911111111111,7.2,1.2177064826893826,1.1686110496520996
SB85816_component_1403a,75.090422,-73.636357,9.711000442504883,37.93359375,75.08895833333332,-73.63533333333332,15.7,0.6445208203328683,0.6185350600321582
SB85816_component_1409a,65.316787,-72.251089,8.340999603271484,34.466941833496094,65.31583333333333,-72.25002777777777,10.7,0.8122822301825748,0.7795326732029425
SB85816_component_1412a,59.31091,-70.486499,9.345999717712402,10.930994033813477,59.31024999999999,-70.484,7.3,1.334060523758374,1.2802739339332059
SB85816_component_1413a,67.913098,-72.188796,8.199999809265137,41.836734771728516,67.90979166666666,-72.19022222222222,7.9,1.0815818248473337,1.0379746594006503
SB85816_component_1414a,71.041535,-71.115844,9.246999740600586,43.413143157958984,71.03837499999999,-71.11599999999999,14.6,0.6599645671805474,0.6333561466164785
SB85816_component_1415a,68.423478,-71.475744,8.586000442504883,46.91803741455078,68.42237499999999,-71.47675,8.9,1.005248721810514,0.9647191508432452
SB85816_component_1417a,73.240858,-71.713431,9.244000434875488,40.722469329833984,73.23837499999999,-71.71374999999999,15.2,0.6337077216402404,0.6081579233470716
SB85816_component_1423a,75.48749,-73.047598,9.157999992370605,45.11330032348633,75.48262499999998,-73.04624999999999,7.5,1.2723658526075525,1.221066665649414
SB85816_component_1428a,71.547508,-67.820906,8.406000137329102,31.24907112121582,71.54816666666666,-67.8201111111111,10.7,0.8186122603083013,0.7856074894700096
SB85816_component_1429a,75.234481,-69.337475,8.406000137329102,30.456523895263672,75.24004166666666,-69.33716666666666,10.4,0.8422260755095021,0.8082692439739521
SB85816_component_1431a,68.799059,-68.881821,8.37399959564209,36.094825744628906,68.79920833333333,-68.88222222222221,8.9,0.9804276678449734,0.9408988309710213
SB85816_component_1433a,76.793355,-72.905207,8.567000389099121,39.66203689575195,76.79570833333332,-72.90749999999998,8.5,1.050225334658826,1.0078823987175436
SB85816_component_1435a,80.056495,-69.412005,8.685999870300293,21.237163543701172,80.05887499999999,-69.41269444444444,6.7,1.350882717328637,1.296417891089596
SB85816_component_1437a,66.888231,-70.204156,8.567000389099121,43.050254821777344,66.88562499999999,-70.2046111111111,7.2,1.2398493534166695,1.1898611651526556
SB85816_component_1438a,79.287461,-73.495421,9.470999717712402,31.67558479309082,79.28549999999998,-73.49502777777776,13.8,0.7151371953787248,0.6863043273704639
SB85816_component_1441a,65.145349,-69.638863,8.67300033569336,39.78440475463867,65.14595833333333,-69.63772222222221,6.6,1.3692982633146575,1.3140909599535393
SB85816_component_1451a,71.830682,-70.558437,8.491999626159668,38.42533874511719,71.83375,-70.55774999999998,8.1,1.0924399587572786,1.0483950155752677
SB85816_component_1453a,81.085171,-69.3715,9.343000411987305,24.267534255981445,81.08254166666666,-69.37238888888888,9.1,1.069836979289208,1.026703341976627
SB85816_component_1454a,73.995314,-68.139116,8.48900032043457,31.324724197387695,73.99595833333332,-68.13766666666666,8.0,1.1057047942537024,1.0611250400543213
SB85816_component_1455a,77.94014,-69.182457,8.45300006866455,26.581762313842773,77.94162499999999,-69.18238888888888,6.6,1.33456449507859,1.2807575861612956
SB85816_component_1456a,67.54155,-70.664428,8.35099983215332,46.13812255859375,67.53720833333333,-70.66233333333332,11.0,0.7910763835703948,0.7591818029230292
SB85816_component_1458a,61.724699,-72.451591,8.204999923706055,32.81999969482422,61.724416666666656,-72.45127777777776,13.7,0.6240661747776884,0.5989051039201501
SB85816_component_1459a,64.024558,-70.246358,8.067999839782715,39.35609817504883,64.02008333333333,-70.24749999999999,8.1,1.0378951719539609,0.9960493629361377
SB85816_component_1466a,66.85162,-73.883685,8.175000190734863,26.201923370361328,66.85554166666665,-73.88297222222221,7.1,1.199781199891807,1.1514084775682907
SB85816_component_1467a,74.747762,-71.667062,7.751999855041504,33.558441162109375,74.74624999999999,-71.66605555555554,8.6,0.9392645564550129,0.9013953319815703
SB85816_component_1468a,81.226128,-70.773897,7.306000232696533,14.26953125,81.22141666666666,-70.77372222222222,8.5,0.8956398028374596,0.8595294391407686
SB85816_component_1475a,58.43982,-72.737411,8.576000213623047,14.966840744018555,58.44154166666666,-72.73769444444443,6.5,1.3748143488911975,1.3193846482496996
SB85816_component_1477a,66.245093,-71.197554,8.529000282287598,41.40291213989258,66.24399999999999,-71.19697222222221,10.7,0.8305905407077488,0.7971028301203363
SB85816_component_1480a,68.780544,-70.180557,8.312000274658203,40.54634475708008,68.78187499999999,-70.17958333333333,9.4,0.921404491580753,0.8842553483678939
SB85816_component_1481a,80.846553,-71.126013,7.660999774932861,20.054973602294922,80.84766666666665,-71.12469444444443,11.2,0.712754645522111,0.6840178370475769
SB85816_component_1482a,66.400082,-67.920089,8.401000022888184,32.562015533447266,66.40270833333332,-67.92058333333333,9.1,0.9619715392459809,0.9231868157019982
SB85816_component_1485a,73.188306,-71.061825,8.347999572753906,36.938053131103516,73.19474999999998,-71.06097222222222,7.0,1.2426734162328756,1.1925713675362724
SB85816_component_1491a,73.941411,-72.496534,8.140999794006348,37.17351531982422,73.93870833333332,-72.49633333333333,8.5,0.9980020829690692,0.9577646816478056
SB85816_component_1494a,76.934879,-69.961631,9.09000015258789,31.78321647644043,76.93466666666666,-69.9616111111111,9.7,0.9764832227120654,0.9371134177925661
SB85816_component_1501a,75.346539,-68.711255,8.065999984741211,32.524192810058594,75.34562499999998,-68.71233333333332,8.1,1.0376379037420864,0.9958024672520014
SB85816_component_1504a,76.166259,-67.952633,8.258000373840332,19.89879608154297,76.16241666666666,-67.95388888888888,11.7,0.7354644177745836,0.705811997764131
SB85816_component_1507a,64.674669,-73.156608,8.255999565124512,32.89242935180664,64.67304166666666,-73.15547222222222,11.1,0.7750314253789702,0.7437837446058119
SB85816_component_1508a,79.271486,-69.561257,8.520000457763672,25.357145309448242,79.27366666666666,-69.56166666666665,11.4,0.7787667423140481,0.7473684612073396
SB85816_component_1513a,68.678169,-69.246666,7.989999771118164,34.43965530395508,68.677375,-69.24577777777777,8.8,0.9460993070746228,0.9079545194452459
SB85816_component_1521a,66.578856,-73.285783,8.390000343322754,36.63755416870117,66.579625,-73.28608333333332,11.1,0.7876107397684216,0.7558558867858337
SB85816_component_1523a,62.779879,-70.051003,8.96500015258789,36.0040168762207,62.77741666666666,-70.05127777777777,11.3,0.8266934325236072,0.7933628453617602
SB85816_component_1525a,75.710065,-72.752429,8.876999855041504,35.65060043334961,75.70783333333333,-72.75205555555554,10.7,0.8644802280958476,0.8296261546767761
SB85816_component_1527a,71.530867,-69.795469,7.823999881744385,38.92537307739258,71.53316666666666,-69.79538888888888,8.9,0.916033714793823,0.8791011103083578
SB85816_component_1529a,61.394253,-70.439709,7.703999996185303,21.579832077026367,61.392374999999994,-70.44016666666666,9.9,0.8108746229328432,0.7781818177964952
SB85816_component_1531a,69.137143,-69.38414,8.112000465393066,38.81339645385742,69.13729166666666,-69.38402777777777,8.0,1.056600007892827,1.0140000581741333
SB85816_component_1533a,64.765881,-72.2053,8.416999816894531,37.40888977050781,64.76216666666666,-72.20636111111111,10.0,0.8770612981007768,0.8416999816894531
SB85816_component_1536a,76.512412,-72.03458,7.364999771118164,29.34263038635254,76.51674999999999,-72.03338888888888,6.8,1.1285906673978408,1.083088201635024
SB85816_component_1538a,75.592792,-70.308411,7.926000118255615,36.52534866333008,75.58824999999999,-70.31044444444443,9.1,0.9075808252647666,0.8709890239841336
SB85816_component_1539a,71.720992,-71.71229,8.411999702453613,41.85074234008789,71.717125,-71.71213888888887,8.7,1.0075175635456752,0.9668965175234039
SB85816_component_1540a,62.6536,-70.309627,8.626999855041504,35.212242126464844,62.656791666666656,-70.31002777777776,14.3,0.6286318528003512,0.6032867031497555
SB85816_component_1544a,64.491114,-71.03825,7.39900016784668,35.233333587646484,64.49254166666665,-71.03833333333333,10.1,0.7633510249802039,0.7325742740442257
SB85816_component_1550a,73.669309,-74.353727,7.4730000495910645,23.87540054321289,73.66970833333332,-74.35472222222221,6.5,1.1979929386104855,1.1496923153217022
SB85816_component_1558a,69.650675,-71.697852,7.921000003814697,41.4712028503418,69.65229166666666,-71.69922222222222,10.3,0.8013374108494155,0.7690291265839512
SB85816_component_1560a,65.038785,-70.496293,8.543999671936035,40.88037872314453,65.03479166666666,-70.4965,9.1,0.9783459699246401,0.9389010628501138
SB85816_component_1566a,63.798533,-69.71341,8.04800033569336,33.11934280395508,63.79812499999999,-69.71213888888887,13.7,0.6121249032062317,0.5874452799776175
SB85816_component_1581a,71.776589,-66.906809,8.60200023651123,10.426667213439941,71.77533333333332,-66.90697222222221,7.7,1.164076051686093,1.1171428878586014
SB85816_component_1582a,77.023138,-72.657087,7.980999946594238,32.57550811767578,77.02437499999999,-72.65644444444443,11.1,0.7492158539697223,0.7190090041976791
SB85816_component_1584a,80.859784,-71.613921,7.708000183105469,23.790124893188477,80.85799999999999,-71.61308333333332,10.7,0.7506380382184534,0.7203738488883616
SB85816_component_1595a,74.782566,-68.954372,7.046000003814697,24.636362075805664,74.78108333333333,-68.95466666666665,8.6,0.8537226770019848,0.8193023260249648
SB85816_component_1597a,79.367758,-69.712518,8.232000350952148,21.83554458618164,79.36679166666666,-69.71399999999998,13.0,0.6598339505978841,0.6332307962270883
SB85816_component_1599a,69.147234,-68.122132,7.571000099182129,29.119232177734375,69.14816666666665,-68.12199999999999,8.7,0.9067898054379545,0.8702298964577161
SB85816_component_1605a,76.757796,-68.068961,7.333000183105469,18.01719856262207,76.75916666666666,-68.06872222222222,6.7,1.1404585956069602,1.0944776392694728
SB85816_component_1607a,79.251272,-69.345267,7.2870001792907715,22.421539306640625,79.24849999999999,-69.34577777777777,7.4,1.0261000060276828,0.9847297539582123
SB85816_component_1609a,74.718033,-70.941865,7.076000213623047,29.60669708251953,74.71670833333333,-70.93977777777776,8.5,0.8674441875658243,0.8324706133674172
SB85816_component_1614a,77.893295,-70.320771,8.053999900817871,33.98311996459961,77.89462499999999,-70.32124999999999,7.2,1.1656059432602672,1.1186110973358154
SB85816_component_1618a,78.113765,-72.835149,7.199999809265137,31.718061447143555,78.11429166666666,-72.83602777777777,13.4,0.5598869129829666,0.5373134186018759
SB85816_component_1634a,78.132871,-74.195575,8.095000267028809,28.70567512512207,78.13024999999999,-74.19613888888888,9.2,0.9168571365375268,0.8798913333726966
SB85816_component_1642a,78.13412,-69.59851,7.894999980926514,27.89752769470215,78.13308333333332,-69.59794444444444,6.6,1.24646712144831,1.1962121183221992
SB85816_component_1644a,79.613672,-69.984602,7.5289998054504395,25.350168228149414,79.61075,-69.98480555555555,7.9,0.9930767729595937,0.9530379500570176
SB85816_component_1647a,71.628,-67.331742,7.756999969482422,16.681720733642578,71.63066666666666,-67.32972222222222,10.7,0.7554098470722904,0.7249532681759273
SB85816_component_1652a,63.858702,-70.464447,7.88700008392334,36.683719635009766,63.858083333333326,-70.46372222222222,10.6,0.7753157560966203,0.7440566116908811
SB85816_component_1660a,69.539986,-71.455082,7.247000217437744,40.943504333496094,69.53908333333332,-71.45524999999999,7.5,1.0068612817415412,0.9662666956583659
SB85816_component_1662a,63.895838,-72.308402,7.020999908447266,27.53333282470703,63.90091666666666,-72.3083611111111,9.3,0.7866628632564545,0.7549462267147596
SB85816_component_1675a,73.767702,-73.092358,7.5879998207092285,34.64840316772461,73.76066666666665,-73.09266666666666,6.6,1.1979977602178238,1.1496969425317014
SB85816_component_1676a,82.892121,-72.788716,7.676000118255615,10.060288429260254,82.88891666666666,-72.7881111111111,12.3,0.6502831353112869,0.6240650502646842
SB85816_component_1677a,64.316052,-70.377733,7.052999973297119,32.65277862548828,64.31849999999999,-70.37825,9.7,0.7576607291642937,0.7271133993089814
SB85816_component_1688a,80.438526,-72.431164,6.933000087738037,22.73114776611328,80.43483333333332,-72.4308611111111,10.9,0.6627768603911717,0.6360550539209208
SB85816_component_1696a,74.980657,-68.918125,7.406000137329102,27.029199600219727,74.97808333333333,-68.92022222222221,7.9,0.9768530889843845,0.9374683718138103
SB85816_component_1700a,75.575423,-67.448976,6.692999839782715,10.865259170532227,75.57604166666665,-67.44897222222221,8.2,0.8505103283090342,0.8162194926564287
SB85816_component_1702a,74.7382,-68.241377,6.573999881744385,23.905452728271484,74.74024999999999,-68.24130555555554,7.5,0.9133580445016393,0.876533317565918
SB85816_component_1704a,64.088859,-69.375527,7.202000141143799,33.342594146728516,64.090875,-69.37655555555554,7.5,1.0006092004477163,0.9602666854858398
SB85816_component_1724a,65.429183,-69.063699,6.795000076293945,30.06637191772461,65.43045833333332,-69.06430555555555,9.4,0.7532415042955778,0.7228723485419091
SB85816_component_1737a,79.701448,-70.168369,6.146999835968018,20.08823585510254,79.7045,-70.16777777777777,6.5,0.9854225007709551,0.9456922824566181
SB85816_component_1772a,67.429678,-66.926221,6.63700008392334,13.090728759765625,67.42795833333332,-66.92788888888889,9.4,0.7357268390129197,0.7060638387152489
SB85816_component_1776a,71.634274,-73.380105,6.859000205993652,29.56465721130371,71.63345833333332,-73.37972222222221,7.7,0.9282024713760616,0.8907792475316432
SB85816_component_1779a,75.306104,-67.92481,5.830999851226807,16.0633602142334,75.30745833333333,-67.92519444444443,6.7,0.9068612757757069,0.8702984852577323
SB85816_component_1787a,70.424474,-69.696368,7.146999835968018,34.8634147644043,70.426375,-69.69638888888888,9.7,0.7677585605498343,0.7368041068008266
SB85816_component_1788a,76.415181,-68.829958,5.794000148773193,18.630226135253906,76.41162499999999,-68.83052777777777,7.1,0.8503403410983318,0.8160563589821399
SB85816_component_1797a,68.769584,-72.205806,6.666999816894531,30.031530380249023,68.77283333333332,-72.20708333333333,9.5,0.7312728802046259,0.7017894544099507
SB85816_component_1803a,70.294806,-68.289404,6.638999938964844,27.097957611083984,70.29254166666665,-68.28858333333332,6.8,1.0173406116525925,0.9763235204360065
SB85816_component_1810a,71.349933,-71.184796,6.485000133514404,28.442983627319336,71.3535,-71.18330555555555,18.2,0.37128827183972235,0.3563186886546376
SB85816_component_1811a,69.598555,-71.761647,6.876999855041504,33.87684631347656,69.59895833333333,-71.76263888888887,7.6,0.9428835363133158,0.9048684019791453
SB85816_component_1816a,66.019627,-70.161496,6.688000202178955,31.696683883666992,66.01962499999999,-70.15891666666666,8.0,0.8711218763554527,0.8360000252723694
SB85816_component_1821a,69.347674,-69.296708,6.676000118255615,32.40776824951172,69.35145833333333,-69.2978611111111,6.7,1.0382792211950218,0.996417928097853
SB85816_component_1823a,77.625411,-68.045881,6.392000198364258,11.135889053344727,77.626375,-68.0466111111111,10.1,0.6594593583466629,0.6328713067687384
SB85816_component_1824a,75.910183,-69.057457,5.610000133514404,16.451614379882812,75.90566666666666,-69.0556111111111,9.2,0.6354006780381561,0.6097826232080875
SB85816_component_1830a,80.331136,-72.418801,6.738999843597412,23.237930297851562,80.33145833333332,-72.41777777777777,15.0,0.4681411492063906,0.4492666562398275
SB85816_component_1831a,70.306662,-68.536752,6.421000003814697,28.79372215270996,70.30683333333333,-68.53766666666665,6.7,0.9986205460098065,0.9583582095245816
SB85816_component_1832a,73.210015,-69.671145,6.431000232696533,28.838565826416016,73.21066666666665,-69.67022222222221,6.1,1.0985537728830321,1.05426233322894
SB85816_component_1846a,77.993941,-68.239825,6.684999942779541,15.766509056091309,77.99079166666665,-68.23966666666666,9.2,0.7571574679564576,0.7266304285629936
SB85816_component_1874a,60.170827,-71.610341,5.883999824523926,17.99388313293457,60.16991666666666,-71.61108333333333,8.4,0.7299044219447137,0.7004761695861816
SB85816_component_1877a,79.356932,-72.229199,5.909999847412109,22.730770111083984,79.36149999999999,-72.22872222222222,19.5,0.31580971664234503,0.30307691525190306
SB85816_component_1879a,58.955448,-72.002225,6.517000198364258,14.482223510742188,58.95312499999999,-72.0008611111111,6.3,1.0779033320780267,1.0344444759308347
SB85816_component_1885a,73.705695,-74.11344,6.538000106811523,25.243244171142578,73.70358333333333,-74.11352777777776,6.8,1.001863697664898,0.9614706039428711
SB85816_component_1895a,69.789042,-68.055351,5.794000148773193,21.539033889770508,69.79066666666665,-68.05480555555555,7.9,0.7642299268098931,0.7334177403510371
SB85816_component_1897a,80.952736,-71.431384,6.376999855041504,17.23513412475586,80.947375,-71.43175,8.6,0.7726638354441986,0.7415116110513377
SB85816_component_1903a,71.052128,-68.513954,5.995999813079834,29.39215660095215,71.05158333333333,-68.5118611111111,6.2,1.0077262019404518,0.9670967440451345
SB85816_component_1904a,77.843342,-68.025733,6.429999828338623,11.66969108581543,77.84041666666666,-68.02577777777776,10.4,0.644243805909468,0.6182692142633291
SB85816_component_1928a,64.693419,-72.441422,6.133999824523926,25.452281951904297,64.69216666666667,-72.44216666666665,7.0,0.9131000128451631,0.8762856892177037
SB85816_component_1939a,75.001926,-71.381976,6.171000003814697,24.983806610107422,74.99999999999999,-71.38197222222222,8.3,0.7747294834560431,0.7434939763632165
SB85816_component_1940a,64.791035,-71.096293,5.992000102996826,31.703704833984375,64.79345833333332,-71.09797222222221,6.2,1.0070539849997473,0.9664516295156171
SB85816_component_1992a,71.46066,-72.623758,5.23799991607666,26.05970001220703,71.45729166666666,-72.62472222222222,9.0,0.6064508475949436,0.5819999906751845
SB85816_component_2002a,63.908814,-69.017375,6.181000232696533,23.68199348449707,63.90820833333333,-69.01780555555554,6.2,1.0388185595170887,0.9969355214026666
SB85816_component_2006a,61.755705,-71.155634,4.718999862670898,15.523026466369629,61.75491666666666,-71.15519444444443,9.7,0.5069333461525614,0.48649483120318543
SB85816_component_2024a,63.851328,-71.647188,5.872000217437744,25.310346603393555,63.84987499999999,-71.64713888888888,7.6,0.805091238469547,0.772631607557598
SB85816_component_2029a,70.709159,-70.97969,5.10699987411499,23.31963539123535,70.71508333333333,-70.98066666666666,7.9,0.6736144355880672,0.6464556802677203
SB85816_component_2048a,71.64108,-67.982311,5.519000053405762,23.092050552368164,71.64583333333333,-67.98108333333333,6.0,0.9584771803809279,0.9198333422342936
SB85816_component_2057a,62.170576,-71.768219,4.855000019073486,17.981481552124023,62.16887499999999,-71.76922222222221,6.2,0.8159624553304841,0.783064519205401
SB85816_component_2080a,68.008697,-71.106267,5.320000171661377,26.336633682250977,68.01258333333332,-71.10733333333333,7.6,0.7294082711614733,0.7000000225870233
SB85816_component_2136a,79.585703,-73.595585,5.261000156402588,19.20073127746582,79.58824999999999,-73.59469444444443,14.4,0.38069612151182985,0.365347233083513
SB85816_component_2143a,63.002404,-71.852204,5.355999946594238,21.861223220825195,63.00612499999999,-71.85102777777777,7.1,0.7860584578124206,0.7543661896611603
SB85816_component_2153a,71.307583,-72.908791,5.056000232696533,23.407407760620117,71.30654166666666,-72.90899999999999,6.7,0.7863301214766407,0.7546269004024676
SB85816_component_2176a,75.068703,-69.916085,4.627999782562256,18.292490005493164,75.07024999999999,-69.91722222222221,8.9,0.5418461013499299,0.5199999755687927
SB85816_component_2198a,73.489639,-71.346667,4.815000057220459,22.712265014648438,73.48945833333332,-71.34541666666665,9.7,0.5172460609799701,0.496391758476336
SB85816_component_2255a,78.882138,-68.858293,4.955999851226807,15.109755516052246,78.88212499999999,-68.85825,6.7,0.7707776474873619,0.7397014703323592
SB85816_component_2256a,78.423619,-73.966148,4.958000183105469,19.29183006286621,78.41837499999998,-73.96658333333332,7.4,0.6981479199393844,0.6700000247439822
SB85816_component_2308a,69.625647,-71.520358,4.995999813079834,22.917430877685547,69.62458333333332,-71.51769444444443,7.7,0.6760896973647554,0.6488311445558226
SB85816_component_2329a,67.194518,-67.602079,4.985000133514404,18.95437240600586,67.19520833333333,-67.60249999999999,8.0,0.6493036092499588,0.6231250166893005
SB85816_component_2339a,80.754814,-73.41693,4.585999965667725,12.668508529663086,80.76129166666665,-73.41566666666665,14.1,0.33891248212446107,0.3252482245154415
SB85816_component_2410a,77.317384,-71.792862,4.757999897003174,17.687732696533203,77.31820833333332,-71.79191666666665,7.3,0.6791632812280886,0.651780807808654
SB85816_component_2560a,80.198151,-72.745192,4.158999919891357,12.603029251098633,80.19741666666665,-72.74691666666666,10.8,0.40127101103739016,0.3850925851751257
SB85816_component_2622a,78.946381,-70.669547,3.615000009536743,13.850574493408203,78.94604166666666,-70.67074999999998,8.1,0.4650460003743327,0.446296297473672
SB85816_component_2644a,74.339923,-73.671957,4.047999858856201,17.9115047454834,74.34529166666665,-73.67166666666665,9.9,0.42606702502693944,0.4088888746319395
SB85816_component_2726a,62.845608,-69.941269,3.813999891281128,14.39245319366455,62.84374999999999,-69.94163888888887,6.0,0.6623721374150774,0.6356666485468546
SB85816_component_2868a,79.956218,-72.18395,3.441999912261963,12.562044143676758,79.95583333333332,-72.18513888888889,12.1,0.29641359201065204,0.28446280266627794
SB85816_component_2976a,63.03362,-70.470059,2.7309999465942383,11.101625442504883,63.03574999999999,-70.47091666666665,7.5,0.37943121624966025,0.3641333262125651
