Component_ID,RA,DEC,ASKAP_flux,ASKAP_flux_SNR,RA_comp,DEC_comp,Comp_flux,Flux_Ratio_AlphaCorr,Flux_Ratio_NOAlphaCorr
SB86035_component_5a,70.236599,-66.406468,841.5640258789062,2654.776123046875,70.23575,-66.40622222222221,852.4,1.0287654042049648,0.9872876887363987
SB86035_component_7a,67.14958,-67.820158,724.8729858398438,1545.5714111328125,67.14804166666666,-67.82002777777777,728.1,1.037393478824583,0.9955678970468943
SB86035_component_20a,67.867197,-64.1087,334.15399169921875,850.2645874023438,67.86741666666666,-64.10883333333332,343.9,1.0124815250380206,0.9716603422483826
SB86035_component_27a,76.254519,-66.755074,331.260986328125,1065.14794921875,76.25416666666666,-66.75522222222222,338.9,1.0185241982224085,0.9774593872178372
SB86035_component_34a,73.940895,-69.808501,275.1449890136719,686.1470947265625,73.94274999999999,-69.80838888888889,267.8,1.0705911889438162,1.0274271434416424
SB86035_component_35a,77.524685,-62.82998,264.0060119628906,409.3116455078125,77.52441666666665,-62.829805555555545,267.4,1.0287859950232743,0.9873074493750585
SB86035_component_36a,68.62108,-66.185738,237.36599731445312,1064.4215087890625,68.62079166666666,-66.18549999999999,239.4,1.0331585878208691,0.991503748180673
SB86035_component_40a,65.621913,-65.118199,233.70799255371094,275.9244384765625,65.62154166666666,-65.118,185.8,1.3106915062638969,1.2578471073934925
SB86035_component_41a,69.229324,-69.509289,234.51100158691406,464.37823486328125,69.23008333333333,-69.50927777777777,233.4,1.0469718369226257,1.00476007535096
SB86035_component_42a,74.036047,-70.242747,218.00100708007812,301.5228271484375,74.03587499999999,-70.24233333333332,178.4,1.2733162440333143,1.221978739238106
SB86035_component_45a,74.917698,-69.91787,218.78399658203125,497.2363586425781,74.91866666666665,-69.91799999999999,206.9,1.1018632296859017,1.0574383595071593
SB86035_component_46a,84.237558,-69.224637,207.28199768066406,78.42678833007812,84.23295833333333,-69.22369444444443,290.1,0.7445373452138282,0.7145191233390694
SB86035_component_47a,69.086373,-62.423792,197.54299926757812,236.0131378173828,69.08441666666666,-62.423805555555546,207.9,0.9901016486391486,0.9501827766598274
SB86035_component_49a,80.622391,-70.632077,201.427001953125,154.70582580566406,80.62016666666666,-70.63205555555555,204.8,1.0248501431298334,0.9835302829742432
SB86035_component_54a,67.316889,-68.382775,190.28500366210938,715.357177734375,67.31612499999999,-68.38258333333333,188.1,1.0541159798784578,1.011616181085111
SB86035_component_55a,69.713966,-68.38299,193.9429931640625,782.0281982421875,69.71404166666666,-68.38283333333332,183.4,1.1019132168799561,1.057486331319861
SB86035_component_57a,80.271082,-69.994471,180.98699951171875,347.38385009765625,80.27049999999998,-69.99447222222221,187.0,1.0085058071569537,0.9678449171749666
SB86035_component_61a,71.06709,-68.703361,180.63900756835938,916.9492797851562,71.06720833333333,-68.70308333333332,173.2,1.0867665948800038,1.0429503901175485
SB86035_component_64a,75.307415,-62.517056,186.9929962158203,291.2663269042969,75.30791666666666,-62.51691666666666,194.2,1.0033414277477464,0.9628887549733282
SB86035_component_65a,78.691207,-62.919498,181.41700744628906,266.39794921875,78.69016666666666,-62.91938888888888,186.7,1.0125262949794571,0.9717033071574134
SB86035_component_67a,71.303814,-65.785542,163.88400268554688,823.5377197265625,71.30445833333333,-65.78569444444443,146.8,1.16327698727834,1.116376040092281
SB86035_component_68a,75.002711,-63.377014,159.62399291992188,656.8888549804688,75.00362499999999,-63.37702777777777,210.9,0.7886680007770105,0.7568705211945086
SB86035_component_70a,78.092886,-62.663132,179.33900451660156,215.5516815185547,78.09170833333333,-62.66302777777777,184.8,1.0112194574471332,0.9704491586396188
SB86035_component_76a,70.19879,-69.871781,160.28700256347656,261.4796142578125,70.19958333333332,-69.87188888888888,133.2,1.2539110001820475,1.2033558751011755
SB86035_component_79a,68.028826,-68.775695,155.10699462890625,542.3321533203125,68.02854166666665,-68.77552777777777,150.9,1.0710623984354144,1.027879354730989
SB86035_component_82a,78.219236,-64.533388,142.843994140625,575.98388671875,78.21874999999999,-64.53327777777777,148.7,1.000975957824427,0.9606186559557836
SB86035_component_83a,76.37972,-65.921051,144.4929962158203,768.5797729492188,76.37945833333332,-65.92091666666666,144.0,1.0455791980549969,1.0034235848320856
SB86035_component_90a,72.812485,-64.038456,129.10800170898438,556.5,72.81216666666666,-64.03841666666666,121.8,1.104532503882056,1.0600000140310704
SB86035_component_96a,66.990421,-64.497355,130.59500122070312,366.8398742675781,66.99070833333333,-64.4976111111111,140.7,0.9671750531936936,0.9281805346176485
SB86035_component_99a,68.473686,-67.304964,130.5070037841797,612.7089233398438,68.47333333333333,-67.3051111111111,119.1,1.141812221819321,1.0957766900434902
SB86035_component_104a,74.360261,-62.357328,118.46399688720703,161.39508056640625,74.360125,-62.35733333333332,117.1,1.054149278714332,1.0116481373800772
SB86035_component_105a,76.812874,-62.839764,119.39299774169922,193.19256591796875,76.81275,-62.839611111111104,129.6,0.9599452960927201,0.9212422665254569
SB86035_component_106a,80.596787,-62.922278,120.43900299072266,126.64459228515625,80.59545833333333,-62.92227777777777,122.7,1.0228105963118972,0.981572966509557
SB86035_component_109a,83.905806,-68.918654,113.7760009765625,104.09514617919922,83.90391666666666,-68.91880555555555,79.9,1.4838039244440357,1.42397998719102
SB86035_component_113a,68.137505,-63.264673,113.0459976196289,225.64071655273438,68.13708333333332,-63.26458333333333,134.3,0.8771054464930669,0.841742350108927
SB86035_component_116a,66.278443,-66.780612,107.98999786376953,451.84100341796875,66.27812499999999,-66.78052777777776,91.8,1.2257826813398187,1.176361632502936
SB86035_component_120a,76.823387,-66.946239,100.84700012207031,384.9122314453125,76.82270833333332,-66.94630555555554,105.2,0.9988950792684792,0.9586216741641664
SB86035_component_121a,67.385873,-69.716512,107.88099670410156,126.7696762084961,67.38691666666666,-69.71647222222221,105.0,1.0706025681365194,1.0274380638485863
SB86035_component_123a,73.924501,-69.108263,104.0260009765625,406.3515319824219,73.92524999999999,-69.10816666666666,99.2,1.0927048254580358,1.048649203392767
SB86035_component_125a,76.642669,-67.945482,101.42400360107422,454.816162109375,76.64116666666666,-67.94552777777777,94.4,1.1195445631632093,1.0744068178079895
SB86035_component_126a,69.337235,-63.188629,110.3759994506836,334.47271728515625,69.33591666666666,-63.18863888888888,107.8,1.0669117988237404,1.0238960988004044
SB86035_component_127a,66.729437,-68.949254,101.93199920654297,295.455078125,66.72962499999998,-68.9493611111111,95.3,1.1145261717615247,1.0695907576762116
SB86035_component_132a,70.548784,-68.167761,97.01799774169922,548.124267578125,70.548375,-68.16758333333333,94.5,1.0697766851233614,1.0266454787481398
SB86035_component_134a,77.87322,-68.104775,94.36199951171875,389.9256286621094,77.87249999999999,-68.10488888888888,108.1,0.9095866354735536,0.8729139640307008
SB86035_component_138a,75.615321,-65.953183,94.86599731445312,524.1215209960938,75.61545833333332,-65.95308333333332,94.3,1.0482660333340916,1.006002092412016
SB86035_component_139a,68.127592,-62.583668,92.25900268554688,95.80374145507812,68.1265,-62.583611111111104,99.5,0.966180581142049,0.9272261576436872
SB86035_component_145a,79.490122,-62.839092,97.06900024414062,122.25314331054688,79.48920833333332,-62.8391111111111,73.2,1.3817901906096925,1.326079238307932
SB86035_component_147a,73.885482,-69.595566,98.16899871826172,288.73236083984375,73.88654166666666,-69.59558333333332,91.2,1.1216365495964922,1.0764144596300627
SB86035_component_148a,72.76518,-64.312316,91.90399932861328,466.51776123046875,72.76508333333332,-64.31224999999999,89.7,1.067614828795375,1.0245707840425116
SB86035_component_149a,70.510486,-69.442415,89.49299621582031,282.3122863769531,70.51124999999999,-69.44238888888889,83.8,1.1128013901217115,1.067935515701913
SB86035_component_152a,83.186572,-70.024266,86.45500183105469,75.97100067138672,83.18249999999999,-70.02527777777777,84.6,1.0648596991565602,1.021926735591663
SB86035_component_154a,78.531361,-70.682765,87.49199676513672,82.8522720336914,78.5315,-70.68322222222221,97.7,0.9331391145155259,0.8955168553238149
SB86035_component_157a,65.773781,-68.391983,84.87300109863281,287.7051086425781,65.77420833333332,-68.39202777777777,67.6,1.3082643068908146,1.2555177677312548
SB86035_component_158a,73.474999,-69.358919,87.41500091552734,309.9822692871094,73.47629166666665,-69.35902777777777,84.4,1.079235318787725,1.0357227596626462
SB86035_component_159a,75.127553,-67.694745,84.81800079345703,466.0329895019531,75.12708333333332,-67.69466666666666,86.3,1.024117684586264,0.9828273556599888
SB86035_component_160a,65.213243,-69.478017,85.48500061035156,77.01351165771484,65.21262499999999,-69.4781111111111,83.0,1.0732093716603064,1.0299397663897778
SB86035_component_161a,66.621623,-67.434662,82.34300231933594,359.576416015625,66.62124999999999,-67.43408333333332,76.8,1.1172184714652473,1.0721745093663535
SB86035_component_162a,76.575818,-62.950869,84.3489990234375,219.08831787109375,76.576,-62.95072222222221,89.5,0.9820407911676456,0.9424469164629888
SB86035_component_163a,68.68346,-69.339108,83.29000091552734,238.65328979492188,68.68391666666666,-69.33913888888888,78.3,1.1084184202248404,1.0637292581804259
SB86035_component_167a,65.841501,-65.857581,81.21399688720703,202.52867126464844,65.84008333333333,-65.85777777777777,79.7,1.0618060432364733,1.0189961968281935
SB86035_component_169a,73.590285,-68.015662,79.79299926757812,405.0406188964844,73.59049999999999,-68.01558333333332,65.6,1.267458008896979,1.2163566961521057
SB86035_component_173a,76.054718,-70.081986,82.30500030517578,192.30140686035156,76.05299999999998,-70.08263888888888,82.7,1.0370348254174624,0.9952237038110735
SB86035_component_174a,83.028626,-67.903484,78.5770034790039,119.05606079101562,83.02704166666666,-67.90383333333332,66.8,1.2257210096510978,1.1763024472904777
SB86035_component_175a,74.077561,-68.830397,81.33699798583984,327.9717712402344,74.07845833333333,-68.83077777777777,80.6,1.0515398292799119,1.0091438956059535
SB86035_component_177a,66.070765,-64.761909,78.39299774169922,139.24154663085938,66.06991666666666,-64.76144444444444,67.1,1.217383417263889,1.1683010095633268
SB86035_component_179a,72.454028,-69.670567,79.54499816894531,228.5775909423828,72.45474999999999,-69.67058333333333,98.5,0.8414906123536811,0.8075634331872621
SB86035_component_181a,76.397227,-62.793504,82.9749984741211,179.5995635986328,76.39774999999999,-62.793499999999995,86.3,1.0018647282526005,0.961471592979387
SB86035_component_182a,81.941031,-67.990302,72.44400024414062,186.2313690185547,81.93841666666665,-67.99047222222221,79.3,0.9519230997849397,0.9135435087533497
SB86035_component_185a,66.414895,-65.709547,75.74299621582031,244.33224487304688,66.41395833333333,-65.70958333333333,76.3,1.0344049080638187,0.992699819342337
SB86035_component_186a,69.238811,-67.791136,80.85800170898438,396.3627624511719,69.23833333333333,-67.791,74.9,1.1248997393296265,1.079546084232101
SB86035_component_188a,75.559792,-65.843778,71.91200256347656,413.2873840332031,75.55941666666666,-65.84363888888888,71.2,1.0524319376618776,1.0100000360038843
SB86035_component_190a,83.326754,-67.666239,68.97599792480469,88.5442886352539,83.32508333333332,-67.66666666666666,65.3,1.1006707892048548,1.0562939957856767
SB86035_component_192a,84.4032,-68.009195,77.60099792480469,66.09965515136719,84.40212499999998,-68.0093611111111,79.6,1.0158436451960533,0.974886908603074
SB86035_component_195a,80.961018,-70.703834,73.86000061035156,190.36082458496094,80.95849999999999,-70.7036111111111,75.4,1.0207293219935019,0.9795756049118244
SB86035_component_198a,73.964525,-69.036158,69.55400085449219,303.729248046875,73.96483333333332,-69.03625,79.9,0.9070849611768226,0.8705131521213039
SB86035_component_202a,69.420784,-66.730173,67.82499694824219,344.2893371582031,69.42025,-66.72994444444444,67.3,1.0501403559589086,1.0078008461848764
SB86035_component_205a,84.766981,-66.867636,69.08100128173828,55.04462432861328,84.76645833333332,-66.86791666666666,61.3,1.1742776063651745,1.126933136733088
SB86035_component_206a,74.772744,-63.865888,69.6969985961914,331.8904724121094,74.773625,-63.86591666666666,72.5,1.0017254307548162,0.9613379116716056
SB86035_component_209a,69.766507,-63.964565,65.92400360107422,327.9801025390625,69.76579166666666,-63.96452777777777,62.0,1.1079611046801523,1.0632903806624874
SB86035_component_211a,76.496462,-68.793458,71.0510025024414,318.6143493652344,76.49733333333333,-68.79344444444443,69.8,1.0606874176697267,1.017922671954748
SB86035_component_212a,69.810034,-62.94675,70.30500030517578,211.76205444335938,69.808375,-62.94691666666666,69.9,1.0480491941939616,1.0057939957822
SB86035_component_214a,75.286676,-67.535958,66.73699951171875,377.0451965332031,75.28479166666666,-67.53622222222221,62.0,1.1216248356135612,1.0764032179309475
SB86035_component_220a,71.794517,-67.847037,70.51300048828125,379.1021423339844,71.79475,-67.84713888888888,69.4,1.0587230160760661,1.016037471012698
SB86035_component_225a,65.510263,-69.254182,66.10199737548828,90.18008422851562,65.50995833333333,-69.25413888888887,51.9,1.32714952023678,1.2736415679284834
SB86035_component_228a,65.359317,-69.217322,64.5979995727539,91.7585220336914,65.35924999999999,-69.21744444444444,58.5,1.150630370414581,1.1042393089359641
SB86035_component_229a,74.84267,-63.031568,59.83300018310547,223.25746154785156,74.84324999999998,-63.031499999999994,59.1,1.0549355526646582,1.012402710374035
SB86035_component_231a,71.540843,-62.10927,56.797000885009766,63.10778045654297,71.53974999999998,-62.10966666666666,63.7,0.9290917444700737,0.8916326669546274
SB86035_component_233a,72.369828,-69.441984,60.31700134277344,207.9896697998047,72.37070833333333,-69.44188888888888,52.6,1.1948864272530975,1.1467110521439816
SB86035_component_234a,82.502106,-63.878124,62.527000427246094,121.64785766601562,82.50008333333332,-63.87844444444443,60.0,1.085897852640911,1.042116673787435
SB86035_component_236a,73.436556,-69.624894,58.4109992980957,187.8167266845703,73.43791666666665,-69.62491666666666,51.0,1.1934303820750696,1.1453137117273666
SB86035_component_238a,69.472807,-64.510612,58.11399841308594,302.67706298828125,69.47299999999998,-64.5105,58.7,1.0316093878072956,0.9900170087408166
SB86035_component_239a,69.664208,-62.920892,58.2599983215332,163.1932830810547,69.66287499999999,-62.920805555555546,55.0,1.1037746307110594,1.0592726967551491
SB86035_component_241a,81.30916,-63.859777,59.612998962402344,160.68194580078125,81.30733333333332,-63.85988888888888,61.8,1.0051366876761065,0.9646116336958308
SB86035_component_242a,69.375012,-65.799534,58.25899887084961,305.02093505859375,69.3745,-65.79927777777777,53.8,1.1283747815933107,1.082881019904268
SB86035_component_243a,69.958947,-68.539657,56.60599899291992,265.755859375,69.95949999999999,-68.5396111111111,36.2,1.6293955221198961,1.5637016296386717
SB86035_component_244a,78.092901,-67.53849,60.93899917602539,179.2323455810547,78.09158333333332,-67.53908333333332,59.2,1.0726208639246677,1.02937498608151
SB86035_component_245a,80.2855,-67.725006,59.893001556396484,178.25299072265625,80.28358333333333,-67.72533333333332,58.5,1.0668241589813001,1.023811992417034
SB86035_component_247a,74.021615,-66.85346,57.06399917602539,318.79327392578125,74.02216666666666,-66.85347222222221,44.5,1.33621032556948,1.282337060135402
SB86035_component_248a,78.412871,-63.033656,59.81100082397461,118.43762969970703,78.41174999999998,-63.033361111111105,51.1,1.219643200999284,1.17046968344373
SB86035_component_249a,67.437981,-66.765533,59.03900146484375,239.02430725097656,67.43775,-66.76558333333332,60.9,1.0101697067800308,0.9694417317708334
SB86035_component_250a,75.984829,-70.039107,56.80400085449219,133.65646362304688,75.98316666666666,-70.03963888888887,54.1,1.0940931270502823,1.049981531506325
SB86035_component_255a,75.611158,-63.14308,55.619998931884766,216.42022705078125,75.61208333333332,-63.1428611111111,60.0,0.9659449036628537,0.9269999821980794
SB86035_component_256a,71.895602,-63.382528,53.04999923706055,227.68240356445312,71.89370833333332,-63.38269444444444,52.2,1.0589793919003825,1.0162835102885162
SB86035_component_259a,70.381312,-62.734521,51.88600158691406,149.52737426757812,70.37941666666666,-62.73474999999999,52.4,1.0317905532662597,0.9901908699792761
SB86035_component_263a,64.795031,-65.168103,56.92100143432617,49.28225326538086,64.79495833333333,-65.16783333333332,55.7,1.0648537550475012,1.0219210311369151
SB86035_component_264a,75.211514,-68.062596,53.7140007019043,276.87628173828125,75.21120833333332,-68.06241666666666,51.2,1.093176203262624,1.0491015762090683
SB86035_component_269a,78.119636,-68.833136,51.71500015258789,201.22567749023438,78.11829166666665,-68.83313888888888,44.2,1.2191773638414058,1.1700226278866037
SB86035_component_271a,67.761314,-67.931711,54.71500015258789,248.7045440673828,67.75954166666666,-67.93152777777777,50.6,1.126752466971476,1.0813241136875076
SB86035_component_276a,82.539766,-66.802945,47.46200180053711,106.89640045166016,82.54033333333332,-66.80372222222222,52.0,0.9510762517068536,0.9127308038564829
SB86035_component_278a,72.077551,-63.230229,54.01900100708008,234.86521911621094,72.07624999999999,-63.23047222222221,49.6,1.1348474902953904,1.0890927622395177
SB86035_component_279a,73.188638,-63.289825,50.94499969482422,244.92787170410156,73.18841666666665,-63.28999999999999,49.6,1.0702679421856232,1.0271169293311335
SB86035_component_281a,71.423067,-62.949421,48.27000045776367,175.5272674560547,71.42045833333333,-62.94999999999999,49.4,1.0181762997912343,0.9771255153393457
SB86035_component_285a,63.636509,-67.816499,50.736000061035156,80.15165710449219,63.63699999999999,-67.81644444444444,57.0,0.9275001728332928,0.890105264228687
SB86035_component_286a,78.866792,-66.705762,51.08700180053711,181.80429077148438,78.86512499999999,-66.7053611111111,51.2,1.0397120663998887,0.9977930039167404
SB86035_component_289a,83.751314,-64.648578,50.17599868774414,78.15576171875,83.75045833333333,-64.64891666666666,50.5,1.0353263727210267,0.9935841324305771
SB86035_component_290a,69.560625,-69.486479,50.95100021362305,134.0815887451172,69.5615,-69.48644444444443,47.0,1.1296072881637305,1.0840638343324052
SB86035_component_291a,67.125773,-69.345042,49.96500015258789,103.87733459472656,67.12570833333332,-69.34474999999999,47.4,1.0983991321250277,1.0541139272697868
SB86035_component_295a,63.317107,-67.420673,50.46699905395508,57.15401840209961,63.31616666666666,-67.42083333333332,62.7,0.8387114454970289,0.8048963166500012
SB86035_component_300a,80.19844,-63.159744,48.400001525878906,85.21126556396484,80.19770833333332,-63.15977777777777,46.8,1.0776361507345622,1.0341880667922845
SB86035_component_301a,66.832152,-64.529297,47.66400146484375,130.945068359375,66.83283333333333,-64.52938888888887,49.0,1.0136010432446743,0.9727347237723214
SB86035_component_304a,78.692692,-64.737489,46.854000091552734,215.91705322265625,78.69179166666666,-64.73730555555555,46.4,1.0522073306966089,1.00978448473174
SB86035_component_307a,74.224007,-65.166839,50.06100082397461,272.0706481933594,74.22358333333332,-65.16663888888888,47.5,1.0981926882825708,1.053915806820518
SB86035_component_308a,66.582121,-64.577236,47.76300048828125,114.26554870605469,66.58233333333332,-64.57747222222221,47.3,1.0522116124281036,1.0097885938325846
SB86035_component_310a,77.625574,-63.042374,45.930999755859375,113.69058990478516,77.62558333333332,-63.041999999999994,48.2,0.9929593966689384,0.9529253061381613
SB86035_component_312a,65.197355,-64.851269,48.29800033569336,53.90401840209961,65.196625,-64.85133333333333,67.3,0.7478021606596328,0.7176523081083709
SB86035_component_313a,72.780577,-67.833332,45.47700119018555,262.87286376953125,72.78112499999999,-67.83377777777777,38.7,1.2244850404354866,1.175116309823916
SB86035_component_316a,77.085028,-64.554875,45.04899978637695,221.916259765625,77.08420833333332,-64.55488888888888,32.5,1.4443565710533643,1.38612307035006
SB86035_component_317a,80.909346,-63.734788,46.709999084472656,130.11141967773438,80.90791666666665,-63.73505555555555,48.3,1.0077095113515309,0.9670807263865975
SB86035_component_321a,70.490954,-67.4282,44.64500045776367,215.67633056640625,70.49004166666666,-67.42772222222222,42.2,1.1023842772220154,1.0579383994730727
SB86035_component_324a,71.576941,-62.818334,47.220001220703125,161.71234130859375,71.57416666666666,-62.81858333333332,44.4,1.1081936403883013,1.0635135410068273
SB86035_component_326a,74.011675,-69.714549,46.99100112915039,134.260009765625,74.01329166666666,-69.71444444444444,43.4,1.1282298810988425,1.082741961501161
SB86035_component_327a,71.393113,-66.427852,44.492000579833984,264.8333435058594,71.39191666666666,-66.4276111111111,46.1,1.0056657011555847,0.9651193184345767
SB86035_component_331a,68.423078,-64.859875,44.154998779296875,212.2836456298828,68.42174999999999,-64.85974999999999,41.7,1.103358009027554,1.0588728724052008
SB86035_component_334a,69.054756,-69.177595,43.32600021362305,152.02105712890625,69.05512499999999,-69.17758333333333,33.3,1.3557418229275882,1.3010810874961878
SB86035_component_340a,70.86406,-65.109019,43.301998138427734,229.11109924316406,70.86412499999999,-65.109,43.0,1.0493300525194182,1.0070232125215752
SB86035_component_342a,78.98147,-69.127825,40.676998138427734,164.02015686035156,78.97887499999999,-69.12852777777776,40.5,1.0465657118454137,1.004370324405623
SB86035_component_347a,69.235845,-66.636515,40.856998443603516,219.66127014160156,69.23591666666665,-66.63694444444444,35.7,1.1925342792312046,1.1444537379160649
SB86035_component_348a,76.81879,-65.351984,43.305999755859375,232.8279571533203,76.81816666666666,-65.35177777777777,40.3,1.119736029549556,1.074590564661523
SB86035_component_350a,70.11913,-65.275251,40.82600021362305,217.15957641601562,70.11941666666665,-65.27572222222221,40.7,1.0452376719332488,1.0030958283445466
SB86035_component_355a,83.975254,-64.606403,41.15599822998047,51.63864517211914,83.97391666666665,-64.60663888888888,39.6,1.0829554310320861,1.0392928845954663
SB86035_component_358a,70.025345,-67.233012,44.305999755859375,215.07766723632812,70.02420833333332,-67.2331111111111,44.7,1.0328271537621763,0.9911856768648629
SB86035_component_360a,70.679997,-62.523979,38.42599868774414,84.45274353027344,70.67816666666666,-62.52402777777777,41.3,0.9694998397124984,0.9304115905022795
SB86035_component_365a,81.999404,-70.428047,38.64699935913086,28.884153366088867,81.99674999999999,-70.4276111111111,37.9,1.0625495694884501,1.0197097456235056
SB86035_component_366a,68.851553,-62.759192,41.2130012512207,68.34660339355469,68.84995833333332,-62.7591111111111,39.7,1.0817237503433472,1.038110862751151
SB86035_component_370a,79.513059,-63.433318,38.733001708984375,112.26956939697266,79.51124999999999,-63.43374999999999,36.0,1.1211178929296395,1.075916714138455
SB86035_component_371a,70.304462,-64.767131,37.58000183105469,199.8936309814453,70.30320833333333,-64.7675,35.2,1.112466042262734,1.0676136883822354
SB86035_component_379a,83.145967,-63.278086,38.96200180053711,34.8185920715332,83.14466666666665,-63.27824999999999,41.5,0.9782859021450078,0.9388434168804123
SB86035_component_382a,68.843458,-65.867593,39.922000885009766,191.0143585205078,68.843375,-65.8668611111111,50.0,0.8319839059211368,0.7984400177001953
SB86035_component_384a,79.817639,-70.237672,36.047000885009766,61.72431564331055,79.81670833333332,-70.23791666666666,36.6,1.0262677497147097,0.9848907345631083
SB86035_component_385a,79.034101,-65.181034,36.17399978637695,151.99159240722656,79.03483333333332,-65.18133333333333,35.9,1.049964735128829,1.0076323060272132
SB86035_component_386a,66.933133,-68.085478,36.702999114990234,155.52117919921875,66.93212499999998,-68.08530555555555,29.6,1.2920593758236663,1.2399661863172375
SB86035_component_387a,69.253714,-68.742598,36.194000244140625,174.00961303710938,69.25412499999999,-68.74233333333332,32.9,1.146339656649439,1.1001215879678001
SB86035_component_392a,75.705976,-67.837885,35.51900100708008,170.76441955566406,75.70524999999999,-67.83797222222222,33.8,1.0950064362630463,1.0508580179609492
SB86035_component_394a,71.560101,-64.879911,38.22999954223633,200.1570587158203,71.56041666666665,-64.8798611111111,36.6,1.0884183049503267,1.044535506618479
SB86035_component_398a,72.13152,-65.899948,35.85100173950195,221.30247497558594,72.13170833333332,-65.90077777777778,37.6,0.9935416548035678,0.9534840888165412
SB86035_component_402a,74.089099,-67.217549,36.15700149536133,178.99505615234375,74.09083333333332,-67.21788888888888,40.5,0.9302721375705515,0.8927654690212674
SB86035_component_411a,68.6853,-67.981765,35.23500061035156,172.72059631347656,68.68408333333332,-67.98122222222221,31.6,1.161876132472015,1.115031664884543
SB86035_component_415a,76.907605,-65.515477,35.172000885009766,194.32044982910156,76.906375,-65.51538888888888,32.9,1.1139708003047557,1.0690577776598713
SB86035_component_416a,78.151339,-65.663468,33.2400016784668,145.15284729003906,78.15141666666666,-65.66324999999999,36.3,0.9541728207540381,0.9157025255775978
SB86035_component_420a,76.007107,-62.708666,34.99300003051758,77.93540954589844,76.00683333333332,-62.707916666666655,37.1,0.9828333781832849,0.9432075479923875
SB86035_component_421a,81.881938,-66.615371,31.229999542236328,104.44815826416016,81.88270833333333,-66.61541666666666,35.0,0.9297722138550477,0.8922857012067522
SB86035_component_426a,83.209372,-68.33662,36.178001403808594,64.83512115478516,83.20741666666666,-68.3367222222222,38.2,0.9868561184198187,0.9470680995761411
SB86035_component_427a,72.366884,-62.377379,34.737998962402344,53.94099426269531,72.36445833333332,-62.37816666666666,35.0,1.0342115489462584,0.9925142560686384
SB86035_component_431a,69.485335,-67.470734,32.7140007019043,144.1145477294922,69.48445833333332,-67.47080555555554,36.4,0.9364937961066065,0.8987362830193488
SB86035_component_433a,69.477105,-65.198196,33.12300109863281,145.9163055419922,69.47720833333332,-65.19819444444444,33.1,1.0427358734334151,1.0006948972396619
SB86035_component_436a,65.066575,-68.160604,33.86899948120117,115.9897232055664,65.06529166666665,-68.1608611111111,27.1,1.3022840042389505,1.2497785786421096
SB86035_component_437a,69.7454,-62.431612,31.888999938964844,57.97999954223633,69.742875,-62.432083333333324,26.4,1.2586633963209386,1.207916664354729
SB86035_component_438a,79.006117,-65.010167,34.762001037597656,165.53334045410156,79.00533333333333,-65.00969444444443,35.0,1.0349261330935071,0.9932000296456474
SB86035_component_443a,71.010069,-66.859179,31.74799919128418,176.3777618408203,71.00895833333333,-66.85872222222221,34.4,0.9616799192579445,0.9229069532350053
SB86035_component_445a,68.339702,-65.4314,31.672000885009766,152.26922607421875,68.33854166666666,-65.43149999999999,28.6,1.1539369962202384,1.1074126183569848
SB86035_component_448a,81.374841,-67.524557,28.496999740600586,64.47284698486328,81.37229166666665,-67.52483333333332,31.5,0.9426733171599377,0.9046666584317646
SB86035_component_449a,79.674827,-65.131237,31.416000366210938,129.28395080566406,79.67383333333332,-65.13102777777777,31.6,1.035944384019932,0.9941772267788271
SB86035_component_451a,73.532375,-65.835657,32.99700164794922,207.5283203125,73.53249999999998,-65.83616666666666,33.2,1.0356404969417956,0.9938855918056992
SB86035_component_452a,67.633123,-65.198632,31.93199920654297,133.606689453125,67.63291666666666,-65.19802777777777,39.6,0.8402403890484952,0.8063636163268426
SB86035_component_455a,65.379564,-65.366573,33.196998596191406,49.54775619506836,65.37995833333332,-65.36666666666666,40.7,0.8499180264119031,0.815651071159494
SB86035_component_457a,76.430668,-66.970401,30.190000534057617,103.03753662109375,76.42945833333333,-66.97077777777777,29.2,1.0773402830411325,1.0339041278786856
SB86035_component_458a,79.579491,-65.935452,30.736000061035156,115.98490905761719,79.57974999999999,-65.93541666666665,27.2,1.1774733163622797,1.1300000022439396
SB86035_component_460a,72.271357,-65.986851,31.156999588012695,189.98170471191406,72.271875,-65.98733333333332,33.9,0.9576979549414946,0.919085533569696
SB86035_component_461a,67.904097,-67.310461,30.66900062561035,155.68020629882812,67.90470833333332,-67.31055555555555,25.8,1.238661240462497,1.1887209544810213
SB86035_component_462a,82.462358,-63.654688,31.808000564575195,58.578269958496094,82.46149999999999,-63.655222222222214,36.1,0.9181249684320786,0.8811080488801993
SB86035_component_463a,77.165546,-64.169339,30.233999252319336,166.12088012695312,77.16524999999999,-64.16933333333333,30.3,1.0397420279748137,0.9978217575022883
SB86035_component_464a,71.512473,-63.301998,30.347000122070312,124.3729476928711,71.50891666666666,-63.303083333333326,29.2,1.08294286593596,1.0392808260982984
SB86035_component_466a,81.753832,-64.587561,33.31999969482422,109.24589538574219,81.75183333333332,-64.58774999999999,34.4,1.0092974496796052,0.9686046422914018
SB86035_component_468a,77.882687,-63.511544,30.393999099731445,129.33616638183594,77.883,-63.511333333333326,35.4,0.894658338243221,0.8585875451901539
SB86035_component_473a,80.733396,-69.068557,28.434999465942383,112.83729553222656,80.73149999999998,-69.06902777777776,29.2,1.0147124819807185,0.9738013515733693
SB86035_component_474a,77.72864,-69.182581,29.165000915527344,129.62222290039062,77.72783333333332,-69.18241666666665,26.1,1.1643783366060068,1.1174329852692468
SB86035_component_476a,82.448561,-69.035833,30.798999786376953,71.12933349609375,82.44824999999999,-69.03627777777777,31.7,1.012394973537641,0.9715772803273487
SB86035_component_478a,70.038129,-69.957085,28.642000198364258,47.4205322265625,70.03912499999998,-69.95713888888888,31.6,0.9444715720243637,0.9063924113406411
SB86035_component_479a,70.569729,-65.309758,29.500999450683594,170.52601623535156,70.56979166666666,-65.30999999999999,27.9,1.1018060579889817,1.0573834928560428
SB86035_component_480a,65.050339,-68.689921,30.197999954223633,72.41726684570312,65.04970833333333,-68.69058333333332,26.9,1.1697647492515169,1.1226022287815478
SB86035_component_481a,69.527437,-69.073098,29.267000198364258,118.97154235839844,69.52683333333333,-69.07297222222222,26.4,1.1551726909061082,1.1085984923622825
SB86035_component_483a,78.049372,-67.010488,27.3439998626709,94.28965759277344,78.04633333333332,-67.01124999999999,27.7,1.0286198567768687,0.987148009482704
SB86035_component_487a,68.577378,-65.433331,27.638999938964844,128.55348205566406,68.57608333333333,-65.43355555555554,29.3,0.9829407367919282,0.943310578121667
SB86035_component_488a,81.57208,-68.053901,29.132999420166016,96.7873764038086,81.57037499999998,-68.05388888888888,25.0,1.214277146007934,1.1653199768066407
SB86035_component_491a,78.140777,-67.843879,29.06999969482422,116.74698638916016,78.13904166666666,-67.84413888888888,28.3,1.0703633284137504,1.0272084697817745
SB86035_component_493a,80.85265,-68.111407,26.073999404907227,76.46334075927734,80.85049999999998,-68.11169444444444,27.0,1.0062746145249981,0.9657036816632306
SB86035_component_495a,66.385239,-66.863211,28.854999542236328,113.1568603515625,66.38529166666666,-66.86399999999999,28.5,1.0549912105933854,1.012456124288994
SB86035_component_496a,75.44839,-66.829596,28.104000091552734,143.38775634765625,75.44937499999999,-66.82977777777776,32.7,0.8955565512471465,0.8594495440841814
SB86035_component_499a,76.028697,-68.595556,29.017000198364258,133.71890258789062,76.02924999999999,-68.59552777777778,27.5,1.0994929488851166,1.055163643576882
SB86035_component_500a,77.834278,-69.080475,27.253000259399414,113.55416870117188,77.83429166666666,-69.08033333333333,24.8,1.145078523142086,1.0989113007822344
SB86035_component_505a,81.199712,-64.157109,27.945999145507812,89.57051086425781,81.197875,-64.1571111111111,21.4,1.360750484971254,1.3058878105377483
SB86035_component_506a,67.169514,-63.664933,29.81399917602539,54.80514144897461,67.16891666666666,-63.66499999999999,30.8,1.0086538447909852,0.9679869862345906
SB86035_component_508a,75.271065,-67.838341,28.881999969482422,163.17514038085938,75.27145833333333,-67.83824999999999,27.6,1.0904124733778857,1.0464492742566094
SB86035_component_509a,83.551299,-65.491373,26.214000701904297,54.273292541503906,83.55125,-65.49155555555555,24.3,1.1240863207072544,1.0787654609837158
SB86035_component_511a,72.635014,-63.490551,26.601999282836914,120.37104034423828,72.63462499999999,-63.490694444444436,26.8,1.034313309180685,0.9926119135386908
SB86035_component_513a,77.690984,-69.69075,26.927000045776367,98.27372741699219,77.68858333333333,-69.69138888888888,31.2,0.8993029266118259,0.863044873262063
SB86035_component_516a,82.730069,-63.850495,29.298999786376953,51.49209213256836,82.72816666666665,-63.85124999999999,30.4,1.0042731245940772,0.9637828877097683
SB86035_component_517a,68.135753,-68.258312,26.264999389648438,124.47867584228516,68.134125,-68.25802777777777,23.9,1.1451229634601947,1.0989539493576752
SB86035_component_520a,82.12347,-63.69476,26.39699935913086,55.80760955810547,82.12091666666666,-63.69530555555555,29.0,0.9484822189712241,0.910241357211409
SB86035_component_521a,79.889757,-67.14813,24.631000518798828,74.63938903808594,79.88804166666665,-67.1483611111111,31.9,0.80457030567311,0.7721316777052925
SB86035_component_522a,81.548613,-70.379767,26.812000274658203,27.842159271240234,81.54674999999999,-70.37899999999999,25.6,1.0913445388210736,1.047343760728836
SB86035_component_523a,65.297893,-66.557311,26.45400047302246,70.16976165771484,65.29962499999999,-66.55741666666665,26.9,1.0247353227675107,0.9834200919339205
SB86035_component_524a,72.009545,-67.885929,26.374000549316406,156.05917358398438,72.00941666666665,-67.88583333333332,25.5,1.0777262478180178,1.0342745313457413
SB86035_component_526a,79.32083,-67.398963,28.20199966430664,33.375144958496094,79.32037499999998,-67.39869444444443,28.5,1.0311163486053967,0.9895438478704084
SB86035_component_530a,66.916269,-67.784957,25.7810001373291,95.13284301757812,66.916125,-67.78572222222222,8.1,3.3165562843391077,3.1828395231270497
SB86035_component_532a,75.139779,-63.427941,26.788999557495117,120.13004302978516,75.14029166666666,-63.42727777777777,30.0,0.9304817725177896,0.8929666519165039
SB86035_component_537a,64.801316,-67.920266,25.481000900268555,77.4498519897461,64.80033333333333,-67.92080555555555,27.3,0.9725825334594145,0.9333699963468335
SB86035_component_541a,67.505086,-67.787584,25.469999313354492,110.73912811279297,67.50354166666666,-67.78791666666666,25.7,1.0326863572083005,0.9910505569398635
SB86035_component_542a,79.388561,-69.076941,27.11400032043457,92.85617065429688,79.38754166666665,-69.07713888888888,29.1,0.970897175250182,0.9317525883310849
SB86035_component_544a,72.232941,-69.493908,24.93199920654297,87.48069763183594,72.233375,-69.49438888888888,26.8,0.9693819750024298,0.9302984778560809
SB86035_component_546a,72.256123,-66.559409,25.014999389648438,140.53370666503906,72.25516666666665,-66.5593611111111,21.3,1.2237523051077894,1.174413116884903
SB86035_component_551a,83.039895,-68.718626,24.6200008392334,44.682395935058594,83.03858333333332,-68.71866666666666,19.3,1.3292399458685626,1.2756477118773781
SB86035_component_565a,70.174918,-62.709197,23.270000457763672,66.8678207397461,70.17158333333333,-62.7096111111111,21.8,1.112275901451026,1.067431213658884
SB86035_component_570a,75.83685,-62.787478,23.843000411987305,62.41623306274414,75.83724999999998,-62.78747222222221,27.4,0.9067404144234841,0.8701824967878579
SB86035_component_578a,72.574369,-63.869768,22.804000854492188,109.6346206665039,72.57362499999999,-63.869249999999994,21.9,1.08502454677927,1.0412785778306937
SB86035_component_580a,72.67819,-68.823287,24.1560001373291,120.77999877929688,72.67854166666666,-68.82338888888889,23.0,1.094384206820575,1.0502608755360479
SB86035_component_581a,69.544791,-65.519596,23.21500015258789,137.3668670654297,69.54591666666666,-65.52008333333332,24.4,0.9914058887544216,0.9514344324831103
SB86035_component_583a,82.597055,-64.376471,24.329999923706055,64.53580474853516,82.59624999999998,-64.37636111111111,24.5,1.0347814932407982,0.9930612213757574
SB86035_component_590a,75.615085,-68.815096,24.722999572753906,136.59115600585938,75.61591666666666,-68.81474999999999,22.9,1.124963181185847,1.0796069682425287
SB86035_component_594a,82.182523,-67.547976,25.09000015258789,55.02193069458008,82.18145833333332,-67.54772222222222,19.6,1.333881417217448,1.280102048601423
SB86035_component_599a,80.072429,-70.596489,23.989999771118164,22.35787582397461,80.06991666666666,-70.59630555555555,18.9,1.3226382232492926,1.2693121572020194
SB86035_component_603a,82.889602,-64.550738,23.079999923706055,59.63824462890625,82.88704166666666,-64.55175,27.8,0.8650946710970079,0.830215824593743
SB86035_component_606a,73.051255,-67.214559,22.569000244140625,138.4601287841797,73.05174999999998,-67.21494444444444,25.4,0.9258726051034166,0.8885433166984499
SB86035_component_607a,73.855709,-62.864708,22.43400001525879,79.27208709716797,73.85449999999999,-62.86472222222221,21.5,1.087278713512359,1.0434418611748273
SB86035_component_608a,78.849865,-69.596593,23.413000106811523,83.91755676269531,78.84866666666666,-69.59663888888888,22.0,1.108937362309462,1.064227277582342
SB86035_component_609a,75.259811,-69.720247,22.844999313354492,71.8396224975586,75.26070833333333,-69.71972222222222,18.5,1.2867437000895994,1.2348648277488914
SB86035_component_611a,73.677334,-70.121474,24.540000915527344,47.74319076538086,73.68024999999999,-70.12105555555554,25.9,0.9872961425550841,0.9474903828388936
SB86035_component_614a,72.310438,-63.055948,22.448999404907227,88.03529357910156,72.30866666666665,-63.05647222222221,20.5,1.1410791161588796,1.0950731417027915
SB86035_component_623a,74.943408,-66.693833,21.736000061035156,105.51456451416016,74.94462499999999,-66.69419444444443,21.7,1.0437404683942095,1.0016589889877952
SB86035_component_625a,81.646543,-65.488596,21.131000518798828,76.28519439697266,81.64720833333332,-65.48888888888888,21.4,1.0289136220955406,0.9874299307849921
SB86035_component_626a,70.90458,-62.690365,21.09000015258789,61.666664123535156,70.90233333333333,-62.690999999999995,21.1,1.0415179454110541,0.9995260735823644
SB86035_component_629a,80.11493,-62.919983,22.607999801635742,29.28497314453125,80.11266666666666,-62.920111111111105,24.8,0.9499113777436309,0.9116128952272476
SB86035_component_631a,78.14553,-70.218452,21.558000564575195,45.194969177246094,78.14587499999999,-70.21874999999999,23.5,0.9559017273019426,0.917361726152136
SB86035_component_632a,68.279324,-67.474303,23.242000579833984,122.97354888916016,68.27641666666666,-67.47425,19.4,1.2483731159240232,1.198041267001752
SB86035_component_634a,81.273073,-68.616633,20.881000518798828,76.2080307006836,81.27037499999999,-68.61694444444444,24.1,0.902831890757843,0.8664315567966319
SB86035_component_635a,83.046615,-68.506499,21.16699981689453,35.81556701660156,83.04458333333332,-68.50591666666666,27.5,0.8020459347496587,0.7697090842507103
SB86035_component_637a,70.216762,-62.958674,20.31800079345703,75.53160095214844,70.21470833333332,-62.958722222222214,18.9,1.120190276191202,1.0750264970083085
SB86035_component_638a,68.681954,-64.627394,21.849000930786133,109.24500274658203,68.68070833333333,-64.62847222222221,19.5,1.1675341744537189,1.1204615861941607
SB86035_component_640a,76.351524,-67.576452,22.354000091552734,91.61475372314453,76.34991666666666,-67.57652777777777,21.9,1.06361330947165,1.020730597787796
SB86035_component_643a,66.318339,-64.254122,20.16900062561035,36.01607131958008,66.31837499999999,-64.25466666666667,19.7,1.06681910099236,1.0238071383558554
SB86035_component_645a,76.992675,-62.633793,21.351999282836914,17.530376434326172,76.99304166666666,-62.63341666666666,21.1,1.0544566269597577,1.0119430939733134
SB86035_component_646a,68.474693,-66.931275,23.298999786376953,124.59357452392578,68.47387499999999,-66.9306111111111,23.1,1.0509884109838457,1.0086147093669675
SB86035_component_650a,77.565434,-69.669112,22.472999572753906,78.30313110351562,77.56333333333332,-69.66933333333333,21.1,1.1098166037408046,1.0650710697987633
SB86035_component_652a,66.492296,-65.435717,23.00200080871582,79.5916976928711,66.49199999999999,-65.43549999999999,22.3,1.074814164110596,1.031479856893086
SB86035_component_654a,81.044544,-64.770191,20.95400047302246,75.92029571533203,81.04362499999999,-64.76922222222221,20.3,1.0755820384075874,1.032216772070072
SB86035_component_670a,74.315542,-63.827782,20.20400047302246,116.11495208740234,74.31612499999999,-63.82791666666666,20.5,1.02696617282597,0.9855609986840225
SB86035_component_675a,80.107264,-70.714432,19.368999481201172,14.864927291870117,80.10416666666666,-70.71447222222221,19.2,1.0511836287085363,1.008802056312561
SB86035_component_678a,69.539326,-67.164459,21.381999969482422,114.95698547363281,69.53929166666666,-67.16516666666666,23.5,0.9480976977792879,0.9098723391269116
SB86035_component_681a,74.790291,-66.115057,19.29800033569336,104.31351470947266,74.79166666666666,-66.115,19.5,1.0312176269256383,0.9896410428560697
SB86035_component_685a,76.253607,-63.492711,20.400999069213867,103.03534698486328,76.25445833333332,-63.49213888888888,26.1,0.8144858774430943,0.7816474739162401
SB86035_component_686a,79.974729,-65.889794,18.457000732421875,75.9547348022461,79.97366666666666,-65.88974999999999,17.5,1.0989949845435871,1.0546857561383929
SB86035_component_689a,71.692466,-63.260405,20.093000411987305,84.78059387207031,71.68966666666665,-63.26152777777777,20.4,1.0263305476223172,0.9849510005876131
SB86035_component_691a,77.89092,-67.788682,19.4950008392334,82.95745086669922,77.88879166666666,-67.7893611111111,22.7,0.8948907740467873,0.8588106096578589
SB86035_component_692a,71.433692,-65.369786,20.2810001373291,117.91278839111328,71.43379166666666,-65.36941666666665,17.6,1.200740971612202,1.1523295532573352
SB86035_component_694a,74.582353,-66.23902,20.785999298095703,99.45453643798828,74.58258333333332,-66.23933333333332,23.2,0.9335886282739816,0.8959482456075735
SB86035_component_695a,81.390036,-68.688874,19.982999801635742,65.30392456054688,81.39074999999998,-68.68874999999998,21.1,0.9868493478410574,0.9470616019732578
SB86035_component_696a,79.358916,-70.504613,19.166000366210938,24.322336196899414,79.35820833333332,-70.50455555555554,24.4,0.8184917295730777,0.7854918182873335
SB86035_component_699a,77.1022,-69.08351,20.089000701904297,79.71825408935547,77.10158333333332,-69.08311111111111,19.6,1.06800895032974,1.0249490154032803
SB86035_component_701a,82.464512,-68.171628,18.75200080871582,47.95907974243164,82.46204166666665,-68.17238888888888,21.0,0.9304669421331909,0.8929524194626581
SB86035_component_702a,69.209353,-62.894022,19.191999435424805,46.582523345947266,69.20720833333333,-62.893805555555545,19.3,1.0361808050794483,0.9944041158251193
SB86035_component_703a,63.872937,-68.319847,21.1200008392334,37.314491271972656,63.875583333333324,-68.3193611111111,20.3,1.0841029417308188,1.0403941300114974
SB86035_component_707a,67.584185,-68.738285,18.527000427246094,69.38951873779297,67.58354166666666,-68.73783333333333,18.2,1.0607336668284928,1.017967056442093
SB86035_component_712a,66.770025,-63.092745,20.45800018310547,16.28821563720703,66.76987499999998,-63.09419444444443,25.0,0.852699089341812,0.8183200073242187
SB86035_component_719a,71.469573,-68.942837,19.163999557495117,97.27919006347656,71.46866666666666,-68.94277777777776,18.3,1.0912083789796194,1.0472130905735035
SB86035_component_720a,71.954314,-69.652709,20.740999221801758,66.90644836425781,71.955125,-69.65263888888887,20.6,1.0491439595268293,1.006844622417561
SB86035_component_723a,65.122111,-66.097108,18.207000732421875,33.71666717529297,65.12145833333332,-66.09783333333333,17.1,1.1094683791773232,1.0647368849369516
SB86035_component_726a,81.698668,-63.760005,21.183000564575195,54.455013275146484,81.69824999999999,-63.75999999999999,20.3,1.0873367573017159,1.0434975647573987
SB86035_component_727a,82.546233,-67.608895,18.27199935913086,38.9594841003418,82.54004166666665,-67.6093611111111,12.2,1.560626116294898,1.4977048655025296
SB86035_component_733a,80.970799,-64.263111,18.45199966430664,65.201416015625,80.96970833333333,-64.26327777777777,16.7,1.1513294046474556,1.1049101595393198
SB86035_component_734a,80.719059,-63.512526,19.381999969482422,55.85590744018555,80.716625,-63.51358333333332,20.5,0.9851840162521412,0.945463413145484
SB86035_component_735a,71.184414,-62.505531,19.75200080871582,47.595184326171875,71.18079166666666,-62.50641666666666,20.4,1.0089126258391763,0.9682353337605795
SB86035_component_737a,73.830476,-65.453835,19.506000518798828,116.80239868164062,73.83016666666666,-65.45313888888889,16.8,1.2098501408673223,1.161071459452311
SB86035_component_738a,66.585071,-65.70487,20.101999282836914,68.3741455078125,66.58383333333333,-65.70463888888888,19.3,1.08531192232892,1.0415543669863685
SB86035_component_739a,70.120397,-68.585331,18.628000259399414,95.04081726074219,70.12254166666666,-68.58447222222222,15.9,1.2207921856223203,1.1715723433584537
SB86035_component_742a,83.429177,-66.757261,19.634000778198242,38.42270278930664,83.42791666666666,-66.75883333333333,20.1,1.0178537385574875,0.9768159591143404
SB86035_component_743a,65.669756,-67.834572,18.40999984741211,73.34661865234375,65.66975,-67.83513888888888,17.9,1.0717003772934655,1.0284916115872689
SB86035_component_750a,72.441029,-64.732035,18.322999954223633,99.04324340820312,72.44133333333332,-64.73194444444444,20.4,0.9359206784210718,0.8981862722658644
SB86035_component_751a,76.823833,-67.879754,18.334999084472656,87.30952453613281,76.82266666666666,-67.87944444444443,14.1,1.354984757084182,1.3003545449980607
SB86035_component_752a,82.69483,-66.468268,16.639999389648438,43.90501022338867,82.69524999999999,-66.46922222222221,15.7,1.104399708397938,1.0598725725890725
SB86035_component_753a,82.546012,-63.240313,17.527000427246094,19.474445343017578,82.54454166666666,-63.240111111111105,18.2,1.0034802721954057,0.9630220014970382
SB86035_component_755a,73.326576,-64.471581,18.635000228881836,105.28248596191406,73.32516666666666,-64.47147222222222,17.1,1.1355491112322498,1.0897660952562476
SB86035_component_756a,73.666796,-63.705187,18.305999755859375,95.34375,73.66720833333332,-63.704444444444434,22.3,0.8553841898113226,0.820896850038537
SB86035_component_761a,74.332179,-63.202155,20.264999389648438,94.25580596923828,74.33329166666665,-63.201722222222216,19.4,1.0884725841631724,1.0445875974045586
SB86035_component_762a,78.563424,-64.898343,17.833999633789062,75.56779479980469,78.56266666666666,-64.89883333333333,19.4,0.9578988528009135,0.9192783316386115
SB86035_component_765a,67.385165,-66.824422,17.320999145507812,80.93924713134766,67.38425,-66.824,20.6,0.876149766563671,0.8408252012382432
SB86035_component_767a,70.792076,-62.914582,16.6299991607666,60.036094665527344,70.78820833333333,-62.91430555555555,16.4,1.0566253088735875,1.0140243390711343
SB86035_component_769a,78.636215,-64.394633,17.584999084472656,89.26395416259766,78.63579166666666,-64.39383333333332,14.7,1.2465153903500223,1.196258441120589
SB86035_component_773a,72.60672,-62.467764,17.673999786376953,34.654903411865234,72.60512499999999,-62.46799999999999,24.8,0.7426014523453448,0.7126612817087481
SB86035_component_774a,71.749219,-62.528232,17.131999969482422,41.990196228027344,71.74808333333333,-62.52844444444444,21.6,0.8264697140251843,0.7931481467352972
SB86035_component_776a,70.863454,-63.268253,19.093000411987305,82.65367889404297,70.86279166666665,-63.26849999999999,20.0,0.9947565694586543,0.9546500205993652
SB86035_component_778a,62.834485,-68.091919,19.417999267578125,17.84742546081543,62.83149999999999,-68.09147222222221,21.1,0.9589471102341207,0.9202843254776362
SB86035_component_781a,77.052039,-62.988188,17.663999557495117,44.04987335205078,77.05183333333332,-62.988805555555544,23.3,0.7899611872035949,0.7581115689912067
SB86035_component_788a,70.514723,-62.324254,16.676000595092773,27.518152236938477,70.514,-62.324749999999995,18.2,0.9547576429724409,0.9162637689611415
SB86035_component_790a,65.068243,-65.885025,18.715999603271484,29.017053604125977,65.07041666666666,-65.88594444444443,15.1,1.2915425234798816,1.2394701724020851
SB86035_component_795a,80.086063,-69.927151,16.84000015258789,41.58024597167969,80.08245833333332,-69.92713888888888,13.9,1.2624085304535224,1.2115108023444525
SB86035_component_796a,81.543852,-66.624059,16.378000259399414,51.50314712524414,81.54308333333333,-66.62438888888887,20.2,0.8448549129292069,0.810792092049476
SB86035_component_797a,83.901559,-65.340572,19.006000518798828,32.54452133178711,83.90249999999999,-65.34113888888888,20.0,0.9902238237704961,0.9503000259399415
SB86035_component_798a,83.358079,-65.220527,17.753000259399414,39.715885162353516,83.35804166666665,-65.22152777777777,16.6,1.1143876772206613,1.069457846951772
SB86035_component_800a,76.932368,-67.928113,18.874000549316406,86.18265533447266,76.93108333333332,-67.92894444444444,18.6,1.0573618791367243,1.014731212328839
SB86035_component_801a,75.15015,-64.517292,16.82699966430664,100.16071319580078,75.15033333333332,-64.51602777777777,13.1,1.338468084835035,1.2845037911684458
SB86035_component_803a,80.475534,-68.614365,17.63800048828125,73.49166870117188,80.47270833333333,-68.61380555555554,16.5,1.1138790500238485,1.0689697265625
SB86035_component_805a,72.0174,-62.094351,17.267000198364258,17.11298370361328,72.01595833333333,-62.09524999999999,19.7,0.9133206929977182,0.8764974719981857
SB86035_component_806a,75.166345,-70.053189,17.086000442504883,41.07211685180664,75.16866666666665,-70.05369444444443,16.3,1.09225851373326,1.0482208860432443
SB86035_component_807a,80.534873,-65.649606,15.755000114440918,60.363983154296875,80.53520833333333,-65.65027777777777,14.1,1.1643188474989217,1.1173758946411998
SB86035_component_809a,80.590897,-64.599712,16.426000595092773,73.33036041259766,80.59095833333332,-64.59883333333333,11.8,1.4505157759760914,1.3920339487366757
SB86035_component_810a,80.830374,-67.926263,14.694999694824219,28.92716407775879,80.82912499999999,-67.92666666666666,19.1,0.8016943886506668,0.7693717117709015
SB86035_component_812a,77.340211,-65.482469,16.441999435424805,100.87116241455078,77.33958333333332,-65.48205555555555,13.1,1.307844056232622,1.2551144607194509
SB86035_component_813a,68.26877,-66.151039,16.04400062561035,81.4416275024414,68.26754166666666,-66.15077777777778,18.1,0.9236484910204684,0.8864088743431133
SB86035_component_816a,75.835828,-63.115309,17.702999114990234,67.05681610107422,75.83675,-63.115111111111105,18.1,1.0191565558154154,0.9780662494469742
SB86035_component_817a,82.60126,-68.22379,17.583999633789062,45.087181091308594,82.59787499999999,-68.22397222222222,17.3,1.0591176184252702,1.016416163802836
SB86035_component_818a,76.850785,-66.350602,15.895000457763672,87.33516693115234,76.85012499999999,-66.35175,17.3,0.9573859975148126,0.9187861536279579
SB86035_component_819a,70.024977,-66.359895,16.729999542236328,74.35555267333984,70.023625,-66.35866666666666,13.7,1.272471287682847,1.221167849798272
SB86035_component_820a,71.611718,-68.302022,17.625,101.29310607910156,71.61237499999999,-68.30258333333333,15.9,1.1550602304043078,1.1084905660377358
SB86035_component_821a,66.855213,-66.352429,16.013999938964844,71.81166076660156,66.85337499999999,-66.35202777777776,15.7,1.0628520139177138,1.0199999961124104
SB86035_component_823a,76.213691,-64.20735,16.722000122070312,83.19403076171875,76.21487499999999,-64.20683333333332,19.3,0.9028249301134853,0.8664248767912078
SB86035_component_826a,65.189427,-68.429971,16.9950008392334,49.838714599609375,65.18479166666665,-68.431,15.9,1.1137730261041892,1.0688679773102767
SB86035_component_829a,82.852427,-64.513608,16.018999099731445,41.499996185302734,82.85012499999999,-64.51366666666665,19.0,0.8785255685751909,0.8431052157753393
SB86035_component_830a,66.30264,-68.127584,16.895999908447266,72.20513153076172,66.30170833333332,-68.127,14.6,1.205878834158671,1.1572602677018675
SB86035_component_831a,71.126242,-68.801745,15.977999687194824,85.9032211303711,71.12529166666666,-68.80149999999999,14.1,1.1807988604253319,1.1331914671769379
SB86035_component_836a,70.700475,-62.83498,17.209999084472656,58.33898162841797,70.697375,-62.835333333333324,16.7,1.0738336419026653,1.030538867333692
SB86035_component_838a,82.024893,-68.768845,17.079999923706055,49.94152069091797,82.02308333333332,-68.76897222222222,16.3,1.0918749179486942,1.0478527560555861
SB86035_component_842a,77.162858,-66.485513,15.282999992370605,80.86243438720703,77.16241666666666,-66.4861111111111,19.3,0.8251329565430062,0.7918652845787878
SB86035_component_844a,69.63981,-62.548867,15.972999572753906,33.769554138183594,69.63741666666665,-62.549833333333325,11.7,1.422568696909127,1.3652136386969151
SB86035_component_846a,82.106172,-65.968811,16.010000228881836,44.97190856933594,82.10587499999998,-65.96963888888888,17.3,0.9643126516459964,0.9254335392417246
SB86035_component_847a,67.04159,-64.707167,16.452999114990234,49.85757064819336,67.04249999999999,-64.70763888888888,17.1,1.002585902476976,0.9621636909351013
SB86035_component_850a,81.747823,-68.497528,15.824000358581543,55.71830749511719,81.74558333333333,-68.4978611111111,18.5,0.8912862063304019,0.8553513707341375
SB86035_component_852a,83.465955,-63.372702,15.32699966430664,12.471115112304688,83.46591666666666,-63.372361111111104,17.3,0.9231742334020625,0.885953737821193
SB86035_component_854a,82.926964,-68.581554,16.827999114990234,31.45420265197754,82.92358333333333,-68.58224999999999,19.9,0.8811544397350307,0.8456280962306651
SB86035_component_858a,73.257296,-62.5485,14.723999977111816,30.547718048095703,73.25474999999999,-62.54802777777777,11.2,1.3698733445591147,1.3146428550992695
SB86035_component_859a,81.982898,-66.122999,15.10200023651123,31.074073791503906,81.98087499999998,-66.12349999999999,17.1,0.9202609463787785,0.8831579085679081
SB86035_component_860a,83.154949,-65.820589,16.75,40.07176971435547,83.15629166666666,-65.82013888888888,17.1,1.0206840557834258,0.97953216374269
SB86035_component_863a,69.382873,-66.646863,15.871999740600586,72.80734252929688,69.38020833333333,-66.64763888888888,11.4,1.450772871817584,1.3922806790000513
SB86035_component_869a,80.130358,-65.781381,14.968000411987305,58.24124526977539,80.13099999999999,-65.78091666666666,13.6,1.1468259402275058,1.1005882655873018
SB86035_component_870a,67.949684,-64.698321,16.937999725341797,74.61673736572266,67.95045833333333,-64.69797222222222,15.2,1.1611575843931627,1.1143420871935392
SB86035_component_871a,75.224722,-64.127734,16.344999313354492,95.02906036376953,75.22649999999999,-64.12841666666665,15.2,1.120505385958118,1.0753289021943746
SB86035_component_872a,65.930765,-67.804489,15.333000183105469,62.84016418457031,65.92891666666665,-67.8056111111111,12.4,1.2884811975116213,1.2365322728310861
SB86035_component_877a,73.90288,-63.414299,15.677000045776367,78.38500213623047,73.90479166666665,-63.41324999999999,16.7,0.9781807640218202,0.9387425177111598
SB86035_component_884a,77.377647,-68.416436,14.472000122070312,66.38532257080078,77.37987499999998,-68.41608333333332,7.0,2.154284948709336,2.0674285888671875
SB86035_component_887a,80.260649,-70.539807,13.088000297546387,13.220202445983887,80.25966666666666,-70.54058333333333,11.4,1.1963026769368057,1.1480702015391566
SB86035_component_889a,75.891204,-70.596774,15.39900016784668,16.09090805053711,75.89049999999999,-70.59719444444444,13.2,1.2156014856725403,1.1665909218065666
SB86035_component_890a,80.486083,-65.474909,14.260000228881836,49.342559814453125,80.48620833333332,-65.47494444444443,14.6,1.0177457708501314,0.9767123444439614
SB86035_component_892a,73.412653,-65.243926,14.6850004196167,90.64814758300781,73.41270833333333,-65.24419444444443,12.4,1.2340276984392595,1.1842742273884435
SB86035_component_895a,64.208153,-67.951947,15.125,34.45330047607422,64.21170833333332,-67.95180555555555,18.3,0.8612255851160128,0.8265027322404371
SB86035_component_898a,70.774617,-66.454614,15.086000442504883,78.98429870605469,70.774875,-66.45405555555554,14.2,1.1070274795216741,1.062394397359499
SB86035_component_904a,67.483872,-67.655359,15.22700023651123,68.28250885009766,67.48120833333333,-67.65491666666665,13.6,1.1666701217549549,1.1196323703317081
SB86035_component_905a,78.649107,-62.661741,15.503000259399414,18.655838012695312,78.64804166666666,-62.66174999999999,18.1,0.8925032558916057,0.8565193513480338
SB86035_component_908a,72.016895,-64.869633,14.628999710083008,84.5606918334961,72.01595833333333,-64.86925,13.5,1.1291548193699488,1.0836296081542969
SB86035_component_911a,73.526424,-64.862659,15.223999977111816,70.8093032836914,73.52574999999999,-64.86277777777777,17.2,0.9223015901292544,0.8851162777390591
SB86035_component_913a,84.199103,-64.546345,15.20300006866455,19.899215698242188,84.19908333333332,-64.54666666666665,18.5,0.8563083890915372,0.8217837874953812
SB86035_component_917a,65.670393,-68.81014,14.968000411987305,42.044944763183594,65.66775,-68.81022222222221,12.2,1.2784289169749246,1.2268852796710905
SB86035_component_921a,79.425661,-68.929367,13.16100025177002,56.484981536865234,79.42333333333332,-68.92941666666665,12.3,1.1149526284137878,1.0700000204691071
SB86035_component_922a,81.562301,-69.170017,15.097999572753906,43.38505935668945,81.56429166666666,-69.16966666666666,14.6,1.0775543455003338,1.0341095597776648
SB86035_component_931a,75.498231,-68.132349,14.67300033569336,76.82199096679688,75.50120833333332,-68.13247222222222,17.6,0.8687181381710137,0.8336932008916681
SB86035_component_932a,76.416419,-64.86466,13.845999717712402,76.49723815917969,76.41429166666666,-64.8636111111111,9.9,1.4573429135238343,1.3985858300719598
SB86035_component_936a,70.421409,-70.111549,15.54699993133545,21.744056701660156,70.42145833333332,-70.11194444444443,12.0,1.3500130923511438,1.2955833276112874
SB86035_component_937a,80.851002,-64.87965,13.984999656677246,54.628902435302734,80.85145833333333,-64.88,19.2,0.7589861676056976,0.7283853987852733
SB86035_component_940a,71.034684,-64.917565,13.60200023651123,75.14917755126953,71.03245833333332,-64.91824999999999,13.5,1.0498847784884324,1.007555573074906
SB86035_component_941a,67.905761,-67.765276,15.038000106811523,77.91709899902344,67.90329166666666,-67.76586111111111,15.9,0.9855203329471617,0.9457861702397184
SB86035_component_942a,81.688649,-68.381706,14.156000137329102,45.81230163574219,81.68779166666666,-68.38175,12.1,1.2190676804670564,1.1699173667214133
SB86035_component_943a,73.350586,-69.50501,13.444000244140625,47.00699234008789,73.35233333333332,-69.50516666666665,15.4,0.9096627698660293,0.8729870288403003
SB86035_component_947a,69.920601,-64.370546,13.892000198364258,75.5,69.91812499999999,-64.37005555555555,13.0,1.1135098374398213,1.0686153998741736
SB86035_component_948a,79.34347,-65.078177,15.022000312805176,59.848609924316406,79.34345833333332,-65.0791111111111,11.9,1.3153866655454227,1.2623529674626197
SB86035_component_949a,74.360341,-68.487336,13.96500015258789,55.637454986572266,74.35679166666665,-68.48666666666666,11.1,1.3109634864078992,1.258108121854765
SB86035_component_951a,82.972373,-65.992819,12.371999740600586,33.619564056396484,82.97216666666665,-65.99397222222221,12.3,1.048111341511611,1.005853637447202
SB86035_component_952a,71.953209,-63.048596,13.414999961853027,54.092742919921875,71.952125,-63.04874999999999,12.9,1.0836114744265508,1.0399224776630254
SB86035_component_953a,68.637057,-64.00746,13.9350004196167,61.38766860961914,68.64075,-64.00702777777776,14.1,1.0298180584329915,0.9882979021004752
SB86035_component_955a,83.92254,-64.052516,15.39900016784668,18.05275535583496,83.92187499999999,-64.05158333333333,13.9,1.1543841446674483,1.1078417386940056
SB86035_component_957a,84.45596,-64.342774,14.32699966430664,13.909708976745605,84.45316666666666,-64.34255555555555,13.1,1.1396108744682059,1.0936640965119573
SB86035_component_958a,80.062702,-64.069536,14.03499984741211,50.125,80.06441666666666,-64.0701111111111,11.6,1.2607444143011617,1.2099137799493198
SB86035_component_962a,82.390089,-69.169438,13.62399959564209,29.942855834960938,82.39116666666665,-69.17072222222221,17.4,0.8158832241960766,0.7829884825081661
SB86035_component_963a,66.138234,-63.929287,13.711000442504883,15.7960844039917,66.1385,-63.928999999999995,16.0,0.892939000532173,0.8569375276565552
SB86035_component_964a,67.953654,-67.167911,14.315999984741211,64.77828216552734,67.95283333333333,-67.16827777777777,10.8,1.38124450553931,1.3255555541427047
SB86035_component_965a,80.437684,-70.34672,13.739999771118164,19.684812545776367,80.43608333333333,-70.34691666666666,13.9,1.0300173849359167,0.9884891921667743
SB86035_component_975a,78.868247,-62.686706,13.925999641418457,17.277915954589844,78.86808333333332,-62.686472222222214,13.6,1.0669893902185694,1.0239705618690043
SB86035_component_976a,70.336788,-61.866848,11.989999771118164,19.883913040161133,70.334375,-61.86744444444444,22.0,0.5678964105247918,0.5449999895962802
SB86035_component_980a,81.955515,-66.025093,12.581999778747559,36.57558059692383,81.95204166666666,-66.026,14.5,0.90417875962966,0.8677241226722454
SB86035_component_984a,81.202936,-65.266227,12.887999534606934,56.0347785949707,81.20191666666666,-65.26724999999999,12.4,1.0830199488405847,1.0393548011779785
SB86035_component_986a,74.12921,-67.381316,13.871999740600586,81.122802734375,74.12912499999999,-67.38175,14.0,1.0324847981482923,0.9908571243286133
SB86035_component_988a,80.24796,-66.246429,13.95300006866455,58.38075637817383,80.24849999999999,-66.2465,10.8,1.346221339841732,1.291944450802273
SB86035_component_990a,79.262752,-64.491481,14.480999946594238,62.41810607910156,79.26245833333333,-64.49149999999999,12.7,1.188139571980954,1.140236216267263
SB86035_component_994a,71.468857,-63.349334,13.253999710083008,58.646018981933594,71.46708333333332,-63.34874999999999,14.0,0.9864874186286648,0.9467142650059291
SB86035_component_996a,69.25298,-68.259635,13.017000198364258,64.76119232177734,69.25362499999999,-68.25930555555554,14.0,0.9688476840846976,0.9297857284545898
SB86035_component_1010a,80.961093,-65.913964,12.814000129699707,46.76642608642578,80.961125,-65.91591666666666,10.3,1.2963436032839892,1.2440776824951172
SB86035_component_1013a,74.824181,-62.74474,13.218999862670898,34.33506393432617,74.82404166666666,-62.74466666666666,15.4,0.8944385459362604,0.8583766144591493
SB86035_component_1014a,70.373853,-67.997166,12.661999702453613,66.99470520019531,70.37283333333332,-67.99672222222222,13.1,1.007171975398218,0.9665648627827186
SB86035_component_1015a,73.26417,-69.011775,12.9399995803833,60.18604278564453,73.26499999999999,-69.01124999999999,9.7,1.3900651573199505,1.3340205752972476
SB86035_component_1019a,69.697817,-62.275714,11.031999588012695,17.130434036254883,69.69483333333332,-62.27466666666666,15.2,0.756281154821231,0.7257894465797826
SB86035_component_1021a,77.830374,-66.564132,13.079000473022461,58.38839340209961,77.82870833333332,-66.56388888888888,13.7,0.9947790214515931,0.9546715673739024
SB86035_component_1026a,70.290716,-65.810281,12.17199993133545,67.24861907958984,70.29312499999999,-65.81122222222221,12.8,0.9908880736622152,0.950937494635582
SB86035_component_1027a,79.971008,-63.398978,13.604000091552734,38.1064453125,79.97154166666665,-63.39897222222221,14.0,1.0125377415792873,0.9717142922537667
SB86035_component_1028a,71.560055,-68.379575,12.840999603271484,75.98224639892578,71.56062499999999,-68.37897222222222,14.7,0.9102362505716585,0.873537387977652
SB86035_component_1029a,75.545354,-64.416987,12.149999618530273,75.0,75.54604166666665,-64.41672222222222,11.1,1.1405804286232961,1.0945945602279525
SB86035_component_1033a,75.919333,-67.591907,12.184000015258789,60.01970672607422,75.91895833333332,-67.59322222222221,8.5,1.4936319496133328,1.433411766501034
SB86035_component_1036a,75.699894,-63.412234,12.484000205993652,58.88679504394531,75.70312499999999,-63.41208333333333,11.1,1.1719347121763928,1.1246847032426714
SB86035_component_1037a,72.435164,-64.37159,12.284000396728516,63.31958770751953,72.43291666666666,-64.37072222222221,7.9,1.620262423726772,1.5549367590795589
SB86035_component_1040a,73.737547,-68.255064,12.343000411987305,60.20975875854492,73.73845833333333,-68.25552777777777,14.3,0.8994092208740101,0.8631468819571542
SB86035_component_1043a,66.295435,-65.372169,12.355999946594238,36.02332305908203,66.29575,-65.37305555555555,13.7,0.9397881406367501,0.9018978063207473
SB86035_component_1044a,68.743885,-67.026617,13.576000213623047,68.56565856933594,68.74466666666666,-67.02691666666666,12.9,1.096616448015791,1.0524031173351198
SB86035_component_1045a,67.890517,-65.979407,11.83899974822998,59.19499969482422,67.88887499999998,-65.9798611111111,12.7,0.9713682857137805,0.9322047045850379
SB86035_component_1046a,67.285082,-63.347544,12.527999877929688,17.595504760742188,67.28379166666666,-63.34816666666666,10.1,1.2925072754191702,1.240396027517791
SB86035_component_1050a,75.780536,-63.226384,12.246000289916992,48.40316390991211,75.78345833333333,-63.22494444444444,12.0,1.0633730490345323,1.0205000241597493
SB86035_component_1055a,79.395196,-64.686096,12.684000015258789,60.98076629638672,79.39358333333332,-64.68466666666666,8.8,1.501917893508457,1.4413636380975896
SB86035_component_1057a,79.826864,-69.788576,12.854999542236328,34.649593353271484,79.82804166666665,-69.7883611111111,12.8,1.0464891394341045,1.0042968392372131
SB86035_component_1058a,71.552738,-68.987988,11.829000473022461,58.850746154785156,71.55208333333333,-68.98838888888888,11.2,1.1005319523200086,1.0561607565198627
SB86035_component_1059a,69.209215,-63.369092,12.692000389099121,48.81538772583008,69.20908333333333,-63.36747222222221,12.2,1.0840339300556583,1.0403279007458297
SB86035_component_1060a,84.491093,-66.339505,11.559000015258789,13.66312026977539,84.48991666666666,-66.33927777777777,8.3,1.4511583382845739,1.3926506042480467
SB86035_component_1066a,74.567468,-70.533361,13.246999740600586,14.430283546447754,74.56183333333333,-70.53263888888888,13.6,1.0149654272150535,0.9740440985735725
SB86035_component_1068a,68.901493,-62.772905,12.583999633789062,22.59246063232422,68.90116666666665,-62.773111111111106,10.9,1.202997787811583,1.154495379246703
SB86035_component_1070a,76.044039,-63.33239,11.855999946594238,50.66666793823242,76.04608333333333,-63.33124999999999,15.8,0.7819045338963533,0.7503797434553315
SB86035_component_1071a,66.658487,-68.797973,12.276000022888184,40.649009704589844,66.65883333333332,-68.79822222222221,10.0,1.279173666363689,1.2276000022888183
SB86035_component_1073a,78.261874,-70.42432,11.550000190734863,16.290550231933594,78.26054166666665,-70.42591666666665,15.7,0.7665755595267008,0.7356688019576346
SB86035_component_1074a,66.558129,-64.041593,13.444000244140625,23.29982566833496,66.558375,-64.04199999999999,17.2,0.8144655032521426,0.7816279211709666
SB86035_component_1077a,72.540565,-63.17006,11.718999862670898,51.39912033081055,72.53958333333333,-63.17130555555555,6.6,1.8502024142325961,1.775606039798621
SB86035_component_1078a,84.352103,-65.101702,11.489999771118164,15.5480375289917,84.35079166666665,-65.10272222222221,12.7,0.9427334756208131,0.9047243914266272
SB86035_component_1082a,69.77136,-68.720002,11.88700008392334,57.70388412475586,69.77074999999999,-68.72008333333332,10.6,1.1685277494257464,1.121415102256919
SB86035_component_1084a,75.987864,-63.789226,12.355999946594238,69.80790710449219,75.98825,-63.78988888888888,14.6,0.8818559949810599,0.8463013662050848
SB86035_component_1085a,69.732397,-63.638071,11.923999786376953,54.949310302734375,69.7315,-63.63899999999999,15.0,0.8283298846541328,0.7949333190917969
SB86035_component_1089a,72.350484,-67.841781,11.793000221252441,70.61676788330078,72.35037499999999,-67.8426111111111,12.9,0.9525926495715634,0.9141860636629799
SB86035_component_1091a,82.772379,-67.331082,11.319000244140625,26.262182235717773,82.77387499999999,-67.33011111111111,11.3,1.0437638600444434,1.0016814375345686
SB86035_component_1100a,70.308221,-69.692592,11.394000053405762,29.594806671142578,70.309625,-69.69205555555554,12.0,0.9893901919523665,0.9495000044504801
SB86035_component_1103a,67.835715,-65.503292,11.684000015258789,61.4947395324707,67.83320833333333,-65.50416666666666,15.5,0.7854752051969186,0.7538064525973412
SB86035_component_1108a,72.972909,-65.66843,11.868000030517578,67.43181610107422,72.97395833333333,-65.66819444444444,11.6,1.066085850379255,1.0231034509066879
SB86035_component_1110a,76.963613,-63.353181,11.527000427246094,51.45982360839844,76.96574999999999,-63.35319444444443,12.8,0.9383804890643188,0.9005469083786011
SB86035_component_1112a,69.045914,-68.768824,11.73799991607666,55.895240783691406,69.04654166666666,-68.76877777777777,13.2,0.9266010767764158,0.8892424178845955
SB86035_component_1113a,66.248649,-68.278235,11.246999740600586,49.32894515991211,66.25045833333333,-68.27783333333332,12.3,0.9528053858114113,0.9143902228130557
SB86035_component_1114a,65.658395,-65.474766,11.602999687194824,24.687232971191406,65.65916666666666,-65.4728611111111,12.2,0.9910215069129201,0.9510655481307233
SB86035_component_1115a,79.042137,-65.37259,11.333999633789062,51.51818084716797,79.04283333333332,-65.37291666666665,10.4,1.135592419158031,1.089807657095102
SB86035_component_1120a,78.82805,-62.87527,11.418999671936035,17.567691802978516,78.82849999999999,-62.875722222222215,12.9,0.9223823411232949,0.8851937730182973
SB86035_component_1122a,77.555492,-63.255081,12.123000144958496,42.68661880493164,77.55504166666665,-63.25594444444444,7.4,1.7070687821811215,1.6382432628322292
SB86035_component_1129a,78.833468,-69.747632,11.652999877929688,39.77132797241211,78.83245833333332,-69.7478611111111,12.0,1.0118802643501423,0.9710833231608073
SB86035_component_1130a,72.848133,-62.815599,12.531999588012695,39.28526306152344,72.84887499999999,-62.816305555555545,13.7,0.9531745420997071,0.9147444954753793
SB86035_component_1131a,72.522185,-65.004267,11.112000465393066,58.484214782714844,72.52370833333332,-65.00458333333333,8.5,1.3622159306010786,1.3072941723991842
SB86035_component_1140a,81.885175,-67.912441,10.998000144958496,32.157894134521484,81.88266666666665,-67.91191666666666,7.5,1.5280060977370455,1.4664000193277995
SB86035_component_1142a,82.438231,-65.108532,11.015999794006348,24.810810089111328,82.43974999999999,-65.11066666666666,10.5,1.0932191980393682,1.049142837524414
SB86035_component_1144a,76.671454,-68.337293,11.157999992370605,53.644229888916016,76.67016666666666,-68.3367222222222,13.4,0.8676692133732099,0.8326865665948213
SB86035_component_1145a,81.661745,-68.855035,10.873000144958496,21.361494064331055,81.66320833333333,-68.8558611111111,11.3,1.002636660198015,0.9622124022087164
SB86035_component_1154a,75.32554,-63.192522,10.897000312805176,48.0044059753418,75.32620833333333,-63.19222222222221,16.3,0.6966136636755533,0.6685276265524648
SB86035_component_1159a,82.602232,-67.183813,10.543000221252441,28.49459457397461,82.60649999999998,-67.18497222222221,11.5,0.9552983001365598,0.9167826279349949
SB86035_component_1163a,76.806622,-66.453663,11.397000312805176,55.86764907836914,76.80520833333333,-66.45330555555554,19.1,0.6217700842446393,0.5967015870578626
SB86035_component_1167a,80.343146,-67.210256,10.33899974822998,34.69462966918945,80.34029166666666,-67.21016666666665,8.1,1.3300443895162637,1.2764197220037012
SB86035_component_1170a,75.059794,-64.699376,10.534000396728516,62.331363677978516,75.06041666666665,-64.69819444444444,11.2,0.9800493328908639,0.9405357497079032
SB86035_component_1171a,84.007328,-66.507778,9.878999710083008,16.19508171081543,84.00795833333332,-66.50891666666666,12.7,0.8105538657845619,0.7778739929199219
SB86035_component_1181a,73.268359,-69.204165,10.82800006866455,30.50140953063965,73.26754166666666,-69.2045,11.0,1.0257185136848983,0.9843636426058683
SB86035_component_1183a,78.024813,-70.609793,10.003999710083008,11.240448951721191,78.02366666666666,-70.60974999999999,12.6,0.8273242514487467,0.7939682309589688
SB86035_component_1185a,76.609852,-64.250062,10.743000030517578,57.449195861816406,76.61124999999998,-64.25047222222221,9.8,1.1422788376823367,1.096224492909957
SB86035_component_1187a,78.242727,-67.40268,10.218999862670898,25.046567916870117,78.24208333333333,-67.4018611111111,7.8,1.3651690077502383,1.3101281875219102
SB86035_component_1189a,66.206229,-63.931389,10.359999656677246,11.81299877166748,66.205,-63.9328611111111,15.1,0.7149166693451307,0.6860926924951819
SB86035_component_1192a,81.216297,-70.38906,11.289999961853027,12.44762897491455,81.21166666666666,-70.38916666666665,10.0,1.1764312982667864,1.1289999961853028
SB86035_component_1196a,67.460933,-64.274987,11.861000061035156,40.48122787475586,67.46058333333332,-64.27602777777777,16.3,0.758239375075017,0.7276687154009298
SB86035_component_1200a,73.726184,-66.50406,10.260000228881836,48.16901397705078,73.72604166666666,-66.50291666666666,12.9,0.8287628779165255,0.7953488549520803
SB86035_component_1203a,71.841985,-62.982428,11.128999710083008,43.98814392089844,71.83879166666665,-62.983999999999995,10.8,1.0737545206820984,1.030462936118797
SB86035_component_1206a,84.516586,-65.35945,11.302000045776367,12.961009979248047,84.51566666666666,-65.36038888888888,16.2,0.7269640254015333,0.697654323813356
SB86035_component_1208a,84.457349,-66.499408,10.154000282287598,11.7659330368042,84.45695833333332,-66.49858333333333,7.4,1.4298091799792514,1.3721622003091347
SB86035_component_1210a,74.984735,-64.377361,10.302000045776367,58.86857223510742,74.98804166666666,-64.37616666666666,9.7,1.106680972080686,1.0620618603893164
SB86035_component_1213a,81.183822,-63.075401,11.744999885559082,15.65999984741211,81.18495833333333,-63.07516666666666,10.9,1.1227915838647033,1.0775229252806497
SB86035_component_1216a,83.610485,-68.279489,10.66100025177002,16.55434799194336,83.61004166666666,-68.27944444444444,12.0,0.9257406561403443,0.8884166876475016
SB86035_component_1220a,69.851933,-66.810251,10.67300033569336,58.966854095458984,69.84941666666666,-66.81074999999998,8.5,1.308399070884836,1.2556470983168657
SB86035_component_1221a,73.037181,-62.135879,10.697999954223633,11.89988899230957,73.03325,-62.13541666666666,9.8,1.1374940815901236,1.0916326483901666
SB86035_component_1223a,82.960089,-68.103368,10.928999900817871,25.06651496887207,82.96116666666666,-68.10308333333333,9.6,1.1862652776718965,1.1384374896685283
SB86035_component_1227a,70.370539,-63.207598,10.854000091552734,43.41600036621094,70.36954166666666,-63.207361111111105,7.5,1.5079994640965353,1.4472000122070312
SB86035_component_1228a,79.031201,-69.753019,10.003000259399414,35.85304641723633,79.03170833333333,-69.75330555555554,10.8,0.965115197117227,0.9262037277221679
SB86035_component_1230a,83.49314,-65.205176,9.916000366210938,21.65065574645996,83.49533333333332,-65.20527777777777,9.6,1.0763113765732177,1.0329167048136394
SB86035_component_1231a,83.051151,-69.525359,9.758999824523926,12.674026489257812,83.05033333333333,-69.52697222222221,10.3,0.9872808544499085,0.9474757111188277
SB86035_component_1232a,71.307683,-62.733716,10.267999649047852,31.30487632751465,71.30483333333332,-62.733055555555545,11.2,0.9553014834989209,0.9167856829507011
SB86035_component_1233a,71.561154,-63.367698,9.557000160217285,44.658878326416016,71.56070833333332,-63.36752777777777,14.2,0.7013032937043249,0.673028180296992
SB86035_component_1234a,78.571755,-70.315849,11.006999969482422,18.751277923583984,78.57408333333332,-70.31591666666665,12.9,0.8891026090093491,0.8532558115877846
SB86035_component_1239a,77.750086,-63.532953,10.288999557495117,45.32598876953125,77.74679166666665,-63.53283333333332,8.1,1.3236121934836607,1.2702468589500144
SB86035_component_1244a,77.467923,-68.142723,10.763999938964844,46.0,77.46524999999998,-68.14177777777778,14.4,0.7789038028692109,0.7474999957614474
SB86035_component_1248a,85.093388,-65.779559,10.663999557495117,11.629225730895996,85.09499999999998,-65.77958333333332,8.3,1.3387967693480083,1.2848192237945923
SB86035_component_1256a,81.682874,-64.989813,9.555000305175781,21.42376708984375,81.68354166666666,-64.99072222222222,10.2,0.9761198919691402,0.9367647358015473
SB86035_component_1257a,70.4898,-64.083173,10.748000144958496,55.689117431640625,70.48933333333332,-64.08408333333333,8.7,1.2873037686721032,1.235402315512471
SB86035_component_1262a,68.40181,-65.288668,9.748000144958496,54.155555725097656,68.3975,-65.28774999999999,7.1,1.4306381697359314,1.3729577668955628
SB86035_component_1264a,79.94218,-63.301222,9.729999542236328,24.26433753967285,79.94095833333333,-63.301333333333325,7.6,1.3340492322368045,1.2802630976626748
SB86035_component_1265a,67.387656,-67.080143,10.147000312805176,46.545875549316406,67.38979166666665,-67.08002777777777,12.2,0.8666634328827773,0.8317213371151784
SB86035_component_1271a,68.254064,-65.276072,10.041000366210938,52.84737014770508,68.25625,-65.27463888888889,8.7,1.2026253664245017,1.154137973127694
SB86035_component_1274a,81.83315,-66.384964,9.880000114440918,28.47262191772461,81.83604166666666,-66.38466666666666,10.1,1.0193145077813828,0.9782178331129622
SB86035_component_1277a,74.044489,-69.392262,8.96399974822998,32.014286041259766,74.04304166666665,-69.39247222222221,11.9,0.7849238112931708,0.7532772897672252
SB86035_component_1278a,69.900383,-64.455769,9.484000205993652,46.2634162902832,69.89729166666666,-64.45505555555555,11.8,0.8374949117111362,0.8037288310164111
SB86035_component_1281a,69.928596,-65.662036,10.718000411987305,57.31550979614258,69.92808333333332,-65.66127777777777,9.2,1.2139437730679128,1.1650000447812288
SB86035_component_1283a,66.878146,-66.142914,9.545000076293945,41.142242431640625,66.87895833333333,-66.1411111111111,10.2,0.9750982884082782,0.9357843212052889
SB86035_component_1284a,74.139108,-68.39261,9.416999816894531,35.40225601196289,74.13874999999999,-68.39238888888887,10.2,0.9620220356205835,0.9232352761661305
SB86035_component_1285a,66.443369,-67.01292,9.562999725341797,39.032649993896484,66.44245833333332,-67.01230555555554,11.1,0.897725980914411,0.8615315067875493
SB86035_component_1297a,75.672767,-63.515158,10.038000106811523,51.476924896240234,75.67291666666665,-63.51449999999999,13.8,0.7579503175542717,0.7273913120877915
SB86035_component_1305a,80.191091,-68.919488,9.718000411987305,38.56349182128906,80.19337499999999,-68.92033333333332,11.8,0.8581585533815772,0.8235593569480766
SB86035_component_1307a,73.741978,-65.478755,9.34000015258789,53.67816162109375,73.74191666666665,-65.47899999999998,14.7,0.6620673609447334,0.6353741600399926
SB86035_component_1308a,70.735489,-69.488804,9.720999717712402,33.06462478637695,70.73608333333333,-69.48847222222221,8.3,1.2204091857598733,1.1712047852665544
SB86035_component_1310a,82.320879,-65.625679,8.937000274658203,27.498462677001953,82.31795833333332,-65.62502777777777,13.2,0.7054893624856396,0.6770454753528942
SB86035_component_1311a,82.792286,-63.343213,8.998000144958496,11.361111640930176,82.78895833333333,-63.342499999999994,12.0,0.7813351806986227,0.749833345413208
SB86035_component_1312a,76.634643,-65.336974,10.03499984741211,56.06145095825195,76.63145833333333,-65.33627777777777,9.6,1.089227924646327,1.0453124841054282
SB86035_component_1314a,73.775911,-69.284343,9.565999984741211,38.88617706298828,73.77562499999999,-69.28288888888888,8.9,1.1199870442465365,1.0748314589596866
SB86035_component_1317a,69.447104,-67.679276,9.25100040435791,44.26315689086914,69.44699999999999,-67.67802777777777,8.5,1.1340766376009686,1.0883529887479895
SB86035_component_1318a,75.893999,-65.538194,9.5600004196167,54.94253158569336,75.89162499999999,-65.53716666666666,10.3,0.967148842353944,0.9281553805453105
SB86035_component_1319a,65.360546,-66.943843,9.586000442504883,30.3354434967041,65.36366666666666,-66.942,6.8,1.4689302068287882,1.4097059474271887
SB86035_component_1322a,81.601751,-69.132867,8.437000274658203,23.371191024780273,81.60524999999998,-69.13291666666666,12.0,0.7326211411374459,0.703083356221517
SB86035_component_1329a,72.955055,-65.193122,9.569999694824219,59.44099426269531,72.94949999999999,-65.19330555555555,9.7,1.0280466431779942,0.9865979066829093
SB86035_component_1332a,69.763039,-66.546232,9.130999565124512,48.31216812133789,69.76208333333332,-66.54463888888888,7.4,1.2857579907079029,1.233918860151961
SB86035_component_1333a,76.123668,-67.039494,9.590999603271484,34.5,76.12529166666666,-67.03949999999999,7.3,1.3690321357337372,1.3138355620919842
SB86035_component_1343a,80.515768,-67.363523,10.067999839782715,28.931034088134766,80.511625,-67.36441666666666,9.3,1.1280617696205861,1.0825806279336252
SB86035_component_1348a,83.105144,-63.626728,9.10099983215332,12.72867202758789,83.09991666666666,-63.625499999999995,11.3,0.8392344297359274,0.805398215234807
SB86035_component_1362a,76.811321,-65.078028,9.258000373840332,53.51445388793945,76.80729166666666,-65.07802777777776,7.9,1.2211323380107357,1.1718987814987762
SB86035_component_1363a,73.994985,-68.13908,8.690999984741211,41.783653259277344,73.99595833333332,-68.13766666666666,8.0,1.1320155480327831,1.0863749980926514
SB86035_component_1364a,70.113535,-70.150856,10.008000373840332,12.279754638671875,70.11366666666666,-70.15183333333333,10.8,0.9655976210209675,0.9266667012815122
SB86035_component_1370a,80.055978,-69.411906,9.519000053405762,24.283164978027344,80.05887499999999,-69.41269444444444,6.7,1.4804343599364633,1.4207462766277257
SB86035_component_1372a,71.606101,-66.217165,9.055000305175781,49.752750396728516,71.60487499999999,-66.21563888888888,14.6,0.6462614388304204,0.6202055003545056
SB86035_component_1382a,79.24355,-67.92432,8.744999885559082,25.20172882080078,79.24241666666666,-67.92530555555555,7.7,1.183427651579054,1.1357142708518289
SB86035_component_1384a,74.380728,-62.962748,8.774999618530273,31.451610565185547,74.384875,-62.96158333333332,9.2,0.9938753252588279,0.9538043063619863
SB86035_component_1387a,78.343956,-67.359792,7.864999771118164,16.59282684326172,78.34404166666666,-67.3603611111111,8.4,0.9756455273174296,0.9363094965616862
SB86035_component_1389a,65.116801,-66.398559,9.815999984741211,21.200864791870117,65.116125,-66.39883333333333,9.3,1.099826627889755,1.0554838693270119
SB86035_component_1393a,70.62216,-66.60165,9.317000389099121,49.82352828979492,70.61899999999999,-66.60316666666665,10.0,0.9708424181341658,0.9317000389099122
SB86035_component_1395a,83.133591,-65.348732,9.418999671936035,21.90464973449707,83.13799999999999,-65.34947222222222,6.1,1.6089686288272356,1.54409830687476
SB86035_component_1404a,82.104566,-64.07436,9.206999778747559,27.401784896850586,82.10162499999998,-64.07427777777777,11.5,0.834243673851539,0.8006086764128312
SB86035_component_1405a,81.888999,-64.057329,9.569000244140625,27.97953224182129,81.88908333333332,-64.05883333333333,8.5,1.1730601175809867,1.1257647346047794
SB86035_component_1409a,76.166231,-67.95262,8.496000289916992,38.27027130126953,76.16241666666666,-67.95388888888888,11.7,0.7566608892911281,0.7261538709330763
SB86035_component_1415a,77.588926,-62.679678,9.038999557495117,14.43929672241211,77.58695833333333,-62.67916666666666,7.0,1.3455348627592745,1.2912856510707311
SB86035_component_1419a,72.843021,-64.892792,8.956000328063965,52.374271392822266,72.84091666666666,-64.89255555555555,6.4,1.4581652913006247,1.3993750512599945
SB86035_component_1424a,66.866655,-63.920508,9.069000244140625,17.712890625,66.86704166666665,-63.921583333333324,9.6,0.9843755321122185,0.9446875254313152
SB86035_component_1425a,71.660064,-66.284894,8.470000267028809,50.41666793823242,71.66195833333333,-66.28422222222221,6.9,1.2791072571762412,1.2275362705838853
SB86035_component_1428a,81.117281,-63.467268,8.041999816894531,20.726802825927734,81.11533333333333,-63.46777777777777,9.5,0.8820903750144158,0.8465262965152138
SB86035_component_1429a,81.786257,-63.163759,8.54699993133545,11.550000190734863,81.78599999999999,-63.16416666666666,7.1,1.2543767087265405,1.203802807230345
SB86035_component_1433a,71.547272,-67.821086,8.697999954223633,51.77381134033203,71.54816666666666,-67.8201111111111,10.7,0.8470484518634435,0.8128971919835172
SB86035_component_1434a,66.399652,-67.920043,8.574000358581543,37.278263092041016,66.40270833333332,-67.92058333333333,9.1,0.9817812522281978,0.9421978416023674
SB86035_component_1442a,65.870987,-66.685045,8.631999969482422,31.389089584350586,65.86979166666666,-66.68627777777778,8.9,1.0106343453039794,0.9698876370204969
SB86035_component_1445a,72.746912,-70.307148,9.307000160217285,13.295714378356934,72.75075,-70.3073611111111,11.9,0.8149583046236023,0.7821008537997718
SB86035_component_1448a,76.471589,-66.995085,8.881999969482422,33.141788482666016,76.47349999999999,-66.99472222222221,7.2,1.285437308164717,1.2336111068725586
SB86035_component_1450a,68.798751,-68.881877,8.765000343322754,39.48198318481445,68.79920833333333,-68.88222222222221,8.9,1.0262060258202583,0.9848314992497476
SB86035_component_1452a,81.439056,-67.084432,8.907999992370605,29.49669075012207,81.43883333333332,-67.08566666666665,15.1,0.6147179436408012,0.5899337743291792
SB86035_component_1460a,75.234223,-69.337499,8.48900032043457,35.518829345703125,75.24004166666666,-69.33716666666666,10.4,0.8505421494259249,0.8162500308110163
SB86035_component_1465a,75.530786,-64.265203,8.017000198364258,44.53888702392578,75.53349999999999,-64.26322222222221,8.0,1.0442260831968555,1.0021250247955322
SB86035_component_1466a,71.703109,-63.006415,8.996999740600586,32.71636199951172,71.69970833333332,-63.00652777777777,11.4,0.82236664344346,0.7892105035614548
SB86035_component_1481a,73.811552,-64.126172,8.425999641418457,46.552486419677734,73.81074999999998,-64.12599999999999,10.1,0.8693060301188645,0.8342573902394512
SB86035_component_1486a,84.11858,-65.263322,8.012999534606934,11.92410659790039,84.11837499999999,-65.26516666666666,8.7,0.9597287272186902,0.9210344292651649
SB86035_component_1502a,69.650126,-64.930576,8.138999938964844,30.71320915222168,69.64533333333333,-64.93074999999999,11.2,0.7572262350643666,0.7266964231218611
SB86035_component_1504a,78.955239,-68.748702,8.303000450134277,36.902225494384766,78.95737499999998,-68.74849999999999,11.4,0.7589319559356417,0.7283333728187963
SB86035_component_1508a,77.619044,-70.342331,8.027999877929688,13.402337074279785,77.62254166666666,-70.34174999999999,7.9,1.058894995099214,1.0162025161936312
SB86035_component_1516a,76.459794,-63.128524,8.614999771118164,30.228069305419922,76.46095833333332,-63.12844444444443,9.4,0.954992687894473,0.9164893373529961
SB86035_component_1517a,79.340536,-66.832214,7.4770002365112305,27.59040641784668,79.33716666666666,-66.83113888888889,19.9,0.3915136855713799,0.3757286551010669
SB86035_component_1518a,82.434751,-63.473824,8.03499984741211,13.481542587280273,82.43570833333332,-63.47488888888888,11.1,0.7542850911676009,0.7238738601272171
SB86035_component_1523a,69.137798,-69.384188,8.449999809265137,22.83783721923828,69.13729166666666,-69.38402777777777,8.0,1.1006249202343101,1.056249976158142
SB86035_component_1526a,74.101737,-63.41724,7.519999980926514,38.76288604736328,74.10370833333333,-63.41852777777777,7.4,1.058909267998382,1.016216213638718
SB86035_component_1527a,74.782304,-68.95451,7.72599983215332,37.32366943359375,74.78108333333333,-68.95466666666665,8.6,0.9361142855026718,0.8983720735062001
SB86035_component_1532a,67.603856,-63.346662,8.626999855041504,15.296098709106445,67.60637499999999,-63.347444444444434,6.9,1.302816738412322,1.250289834063986
SB86035_component_1535a,75.067499,-62.516726,7.335000038146973,13.098214149475098,75.067,-62.51691666666666,8.0,0.955394557885352,0.9168750047683716
SB86035_component_1538a,81.977336,-68.12822,7.368000030517578,22.81114387512207,81.98074999999999,-68.12591666666665,7.0,1.0967918348499328,1.0525714329310827
SB86035_component_1546a,75.168608,-63.338234,8.246999740600586,37.83027648925781,75.17037499999999,-63.33977777777777,8.7,0.9877552756912423,0.9479310046667341
SB86035_component_1547a,77.940571,-69.182404,7.729000091552734,31.80658531188965,77.94162499999999,-69.18238888888888,6.6,1.2202589637829075,1.1710606199322326
SB86035_component_1550a,71.530173,-69.795532,8.1899995803833,21.552631378173828,71.53316666666666,-69.79538888888888,8.9,0.9588849505587802,0.9202246719531798
SB86035_component_1557a,83.406002,-67.043041,7.867000102996826,14.732210159301758,83.40716666666665,-67.04452777777777,12.2,0.671926786791191,0.6448360740161333
SB86035_component_1558a,81.708971,-65.60203,8.041000366210938,28.820789337158203,81.71266666666665,-65.60233333333332,14.9,0.5623367196811272,0.5396644541081166
SB86035_component_1559a,78.740652,-66.442638,8.118000030517578,33.54545593261719,78.74087499999999,-66.44216666666665,6.7,1.262545026968831,1.2116417955996386
SB86035_component_1566a,76.758357,-68.069115,7.550000190734863,33.70535659790039,76.75916666666666,-68.06872222222222,6.7,1.1742073366090247,1.1268657001096811
SB86035_component_1575a,69.146669,-68.122166,8.395999908447266,43.05641174316406,69.14816666666665,-68.12199999999999,8.7,1.0056012447101186,0.9650574607410651
SB86035_component_1579a,77.195545,-65.689222,8.003999710083008,47.92814254760742,77.19641666666665,-65.68930555555555,11.1,0.7513749552801657,0.7210810549624331
SB86035_component_1582a,82.786978,-66.62252,7.074999809265137,20.870206832885742,82.78424999999999,-66.624,8.3,0.8882208627929491,0.8524096155741128
SB86035_component_1587a,83.580748,-65.12508,7.163000106811523,14.830227851867676,83.57674999999999,-65.12608333333333,11.8,0.6325364837349721,0.6070339073569088
SB86035_component_1589a,78.133359,-69.598394,7.724999904632568,27.39361572265625,78.13308333333332,-69.59794444444444,6.6,1.219627411979528,1.1704545310049346
SB86035_component_1599a,71.775974,-66.906864,7.499000072479248,46.577640533447266,71.77533333333332,-66.90697222222221,7.7,1.014811224825752,0.9738961133089933
SB86035_component_1601a,77.751361,-63.041243,7.896999835968018,18.669029235839844,77.74999999999999,-63.03891666666666,9.3,0.8848136423736591,0.8491397673083889
SB86035_component_1607a,71.25324,-64.560515,8.288999557495117,43.85714340209961,71.25462499999999,-64.56091666666666,7.5,1.1516313603431043,1.105199940999349
SB86035_component_1615a,79.309629,-63.102359,7.355999946594238,14.146154403686523,79.30854166666666,-63.10191666666666,6.8,1.1272115610459639,1.0817646980285645
SB86035_component_1627a,79.367489,-69.71246,7.047999858856201,20.9139461517334,79.36679166666666,-69.71399999999998,13.0,0.5649306842102502,0.5421538352966309
SB86035_component_1642a,77.634545,-65.976733,7.169000148773193,43.71341323852539,77.63541666666666,-65.97444444444443,9.8,0.762263532907261,0.731530627425836
SB86035_component_1661a,70.5641,-64.670108,7.466000080108643,39.08900451660156,70.56658333333333,-64.67052777777776,8.7,0.8942137988840894,0.8581609287481199
SB86035_component_1666a,65.429938,-69.063685,7.640999794006348,14.20260238647461,65.43045833333332,-69.06430555555555,9.4,0.84702253341234,0.8128723185113136
SB86035_component_1680a,74.738753,-68.241352,6.894999980926514,38.3055534362793,74.74024999999999,-68.24130555555554,7.5,0.9579561625648882,0.9193333307902019
SB86035_component_1684a,79.613785,-69.984645,7.590000152587891,19.312976837158203,79.61075,-69.98480555555555,7.9,1.0011227325093364,0.9607595129858089
SB86035_component_1688a,80.227539,-64.152646,7.060999870300293,24.432525634765625,80.22358333333332,-64.1526111111111,9.9,0.7431964706897293,0.7132323101313427
SB86035_component_1693a,72.903872,-63.552932,6.627999782562256,33.47474670410156,72.90575,-63.55091666666666,9.6,0.7194222777769528,0.6904166440169017
SB86035_component_1698a,75.591912,-70.308325,7.869999885559082,14.57407283782959,75.58824999999999,-70.31044444444443,9.1,0.901168418420528,0.8648351522592398
SB86035_component_1704a,75.910291,-69.057598,7.443999767303467,27.57036781311035,75.90566666666666,-69.0556111111111,9.2,0.8431234201232403,0.8091304094895073
SB86035_component_1708a,73.670469,-66.924709,7.166999816894531,40.49152374267578,73.66520833333333,-66.92427777777777,7.2,1.0372358684868108,0.9954166412353516
SB86035_component_1709a,80.213149,-63.928095,7.038000106811523,28.152000427246094,80.21320833333333,-63.92752777777777,7.2,1.0185665326781108,0.9775000148349338
SB86035_component_1710a,75.649616,-65.568526,7.079999923706055,41.893489837646484,75.65274999999998,-65.56811111111111,6.3,1.171022752276488,1.1238095116993738
SB86035_component_1712a,72.540175,-63.658076,6.794000148773193,29.4112548828125,72.54408333333332,-63.65808333333332,11.7,0.6050793336854992,0.5806837733994182
SB86035_component_1715a,79.795726,-65.851475,6.7170000076293945,27.528688430786133,79.79537499999999,-65.8508611111111,7.6,0.920946467080004,0.883815790477552
SB86035_component_1717a,75.545276,-66.785985,6.5970001220703125,33.658164978027344,75.54633333333332,-66.78438888888888,6.9,0.9962538920548046,0.9560869742130887
SB86035_component_1718a,75.349332,-65.451013,7.066999912261963,42.572288513183594,75.34579166666666,-65.44924999999999,8.7,0.8464249625571044,0.8122988404898809
SB86035_component_1722a,73.393087,-65.291945,6.892000198364258,43.07500076293945,73.39112499999999,-65.29122222222222,11.6,0.6190987422812403,0.5941379481348499
SB86035_component_1725a,75.30624,-67.924685,6.5229997634887695,34.33157730102539,75.30745833333333,-67.92519444444443,6.7,1.0144839715880773,0.9735820542520551
SB86035_component_1744a,70.920891,-63.318038,6.927999973297119,30.51982307434082,70.92004166666666,-63.31752777777777,10.1,0.714758178228057,0.6859405914155564
SB86035_component_1747a,79.251482,-69.345494,7.302000045776367,26.55272674560547,79.24849999999999,-69.34577777777777,7.4,1.0282121732724463,0.9867567629427523
SB86035_component_1751a,75.030284,-66.905451,6.8460001945495605,38.46067428588867,75.02937499999999,-66.90458333333332,6.6,1.0808504340152436,1.0372727567499336
SB86035_component_1753a,77.894007,-70.321189,6.85099983215332,12.57064151763916,77.89462499999999,-70.32124999999999,7.2,0.9915031313598702,0.9515277544657389
SB86035_component_1759a,77.625054,-68.045984,6.831999778747559,26.792156219482422,77.626375,-68.0466111111111,10.1,0.7048538877502487,0.6764356216581742
SB86035_component_1760a,72.293233,-63.861552,6.72599983215332,33.79899215698242,72.29645833333332,-63.85974999999999,6.7,1.0460553840299691,1.003880571963182
SB86035_component_1767a,81.347105,-66.635813,6.238999843597412,22.937498092651367,81.34825,-66.63447222222221,9.7,0.6702176646324502,0.6431958601646817
SB86035_component_1770a,74.981344,-68.918399,7.25600004196167,37.21025848388672,74.97808333333333,-68.92022222222221,7.9,0.9570680425638384,0.9184810179698316
SB86035_component_1771a,73.210264,-69.671344,7.1570000648498535,24.097644805908203,73.21066666666665,-69.67022222222221,6.1,1.222570228467899,1.1732786991557138
SB86035_component_1780a,82.223213,-63.44419,6.980000019073486,12.1602783203125,82.22058333333332,-63.444305555555545,9.7,0.7498187897405818,0.7195876308323182
SB86035_component_1788a,76.416206,-68.829962,6.144000053405762,22.925373077392578,76.41162499999999,-68.83052777777777,7.1,0.9017071051037934,0.8653521201979947
SB86035_component_1791a,80.206748,-65.749265,6.224999904632568,26.0460262298584,80.20779166666665,-65.74938888888887,7.4,0.876557195348866,0.8412162033287254
SB86035_component_1796a,67.574716,-64.78838,6.420000076293945,27.672414779663086,67.57483333333333,-64.78827777777776,8.5,0.787025379059719,0.7552941266228171
SB86035_component_1797a,68.677206,-69.246662,6.815999984741211,23.105085372924805,68.677375,-69.24577777777777,8.8,0.8070854877736555,0.7745454528115012
SB86035_component_1805a,75.575734,-67.448994,6.2820000648498535,35.094970703125,75.57604166666665,-67.44897222222221,8.2,0.798282693185643,0.7660975688841285
SB86035_component_1821a,70.293993,-68.289313,6.709000110626221,36.66120147705078,70.29254166666665,-68.28858333333332,6.8,1.0280672298343174,0.9866176633273854
SB86035_component_1822a,83.889075,-65.789396,7.098999977111816,11.831665992736816,83.89233333333333,-65.7913611111111,16.1,0.4594560011711446,0.4409316755970072
SB86035_component_1857a,67.163106,-65.562979,7.005000114440918,32.58139419555664,67.16333333333333,-65.56074999999998,6.2,1.1773052668412394,1.129838728135632
SB86035_component_1867a,76.666509,-64.09867,6.144000053405762,32.680850982666016,76.66412499999998,-64.09922222222221,10.3,0.6215650918676633,0.5965048595539574
SB86035_component_1870a,72.217916,-63.395231,5.980000019073486,26.816143035888672,72.21645833333332,-63.39480555555555,7.7,0.8092507114495401,0.7766233791004528
SB86035_component_1877a,74.395478,-63.61141,6.6020002365112305,35.11702346801758,74.39524999999999,-63.6126111111111,7.5,0.9172482711118065,0.8802666982014974
SB86035_component_1883a,71.640878,-67.982522,6.464000225067139,36.72727584838867,71.64583333333333,-67.98108333333333,6.0,1.122594065908868,1.0773333708445232
SB86035_component_1886a,73.078858,-62.704511,6.485000133514404,16.93211555480957,73.08049999999999,-62.70202777777777,6.3,1.072610563092531,1.029365100557842
SB86035_component_1890a,69.156433,-64.429302,6.767000198364258,33.834999084472656,69.15679166666666,-64.42958333333333,6.1,1.1559498258478877,1.1093442948138128
SB86035_component_1892a,74.450566,-67.183964,6.78000020980835,39.41860580444336,74.451,-67.18333333333332,8.6,0.8214930352054862,0.7883721174195756
SB86035_component_1909a,70.306096,-68.536833,6.48199987411499,33.937171936035156,70.30683333333333,-68.53766666666665,6.7,1.0081074987819008,0.9674626677783568
SB86035_component_1918a,76.618319,-63.926696,6.209000110626221,34.30386734008789,76.61845833333332,-63.92638888888888,6.8,0.9514487164282746,0.9130882515626796
SB86035_component_1929a,71.052162,-68.513875,5.949999809265137,34.195404052734375,71.05158333333333,-68.5118611111111,6.2,0.9999951461401646,0.959677388591151
SB86035_component_1937a,69.78893,-68.055291,6.300000190734863,31.18811798095703,69.79066666666665,-68.05480555555555,7.9,0.8309714465035107,0.7974683785740333
SB86035_component_1941a,78.247313,-62.990463,6.192999839782715,13.762222290039062,78.24854166666665,-62.99041666666666,6.4,1.0083091876520294,0.9676562249660492
SB86035_component_1968a,78.576679,-63.520814,5.921000003814697,23.875,78.57337499999998,-63.51977777777777,6.6,0.9348108738037291,0.8971212126991966
SB86035_component_1969a,77.462376,-63.843721,6.435999870300293,36.36157989501953,77.463,-63.8423611111111,9.0,0.7451541884307727,0.7151110967000326
SB86035_component_1974a,69.346934,-69.296814,6.1020002365112305,21.041379928588867,69.35145833333333,-69.2978611111111,6.7,0.9490083794294711,0.9107463039569
SB86035_component_2002a,74.182809,-63.976677,6.314000129699707,35.27374267578125,74.18658333333332,-63.97763888888888,7.9,0.8328180416115055,0.7992405227467984
SB86035_component_2004a,76.455376,-65.145518,6.053999900817871,34.99422073364258,76.45754166666666,-65.14483333333332,7.3,0.8641560584698023,0.8293150549065577
SB86035_component_2007a,73.542844,-63.66378,5.749000072479248,30.579788208007812,73.54241666666665,-63.662722222222214,8.7,0.6885661852982148,0.6608046060320976
SB86035_component_2015a,79.281264,-65.328182,5.553999900817871,24.466960906982422,79.27858333333333,-65.32613888888888,7.1,0.8151173712209104,0.7822535071574467
SB86035_component_2017a,82.981448,-66.176964,5.76200008392334,14.774359703063965,82.97991666666665,-66.17541666666666,8.4,0.7147704734749446,0.6859523909432547
SB86035_component_2028a,79.690636,-66.567975,5.3480000495910645,19.237409591674805,79.68695833333332,-66.56802777777777,8.6,0.6479859376201761,0.6218604708826819
SB86035_component_2032a,81.891648,-63.734941,6.0960001945495605,15.472082138061523,81.8915,-63.735722222222215,10.3,0.6167091289086377,0.5918446790824816
SB86035_component_2033a,68.292929,-63.453011,5.466000080108643,14.53723430633545,68.29504166666666,-63.45349999999999,8.5,0.6700748806643774,0.6430588329539579
SB86035_component_2056a,79.828568,-66.656874,6.035999774932861,25.149999618530273,79.82641666666666,-66.6556111111111,17.2,0.3656734234636101,0.3509302194728408
SB86035_component_2058a,67.330297,-65.853629,5.204999923706055,23.34080696105957,67.32779166666666,-65.85158333333332,13.6,0.3987993564329249,0.3827205826254452
SB86035_component_2062a,77.843776,-68.025912,5.664000034332275,24.519479751586914,77.84041666666666,-68.02577777777776,10.4,0.5674956510430276,0.5446153879165649
SB86035_component_2143a,70.437221,-66.950013,5.691999912261963,33.68047332763672,70.43508333333332,-66.95094444444443,6.8,0.872225143169677,0.8370588106267592
SB86035_component_2168a,68.181325,-66.874616,4.933000087738037,25.29743766784668,68.17974999999998,-66.87727777777776,6.7,0.7672006288984183,0.7362686698116473
SB86035_component_2179a,77.47836,-68.02982,5.514999866485596,21.884920120239258,77.47625,-68.02988888888888,7.4,0.776580383835576,0.7452702522277832
SB86035_component_2196a,78.882117,-68.858271,5.307000160217285,25.63768196105957,78.88212499999999,-68.85825,6.7,0.8253666710047955,0.7920895761518336
SB86035_component_2235a,67.195378,-67.602176,5.35699987411499,26.389162063598633,67.19520833333333,-67.60249999999999,8.0,0.6977571233407847,0.6696249842643738
SB86035_component_2257a,75.958376,-66.546985,4.870999813079834,24.852041244506836,75.96266666666666,-66.54713888888888,9.3,0.5457676555826176,0.5237634207612725
SB86035_component_2259a,71.805701,-62.654039,4.776000022888184,14.047059059143066,71.80679166666665,-62.65358333333332,9.1,0.5468844281560998,0.5248351673503499
SB86035_component_2262a,75.243794,-67.185382,5.276000022888184,31.218935012817383,75.243625,-67.18588888888888,13.1,0.4196682585787482,0.40274809335024303
SB86035_component_2274a,73.45856,-63.892607,5.073999881744385,28.188886642456055,73.46133333333333,-63.89077777777777,9.1,0.5810074351954965,0.557582404587295
SB86035_component_2316a,78.73025,-63.669869,4.360000133514404,18.31932830810547,78.72683333333332,-63.667583333333326,6.9,0.6584306536301892,0.6318840773209281
SB86035_component_2339a,70.065981,-63.339575,4.377999782562256,18.629785537719727,70.06433333333332,-63.341333333333324,6.2,0.7357947349086824,0.7061289971874606
SB86035_component_2391a,67.739763,-66.434252,4.0970001220703125,21.11855697631836,67.7435,-66.43494444444444,8.3,0.5143520963099629,0.4936144725385918
SB86035_component_2478a,82.563623,-64.792252,4.756999969482422,14.503047943115234,82.56412499999999,-64.79008333333333,8.5,0.5831588254949357,0.5596470552332261
SB86035_component_2521a,73.54455,-62.559766,4.5960001945495605,10.145695686340332,73.54316666666665,-62.55924999999999,12.4,0.38621664147384616,0.37064517697980326
SB86035_component_2524a,77.34976,-66.014218,3.8469998836517334,24.660255432128906,77.34787499999999,-66.01405555555554,7.7,0.5205998967996335,0.4996103745002251
SB86035_component_2601a,67.702298,-65.153996,3.861999988555908,18.39047622680664,67.70479166666665,-65.15613888888888,7.9,0.5093986697978983,0.48886075804505164
SB86035_component_2636a,75.068328,-69.916031,4.295000076293945,11.24345588684082,75.07024999999999,-69.91722222222221,8.9,0.5028585038846035,0.4825842782352747
SB86035_component_2641a,67.158116,-65.835676,4.316999912261963,17.765432357788086,67.15825,-65.838,13.2,0.3407852100652122,0.32704544789863355
SB86035_component_2759a,69.627791,-63.49157,3.9820001125335693,17.541851043701172,69.62783333333333,-63.49416666666666,9.5,0.4367674773124466,0.419157906582481
SB86035_component_3054a,72.680249,-65.740484,3.0239999294281006,20.159997940063477,72.67766666666665,-65.7403611111111,8.2,0.38427360441530906,0.3687804791985489
SB86035_component_3347a,76.689108,-65.982502,2.8559999465942383,16.799999237060547,76.68654166666666,-65.98047222222222,7.2,0.41333133259204513,0.39666665924919975
