Component_ID,RA,DEC,ASKAP_flux,ASKAP_flux_SNR,RA_comp,DEC_comp,Comp_flux,Flux_Ratio_AlphaCorr,Flux_Ratio_NOAlphaCorr
SB85843_component_18a,92.625899,-70.042939,397.5840148925781,869.9869384765625,92.62586385119025,-70.04304541788247,221.53636718019237,1.1021381173412212,1.7946670334681114
SB85843_component_49a,81.647046,-67.81906,202.58099365234375,744.7830200195312,81.6471736740446,-67.8191535838012,177.39541069381133,0.7013074528334527,1.1419742644977628
SB85843_component_55a,80.27145,-69.994434,185.04400634765625,335.22467041015625,80.27151548563077,-69.99446688897372,102.79366525450513,1.1055052474894,1.8001499011588784
SB85843_component_59a,97.182666,-65.793055,166.9029998779297,195.436767578125,97.1828117283596,-65.79310203871799,102.59837224935187,0.9990237420247178,1.6267607001823954
SB85843_component_65a,96.007742,-69.559466,163.74200439453125,503.8215637207031,96.00780465080736,-69.55947393925419,98.5893900214096,1.0199574633336514,1.660848133444919
SB85843_component_73a,97.165169,-67.213295,146.4459991455078,273.7308349609375,97.16521047253647,-67.21324553668515,133.3515145075528,0.6744219497120125,1.0981952449982364
SB85843_component_76a,98.731856,-69.759003,149.7469940185547,131.12696838378906,98.73217455286114,-69.75888524353086,132.83558897939514,0.6923023486160101,1.1273107995311615
SB85843_component_82a,84.519267,-69.893491,137.77000427246094,354.16455078125,84.51970749774412,-69.89361146367283,66.02720344229313,1.281397599337873,2.086564280931117
SB85843_component_88a,93.478378,-68.930841,134.50900268554688,597.8178100585938,93.4785778343341,-68.93099767425252,75.36604614102882,1.0960434175203595,1.7847427266364315
SB85843_component_91a,97.308205,-69.478223,129.4759979248047,264.777099609375,97.30838517912156,-69.47816981365854,111.10419752274294,0.7156669101845765,1.165356492479063
SB85843_component_93a,89.057239,-69.392165,126.20800018310547,571.076904296875,89.05713119705574,-69.39236984667387,68.10769538253861,1.138001508377502,1.853065200257276
SB85843_component_94a,91.150009,-71.039928,138.9709930419922,124.74954986572266,91.15003280526363,-71.04015195063715,78.44575436655651,1.087944784515741,1.7715553144229712
SB85843_component_97a,84.019915,-69.312441,126.9280014038086,122.75434875488281,84.02011301025377,-69.31249453618162,83.26789129337284,0.9361210532957731,1.5243330824436356
SB85843_component_99a,85.81003,-68.743254,128.16000366210938,478.2089538574219,85.81012064080534,-68.74334195718353,69.31767504950271,1.1354307736220015,1.8488791433149603
SB85843_component_109a,95.572302,-68.94705,112.63500213623047,441.7059020996094,95.57253045158772,-68.94712805803283,64.17216103933747,1.0779009243628062,1.7552003908234497
SB85843_component_110a,80.364141,-65.361138,113.70600128173828,427.4661560058594,80.36395159018099,-65.36129488253277,77.50932254364876,0.9009103645162138,1.4669977436289117
SB85843_component_115a,84.151305,-67.126419,110.72799682617188,573.7201538085938,84.15126685588905,-67.1266257814136,62.797592516491186,1.0828457247049466,1.7632522583902202
SB85843_component_119a,86.674478,-64.256193,110.50800323486328,533.8551025390625,86.6745439918925,-64.25615266530282,118.84100770137972,0.5710571104198585,0.9298810686000293
SB85843_component_120a,92.512619,-68.411408,113.54199981689453,469.18182373046875,92.51241105729831,-68.41148569179269,65.26114220264543,1.0684495145071633,1.73981018389672
SB85843_component_128a,91.510128,-70.700362,103.38099670410156,164.09681701660156,91.51023495498342,-70.70050725672135,71.71589405938978,0.8852734413163418,1.4415353536342876
SB85843_component_137a,88.796318,-69.79775,94.9739990234375,372.4470520019531,88.79652561196896,-69.79785679093456,53.66301911412014,1.0868804066656865,1.769822134335475
SB85843_component_138a,83.186807,-70.024195,94.76799774169922,252.0425567626953,83.18706018543385,-70.02427717162524,59.77544761739632,0.973623405124067,1.5854000516780589
SB85843_component_141a,97.874959,-66.169498,89.75399780273438,90.93617248535156,97.87505986650729,-66.16947796144035,58.62426775461673,0.9402178849634789,1.5310041598884814
SB85843_component_145a,85.043047,-67.303934,94.46399688720703,456.3478088378906,85.04310251306345,-67.30413900124644,70.16666593143046,0.8267755286891233,1.346280254779682
SB85843_component_151a,85.674313,-66.049356,88.20899963378906,484.66485595703125,85.67412429426145,-66.04946826805472,54.0591366331651,1.0020650817901202,1.631713066976233
SB85843_component_154a,78.416841,-67.111187,90.5,146.20355224609375,78.41662141766622,-67.11147407128804,45.601951387056246,1.2187574665175789,1.9845641962086673
SB85843_component_155a,94.920803,-63.264624,89.73500061035156,84.8156967163086,94.92087551792964,-63.26466658343084,77.82119767550337,0.7081350603139261,1.1530920018029795
SB85843_component_159a,77.873374,-68.104787,88.3030014038086,127.23775482177734,77.87317635503959,-68.10491379328603,103.61446383134962,0.5233680645239008,0.8522265921052965
SB85843_component_161a,92.737941,-65.052854,89.53199768066406,326.7591247558594,92.73787549846757,-65.05283932871369,62.342197134378615,0.8819588207456147,1.4361379899344553
SB85843_component_164a,80.365008,-67.123089,81.5510025024414,327.5140686035156,80.36508421695102,-67.12330409338057,48.196517799996144,1.0391201823676728,1.6920517544619775
SB85843_component_166a,88.949725,-64.602482,80.69200134277344,378.835693359375,88.9498179625657,-64.60239857945096,44.939188979716306,1.1027000495448278,1.795582055991141
SB85843_component_167a,93.251692,-68.051927,80.04499816894531,381.1666564941406,93.25154832507475,-68.05200499158083,36.30413136455413,1.3540362346532484,2.2048454310932217
SB85843_component_170a,85.007817,-69.105185,76.91899871826172,48.99299240112305,85.00803003986555,-69.10518205916225,51.030154920169764,0.9256757206745216,1.5073244209936612
SB85843_component_172a,80.961366,-70.703719,84.48100280761719,80.45809936523438,80.96153867693353,-70.70375532458529,39.773993049868764,1.3044036467451978,2.1240261872046546
SB85843_component_184a,81.941231,-67.990358,72.86000061035156,301.0743713378906,81.94126348223172,-67.9904445383738,85.44917104590809,0.5236407714872171,0.8526706545954329
SB85843_component_187a,83.028849,-67.903539,77.11100006103516,313.4593505859375,83.02888836610012,-67.90365687498135,41.212041002188556,1.1490643473415847,1.8710793784015742
SB85843_component_188a,84.150836,-64.842758,73.85800170898438,323.9385986328125,84.15087196535146,-64.84279096301918,67.10377208197697,0.6759316103861993,1.1006535015461745
SB85843_component_193a,79.747983,-64.043879,69.98400115966797,82.72340393066406,79.7474505742613,-64.04399400180077,44.88239355583913,0.957579624232295,1.5592751548020585
SB85843_component_197a,83.326875,-67.666255,69.40499877929688,228.30592346191406,83.32688235546887,-67.66638475843023,44.3690208870807,0.9606452580109683,1.564267080761886
SB85843_component_203a,90.644991,-70.698903,71.09100341796875,119.48067474365234,90.6451904819509,-70.69905031310378,34.673814620098206,1.2591143066651571,2.050279272611725
SB85843_component_204a,81.321561,-67.379579,66.74700164794922,274.67901611328125,81.32167835586455,-67.37971359980898,75.91676112434318,0.5399409018665285,0.8792129782595055
SB85843_component_205a,85.823126,-66.448887,67.86900329589844,361.0053405761719,85.8231259043797,-66.44909032663318,79.40028207068923,0.5249302053094748,0.8547703046630916
SB85843_component_207a,94.955222,-69.412415,74.0260009765625,289.1640625,94.95257905678125,-69.41245756377226,3.8015058340465577,11.958611707810286,19.472810041110645
SB85843_component_213a,87.438429,-65.016584,66.59500122070312,361.9293518066406,87.43857276001503,-65.01654310861883,53.19956032643788,0.7687510564408354,1.2517960827508623
SB85843_component_214a,84.767084,-66.867625,65.6719970703125,371.0282287597656,84.7671880761401,-66.86784458271343,44.958920442594184,0.8970496608451672,1.460711165299572
SB85843_component_218a,96.262001,-69.956238,63.75600051879883,130.38037109375,96.26208846674606,-69.95625442452287,49.49264819147118,0.7911020516004248,1.2881913344411742
SB85843_component_219a,90.18457,-68.434252,63.766998291015625,333.858642578125,90.1844221572833,-68.43447131198297,38.73473212834533,1.010991616732045,1.6462485936323843
SB85843_component_223a,91.376134,-63.018702,65.44000244140625,73.19911193847656,91.3754173986261,-63.01865803311509,28.650229987778953,1.402708186731744,2.284100423253857
SB85843_component_224a,95.689794,-68.35949,62.07600021362305,245.3596954345703,95.6897273669015,-68.35960459027048,34.34709683713619,1.1099050536652755,1.8073143272623342
SB85843_component_226a,85.72208,-66.236385,62.53300094604492,351.3089904785156,85.72197979745906,-66.23654550000307,45.11063878998004,0.851299603925618,1.3862140422612401
SB85843_component_229a,97.972383,-65.801383,59.88100051879883,53.849822998046875,97.97249210327078,-65.80129265291727,36.868045652322394,0.9974498490805651,1.6241978509925925
SB85843_component_235a,89.459832,-63.033247,62.28099822998047,91.45520782470703,89.45966350382851,-63.033247611144816,37.90218813907557,1.009121406915952,1.6432032367485234
SB85843_component_237a,92.564419,-67.799197,58.000999450683594,313.5189208984375,92.56435382748771,-67.79928447793887,31.837847009602605,1.1187780140899064,1.8217626158323434
SB85843_component_238a,95.734994,-63.892395,59.4379997253418,91.0229721069336,95.73497719557321,-63.89250762505625,53.48169125759856,0.682513412677644,1.1113709818759139
SB85843_component_245a,85.111275,-63.34545,60.36899948120117,115.20801544189453,85.11107030428988,-63.34572632351791,27.768081053462,1.3351198327861031,2.1740429007309685
SB85843_component_246a,91.968193,-69.513522,56.678001403808594,262.3981628417969,91.96825732246211,-69.51365160597543,33.414621048653416,1.0416699235974975,1.6962036265885672
SB85843_component_249a,82.502011,-63.878188,56.98699951171875,156.5576934814453,82.5018287101379,-63.87827240318633,43.4339358995371,0.8057470838346302,1.3120385783947823
SB85843_component_254a,81.309264,-63.859815,53.709999084472656,129.11056518554688,81.30876636350177,-63.85992568965537,38.04845492582982,0.8669025028065042,1.411621028742766
SB85843_component_255a,98.368568,-67.480667,56.481998443603516,71.31565856933594,98.36851546642374,-67.48066209054457,35.55006471162058,0.975712337071131,1.58880156482924
SB85843_component_258a,84.366876,-63.093685,54.02299880981445,76.51982879638672,84.36707851059803,-63.093785054561955,31.76851454687773,1.0443207741721816,1.7005201401563153
SB85843_component_262a,99.088159,-68.539368,57.250999450683594,55.102020263671875,99.08800050673267,-68.53946966667404,32.92624980186258,1.0678074373040014,1.7387646572323885
SB85843_component_263a,85.755141,-63.152668,58.51599884033203,109.17163848876953,85.75524689401604,-63.15276842656693,40.631681048517336,0.8844269531627864,1.4401569743191145
SB85843_component_265a,93.844865,-64.417278,51.48500061035156,171.0465087890625,93.8449391933131,-64.41730576739882,29.544412456815188,1.07018165480044,1.7426307152192226
SB85843_component_269a,98.165506,-69.804714,51.474998474121094,67.6412582397461,98.16597433128518,-69.80465881535694,37.25297590516426,0.8485696766166057,1.38176876406229
SB85843_component_277a,91.948465,-63.125678,50.28099822998047,60.43389129638672,91.94819031486823,-63.12562792000776,33.66209002774447,0.9173075149271954,1.4936980498994152
SB85843_component_281a,88.341315,-70.164546,54.33100128173828,195.4352569580078,88.34262992688689,-70.16456735732173,21.16353230582442,1.57656430982541,2.5671991091385933
SB85843_component_286a,98.447259,-68.067432,48.64099884033203,67.55693817138672,98.44721661859496,-68.06745714331205,34.41861366296932,0.8678831337535379,1.4132178395280472
SB85843_component_289a,88.649681,-71.031778,53.25600051879883,57.141632080078125,88.64980009652214,-71.03202218224652,31.554524696572425,1.0364755047683754,1.6877452926611092
SB85843_component_292a,93.755466,-68.709893,48.36600112915039,217.8648681640625,93.75560860665466,-68.70997986991469,30.018621700742578,0.9894675850284551,1.611199928208361
SB85843_component_293a,94.775813,-65.965907,45.2859992980957,169.61048889160156,94.77602024747597,-65.96595994028756,31.550027652285678,0.8814878867820751,1.4353711444311494
SB85843_component_295a,85.418293,-64.366092,50.07699966430664,214.92274475097656,85.41850319047406,-64.36621063144413,30.262778997703744,1.016205711716167,1.6547389672345143
SB85843_component_303a,86.550033,-68.003977,47.518001556396484,205.70562744140625,86.55013667547917,-68.00408410614739,33.0763931579642,0.8822510001847779,1.4366137604382359
SB85843_component_304a,94.477012,-69.810973,46.215999603271484,164.46975708007812,94.47688180985583,-69.8110646961766,33.41034491583577,0.8495002853285866,1.3832841211216025
SB85843_component_308a,92.666316,-66.136832,44.527000427246094,191.10301208496094,92.6664124970683,-66.13686201801104,37.55448451102387,0.7281381267059913,1.185664002768444
SB85843_component_309a,89.702222,-63.771094,48.981998443603516,199.926513671875,89.70202399709453,-63.77115830718188,28.390678161003926,1.0595290559381811,1.7252845517048212
SB85843_component_312a,86.032325,-63.843453,46.72100067138672,195.48536682128906,86.03217494331432,-63.84360079339973,27.6210121592957,1.0387826427635016,1.6915021217158048
SB85843_component_314a,86.100454,-68.972106,45.15299987792969,127.91218566894531,86.10026406328502,-68.9722236760169,22.94157927636607,1.20869141015844,1.9681731294081115
SB85843_component_317a,89.595857,-65.122757,45.40700149536133,240.24868774414062,89.59598699254484,-65.12275673970319,32.56349574172933,0.8563354839053844,1.3944142193914815
SB85843_component_322a,90.856379,-68.154324,44.994998931884766,263.1286315917969,90.85616728092695,-68.15455229935259,26.28702261217822,1.0511749055842423,1.7116810677158827
SB85843_component_325a,82.539672,-66.802971,44.55400085449219,207.2279052734375,82.53980363740753,-66.80314285470608,38.39989333404886,0.7125393089891996,1.1602636618520639
SB85843_component_328a,85.495714,-68.261824,45.46699905395508,202.9776611328125,85.495797643788,-68.26194725825512,45.92557620966452,0.6079863290817824,0.990014776219336
SB85843_component_329a,92.575057,-70.246399,47.93199920654297,123.53607940673828,92.57499792406063,-70.24654480955492,23.56829573615327,1.2489627958831933,2.033749056068415
SB85843_component_332a,94.967301,-64.655007,43.48500061035156,136.7452850341797,94.96743146101612,-64.65505999585197,19.02618984642392,1.4035884701931736,2.2855338331717956
SB85843_component_335a,93.212089,-63.511151,43.50199890136719,87.88282775878906,93.21183293742051,-63.51124373827409,22.884170646354974,1.1674174291454433,1.9009646263189466
SB85843_component_338a,96.439965,-65.711974,47.78099822998047,123.78496551513672,96.44072821872626,-65.71198622721307,22.375882739346928,1.3113758413292236,2.1353793629763644
SB85843_component_344a,88.820706,-71.111879,45.448001861572266,43.8264274597168,88.82110185035138,-71.11198585376465,26.023743250207712,1.0724996667926672,1.746405250951341
SB85843_component_345a,94.124186,-70.593883,44.20800018310547,63.884395599365234,94.12464517298287,-70.59379164462888,26.78800467211891,1.0134740680223544,1.650290894159705
SB85843_component_348a,83.068062,-67.552274,46.388999938964844,116.84886169433594,83.06803560585315,-67.55236370146524,21.225706670664884,1.3421621563453263,2.1855102710468075
SB85843_component_360a,81.999596,-70.427922,43.2239990234375,73.51020050048828,81.99986172272571,-70.42785368889267,18.26437094788579,1.4533571886337058,2.3665747452660524
SB85843_component_361a,83.975227,-64.606376,40.900001525878906,169.7095489501953,83.97537918841954,-64.60644745057154,26.176167216645272,0.95955396714004,1.5624900768463472
SB85843_component_362a,93.991801,-68.382068,40.152000427246094,178.45333862304688,93.99157437661921,-68.38218598974407,26.170676313702614,0.9422027743771668,1.5342362553398379
SB85843_component_370a,95.858005,-66.295278,38.770999908447266,126.7026138305664,95.85820424951935,-66.2954063672852,27.005623863462354,0.8816676877173323,1.4356639233542405
SB85843_component_373a,80.9095,-63.734826,39.91299819946289,72.7012710571289,80.90890703111039,-63.734920265637115,21.946280746093038,1.1168775447013983,1.818667985761932
SB85843_component_378a,91.182129,-65.27979,38.70100021362305,176.71690368652344,91.18228495030627,-65.27988565958702,24.21504207437425,0.981497276392918,1.5982214730313713
SB85843_component_384a,78.98181,-69.127834,39.143001556396484,97.85750579833984,78.98149641250188,-69.12784097830333,20.830127965427376,1.1540226281063026,1.8791531968197095
SB85843_component_385a,98.262478,-66.044356,36.76100158691406,32.07766342163086,98.26234241373042,-66.0443293000573,25.712276034577066,0.8780089668001975,1.4297062437210544
SB85843_component_386a,92.955686,-65.291871,37.904998779296875,155.98765563964844,92.95589245029474,-65.29193107608036,34.55128627578796,0.6737277014679911,1.0970647655991623
SB85843_component_390a,78.693151,-64.737415,38.433998107910156,37.3145637512207,78.69254709833173,-64.73748398872999,23.360249094253884,1.01039277586902,1.6452734708793875
SB85843_component_393a,85.682224,-63.751439,38.5099983215332,149.26356506347656,85.68203903240531,-63.75157624069243,38.18625640872344,0.6193249164507154,1.0084779693862793
SB85843_component_397a,95.004448,-64.87915,41.762001037597656,131.32705688476562,95.00455617047176,-64.87918616598293,24.481223218935977,1.0476116598650218,1.705878855158478
SB85843_component_400a,83.576802,-69.120335,37.10200119018555,68.58040618896484,83.57697402587911,-69.12040168091313,23.511246076808273,0.9691116746797586,1.578053373648423
SB85843_component_402a,81.272098,-66.681137,36.43199920654297,188.76683044433594,81.27220043422491,-66.68135145648688,29.137209771812266,0.767869080880329,1.2503599175027316
SB85843_component_403a,91.025766,-67.538641,36.95000076293945,197.5935821533203,91.02585652572793,-67.5387403552273,20.390701136715233,1.1128443618507378,1.8121005508931598
SB85843_component_404a,95.762262,-66.982596,36.435001373291016,134.94444274902344,95.76234690635353,-66.98271130498058,22.90653777121234,0.9768131001000199,1.59059399273689
SB85843_component_406a,89.143359,-65.832029,36.82600021362305,210.43429565429688,89.14310578906114,-65.83212335951869,13.809591231100057,1.637668008553987,2.666697340808221
SB85843_component_411a,86.665616,-64.5293,36.88999938964844,156.3135528564453,86.66586411515699,-64.52935104422966,22.51362198940662,1.0062720629815143,1.6385635064409612
SB85843_component_412a,79.817988,-70.237561,37.56700134277344,58.24341583251953,79.81810309347082,-70.23763750334462,23.252281486081344,0.9921860029525827,1.6156264650959429
SB85843_component_414a,93.042249,-68.077594,36.55500030517578,181.86566162109375,93.0422960648658,-68.07767025829757,18.59547213878988,1.20723472692975,1.965801138704222
SB85843_component_419a,83.146011,-63.278082,35.558998107910156,64.53538513183594,83.14574594373306,-63.2781070878839,23.798824583614877,0.9175846621386253,1.4941493426693004
SB85843_component_420a,83.2097,-68.336632,37.05500030517578,170.7603759765625,83.2096720854174,-68.33668172402763,18.727568998243896,1.2151154776841446,1.9786337622705044
SB85843_component_423a,88.928699,-68.705621,36.22999954223633,202.4022216796875,88.92857020227565,-68.70576881265848,18.862706641318187,1.1795502730034684,1.9207211473498513
SB85843_component_424a,97.768584,-66.208272,33.33399963378906,30.950788497924805,97.76845419404282,-66.20822111818528,17.472988553475062,1.1715811386369976,1.9077446042943542
SB85843_component_425a,87.029493,-66.087905,35.05699920654297,193.68508911132812,87.02934521867145,-66.08798042855628,18.056118808118836,1.1923464761110503,1.9415578496736396
SB85843_component_428a,85.733511,-70.293013,36.31399917602539,103.45868682861328,85.73369814339279,-70.29318487845227,16.602064497767202,1.3432724885112939,2.1873182808625535
SB85843_component_432a,89.88672,-63.770749,33.992000579833984,135.96800231933594,89.88643109566044,-63.77078957912113,22.378776422482947,0.9328085657903377,1.518939192121503
SB85843_component_434a,86.988952,-70.337559,36.069000244140625,107.34821319580078,86.98886611637283,-70.33779095884772,18.139106240903384,1.2211537788314644,1.9884662323001134
SB85843_component_439a,92.057041,-67.31342,34.527000427246094,171.776123046875,92.05710978899862,-67.31353033795351,23.979994753787775,0.8842231963655517,1.4398251868588237
SB85843_component_443a,88.36973,-70.669003,36.316001892089844,68.39171600341797,88.36981146604107,-70.66936924551553,31.14457363509617,0.7160902781495213,1.1660458838699945
SB85843_component_445a,91.85178,-67.969772,33.040000915527344,158.08612060546875,91.85160296090241,-67.96996702809662,17.869655526939923,1.135470897036522,1.848944478292652
SB85843_component_446a,96.697511,-67.63774,34.91899871826172,117.96958923339844,96.6975995814014,-67.63769553147537,21.401991426159164,1.0019815708565458,1.631577081914958
SB85843_component_448a,92.787242,-64.982174,32.244998931884766,129.49798583984375,92.78727634621124,-64.98213986580367,21.19666283251757,0.9342153795659957,1.5212299778820872
SB85843_component_452a,89.622248,-68.410536,33.50899887084961,183.10928344726562,89.62212016634308,-68.41069948353548,21.363589885115854,0.9632507548518456,1.5685097425594907
SB85843_component_458a,93.458346,-70.39159,36.23400115966797,74.86363983154297,93.45837150617625,-70.39165869025109,18.93196430561691,1.1753650004928635,1.9139060572239581
SB85843_component_462a,94.178424,-63.95258,32.86800003051758,94.44828033447266,94.17846962731251,-63.95267553059697,22.976100279181253,0.8785148319607354,1.4305299694526237
SB85843_component_463a,92.927,-65.71401,31.59000015258789,128.4146270751953,92.92717584089316,-65.71410268585383,16.620252118200856,1.1672507401014558,1.900693198149121
SB85843_component_464a,82.932778,-70.823705,33.573001861572266,30.71637725830078,82.9328445384905,-70.82369251492962,17.985917129859317,1.146330173272974,1.866627184989975
SB85843_component_468a,86.365532,-63.824467,31.881999969482422,126.515869140625,86.36541695469623,-63.82459492603175,23.672128362143322,0.8271045069496162,1.3468159466585352
SB85843_component_470a,98.900819,-69.557006,33.05099868774414,32.15077590942383,98.90086432098265,-69.55693130673063,21.65347983651269,0.937365628012824,1.5263596861698248
SB85843_component_475a,85.685182,-67.43157,32.5,187.8612823486328,85.68521703788525,-67.43169048327974,18.847104955956,1.0589875377773315,1.724402770396281
SB85843_component_477a,79.034443,-65.180912,31.839000701904297,53.87309646606445,79.03401691535775,-65.1812405385485,16.187015757131142,1.2079383691040169,1.9669469147132768
SB85843_component_479a,86.267851,-69.657769,29.947999954223633,95.68051147460938,86.2680959590088,-69.65794383461981,13.477002070190785,1.364666925996931,2.2221559214912014
SB85843_component_485a,94.616154,-63.015146,33.28799819946289,26.046947479248047,94.61635612438712,-63.01489885024058,27.292531707133026,0.7490244479768383,1.2196742521604518
SB85843_component_486a,97.522086,-68.073918,31.766000747680664,76.7294692993164,97.52207878419416,-68.07383824931901,18.369728429494955,1.0619692539963366,1.729258049165075
SB85843_component_488a,88.887219,-66.316254,31.549999237060547,173.35165405273438,88.88693296569984,-66.3164646234251,18.80101332181741,1.030552766182637,1.6781009989737483
SB85843_component_490a,95.625524,-65.613847,31.04400062561035,108.92632293701172,95.62464217416378,-65.61387543932211,5.807034037247526,3.283034520908228,5.345930543283829
SB85843_component_491a,91.924965,-68.741201,33.67499923706055,155.184326171875,91.92491779022306,-68.74141310766335,19.882964927995364,1.0401083562671483,1.6936608478168111
SB85843_component_492a,91.97955,-66.194772,29.468000411987305,132.14349365234375,91.97954796660771,-66.19486847206376,18.49391850907974,0.9785293694377536,1.5933886805827413
SB85843_component_493a,82.448948,-69.03588,30.679000854492188,110.75450897216797,82.4489306757162,-69.03594473139005,20.725913767190104,0.9090330264945026,1.480224283431025
SB85843_component_494a,79.504753,-67.4742,33.172000885009766,78.79335021972656,79.50448041983023,-67.47439164255846,16.593440885552774,1.2276861409659627,1.999103206730996
SB85843_component_497a,87.049285,-63.596516,31.326000213623047,120.484619140625,87.04910563256037,-63.59669017076774,19.939074247223296,0.9648328762242209,1.5710859905136012
SB85843_component_498a,81.881906,-66.615382,29.847999572753906,153.8556671142578,81.88189662420034,-66.61562838165487,17.66434537172041,1.0376952286014012,1.689731430440599
SB85843_component_500a,95.855698,-66.778628,30.454999923706055,106.48600769042969,95.85563812976223,-66.77884006212699,18.607884294688116,1.0051103457266855,1.6366718236957152
SB85843_component_504a,95.992018,-68.086534,29.058000564575195,117.16935729980469,95.99197834190898,-68.08661540696346,24.89888120403621,0.7167010358640664,1.1670404114328146
SB85843_component_505a,96.788423,-68.577459,29.315000534057617,100.39383697509766,96.78863722693869,-68.57749953165633,17.94297088219994,1.0033389949243081,1.6337874439254165
SB85843_component_507a,85.510865,-63.512159,29.4689998626709,80.07880401611328,85.51075223566339,-63.51233688743919,14.117369257077309,1.281928372677805,2.0874285659063228
SB85843_component_509a,82.46246,-63.654639,28.812000274658203,77.87026977539062,82.46210754652567,-63.65473320150514,18.95693602686024,0.9333776624898873,1.5198658809542978
SB85843_component_510a,81.374895,-67.524593,28.448999404907227,82.70057678222656,81.3749797579496,-67.52470550044961,15.324346223541188,1.1400848593690718,1.8564576256574006
SB85843_component_513a,84.56754,-70.942962,28.302000045776367,27.477670669555664,84.56760941630628,-70.94324236582956,25.272872541010226,0.6877247556249676,1.1198568741978492
SB85843_component_517a,88.415096,-63.851461,29.433000564575195,115.42353057861328,88.4149023688119,-63.85146835599873,18.380793692044538,0.9833823646736184,1.601291057268882
SB85843_component_518a,80.733611,-69.068581,28.417999267578125,115.99182891845703,80.73380807283937,-69.06858911452548,17.017796948999493,1.0255156648972574,1.669898833130035
SB85843_component_522a,79.006334,-65.01015,30.958999633789062,48.44913864135742,79.00617032858985,-65.01028535674328,19.730227645827473,0.9636225629648089,1.569115176445328
SB85843_component_523a,97.357463,-70.249579,30.77899932861328,34.198890686035156,97.35829281552722,-70.24952673862394,15.442796891747912,1.2239979038768225,1.993097464427606
SB85843_component_525a,94.751774,-66.624008,27.131999969482422,101.23880004882812,94.75180057133753,-66.62418629356638,25.651442818210683,0.6495642989621342,1.0577182796992866
SB85843_component_530a,79.674756,-65.131267,28.996999740600586,69.37081146240234,79.67476823897185,-65.13141622569337,16.721843405256852,1.0649299714400104,1.7340791345698638
SB85843_component_532a,81.572151,-68.053946,28.19099998474121,123.64473724365234,81.57232692080143,-68.05398058679852,15.408106608960608,1.1236041745657073,1.829621296126462
SB85843_component_534a,92.846883,-65.799599,26.624000549316406,110.01653289794922,92.8470534028543,-65.79966443854963,15.129329299480945,1.0807015523914105,1.7597607945667373
SB85843_component_536a,97.394422,-65.221144,27.57900047302246,33.922508239746094,97.39458320741463,-65.22112416498112,18.507651082709803,0.9151227590908455,1.4901405018807214
SB85843_component_539a,91.600227,-67.224829,26.590999603271484,134.2979736328125,91.60030352404115,-67.2249945081845,16.03569356971544,1.018354653643145,1.6582381976599063
SB85843_component_540a,78.151664,-65.663412,29.832000732421875,31.94004249572754,78.1511199840756,-65.66364637083832,24.667647182985,0.7426886557055128,1.2093573623429756
SB85843_component_543a,83.039951,-68.718639,26.16900062561035,89.01020812988281,83.03997475404749,-68.71872228535462,25.056638414894334,0.6413815593112017,1.0443939123954793
SB85843_component_545a,80.852864,-68.111446,26.48900032043457,92.61888122558594,80.85304383112351,-68.11155542450398,13.98109821416933,1.1635268761835302,1.8946294428851762
SB85843_component_547a,94.602545,-68.039075,26.933000564575195,127.0424575805664,94.60273705594699,-68.03924540400267,18.826328442941882,0.8785596361913567,1.43060292643904
SB85843_component_553a,83.225546,-70.674283,29.121000289916992,38.166446685791016,83.22588077527317,-70.67442297402926,29.075868504895308,0.615071678452882,1.0015522076327346
SB85843_component_555a,98.095086,-65.690944,27.673999786376953,22.535829544067383,98.09447077531242,-65.69072948376962,14.816889993091365,1.14700949801608,1.8677333637005094
SB85843_component_557a,89.803844,-67.938004,26.097999572753906,147.44631958007812,89.80384754561787,-67.93815882614196,21.98761195130457,0.7289223949094924,1.1869410662036657
SB85843_component_564a,83.652077,-67.111861,25.50200080871582,130.1122589111328,83.65224487065737,-67.11206126164927,13.217187883790348,1.184915359370922,1.9294573878299524
SB85843_component_565a,92.29637,-65.790905,25.216999053955078,100.46613311767578,92.29633204964901,-65.79096797984991,17.348494952908712,0.8926551923062708,1.4535554307393739
SB85843_component_566a,78.049388,-67.010484,26.4060001373291,36.77716064453125,78.04908167594489,-67.01076741392187,16.100709854211544,1.0071861262446145,1.6400519217121319
SB85843_component_569a,89.816343,-67.073777,25.413000106811523,141.18333435058594,89.81607696242204,-67.07405022822967,16.96265149722383,0.920056157589174,1.4981738032506715
SB85843_component_572a,97.583733,-67.802366,24.819000244140625,54.66740036010742,97.58384231966313,-67.8022596343355,22.55722715634024,0.675695003863649,1.100268223222847
SB85843_component_573a,81.548738,-70.379445,26.040000915527344,47.867645263671875,81.54904262067694,-70.37930594243183,14.182506172546207,1.1275612731968385,1.8360648392266727
SB85843_component_574a,89.759711,-65.339936,25.094999313354492,125.4749984741211,89.75997507592874,-65.33987085398353,15.834283204522338,0.9732869880551563,1.5848522468126158
SB85843_component_576a,78.141059,-67.843841,26.500999450683594,42.26634979248047,78.1407984710627,-67.84408430896958,12.793769545026542,1.2720842251073385,2.0713988443683986
SB85843_component_577a,87.406189,-66.129439,24.68400001525879,137.89944458007812,87.40604204528888,-66.12950298268706,12.485962730592126,1.2140753490776521,1.9769400684482255
SB85843_component_578a,77.729332,-69.182526,26.288000106811523,36.663875579833984,77.7285050502178,-69.18266090917687,14.924376469474637,1.0817165880473154,1.7614136282731352
SB85843_component_581a,81.199666,-64.157161,26.25,76.5306167602539,81.19895974233874,-64.15725342852357,17.768231882056774,0.9072714231792232,1.4773557759851461
SB85843_component_582a,88.854668,-64.079874,25.53700065612793,123.96601867675781,88.85445853892452,-64.07991201130062,11.839680734297113,1.324591712800758,2.1568994324443653
SB85843_component_585a,88.399745,-70.3096,25.0939998626709,83.92642211914062,88.39986970320079,-70.30974430238423,15.7995664974871,0.9753867632696855,1.588271416602605
SB85843_component_587a,86.714964,-64.430399,25.263999938964844,124.45320892333984,86.71513820076996,-64.43044405696662,15.15844306836959,1.0235278213319516,1.6666619272847385
SB85843_component_588a,88.86946,-65.182953,25.757999420166016,131.41836547851562,88.86958702499734,-65.1829238763786,14.268860259836996,1.1086002743611507,1.805189689373289
SB85843_component_589a,82.357533,-67.826892,24.643999099731445,98.18326568603516,82.35748389354856,-67.82698676924592,15.32544062654997,0.9875301226046383,1.608045060514469
SB85843_component_591a,95.521596,-69.753238,24.586000442504883,79.56634521484375,95.52149789466435,-69.75330760937786,14.980428678144799,1.0078961383853782,1.6412080702586178
SB85843_component_598a,86.159011,-68.066686,25.849000930786133,127.96534729003906,86.15912798392935,-68.0667535458006,14.303411938116499,1.1098294709833096,1.8071912521726603
SB85843_component_599a,83.551446,-65.491415,24.601999282836914,126.81442260742188,83.5513589494239,-65.49141388982262,15.025036410683906,1.0055577228530999,1.6374003104140953
SB85843_component_604a,82.12363,-63.694825,24.72800064086914,67.93406677246094,82.12321706493871,-63.69490118941777,13.735075427819654,1.1056307070200904,1.8003541932346372
SB85843_component_605a,88.680093,-67.80869,24.76799964904785,144.84210205078125,88.68010893755228,-67.80883103310799,20.407801749312426,0.7453269818840831,1.213653481805424
SB85843_component_609a,79.388899,-69.076937,26.524999618530273,64.0700454711914,79.38867709123926,-69.07701360569811,12.538525592027877,1.29915525106562,2.115479960051694
SB85843_component_612a,79.889737,-67.148183,24.770000457763672,90.73260498046875,79.88966308520874,-67.14835253090746,12.619995493058676,1.2053660420557302,1.9627582649603807
SB85843_component_615a,94.323984,-66.041361,22.719999313354492,107.67772674560547,94.32412793964674,-66.04145201447324,16.147913611989523,0.8640602650278042,1.4069928697466723
SB85843_component_617a,91.657485,-65.406618,24.101999282836914,110.05479431152344,91.65751190057804,-65.40669278193947,12.380482511978418,1.1955497021242343,1.9467738240022263
SB85843_component_621a,77.691196,-69.690804,25.589000701904297,26.164623260498047,77.69097007625452,-69.69079938095591,16.338823521803405,0.9617997984269072,1.566147077098725
SB85843_component_631a,82.729673,-63.850586,24.174999237060547,68.29095458984375,82.72963141506665,-63.85074087858081,17.96073154362268,0.8265984467968697,1.3459919034113268
SB85843_component_632a,91.734733,-63.183549,24.04199981689453,34.10212707519531,91.73459060200317,-63.183506007039085,15.077130076126192,0.9792735969265299,1.5946005437045156
SB85843_component_633a,83.068129,-70.398895,23.90399932861328,45.3586311340332,83.06851372700093,-70.39900223874417,10.925495887165663,1.343635740484811,2.1879097823553852
SB85843_component_634a,97.77447,-66.241408,25.062000274658203,26.133472442626953,97.775339683806,-66.24116867037468,9.664447509395547,1.5925417852435257,2.5932160374706905
SB85843_component_636a,86.222888,-66.379729,23.290000915527344,130.1117401123047,86.22287883174317,-66.37991949178742,18.279197980730665,0.7824642538761298,1.2741259731460266
SB85843_component_637a,77.834463,-69.080464,23.826000213623047,36.76852035522461,77.83435235938633,-69.08051315960354,9.924524135489037,1.4743262107089143,2.4007196605451155
SB85843_component_640a,85.416224,-69.142806,23.364999771118164,40.00856018066406,85.41598020166346,-69.14293481559389,14.961245458874995,0.9590696997131533,1.561701519792797
SB85843_component_643a,91.819324,-63.205576,25.19700050354004,35.791194915771484,91.81644610650211,-63.20581866506605,2.3947750823753404,6.461543187804969,10.521656371398153
SB85843_component_644a,87.414785,-69.639647,21.86400032043457,91.10000610351562,87.41498514000702,-69.63971421414875,15.322335603092446,0.8763080314653785,1.4269365250048331
SB85843_component_647a,80.107589,-70.714379,21.527000427246094,16.521106719970703,80.10730638822827,-70.71440933949799,11.944965291240395,1.1067531448670338,1.8021819153407248
SB85843_component_649a,83.649064,-62.851447,24.197999954223633,17.271947860717773,83.64922199378114,-62.85137475972347,21.802824338944745,0.6815831623829075,1.109856208445461
SB85843_component_653a,82.597098,-64.376479,22.42099952697754,100.99549102783203,82.59716688594136,-64.37657487921749,14.478071092074009,0.9510347853348601,1.5486178638293793
SB85843_component_656a,96.326543,-66.951856,21.729999542236328,72.19268798828125,96.3267614013276,-66.95195113515872,11.686297232588995,1.1419180203491077,1.8594426540546103
SB85843_component_659a,85.221667,-66.8054,23.14900016784668,130.05056762695312,85.22169853821373,-66.80558404803192,13.543792976461672,1.0496489332842325,1.7091962501256701
SB85843_component_662a,91.921605,-66.862837,22.854999542236328,110.94660186767578,91.92167635623503,-66.86303736231662,13.679263962479745,1.0260549605272573,1.6707769953795986
SB85843_component_663a,83.04689,-68.506602,21.059999465942383,54.41860580444336,83.0468633776743,-68.50671500467294,11.964421356433126,1.0809828252185723,1.7602188052846093
SB85843_component_665a,91.923366,-65.465366,20.700000762939453,90.78947448730469,91.92332855185143,-65.4654052464296,11.778485117812265,1.0792773460470912,1.7574416876101866
SB85843_component_669a,82.425574,-62.989725,22.01300048828125,19.636930465698242,82.4249893172025,-62.98989346486386,17.0201468184645,0.794269852339892,1.2933496240114801
SB85843_component_672a,95.01386,-67.288873,20.93199920654297,91.40611267089844,95.01388068211851,-67.28904690614608,11.965392967234472,1.0743254914964744,1.7493783333202908
SB85843_component_673a,88.780217,-65.992464,21.81800079345703,119.22405242919922,88.78006825430361,-65.99247820761394,13.611129658433684,0.9844029796445132,1.6029529760550207
SB85843_component_675a,86.838608,-66.638743,21.468000411987305,125.54386138916016,86.83863304159748,-66.63897173997042,21.077631808062975,0.625492229116817,1.0185205153728418
SB85843_component_677a,83.594389,-70.058197,20.988000869750977,53.81538772583008,83.59478851915105,-70.05829423246828,11.971629634690501,1.0766385803584473,1.753144852471338
SB85843_component_678a,89.884848,-69.736877,23.57900047302246,109.16203308105469,89.88566378068843,-69.73704974184139,17.438489591998593,0.8303642864372306,1.3521240098592802
SB85843_component_682a,94.793609,-68.616869,21.48699951171875,88.06147003173828,94.79373924254519,-68.61704729317822,15.17311324977435,0.8696674429551838,1.4161233201128516
SB85843_component_683a,95.843422,-66.499337,20.430999755859375,69.7303695678711,95.84320930405615,-66.49950162857748,8.536544830863706,1.46980469597642,2.3933570502659935
SB85843_component_684a,88.437481,-69.83032,21.652000427246094,83.9224853515625,88.437769735539,-69.8303996675614,12.137318876227338,1.0955378895368941,1.7839195499472795
SB85843_component_686a,91.170767,-67.441717,23.572999954223633,113.87922668457031,91.17191957170031,-67.4418476237488,11.067826997212721,1.3079906237249685,2.1298670425694373
SB85843_component_695a,94.571113,-63.790346,21.517000198364258,43.55668258666992,94.57116683237211,-63.79045852468083,16.549438950133382,0.7984552597989779,1.300164933880785
SB85843_component_696a,91.827591,-70.090245,21.7450008392334,77.66071319580078,91.82751413274104,-70.09036813069662,12.307103272441774,1.0850649156449697,1.766865878823418
SB85843_component_699a,87.874786,-64.500035,21.531999588012695,107.65999603271484,87.8749144098177,-64.49996434586134,13.675513533085596,0.966925150285837,1.5744929457983174
SB85843_component_702a,95.42632,-65.125093,20.28499984741211,62.99689483642578,95.42642816270039,-65.12513836867824,12.64802418587029,0.9849279429624695,1.603807800278675
SB85843_component_703a,89.399869,-63.498958,21.06800079345703,64.0364761352539,89.39927771411395,-63.49901949878183,15.49716661443064,0.8348782770844635,1.3594743682912298
SB85843_component_705a,95.484337,-63.941214,20.52199935913086,38.003700256347656,95.48423852188442,-63.94139472913064,14.500163896503299,0.8691583284226123,1.4152943032650631
SB85843_component_707a,91.521056,-69.876789,20.111000061035156,81.75202941894531,91.52146131004686,-69.87673792263877,13.160971074078782,0.9384213290336941,1.528078737339133
SB85843_component_710a,82.889465,-64.550796,20.56599998474121,87.8888931274414,82.88984832839199,-64.550916883373,20.040559164773992,0.6302199307821297,1.0262188702244799
SB85843_component_711a,89.507126,-63.497164,21.045000076293945,62.26331329345703,89.50663601400532,-63.497265660320856,12.702440834644,1.0174519028638327,1.656768203076126
SB85843_component_712a,80.669074,-66.157655,20.790000915527344,91.18421173095703,80.66898708039628,-66.1578253732836,13.176917367322352,0.9689309385287782,1.5777590718664443
SB85843_component_715a,81.273282,-68.616641,20.0,82.98755645751953,81.2736286200698,-68.6166476391012,12.280535214271975,1.0001493068650054,1.6285935141293153
SB85843_component_718a,97.888687,-67.403298,19.631000518798828,34.99287033081055,97.88874701646982,-67.40325731761018,13.240395181419688,0.9105286686586503,1.4826597129326706
SB85843_component_720a,90.405892,-63.939956,19.67799949645996,77.16862487792969,90.40538808902534,-63.94005777536499,12.604536137310902,0.9587518496680154,1.5611839485477597
SB85843_component_724a,95.254951,-63.290075,22.43600082397461,21.449331283569336,95.255030370465,-63.290071386483675,18.908076201947438,0.7287024686726736,1.1865829492301185
SB85843_component_726a,79.359064,-70.504445,21.709999084472656,19.8991756439209,79.3596436318755,-70.50447857911315,10.280275901630633,1.2969020363578876,2.111810937003069
SB85843_component_732a,84.951706,-62.91748,21.898000717163086,21.638341903686523,84.95156077913751,-62.917676897041254,13.578674514690357,0.9903739872266176,1.612675868581451
SB85843_component_733a,89.205296,-69.614743,21.493999481201172,101.38678741455078,89.20555388178197,-69.61487051683845,15.593961310388227,0.8464726280383797,1.378354034191589
SB85843_component_734a,91.336273,-66.091739,19.37700080871582,91.8341293334961,91.33631692404542,-66.09185847691195,9.430565968300563,1.2618302582854086,2.054701793492428
SB85843_component_735a,93.503363,-69.946354,19.71299934387207,67.97586059570312,93.50326120019305,-69.94647664512804,16.14656464365978,0.7497642163944856,1.220878854352013
SB85843_component_736a,88.315447,-68.757662,19.816999435424805,101.62564086914062,88.31537308510407,-68.75774497350162,11.891843956722838,1.0233892074012245,1.6664362152365466
SB85843_component_737a,90.877358,-67.63798,19.125999450683594,98.5876235961914,90.87746104266112,-67.63807326084313,11.705730743455785,1.003408431883843,1.633900511625572
SB85843_component_738a,82.464659,-68.17169,20.121999740600586,85.62553405761719,82.46494182182747,-68.17176994899239,10.630855442799243,1.1623985613619414,1.8927921510051313
SB85843_component_739a,96.888617,-64.522418,19.599000930786133,22.922807693481445,96.88911363057997,-64.52250585842062,15.667467454343415,0.7682229368009819,1.2509361189292145
SB85843_component_748a,92.151524,-63.800935,20.54400062561035,65.21904754638672,92.15144654644668,-63.80106946603573,11.079100162085306,1.1387612182389728,1.8543022741066695
SB85843_component_752a,81.390225,-68.688877,19.26300048828125,76.13834381103516,81.39030781392192,-68.68900154503125,9.954778004191516,1.1883503366657044,1.9350507344483678
SB85843_component_753a,97.560598,-67.97837,19.368999481201172,45.89810562133789,97.56072539275945,-67.97836982464469,10.219630263559788,1.1639227077722816,1.895273995407188
SB85843_component_754a,81.044581,-64.770215,18.812999725341797,68.9120864868164,81.04400781416035,-64.77021930131471,20.19142222934194,0.5721939690698434,0.931732272826377
SB85843_component_762a,95.83925,-67.358785,18.499000549316406,79.39485168457031,95.83919738576067,-67.3588099898852,11.259835690394846,1.0089469913309925,1.6429192270626913
SB85843_component_763a,81.646492,-65.48866,19.091999053955078,90.48340606689453,81.64660617318039,-65.48875590509732,13.224598010075008,0.8865863937674758,1.443673300270455
SB85843_component_775a,84.098749,-70.428307,20.441999435424805,43.77301788330078,84.09900778034213,-70.42855806890815,16.808391549939934,0.7468774599022926,1.2161782032914301
SB85843_component_776a,90.826484,-63.277197,18.909000396728516,37.14931106567383,90.82626200888396,-63.27735467560328,10.510404791972336,1.1048447741906617,1.7990744192051367
SB85843_component_777a,77.506628,-67.928027,20.80500030517578,23.80434799194336,77.50633050438309,-67.92828074515026,11.076561193518495,1.153492865716382,1.878290558025349
SB85843_component_781a,86.500959,-63.484967,19.645999908447266,56.94492721557617,86.50078190920864,-63.484969138844114,11.61588974332929,1.038660926145567,1.6913039244134924
SB85843_component_784a,84.977703,-70.12918,19.64299964904785,57.26822280883789,84.97809740992842,-70.129290436495,9.314769357437582,1.2950538892903223,2.108801506004383
SB85843_component_785a,86.17406,-68.631234,19.48900032043457,87.00446319580078,86.17378464417989,-68.63144688874704,10.158612454681148,1.178168230186053,1.9184706973887882
SB85843_component_787a,94.207416,-64.607762,17.854999542236328,71.99596405029297,94.20740041271239,-64.60780627184879,12.430529923436804,0.8821091712887409,1.4363828133000272
SB85843_component_788a,87.327178,-67.944708,18.983999252319336,100.97872161865234,87.32722693053474,-67.94475441064198,12.722241995933619,0.9163812473380888,1.4921897617092292
SB85843_component_791a,82.546217,-63.24033,18.29800033569336,26.751461029052734,82.54577055973385,-63.2403081993405,12.05204874787745,0.9323841647446384,1.5182481185131214
SB85843_component_792a,97.627161,-65.932293,17.222000122070312,21.52750015258789,97.62774977430361,-65.93242872603558,10.88948345559775,0.9712442171099522,1.5815258999468267
SB85843_component_797a,95.860079,-65.667647,17.952999114990234,54.40302658081055,95.86019060298433,-65.66760810889943,7.277898680254663,1.5148971260082753,2.4667833263051193
SB85843_component_799a,89.828444,-70.457004,19.82699966430664,49.07672882080078,89.82891449728275,-70.45711796785947,9.799444501703826,1.2425322766249012,2.023277917524746
SB85843_component_800a,77.565978,-69.669037,17.554000854492188,17.075876235961914,77.56515131009019,-69.66927741893971,8.709171724142768,1.2378026230970813,2.0155763843570327
SB85843_component_803a,83.033163,-63.720089,20.0,48.5436897277832,83.0335035056558,-63.720141725917294,10.16565419452873,1.2082221711905088,1.9674090439515663
SB85843_component_804a,87.718932,-65.236234,18.00200080871582,109.76829528808594,87.71908020307647,-65.2361725677815,16.885191161960794,0.6547370729606006,1.0661413682582992
SB85843_component_807a,82.546532,-67.609029,17.363000869750977,73.8851089477539,82.54675432709135,-67.60908582998874,10.957111498956303,0.9731523671782014,1.584633036855092
SB85843_component_809a,82.162634,-67.360105,17.033000946044922,75.36726379394531,82.16276088306854,-67.36022788947828,9.240717561472504,1.1319770228883055,1.8432552269599636
SB85843_component_812a,80.086259,-69.926991,17.18199920654297,42.0097770690918,80.0863475753807,-69.92711970803117,11.196149336025957,0.942447462700774,1.5346346936670705
SB85843_component_816a,95.453026,-65.096022,18.35300064086914,51.26536178588867,95.4527483092136,-65.09607349506796,7.924350898249133,1.4223141114696942,2.316025738451864
SB85843_component_818a,77.891113,-67.788723,18.812999725341797,28.33283233642578,77.8910278073114,-67.78885206233485,8.460066937800605,1.365640498061569,2.2237412379425785
SB85843_component_826a,90.004932,-68.694791,19.055999755859375,110.1502914428711,90.00470527689073,-68.69505878759541,12.271762552785466,0.9536234730490731,1.5528331544790206
SB85843_component_830a,80.971079,-64.263203,17.33099937438965,54.5,80.97028412092233,-64.26313552749356,12.775229386662666,0.8331189963113667,1.3566096427578205
SB85843_component_831a,85.558685,-66.772679,17.266000747680664,85.90049743652344,85.5588045823779,-66.77289650297496,7.759369001589322,1.3665247041237871,2.225181035229042
SB85843_component_832a,90.406984,-65.066018,16.79800033569336,82.3431396484375,90.40700145327035,-65.06606725063847,9.806494147105107,1.051952062767535,1.7129465519185727
SB85843_component_835a,84.91535,-67.573012,18.66200065612793,100.33333587646484,84.91490180869003,-67.5732095314495,7.0501549428522,1.6255924595666942,2.6470341159024313
SB85843_component_838a,90.05882,-69.784122,17.55500030517578,79.79545593261719,90.05909507905588,-69.78422433884397,10.111020219267967,1.0662474362078933,1.73622442883877
SB85843_component_840a,91.821004,-64.00456,17.650999069213867,65.61709594726562,91.82071629855845,-64.00467753187341,12.014334280369372,0.9022392539119785,1.4691616411950874
SB85843_component_842a,94.272766,-64.689551,17.250999450683594,59.692039489746094,94.27301769878602,-64.68956234214369,10.274644216834197,1.0310971973734875,1.6789875237158272
SB85843_component_847a,80.830577,-67.926333,16.81599998474121,42.35768127441406,80.83078451937952,-67.92645407119983,19.185597959212487,0.5382691581934369,0.8764907937970497
SB85843_component_850a,93.239533,-68.507642,16.81999969482422,71.27118682861328,93.23915960568615,-68.50768682246533,14.732233310894799,0.7011477310108366,1.1417141814055762
SB85843_component_854a,80.719195,-63.512498,16.990999221801758,25.588855743408203,80.71869064072145,-63.512669194848925,13.310623834627059,0.7839216291357951,1.2764990907188247
SB85843_component_856a,80.475714,-68.614357,17.06999969482422,63.694026947021484,80.47593807201778,-68.61448953623456,10.971879877703214,0.9554426119575478,1.5557953500305315
SB85843_component_860a,91.559924,-68.674037,16.715999603271484,80.75362396240234,91.55985032707822,-68.67431949533676,8.778995158174302,1.1693369685031085,1.9040903089810768
SB85843_component_861a,84.988434,-67.137174,17.202999114990234,91.02116394042969,84.988450663591,-67.13741305438676,10.702888114372737,0.9870867425556722,1.6073230824387112
SB85843_component_863a,90.072157,-63.517111,15.875,50.23733901977539,90.07186559917615,-63.51707803305111,14.614014728217791,0.6671082794431203,1.086286027161818
SB85843_component_864a,88.089784,-67.152085,16.27199935913086,96.28401947021484,88.08979681267633,-67.1522679223724,7.9686478524659545,1.2540314282765281,2.042002565604072
SB85843_component_865a,86.63409,-64.416892,16.624000549316406,87.49474334716797,86.63405845256813,-64.41694177518299,8.703413610587466,1.1730001268615,1.910055214323465
SB85843_component_866a,82.694791,-66.468279,16.634000778198242,85.30257415771484,82.69489412551103,-66.46839887120653,10.288448506666882,0.9928850387577441,1.6167647403220673
SB85843_component_870a,79.974688,-65.889716,16.569000244140625,54.86424255371094,79.97456392787511,-65.88998315151379,10.792867621370553,0.9427826713665521,1.5351805308288011
SB85843_component_871a,81.748334,-68.497471,15.95199966430664,64.58299255371094,81.74846064902145,-68.49754058072558,8.392966010690806,1.1672175393390587,1.9006391356747157
SB85843_component_872a,82.601709,-68.223781,17.700000762939453,68.0769271850586,82.60176420793316,-68.22392607208609,9.444082898786538,1.1509743145553535,1.8741894742594551
SB85843_component_873a,83.3579,-65.220518,16.607999801635742,79.0857162475586,83.35794522017424,-65.22057316049842,8.089600901971156,1.2607888867139936,2.053006075687732
SB85843_component_875a,82.951632,-67.416363,16.05699920654297,67.46638488769531,82.95168995688489,-67.4164193965762,9.2619152980778,1.0646717198750808,1.7336586105333316
SB85843_component_876a,84.601053,-70.740545,17.406999588012695,23.086206436157227,84.60102830992668,-70.74076973771912,10.618588461522988,1.006721322289003,1.6392950580096282
SB85843_component_877a,91.870159,-64.77415,16.167999267578125,68.21940612792969,91.86995039917852,-64.77419259951454,7.437952145910346,1.334919380924867,2.1737164948645002
SB85843_component_878a,90.31431,-65.195627,15.715999603271484,69.23348236083984,90.31430673937504,-65.19569686389525,10.178866483815039,0.9481885985030978,1.54398327439119
SB85843_component_879a,95.80674,-65.722265,15.567000389099121,47.75153350830078,95.80678824802918,-65.72225660661987,9.2644732306793,1.0318969835373462,1.6802898558278525
SB85843_component_881a,88.267061,-67.178942,16.393999099731445,86.74073791503906,88.26708619218083,-67.17911740237668,8.313303174470327,1.2110537685007776,1.9720198765367378
SB85843_component_883a,82.852541,-64.513653,16.547000885009766,76.25346374511719,82.85275674543307,-64.51364180033355,12.255834579580108,0.8291412787686521,1.350132524844887
SB85843_component_885a,95.210118,-69.564265,16.38599967956543,62.54198455810547,95.21015327954088,-69.56431461087924,8.368837388331782,1.2024304069685636,1.9579780224205987
SB85843_component_886a,91.257505,-66.508589,15.89799976348877,82.37305450439453,91.25772140458469,-66.50876142548142,8.980806580538752,1.0871244929279003,1.7702195922958024
SB85843_component_891a,90.556741,-68.619163,16.559999465942383,83.21607971191406,90.55657978105386,-68.619472717208,7.9433048345583614,1.2802984696845914,2.0847745127312742
SB85843_component_892a,90.061662,-63.733304,16.06599998474121,58.210147857666016,90.06120182772572,-63.73338534511934,9.841940736364243,1.0024879338223516,1.6324016182479295
SB85843_component_897a,97.741897,-68.464354,15.61400032043457,35.16666793823242,97.74212446582621,-68.46419197863162,10.52564732099643,0.910998175489257,1.4834242345635082
SB85843_component_898a,91.755666,-65.332957,15.298999786376953,65.10212707519531,91.75566038194656,-65.33309396231726,8.9587106654989,1.0487444253730835,1.707723394315578
SB85843_component_901a,89.179632,-68.120322,15.986000061035156,89.80899047851562,89.17971351543468,-68.12044301211233,9.878376571533138,0.9938168821802408,1.6182821079227299
SB85843_component_903a,92.485936,-70.171049,16.235000610351562,41.41581726074219,92.48638153887902,-70.17114688446989,10.681356035387727,0.9334220487528918,1.519938157342982
SB85843_component_905a,87.464084,-65.652027,15.881999969482422,84.47872924804688,87.46394645237598,-65.65208295278914,7.9439279391531095,1.22778417756771,1.9992628446697087
SB85843_component_908a,90.363139,-63.432224,17.334999084472656,42.90841293334961,90.36282625262604,-63.43215313440812,16.07780934333285,0.6621388743107333,1.0781940943752477
SB85843_component_909a,88.607019,-68.443165,16.06399917602539,82.80411529541016,88.60685077702013,-68.44329039557043,8.94246346583565,1.1031857315116693,1.7963729164113786
SB85843_component_911a,95.693988,-68.514492,15.866000175476074,66.66386413574219,95.69395421229713,-68.51468873341294,9.804978539399313,0.993740396652178,1.6181575626832612
SB85843_component_913a,98.72925,-68.585432,15.810999870300293,19.938209533691406,98.72908379038597,-68.58574291491632,10.694123050525004,0.907959120674806,1.478475588470444
SB85843_component_914a,78.636758,-64.394785,15.222000122070312,12.275806427001953,78.63621820447933,-64.39457136730519,38.447741539293204,0.24313810333336738,0.39591402544447457
SB85843_component_917a,95.225611,-67.120394,14.694000244140625,60.46913528442383,95.22552306229788,-67.12057938156795,7.748824091108026,1.164545276589566,1.8962877555837623
SB85843_component_924a,92.757561,-66.599843,14.991999626159668,58.33462905883789,92.75764392612443,-66.60007410385529,6.39602153883701,1.4394672303500256,2.3439570262744405
SB85843_component_925a,81.543742,-66.62409,15.562000274658203,69.16444396972656,81.54342219427026,-66.62432482934521,6.672697009179426,1.432241162033494,2.3321904551113337
SB85843_component_926a,98.878519,-68.268924,15.946999549865723,17.019210815429688,98.87881226280362,-68.26882513401156,10.539626347573758,0.9291929475785852,1.5130516987954465
SB85843_component_927a,85.827265,-65.695675,15.479999542236328,73.36492919921875,85.82709776760461,-65.6956793525912,8.220427338296254,1.1564548612010355,1.8831137245286662
SB85843_component_929a,92.623441,-67.558836,14.77299976348877,70.01422119140625,92.62339995502046,-67.55897869235808,7.718936598939964,1.1753395613047062,1.9138646333119949
SB85843_component_933a,77.102829,-69.08337,16.742000579833984,16.051774978637695,77.1017172384597,-69.08368994924147,9.20916684650906,1.1164496675182656,1.8179712517838043
SB85843_component_936a,87.964482,-63.72203,15.218999862670898,67.04405212402344,87.96434050399981,-63.721993306507514,10.63950613290456,0.8784494622161967,1.4304235246035943
SB85843_component_940a,84.198878,-64.54628,15.156000137329102,62.887969970703125,84.19922691576411,-64.54630641790864,15.132508488791006,0.6150717942499825,1.0015523961909882
SB85843_component_942a,91.714512,-70.274404,15.788000106811523,44.34831237792969,91.71493904967996,-70.27449225084476,8.9264822000078,1.0861727795167095,1.768669869391296
SB85843_component_945a,89.097053,-70.71544,15.498000144958496,28.076087951660156,89.09765569928848,-70.71565917729247,6.5970819403824,1.4426996275898825,2.3492205015813634
SB85843_component_946a,95.592169,-64.934237,14.11299991607666,38.35054397583008,95.59216667003541,-64.93423035681573,9.38884982209503,0.9231219631850484,1.5031660089891055
SB85843_component_948a,80.260668,-70.539684,15.0649995803833,18.150602340698242,80.26112795003982,-70.53973972343012,9.69788911167432,0.9539904943412469,1.5534307937433574
SB85843_component_949a,80.437818,-70.346693,14.685999870300293,23.610933303833008,80.43752198696092,-70.34682317419137,9.34643965662109,0.9649603109499523,1.5712934988989755
SB85843_component_950a,84.58961,-64.423256,14.784000396728516,65.41593170166016,84.58983241101494,-64.42339819389267,9.929190174491431,0.9143874866025051,1.4889432206374016
SB85843_component_951a,93.149852,-68.945653,14.604000091552734,61.36134338378906,93.14974783171955,-68.94583943599353,8.257771386547645,1.0860782312047748,1.7685159116106601
SB85843_component_952a,92.886284,-63.149236,14.758000373840332,18.47058868408203,92.88653076061664,-63.149110057547986,9.13503874109117,0.9921315509490262,1.615537798154702
SB85843_component_954a,80.590951,-64.599753,14.82699966430664,45.342506408691406,80.59057433842122,-64.59972012403051,8.7428253902562,1.041486417066971,1.6959048136579735
SB85843_component_959a,80.534976,-65.64957,13.961000442504883,55.621517181396484,80.53482508692808,-65.6497651350568,8.893660294103283,0.9640246554108804,1.5697699238368001
SB85843_component_962a,83.465962,-63.372701,13.982000350952148,26.73422622680664,83.46595778837457,-63.37287631125474,7.150617261044583,1.2008200016717685,1.955355718327122
SB85843_component_965a,86.387785,-63.714189,14.861000061035156,58.2784309387207,86.38760283381168,-63.714358398001266,10.141300616989946,0.8999254144994885,1.4653938998848128
SB85843_component_966a,85.445719,-67.506833,14.461000442504883,84.56725311279297,85.445677006148,-67.50708199325061,8.841659472151804,1.0044231004256443,1.6355527475415759
SB85843_component_967a,92.927428,-65.223693,13.8100004196167,56.367347717285156,92.92772148617017,-65.22353523244512,5.789376100900901,1.4649205292917105,2.385403915538962
SB85843_component_968a,81.308903,-66.242726,14.63700008392334,36.962120056152344,81.30896476571205,-66.24300102979103,9.727580852219397,0.9240582814533959,1.5046906632067554
SB85843_component_970a,93.747255,-69.622892,14.37399959564209,60.14225769042969,93.74715551282988,-69.62309519385411,7.1644297454120345,1.2321061842083767,2.006300585869647
SB85843_component_976a,87.762185,-66.009246,14.388999938964844,85.14201354980469,87.76204522586089,-66.00932608214917,5.912654005117842,1.4945150139730177,2.4335941062186444
SB85843_component_978a,88.301526,-67.354552,13.868000030517578,83.04191589355469,88.30162257505798,-67.35461483615371,8.745904198895794,0.9737809080497409,1.5856565216285436
SB85843_component_980a,95.556087,-67.492275,13.406000137329102,55.626556396484375,95.55636659832767,-67.49229430651343,6.0241363325934705,1.3666476694248286,2.2253812658249785
SB85843_component_982a,83.154906,-65.820657,15.270999908447266,75.9751205444336,83.15471011995189,-65.82079269515755,8.58204294943826,1.0927704140954413,1.7794131302322171
SB85843_component_984a,96.714887,-67.819383,13.654999732971191,46.92439651489258,96.71485512656434,-67.81947402899213,7.6679320926036505,1.093617812596877,1.7807929919127163
SB85843_component_986a,81.688874,-68.381725,14.321000099182129,59.17768478393555,81.68906970347612,-68.38187495342059,7.511989019722894,1.1707671835671394,1.906419200238715
SB85843_component_990a,77.377288,-68.416433,14.28499984741211,14.342369079589844,77.37789064468147,-68.41642670888378,3.8865128580935138,2.257211574873448,3.6755313487935966
SB85843_component_993a,91.205393,-64.242967,13.390000343322754,53.77510070800781,91.20501859636924,-64.24295798107818,19.56948103040067,0.42019745428816074,0.6842286886668963
SB85843_component_994a,85.898343,-64.06533,13.62399959564209,65.18659973144531,85.89842745261916,-64.0653595683694,8.139908141508437,1.0278677868169328,1.6737289117758245
SB85843_component_997a,86.596224,-67.686622,14.008000373840332,77.39227294921875,86.59621159650227,-67.68666690717045,10.847006050372292,0.7930825598220961,1.291416295776801
SB85843_component_999a,91.871011,-62.872105,13.015000343322754,11.864174842834473,91.87192894628176,-62.87219791600546,8.942066289210207,0.8938372225765683,1.4554801901912855
SB85843_component_1000a,84.733456,-63.869516,13.442999839782715,53.345237731933594,84.73339285094579,-63.869699256538176,8.49650164465175,0.9716462638422232,1.582180572900214
SB85843_component_1001a,82.843171,-70.19806,13.081000328063965,32.45905685424805,82.84359621516704,-70.1981618870264,8.409552911950472,0.9552569069681385,1.5554929572385578
SB85843_component_1003a,96.034829,-70.807422,12.98799991607666,31.29638671875,96.03473871695235,-70.80746567586687,10.884685145703449,0.7327883286505182,1.193236160919497
SB85843_component_1006a,82.142789,-68.958553,12.668000221252441,40.08860778808594,82.14290634088107,-68.95860008103105,13.030513382809419,0.5970334624700829,0.9721796715979567
SB85843_component_1014a,83.922161,-64.052559,14.420000076293945,60.588233947753906,83.9225025152505,-64.05246777667105,9.18668510779791,0.9639590162406494,1.5696630402683396
SB85843_component_1016a,95.364665,-64.992808,12.932999610900879,41.0571403503418,95.36471452713076,-64.99294698262004,7.986082898720475,0.9945293124259665,1.6194421939913741
SB85843_component_1019a,80.130492,-65.781425,13.536999702453613,49.2254524230957,80.13043418505815,-65.78167277341248,8.280953292780246,1.0039087087889385,1.6347151377192108
SB85843_component_1021a,85.007507,-68.10658,12.906000137329102,61.75119400024414,85.00719254345506,-68.10688984567518,6.841161859329347,1.1585477471002492,1.8865216760993728
SB85843_component_1023a,83.6784,-67.539419,12.524999618530273,30.623470306396484,83.67848425296559,-67.53957419016477,7.47655231231673,1.0287941412638166,1.6752373414009059
SB85843_component_1025a,94.992556,-64.738815,13.86400032043457,46.0598030090332,94.99258299699116,-64.73899610527684,14.108661838004247,0.6034688714325325,0.9826587722932988
SB85843_component_1026a,89.472774,-63.900895,13.741999626159668,56.08979415893555,89.47273069734652,-63.90089802855224,7.5428465555043465,1.118836940240421,1.821858568252529
SB85843_component_1027a,86.48105,-69.91216,13.111000061035156,47.85036849975586,86.48101879781915,-69.91222684345229,9.061131952372955,0.8885983489880113,1.446949468338954
SB85843_component_1029a,84.034854,-67.044828,13.01099967956543,72.2833251953125,84.03469556949855,-67.04505971700458,6.758944296954045,1.182180894472229,1.9250047208450745
SB85843_component_1033a,96.034178,-70.029741,14.038999557495117,29.493696212768555,96.03392556274734,-70.02968953397689,5.772279141730156,1.4936229318478564,2.432141483942014
SB85843_component_1036a,82.106059,-65.968814,13.321000099182129,67.61929321289062,82.10624522331608,-65.96901838247489,8.214137532251598,0.9959258359582828,1.6217162236301972
SB85843_component_1039a,85.586345,-63.538136,13.350000381469727,39.49704360961914,85.58597677848493,-63.538378517500306,8.45901419057914,0.9692005725332989,1.5781981305029267
SB85843_component_1043a,92.949764,-70.416537,13.069999694824219,29.109130859375,92.94946910979188,-70.4166968945613,6.632978757829796,1.2100940022558264,1.9704570407972348
SB85843_component_1045a,96.334866,-69.214503,12.835000038146973,48.25188064575195,96.33499217485588,-69.2144572156364,8.61648651876651,0.914782396794737,1.4895862728030314
SB85843_component_1052a,94.74755,-70.67441,11.82800006866455,12.912663459777832,94.74787776532764,-70.67442028255296,7.538991807946903,0.9634965954563344,1.5689100572037462
SB85843_component_1053a,89.67816,-66.145895,13.154000282287598,79.240966796875,89.67803792086342,-66.14596934326036,7.1976351869049,1.1223289194061516,1.8275447338897475
SB85843_component_1057a,89.938035,-64.940588,13.470999717712402,74.83888244628906,89.93798794538394,-64.94056972686727,6.02578420461439,1.3728983712609453,2.235559598599077
SB85843_component_1059a,85.227312,-68.529624,12.675999641418457,54.17094039916992,85.22744963341758,-68.52966903343724,8.802629917707623,0.8843453816532783,1.4400241473197746
SB85843_component_1061a,81.216538,-70.388789,13.555000305175781,23.210617065429688,81.21690537664702,-70.38865445012596,4.012826470082181,2.0744419654840147,3.3779183840207727
SB85843_component_1062a,94.851155,-68.542311,12.708000183105469,56.73214340209961,94.85147700487175,-68.54246578029152,6.380865949229102,1.223065536705489,1.991579243980321
SB85843_component_1065a,86.963879,-69.761763,12.142999649047852,40.34218978881836,86.9641029781105,-69.76181372905302,7.894645521847722,0.94459465850906,1.538131080799409
SB85843_component_1066a,90.880559,-69.042837,13.208000183105469,70.63101196289062,90.88062602127188,-69.04303071926412,8.423916449221604,0.9628866223087141,1.5679168071907845
SB85843_component_1069a,98.065897,-69.289035,12.503999710083008,21.595853805541992,98.06622063582763,-69.28898881059862,5.585759078215553,1.3747346917833139,2.2385497718382767
SB85843_component_1072a,86.497504,-65.68189,12.371999740600586,63.1224479675293,86.49743069869695,-65.68207930223849,7.207034933664225,1.0542301014878768,1.7166559971578175
SB85843_component_1077a,93.659609,-63.243987,11.557000160217285,16.006925582885742,93.65955534857004,-63.2441181727853,8.719267531579797,0.8139865961958443,1.3254553915635312
SB85843_component_1079a,93.028627,-63.097558,11.777000427246094,13.694186210632324,93.02851344299553,-63.09753330599686,9.505608909744282,0.7608637372543452,1.2389527634756137
SB85843_component_1080a,88.252526,-69.602021,12.29699993133545,54.89731979370117,88.25310222682731,-69.60212638687092,7.5608991494939115,0.9987984569597739,1.6263938571589793
SB85843_component_1082a,95.78188,-66.201511,11.399999618530273,38.12709045410156,95.7819088557635,-66.20168626968002,8.169875894613277,0.8569224382423106,1.3953699867150668
SB85843_component_1083a,80.041321,-66.83996,12.503999710083008,48.65369415283203,80.04137788865962,-66.84013744058474,14.477418144311036,0.5304078882175532,0.863689891764058
SB85843_component_1084a,84.455537,-64.342942,12.168999671936035,52.679649353027344,84.45567295284287,-64.34288642909127,7.155593795838472,1.044386713032727,1.7006275117256158
SB85843_component_1085a,89.995949,-62.949122,12.090999603271484,13.66214656829834,89.99525584659659,-62.949115535093306,10.203985398585942,0.7276868315435112,1.1849291361145071
SB85843_component_1091a,79.42578,-68.929357,13.57800006866455,38.14044952392578,79.42598595924919,-68.9295178945042,10.1891102806335,0.8183737322429953,1.3325991862579338
SB85843_component_1092a,83.773189,-63.996431,13.010000228881836,51.42292785644531,83.77294650761765,-63.996645683554995,9.62216836339327,0.8303410137743362,1.352086113809574
SB85843_component_1094a,95.073138,-63.617071,12.906000137329102,22.061538696289062,95.07324669565284,-63.617236847148625,11.601819786959707,0.6831525403094674,1.112411705604605
SB85843_component_1096a,83.214371,-67.682942,12.605999946594238,14.953736305236816,83.21457824534956,-67.68288773698039,11.368366482157871,0.6809753206806922,1.1088664291724564
SB85843_component_1102a,80.486143,-65.474946,11.66100025177002,44.50763702392578,80.48595646067065,-65.47511627094887,11.415467141993451,0.6273273957314532,1.0215088096459355
SB85843_component_1107a,93.012885,-65.669736,11.5,49.14529800415039,93.01305648333967,-65.66979700462048,8.652046364437831,0.8162649334563509,1.3291653229307694
SB85843_component_1109a,88.738356,-68.61697,13.61400032043457,70.17525482177734,88.73858085122696,-68.61720936308252,8.986575431385731,0.9303442330014903,1.5149263948631086
SB85843_component_1110a,86.460724,-64.682803,11.92300033569336,55.7149543762207,86.46084028180904,-64.68284094109865,7.642806913593068,0.9580425671635665,1.5600289881048517
SB85843_component_1112a,79.827175,-69.788535,13.069999694824219,27.867801666259766,79.82650705375909,-69.7885558395239,10.315833749473548,0.7780784381436702,1.2669843283865665
SB85843_component_1116a,89.114092,-69.197423,12.104999542236328,64.38829803466797,89.1142986439972,-69.19753281919218,6.17842004980004,1.2032045999719256,1.959238679899742
SB85843_component_1117a,92.441796,-68.739297,11.961999893188477,60.41414260864258,92.44149598142909,-68.73942356706931,6.959825576691993,1.05549839177165,1.718721218136334
SB85843_component_1118a,96.130937,-64.394068,12.609000205993652,22.198944091796875,96.13136394266672,-64.3943204760376,7.088192057519562,1.092439293769948,1.778873950320985
SB85843_component_1121a,89.335167,-69.713765,12.215999603271484,56.03669738769531,89.33518902842243,-69.71386996475421,6.601960406654308,1.1363398364434654,1.8503594161150412
SB85843_component_1125a,85.92935,-69.540431,11.612000465393066,31.048128128051758,85.92953600381671,-69.54049916887328,7.6415639077584405,0.9332047323031974,1.5195842900173173
SB85843_component_1126a,86.084316,-70.055841,12.42300033569336,36.113372802734375,86.08448590838091,-70.05599881681755,5.292030279633593,1.4416383074672277,2.3474923005454715
SB85843_component_1133a,82.972533,-65.992842,11.508000373840332,57.82914733886719,82.97244174856895,-65.99305638524947,7.046693099298797,1.0029208207928901,1.6331065099153348
SB85843_component_1134a,87.861859,-63.732322,12.241000175476074,53.92510986328125,87.86147232785076,-63.73224119305617,9.406124716047627,0.7992052144766844,1.301386122872889
SB85843_component_1139a,91.645804,-65.450028,11.52299976348877,57.044551849365234,91.64589176039856,-65.45003302172675,7.317727465104733,0.9670333669199825,1.5746691603967584
SB85843_component_1141a,91.825791,-67.922334,11.003999710083008,51.181392669677734,91.82553718009292,-67.92253294163314,10.798442394755043,0.6258086934243813,1.0190358301515603
SB85843_component_1148a,89.543478,-67.804642,11.833999633789062,69.61176300048828,89.54379823381211,-67.80473887237292,7.7184128898349345,0.941576654090495,1.5332167121267004
SB85843_component_1150a,88.525731,-65.908827,12.182000160217285,76.6163558959961,88.5256062803792,-65.90894344772502,7.03019736424054,1.0641509101661515,1.732810549840557
SB85843_component_1154a,84.944716,-64.097323,11.402999877929688,41.4654541015625,84.94449918833243,-64.0976008884886,12.257079911983606,0.5713263303049754,0.930319452905019
SB85843_component_1155a,80.850999,-64.87976,12.01099967956543,43.36100769042969,80.85046373408635,-64.8797247757795,8.456200088441978,0.8722802557165916,1.4203778947925072
SB85843_component_1158a,81.955391,-66.025131,12.005999565124512,51.75,81.95530967853915,-66.02535884000605,6.541751742249475,1.127084304566652,1.8352881671715773
SB85843_component_1159a,96.349502,-66.783537,10.86299991607666,32.91817855834961,96.34945641026214,-66.78376394401165,5.371794444986335,1.2418882779281493,2.0222292619955775
SB85843_component_1160a,93.147771,-66.49935,11.10200023651123,41.894344329833984,93.14759908616676,-66.49948784666691,7.726482093405635,0.8824123286615141,1.4368764597262857
SB85843_component_1166a,82.313892,-62.956668,12.177000045776367,10.488371849060059,82.31291014183479,-62.95646150023108,7.112294521059348,1.051435684951713,1.7121057079006694
SB85843_component_1167a,90.173857,-67.695813,11.319000244140625,61.51630401611328,90.17395625093955,-67.69597213762687,8.807358737595166,0.7892498726896289,1.28517533818899
SB85843_component_1168a,91.091842,-69.304977,11.456999778747559,57.28499984741211,91.09201318005103,-69.3051576124572,5.680224418231958,1.2386754999658256,2.0169977337468814
SB85843_component_1169a,90.110688,-66.424493,10.996999740600586,62.48295211791992,90.11083639163733,-66.42465766597701,6.178198184844927,1.093111634442842,1.7799687565180642
SB85843_component_1170a,81.661872,-68.85481,11.357999801635742,23.564315795898438,81.66177974776778,-68.85514560352189,6.11303074852142,1.141030921763549,1.8579981467266364
SB85843_component_1173a,91.830392,-70.205823,12.145999908447266,36.91793441772461,91.83090002365019,-70.20590102521686,7.08875484901931,1.052241566290177,1.7134179650926422
SB85843_component_1175a,86.608228,-63.483118,11.003999710083008,31.711814880371094,86.60804519564154,-63.48317951289886,7.308321373730814,0.9246663878753791,1.5056808735362979
SB85843_component_1183a,90.639796,-70.965438,10.109000205993652,10.629863739013672,90.63959017416016,-70.96570388614009,6.880500406184924,0.9022778956645695,1.4692245635079986
SB85843_component_1186a,86.779041,-70.012084,11.637999534606934,43.75187683105469,86.77899194917907,-70.0123346972709,3.5943897147837958,1.9884071221675241,3.23782351333235
SB85843_component_1189a,84.484767,-70.586644,11.385000228881836,20.928308486938477,84.48487486368597,-70.58699211547665,9.678816925212036,0.722375329961849,1.1762801504412608
SB85843_component_1190a,83.592262,-63.476417,9.694000244140625,23.876848220825195,83.5920610466678,-63.47655934441175,8.012196463050454,0.7430252523457683,1.2099054596134882
SB85843_component_1198a,98.313401,-67.999058,10.54800033569336,15.64985179901123,98.31407847087733,-67.99907374476017,7.767902237412878,0.83390873160573,1.3578956085325813
SB85843_component_1200a,94.38507,-70.155335,12.227999687194824,33.50136947631836,94.3846707498995,-70.1554208496206,5.815054489894112,1.2913791426310253,2.102817730847693
SB85843_component_1202a,81.885394,-67.912455,10.812000274658203,48.05333709716797,81.88502336617805,-67.91251861002436,8.140533680947161,0.8156527560379461,1.3281684835926155
SB85843_component_1203a,86.916249,-71.122234,11.298999786376953,10.318720817565918,86.91677575118152,-71.12198730136788,4.387895202798798,1.58137872300353,2.575038660715949
SB85843_component_1205a,94.215019,-65.521008,11.321000099182129,49.221736907958984,94.2152708292989,-65.52099237778961,4.547308985408793,1.528911919674715,2.489604321040963
SB85843_component_1208a,90.944128,-70.509627,11.946000099182129,25.52564239501953,90.94476748490091,-70.5099094880809,6.111112189412561,1.200478522943516,1.9547996713067144
SB85843_component_1210a,94.044233,-70.849767,10.880999565124512,10.584630012512207,94.04509505563698,-70.84940241552616,4.964883719687633,1.3458970735907874,2.1915920250009586
SB85843_component_1213a,89.477102,-63.533452,11.253000259399414,36.18328094482422,89.47700020549034,-63.5335658736098,10.088808237653009,0.6849842708850049,1.1153944048020914
SB85843_component_1214a,79.223725,-67.282103,9.756999969482422,11.45187759399414,79.22332910329592,-67.28242987078262,7.9988217302158215,0.7491045298783556,1.2198046535560385
SB85843_component_1218a,80.961319,-65.913906,10.885000228881836,45.165977478027344,80.96113974472219,-65.9141381274865,6.59607286853767,1.0134332175608929,1.6502243752948424
SB85843_component_1219a,86.172612,-64.29166,11.491999626159668,58.335025787353516,86.17269363720315,-64.29153731630461,6.8973767219861815,1.023207685660759,1.666140634239623
SB85843_component_1221a,97.909782,-66.350915,11.454999923706055,14.518378257751465,97.90908685693852,-66.35073215893738,6.247285056282118,1.1260454117170542,1.83359648559452
SB85843_component_1222a,82.017189,-70.629618,10.833000183105469,13.036101341247559,82.01774240541906,-70.62974836089204,6.1110737876274195,1.0886376755834501,1.7726835838634676
SB85843_component_1227a,81.202647,-65.266211,10.708000183105469,50.272300720214844,81.20254591778684,-65.26636193577997,7.951720264010352,0.8269883924808261,1.3466268716179688
SB85843_component_1228a,91.534234,-67.045467,10.343000411987305,56.829673767089844,91.53445640736624,-67.04564787339969,5.799520602032003,1.0952331588658917,1.7834233416402354
SB85843_component_1230a,90.938998,-69.789813,10.930000305175781,48.79464340209961,90.93932222713157,-69.78991634086074,6.913865522354234,0.9708483199940436,1.5808812407236432
SB85843_component_1231a,83.050985,-69.525458,10.942999839782715,38.39649200439453,83.0511591016457,-69.52547579182799,5.059544212041902,1.3282417742194927,2.162843011379952
SB85843_component_1232a,81.096432,-67.807992,10.883999824523926,41.07170104980469,81.09675324112365,-67.80788979331474,3.5268867370040877,1.8951742661697273,3.086007755885389
SB85843_component_1239a,85.908452,-65.791073,10.404000282287598,56.23783874511719,85.90828668471427,-65.7911891375018,7.984815169095265,0.8001798762651732,1.3029732137765242
SB85843_component_1243a,87.211209,-65.843383,10.541000366210938,60.23428726196289,87.21073534921177,-65.84339943285974,6.280123173860751,1.03077957430033,1.6784703220607027
SB85843_component_1244a,92.250511,-67.87524,10.826000213623047,56.97895050048828,92.25069910120664,-67.87535326709755,7.344711301119552,0.9052018630243209,1.4739858068992915
SB85843_component_1251a,91.040849,-64.816288,11.03600025177002,48.83185958862305,91.04079473953118,-64.81631824285967,4.7053547942644105,1.440361363834536,2.345412988882867
SB85843_component_1255a,78.242294,-67.402613,10.638999938964844,15.19857120513916,78.24263284897137,-67.40285095429839,5.518998973918777,1.1838389655871047,1.927704641592024
SB85843_component_1257a,96.25475,-70.217572,9.869999885559082,16.560401916503906,96.25488155928045,-70.21765981896695,4.100738564310836,1.4781115227946582,2.4068834749571066
SB85843_component_1258a,94.346939,-65.056007,11.182000160217285,46.39834213256836,94.34692100933937,-65.05619619711204,6.732642359698924,1.0199669190488632,1.660863530662474
SB85843_component_1261a,81.60223,-69.132879,11.135000228881836,39.485816955566406,81.60254828137285,-69.13287275285256,4.207177082917382,1.6253675149484053,2.646667827245459
SB85843_component_1264a,89.33525,-64.06913,10.743000030517578,47.1184196472168,89.33510910384368,-64.06926577872892,6.818617658963261,0.9675677300340899,1.5755392907821437
SB85843_component_1266a,86.074581,-64.32057,10.428000450134277,51.62376403808594,86.07482786087944,-64.32059073764742,16.596055893046124,0.3858764637149112,0.6283420902736108
SB85843_component_1268a,82.772316,-67.33131,10.324999809265137,46.50900650024414,82.77247326099298,-67.33130785503502,5.089747297701812,1.24579323804295,2.028587905322375
SB85843_component_1269a,92.095527,-70.623798,10.192000389099121,20.14229393005371,92.09550973364784,-70.62404228240352,5.688425478975264,1.1003212389160184,1.7917085187754185
SB85843_component_1276a,94.1751,-63.642468,10.505000114440918,24.317129135131836,94.17492885542651,-63.64266575861144,7.269381988113585,0.8874639252455714,1.4451022289952575
SB85843_component_1277a,92.344718,-68.841671,10.17199993133545,48.66985321044922,92.34443673508468,-68.84190806172553,6.594223777441029,0.9473158526973837,1.5425621384178776
SB85843_component_1278a,90.900466,-69.411184,10.182000160217285,49.66829299926758,90.90044496481394,-69.41116494368343,8.186428343961355,0.7638195538800685,1.2437658686315805
SB85843_component_1279a,79.263047,-64.491364,10.569999694824219,13.871390342712402,79.26268447798373,-64.49136749272664,9.281235939855708,0.6993930287080257,1.1388569112260436
SB85843_component_1282a,84.379923,-69.887614,10.359999656677246,25.707195281982422,84.38037518879062,-69.8878200796297,7.713112955420283,0.8248636906082922,1.34316711249469
SB85843_component_1288a,85.652204,-67.100219,10.04699993133545,53.727272033691406,85.6522630157887,-67.10042091997573,4.718418688764552,1.3076516355798244,2.129315051091006
SB85843_component_1293a,87.516033,-66.177062,10.034000396728516,59.02353286743164,87.515855789506,-66.17709221444535,6.367582271741002,0.96772438876183,1.5757943860825931
SB85843_component_1294a,95.62663,-69.991225,10.319000244140625,25.927135467529297,95.62667383316581,-69.99114164671612,6.601851414458074,0.959895630091941,1.563046423847405
SB85843_component_1298a,92.977835,-65.168582,9.61400032043457,43.70000076293945,92.97812411795736,-65.168707324451,7.278943351623229,0.8111252671321959,1.3207961452661416
SB85843_component_1303a,82.437959,-65.108566,9.956999778747559,41.83613204956055,82.43778360772309,-65.10862161389298,4.989739818679008,1.225470141668427,1.9954947834100878
SB85843_component_1306a,96.638262,-69.218699,10.467000007629395,33.9837646484375,96.6388654461312,-69.21877594598197,6.903480016924552,0.9311213607108701,1.5161918310719416
SB85843_component_1308a,85.464927,-68.291863,9.829999923706055,43.114036560058594,85.46479713328102,-68.29215035859617,8.680825353283655,0.6954159269492218,1.1323807960250816
SB85843_component_1311a,84.994351,-68.730684,10.696000099182129,31.36656951904297,84.99446583237119,-68.73083355772789,5.2810273327438315,1.243813082552246,2.025363518356356
SB85843_component_1312a,95.178442,-68.722629,10.048999786376953,48.081336975097656,95.17849978627065,-68.72271864213653,7.523921291883266,0.8202207099411651,1.3356067131135088
SB85843_component_1318a,90.512944,-65.283303,9.972999572753906,51.14358901977539,90.5133082026179,-65.28335756409858,7.59697240464638,0.8061899668426832,1.3127597471137746
SB85843_component_1321a,80.626549,-65.421797,10.484999656677246,42.44939422607422,80.62573454516198,-65.42223947097794,5.423213938583293,1.1873091669068858,1.9333553452652918
SB85843_component_1324a,79.182632,-69.887024,10.288000106811523,18.981550216674805,79.18238995034928,-69.88719758714988,5.00734641400956,1.2617562367222626,2.0545812604511933
SB85843_component_1325a,84.513015,-69.276129,9.100000381469727,12.101064682006836,84.51280860563084,-69.27638978825075,6.964575474963242,0.8024147416290219,1.3066123576638755
SB85843_component_1326a,97.106856,-64.956241,9.973999977111816,12.936445236206055,97.1076413120441,-64.95655480171973,5.632645179741894,1.087449520129385,1.7707488504661777
SB85843_component_1327a,85.430752,-63.410467,9.954000473022461,26.40318489074707,85.43067200341704,-63.41050656590885,5.352428537542786,1.1420862867495942,1.8597166507135063
SB85843_component_1328a,92.69671,-67.918249,10.22700023651123,50.62871170043945,92.69662418239496,-67.9181121674013,10.419223847652503,0.6027886063302944,0.9815510623486046
SB85843_component_1329a,87.868664,-67.884735,10.442999839782715,53.28061294555664,87.86849371979658,-67.88494180522045,6.8577858769246305,0.9351762910769648,1.5227946785159572
SB85843_component_1336a,94.490171,-69.434454,9.718999862670898,44.17727279663086,94.49074058056304,-69.43454030339377,4.084919695826066,1.461134482425965,2.3792389046476687
SB85843_component_1340a,95.038244,-65.931035,9.958000183105469,36.8814811706543,95.0381349166663,-65.93136180242557,9.78593466115221,0.6249164480450244,1.0175829420398972
SB85843_component_1345a,80.343184,-67.21028,9.380999565124512,37.82661056518555,80.34320801125762,-67.21045177801822,5.253270963656947,1.0966586056983634,1.785744468546153
SB85843_component_1350a,91.707021,-63.090993,10.300000190734863,13.48167610168457,91.70654278026748,-63.09127758528541,7.126771111753475,0.8875576247540621,1.4452548046264735
SB85843_component_1351a,78.573609,-70.315498,10.604000091552734,10.265247344970703,78.57311519138338,-70.31581745356583,4.435564677608664,1.4681585002180253,2.390676466760405
SB85843_component_1352a,81.683015,-64.989788,9.253000259399414,35.588462829589844,81.68311441296886,-64.9899069352689,6.5764582569874985,0.8640574994118203,1.4069883663548057
SB85843_component_1353a,82.60247,-67.184005,10.090999603271484,50.70854187011719,82.60256617442892,-67.18399308292723,4.839034825074855,1.2806415224484053,2.0853331228331027
SB85843_component_1354a,89.528045,-64.485142,9.387999534606934,46.939998626708984,89.52791682497156,-64.4851663201414,5.359537645462907,1.0757166013327313,1.7516435475650225
SB85843_component_1357a,83.104827,-63.626614,8.859999656677246,19.42982292175293,83.10475302771525,-63.626843461743526,6.474205652716864,0.84042575285153,1.3685076026213652
SB85843_component_1364a,85.091994,-65.780001,9.477999687194824,54.786128997802734,85.09157517209472,-65.78018988451434,6.568598545624722,0.8861272817163505,1.4429257049828423
SB85843_component_1365a,84.007376,-66.508092,9.440999984741211,53.94857406616211,84.0075051485243,-66.50832032429334,4.955599371281999,1.1699678969209397,1.9051176815164643
SB85843_component_1369a,84.363171,-68.880344,8.98799991607666,19.710525512695312,84.36375303037289,-68.88024502487278,5.341555948230636,1.0333499326424622,1.6826557660701638
SB85843_component_1370a,96.53002,-65.209541,9.241000175476074,17.978599548339844,96.52968936672355,-65.2098438568454,5.485926903154152,1.0344776195336425,1.6844920354594826
SB85843_component_1375a,84.949261,-67.307232,9.605999946594238,51.09574508666992,84.9491828224877,-67.30742423638975,6.704422822608903,0.8799000077287344,1.4327855209549925
SB85843_component_1376a,85.005339,-70.253197,9.609000205993652,26.76601791381836,85.00608761908947,-70.2533950662564,5.966745260054062,0.9889921474536264,1.6104257492478553
SB85843_component_1377a,83.493014,-65.205284,9.756999969482422,48.78499984741211,83.4927642061357,-65.2051797381907,5.466028092778701,1.0962171233093754,1.7850255805257615
SB85843_component_1378a,80.19143,-68.919634,9.065999984741211,31.81052589416504,80.19155673500111,-68.91970527350442,5.690082608587122,0.9784739770434361,1.5932984823558383
SB85843_component_1379a,90.642366,-63.057542,9.520999908447266,13.447739601135254,90.64234840660964,-63.057396971118244,8.490809663574279,0.688629451648384,1.1213300363206258
SB85843_component_1381a,79.031849,-69.752975,9.418999671936035,18.078693389892578,79.03127498890271,-69.75303578841054,6.064146388619618,0.9538657225519371,1.5532276215515441
SB85843_component_1386a,91.466274,-65.564561,9.564000129699707,47.81999969482422,91.46619994688362,-65.56467496084662,4.5334327970418595,1.2955808753287383,2.1096596239256877
SB85843_component_1388a,93.602122,-69.313509,10.027000427246094,36.19855499267578,93.6022294614677,-69.31374461531239,6.23631704548892,0.9874042333901262,1.6078400687628909
SB85843_component_1394a,97.619809,-66.480098,9.543999671936035,14.035293579101562,97.6203243725235,-66.48014454982899,5.712350625577311,1.026048043215057,1.6707657315715778
SB85843_component_1396a,80.727062,-70.51598,8.895999908447266,11.90896987915039,80.72659380076132,-70.51602101801434,7.548261593367754,0.7237689778830002,1.178549497577521
SB85843_component_1397a,94.032965,-67.917849,9.866999626159668,53.04838562011719,94.03318596346747,-67.91793369303451,6.485714752625453,0.9342850619207408,1.5213434451716292
SB85843_component_1398a,87.32233,-68.696113,9.914999961853027,48.84236526489258,87.32198844607335,-68.69638980326363,7.731403710819345,0.7875651729283574,1.2824320566752907
SB85843_component_1400a,92.923676,-67.398211,8.897000312805176,42.366668701171875,92.92349405045849,-67.39832673345852,5.352642009097829,1.0207691707574085,1.6621698775451523
SB85843_component_1404a,87.727757,-65.147199,8.958999633789062,55.64596176147461,87.72772522194553,-65.14721634710311,6.296937671458561,0.8737400873690154,1.4227550122334127
SB85843_component_1407a,86.486389,-69.199208,9.145999908447266,29.503225326538086,86.48644638494194,-69.19939577569102,6.216269570024142,0.9035527054829027,1.47130040057316
SB85843_component_1409a,79.007367,-66.13679,9.53499984741211,22.97590446472168,79.00681964216903,-66.13712401930897,7.325562470767109,0.7993405621356606,1.3016065162862005
SB85843_component_1410a,81.550463,-66.040928,9.305000305175781,27.611276626586914,81.55022299560034,-66.04099214444486,5.467248347127085,1.0452007848643246,1.701953105910279
SB85843_component_1412a,91.680443,-63.283536,9.918000221252441,17.4920654296875,91.67998279098968,-63.283485085754926,8.192169560492793,0.7434937436455268,1.210668327604273
SB85843_component_1414a,86.730578,-68.860137,9.968000411987305,38.04580307006836,86.73050414783883,-68.86009604421986,7.026185042589625,0.8712456072667747,1.4186931245854892
SB85843_component_1415a,94.164012,-65.422713,8.595000267028809,37.86343765258789,94.16433933384263,-65.42270750655875,5.020385460859075,1.0513830440735126,1.712019990106109
SB85843_component_1417a,88.758839,-70.245028,8.843999862670898,30.496551513671875,88.75918651923361,-70.24509622245125,6.79535772084339,0.7992608504802341,1.3014767177809803
SB85843_component_1419a,92.269497,-64.240886,8.89799976348877,36.46721267700195,92.26928028637185,-64.24087725841675,4.030491997731625,1.355771387006164,2.2076708671042136
SB85843_component_1421a,87.913939,-65.668203,9.437000274658203,51.28804397583008,87.91369513307048,-65.66821107179753,5.12863776475998,1.1300146636422923,1.8400598185159318
SB85843_component_1425a,98.574251,-68.217849,9.612000465393066,12.30729866027832,98.5731892486793,-68.21831559489254,5.085888096927604,1.1606442395448906,1.8899355003897345
SB85843_component_1428a,79.395453,-64.685931,8.928999900817871,15.44809627532959,79.39497149854557,-64.6860712132107,6.863319742872851,0.7989520651030845,1.3009739069915993
SB85843_component_1431a,79.244337,-67.924272,8.642000198364258,23.420055389404297,79.24385428736139,-67.92445907693919,4.286985064227742,1.2379823099960192,2.015868977589039
SB85843_component_1432a,93.003885,-64.746311,8.781000137329102,39.7330322265625,93.00361134760195,-64.74634288490563,3.6930199923563274,1.4602071230179898,2.377728838593802
SB85843_component_1433a,81.734827,-63.259559,8.984999656677246,12.708626747131348,81.73428715132889,-63.259757914309276,6.5241708870531445,0.8457555849189374,1.377186436748228
SB85843_component_1436a,93.067032,-69.632062,8.654999732971191,39.34090805053711,93.06685077262725,-69.63214656199362,4.8246595810365305,1.1016725299179195,1.7939088940056886
SB85843_component_1437a,84.973014,-64.866443,9.079999923706055,45.39999771118164,84.97278434740615,-64.86652569362771,5.607281276290641,0.9944561554229093,1.6193230687568976
SB85843_component_1438a,89.835241,-63.474279,8.84000015258789,23.44827651977539,89.83501430583797,-63.4745801565291,5.602270337932561,0.969036973958135,1.5779317346992163
SB85843_component_1439a,87.190274,-64.624489,9.432999610900879,50.98918533325195,87.19003626815568,-64.62458689349329,4.814055502910271,1.2033469480782328,1.9594704724941971
SB85843_component_1442a,79.042455,-65.372233,8.89900016784668,17.79800033569336,79.04238655495007,-65.37271690607886,7.1053754508449,0.7691416351819629,1.2524320817963954
SB85843_component_1447a,86.258182,-67.726894,9.145000457763672,50.247257232666016,86.25800160309147,-67.72694530906568,7.5527041569633635,0.7435897514580494,1.2108246619632599
SB85843_component_1448a,91.004072,-68.810684,8.529999732971191,44.42708206176758,91.00367140688358,-68.81105302376852,5.708110446735236,0.9177170222308576,1.4943648712771387
SB85843_component_1451a,96.661955,-70.40558,9.560999870300293,10.939358711242676,96.66207910584652,-70.40547283015331,6.040742493150411,0.9719974528750316,1.5827524316988344
SB85843_component_1452a,98.283353,-67.523562,9.465999603271484,13.37005615234375,98.28310769198198,-67.52375779380374,6.685477351323453,0.8695332577802033,1.415904819630808
SB85843_component_1453a,88.572118,-62.896134,9.163000106811523,11.425187110900879,88.57283955758078,-62.89600789919547,10.110567541632797,0.5565629525859297,0.9062795010349887
SB85843_component_1457a,85.774783,-65.712788,8.472000122070312,42.36000061035156,85.77467610892505,-65.71316481291365,5.772145065766638,0.9013653385260904,1.467738600735442
SB85843_component_1458a,93.835651,-65.633163,8.42300033569336,36.94298553466797,93.83539163945774,-65.63316720378789,3.569261535296574,1.4492409053654298,2.3598719937998274
SB85843_component_1459a,92.619037,-69.442222,8.690999984741211,40.802818298339844,92.61829142332331,-69.44245104133093,5.243260502772445,1.0179359469620397,1.6575563964723337
SB85843_component_1461a,89.678821,-66.042735,8.543999671936035,50.85714340209961,89.67875936963051,-66.04279628660288,4.908820708801215,1.0688978175552504,1.7405401783400172
SB85843_component_1462a,84.456971,-66.499413,8.62399959564209,43.776649475097656,84.45683449357495,-66.49962042873996,4.212768041360871,1.2571679994451381,2.0471100024904856
SB85843_component_1463a,81.832948,-66.384911,8.407999992370605,40.42307662963867,81.83313440452025,-66.38518263871563,5.926818701843902,0.8712106934981976,1.4186362727368023
SB85843_component_1465a,92.575866,-63.513037,9.472000122070312,15.10685920715332,92.57528492419169,-63.51336585983361,2.124984810907176,2.737398357152217,4.457443683104081
SB85843_component_1469a,94.357342,-70.453495,9.300999641418457,16.66845703125,94.35757603135534,-70.45348700388519,5.5770759919774235,1.0241774346090753,1.6677197253180458
SB85843_component_1472a,88.613083,-67.080049,8.675999641418457,52.26506042480469,88.6132190738415,-67.08030832365425,5.143367716840909,1.0359149201378084,1.6868324644591646
SB85843_component_1473a,89.682548,-70.153634,8.85099983215332,34.98419189453125,89.68274186964467,-70.15358991294526,4.2751176741547,1.27144154053863,2.0703523287001424
SB85843_component_1474a,81.889092,-64.057333,7.7829999923706055,27.213285446166992,81.88884650662362,-64.05740665292389,6.120909821392049,0.7808779979594315,1.2715429927050543
SB85843_component_1477a,82.792358,-63.343345,9.130999565124512,16.161060333251953,82.7919354580013,-63.34343297224222,6.6078507832084314,0.8486140780945324,1.381841065226199
SB85843_component_1483a,80.056465,-69.412055,8.914999961853027,21.430288314819336,80.05642332845288,-69.41212193565755,3.9630577061399266,1.3814751808645012,2.2495256498640193
SB85843_component_1493a,83.758337,-70.452792,7.603000164031982,13.456637382507324,83.75941456710592,-70.45290534027762,3.985741678273427,1.1714614167919446,1.9075496551812423
SB85843_component_1496a,83.133491,-65.348681,8.682999610900879,40.765254974365234,83.13323107181958,-65.34885648569141,4.225921347727158,1.2618290141228097,2.0546997675597742
SB85843_component_1497a,86.473881,-64.61482,8.989999771118164,42.00934600830078,86.47403011823269,-64.61476890932842,5.305978714195853,1.040510134802408,1.69431508405149
SB85843_component_1498a,88.643616,-66.441847,8.359999656677246,49.76190185546875,88.64336553631853,-66.44222631057718,6.04250392130233,0.8496527279259982,1.3835323510845865
SB85843_component_1503a,94.80478,-70.339597,8.413000106811523,18.014989852905273,94.80429515572997,-70.33975952493195,4.792293424475871,1.0781014508752615,1.7555269182482593
SB85843_component_1504a,89.607499,-65.613595,7.896999835968018,43.39011001586914,89.60757617349024,-65.61375042702493,5.433795243351107,0.8925056973693428,1.4533120006004887
SB85843_component_1506a,88.076951,-64.476956,8.88700008392334,44.435001373291016,88.07725693461155,-64.47693421941588,5.429444275277102,1.005198753929143,1.6368157832266867
SB85843_component_1507a,81.883134,-68.586347,8.407999992370605,33.23320388793945,81.88290852625131,-68.58637166238935,6.050974276604512,0.8533349499494156,1.3895282987533593
SB85843_component_1508a,97.307137,-66.245966,7.894999980926514,10.057324409484863,97.3067948979563,-66.2462754732016,3.32826430245996,1.456754820099226,2.372107279788815
SB85843_component_1511a,87.037113,-66.152956,8.418000221252441,50.10714340209961,87.03708536623894,-66.15293597502841,4.658698728212004,1.1096766410579655,1.8069423915040859
SB85843_component_1515a,92.963536,-68.998489,8.300999641418457,42.3520393371582,92.96330285461006,-68.99861166654127,4.102862571174609,1.2424976110032322,2.0232214697461735
SB85843_component_1517a,91.706728,-65.81786,8.89900016784668,42.99033737182617,91.70593525528143,-65.8179857560377,3.6490177850155945,1.4976742824566056,2.4387385022867596
SB85843_component_1519a,94.671905,-65.841789,7.76200008392334,35.605506896972656,94.67231838245347,-65.8419449855592,4.870438283806766,0.9787183613166957,1.593696425582568
SB85843_component_1523a,82.12145,-70.214448,7.855000019073486,18.22505760192871,82.12188956053588,-70.21450356586259,3.734696186484748,1.2916446506388997,2.1032500709159265
SB85843_component_1524a,84.203826,-67.329828,8.196999549865723,42.916229248046875,84.20383939380955,-67.3301648284232,4.835588010798833,1.0410168438303917,1.6951401838949445
SB85843_component_1525a,92.404902,-65.121147,8.057000160217285,34.878787994384766,92.40487110654925,-65.12122168022356,4.293673068319205,1.1523821873921933,1.876481984542728
SB85843_component_1527a,93.974393,-63.479276,8.258999824523926,16.068092346191406,93.97461978700531,-63.479100850539,6.089604767754404,0.8328954463221433,1.356245625045631
SB85843_component_1533a,89.642688,-66.925246,8.258000373840332,46.13407897949219,89.64251734218597,-66.92553747354461,5.147992232283473,0.9851200372967485,1.6041205971628605
SB85843_component_1540a,93.661902,-65.00655,7.942999839782715,32.02822494506836,93.66217306378631,-65.00664973187037,5.618367100830653,0.8682135887579339,1.4137559360634113
SB85843_component_1545a,94.978771,-63.866863,8.329000473022461,18.185590744018555,94.97814332479078,-63.86704037905101,2.9204134637855335,1.751461850654409,2.851993587999058
SB85843_component_1546a,82.320839,-65.62562,8.211000442504883,38.914695739746094,82.3208517983927,-65.62572802900782,5.680313141121835,0.8877198580647117,1.445518977301179
SB85843_component_1548a,89.028271,-70.98268,8.145999908447266,10.03201961517334,89.02880288415959,-70.98291343465434,3.6254996329749747,1.3798398166646884,2.246862703931073
SB85843_component_1549a,83.406076,-70.197529,7.559999942779541,17.830188751220703,83.40612702716624,-70.19782122691785,4.8816956500829685,0.9510497371052695,1.54864221055056
SB85843_component_1552a,84.561681,-67.307333,8.071999549865723,47.48234939575195,84.56159386181766,-67.30748441388529,4.321612217500991,1.1470635296939884,1.8678213462043167
SB85843_component_1553a,91.729933,-70.814881,7.618000030517578,10.407103538513184,91.72901352997441,-70.81476307231155,5.510367812756358,0.849009439471505,1.3824848520786774
SB85843_component_1558a,93.724187,-66.89182,8.357000350952148,44.45212936401367,93.72417201621067,-66.89212876257879,3.9709515448439654,1.292432796857353,2.104533449118309
SB85843_component_1560a,94.028274,-70.006912,7.744999885559082,25.146102905273438,94.02774031442917,-70.0069982966823,5.489051593522106,0.8665153095573723,1.4109905424644449
SB85843_component_1561a,86.641539,-67.948579,8.60200023651123,42.58415985107422,86.6412931536382,-67.94864935140214,5.556369541955031,0.9507371528665749,1.5481332138834996
SB85843_component_1562a,96.590907,-64.777384,8.767000198364258,13.40519905090332,96.59153998274061,-64.77736481649013,10.455272344836612,0.5149532503838151,0.8385243262165126
SB85843_component_1563a,88.402775,-64.383889,7.659999847412109,44.795318603515625,88.40285163520352,-64.38387809387368,12.763937174320292,0.368549851486979,0.6001282944907649
SB85843_component_1567a,86.90269,-68.151731,8.140999794006348,47.608184814453125,86.90258761298203,-68.15198181474756,8.735498634953776,0.5723242937044588,0.9319444869960105
SB85843_component_1568a,89.85711,-70.222331,7.919000148773193,29.221403121948242,89.85729240046409,-70.22230521938278,5.8055063462249645,0.837688174081794,1.36404986516336
SB85843_component_1569a,95.980812,-65.379313,7.914999961853027,20.994693756103516,95.98137892409588,-65.37918768743792,5.242960825955089,0.927099702553352,1.5096431624417455
SB85843_component_1575a,89.66107,-65.022723,7.505000114440918,43.38150405883789,89.66102984940615,-65.02263534874346,4.555488095824433,1.0117376796862898,1.6474634455350705
SB85843_component_1576a,82.434738,-63.474256,7.754000186920166,15.921972274780273,82.43450813350212,-63.474206527046036,3.7432057383098436,1.2721380615084292,2.071486508893124
SB85843_component_1578a,88.444514,-63.643985,8.210000038146973,29.113473892211914,88.44373006892259,-63.643955784615926,4.5532558661342,1.107320246625564,1.8031053557105319
SB85843_component_1583a,85.992871,-63.74848,7.9679999351501465,29.842697143554688,85.9927637770414,-63.74870607925671,3.5664182414653007,1.3720476264461434,2.234174287947902
SB85843_component_1588a,86.052429,-66.801389,7.98199987411499,46.952938079833984,86.05255262382259,-66.80148772376677,6.122836256274319,0.8005919313550891,1.303644183842988
SB85843_component_1593a,86.108879,-64.739525,7.673999786376953,37.617645263671875,86.10894503227938,-64.7394855396112,4.053490549850637,1.162638647528968,1.8931830954089
SB85843_component_1594a,89.708677,-70.196501,7.495999813079834,26.581558227539062,89.70856705962647,-70.19672003568411,4.710851823905201,0.9771973046412353,1.5912196123515092
SB85843_component_1596a,88.736757,-69.050161,7.896999835968018,39.4849967956543,88.73676426367905,-69.05043504072646,4.824421479658581,1.0052382930217167,1.6368801667235091
SB85843_component_1600a,86.411922,-65.139125,8.274999618530273,42.87564468383789,86.41198756705994,-65.1390675743221,3.3228371142743938,1.5293647189791488,2.490341636965037
SB85843_component_1601a,89.11458,-66.811893,7.614999771118164,42.3055534362793,89.11515585215183,-66.81212313903387,4.027993960170766,1.1610026776635243,1.8905191632400875
SB85843_component_1602a,90.436511,-68.609406,7.835999965667725,44.522727966308594,90.43609922391313,-68.60942839370767,4.6998137000762386,1.0239197498010693,1.6673001241603709
SB85843_component_1606a,95.930553,-66.043045,8.22599983215332,28.964786529541016,95.93092610403009,-66.04337451057914,3.7712198061040656,1.339550181875319,2.1812570613992808
SB85843_component_1614a,93.381718,-66.604246,7.866000175476074,32.23770523071289,93.38161948836189,-66.6044337694449,4.626377589042808,1.0441550990899686,1.7002503630715409
SB85843_component_1618a,85.033378,-65.073883,7.480000019073486,38.163265228271484,85.0329898404771,-65.07381988299198,4.523739331548997,1.0154444364923214,1.653499344426687
SB85843_component_1621a,98.241527,-67.28515,8.529999732971191,11.208935737609863,98.240008959158,-67.28569526064082,3.4608331387637614,1.513632675054054,2.4647243571003767
SB85843_component_1625a,91.413828,-64.341344,7.425000190734863,32.28260803222656,91.41329630538904,-64.34138657894783,7.293539963258489,0.6251874330711609,1.018024200612955
SB85843_component_1630a,86.357087,-70.100022,7.617000102996826,23.803125381469727,86.35750132943228,-70.10017678512925,2.8996448683152067,1.6132114195003973,2.626873444478932
SB85843_component_1631a,88.036777,-69.436086,7.361999988555908,36.26601028442383,88.03667548071178,-69.43637102926898,5.329605252197795,0.8483067183897806,1.381340575931023
SB85843_component_1640a,93.04772,-67.335849,6.998000144958496,33.16587829589844,93.04775243938516,-67.33606645560052,4.16689175326679,1.0313685069078324,1.6794293107019527
SB85843_component_1644a,78.955219,-68.748742,8.147000312805176,20.469850540161133,78.95481922538454,-68.74892164206783,4.972137521140448,1.006251957909901,1.6385307683397534
SB85843_component_1646a,95.478761,-66.986786,7.36299991607666,31.87445831298828,95.47823403152108,-66.98706569273524,11.160793129583306,0.4051462976898627,0.6597201319465332
SB85843_component_1649a,94.924146,-64.749974,7.830999851226807,26.91065216064453,94.92401114856196,-64.74992177796526,6.148469153761815,0.7821721610940201,1.2736503437502926
SB85843_component_1650a,92.015562,-66.872651,7.426000118255615,37.130001068115234,92.01581285545566,-66.8728797410547,2.8960885647012584,1.574690655922745,2.5641481440750185
SB85843_component_1652a,85.973959,-65.324736,7.447000026702881,35.97584533691406,85.97422206800098,-65.32481660397218,4.760376269194347,0.9607097787946858,1.5643721432052309
SB85843_component_1667a,91.522731,-63.261612,7.839000225067139,12.522364616394043,91.52166934641464,-63.26127640915155,3.7018356074725016,1.3004560690905278,2.11759814759018
SB85843_component_1668a,85.582505,-67.235428,7.486999988555908,41.594444274902344,85.5824439289057,-67.23571707212562,4.026277466026206,1.141974140007135,1.859534036521659
SB85843_component_1670a,86.540324,-69.171797,7.150000095367432,24.7404842376709,86.54030153403201,-69.1717508407989,3.9581833458263898,1.1093338824072811,1.806384260321487
SB85843_component_1672a,90.291312,-70.745771,8.008000373840332,12.751592636108398,90.29163311778179,-70.7461898115183,4.8432789331627255,1.0153990216041449,1.6534253930758023
SB85843_component_1679a,90.590049,-67.580001,7.428999900817871,43.19186019897461,90.58979928672683,-67.58023483064459,5.277429463379148,0.8644901566194293,1.4076928838876548
SB85843_component_1681a,98.295225,-68.136329,7.958000183105469,11.877612113952637,98.29485412063562,-68.13660204774088,3.6036653578620452,1.3561621753632533,2.20830720747798
SB85843_component_1685a,89.145464,-66.067604,6.889999866485596,40.52941131591797,89.1451970071481,-66.06767100851077,3.60411053432517,1.1740139275070332,1.911706037000242
SB85843_component_1686a,82.786918,-66.622555,7.076000213623047,35.029701232910156,82.78686904426284,-66.62283977265223,7.495170952007361,0.5797735947929745,0.9440745593304911
SB85843_component_1689a,82.194346,-67.946686,7.593999862670898,28.874523162841797,82.1949571119431,-67.94658122786781,3.3897112174447472,1.3758149421026284,2.2403087978672866
SB85843_component_1690a,79.614192,-69.984571,7.7179999351501465,15.133333206176758,79.61390107357758,-69.98468408731543,3.0925248556701286,1.5326525394437138,2.4956953607015424
SB85843_component_1693a,84.093618,-69.734394,6.736000061035156,14.580086708068848,84.0940197327331,-69.734585251851,5.56877669889524,0.7428385203961506,1.2096013945704585
SB85843_component_1694a,89.92259,-70.059758,7.11899995803833,28.590360641479492,89.9230897383185,-70.05994711115042,4.40786301489343,0.9918432418576296,1.6150683299332176
SB85843_component_1695a,94.417107,-65.191398,6.873000144958496,30.144737243652344,94.41735578017914,-65.19158158416143,3.635162087554142,1.161113595339765,1.8906997760814785
SB85843_component_1696a,84.118735,-65.263168,6.8480000495910645,32.15023422241211,84.11807498294867,-65.26323665509875,3.5579296230557804,1.182002891323592,1.924714869348528
SB85843_component_1698a,85.076696,-64.602219,7.353000164031982,35.35095977783203,85.07663669674585,-64.60248453700066,4.172178211781699,1.082315460750049,1.7623888028723338
SB85843_component_1702a,88.365154,-70.503606,7.8470001220703125,21.094085693359375,88.36561045452243,-70.5035151024126,4.210665879806961,1.144471588183745,1.8636007572346396
SB85843_component_1703a,83.211498,-70.108727,7.369999885559082,21.05714225769043,83.21182972858502,-70.10900265391082,4.637788583509834,0.9759075353625373,1.589119416043225
SB85843_component_1704a,79.368022,-69.712685,7.703000068664551,16.745651245117188,79.36800793440139,-69.71258184763722,3.9857403975646433,1.1868696670844072,1.9326396855578496
SB85843_component_1705a,81.97729,-68.128405,6.909999847412109,29.52991485595703,81.97722715589673,-68.12847571862626,4.100563037912595,1.0348721093681486,1.6851344031354454
SB85843_component_1707a,86.625492,-69.852414,7.0920000076293945,25.328571319580078,86.6260891858623,-69.85237994699598,4.731643944692788,0.9204682401852737,1.4988448181068403
SB85843_component_1713a,80.967519,-68.7144,6.540999889373779,28.193965911865234,80.96797178993508,-68.7141615266233,3.5152292236014566,1.1427273690728956,1.8607605573648283
SB85843_component_1714a,95.794668,-66.371895,6.9679999351501465,23.78156852722168,95.79464434329554,-66.37220659728625,4.078718189007234,1.0491475619780397,1.7083798419635772
SB85843_component_1718a,94.943611,-67.185763,6.919000148773193,29.568376541137695,94.94365038005623,-67.18586567578352,4.43108921659635,0.9589257548122752,1.5614671270572795
SB85843_component_1719a,95.70608,-67.14807,7.8420000076293945,29.152416229248047,95.7045665700516,-67.14824171996078,2.564777390002819,1.8777133731253717,3.0575753038827185
SB85843_component_1720a,86.00226,-68.391253,7.151000022888184,35.57711410522461,86.00254969135631,-68.39153490186015,5.177291629874181,0.848235194419681,1.3812241098464002
SB85843_component_1723a,89.469738,-64.028089,6.7779998779296875,30.949771881103516,89.46951589719774,-64.02822809419366,4.216352676536478,0.9872264074545953,1.607550505831375
SB85843_component_1726a,87.887305,-67.311006,7.377999782562256,41.92045211791992,87.88761169452478,-67.3109911883624,3.6281491464954194,1.2488366732946983,2.0335436843022214
SB85843_component_1728a,92.389337,-67.621434,6.679999828338623,35.34391403198242,92.3895078779262,-67.6214050822903,3.779150546452457,1.0855114178451046,1.7675929408552498
SB85843_component_1729a,89.651309,-70.636912,6.138999938964844,10.713787078857422,89.65167633976775,-70.63720026270381,5.2704694795994,0.7153201578899264,1.1647918582447536
SB85843_component_1735a,86.517464,-70.85071,7.630000114440918,10.324763298034668,86.51764618659288,-70.85128540572342,3.6078031619464377,1.2987747807922194,2.1148604211335282
SB85843_component_1737a,79.25134,-69.34564,6.785999774932861,17.952381134033203,79.25178808619012,-69.34586399812169,2.5747227149543437,1.6185850093583056,2.635623531621033
SB85843_component_1742a,86.850691,-66.04446,7.007999897003174,35.573604583740234,86.85042483583987,-66.04453223931695,3.4388191994886106,1.2515173693256827,2.0379087967303833
SB85843_component_1743a,88.111215,-69.861096,7.133999824523926,27.867185592651367,88.11139044472921,-69.86117215222735,3.8714919773464818,1.1316362948922523,1.8427004023946254
SB85843_component_1751a,84.022333,-67.682987,7.349999904632568,31.410255432128906,84.02221752178005,-67.68296927492064,3.410188987749645,1.3236129977579594,2.1553057414224925
SB85843_component_1752a,95.083052,-68.339039,7.044000148773193,28.403226852416992,95.08289641922029,-68.3392149820419,6.208512303060133,0.6967611829364564,1.1345713441368641
SB85843_component_1753a,77.7004,-68.757324,7.428999900817871,10.673851013183594,77.70053233296034,-68.75733915308254,7.289744092155788,0.6258499291153348,1.0191029763050161
SB85843_component_1754a,84.231341,-68.757808,6.960000038146973,20.71428680419922,84.23030215331825,-68.75787898318579,5.01781134076987,0.851818466151398,1.3870589317690682
SB85843_component_1757a,86.782033,-65.880192,6.642000198364258,34.774871826171875,86.78212456117647,-65.88022095405707,4.692384193911927,0.8692755379610145,1.41548516146266
SB85843_component_1758a,81.906748,-67.288633,6.843999862670898,29.5,81.90694805973294,-67.2887774887849,3.650415610873352,1.1513830097895648,1.8748549733035713
SB85843_component_1761a,97.802311,-69.419841,7.311999797821045,14.253410339355469,97.80172103794315,-69.41991968665468,2.9949829059409376,1.4993187085667439,2.44141620418492
SB85843_component_1766a,92.466348,-64.322118,6.3520002365112305,26.577407836914062,92.46606020749596,-64.32203264233907,4.512013067173085,0.86455433805011,1.4077973937453496
SB85843_component_1767a,89.055597,-63.191284,6.4019999504089355,12.933333396911621,89.05587514929896,-63.191296410882494,3.590712313997578,1.0949321117964237,1.7829331315271875
SB85843_component_1768a,91.377858,-68.91091,6.25,33.068782806396484,91.37761878284056,-68.91128129835184,8.604529183665669,0.44607208164427853,0.7263616482194786
SB85843_component_1771a,88.501708,-66.269798,6.732999801635742,38.255680084228516,88.50174363373792,-66.26965067154472,2.6686090666507813,1.5494436335682504,2.5230371453717444
SB85843_component_1772a,89.14024,-62.976455,7.36899995803833,10.234722137451172,89.14004302444667,-62.97610807686378,3.6915861522289437,1.2258792198049873,1.9961609059533933
SB85843_component_1775a,91.848537,-67.834687,7.041999816894531,36.48704528808594,91.84850827383978,-67.83485010449654,7.517375815517898,0.5752834555560568,0.9367630393518358
SB85843_component_1780a,91.375618,-66.389947,6.511000156402588,25.43359375,91.37574747131349,-66.39010144404025,3.2964234667760453,1.21298895408558,1.9751710367389326
SB85843_component_1782a,90.229999,-66.096053,6.640999794006348,36.09239196777344,90.23000235992852,-66.09598226116685,4.94869841125037,0.8241278996610574,1.3419689870186269
SB85843_component_1784a,79.701843,-70.168625,6.322999954223633,10.808547019958496,79.7013134272733,-70.16849011585215,4.178448206356147,0.9293093202791944,1.5132411943278965
SB85843_component_1788a,84.822521,-70.568907,7.519000053405762,15.439425468444824,84.82389236027944,-70.56914115644669,2.9340526585248994,1.5737810850655751,2.5626670440147974
SB85843_component_1789a,91.487547,-64.881477,6.572000026702881,28.69869041442871,91.48696310261656,-64.88124316435656,2.608362404294301,1.547325782521153,2.519588541792739
SB85843_component_1790a,88.072637,-65.82557,6.822999954223633,39.212642669677734,88.07240813003476,-65.82564913050687,2.8806233703164543,1.4545914350380604,2.3685845308802325
SB85843_component_1791a,88.256737,-65.082126,6.534999847412109,35.13440704345703,88.25673821534865,-65.08197274535766,4.257361605047249,0.9426645604198165,1.534988204822593
SB85843_component_1796a,96.504042,-68.25123,6.4039998054504395,23.54411506652832,96.50429461861721,-68.25125911067049,4.184128611116432,0.9399362998132076,1.5305456405991518
SB85843_component_1801a,91.324975,-67.71854,7.306000232696533,36.16831588745117,91.32483101362988,-67.71851711729082,3.30953308060326,1.3557046718890353,2.207562231517202
SB85843_component_1804a,87.306292,-64.491445,6.7779998779296875,35.30208206176758,87.30634274861994,-64.49131011580975,4.135154201707188,1.0066117253137015,1.6391165957321272
SB85843_component_1811a,85.027632,-65.426189,7.276000022888184,38.70212936401367,85.02756573284906,-65.42615640828323,4.680285598238677,0.9547122036325738,1.5546059893495277
SB85843_component_1817a,86.970743,-69.410341,5.933000087738037,21.57454490661621,86.97027313640876,-69.41069468357294,2.645433643701657,1.3773034004767315,2.2427325296416094
SB85843_component_1819a,85.734001,-70.01282,6.190999984741211,21.571428298950195,85.73413527946418,-70.0129929739084,2.70294686851649,1.4066156059273123,2.290463070825782
SB85843_component_1826a,91.470409,-67.368846,6.789000034332275,37.09836196899414,91.47062469548639,-67.36906153227783,3.5682247643789835,1.1684381953512881,1.902626791368575
SB85843_component_1827a,92.948353,-70.621807,7.118000030517578,10.671664237976074,92.94849383379898,-70.62155722843275,4.392864569389025,0.995089878000937,1.620354991164131
SB85843_component_1828a,82.104435,-69.319641,6.853000164031982,21.824840545654297,82.10438356293415,-69.31980580716815,3.8113295767691633,1.1042219465106584,1.7980602375093526
SB85843_component_1839a,79.040625,-65.252565,5.984000205993652,10.37088394165039,79.03998919585656,-65.25297049867908,2.868878024778264,1.2809484524906445,2.085832912487158
SB85843_component_1840a,91.674026,-67.497624,7.074999809265137,37.04188537597656,91.67353196953664,-67.497707696965,4.063757902134165,1.0691797947384143,1.7409993359962601
SB85843_component_1842a,92.321841,-68.25739,6.5229997634887695,30.33953285217285,92.32199416027143,-68.257480407455,4.47861886611643,0.8944486130464951,1.4564757481015782
SB85843_component_1844a,82.042271,-66.414099,6.678999900817871,34.78645706176758,82.04263115898361,-66.41438396293944,3.794811302710482,1.0808698158645593,1.7600347864589019
SB85843_component_1855a,87.9484,-66.86212,6.249000072479248,35.50568389892578,87.94871548764185,-66.86243688156755,5.81700030897577,0.6597259698743456,1.0742650404946503
SB85843_component_1858a,84.249448,-65.992697,6.567999839782715,28.188840866088867,84.24922111310954,-65.99280946952364,4.550914882175998,0.8863118546939744,1.4432262544629835
SB85843_component_1864a,88.835803,-64.184167,6.513999938964844,30.872037887573242,88.83611237594903,-64.18391348110019,3.4508923441422357,1.1592269697323825,1.8876276885374654
SB85843_component_1868a,88.896936,-66.547897,6.144999980926514,34.71751403808594,88.89728939973087,-66.54795929708706,3.148823755551781,1.1984658684220233,1.9515223645312283
SB85843_component_1869a,85.911075,-66.350469,6.750999927520752,38.798851013183594,85.91063653982825,-66.35070209554583,4.1590920254324955,0.9968314027833951,1.6231908037232547
SB85843_component_1872a,83.882189,-66.121624,6.478000164031982,27.33333396911621,83.88181966270677,-66.12174309779763,3.4103694945903826,1.1665185709913566,1.8995009702929715
SB85843_component_1873a,83.888349,-65.78939,6.822999954223633,32.80288314819336,83.88787404181653,-65.78948097515666,2.6879286820017887,1.5588695154338166,2.5383857837858708
SB85843_component_1878a,81.708804,-65.60228,6.327000141143799,29.427907943725586,81.708768662319,-65.60235419144995,4.300047099530121,0.9036011376347136,1.4713792650864612
SB85843_component_1879a,85.019536,-69.870436,6.454999923706055,13.173468589782715,85.01971339546407,-69.87045277418339,3.7320725968992,1.0621804305166131,1.7296019185342761
SB85843_component_1881a,95.514482,-70.026098,6.1020002365112305,16.44744110107422,95.51414805397653,-70.02587257988534,3.8014633299596237,0.9857653581054028,1.6051714055534614
SB85843_component_1883a,90.062672,-65.919763,6.14900016784668,34.544944763183594,90.06225253914518,-65.91986956765659,4.329051853869185,0.8722959467158622,1.420403445237293
SB85843_component_1887a,92.817439,-70.075317,6.0879998207092285,16.95821762084961,92.81664915770745,-70.07558312203903,4.217087255336739,0.8865723474304176,1.4436504279120246
SB85843_component_1891a,90.617297,-65.700522,5.843999862670898,36.074073791503906,90.6171489646151,-65.70064069615285,5.731458442585742,0.6261771082975469,1.0196357386540489
SB85843_component_1896a,83.920899,-67.153029,6.006999969482422,29.019323348999023,83.92064750393673,-67.15324525958272,5.695893150715522,0.6476612793578596,1.0546194969840363
SB85843_component_1902a,89.670251,-68.754248,6.202000141143799,34.4555549621582,89.67035273102938,-68.75443811142931,3.1889045662625,1.1943796269173799,1.944868531582538
SB85843_component_1906a,94.115402,-64.859643,6.052999973297119,23.28076934814453,94.11530638749132,-64.85947287442251,3.26678726739858,1.1378943871605751,1.8528907693818906
SB85843_component_1911a,84.574839,-67.182141,6.4770002365112305,33.045921325683594,84.57497288934259,-67.1823658637724,3.3820428986825286,1.176107280307797,1.9151147488502702
SB85843_component_1919a,86.298991,-63.612662,6.256999969482422,24.25193977355957,86.29966803669367,-63.6130934649508,3.3235512481327416,1.156154597290471,1.882624789672724
SB85843_component_1922a,81.27634,-63.897024,6.072000026702881,16.278820037841797,81.27627567927676,-63.89703415838913,5.507856283833509,0.6770196945236813,1.1024252837760544
SB85843_component_1923a,86.006668,-66.030871,6.14900016784668,32.88235092163086,86.00637620988634,-66.03105227584388,4.8172396313698815,0.7838958976967136,1.2764571909199551
SB85843_component_1924a,81.315629,-70.255119,6.8520002365112305,15.751724243164062,81.31550688249322,-70.25473276985316,2.5838179034208357,1.628574399362402,2.6518897587324366
SB85843_component_1925a,91.995319,-64.487731,5.698999881744385,23.54958724975586,91.99529695842676,-64.48759811235828,2.660805660365901,1.3153387953425277,2.141832440690421
SB85843_component_1928a,88.805631,-68.751341,6.794000148773193,32.50717544555664,88.8060027644713,-68.75118372772351,4.409226136018805,0.9462705332101522,1.5408599920229216
SB85843_component_1929a,84.613907,-64.680571,5.9730000495910645,27.91121482849121,84.61376933360901,-64.68080138534013,4.0479920651626795,0.9061602414965801,1.4755463828585897
SB85843_component_1930a,91.960098,-69.816937,5.836999893188477,24.119834899902344,91.96054340153356,-69.81717292366233,6.492579916282516,0.552108608564636,0.899026268209663
SB85843_component_1947a,91.551408,-64.252884,5.908999919891357,19.0,91.55162337160044,-64.25301677558038,3.934386264277511,0.9223359283599716,1.5018860688749516
SB85843_component_1952a,79.795495,-65.851532,6.192999839782715,20.781877517700195,79.79536567971623,-65.85173257317018,3.8582377859068333,0.9857441677121286,1.605136900168304
SB85843_component_1955a,94.03369,-70.240674,6.334000110626221,17.211956024169922,94.03317275104834,-70.24031453476866,3.3767687211838537,1.1519374237709135,1.8757577535264536
SB85843_component_1956a,92.903764,-66.496766,6.190999984741211,20.77516746520996,92.90301977790203,-66.49730050255279,2.89585341381503,1.3129142618579048,2.1378844506445915
SB85843_component_1957a,80.53496,-69.025259,5.882999897003174,23.438247680664062,80.53505594787704,-69.02543149845341,3.4472045869160093,1.0480546260087287,1.7066001592514453
SB85843_component_1959a,82.596735,-64.97651,6.004000186920166,30.020000457763672,82.59713784546612,-64.9762793183613,6.820468102032321,0.5406032501192345,0.8802915132952723
SB85843_component_1960a,83.170702,-67.611513,5.916999816894531,21.673992156982422,83.17107418388414,-67.61148666467628,4.206266194684461,0.8638870018359485,1.4067107365606002
SB85843_component_1961a,91.700592,-68.780724,5.980000019073486,27.18181800842285,91.70105373368988,-68.78095437368013,2.893972319245278,1.2689921922384704,2.066363931439751
SB85843_component_1973a,79.451406,-64.76281,5.609000205993652,10.603025436401367,79.45133950161254,-64.76311411465558,2.449688485195565,1.406134074748505,2.2896789693428596
SB85843_component_1975a,92.76929,-65.336739,6.224999904632568,27.544248580932617,92.76944137877324,-65.33670365066206,2.9050556457056715,1.3159428565964908,2.1428160640690392
SB85843_component_1976a,81.047847,-64.589581,6.122000217437744,21.70922088623047,81.04757487788503,-64.58937155438166,3.851114217995061,0.9762455759644085,1.589669864589198
SB85843_component_1979a,92.570276,-63.916248,5.664999961853027,19.400684356689453,92.57028474380792,-63.9161795453025,2.9675570866114658,1.1723383350932401,1.9089775854393634
SB85843_component_1982a,90.748836,-63.642475,6.243000030517578,19.945688247680664,90.74894292602856,-63.64260412058404,3.2866695859424255,1.166512584834376,1.899491222731916
SB85843_component_1984a,94.230684,-65.978964,5.618000030517578,27.009614944458008,94.23060805897575,-65.97908936432749,4.248830849946953,0.8120157124599661,1.3222461022631014
SB85843_component_1985a,88.573506,-67.581532,6.116000175476074,35.976470947265625,88.57367780406297,-67.58174144850639,2.661604106486151,1.411159710902961,2.297862465936159
SB85843_component_1986a,83.808177,-67.503106,5.724999904632568,18.587661743164062,83.80839164807077,-67.50324667718202,5.467733200677114,0.6430138187767017,1.047051802733095
SB85843_component_1990a,88.74281,-64.991798,5.875,32.103824615478516,88.74310235337556,-64.99214115491134,3.1149329095935,1.1582740092870656,1.8860759350244527
SB85843_component_1995a,92.717507,-66.503023,5.439000129699707,21.93145179748535,92.71699818003283,-66.50317355647816,2.3182285963741407,1.4408373165925747,2.346188006742154
SB85843_component_1996a,78.199414,-68.713326,6.335000038146973,11.9078950881958,78.19820970406901,-68.71312904680778,2.5800277896217736,1.5079063686555647,2.4553999238417776
SB85843_component_2002a,90.987914,-69.146359,5.4029998779296875,28.140625,90.98727059537518,-69.14656803877988,4.410836277282304,0.7522568608389174,1.2249377529058265
SB85843_component_2003a,86.610067,-66.312756,5.986999988555908,36.73006057739258,86.61023689191092,-66.31282640828002,3.410697733443935,1.0779985138983341,1.7553593007817099
SB85843_component_2006a,89.618019,-64.638525,5.756999969482422,28.92964744567871,89.61765255539044,-64.6387230643673,3.6126793220236904,0.978630960612516,1.5935541066118102
SB85843_component_2007a,93.155624,-69.932145,6.091000080108643,22.984907150268555,93.15525326895498,-69.93228908789796,3.3831080345774653,1.1056683451048315,1.8004154812246131
SB85843_component_2010a,90.018171,-70.447241,5.211999893188477,13.398457527160645,90.01831506443605,-70.44737548943218,2.780142507158838,1.1513025792306626,1.8747240041715958
SB85843_component_2012a,86.524844,-67.821138,5.625999927520752,30.247310638427734,86.5249548154241,-67.82106149565237,3.5803839796586363,0.9649887592033395,1.5713398226234803
SB85843_component_2015a,89.174951,-67.777844,6.1570000648498535,32.40526580810547,89.17509266268365,-67.77793359574616,5.5091262361721505,0.6863388325878743,1.1176001058795593
SB85843_component_2017a,91.117408,-63.846278,5.27400016784668,18.70212745666504,91.11659983053967,-63.846146358543706,3.341288911948277,0.9693447158780982,1.578432846374681
SB85843_component_2019a,86.57835,-67.141803,6.01800012588501,35.1929817199707,86.57779925663525,-67.14201972602628,4.457984117859585,0.8290215366968635,1.3499375427955622
SB85843_component_2023a,88.147897,-63.202319,5.872000217437744,12.388185501098633,88.14782326380272,-63.20201782948821,3.443957741899474,1.0470812589243153,1.7050151765796964
SB85843_component_2025a,87.736814,-68.160257,5.796999931335449,30.671958923339844,87.73708557165877,-68.1603284184053,2.5256003790117902,1.4095834713281887,2.295295795609471
SB85843_component_2033a,82.248003,-67.216726,5.461999893188477,24.061674118041992,82.24869732888084,-67.21686924668695,3.400638992592579,0.986377811996026,1.6061686950852603
SB85843_component_2034a,89.138799,-64.651473,6.0329999923706055,30.469697952270508,89.13909483190425,-64.65154853199489,6.917219372538342,0.5356164578588164,0.8721712681719875
SB85843_component_2036a,88.583565,-66.700351,5.863999843597412,29.616161346435547,88.58320845320542,-66.7007773202471,3.2380217604371717,1.1121575756454471,1.8109822223077654
SB85843_component_2038a,91.448571,-66.775801,5.376999855041504,29.22282600402832,91.44908967693232,-66.77600750732218,4.369978226585028,0.7556364327082685,1.2304408800781201
SB85843_component_2039a,93.915248,-67.703318,5.385000228881836,28.19371795654297,93.91617702748682,-67.70344618369835,3.394518967669802,0.9742257936225027,1.586380951224561
SB85843_component_2040a,95.157462,-65.857239,5.883999824523926,23.535999298095703,95.15778393869643,-65.85736841148267,4.376620835173108,0.8256307603811858,1.3444161708587206
SB85843_component_2049a,96.355961,-69.687384,6.210000038146973,17.20221519470215,96.35687477005209,-69.68745688744266,3.3130853388305517,1.15109486788367,1.8743857773186638
SB85843_component_2051a,82.457458,-68.627585,5.210999965667725,18.812273025512695,82.4572891564471,-68.62742642200432,4.256979184386332,0.7517469610680777,1.224107457414998
SB85843_component_2055a,82.312262,-70.003379,4.7220001220703125,13.491429328918457,82.3124787004345,-70.00372730460342,3.973130217140023,0.7298696961907896,1.1884836046147382
SB85843_component_2058a,84.183382,-66.665309,5.671000003814697,28.213930130004883,84.18296322013346,-66.6656451449851,4.127797207275821,0.8437104575965425,1.3738562528747211
SB85843_component_2063a,81.216386,-67.523267,5.498000144958496,24.00873374938965,81.21643384911451,-67.52336949624606,2.8216325417431896,1.196620473210515,1.9485174145184265
SB85843_component_2064a,80.792868,-68.542734,5.816999912261963,24.753190994262695,80.79265176052046,-68.54287083104187,3.025265745428296,1.1808307788837205,1.9228062595996611
SB85843_component_2067a,86.785302,-68.687079,5.38100004196167,23.60087776184082,86.78457216878942,-68.68716530683825,3.320612576657939,0.9951691955654308,1.6204841479512275
SB85843_component_2068a,96.223655,-67.711837,5.050000190734863,20.69672203063965,96.22363752448275,-67.71192483491113,4.244213953866207,0.7307120395959958,1.18985523482732
SB85843_component_2071a,82.203045,-65.162839,5.235000133514404,24.462617874145508,82.20310746567104,-65.16286344186693,4.361057696994038,0.7371858696171723,1.2003968984686333
SB85843_component_2074a,89.96785,-67.042624,5.195000171661377,27.632980346679688,89.96813127512755,-67.04271430175181,3.7167160251235916,0.8583774964526414,1.397739331319677
SB85843_component_2077a,88.332977,-65.349797,5.447999954223633,30.606740951538086,88.33328896718376,-65.34966745731548,3.0431560019788138,1.0994235018058094,1.7902466882016788
SB85843_component_2088a,82.545312,-64.416602,5.629000186920166,27.0625,82.54522377114088,-64.41651847921233,8.211606654954139,0.42097398887659515,0.6854931590670065
SB85843_component_2095a,90.183544,-66.667018,4.914000034332275,29.076923370361328,90.18344901852447,-66.66734157599782,8.033348010407657,0.3756563299674115,0.6117001314975911
SB85843_component_2097a,95.881702,-64.938502,5.4720001220703125,13.444717407226562,95.88265434654119,-64.93830404990678,6.904837450420962,0.48668143138529096,0.792487898717544
SB85843_component_2101a,96.715173,-68.963598,5.288000106811523,16.57680320739746,96.71482694069292,-68.96389023246883,4.022409950153403,0.8073414723827985,1.314634801609382
SB85843_component_2102a,81.478974,-66.608291,5.013999938964844,22.894977569580078,81.47855561778869,-66.60848996191376,3.7665132730788953,0.817517314566431,1.3312046382000944
SB85843_component_2105a,96.08449,-64.46435,6.063000202178955,10.346416473388672,96.0853158387106,-64.46448949513636,3.2144816312520685,1.158320577841342,1.8861517649479813
SB85843_component_2108a,81.891903,-63.735574,5.638999938964844,15.323369026184082,81.89192146274075,-63.73541041228857,7.330067981906554,0.4724395257024907,0.7692970860412317
SB85843_component_2110a,91.896626,-67.701565,5.738999843597412,31.02161979675293,91.89665113528429,-67.70166931781608,2.3750181989528163,1.4839573135222501,2.4164024705696274
SB85843_component_2114a,84.224072,-65.096609,5.49399995803833,26.931373596191406,84.22380547651744,-65.09659216042786,3.2198420420343457,1.0478671421557009,1.7062948698462042
SB85843_component_2118a,88.715302,-67.202113,5.5329999923706055,29.27513313293457,88.71529004083966,-67.20226608126899,2.6695878531893844,1.2728246852523353,2.07260457293446
SB85843_component_2124a,89.620384,-66.34783,5.427000045776367,34.34809875488281,89.62043433312542,-66.34788847830477,2.5039998336484857,1.3309988093662914,2.16733243063714
SB85843_component_2125a,81.346853,-66.635772,5.86899995803833,28.490291595458984,81.347249332016,-66.63621450390191,1.458622861508926,2.4710027441379516,4.0236582826947656
SB85843_component_2127a,89.746916,-69.25343,5.769999980926514,28.99497413635254,89.74668085519666,-69.25355526293954,3.779074448902718,0.9376537641544825,1.526828872768536
SB85843_component_2132a,92.557975,-65.841382,5.848999977111816,25.320344924926758,92.55855747510155,-65.8413754529579,2.746072048947653,1.308042422906681,2.1299513897871925
SB85843_component_2138a,78.882683,-68.858408,5.348999977111816,12.951574325561523,78.88201112666813,-68.85857976299374,2.2449373684046803,1.4632566427249722,2.3826945251987035
SB85843_component_2142a,81.811508,-67.033389,5.2179999351501465,26.221105575561523,81.81185011485292,-67.0335939269305,9.13286855744767,0.35087223202306694,0.5713429359382352
SB85843_component_2152a,91.959891,-70.014439,5.2179999351501465,20.6245059967041,91.96036394335825,-70.0143465462062,2.5383928883883735,1.2624011003905196,2.055631324457049
SB85843_component_2154a,91.811815,-69.022562,5.284999847412109,30.19999885559082,91.81162169435558,-69.02272129933408,3.9278681523914045,0.8263046851734834,1.3455135565572491
SB85843_component_2157a,88.440983,-66.324996,5.119999885559082,28.603349685668945,88.44088764644235,-66.32520477934465,3.0215809848875423,1.0406096522853947,1.6944771333837472
SB85843_component_2160a,87.06177,-63.827029,5.914999961853027,25.27777862548828,87.0614204889044,-63.82698572516808,3.127814447686692,1.161357428564817,1.8910968220086446
SB85843_component_2161a,92.195885,-67.837867,5.257999897003174,27.820106506347656,92.19557503479578,-67.83790555991754,2.8693058728781486,1.1253713729809423,1.832498914355537
SB85843_component_2163a,92.395919,-70.25489,5.26800012588501,15.448680877685547,92.39508672493267,-70.25499500119383,3.329946469153909,0.971539946537631,1.5820074510757922
SB85843_component_2176a,93.028743,-66.219,4.689000129699707,20.298702239990234,93.02844275114452,-66.21913306487309,4.92574240233997,0.5846025239437476,0.9519377479975814
SB85843_component_2177a,80.271686,-64.766649,4.873000144958496,14.24853801727295,80.27179816938049,-64.76667820072163,3.627927925952971,0.8248783614101621,1.3431910017006399
SB85843_component_2178a,80.206166,-65.749499,5.828000068664551,20.0965518951416,80.20659116423059,-65.74918455659451,2.495539802304049,1.4341916334413767,2.335366505989507
SB85843_component_2183a,79.42381,-69.159242,5.066999912261963,13.44031810760498,79.42466766644324,-69.1593697069683,2.320220888026959,1.3411387222736595,2.1838437617768265
SB85843_component_2184a,85.880808,-67.513124,5.150000095367432,27.83783721923828,85.88085416357143,-67.51330259661685,3.3240491409666664,0.951463075884956,1.549315270913763
SB85843_component_2186a,83.010915,-64.000683,5.729000091552734,18.245222091674805,83.01000818672681,-64.00073625513423,4.246485081022074,0.8285168855745423,1.3491157939435967
SB85843_component_2187a,94.156721,-70.433111,5.291999816894531,10.04174518585205,94.15902601337467,-70.43291033922392,1.9107427070272371,1.7008646195245518,2.7696035669438226
SB85843_component_2193a,92.028394,-68.137756,5.245999813079834,27.465967178344727,92.02842802943692,-68.13817840364713,2.9219556722371283,1.1025715576267479,1.7953728261261934
SB85843_component_2195a,89.744936,-70.286988,5.40500020980835,16.529052734375,89.74496329543744,-70.28731662210235,2.5066958659838394,1.3241775108649168,2.156224966560501
SB85843_component_2205a,90.599051,-68.161521,5.303999900817871,30.837207794189453,90.5987702670877,-68.16165317763786,5.459254604062913,0.5966536416494302,0.9715611902164267
SB85843_component_2206a,97.039641,-68.256017,5.505000114440918,15.082191467285156,97.03953097407482,-68.25623417461112,2.8149421792033373,1.2009916589534253,1.9556352365286946
SB85843_component_2207a,94.551529,-64.661874,4.822999954223633,17.41155242919922,94.55175665716472,-64.66191417180173,4.137175326688563,0.7159216059027824,1.165771226351195
SB85843_component_2208a,90.987723,-63.732943,5.034999847412109,17.728872299194336,90.98765464681946,-63.73319178156302,5.692022076258463,0.5432315978149166,0.8845713842912158
SB85843_component_2213a,94.390142,-65.266985,5.019000053405762,20.739669799804688,94.39080530420462,-65.26707648205354,2.7015570958740267,1.1409199840601485,1.8578175012740124
SB85843_component_2215a,88.602694,-64.124816,5.013000011444092,24.453659057617188,88.60268558786015,-64.12493351775177,2.8337338060266424,1.0864025886308146,1.7690440791519286
SB85843_component_2216a,83.300714,-69.709554,4.935999870300293,13.749303817749023,83.30082640108049,-69.70952397450668,3.0806345158322785,0.9839818778526765,1.602267274787954
SB85843_component_2218a,94.909185,-65.866262,4.8979997634887695,20.493722915649414,94.90955430705726,-65.8663091282626,2.244144324803556,1.3403558480348956,2.1825689682046283
SB85843_component_2221a,96.126312,-69.066883,4.729000091552734,18.47265625,96.1269364714424,-69.06704170993149,3.872400238601082,0.7499653899133207,1.2212064353299137
SB85843_component_2223a,96.885569,-69.653023,4.892000198364258,10.847006797790527,96.88553533643743,-69.65279276444598,3.575406997789938,0.840258893007734,1.368235896329605
SB85843_component_2224a,82.981376,-66.177018,5.203000068664551,28.27717399597168,82.98146748647918,-66.17712724222004,6.902874001183919,0.4628881072410887,0.7537440300622869
SB85843_component_2233a,79.253829,-67.515162,5.28000020980835,11.629956245422363,79.25326035012304,-67.51532604121653,2.7732807044357783,1.1692092626025814,1.9038823590281178
SB85843_component_2236a,82.731477,-70.379702,5.418000221252441,11.102458953857422,82.7319711559627,-70.37969056110353,3.245507386499157,1.025199897215321,1.6693846527019294
SB85843_component_2242a,85.154873,-66.093771,5.578999996185303,30.994443893432617,85.15478079901895,-66.09399215217859,2.4458247299437104,1.4008226867550235,2.2810301686309717
SB85843_component_2245a,89.947394,-69.19716,4.5920000076293945,23.428571701049805,89.94777268061638,-69.19737066703246,2.0912962758548312,1.348461195911275,2.195767314582141
SB85843_component_2248a,88.247784,-69.975493,5.436999797821045,22.282785415649414,88.24734340068842,-69.97557056801361,2.872880516595018,1.162234840631041,1.8925255562890795
SB85843_component_2251a,88.226086,-68.663163,5.497000217437744,26.052133560180664,88.22609811122656,-68.66327437901786,1.9420202259976072,1.7382976491218076,2.830557655296283
SB85843_component_2253a,83.957259,-64.651241,5.288000106811523,22.218486785888672,83.95710376157544,-64.65142562386683,3.9389989462472204,0.8244374817053455,1.3424730950612538
SB85843_component_2257a,92.66756,-65.386873,5.241000175476074,24.721698760986328,92.66746548254588,-65.38689735799429,7.1712268301199344,0.4488206723143862,0.7308373169097514
SB85843_component_2261a,92.476467,-66.993809,5.150000095367432,26.010101318359375,92.47566786320266,-66.99387409949993,3.715891100517456,0.8511309762593602,1.385939457335084
SB85843_component_2266a,92.763012,-69.839189,4.807000160217285,19.94605827331543,92.7631293885739,-69.83932756799054,3.54261651549093,0.8333014376109134,1.3569067211191326
SB85843_component_2272a,78.753403,-67.006046,5.252999782562256,10.655172348022461,78.75188880942554,-67.00660218931698,2.500277472778719,1.2902424080164363,2.1009667285944307
SB85843_component_2273a,93.64202,-65.441681,4.857999801635742,18.12686538696289,93.64232146427662,-65.44167280063927,4.336766964828971,0.6879288833459865,1.1201892656520285
SB85843_component_2275a,87.255517,-65.346823,4.880000114440918,24.158414840698242,87.25623839221277,-65.34675306118291,2.1281035911304356,1.408248200744205,2.2931215072329687
SB85843_component_2278a,90.265149,-68.26228,5.254000186920166,31.46108055114746,90.26496954174249,-68.2625436158432,3.5944674229192963,0.8976513108385683,1.4616908623011131
SB85843_component_2279a,83.991478,-67.225966,4.916999816894531,24.341583251953125,83.99111657656118,-67.22632962938549,2.911213294514863,1.0372377243587694,1.688986453228574
SB85843_component_2292a,95.780756,-68.450131,5.1579999923706055,22.42608642578125,95.78079029794317,-68.45009470618328,4.783324350626545,0.6622220598322425,1.0783295495516594
SB85843_component_2298a,91.598572,-63.321193,5.359000205993652,10.365571022033691,91.59921764056917,-63.321176431348945,3.734545201302358,0.8812480943124653,1.4349806782696843
SB85843_component_2302a,87.254116,-65.757432,5.34499979019165,31.257308959960938,87.25475529728912,-65.75770031211661,2.9136650363115213,1.1265752539720206,1.8344592544371587
SB85843_component_2309a,83.972859,-66.249702,4.75,24.611398696899414,83.97288380998714,-66.24993568179887,2.8979806790874902,1.0065845527854942,1.6390723493352168
SB85843_component_2311a,86.856497,-67.406396,4.625999927520752,28.20731544494629,86.85592052564661,-67.40645632742958,2.391648528160099,1.187846718039106,1.934230666861215
SB85843_component_2314a,94.450574,-69.581662,4.625999927520752,20.289472579956055,94.44984100462081,-69.58178961425729,3.0582663072203373,0.9289288667147305,1.5126216826177346
SB85843_component_2317a,93.121429,-65.990951,4.790999889373779,22.814285278320312,93.12184386495456,-65.99065393413835,2.553393123455649,1.1522868714884287,1.8763267768536371
SB85843_component_2322a,83.410737,-68.348131,4.788000106811523,18.274810791015625,83.41114126310283,-68.34822117549815,2.2706582829241384,1.2949544958985666,2.1086396587361307
SB85843_component_2333a,90.931931,-63.635739,5.290999889373779,15.03125,90.93089599919257,-63.63577136362117,3.679001376858268,0.8832017878296353,1.4381619758707724
SB85843_component_2335a,87.830782,-69.785937,5.046000003814697,18.483516693115234,87.83038496519978,-69.78643590980803,2.677314079062171,1.1574441976748686,1.884724710961908
SB85843_component_2340a,89.514514,-66.089107,4.401000022888184,25.736841201782227,89.514723947333,-66.08925327371098,3.0096284070901995,0.8980295568299264,1.4623067793087468
SB85843_component_2342a,92.937306,-68.180387,4.728000164031982,24.49740982055664,92.93747116162749,-68.18037811610961,2.354481326088031,1.2332024249854063,2.0080856499667172
SB85843_component_2354a,80.650874,-64.057986,4.8470001220703125,10.312766075134277,80.65028827618869,-64.05793255982752,4.068154951873231,0.7316909470300147,1.1914492391295108
SB85843_component_2359a,96.312023,-69.362054,4.618000030517578,14.99350643157959,96.31226288686284,-69.36185242248456,2.4991094047654054,1.1348038486068226,1.847858289721844
SB85843_component_2363a,93.338493,-68.151107,4.627999782562256,22.038095474243164,93.33844353249522,-68.15110065091216,2.6277881701471575,1.0815711993160522,1.7611768844758462
SB85843_component_2364a,92.020432,-63.946511,4.6620001792907715,18.0,92.02079156122146,-63.94662113018686,2.0159647086246033,1.4201738061458522,2.312540571442559
SB85843_component_2372a,83.463088,-66.260455,4.879000186920166,26.516305923461914,83.46374056752133,-66.26031534124573,4.272267674597218,0.7013333918879322,1.1420165023672468
SB85843_component_2375a,93.956017,-69.596138,5.130000114440918,23.31818199157715,93.9565228877528,-69.59622807902248,3.3650438063181674,0.9362218872374196,1.5244972754318649
SB85843_component_2381a,90.77319,-68.760467,4.815000057220459,24.31818199157715,90.77317356891974,-68.76060349026658,11.821780091958198,0.25012987016523813,0.4072990716936003
SB85843_component_2386a,92.717294,-67.457334,4.614999771118164,25.782121658325195,92.71736616173928,-67.45738299393354,2.9262497741517492,0.96852855181151,1.5771038452983541
SB85843_component_2388a,91.398856,-66.176484,4.614999771118164,23.545917510986328,91.39902539952993,-66.17644029413803,2.411974963560107,1.1750356031120237,1.9133696828703242
SB85843_component_2393a,93.270534,-65.488664,4.47599983215332,20.162160873413086,93.27098717769279,-65.48870980750036,4.556843789188217,0.6032232302903189,0.982258782443517
SB85843_component_2395a,84.474939,-70.292193,5.275000095367432,12.928921699523926,84.47441612252017,-70.29230822652255,2.349434305087263,1.3788318396189858,2.2452213641153533
SB85843_component_2400a,85.961054,-65.296978,4.598999977111816,23.110551834106445,85.96015071740494,-65.29682135528182,2.7996965164056387,1.0087988719228937,1.6426780367667118
SB85843_component_2403a,92.965414,-64.364854,4.497000217437744,19.383623123168945,92.96522631927802,-64.36469037250528,2.5552422604442495,1.0807940980884643,1.75991149138865
SB85843_component_2406a,96.40674,-68.455469,5.084000110626221,18.02836799621582,96.40674362396335,-68.45570157620372,3.3961459925401427,0.9193297989260361,1.4969910368380983
SB85843_component_2409a,91.888675,-63.637604,4.369999885559082,12.740524291992188,91.88883960660999,-63.638182067851574,2.401023436194531,1.1177306594500689,1.820057155495847
SB85843_component_2411a,89.763094,-63.737031,4.866000175476074,18.86046600341797,89.76271638676367,-63.73720937406179,3.672619456870389,0.8136700433124271,1.3249399325522881
SB85843_component_2413a,89.35141,-64.678212,4.670000076293945,24.708995819091797,89.35111923895786,-64.67835518816071,2.632455457871872,1.089451731837603,1.7740091526825923
SB85843_component_2422a,82.88358,-66.935197,4.585999965667725,25.19780158996582,82.88382422308287,-66.93520185848271,2.580243787632062,1.0915042811998918,1.777351422237657
SB85843_component_2425a,81.175293,-67.122802,4.48799991607666,20.971961975097656,81.17530604105606,-67.12292781210793,3.7699583646531134,0.7310859263307696,1.1904640534377935
SB85843_component_2430a,87.546376,-69.421815,4.057000160217285,18.031112670898438,87.54705925787295,-69.42195656554956,4.014424848032461,0.6206315226303639,1.0106055820687965
SB85843_component_2433a,95.263284,-69.03108,4.341000080108643,18.012449264526367,95.26312425282508,-69.03130090308272,3.1140934196299264,0.8560720036945655,1.3939851812873745
SB85843_component_2436a,88.974638,-66.207747,4.5879998207092285,29.410255432128906,88.97509753379347,-66.20787130727605,2.2301425029970763,1.263405941463319,2.0572675578100683
SB85843_component_2438a,86.948512,-68.590323,4.809999942779541,23.694581985473633,86.94822017199257,-68.5909203257497,2.0629523267168457,1.4318845950980843,2.3316098392029136
SB85843_component_2445a,89.104409,-64.796415,4.4029998779296875,23.42021369934082,89.10443951721409,-64.79623172158607,2.0573563562696755,1.314290256162166,2.1401250515069
SB85843_component_2448a,92.544429,-66.563882,4.298999786376953,15.137322425842285,92.54565001159331,-66.56380783831582,10.091831453361516,0.2616071275869346,0.42598806829507513
SB85843_component_2458a,82.439753,-64.016897,4.697999954223633,16.838708877563477,82.439787409696,-64.01708630221151,2.949577749350314,0.9781496349873133,1.5927703398421802
SB85843_component_2466a,93.855967,-66.988611,4.252999782562256,21.47979736328125,93.85576942698972,-66.98881872880456,3.1636874711372993,0.8255700387257512,1.3443172947273976
SB85843_component_2467a,87.657038,-65.490481,4.1570000648498535,23.485876083374023,87.65712550171136,-65.49061935486647,4.291032158260081,0.5949362058149252,0.9687646029051028
SB85843_component_2471a,88.772114,-67.503587,4.6529998779296875,23.86153793334961,88.77201310360718,-67.50375449924002,1.9392254620269638,1.4735228462258445,2.3994115016756057
SB85843_component_2476a,81.642367,-65.618167,4.633999824523926,21.15981674194336,81.64226169269587,-65.61823077319464,2.728564139738051,1.0429752035852757,1.6983290797660346
SB85843_component_2479a,90.328567,-66.487853,4.824999809265137,27.890172958374023,90.32828088955988,-66.48823250262666,2.7169277408993007,1.0906147068379586,1.7759028834782578
SB85843_component_2484a,79.28057,-65.328506,4.892000198364258,11.510588645935059,79.28117587933302,-65.32851652114171,3.7355025575301277,0.804247214329701,1.3095962653011255
SB85843_component_2486a,92.185618,-68.16032,4.315000057220459,22.357513427734375,92.18543312698098,-68.16034288718011,2.2096750981978626,1.1992356261436592,1.9527757998176425
SB85843_component_2495a,89.906452,-66.283514,4.585999965667725,24.01047134399414,89.90583390682029,-66.28359268874797,2.5689882383007134,1.096286506396279,1.785138560502397
SB85843_component_2498a,86.84625,-63.628412,4.077000141143799,13.681208610534668,86.84576899683643,-63.628652101706564,2.6968229333711107,0.9284113287552337,1.511778949479425
SB85843_component_2499a,87.468133,-64.422837,4.607999801635742,24.774192810058594,87.46791469673056,-64.42259697568619,3.0613171189797006,0.9243921931905722,1.5052343885142916
SB85843_component_2500a,87.248191,-66.556729,4.735000133514404,26.751413345336914,87.24817914178726,-66.5566881657677,3.2173979450615513,0.9037896277985744,1.47168619311834
SB85843_component_2506a,83.313463,-64.943609,4.456999778747559,21.635921478271484,83.31378712294845,-64.94381061100383,4.522103990790953,0.60527704645353,0.9856031147943577
SB85843_component_2508a,84.170701,-66.102959,4.499000072479248,20.084821701049805,84.17048631451608,-66.10289315095679,3.499969430412224,0.7894122954683979,1.285439819384182
SB85843_component_2509a,83.796863,-66.970306,4.093999862670898,22.129728317260742,83.79688101043472,-66.97053048052828,3.1146755893396567,0.8072111310865173,1.3144225603087185
SB85843_component_2514a,88.059838,-63.905637,4.309000015258789,17.73250961303711,88.05976410037614,-63.90519061774378,2.9106570457242893,0.9091542981487515,1.4804217561765458
SB85843_component_2517a,81.899709,-68.020978,4.823999881744385,21.632286071777344,81.90023359214932,-68.02103361071688,2.417658956083529,1.2253619437340413,1.9953185992614078
SB85843_component_2519a,82.230118,-67.049147,3.9719998836517334,22.189943313598633,82.230652724044,-67.04908571233037,3.1506709206490546,0.7742091859747389,1.2606838301073604
SB85843_component_2522a,91.548166,-66.61708,4.3420000076293945,22.04060935974121,91.54893467508326,-66.61709078121882,2.8047888961156344,0.9506962435054508,1.5480665991093487
SB85843_component_2527a,88.831324,-69.067016,4.293000221252441,23.080646514892578,88.83131102999808,-69.06714769348574,3.6498223710478053,0.7223394255975327,1.1762216855556151
SB85843_component_2528a,94.799205,-66.711224,4.610000133514404,19.128631591796875,94.79957548646388,-66.71171695763312,3.7518097636018215,0.7545921208005594,1.2287403743756722
SB85843_component_2531a,85.845395,-65.252616,4.2820000648498535,23.657459259033203,85.84499018376474,-65.25271527363694,3.7876765667876735,0.6942660361272149,1.1305083708563362
SB85843_component_2533a,91.526469,-66.338574,4.390999794006348,22.403060913085938,91.52643277713226,-66.3387791325072,2.229961070019801,1.209256060988646,1.9690925788078255
SB85843_component_2544a,86.943498,-65.084245,4.330999851226807,19.776254653930664,86.94363950589795,-65.0842435288982,2.0703712315114062,1.2846714772698966,2.091895301339317
SB85843_component_2552a,96.875809,-68.257355,4.677999973297119,13.922618865966797,96.87640198324326,-68.25719130580393,1.6568713203673022,1.733898104523736,2.8233936551331458
SB85843_component_2565a,89.00968,-68.778624,3.743000030517578,20.123655319213867,89.00960129938616,-68.77898073097397,3.5795453136817463,0.6421612621015479,1.0456635417384088
SB85843_component_2570a,96.484059,-68.210739,4.15500020980835,16.042470932006836,96.48464320100184,-68.2104468436184,1.9167355569744915,1.3312541910769582,2.167748281545364
SB85843_component_2576a,88.753624,-69.217344,4.182000160217285,22.483871459960938,88.75273586936605,-69.2172850187557,3.212156547030947,0.7995386816324256,1.3019291242460713
SB85843_component_2578a,95.124404,-64.079086,4.39300012588501,11.714667320251465,95.1241649461921,-64.07943861330243,3.1221170274148284,0.8641003385497925,1.4070581234818402
SB85843_component_2588a,83.130295,-66.223012,3.7839999198913574,18.64039421081543,83.13016806047229,-66.22329436514956,2.4733678557105967,0.9395384188747823,1.529897751017799
SB85843_component_2594a,87.981755,-64.100733,4.6519999504089355,19.30290412902832,87.98162727217559,-64.10052329395948,2.514414199437722,1.1362006104603526,1.8501327074311085
SB85843_component_2603a,81.780598,-67.26762,4.492000102996826,21.700483322143555,81.78043208125693,-67.26792857171618,2.3287037371373107,1.184616165553829,1.9289701954611318
SB85843_component_2607a,85.065128,-64.086042,4.085000038146973,17.02083396911621,85.06477010653252,-64.08624140489826,1.9637058833754693,1.2775201563979497,2.0802504452067696
SB85843_component_2618a,87.316384,-68.967636,4.324999809265137,18.17226791381836,87.31687907297528,-68.96757523631614,2.2903761033556607,1.1596619996983204,1.8883360697522655
SB85843_component_2619a,90.154061,-69.738653,3.875999927520752,18.11214828491211,90.15435268008667,-69.73890288180111,9.199312759359206,0.2587500922950069,0.4213358137625426
SB85843_component_2623a,90.994759,-66.819418,3.5460000038146973,17.297561645507812,90.99500502961575,-66.81945599385972,2.5579987383470075,0.8513155049030855,1.3862399346241043
SB85843_component_2626a,83.73643,-68.045803,4.459000110626221,19.557018280029297,83.73599472228537,-68.04605716236551,3.2440979685871545,0.8441034193505911,1.3744961323002742
SB85843_component_2642a,83.98379,-65.232925,4.177999973297119,21.316326141357422,83.98318275711588,-65.23280448562087,2.8983450525485233,0.8852592689080847,1.4415122759877717
SB85843_component_2653a,86.262213,-68.093729,3.8299999237060547,18.50241470336914,86.26231820000501,-68.09387953046118,3.5420655418567404,0.6640401051866156,1.0812899644139222
SB85843_component_2658a,84.908329,-64.069495,4.281000137329102,17.545082092285156,84.9079237044742,-64.06964004950808,3.540490500902432,0.7425640943132658,1.2091545327513014
SB85843_component_2662a,92.328093,-68.981879,4.355000019073486,21.884422302246094,92.32793484534378,-68.98200244334373,3.6689369824547873,0.7289538705323171,1.1869923195463752
SB85843_component_2663a,95.534947,-64.80383,3.7309999465942383,10.42178726196289,95.53523163538829,-64.80395100834883,2.840010223451111,0.8067843716389469,1.3137276463957297
SB85843_component_2671a,86.365106,-68.473466,4.014999866485596,19.49028968811035,86.36494397116915,-68.47364301509883,4.021328062299286,0.6131520266169171,0.9984263418165211
SB85843_component_2677a,85.872635,-65.669842,4.0980000495910645,21.79787254333496,85.87252908075513,-65.67003402222915,3.4625747721373217,0.7268167648644323,1.1835123626980963
SB85843_component_2682a,84.020106,-64.229209,3.9230000972747803,16.982683181762695,84.0206864270448,-64.22931903438716,3.586638112492147,0.6717116756306213,1.0937819691401525
SB85843_component_2691a,93.06868,-66.753391,3.8420000076293945,17.543378829956055,93.06770242622233,-66.75373675003486,2.161557360058669,1.0915477384031846,1.7774221857915977
SB85843_component_2694a,96.84499,-69.320511,4.381999969482422,12.005478858947754,96.84389936250183,-69.32074817450147,3.0491419497577663,0.8825653334095948,1.4371256050675312
SB85843_component_2696a,82.217953,-66.182648,4.4120001792907715,21.417476654052734,82.2185485675047,-66.18261035962729,2.457551835766727,1.1025161805698884,1.795282652874046
SB85843_component_2700a,80.373694,-67.852059,3.5999999046325684,11.538460731506348,80.3737817961845,-67.85203619278994,6.843815668816029,0.3230400158721611,0.5260223359077354
SB85843_component_2702a,82.770553,-68.471564,4.263000011444092,16.396154403686523,82.77023495980576,-68.47142047704038,2.4249012890468418,1.0796261789459671,1.758009709797199
SB85843_component_2703a,93.774248,-64.712024,3.986999988555908,12.537735939025879,93.77357789754721,-64.712055392304,3.6881123093103314,0.6638871065773754,1.08104082906886
SB85843_component_2705a,93.64933,-70.101638,3.5230000019073486,10.740853309631348,93.64854448408592,-70.10210327115605,2.2826703652543845,0.947810641053744,1.543367827231042
SB85843_component_2713a,85.998084,-65.661232,3.5160000324249268,17.847715377807617,85.998048952906,-65.66119161515415,2.781935185744273,0.7761649023810745,1.2638684216808105
SB85843_component_2724a,90.953059,-69.691526,3.7209999561309814,16.320175170898438,90.95354346715722,-69.69152379673497,4.738116627819346,0.4822875552753836,0.7853331288393215
SB85843_component_2730a,96.65669,-68.155455,3.627000093460083,12.50689697265625,96.65660836176363,-68.15562952768238,1.6573112206181175,1.3439887502050134,2.1884846058710337
SB85843_component_2741a,93.82617,-66.76486,3.9590001106262207,19.406864166259766,93.8262271716835,-66.76509315954944,2.3577758291322057,1.0311815645872668,1.6791249031013078
SB85843_component_2744a,89.292783,-69.284816,3.9690001010894775,20.35384750366211,89.29231242210132,-69.28525309837735,1.8617165322670386,1.3092412860496225,2.1319035590538427
SB85843_component_2747a,79.923113,-69.12582,3.885999917984009,12.143750190734863,79.92405535685214,-69.12567253696464,1.8514960360655182,1.2889383274839121,2.098843228550394
SB85843_component_2750a,96.150044,-68.412959,3.6630001068115234,13.980916976928711,96.15040632181481,-68.41313217495878,3.661242425316698,0.6144132638014389,1.000480077878119
SB85843_component_2752a,86.389621,-65.468867,3.7200000286102295,18.69346809387207,86.3899654571389,-65.46874147006453,3.2916200715878663,0.6940414025396042,1.13014258866629
SB85843_component_2753a,83.595005,-66.293149,3.9739999771118164,22.971099853515625,83.59517905389866,-66.29331477837346,3.4366207740927313,0.7101472124657365,1.156368490544597
SB85843_component_2754a,89.852923,-67.558276,3.8980000019073486,23.91411018371582,89.85367068640245,-67.55820462850387,1.9409995357341066,1.233299458761782,2.0082436549543448
SB85843_component_2757a,82.606318,-64.658394,4.26200008392334,19.731481552124023,82.6067522562165,-64.6582412958193,2.1112575942532494,1.239722166641761,2.01870207383709
SB85843_component_2758a,87.828674,-69.950946,3.7799999713897705,14.538461685180664,87.82943242609569,-69.95105662815523,2.2633281477711544,1.0256434466233602,1.6701069065535994
SB85843_component_2765a,94.085742,-67.44871,3.5260000228881836,19.059459686279297,94.08601519376946,-67.44904535648705,2.3197711513500003,0.9334462277229718,1.5199775291783473
SB85843_component_2768a,96.152584,-67.889892,3.7209999561309814,14.094696998596191,96.15291574134557,-67.88999880100202,2.110113312970663,1.0829440632378056,1.7634123879785764
SB85843_component_2775a,89.884314,-64.267657,3.4760000705718994,17.039216995239258,89.88402163599321,-64.26770379801826,3.7682762877739506,0.5664859937848385,0.9224376890435736
SB85843_component_2780a,91.163055,-69.827742,4.196000099182129,16.784000396728516,91.16347563847246,-69.82796624304338,3.040980993798066,0.8473716332756948,1.3798179297205964
SB85843_component_2781a,91.516286,-65.722815,4.0980000495910645,20.696969985961914,91.51652005376319,-65.7227368625849,3.4612575215600963,0.727093369479111,1.1839627719303498
SB85843_component_2784a,95.934101,-66.659843,3.7249999046325684,12.293728828430176,95.93318725244139,-66.66042233328082,1.8085148341607726,1.2649003944900168,2.059701050979284
SB85843_component_2789a,91.765003,-69.345443,3.6500000953674316,15.336134910583496,91.76433636265766,-69.3456182159003,2.937480775835114,0.7630798403210746,1.2425613557691289
SB85843_component_2798a,81.799981,-65.556828,3.6449999809265137,18.984375,81.79964812049325,-65.55714942824996,3.066777919682401,0.7299066830135529,1.1885438321220188
SB85843_component_2810a,88.969099,-66.417993,3.8580000400543213,21.674158096313477,88.96927531622848,-66.41817896545079,2.31622943179921,1.0228990834034615,1.6656381216335243
SB85843_component_2815a,91.727855,-70.424868,4.160999774932861,10.587785720825195,91.72644118554315,-70.42544125121339,2.6854962862587755,0.9515361090065476,1.5494341944258068
SB85843_component_2817a,94.753497,-66.760412,3.184999942779541,11.020760536193848,94.75350119651704,-66.76081271238567,1.9410535784713299,1.0076832577754382,1.6408614260343481
SB85843_component_2823a,83.235717,-66.177186,3.621999979019165,18.019899368286133,83.23639587374028,-66.17697189877346,2.791361850048861,0.7968644314546515,1.2975745079255003
SB85843_component_2853a,93.126383,-66.087371,3.5399999618530273,16.93779754638672,93.12701189287252,-66.08754538692173,2.5907781784712927,0.839122109773184,1.36638481490601
SB85843_component_2856a,81.702069,-68.248338,3.0929999351501465,11.805343627929688,81.70168681588945,-68.24853841145885,2.3048128920848674,0.8241312337799677,1.3419744161324556
SB85843_component_2858a,93.386916,-68.286393,3.4700000286102295,16.21495246887207,93.38659352424924,-68.28656204109997,4.276423232196284,0.49831152943130325,0.8114257734092676
SB85843_component_2866a,83.944979,-65.115317,3.6530001163482666,17.478469848632812,83.94479190423634,-65.11517431775863,2.4305772667896672,0.9229802155335918,1.5029351941455409
SB85843_component_2871a,86.381921,-67.751857,3.799999952316284,20.212766647338867,86.38210592333358,-67.75196249090169,2.241255528333983,1.0412244431242856,1.6954782282861696
SB85843_component_2875a,93.157239,-67.682802,3.440000057220459,19.217876434326172,93.1569960359885,-67.68317131825069,2.345179640334782,0.9008126411271646,1.4668386157102182
SB85843_component_2876a,87.767046,-63.91393,3.98799991607666,17.491228103637695,87.76637343720438,-63.91391682899386,3.132346530604252,0.7818752681927149,1.2731668980785935
SB85843_component_2879a,96.192453,-68.344132,3.634000062942505,15.26890754699707,96.19170069948045,-68.34479602760216,2.7260404518129944,0.8186622634112128,1.3330690160982968
SB85843_component_2880a,85.378006,-63.800063,3.499000072479248,13.66796875,85.37845895709064,-63.79993766479798,2.9217024375219505,0.7354617757820593,1.197589469599421
SB85843_component_2887a,86.623314,-63.901029,3.7690000534057617,15.446721076965332,86.62337143159846,-63.901338913031765,2.273293943621918,1.018175602126089,1.6579466390522357
SB85843_component_2893a,86.339665,-67.54298,3.2829999923706055,18.443819046020508,86.33966564536279,-67.5428493651876,2.3493000363851873,0.8581921422271084,1.3974375096941982
SB85843_component_2896a,94.96665,-65.717801,3.5220000743865967,14.493827819824219,94.96676759963063,-65.71779294684721,1.9503855355806885,1.108973148549265,1.8057968592030145
SB85843_component_2898a,94.076543,-65.08034,3.4800000190734863,15.19650650024414,94.07572960742822,-65.08056836362131,2.0467808823068503,1.0441431216892931,1.700230859666477
SB85843_component_2912a,89.721834,-70.061656,3.7160000801086426,14.746031761169434,89.72269553846026,-70.06159385211119,3.0288757074391883,0.7534360566123696,1.2268578968036938
SB85843_component_2913a,86.917914,-66.603543,3.5380001068115234,21.975156784057617,86.91788798823201,-66.60384138888315,3.6685660271154767,0.5922616867618401,0.964409548761314
SB85843_component_2924a,83.35035,-66.802041,3.239000082015991,17.699453353881836,83.34981081434282,-66.80217700624596,3.997556941299646,0.4975863268239921,0.8102448894606513
SB85843_component_2925a,85.189593,-64.021465,3.683000087738037,15.540084838867188,85.18962917177538,-64.0215120949007,2.545094112735089,0.8886894413289845,1.4470977985879256
SB85843_component_2926a,92.367763,-67.531775,3.0899999141693115,16.178010940551758,92.36770371833657,-67.53207325902453,4.557735018530923,0.41635284115210397,0.6779683113664865
SB85843_component_2927a,85.973162,-64.271669,3.3910000324249268,17.847368240356445,85.97364269457302,-64.2716644775973,4.117902786435281,0.5057126782698699,0.8234774370087528
SB85843_component_2929a,94.763413,-65.360725,3.257999897003174,12.928570747375488,94.7629437048018,-65.36137902573353,2.6209114121838817,0.763397725735206,1.2430789846072807
SB85843_component_2930a,94.257719,-69.59708,3.5859999656677246,14.818181991577148,94.25721548321948,-69.59729554596316,3.489442526676948,0.6311118996170335,1.0276713080248752
SB85843_component_2932a,90.02643,-66.851815,3.568000078201294,20.624279022216797,90.02703489366642,-66.85192031267975,4.545339613205829,0.48207060974148364,0.7849798654945352
SB85843_component_2938a,92.151386,-65.683605,3.2269999980926514,13.558823585510254,92.15155986635332,-65.68362908718353,2.1429463501273016,0.9247829287769879,1.505870642958911
SB85843_component_2948a,85.933826,-64.187535,3.5769999027252197,17.534313201904297,85.93376016202798,-64.18746405042563,3.7396862940101925,0.5874026386993229,0.9564973159525317
SB85843_component_2950a,81.883429,-66.40725,3.490000009536743,16.540285110473633,81.88348616310448,-66.40708500127772,2.527969268673267,0.8478241349528864,1.3805547610032345
SB85843_component_2953a,92.025075,-66.214075,3.361999988555908,14.810572624206543,92.02426674517483,-66.2142785124344,3.4502956263029776,0.5984026903573122,0.9744092543624504
SB85843_component_2956a,80.267888,-65.973288,2.8970000743865967,12.020747184753418,80.26785946263492,-65.97374292014894,2.6724420838445724,0.6657211299658096,1.0840272617691213
SB85843_component_2966a,87.823333,-65.778052,3.634000062942505,23.597402572631836,87.8228439432859,-65.7781142260706,2.018085412881609,1.1058533163098951,1.8007166791585612
SB85843_component_2968a,90.713969,-67.025617,3.1010000705718994,13.84375,90.7141765707074,-67.02605243429832,2.548685181154781,0.747201473585299,1.216705811098596
SB85843_component_2971a,83.964122,-70.134706,3.51200008392334,10.421364784240723,83.96464443957868,-70.13461837976641,2.0065102071505003,1.074893116445301,1.750302625627221
SB85843_component_2979a,90.119731,-68.847123,3.562000036239624,20.12429428100586,90.11927168281704,-68.84723579849506,4.461002125808035,0.4903584084304478,0.7984753057239192
SB85843_component_2982a,81.769881,-65.328816,3.802000045776367,17.84976577758789,81.76939786206763,-65.32903573011568,2.1404491230310647,1.0908357075809367,1.7762627501243289
SB85843_component_3030a,83.257225,-68.806784,2.763000011444092,10.195571899414062,83.25645363282744,-68.80693399479657,2.1680498721241754,0.7826430914460079,1.2744171833727267
SB85843_component_3041a,82.245919,-69.596278,3.2820000648498535,10.9399995803833,82.24502944593024,-69.59614321168641,1.57007239746247,1.2837221775816388,2.09034950882149
SB85843_component_3053a,87.191748,-67.338925,3.484999895095825,18.05699348449707,87.1918999185887,-67.33856705764664,4.006087110324091,0.5342376830521173,0.8699261396774495
SB85843_component_3061a,93.037443,-69.665757,3.6489999294281006,16.004384994506836,93.03751405012373,-69.66564752430901,2.2196439290195418,1.0095845156636511,1.6439573400585616
SB85843_component_3070a,83.588719,-68.46844,3.183000087738037,11.532608985900879,83.58852545687569,-68.46852712944435,1.8895828892497037,1.0344817667089834,1.6844987885140674
SB85843_component_3076a,89.923624,-66.918607,3.5850000381469727,19.069149017333984,89.92412568263362,-66.91908550664634,2.2485256523526886,0.9791369848877037,1.5943780914377816
SB85843_component_3085a,85.826939,-63.914341,2.997999906539917,12.811965942382812,85.82696045946055,-63.91436932529089,2.848025618262212,0.6464573251354417,1.0526590376561344
SB85843_component_3087a,96.636963,-67.15977,3.259000062942505,10.152647972106934,96.6362325121759,-67.15984241645037,2.0025047775510374,0.999454310519936,1.627461816559608
SB85843_component_3102a,82.517969,-67.372599,3.4860000610351562,15.845455169677734,82.51802929620993,-67.37243845556705,2.669008919871451,0.802101821515505,1.306102814074917
SB85843_component_3115a,93.827736,-65.368347,3.111999988555908,12.859503746032715,93.82807997179279,-65.36837342142815,5.198654469502583,0.36762138871475386,0.5986164317732912
SB85843_component_3118a,85.513181,-67.986246,2.7730000019073486,14.293813705444336,85.51396509592215,-67.9862222178331,2.649201836461306,0.6428164171657341,1.0467303637428422
SB85843_component_3127a,87.279945,-63.486683,3.5409998893737793,10.570148468017578,87.28081003222475,-63.486620681256305,2.6236416993270657,0.828845389048054,1.3496507127028838
SB85843_component_3129a,87.272128,-68.635676,3.078000068664551,15.467336654663086,87.27155881130876,-68.63580921030328,4.758303017833526,0.3972543553254647,0.6468692845177346
SB85843_component_3141a,91.205999,-68.555864,3.0230000019073486,15.994709014892578,91.20639703115695,-68.55605843391226,2.2104345941567094,0.8398710586377981,1.3676043660819726
SB85843_component_3142a,91.222111,-70.178814,3.2950000762939453,12.387218475341797,91.22253159923595,-70.17918353292549,2.409388391916675,0.8398481168734583,1.367567008851057
SB85843_component_3155a,94.779065,-68.961936,3.259999990463257,14.885845184326172,94.77752619447905,-68.9621500470558,2.50524393185438,0.7991342001601149,1.3012704866827907
SB85843_component_3184a,82.571587,-65.696978,2.808000087738037,15.016042709350586,82.572581388677,-65.69690934943262,2.3431128699438903,0.735963108334509,1.1984058146568413
SB85843_component_3202a,89.432938,-64.723284,3.0510001182556152,16.142858505249023,89.4339650678073,-64.723007192698,1.9860775372743094,0.9434049754988584,1.5361938600054883
SB85843_component_3244a,84.529442,-66.987081,2.9719998836517334,17.585798263549805,84.52974626827618,-66.98739650491385,2.0822173040312033,0.8765463268853732,1.4273245534449732
SB85843_component_3265a,85.592757,-64.099293,2.9210000038146973,14.043269157409668,85.59205030397811,-64.09943860636386,2.749795754035109,0.6523538922453971,1.062260715010691
SB85843_component_3305a,90.003079,-65.898595,2.9110000133514404,15.48404312133789,90.00319178070627,-65.89853318616382,1.968789250466966,0.9080193748854036,1.478573703437784
SB85843_component_3311a,86.103496,-68.77919,2.884000062942505,12.539130210876465,86.10297982877488,-68.77959246720059,2.666167194052894,0.6642935300678714,1.0817026289182108
SB85843_component_3314a,89.252579,-65.477145,3.0190000534057617,17.153409957885742,89.25262102699861,-65.47711914621385,2.010493311481501,0.9221734735080687,1.5016215354534594
SB85843_component_3318a,86.570969,-67.925725,2.765000104904175,13.487805366516113,86.57246895142208,-67.92529243323897,2.386059359645622,0.7116493316638981,1.1588144669271065
SB85843_component_3319a,82.097153,-65.525742,3.0369999408721924,16.327957153320312,82.09722327149393,-65.52551167012251,2.861336933884641,0.6518203575476321,1.0613919335773805
SB85843_component_3323a,83.970511,-66.835319,2.5380001068115234,15.017751693725586,83.97070955079067,-66.83565875880407,2.873062542953855,0.5424986893915165,0.8833779525739641
SB85843_component_3334a,90.0961,-65.362538,2.7309999465942383,14.526596069335938,90.09539253462978,-65.36278636051576,3.955510249059939,0.4240053289836653,0.6904292429132964
SB85843_component_3366a,84.379944,-68.524794,2.867000102996826,12.252137184143066,84.38026670055675,-68.52524931510207,3.818198379001283,0.46112785493405123,0.7508777225312061
SB85843_component_3374a,94.094233,-65.364078,2.871999979019165,13.611374855041504,94.09409050090977,-65.36434659758172,2.5244470295166246,0.6986671233968832,1.1376748830293695
SB85843_component_3389a,96.364803,-68.082428,2.8540000915527344,11.105058670043945,96.36369967613703,-68.08256655427124,1.5264114389901358,1.1482448550336215,1.8697449577821055
SB85843_component_3409a,89.148052,-68.235008,3.059999942779541,14.366196632385254,89.1480746917518,-68.23532207344758,3.4886301790820515,0.5386648317863818,0.8771350890465283
SB85843_component_3410a,90.957833,-70.2493,3.0,11.235955238342285,90.95676796502853,-70.24932797144676,2.0521208122322947,0.8977811181441598,1.4619022340778287
SB85843_component_3437a,91.466683,-65.249423,3.0250000953674316,15.049751281738281,91.46669777482828,-65.24939400652845,1.318541902866956,1.40891111073416,2.294200956973804
SB85843_component_3448a,86.712194,-65.245376,2.569999933242798,14.277776718139648,86.71164333153354,-65.24547315319698,1.842199381517816,0.8567391583055325,1.3950715427584912
SB85843_component_3452a,89.234937,-69.474803,2.3359999656677246,11.177033424377441,89.23608397619613,-69.47524419734098,2.2368437370158407,0.641341471006856,1.044328634589454
SB85843_component_3453a,92.543326,-66.915144,2.8380000591278076,14.704663276672363,92.54363003666616,-66.91494538500642,2.801405825361266,0.6221405519928188,1.0130628106200295
SB85843_component_3456a,91.29578,-65.380677,2.4639999866485596,13.037036895751953,91.29654956483067,-65.3807084644234,1.7698652668340291,0.854973457109341,1.3921963625266305
SB85843_component_3462a,91.219809,-69.916154,2.5450000762939453,10.516529083251953,91.21853223887786,-69.91615590245421,2.0738467483025675,0.7536388480508686,1.2271881123217105
SB85843_component_3477a,82.67735,-66.324967,2.73799991607666,14.186528205871582,82.67850057497884,-66.32526058653136,2.7149530807753695,0.6193315997575808,1.0084888521516213
SB85843_component_3479a,83.397905,-65.699702,2.6519999504089355,13.600000381469727,83.39802200513286,-65.69948198318852,2.3195915104289404,0.7021245175197284,1.143304732098509
SB85843_component_3493a,80.882025,-68.790661,2.7049999237060547,11.13168716430664,80.88250987754449,-68.7905640420705,2.2857581653332164,0.7267568180098638,1.1834147482140664
SB85843_component_3500a,93.543194,-68.149379,2.4489998817443848,11.661904335021973,93.54351358765535,-68.14945291860558,2.2517208119501073,0.6679229400068754,1.0876125800087195
SB85843_component_3510a,88.301692,-67.142809,2.4170000553131104,11.790244102478027,88.30193838247814,-67.1432237934161,3.55703417534705,0.4172926736604494,0.6794986879982086
SB85843_component_3543a,87.274218,-68.135182,2.6059999465942383,14.977011680603027,87.27453544207273,-68.13554720526813,2.182350306615476,0.7333344306406854,1.1941254063082953
SB85843_component_3600a,81.805814,-66.982943,2.7049999237060547,15.282485008239746,81.80595881955283,-66.98343845452455,2.011829412678366,0.8257113254776784,1.3445473590650339
SB85843_component_3613a,88.684917,-64.439286,2.7119998931884766,15.859647750854492,88.68479815839383,-64.43917036030504,2.0701857057380684,0.8045119511229116,1.3100273495616601
SB85843_component_3629a,88.801048,-66.636811,2.5789999961853027,14.248619079589844,88.80158930790728,-66.63715597832379,1.6624443308519639,0.952700444018568,1.5513301397969974
SB85843_component_3648a,90.393101,-66.98235,2.3389999866485596,12.246073722839355,90.39321286003903,-66.98245491553074,13.324684401063715,0.10780165425889054,0.17553886578070368
SB85843_component_3658a,91.494144,-67.47007,2.2739999294281006,12.16042709350586,91.49290623668537,-67.47038115495415,2.409972760473903,0.5794693243563772,0.9435791004463202
SB85843_component_3659a,86.513032,-64.456422,2.494999885559082,11.824644088745117,86.51324736445382,-64.45645366467689,2.991810035666437,0.5121399477468721,0.8339432837697903
SB85843_component_3663a,90.084267,-68.895629,2.3329999446868896,12.543009757995605,90.08435951806919,-68.89575248507566,1.994821357507827,0.7182288675202837,1.1695282567064333
SB85843_component_3701a,94.476345,-68.896061,2.328000068664551,11.817259788513184,94.47739293524593,-68.89603122984276,2.161624203387368,0.6613858996439392,1.0769679877827347
SB85843_component_3705a,88.923014,-64.571399,2.5929999351501465,12.64877986907959,88.92316183102703,-64.5713310519015,2.1797604791707026,0.730543143634561,1.189580213022608
SB85843_component_3723a,86.503695,-65.471509,2.2269999980926514,11.721053123474121,86.50316444777985,-65.47165178122098,2.1932511932264456,0.6235682292033787,1.015387569362978
SB85843_component_3792a,92.118546,-66.879251,2.4489998817443848,12.494897842407227,92.11920625896926,-66.87919164629794,2.1646587373320823,0.6947866464374046,1.1313561068580953
SB85843_component_3812a,89.175511,-67.080473,2.3310000896453857,13.095505714416504,89.17590866850173,-67.08076558544569,3.751409878958164,0.3815925699510914,0.6213664101915591
SB85843_component_3816a,88.078494,-65.199936,2.1519999504089355,12.089887619018555,88.07984106369257,-65.19969669394185,2.0682209566841685,0.6389950001567736,1.0405077578650417
SB85843_component_3858a,84.124362,-67.038879,2.190999984741211,12.104972839355469,84.12518289000477,-67.03904779734991,1.570982722895514,0.8564915903534505,1.394668415387108
SB85843_component_3939a,85.487136,-67.193864,2.2119998931884766,12.639999389648438,85.4867244027035,-67.19414758212554,2.5319716744071705,0.5365107103996412,0.8736274246458103
SB85843_component_3985a,85.381015,-65.644948,2.0799999237060547,10.558375358581543,85.3807371982139,-65.6449127295124,3.694705886058615,0.34572882007872463,0.5629676590915135
SB85843_component_4039a,87.834749,-66.284033,2.3529999256134033,14.892403602600098,87.83403321722027,-66.28412949197694,1.5692857673568408,0.9208142147437468,1.4994081859141422
SB85843_component_4149a,92.326787,-68.477722,2.134999990463257,10.414633750915527,92.32633427488325,-68.47789981924463,2.241091929008555,0.5850464430763752,0.9526606038904292
SB85843_component_4229a,91.234523,-67.412578,1.99399995803833,10.070707321166992,91.23481500261825,-67.41261147457722,1.650919602569598,0.741739415982697,1.2078116674698995
SB85843_component_4766a,86.656442,-65.971998,1.746000051498413,10.151163101196289,86.65551717569821,-65.97252254156764,2.5386336101921354,0.4223732097582794,0.6877715809357254
