Component_ID,RA,DEC,ASKAP_flux,ASKAP_flux_SNR,RA_comp,DEC_comp,Comp_flux,Flux_Ratio_AlphaCorr,Flux_Ratio_NOAlphaCorr
SB85902_component_8a,286.640603,11.997741,1005.1909790039062,600.8314208984375,286.6408733478723,11.99729672613272,1049.8332195132493,0.9117367011739327,0.9574768261476415
SB85902_component_25a,285.620723,13.759175,494.3869934082031,232.87188720703125,285.621201091527,13.758519530212794,526.3228145664269,0.8944498725828613,0.9393227496996651
SB85902_component_32a,287.992646,16.196362,471.9219970703125,1039.475830078125,287.99291596763453,16.19564581973532,505.94857138884396,0.8881882281333529,0.9327469702599861
SB85902_component_34a,289.457064,10.77839,435.12799072265625,432.53277587890625,289.45710092413844,10.778195272788677,395.7861840825896,1.0468815768133528,1.0994016674211575
SB85902_component_35a,286.364821,12.813792,383.9179992675781,464.7917785644531,286.36517365978983,12.813317687950361,389.1519482928544,0.9394213592911955,0.9865503717809027
SB85902_component_36a,291.539509,10.092882,401.3819885253906,470.0023498535156,291.5394183435831,10.092519282482199,378.02185727879595,1.0110721186957505,1.0617957157682718
SB85902_component_39a,288.603833,11.481048,382.5190124511719,603.34228515625,288.60398408023474,11.480854834539826,368.9988421529476,0.9871182658013843,1.0366401428777934
SB85902_component_42a,287.220434,16.341531,388.87200927734375,513.701416015625,287.22074462713516,16.340852371843447,392.56735147429436,0.9432648952047138,0.9905867307022026
SB85902_component_44a,293.340824,15.079539,358.1449890136719,827.1246948242188,293.3408058082113,15.07983066621377,503.51643223886566,0.6773082983296035,0.7112875888105469
SB85902_component_45a,288.149549,14.964255,353.3999938964844,1021.3873291015625,288.1495322315947,14.963456551958545,326.7634334346804,1.029850662552697,1.0815163440468887
SB85902_component_49a,293.319234,15.741437,300.82598876953125,661.156005859375,293.3192213493196,15.741735700951143,295.0405453626134,0.9709007050819127,1.0196089774705621
SB85902_component_51a,294.494767,15.297242,322.1929931640625,408.8743591308594,294.49519650785123,15.296416641195915,94.56637926543637,3.244296186276509,3.4070564577682076
SB85902_component_53a,294.422031,14.280509,303.5010070800781,403.5917663574219,294.42191046809063,14.280632256917471,277.86513393854625,1.0400812006860771,1.0922601291430885
SB85902_component_59a,292.555522,12.801339,249.03599548339844,771.0092163085938,292.55538562897146,12.801540961219295,242.97381576225433,0.9759865122837771,1.0249499301071843
SB85902_component_62a,293.058877,10.992624,239.4669952392578,132.59523010253906,293.0586692050067,10.992354981641538,37.246239597969605,6.122156087218673,6.42929320715404
SB85902_component_64a,292.443419,15.099597,215.03900146484375,537.5974731445312,292.4434361381376,15.09989259355869,205.1562509213697,0.998099059722851,1.04817182269168
SB85902_component_66a,292.79783,12.534322,206.8990020751953,640.5541381835938,292.7976323164481,12.534480127168607,194.16827974653924,1.0146617262400466,1.0655654072090164
SB85902_component_69a,291.420099,12.460564,211.73599243164062,701.1126098632812,291.4199047960461,12.460590906482622,204.57762759326698,0.9855478541193555,1.0349909465789955
SB85902_component_75a,293.768241,14.249685,196.35299682617188,484.82220458984375,293.76810244469146,14.249976365431014,183.0172103077497,1.0216138420196583,1.0728662976339634
SB85902_component_79a,288.226863,13.186844,182.13400268554688,518.9002685546875,288.22706626875464,13.18637762434515,169.99996254937776,1.0201954260684256,1.071376722407481
SB85902_component_80a,286.870586,13.729101,173.1230010986328,455.58685302734375,286.8707861598967,13.728555598095129,155.53662276893655,1.0598960486655273,1.1130690509837184
SB85902_component_83a,288.783009,15.403188,173.03199768066406,547.569580078125,288.78302253166703,15.402777811346612,162.15948781383102,1.0160737313041164,1.067048249926118
SB85902_component_84a,288.937536,13.122133,185.26100158691406,518.9384155273438,288.9376228960368,13.121800403311376,172.49018180838976,1.0227295245485422,1.0740379518685343
SB85902_component_87a,286.714052,14.225477,157.9429931640625,397.8412780761719,286.71427820930467,14.22479763791776,152.5903609523787,0.9856311702829954,1.0350784425587294
SB85902_component_88a,287.424061,13.354493,161.42799377441406,481.8746032714844,287.42423936488547,13.354015597365809,148.6214404888441,1.0342810052296572,1.086168948729381
SB85902_component_91a,286.581132,13.061724,153.18099975585938,279.0181884765625,286.58143281481205,13.061238387707714,153.28363622896993,0.9515908800905855,0.999330414676768
SB85902_component_97a,286.730674,15.395147,165.052001953125,282.14019775390625,286.7312214679423,15.394478775919548,73.74048754481157,2.1313558113559687,2.23828194589606
SB85902_component_101a,288.917774,11.639499,148.3699951171875,329.71112060546875,288.91784644585874,11.639310320770694,137.7077300456673,1.025956455963379,1.077426772396759
SB85902_component_102a,290.00241,18.936367,156.63699340820312,93.01483917236328,290.0025890915903,18.93570827879053,155.50070153740143,0.9591867072273969,1.0073073102536994
SB85902_component_103a,289.847579,18.951063,158.2310028076172,94.69239807128906,289.8478839806183,18.950309399873298,167.27641991156332,0.9007370381532246,0.9459253306070974
SB85902_component_106a,290.634662,13.652769,142.61599731445312,106.50933074951172,290.6346083028254,13.653072055001848,134.89418247987987,1.0067373670825854,1.05724349777445
SB85902_component_110a,294.982606,14.614223,142.89599609375,109.2477035522461,294.9825321808853,14.613934924766582,132.08929581111383,1.030133714322067,1.081813595994104
SB85902_component_111a,293.613714,12.895082,141.78599548339844,298.496826171875,293.61351693684156,12.895273105538228,123.92267329566776,1.0894912055508188,1.1441489415347785
SB85902_component_117a,291.145638,11.883344,126.01300048828125,339.6576843261719,291.1454793218901,11.883371203187885,118.7305351447754,1.0106344383537473,1.0613360778221532
SB85902_component_120a,286.108134,14.625095,125.5999984741211,120.88545989990234,286.10842687227114,14.624086157532593,122.30472777487158,0.9778844824555706,1.0269431178925084
SB85902_component_123a,288.237821,13.601933,120.08000183105469,363.8787841796875,288.2378769569153,13.601358361622157,101.29327975260651,1.1288369544119434,1.1854685930234652
SB85902_component_127a,291.313818,12.275707,118.55699920654297,384.9253234863281,291.31361815432757,12.275746330591769,112.36294660954125,1.0047204559260925,1.0551254019576926
SB85902_component_128a,289.861091,18.451807,129.4600067138672,172.15426635742188,289.8614071723338,18.451148969871124,118.11202040303344,1.043716844176582,1.0960781660673573
SB85902_component_132a,290.150347,13.101174,113.63800048828125,250.85650634765625,290.15014982538924,13.101271703576893,112.1136580173305,0.9651753603984693,1.0135964029531097
SB85902_component_134a,294.753777,15.546487,120.11000061035156,121.9390869140625,294.75372326600774,15.54631163638388,110.78566679290155,1.0323732881807992,1.0841655250844007
SB85902_component_135a,290.395692,17.643811,113.12799835205078,193.38119506835938,290.39609116593317,17.64335314673986,102.04434898742335,1.0556557300162674,1.1086160034789723
SB85902_component_136a,293.949295,16.27753,110.01100158691406,163.2210693359375,293.9494027590762,16.277816885725453,89.66250807567178,1.1683323485597645,1.2269453972229833
SB85902_component_138a,293.032115,11.877311,112.91500091552734,222.27362060546875,293.0318671785781,11.877257552232095,100.5175222344927,1.0696729993867067,1.1233364930356433
SB85902_component_143a,286.724466,15.447437,106.04199981689453,185.0645751953125,286.7246856806429,15.446410539838732,108.8064384163296,0.9280352669534889,0.9745930604873086
SB85902_component_145a,289.734302,11.683404,104.87999725341797,246.77645874023438,289.73426808336086,11.683343496090808,98.44802809691326,1.014441041834168,1.065333651479266
SB85902_component_147a,288.308388,13.129756,105.6709976196289,343.087646484375,288.308587504304,13.129283296180802,101.59348379192225,0.9904467246176637,1.0401355842472926
SB85902_component_148a,291.001669,13.659199,106.36299896240234,96.256103515625,291.001738882343,13.65955215803652,103.91139781463725,0.9746945838462557,1.0235931880363922
SB85902_component_150a,293.027869,16.392177,105.35700225830078,171.8711395263672,293.02792672865064,16.392383513073053,102.42707091444889,0.9794670202264163,1.0286050486233185
SB85902_component_155a,291.710802,10.120114,101.9280014038086,144.78408813476562,291.71068238474044,10.119830542278152,80.96345990835661,1.1987969113867,1.2589383101856315
SB85902_component_161a,293.483425,11.687232,99.10900115966797,90.09909057617188,293.48318307362126,11.687154149000484,87.67626652439549,1.0763963510494932,1.1303971426759074
SB85902_component_166a,293.115787,16.561122,92.08399963378906,162.98052978515625,293.1158453121758,16.561370836709127,89.08399893141392,0.9842958095644091,1.0336760892905679
SB85902_component_169a,292.043522,12.896774,100.65499877929688,363.37542724609375,292.0434228880402,12.896844876153356,94.16656958108007,1.0178405855464068,1.068903743940997
SB85902_component_173a,292.041511,17.253827,101.13400268554688,148.2903289794922,292.0409450037144,17.253971043228383,49.85381477548208,1.9317012733279222,2.0286111131315914
SB85902_component_178a,286.872142,12.233106,83.47100067138672,133.7676239013672,286.8723862764568,12.232743782006475,85.13770379436079,0.9335871230895614,0.9804234428614639
SB85902_component_180a,289.833161,17.690431,91.46600341796875,211.7268524169922,289.8335259810355,17.689874000332477,83.86159927546977,1.03857467546197,1.0906780243663126
SB85902_component_187a,291.645299,11.408891,86.83999633789062,253.17784118652344,291.6451531005947,11.408826695905312,74.05096104020951,1.1166839215476903,1.172705865231603
SB85902_component_188a,290.074882,14.814188,82.63700103759766,100.2876205444336,290.07512151873686,14.814792655871933,76.60967299710887,1.0271458246872958,1.078675809524944
SB85902_component_191a,294.451497,13.916467,85.36799621582031,97.675048828125,294.45141856036383,13.916550630802696,76.25913264087019,1.0659685511409513,1.1194461995502467
SB85902_component_192a,287.339711,11.742388,82.78500366210938,97.62382507324219,287.3398306862387,11.741986898585706,84.23856238431287,0.9357975235133312,0.9827447349401326
SB85902_component_196a,293.704026,11.898065,85.56300354003906,80.49201202392578,293.7037503434217,11.898099651850693,75.95854824094027,1.0726314621181658,1.1264433763087927
SB85902_component_198a,290.046664,12.615263,84.24199676513672,203.4830780029297,290.04648196624896,12.615281319390728,76.60222393549216,1.04719712128085,1.099733042164391
SB85902_component_203a,292.425209,9.864858,84.10900115966797,33.45624542236328,292.42514148684984,9.86459827743209,76.84340347921777,1.0422623486165905,1.0945507011856284
SB85902_component_206a,288.428068,13.232153,79.14399719238281,250.45567321777344,288.42824342318505,13.231691585435664,70.26429351314366,1.0725670784593169,1.1263757626422035
SB85902_component_207a,289.860905,12.772469,79.50900268554688,219.6381378173828,289.8607476453657,12.772473180082143,74.20553312684035,1.0202842490103188,1.0714700014302336
SB85902_component_211a,286.510558,14.653111,80.25199890136719,137.1829071044922,286.51057825959106,14.652088984804188,56.44512596137424,1.3538500887924028,1.4217702154882983
SB85902_component_212a,291.074082,18.208868,83.11699676513672,83.2001953125,291.07422113690956,18.208318352512162,76.7134778745278,1.0317140291868638,1.0834731922998262
SB85902_component_213a,291.155433,16.574813,72.11499786376953,135.04681396484375,291.15570507915817,16.57471174621106,65.635613142493,1.0462301087922277,1.0987175164679268
SB85902_component_214a,291.13719,10.39531,77.1500015258789,160.7291717529297,291.13712459588197,10.395071525390621,68.59115582904818,1.0710481207991045,1.1247806017172564
SB85902_component_215a,291.575039,12.890553,76.51100158691406,239.8463897705078,291.574917508331,12.89065282402376,70.60786186842628,1.0318391279201549,1.0836045670025802
SB85902_component_217a,291.56463,17.581939,72.36299896240234,108.98042297363281,291.56480213737206,17.581559627562648,62.24819188189804,1.106957588715472,1.162491580473452
SB85902_component_218a,293.694254,12.039283,73.87899780273438,76.47929382324219,293.6938716599122,12.03933376605652,70.9803298059097,0.9911152265520565,1.0408376236733594
SB85902_component_219a,291.060437,15.653,70.88099670410156,91.5775146484375,291.0606070998153,15.653614611429512,72.10739626834071,0.9360330163780041,0.982992042041357
SB85902_component_223a,288.305015,16.435106,73.08899688720703,248.60203552246094,288.3053128390081,16.434459548415344,70.85836244186089,0.982204808130826,1.0314801862260983
SB85902_component_224a,294.369125,16.241545,73.20999908447266,77.88298034667969,294.36913029400273,16.241810838845502,63.26271004536955,1.1019547846567275,1.15723779509239
SB85902_component_225a,289.987195,14.507156,74.53500366210938,88.62664031982422,289.987334975731,14.507564372715851,70.68507844944504,1.0040924431924756,1.0544658829998732
SB85902_component_230a,293.472593,11.353395,68.93499755859375,48.47749328613281,293.4721887040321,11.35337133344471,59.49079494568247,1.1033953721251308,1.1587506541395896
SB85902_component_231a,288.867016,18.298451,74.65399932861328,111.25782012939453,288.86740522086603,18.297821913162885,72.69525280081135,0.9778859202096544,1.0269446277760255
SB85902_component_234a,292.80881,15.203573,70.9010009765625,179.9517822265625,292.80895487615953,15.203707192933345,47.983988150128496,1.4070100229874962,1.477597084150927
SB85902_component_235a,288.14316,15.089758,68.73699951171875,244.61566162109375,288.14272597563445,15.089102255329346,46.49656601314649,1.4077024189210414,1.4783242162933918
SB85902_component_238a,292.708565,11.578132,62.65299987792969,123.33267211914062,292.70832794826254,11.578047373698096,57.16592264281094,1.0436282312404124,1.0959851075859228
SB85902_component_239a,290.337247,16.511082,62.76900100708008,136.7516326904297,290.33747490265716,16.51116917560257,62.644697268998556,0.9541179528249469,1.0019842659235427
SB85902_component_240a,292.236291,16.854997,61.220001220703125,120.51181030273438,292.2364183245539,16.854862715668048,58.14155245242586,1.0026465779678055,1.0529474814212467
SB85902_component_243a,291.585054,16.53143,58.22200012207031,130.5426025390625,291.58524229268784,16.531415603521523,56.892699416174686,0.9744773432967692,1.0233650489348673
SB85902_component_244a,292.942229,15.733495,68.11799621582031,188.1712646484375,292.9421773859171,15.733781314269654,62.50724558707891,1.0377020339401726,1.0897616040515665
SB85902_component_246a,293.552654,17.217962,62.323001861572266,35.85903549194336,293.5527125213975,17.218318380134612,58.90616768141383,1.0074621989830874,1.058004693135665
SB85902_component_247a,289.096881,16.717827,63.12300109863281,207.64146423339844,289.0971937582691,16.717413885137255,57.04244738589234,1.0537331765502036,1.106596999101485
SB85902_component_252a,287.978065,13.110426,63.005001068115234,196.89064025878906,287.978260324163,13.110036216772132,59.374613608449735,1.010451313220783,1.0611437656437877
SB85902_component_255a,289.864731,13.02129,58.72100067138672,134.3730010986328,289.8645298167672,13.021315906943673,59.92598406639042,0.9330811998323856,0.979892138380761
SB85902_component_256a,290.25083,10.308887,63.39799880981445,81.80387115478516,290.25074387181377,10.308662663524643,57.18987903782748,1.0555955170714604,1.1085527697633473
SB85902_component_257a,291.47707,10.253553,59.04899978637695,106.39459228515625,291.47703596331934,10.253211224699523,51.80597968901195,1.0853600211691816,1.1398105033597357
SB85902_component_260a,291.702166,14.245057,61.770999908447266,109.5230484008789,291.7025133414268,14.245282897219132,56.8113475086785,1.0353583892223859,1.0873003830618722
SB85902_component_262a,290.320629,18.754102,64.48799896240234,49.52995300292969,290.32085221709514,18.753372808656735,59.94785712742406,1.0243453571712071,1.075734847791604
SB85902_component_265a,292.815638,13.304771,56.54999923706055,207.90440368652344,292.8155610115576,13.305067526164585,61.18674324889989,0.8800684079973142,0.9242197939351395
SB85902_component_266a,294.640196,14.254656,62.7400016784668,62.118812561035156,294.6400844835419,14.254691565170955,58.843123406898236,1.0152896866802703,1.0662248712499807
SB85902_component_267a,290.43945,14.804585,57.67599868774414,44.468772888183594,290.4397564168158,14.804989354011152,49.35669529469882,1.1127310719888115,1.1685547086038166
SB85902_component_268a,292.362387,11.869477,59.959999084472656,176.87315368652344,292.3621744449491,11.869403503350037,53.495197885007606,1.0673036262067803,1.1208482528349868
SB85902_component_269a,293.743156,14.948737,57.01599884033203,179.29559326171875,293.74308777889667,14.949048676015854,55.11535437023492,0.9850659300856058,1.0344848453178694
SB85902_component_273a,289.787111,16.237664,55.034000396728516,201.58973693847656,289.7872134803344,16.23781395321648,48.75757205608901,1.074806235070009,1.1287272535519062
SB85902_component_276a,290.288927,15.567781,52.94900131225586,102.8135986328125,290.2890802082606,15.568340487339952,54.08066245713097,0.932302687439414,0.9790745694771738
SB85902_component_277a,291.206997,13.73468,52.66299819946289,66.40983581542969,291.20704557545326,13.735055354860458,58.93089467001287,0.8509493521047712,0.8936398894731288
SB85902_component_278a,293.576865,12.205207,57.2400016784668,86.7272720336914,293.5766143069018,12.205256425540751,47.97598087221594,1.1361009969047149,1.1930970589413394
SB85902_component_279a,285.891458,12.746064,54.60599899291992,50.37453842163086,285.89177189503044,12.745602391663942,57.610043554172464,0.9025750393402211,0.947855540875824
SB85902_component_280a,288.895971,16.71314,54.909000396728516,195.40570068359375,288.8962925646219,16.712681630343678,50.510202302130004,1.0351555034410704,1.0870873188803882
SB85902_component_282a,290.883255,9.602716,54.68199920654297,30.841510772705078,290.88302166244466,9.602562225482131,54.792371169774135,0.9503103403524917,0.9979856326551523
SB85902_component_283a,294.431186,13.631745,58.44200134277344,69.24407958984375,294.43110527678266,13.63186236126494,52.08514755667332,1.0684454324933683,1.1220473414073233
SB85902_component_286a,289.491836,14.686081,57.24700164794922,154.30459594726562,289.4918971310458,14.686353455777327,55.15522883284029,0.9883419291379507,1.0379251951151993
SB85902_component_287a,289.522353,14.086306,57.98500061035156,114.82178497314453,289.52231962836214,14.086364373430168,53.530948583428064,1.0314588169421322,1.0832051765341286
SB85902_component_288a,290.478123,14.694246,52.191001892089844,32.599002838134766,290.47842537059154,14.694744945174245,48.06798072530537,1.0339056803087974,1.0857747944592546
SB85902_component_289a,288.615048,17.800785,57.5099983215332,126.67400360107422,288.6154679770764,17.80030793994305,52.502531453738676,1.0430479573586497,1.0953757224488638
SB85902_component_290a,290.205305,16.77782,53.37900161743164,147.86427307128906,290.2056770299252,16.77761136736601,47.19248911794349,1.077057100262776,1.1310910404413468
SB85902_component_294a,289.687296,17.232264,53.630001068115234,148.14918518066406,289.68769181393645,17.23184049350292,47.775552636529284,1.068915198052313,1.122540674225705
SB85902_component_295a,288.151167,15.45393,51.810001373291016,192.60223388671875,288.15123271503046,15.453047609187651,47.83865991848414,1.031278026029234,1.083015315679284
SB85902_component_298a,292.547045,16.130354,50.55699920654297,117.57441711425781,292.54708144143365,16.130606755126852,47.775627221523315,1.0076647282691402,1.0582173829371857
SB85902_component_304a,289.336239,15.570567,52.06399917602539,170.70162963867188,289.3362146229647,15.57068427229344,47.93423995086222,1.0342674205459412,1.0861546825274921
SB85902_component_306a,290.050855,11.026371,55.89799880981445,131.83489990234375,290.0508164898421,11.026279937111697,50.205622445770686,1.0601933360034161,1.113381252671299
SB85902_component_308a,292.147777,14.365185,51.077999114990234,118.78604125976562,292.1478966996439,14.365349307185317,49.41688423076164,0.9842369896280219,1.0336143184679896
SB85902_component_309a,286.015244,13.637931,47.380001068115234,61.93464279174805,286.01563446506566,13.63735103026821,49.940173489751615,0.9034126869501724,0.9487352116996197
SB85902_component_312a,286.673657,13.441833,49.0880012512207,148.7515106201172,286.67391307449844,13.4414159059623,48.68642904123116,0.9600825867686963,1.008248134395921
SB85902_component_318a,288.410112,14.988626,50.46500015258789,172.23548889160156,288.410039152244,14.988008989067412,50.15966605070056,0.9580249249334828,1.0060872435151125
SB85902_component_319a,294.925385,16.272598,44.84700012207031,77.859375,294.9255798120958,16.27270126500503,46.11366042367054,0.9260724542443532,0.972531777135826
SB85902_component_320a,291.012372,15.98204,46.14799880981445,59.545806884765625,291.0125398591874,15.982503224579785,49.67882464420829,0.8845506913289758,0.9289269450378297
SB85902_component_325a,292.059989,12.326635,52.0989990234375,216.1784210205078,292.0598119345683,12.326663421113665,51.077330199724265,0.97127532639751,1.0200023928368667
SB85902_component_327a,286.540478,12.927575,45.47700119018555,91.87272644042969,286.54076734119604,12.927097364556513,47.03416989503621,0.9207028791578764,0.9668928205105838
SB85902_component_328a,286.890089,12.275635,49.12300109863281,90.29962921142578,286.8904689440842,12.275155842695101,46.761438885409085,1.0003182472743253,1.0505023427318145
SB85902_component_332a,291.390705,17.041632,47.47999954223633,61.50259017944336,291.3910542725426,17.041175677268875,43.796056342431285,1.0323260012380706,1.0841158658442016
SB85902_component_333a,288.327833,18.208547,52.61199951171875,59.85437774658203,288.32846091066796,18.207746037056864,50.29934013668536,0.9960099695032952,1.0459779267232707
SB85902_component_335a,287.117315,15.971112,46.20500183105469,105.73226928710938,287.11764173106627,15.970257103207993,46.66519201648282,0.9428380487126057,0.9901384701199647
SB85902_component_339a,289.388277,10.434688,46.40999984741211,35.31963348388672,289.3883502230339,10.434419717264113,45.41233981450473,0.973147908989174,1.0219689193946515
SB85902_component_341a,293.840825,14.104234,49.137001037597656,115.88915252685547,293.84072793551115,14.104522763213632,39.56878934711618,1.1824888377552754,1.2418120910029515
SB85902_component_343a,286.636439,13.182661,43.71099853515625,122.43977355957031,286.63678730982434,13.182167498197336,42.30404389199813,0.9838978450037531,1.0332581595922619
SB85902_component_345a,290.807899,16.757727,43.29199981689453,108.22999572753906,290.8082405231485,16.757534112222785,41.86745631558839,0.9846281273369522,1.0340250788241878
SB85902_component_346a,293.335844,13.534967,47.516998291015625,137.33236694335938,293.335664405453,13.535369297782056,43.64589324493645,1.0366849115060301,1.0886934544873423
SB85902_component_348a,292.53318,12.171705,44.05400085449219,138.9716033935547,292.53293591791476,12.171701617582583,41.15365960071432,1.0193376385936044,1.070475901339465
SB85902_component_349a,288.319691,13.78086,44.426998138427734,149.08387756347656,288.3198083633597,13.780205610931354,41.129756332540516,1.0285656080948036,1.080166820810425
SB85902_component_356a,291.727188,14.55524,47.016998291015625,92.91897583007812,291.72755055648986,14.55550057409584,37.85295344924397,1.1827590889865103,1.2420959002329761
SB85902_component_362a,291.174526,11.663193,43.24700164794922,147.60067749023438,291.1744045084475,11.663231063697781,40.45363248030512,1.0179809338626686,1.0690511332697763
SB85902_component_363a,289.433383,12.827045,44.07400131225586,137.73126220703125,289.43329106119137,12.826969675599253,42.74584535634648,0.9818151647832077,1.031070995200524
SB85902_component_364a,288.938101,16.306122,43.465999603271484,150.92361450195312,288.9382964426911,16.30569209202327,40.71726227466666,1.0165114339216768,1.0675079112653167
SB85902_component_367a,286.781186,12.448723,40.83100128173828,85.77941131591797,286.7815139377628,12.44823846059878,43.18815433995773,0.900257091611043,0.9454213060445927
SB85902_component_371a,288.317713,12.344114,42.472999572753906,98.7744140625,288.3179829088515,12.343876802719828,38.72672633997927,1.0443433663128587,1.0967361196473557
SB85902_component_373a,290.744739,17.499161,40.53300094604492,86.42430877685547,290.74508752222783,17.49862367505345,38.47092316402223,1.0032688232457907,1.0536009435809728
SB85902_component_376a,291.691536,16.641738,38.77199935913086,84.28695678710938,291.6916959804478,16.64158658751638,35.16520855272272,1.0498957199470698,1.1025670244782007
SB85902_component_377a,287.880906,17.823444,44.93000030517578,51.58438491821289,287.881309737098,17.822786479315983,45.72766160926774,0.9356180551363616,0.9825562629703704
SB85902_component_378a,292.906966,15.066194,40.80799865722656,96.24527740478516,292.90697985964437,15.066561439051867,40.689316633437784,0.9550059248739045,1.002916785869322
SB85902_component_380a,286.853045,16.174077,41.04999923706055,56.54269790649414,286.8532939604304,16.173239463150573,45.91621177376339,0.8513110467493513,0.894019729661509
SB85902_component_382a,288.826339,10.51226,43.492000579833984,28.463350296020508,288.8265773646248,10.511993151085669,34.05249848505689,1.216190393451059,1.2772043907121644
SB85902_component_383a,290.85507,12.348788,40.44200134277344,107.8453369140625,290.8547723868705,12.348807652514456,39.038536776943,0.9864618035823307,1.0359507471770653
SB85902_component_388a,291.753476,9.894356,44.05500030517578,43.10665512084961,291.75336038249753,9.893954935910145,38.75254060792196,1.0825206617215968,1.1368286985594402
SB85902_component_389a,292.607326,14.701475,41.22600173950195,110.52547454833984,292.6073849997408,14.701573587574366,38.10048124339867,1.0303432298448072,1.0820336225187397
SB85902_component_392a,289.100504,12.273342,42.847999572753906,78.33272552490234,289.1005108512039,12.273269259223504,36.75266666570871,1.1101530618893403,1.1658473645595986
SB85902_component_394a,292.757235,12.068849,38.55799865722656,116.84241485595703,292.75695088806594,12.068816749282982,36.854854207568515,0.9962330655558351,1.0462122150874846
SB85902_component_398a,287.909963,14.057724,38.67399978637695,129.344482421875,287.9099762160514,14.05698997624687,32.885984220249064,1.119823074774706,1.1760025039045054
SB85902_component_400a,286.763195,11.88319,37.12200164794922,32.16810989379883,286.7633689244934,11.882918802152798,36.85336948518521,0.9591694771637083,1.0072892157899427
SB85902_component_405a,295.289037,14.949451,41.84400177001953,22.06962013244629,295.28881540417984,14.949093268708657,41.19345632258558,0.9672664954256387,1.015792446313306
SB85902_component_406a,292.119848,16.413582,35.62900161743164,95.77688598632812,292.1198977302891,16.413657187025237,34.6038609437115,0.9804382825617594,1.0296250373733637
SB85902_component_407a,288.900983,10.442038,40.83700180053711,25.748424530029297,288.9012225260517,10.441587628229767,35.18314492141881,1.105249578168065,1.1606978822315666
SB85902_component_408a,289.555265,10.405284,38.11000061035156,37.0,289.55516175924663,10.405120822553465,35.63728034939379,1.0182995877792256,1.0693857734573124
SB85902_component_409a,290.38878,12.0699,37.49100112915039,101.87772369384766,290.38866363785945,12.069926850332346,35.59974009729598,1.0028162806170842,1.0531256977350254
SB85902_component_410a,286.617457,12.144808,38.57699966430664,43.19932556152344,286.6177527341767,12.144316688293557,37.797222310143,0.9718734722477145,1.0206305465455958
SB85902_component_412a,286.604793,13.006058,36.74100112915039,81.82850646972656,286.6051898750024,13.005522572864907,33.82770078852815,1.0342360485948785,1.086121736704323
SB85902_component_413a,288.344871,16.826398,38.479000091552734,122.15555572509766,288.34524072701606,16.82584186274941,34.427758771347364,1.0642807145010558,1.1176736873030793
SB85902_component_414a,293.377063,13.771187,36.9109992980957,114.63043212890625,293.37693039286796,13.771459668494904,34.080103511943676,1.0313262306256976,1.0830659386101897
SB85902_component_417a,286.120415,11.931087,37.391998291015625,19.464860916137695,286.1209331844493,11.930480848786097,46.07348856554384,0.7728029012334915,0.8115729773277753
SB85902_component_418a,291.145762,12.273538,36.402000427246094,116.6730728149414,291.1455284733696,12.273627537229567,34.04177037707136,1.0182496706283515,1.0693333520563446
SB85902_component_419a,291.34419,16.808395,39.04399871826172,78.87676239013672,291.34471056264823,16.80809464811329,32.82033835683139,1.132797812203418,1.1896281596418978
SB85902_component_421a,292.233919,16.12401,34.39400100708008,87.51654052734375,292.23388933532283,16.124337842038564,33.37321384182388,0.9813543099860161,1.030587020180146
SB85902_component_422a,288.612083,14.036258,35.87300109863281,122.85274505615234,288.6120957753693,14.03562221233145,30.045405346390535,1.1369223631543812,1.1939596315994574
SB85902_component_424a,291.473083,16.891952,34.36800003051758,66.86381530761719,291.4733595882229,16.8916580262975,35.95996987980132,0.9100727414622942,0.955729388689562
SB85902_component_426a,290.81145,12.427607,36.34400177001953,111.14373779296875,290.81121880848394,12.427745802574528,32.69432362184244,1.0585260579553193,1.1116303304020276
SB85902_component_430a,291.492743,11.330429,36.4640007019043,112.19692993164062,291.4926613445146,11.330316756455378,38.51032296112986,0.901629932740309,0.9468630200455341
SB85902_component_432a,290.079134,10.937663,37.250999450683594,91.52579498291016,290.07905045820013,10.937702851963495,34.43606272219406,1.0300673107836744,1.0817438611143924
SB85902_component_433a,287.489313,13.07587,35.099998474121094,113.59223175048828,287.48956516754754,13.075416785015697,35.76909199873804,0.9344161751901613,0.981294086955281
SB85902_component_434a,290.646282,9.99132,37.96699905395508,40.737125396728516,290.64621312495376,9.990951596188314,34.03965954236747,1.0620922248038265,1.1153754051711195
SB85902_component_440a,293.826043,16.921195,35.042999267578125,21.021595001220703,293.8262702015473,16.921496432854852,37.542130804665156,0.8888398487927136,0.9334312815090272
SB85902_component_441a,290.177505,15.593768,35.4109992980957,81.96990203857422,290.17765641985557,15.594319958723812,33.34352460364087,1.01127167501568,1.0620052834555191
SB85902_component_442a,288.462367,17.171191,39.290000915527344,98.2249984741211,288.46278314324354,17.170865709583445,27.427448812323316,1.3640735615026032,1.432506580702253
SB85902_component_444a,289.460997,18.87526,37.49100112915039,33.060848236083984,289.461295541791,18.874390630510074,36.31585461661863,0.9830416861226341,1.0323590488214478
SB85902_component_448a,286.056563,11.970927,34.46099853515625,18.749181747436523,286.0566699991429,11.970372604462918,52.73609712111144,0.6222444584893725,0.6534612991176539
SB85902_component_450a,289.267988,13.161684,34.61000061035156,104.24699401855469,289.26786148377215,13.161489071514893,35.946831756000236,0.9168159363528666,0.962810877055235
SB85902_component_452a,292.448178,14.517444,34.380001068115234,100.82112121582031,292.44835220695546,14.517519050301116,33.21621097121369,0.9855915272682227,1.0350368107280545
SB85902_component_453a,289.712936,12.869724,35.35300064086914,86.2268295288086,289.7128533488052,12.869653090237351,35.181326010925396,0.9568750760924042,1.004879708908369
SB85902_component_454a,293.284312,16.10707,33.354000091552734,90.63587188720703,293.2842795583559,16.107283134871285,29.87353647282182,1.0631693633402413,1.1165065817332123
SB85902_component_455a,291.458221,14.891463,35.42399978637695,35.00395202636719,291.4585871836102,14.891898414544201,30.12919979087126,1.1195697743769473,1.1757364958995673
SB85902_component_456a,285.857723,13.418744,33.507999420166016,34.61570358276367,285.8581719807836,13.418217921253765,34.30516630864009,0.9301010527630224,0.9767624829070337
SB85902_component_457a,293.017079,15.586152,33.194000244140625,96.7755126953125,293.01702654468875,15.586488565196113,31.991435555772522,0.9880229440219027,1.037590207112513
SB85902_component_458a,290.416177,10.169826,35.242000579833984,43.83333206176758,290.4161959782741,10.169515265954253,32.78528901963776,1.0235821488236352,1.0749333507087493
SB85902_component_459a,293.759174,17.150065,31.707000732421875,26.204132080078125,293.75955938558883,17.150324957325182,36.47960020075965,0.8276491215051708,0.8691707298854008
SB85902_component_460a,289.394891,11.211672,32.37200164794922,64.74400329589844,289.3948039905657,11.211621970459907,35.50688659968982,0.8681567104549021,0.9117105088068187
SB85902_component_461a,291.936737,10.40574,36.393001556396484,67.02210235595703,291.9366373896952,10.40548035860727,30.97967453630307,1.1186189981548709,1.1747380210127736
SB85902_component_462a,286.09759,13.321257,32.465999603271484,45.85593032836914,286.0979752950063,13.32067493027001,33.49352248874078,0.9230157684738773,0.9693217431575103
SB85902_component_464a,293.845797,12.358053,33.88399887084961,37.523807525634766,293.84560012903665,12.358164489760028,30.88188700069728,1.0447971875201727,1.0972127082158076
SB85902_component_466a,290.402362,13.648119,35.058998107910156,50.29985046386719,290.4023342126458,13.648340301729041,29.483339820438882,1.1323064694324683,1.1891121671231437
SB85902_component_468a,289.875702,13.616936,34.569000244140625,71.86902618408203,289.8756857795591,13.616686539569754,33.809110761348585,0.9736306503689998,1.0224758790065773
SB85902_component_470a,291.10167,18.237418,35.92100143432617,30.034282684326172,291.1016609411636,18.236916297961496,31.517064188026,1.0852851119286733,1.1397318360627422
SB85902_component_471a,293.150018,14.704947,31.739999771118164,95.8912353515625,293.15003656180556,14.705286835183255,31.546811890583975,0.9580597807553084,1.006123847988324
SB85902_component_475a,288.555556,17.58299,34.91899871826172,82.16234588623047,288.5559056614881,17.582418670195683,34.962699820284996,0.9510382546058019,0.9987500650050508
SB85902_component_478a,292.115495,12.419572,31.742000579833984,117.12915802001953,292.11535509611014,12.419584498346532,29.59439956748363,1.0213296215568641,1.0725678183621605
SB85902_component_480a,287.251677,16.955022,35.650001525878906,40.011226654052734,287.2521054232107,16.954603189978677,48.03693526725466,0.7066842735836298,0.7421373017978614
SB85902_component_483a,290.595411,17.385356,33.44300079345703,82.98511505126953,290.59583836453294,17.38470682824793,30.33756031995585,1.049701341163089,1.1023628940741963
SB85902_component_486a,292.526196,11.938301,32.46500015258789,100.20061492919922,292.5260325629425,11.938303233823204,28.621595069240843,1.0800969554160684,1.1342833994418953
SB85902_component_488a,290.216341,16.203407,30.518999099731445,88.2052001953125,290.2164790228818,16.203765448702402,29.04496169694193,1.0005542570627262,1.0507501926898637
SB85902_component_496a,289.867486,11.770557,30.687999725341797,72.5484619140625,289.86734955072,11.770554605124484,31.153444520059733,0.9380018078527521,0.9850596041019402
SB85902_component_498a,287.754986,18.225088,34.78300094604492,17.83743667602539,287.7556402109619,18.224409729783865,38.555905537996296,0.8590477541516709,0.9021445732033649
SB85902_component_501a,288.669095,14.49902,31.08099937438965,107.9201431274414,288.66901185513507,14.49837795672435,29.953964930993912,0.988056599739808,1.0376255512748356
SB85902_component_503a,292.499052,12.687429,31.079999923706055,114.26470184326172,292.49882249389765,12.687548100705456,27.216990816698367,1.0873818208764732,1.1419337329767414
SB85902_component_504a,287.716615,12.924909,31.952999114990234,96.82726287841797,287.7168395820745,12.924555294777555,29.202124443622115,1.0419295275334737,1.0942011830912846
SB85902_component_505a,293.214431,16.240605,31.155000686645508,75.98780822753906,293.2143440099763,16.240840103405503,30.096613854304643,0.9857148395171387,1.0351663093218537
SB85902_component_506a,289.849503,17.837768,32.19300079345703,82.12500762939453,289.8499353469238,17.837155520858953,27.868623206405232,1.0999858848623736,1.1551701192780093
SB85902_component_507a,292.205037,15.349955,29.45800018310547,79.83197784423828,292.2050996458126,15.350233414449114,28.11689300813738,0.9976474527295696,1.0476975594202373
SB85902_component_508a,291.926956,10.356484,30.156999588012695,56.473785400390625,291.92673264585335,10.356226046217007,31.09309258699377,0.9235605544081636,0.9698938599831449
SB85902_component_509a,286.976917,13.777871,30.385000228881836,88.84503173828125,286.9770494634618,13.777324287376253,28.324737689189956,1.0214909260133362,1.0727372151615078
SB85902_component_511a,292.733988,13.492159,28.941999435424805,101.19580078125,292.73394228745303,13.492452496419995,29.88117948156099,0.9222994727660163,0.9685695122337545
SB85902_component_513a,289.953985,12.548229,29.711000442504883,80.30000305175781,289.9538148788693,12.548264527374535,28.485516924653577,0.9931945702474063,1.0430212841526734
SB85902_component_519a,286.559713,16.219274,27.61400032043457,25.19525718688965,286.56014969575233,16.218623907638392,33.391150616585286,0.7874792278632531,0.8269855878137597
SB85902_component_520a,290.870715,13.258149,28.8799991607666,46.807132720947266,290.87054701252686,13.2584630059486,29.210925401247906,0.941440823134736,0.9886711483482421
SB85902_component_522a,290.941917,13.552477,29.249000549316406,41.72468185424805,290.941699567583,13.552943070676951,29.718032188956155,0.9371997145672161,0.9842172712965144
SB85902_component_526a,291.611399,11.819948,28.22599983215332,87.93145751953125,291.6111921045099,11.819939777395009,27.457601878260057,0.9788764870271368,1.027984889477972
SB85902_component_529a,292.421288,17.279049,31.582000732421875,48.513057708740234,292.42150605196343,17.27884012594166,26.204041598091692,1.1476580964296994,1.205233956532943
SB85902_component_530a,289.681652,12.634482,29.389999389648438,77.95755767822266,289.68159697076493,12.634460274598696,29.928551753024784,0.935093506264719,0.9820053984629604
SB85902_component_531a,285.730467,14.298903,26.176000595092773,17.019506454467773,285.73098675319113,14.297814847697131,31.5094366932423,0.7910497879543504,0.8307352762262054
SB85902_component_532a,287.89296,14.955406,28.33099937438965,97.69310760498047,287.8928768768092,14.954577235178128,27.422297381289273,0.983782797188777,1.0331373400435953
SB85902_component_533a,293.197986,15.430833,28.604000091552734,89.66770935058594,293.1980069322963,15.431079056387984,27.67220015642255,0.9842926592978433,1.0336727809810207
SB85902_component_536a,292.313932,11.429575,27.785999298095703,77.39833068847656,292.31377274045155,11.429450785811088,21.305182993239832,1.2418865324075197,1.304189656897678
SB85902_component_539a,292.336557,14.043235,28.266000747680664,81.69364929199219,292.33666330524665,14.043485226500264,26.11155533117615,1.0307961566566675,1.0825092718215905
SB85902_component_540a,293.054622,16.513529,28.361000061035156,56.60878372192383,293.05476799990066,16.513718064254576,24.847563654528887,1.0868732366192142,1.1413996339985586
SB85902_component_541a,288.827714,14.401918,27.37299919128418,99.53817749023438,288.8276618281374,14.40145039954249,24.63494580256877,1.058064002877401,1.111145094885084
SB85902_component_542a,292.939679,12.521405,27.077999114990234,88.49019622802734,292.93929419310444,12.521552630404079,27.87646881117364,0.9249536613636548,0.9713568565089077
SB85902_component_543a,294.858278,15.802444,26.256999969482422,24.770755767822266,294.8581389869046,15.802417929385431,28.658853302260574,0.8724237101209071,0.9161915758650157
SB85902_component_546a,288.276611,13.936897,27.165000915527344,101.3619384765625,288.2765610047022,13.936376891096767,26.166866867641243,0.9885511939875475,1.0381449583908888
SB85902_component_548a,286.275574,12.019582,27.868999481201172,21.225439071655273,286.27600854815284,12.01891348621915,30.4920023936758,0.8703152592347887,0.9139773479416146
SB85902_component_549a,294.189038,15.196402,29.083999633789062,63.2260856628418,294.1889374988891,15.196519369820013,30.45859334575772,0.9092544885410798,0.9548700855497613
SB85902_component_551a,289.061643,14.074123,28.114999771118164,93.40531158447266,289.0616904684507,14.073747155689762,26.995602511886425,0.9917134999221384,1.0414659112993998
SB85902_component_554a,288.200216,13.495044,28.694000244140625,93.4657974243164,288.2003498771231,13.49446835143264,26.1198182973621,1.0460732872591492,1.098552827491855
SB85902_component_557a,290.39511,17.302358,27.29400062561035,67.22660064697266,290.39553756523736,17.30197262784685,23.651965114710162,1.0988568838362436,1.1539844783820965
SB85902_component_560a,292.733162,12.578878,26.562999725341797,85.1378173828125,292.7330167174739,12.57895456964394,26.903427252599936,0.9401792779099529,0.9873463137591423
SB85902_component_561a,293.186582,11.778362,28.253999710083008,45.4244384765625,293.1863349595814,11.778233411834274,22.335089439236093,1.2045737816778936,1.265004995254201
SB85902_component_563a,289.183626,12.886818,26.538999557495117,88.16943359375,289.1837079711566,12.88655107990136,25.571885455210897,0.9882412154788942,1.037819428840244
SB85902_component_565a,289.648871,14.098758,26.35700035095215,33.5757942199707,289.64884039324966,14.098912733015453,27.60285504677632,0.9092496516869132,0.954865006039668
SB85902_component_566a,293.172639,14.013996,27.329999923706055,94.24137878417969,293.1724296914283,14.014268622991091,26.795434541224356,0.9712253107655895,1.0199498680142425
SB85902_component_568a,292.745718,15.044435,25.823999404907227,73.9942626953125,292.7457498642846,15.044677665657769,24.091552084889965,1.0207041692627863,1.0719109882963431
SB85902_component_569a,288.435338,12.966393,27.36199951171875,91.51170349121094,288.43550886826944,12.966006411714341,25.79077389868272,1.0102401448190002,1.0609220033182596
SB85902_component_572a,294.232755,16.06563,25.558000564575195,39.7480583190918,294.2328257739627,16.06591870164477,26.224459872092815,0.9280288747528191,0.9745863476018873
SB85902_component_575a,293.787822,11.811496,26.445999145507812,20.532608032226562,293.78789055408936,11.81104710777907,15.095431802771326,1.6682287630177723,1.7519206797815925
SB85902_component_576a,289.416274,16.647393,27.64299964904785,79.89306640625,289.416568031884,16.647103904131843,24.71182203203639,1.0651764753504223,1.1186143867988156
SB85902_component_578a,288.185606,12.622372,26.58799934387207,88.33222198486328,288.1859327630175,12.622011706507038,23.756343167420383,1.0657301074470376,1.1191957935821975
SB85902_component_581a,292.949467,15.808578,23.820999145507812,63.353721618652344,292.9494925173634,15.808778561424118,23.177412377858737,0.9786698099947206,1.027767843845411
SB85902_component_583a,288.70163,18.022543,27.964000701904297,59.245765686035156,288.70206888014314,18.021983862118198,28.315416867365588,0.9404105883518409,0.9875892286132538
SB85902_component_590a,287.982198,13.520863,24.964000701904297,73.64012145996094,287.98232730960046,13.520272561445939,27.51760946580385,0.8638625542780386,0.9072009228464076
SB85902_component_592a,290.350651,17.939384,26.71299934387207,52.897029876708984,290.3510633960082,17.938769325037452,22.853935803507,1.1130196100510732,1.1688577220809768
SB85902_component_595a,292.701807,11.221541,26.628000259399414,35.93522262573242,292.70173423002353,11.22134677323759,24.544175209839352,1.0330736295071026,1.0849010012251172
SB85902_component_598a,293.253101,12.710988,25.797000885009766,78.8899154663086,293.2529158337823,12.711180815794048,23.93771284082415,1.026189889605786,1.0776719169683882
SB85902_component_599a,290.287279,15.934159,24.729999542236328,69.85875701904297,290.2874609068537,15.934619087999259,21.794418141266107,1.080488117642164,1.134694185545239
SB85902_component_600a,293.174876,13.869591,25.65999984741211,82.50804138183594,293.1748576654647,13.869829161937007,22.510675286432207,1.085448672555363,1.139903602220147
SB85902_component_603a,294.360227,13.93767,25.68199920654297,34.61185836791992,294.36009086819604,13.937874466830868,21.698961424246995,1.1270185031494035,1.1835589134623383
SB85902_component_604a,294.449009,13.246946,26.756000518798828,23.326940536499023,294.44893130160096,13.247133310392003,21.531222798744746,1.1832967359848579,1.2426605199756087
SB85902_component_606a,287.948624,12.752593,24.74799919128418,79.06709289550781,287.94903572178373,12.752137207533718,24.64023458285219,0.9563930705183193,1.0043735220161818
SB85902_component_609a,291.976332,17.997989,23.323999404907227,15.038039207458496,291.97627885492176,17.997613225026676,21.632255913591443,1.0266971946899173,1.0782046725997203
SB85902_component_611a,288.398666,15.477383,24.509000778198242,107.96916961669922,288.39868918506954,15.476601179864339,21.036169555046094,1.1094305194063954,1.165088573471737
SB85902_component_614a,286.667265,12.996687,23.854999542236328,58.468135833740234,286.66761620549823,12.996189358430147,24.961356644896046,0.9100230503173208,0.9556772046327883
SB85902_component_620a,288.855705,14.905508,23.648000717163086,75.55271911621094,288.85568586120104,14.905208300752413,23.51654823747876,0.9575512320276994,1.0055897863222474
SB85902_component_621a,286.831774,15.331088,25.714000701904297,60.36150360107422,286.8320769134493,15.329993504368048,24.01411427342449,1.0196338486895664,1.0707869717419063
SB85902_component_623a,291.846045,17.242764,23.993000030517578,40.5972900390625,291.8462548576507,17.242377085433674,20.093214653389477,1.1370414492214722,1.194084691991794
SB85902_component_624a,292.112371,14.896706,24.729000091552734,67.93681335449219,292.11249771596374,14.896949730028302,22.530117407503162,1.0451635782118576,1.0975974800431925
SB85902_component_625a,293.86112,14.135156,25.698999404907227,54.33192443847656,293.86102792657215,14.135327226845641,22.231788993828623,1.1007354875518032,1.1559573281323008
SB85902_component_627a,288.03122,17.646765,25.05900001525879,36.16017150878906,288.03159430622645,17.64621264862764,22.919623930417146,1.0411119102474744,1.0933425474753287
SB85902_component_628a,290.396534,12.566893,25.70400047302246,75.15789794921875,290.3963274824411,12.566992616073133,23.944529657076377,1.0221992917500702,1.0734811182823174
SB85902_component_632a,292.53259,15.645299,22.104000091552734,43.08771896362305,292.5325329106523,15.645595520095338,22.704289767737176,0.9270520499399425,0.9735605173152144
SB85902_component_633a,291.796112,15.494467,22.22100067138672,55.5525016784668,291.796206071019,15.494877699803753,20.278029292138513,1.0434677527520104,1.0958165781919187
SB85902_component_635a,287.645755,13.096959,24.107999801635742,70.49122619628906,287.6460986109534,13.096524211406868,22.395228127752937,1.0250542586622275,1.0764793135444903
SB85902_component_639a,292.709487,15.03683,22.225000381469727,65.75444030761719,292.7096100298666,15.036974994055216,21.792706782416946,0.9711174708516898,1.0198366179735676
SB85902_component_644a,287.692377,11.654749,22.290000915527344,34.23963165283203,287.6924148360562,11.654448634416932,20.720430976180047,1.0243596611280934,1.075749869351253
SB85902_component_651a,287.886311,14.225126,23.615999221801758,83.15492248535156,287.8863558960697,14.224272480309729,21.653298178886644,1.0385404947008172,1.0906421288203048
SB85902_component_655a,291.262735,16.016647,22.68400001525879,21.359697341918945,291.26290876053787,16.017069888204848,19.215063456444422,1.1241363248859773,1.1805321417062997
SB85902_component_657a,292.87522,11.035036,22.485000610351562,21.455154418945312,292.87509904836134,11.034705682688356,23.128534818576437,0.9257334320487622,0.9721757468307937
SB85902_component_658a,292.434556,15.836225,21.388999938964844,59.249305725097656,292.4343095588496,15.836513878173871,19.719707922335214,1.032835523961118,1.0846509503692463
SB85902_component_660a,287.063464,12.890452,21.892000198364258,61.15083694458008,287.0637954842116,12.890002298009092,20.997614279328943,0.9927883119770285,1.0425946446647414
SB85902_component_668a,294.731201,13.994285,23.197999954223633,17.247583389282227,294.7310261622011,13.994367249220312,17.042399124922568,1.2961670498494144,1.3611933263726466
SB85902_component_671a,289.325098,14.085977,21.53499984741211,58.83879852294922,289.3250884203466,14.085884513459115,25.42553826787922,0.8065213770079613,0.8469830459643746
SB85902_component_679a,293.616196,15.454412,21.815000534057617,67.74845123291016,293.6161312905462,15.454717214148996,20.04036462035471,1.0365512382767925,1.0885530751222179
SB85902_component_680a,289.22157,11.7523,21.32900047302246,32.07368469238281,289.2216922543211,11.75212472206251,20.43071386176387,0.9940955466163274,1.0439674608208251
SB85902_component_683a,286.905261,12.230572,21.197999954223633,37.45229721069336,286.9056126861118,12.230042724155565,20.27673844346374,0.9954924109604956,1.0454344032364271
SB85902_component_685a,294.037865,16.810341,22.479999542236328,12.034260749816895,294.0380753398605,16.81071661663894,21.642323733304703,0.9890849069703923,1.038705446755819
SB85902_component_691a,289.418036,11.32486,20.714000701904297,51.65586471557617,289.4180695252634,11.32482092086934,17.955896669342902,1.0984949251595675,1.153604360915624
SB85902_component_692a,292.37423,17.137984,21.614999771118164,33.0,292.3743731382323,17.13773971257021,18.705055509415743,1.1003666003681654,1.1555699345686312
SB85902_component_695a,290.214434,10.497698,20.222000122070312,32.098411560058594,290.2144430146404,10.49745561808081,19.718403695692636,0.9765478332664979,1.025539411513706
SB85902_component_696a,288.855848,16.922048,22.514999389648438,82.47252655029297,288.85620835082767,16.9214974358799,22.06645919561644,0.9715842228135949,1.0203267860083824
SB85902_component_698a,292.541378,15.224035,19.767000198364258,53.71467590332031,292.5413709161917,15.22424854632081,19.452226426245144,0.9676373340034693,1.0161818891689651
SB85902_component_699a,293.65059,12.879783,21.985000610351562,44.14658737182617,293.65040505496444,12.88008035221051,19.063558521544753,1.0981550822764055,1.1532474687506602
SB85902_component_701a,292.363291,10.9185,22.750999450683594,42.6848030090332,292.3632247921379,10.918289430515506,18.921986869827084,1.144919385889947,1.202357850007931
SB85902_component_702a,293.124472,17.089963,19.875999450683594,22.01107406616211,293.12442413548564,17.09026893697672,20.10149014411668,0.941546749818218,0.9887823891753078
SB85902_component_708a,289.047363,14.662508,19.759000778198242,55.502811431884766,289.047085547293,14.66252840812722,18.516671902465134,1.0161158194592639,1.067092449565287
SB85902_component_709a,285.916405,13.936867,22.780000686645508,24.5209903717041,285.9168946904746,13.935880912528223,19.190647037002723,1.130330069006205,1.18703661438418
SB85902_component_711a,290.781377,17.427152,19.709999084472656,50.15266799926758,290.7818502430113,17.426641613356285,16.6591039083719,1.1266165658615725,1.1831368117325658
SB85902_component_713a,293.34137,13.308237,19.577999114990234,47.062496185302734,293.3411947522842,13.308761772246392,9.913587266437103,1.8805229433567832,1.9748652620704146
SB85902_component_715a,292.806636,15.751912,20.92300033569336,56.093833923339844,292.8064974264434,15.752208660568499,17.357252858734444,1.147847354265281,1.2054327090801453
SB85902_component_716a,289.619767,13.249172,19.597000122070312,59.7469482421875,289.6196290460461,13.249163113111619,20.860904669253646,0.8945355870911219,0.9394127643444836
SB85902_component_717a,290.929065,16.235566,19.368999481201172,29.7984619140625,290.92926198753713,16.235825280214765,17.952791120034536,1.0273451508981903,1.0788851355590168
SB85902_component_718a,289.514178,15.153836,20.558000564575195,57.90986251831055,289.51420151414743,15.15417927349287,18.671960592958463,1.0484123237685647,1.1010092090879837
SB85902_component_720a,291.78664,13.783941,22.52400016784668,36.44660568237305,291.78686051167864,13.784271911043776,22.381316853504973,0.9582990377882682,1.0063751080991181
SB85902_component_729a,293.520443,14.943961,20.18600082397461,59.72189712524414,293.520330908169,14.94438640544138,19.16679953500048,1.002863561678952,1.0531753507993324
SB85902_component_730a,287.81683,13.676797,21.93899917602539,67.92259216308594,287.8169093968405,13.676260624455837,19.26346885584364,1.0844848327803898,1.1388914084064417
SB85902_component_732a,292.753655,17.223924,20.625999450683594,25.558860778808594,292.75393130576583,17.2237201205328,17.773430470784337,1.1050575803421299,1.1604962522338196
SB85902_component_734a,291.493576,18.085878,21.066999435424805,19.633737564086914,291.49382222181936,18.085065736582607,19.22114454972298,1.0436733755855012,1.096032516738366
SB85902_component_735a,287.701643,16.386118,19.76099967956543,51.73036575317383,287.70194135604896,16.385423945467068,19.485967727520546,0.965668573291493,1.0141143594144646
SB85902_component_738a,291.786908,17.30135,17.836000442504883,26.152494430541992,291.78715358184405,17.300838217068733,16.7976664878222,1.0110896994358785,1.0618141785012485
SB85902_component_740a,291.225893,9.528024,19.339000701904297,10.391725540161133,291.225372548009,9.528147668533743,16.70600576133527,1.1023070070354657,1.1576076878090684
SB85902_component_744a,292.980059,11.378396,18.527999877929688,22.733741760253906,292.97976372768545,11.37833524524789,17.180645525795587,1.0269049031532875,1.0784228014081974
SB85902_component_746a,289.932091,15.109162,18.19700050354004,35.19729232788086,289.93219546668547,15.10958470189838,16.659649568521548,1.0401000349925835,1.0922799083315247
SB85902_component_747a,290.254389,10.575185,19.209999084472656,37.373538970947266,290.25439888039153,10.574894111599543,19.02002492012906,0.9617394442564652,1.0099881133248434
SB85902_component_748a,287.64177,11.889562,19.41200065612793,37.47490310668945,287.6420095678748,11.889206758573549,16.619573441520128,1.1122222787885607,1.168020390200363
SB85902_component_749a,289.940038,12.04555,20.57699966430664,59.29970932006836,289.9399072459704,12.04550454445553,17.720476168982593,1.1057267813548852,1.1611990258097027
SB85902_component_751a,289.11191,14.648249,17.922000885009766,55.314815521240234,289.1118170332091,14.648147462268039,17.673769269304547,0.9656027172729807,1.0140451995226816
SB85902_component_753a,292.762843,15.264496,18.538000106811523,50.10270309448242,292.76287649397955,15.26476295807596,16.876390197288767,1.0459826672735277,1.0984576612710517
SB85902_component_754a,294.043585,16.59955,18.986000061035156,18.723865509033203,294.04394562750986,16.599759332853928,22.415165791878632,0.8065525865416473,0.8470158212219908
SB85902_component_755a,287.702877,16.154951,20.250999450683594,62.50308609008789,287.7033151992427,16.154005067829033,19.32623172534803,0.9977929823623052,1.0478503900024467
SB85902_component_757a,288.769671,17.957526,21.023000717163086,49.234195709228516,288.76990682069237,17.957055747923103,19.25594347050305,1.0396114847841096,1.0917668484728822
SB85902_component_758a,286.649729,15.088501,20.229999542236328,38.53333282470703,286.6499205406993,15.087349723036747,16.497703744486667,1.1676522974679069,1.2262312292398236
SB85902_component_759a,293.416047,12.111721,19.1200008392334,29.415386199951172,293.4158287613761,12.11165360221991,16.516857899470153,1.1023046523212434,1.1576052149632376
SB85902_component_762a,288.855107,15.629893,20.843000411987305,64.33024597167969,288.8551488627165,15.629545724322343,18.157334650142552,1.093073347383667,1.1479107927232959
SB85902_component_763a,291.458585,10.282446,19.125,33.730159759521484,291.4583783052515,10.282216124704213,18.3533785472899,0.9922625199845584,1.0420424746714572
SB85902_component_765a,289.093981,11.291488,19.93400001525879,13.891289710998535,289.0940230173471,11.291333969311228,14.577117777757937,1.3021588211357469,1.3674856936173274
SB85902_component_766a,291.584901,12.673123,19.28700065612793,70.64835357666016,291.58468046299697,12.67312859889649,18.25614926245993,1.0059969943167892,1.0564659818917965
SB85902_component_767a,290.524701,15.135734,18.948999404907227,28.66716957092285,290.5251114101794,15.136287250899102,16.941534531809786,1.0650615406083337,1.118493685995692
SB85902_component_769a,290.384493,12.359759,18.509000778198242,50.709590911865234,290.3842977565734,12.359631413561802,18.760077604670457,0.9394842610653081,0.9866164292193702
SB85902_component_770a,288.229635,14.268332,18.68400001525879,63.551021575927734,288.2296493056545,14.267475035069518,15.434138117988882,1.1527327776356888,1.2105632250032874
SB85902_component_772a,287.050024,16.016941,19.292999267578125,42.40219497680664,287.05029302178457,16.01589811727773,19.318132698550087,0.9509896024197706,0.9986989720298459
SB85902_component_775a,289.492882,11.972118,17.944000244140625,19.849557876586914,289.49289339148663,11.972023157180185,18.96171494479681,0.9011203942739218,0.9463279189873355
SB85902_component_776a,292.997385,15.453665,18.152999877929688,47.02849578857422,292.9974079819058,15.45387107081057,18.133639441254097,0.9532451280071668,1.0010676531171976
SB85902_component_777a,286.907286,13.113155,18.180999755859375,52.851741790771484,286.9075468128268,13.112683049125716,17.04441046685188,1.0157268721753205,1.0666839895236004
SB85902_component_778a,292.585298,14.936234,18.5,54.41176223754883,292.5853471700999,14.936547006853933,18.03316855427226,0.9768791765910109,1.0258873777130608
SB85902_component_782a,291.949945,10.207259,17.860000610351562,23.43832015991211,291.95007440131957,10.20689257624552,17.80334031613253,0.9552590076758357,1.0031825653620567
SB85902_component_787a,294.058609,12.576644,19.0310001373291,19.47901725769043,294.0585809791879,12.576853621536642,15.468341989356961,1.1715451024965255,1.230319329015575
SB85902_component_790a,288.686215,10.965796,19.576000213623047,13.962910652160645,288.68630979118376,10.96538208369726,15.451393285427267,1.2064170881132295,1.2669407769256535
SB85902_component_791a,288.512417,14.57359,18.885000228881836,71.53409576416016,288.5123205943814,14.572976273901736,17.18684018497595,1.0463142053557422,1.0988058319987377
SB85902_component_793a,288.613127,14.817741,17.996000289916992,59.787376403808594,288.61306235160487,14.817041948944382,17.97354528689737,0.9534181319318605,1.0012493363252042
SB85902_component_795a,287.686737,16.477306,19.12700080871582,43.56947708129883,287.68704010579603,16.476685731014605,21.64680480514868,0.8413839843130675,0.8835946450705037
SB85902_component_799a,294.246467,13.909865,18.011999130249023,29.098543167114258,294.2463571360353,13.909907976904504,15.201684950244863,1.128265621814121,1.184868597737838
SB85902_component_801a,292.192038,12.193588,18.239999771118164,68.57142639160156,292.1917893623254,12.19362025848728,17.128004942888573,1.0140496388360096,1.0649226125247753
SB85902_component_802a,293.347264,13.403435,17.7450008392334,52.970149993896484,293.3472082101147,13.403705901590614,17.251267676278548,0.9794813612382539,1.028620109096896
SB85902_component_805a,291.184167,15.372048,17.117000579833984,28.816499710083008,291.18431917083586,15.372609792436288,14.693499568680952,1.109286139702631,1.1649369505082847
SB85902_component_806a,292.774648,12.214467,17.847999572753906,52.80473327636719,292.774319567115,12.214667856271962,13.717741063867939,1.2389338299072803,1.3010888228357749
SB85902_component_807a,286.709707,14.924395,17.85700035095215,40.038116455078125,286.7099357064956,14.923365331049334,17.88033800466248,0.9509856170967007,0.9986947867705719
SB85902_component_814a,289.088319,12.784267,17.429000854492188,49.6552734375,289.0885643216982,12.783933527781484,16.94785759408915,0.9792618842762081,1.0283896213861772
SB85902_component_815a,289.089402,16.943988,17.579999923706055,57.828948974609375,289.08965164705927,16.94371975019515,17.50875730219221,0.9561030681394762,1.0040689707604165
SB85902_component_819a,289.397843,16.682234,17.84000015258789,57.54838562011719,289.39809222542345,16.681997715968425,22.31563547945692,0.7612490450420144,0.7994394857816548
SB85902_component_822a,286.891229,13.443774,16.951000213623047,48.43143081665039,286.8914262105881,13.443231630851008,14.023069432775504,1.1510479368677473,1.2087938589253662
SB85902_component_823a,293.850966,14.199918,18.100000381469727,40.8577880859375,293.8506705711499,14.20015663950007,18.75386814939208,0.9190283136925977,0.9651342452280411
SB85902_component_824a,287.100946,14.302489,18.448999404907227,58.56825256347656,287.1009747108317,14.301767195494675,16.52145238100029,1.0633243509371766,1.116669344767995
SB85902_component_825a,285.969364,13.291355,18.906999588012695,24.08534812927246,285.96993780172505,13.290878180462059,17.29687935218519,1.040868880473147,1.093087325351789
SB85902_component_827a,290.799183,10.134707,16.71500015258789,23.11894989013672,290.79913720387054,10.134375523621307,17.426767223724987,0.91333630361926,0.9591566776557335
SB85902_component_829a,293.655475,16.147297,16.999000549316406,38.37246322631836,293.65551169013446,16.147642391531313,16.172165047891273,1.0009131354911218,1.0511270753777613
SB85902_component_832a,291.995429,14.099604,17.708999633789062,50.45298767089844,291.99567665673254,14.099741306102796,14.789081418906719,1.1402340210265762,1.1974374291529324
SB85902_component_835a,288.086541,13.68885,18.94300079345703,62.312503814697266,288.086665836474,13.688246224847813,16.67456696352564,1.0817711104295764,1.1360415436810696
SB85902_component_836a,292.21525,13.47072,18.621000289916992,50.877052307128906,292.21524900137786,13.470994567047073,17.276228843335144,1.0263493804903416,1.0778394092123083
SB85902_component_837a,289.090814,16.314868,17.28700065612793,66.48846435546875,289.0910554454565,16.31462438961408,16.83504372761229,0.9777921932110123,1.0268461986691697
SB85902_component_838a,288.61705,16.952293,17.15399932861328,66.23165893554688,288.61731181927723,16.951843951730964,15.976871964267556,1.0223857782703631,1.0736769604825265
SB85902_component_842a,291.233549,17.991342,18.551000595092773,23.36397933959961,291.2333850128019,17.9909321456845,14.257538198449591,1.2389790454570278,1.3011363067650814
SB85902_component_843a,292.875335,12.069277,16.75200080871582,41.159706115722656,292.8750404914276,12.069351197806022,18.631510011691223,0.8561695873614931,0.8991220141686844
SB85902_component_845a,289.446243,15.296716,17.50200080871582,46.30158996582031,289.44622345074737,15.297026695127265,14.516515147414307,1.148065043718689,1.2056613196062618
SB85902_component_850a,294.590143,13.259012,19.295000076293945,14.094229698181152,294.5898505535048,13.259256348101815,15.502954114811955,1.1851450004596895,1.244601508422125
SB85902_component_851a,294.522718,15.124018,17.082000732421875,29.968421936035156,294.52269326065715,15.123966946722561,17.682925127446875,0.919868599034825,0.9660166861142072
SB85902_component_853a,291.664195,11.805914,16.702999114990234,53.707393646240234,291.66408196923487,11.805889366661907,13.706024805144573,1.160443794353165,1.2186610890066931
SB85902_component_854a,293.719747,13.972574,17.367000579833984,51.53412628173828,293.71959958178047,13.972856506508318,10.658844648441264,1.5515145478040882,1.6293511306944242
SB85902_component_855a,290.143308,17.371931,17.27400016784668,47.85041427612305,290.1437562721173,17.371560079764272,14.892269500582625,1.1045190186363827,1.159930671894628
SB85902_component_862a,291.040188,13.845325,18.488000869750977,13.02889347076416,291.0402391067879,13.845820126873049,17.357664067907788,1.0142379104821793,1.0651203294072873
SB85902_component_865a,291.222656,10.70189,16.920000076293945,49.32944869995117,291.22276691747703,10.701570963213534,13.801109626249104,1.1674210525007027,1.2259883831451384
SB85902_component_866a,288.866561,15.972259,16.43899917602539,60.88518142700195,288.86671407023744,15.971768416515463,16.711824220370218,0.9366830911940349,0.9836747298949998
SB85902_component_867a,291.866982,10.160248,16.833999633789062,24.71953010559082,291.86695567909453,10.159881471596918,15.249661419389447,1.05115867259007,1.103893337093057
SB85902_component_869a,289.386174,11.000491,16.21500015258789,24.6054630279541,289.38593621475604,11.000361270841383,14.469426030225671,1.0671041746054268,1.12063879511985
SB85902_component_872a,290.797964,12.477293,17.16200065612793,55.72078323364258,290.7977705845861,12.477319654931627,18.876696684911252,0.8657312262955474,0.9091633426438465
SB85902_component_873a,293.068829,15.164077,17.118999481201172,44.580726623535156,293.0688144683859,15.16435498474456,14.62005555288078,1.1149888430389367,1.1709257478045623
SB85902_component_880a,290.209993,12.451106,15.961999893188477,49.26543045043945,290.20985637626455,12.451045288595271,16.04825479122107,0.947110515549294,0.9946252786265721
SB85902_component_885a,288.345442,17.284235,16.874000549316406,50.37015151977539,288.3456415493139,17.283764878085215,14.099375324901736,1.1396181387978455,1.1967906492647402
SB85902_component_887a,293.804055,16.520042,16.36400032043457,21.531579971313477,293.80403236341783,16.520295253579803,15.994799403293381,0.9742083493016792,1.0230825600141737
SB85902_component_888a,292.088445,13.699644,15.701000213623047,47.4350471496582,292.088528341314,13.699921035113132,15.24573462892512,0.9806637663037615,1.0298618332129545
SB85902_component_893a,289.835536,11.346486,15.817000389099121,34.38478469848633,289.8355483431927,11.346709652832086,14.819662520647476,1.0163118215992903,1.0672982847660737
SB85902_component_896a,292.024441,16.510522,15.406000137329102,36.33490753173828,292.0245856247317,16.510471892267592,13.147027251532974,1.1158440449577585,1.1718238536040706
SB85902_component_899a,292.774542,14.865459,15.586999893188477,53.017005920410156,292.77472943812637,14.865395091724707,17.02687968651789,0.8717031812568807,0.9154348994155677
SB85902_component_900a,290.194076,12.911706,14.782999992370605,44.393394470214844,290.19380275467864,12.911837980869814,15.163941902469869,0.9283070113326288,0.9748784377736757
SB85902_component_903a,289.671841,12.958328,16.309999465942383,44.44141387939453,289.67175701706947,12.958094834600523,15.326732874067794,1.0133174565122924,1.0641536979833606
SB85902_component_904a,288.746383,17.318682,16.95800018310547,50.772457122802734,288.7467920173236,17.318199989818616,15.013994536384514,1.0755226179352515,1.1294795760055663
SB85902_component_905a,294.040742,13.829845,15.824999809265137,36.463134765625,294.0404440997112,13.83008309679477,17.047441124749565,0.8839458882577217,0.9282918001277223
SB85902_component_908a,294.235204,14.95146,17.232999801635742,46.82880401611328,294.23515763591524,14.951598274279968,16.287149714565615,1.0075276193384437,1.0580733955078863
SB85902_component_918a,286.454375,13.782281,17.218000411987305,37.92510986328125,286.45463363894964,13.781812060691074,14.502241006688672,1.1305473632787388,1.187264809903937
SB85902_component_919a,292.424942,13.284813,16.020000457763672,61.8532829284668,292.42507433770123,13.285157576299195,16.48071653843526,0.9256090669814022,0.9720451426006184
SB85902_component_926a,286.854071,13.004326,16.402000427246094,44.57065200805664,286.85446733283226,13.003721793829925,15.464697684813569,1.0099422715075688,1.0606091862599398
SB85902_component_927a,287.444967,15.953034,15.642999649047852,48.732086181640625,287.44506626400596,15.952336502667755,16.800085252313952,0.8866448906782495,0.9311262064514387
SB85902_component_932a,289.003212,15.804056,14.956000328063965,52.293704986572266,289.0033708816449,15.804103393463338,14.950139629847815,0.9526017673757181,1.0003920162862192
SB85902_component_935a,289.213121,12.413249,14.395999908447266,31.639558792114258,289.2132204117967,12.413085414433892,13.96019996868514,0.981954493290593,1.031217313558523
SB85902_component_936a,291.930388,15.303912,14.291999816894531,37.61052703857422,291.9304049680467,15.304315550516918,12.670941487238098,1.074051936177732,1.1279351128950543
SB85902_component_937a,291.857887,14.667342,14.850000381469727,28.83495330810547,291.85824405209746,14.667490984980228,13.862674445858373,1.0200479944391765,1.0712218944091505
SB85902_component_940a,287.126634,13.373768,16.479000091552734,51.65830612182617,287.12679108982167,13.373232371560928,13.734800011426739,1.142482829607729,1.1997990562544008
SB85902_component_942a,288.527844,17.570522,16.923999786376953,41.1776123046875,288.52830427640663,17.5699793924141,15.44736734749218,1.0432531447512705,1.0955912037091873
SB85902_component_945a,289.227302,14.690215,14.87600040435791,44.80723190307617,289.2273285914368,14.690167760642273,15.42035295232458,0.9186139430197899,0.9646990863536227
SB85902_component_946a,292.059241,16.262486,13.378999710083008,29.275711059570312,292.05912575748476,16.26281705967379,13.032413835189214,0.9775521784585287,1.0265941428254808
SB85902_component_947a,292.343095,17.455361,15.25,18.734643936157227,292.3433712837734,17.455130410506605,14.724213170908278,0.9862315986315316,1.035708993274463
SB85902_component_949a,289.503704,16.106422,15.024999618530273,50.41946029663086,289.50382373794264,16.106454371313745,13.727373689409642,1.0422410613261945,1.0945283459516892
SB85902_component_950a,286.797635,15.042101,15.12600040435791,41.1032600402832,286.7976469724814,15.041165440639766,15.393890866701092,0.9356574288196439,0.9825976119576979
SB85902_component_953a,291.744586,18.036599,16.499000549316406,14.198796272277832,291.74480662417113,18.036071015904348,15.434553042451583,1.0178991347142572,1.0689652304110875
SB85902_component_955a,287.350538,13.254377,14.748000144958496,46.087501525878906,287.35064028965616,13.254009696794125,13.373816389912596,1.0500716718867034,1.102751803597543
SB85902_component_957a,287.726495,15.66728,14.935999870300293,55.31851577758789,287.72680083607804,15.66629959571401,13.529263056874317,1.0512386645641103,1.103977342114817
SB85902_component_958a,290.149962,17.961086,16.32900047302246,37.36613464355469,290.1500743120937,17.960552813350468,15.872901987344898,0.9795902025381771,1.0287344107612584
SB85902_component_960a,291.618924,15.849078,14.859000205993652,25.400001525878906,291.6189667045415,15.84955681185423,14.037730948595403,1.0079380497521375,1.058504416447761
SB85902_component_963a,287.519039,14.976569,16.327999114990234,57.696109771728516,287.51914637803867,14.975661352453765,14.981392411469649,1.0378198049944363,1.089885283459342
SB85902_component_964a,285.851717,13.455348,13.680000305175781,14.678112030029297,285.85213074061187,13.454905839009186,16.177233511379416,0.8052356952524033,0.845632863959896
SB85902_component_966a,293.996743,12.996201,15.343000411987305,21.887304306030273,293.99663802212007,12.996233922627297,14.449242270108691,1.0111285880470426,1.061855018081297
SB85902_component_972a,294.680424,15.783635,14.732999801635742,16.761091232299805,294.6800387474163,15.783980722122918,15.012112676372091,0.9345241595505677,0.9814074886890737
SB85902_component_974a,292.356478,10.371616,14.008999824523926,17.710493087768555,292.3566362517169,10.371077349522796,13.434362920545494,0.9929587777524524,1.0427736623892767
SB85902_component_977a,290.126897,13.457443,14.626999855041504,21.962461471557617,290.1268858382112,13.457468364762088,13.434409856592803,1.0367590361465833,1.0887712978224682
SB85902_component_979a,294.269536,15.788578,13.689000129699707,22.589109420776367,294.2695920233156,15.788617585567616,12.876570568830351,1.0123080282385737,1.0630936285811972
SB85902_component_983a,290.24164,17.496702,15.138999938964844,41.027099609375,290.2419222792754,17.496253248179503,13.76026622385091,1.0476386605033867,1.1001967325838615
SB85902_component_987a,288.025351,14.055253,14.355999946594238,52.394161224365234,288.0253463407594,14.054529038327424,12.90139693578141,1.0595900623570782,1.1127477139144952
SB85902_component_992a,287.671208,15.81668,14.914999961853027,50.731292724609375,287.6715307826327,15.815653286767827,14.887055029864042,0.9540159345880749,1.001877129622543
SB85902_component_993a,293.789697,14.620106,14.461000442504883,44.49538803100586,293.7896616553259,14.620140978751785,12.871365481428745,1.069830272940994,1.123501656709983
SB85902_component_996a,289.989073,11.594626,14.883999824523926,41.45960998535156,289.9889291642218,11.594616115866161,12.329123818425966,1.1495519643335994,1.2072228362472668
SB85902_component_998a,291.499356,16.959651,13.762999534606934,29.220806121826172,291.49970278334627,16.959308332160347,11.786587629972386,1.1119011299259662,1.1676831299000132
SB85902_component_1001a,291.355648,14.948067,14.656999588012695,13.44678783416748,291.35572634023987,14.94866052468395,8.959674063497262,1.557736622480236,1.635885355219225
SB85902_component_1003a,292.327632,14.422817,14.701000213623047,37.98707962036133,292.3278409164918,14.422975492804676,14.904764362299549,0.9392104915374594,0.9863289251863715
SB85902_component_1005a,288.872372,11.70502,13.515999794006348,33.1274528503418,288.8725800848488,11.704890679529267,15.183525803825217,0.8476502811594449,0.8901753103091005
SB85902_component_1006a,289.687548,16.159858,14.923999786376953,48.61237716674805,289.6875868597594,16.160160868449694,13.930903851017778,1.0201102353996234,1.0712872578821668
SB85902_component_1012a,288.494341,16.338673,14.118000030517578,53.680606842041016,288.4947134662187,16.338411752274517,13.79123563669058,0.9747902247417384,1.0236936270567132
SB85902_component_1014a,289.283344,12.5931,13.489999771118164,40.5105094909668,289.2833230256627,12.59294144493663,13.367281126011024,0.9609704346965233,1.0091805239936449
SB85902_component_1015a,290.084169,12.861697,14.954000473022461,43.21965789794922,290.0839991992521,12.861713738115128,14.001085290068493,1.0170372381835646,1.0680600941435523
SB85902_component_1017a,287.289191,14.079597,13.446999549865723,43.377418518066406,287.28928338161353,14.07886156930041,12.54017600810902,1.0210874162247388,1.0723134620415464
SB85902_component_1021a,292.423371,15.227988,14.1850004196167,34.682151794433594,292.4235856193414,15.228132287037127,12.312253595303078,1.0970665329267055,1.1521043089161227
SB85902_component_1022a,288.182552,17.066294,15.071000099182129,40.296791076660156,288.18281738541964,17.065770604205724,14.211581789720372,1.0098126797781548,1.060473093155851
SB85902_component_1025a,289.233095,16.423373,15.366999626159668,56.49631881713867,289.23325096579094,16.42320416601813,12.020949541933566,1.2172827628193161,1.2783515622084451
SB85902_component_1026a,289.845339,15.693579,13.817999839782715,46.05999755859375,289.8454180797815,15.693993297437276,14.227583023186822,0.9248157567731614,0.9712120335030479
SB85902_component_1027a,287.793055,14.715239,13.934000015258789,52.780303955078125,287.79297694163967,14.714312102846801,11.89879735864554,1.1151002266273107,1.1710427192992316
SB85902_component_1028a,289.889866,15.279273,14.062999725341797,36.81413650512695,289.8899709432308,15.279842301652778,14.68402896651262,0.9119560346408405,0.95770716316434
SB85902_component_1032a,286.675196,13.72253,13.718999862670898,37.27989196777344,286.67553536650183,13.72185520432799,19.266668779486274,0.6780426088496091,0.7120587383158772
SB85902_component_1034a,293.713298,11.944351,13.871000289916992,13.92670726776123,293.71290615542244,11.944165652195164,11.878599252653393,1.1119460483248365,1.1677303017709386
SB85902_component_1035a,288.828344,18.901729,14.494000434875488,10.250353813171387,288.82915889439306,18.90054312389259,16.30939546183592,0.8462361471910552,0.8886902318845314
SB85902_component_1036a,291.190647,16.728505,15.187000274658203,29.038240432739258,291.19105094339346,16.728053734412732,12.622748872505248,1.1456691650612194,1.2031452441978294
SB85902_component_1037a,294.192869,14.505544,14.470999717712402,29.234342575073242,294.1925973384648,14.50585097098768,12.317525589495418,1.1187066704766377,1.17483009169094
SB85902_component_1038a,292.277855,12.301248,14.883999824523926,46.95267868041992,292.27760646344495,12.301219648806379,11.687649867269148,1.212644857173095,1.2734809815107522
SB85902_component_1039a,291.083029,10.513064,13.793000221252441,29.284502029418945,291.0829945662214,10.512844069030328,13.443049127709216,0.9770170061238463,1.0260321218957607
SB85902_component_1040a,289.41569,13.899195,13.038000106811523,39.38972854614258,289.41553250415467,13.899035554372903,7.895039372644236,1.5725260401936,1.6514167303569491
SB85902_component_1041a,293.085581,16.574712,14.107000350952148,24.114530563354492,293.0854247358851,16.57532252318708,11.839304380795708,1.1346179678774873,1.1915396291216926
SB85902_component_1044a,288.752722,10.937636,13.755000114440918,14.742765426635742,288.75284086945436,10.937347523986165,14.132341849111151,0.9268034249305611,0.9732994192541439
SB85902_component_1045a,290.051422,13.027298,14.954999923706055,39.14921569824219,290.05115186364617,13.027396760555524,12.674068726369963,1.1235994634270916,1.1799683469121744
SB85902_component_1049a,293.03605,16.059216,13.067999839782715,37.23076629638672,293.0359534102687,16.05946641820416,12.370594492057059,1.0059113658525776,1.0563760576076962
SB85902_component_1054a,288.353188,14.048654,13.404999732971191,47.704627990722656,288.35329107699755,14.04812391529812,13.9737258786857,0.9134730857188926,0.9593003218574658
SB85902_component_1059a,286.797422,13.978122,13.013999938964844,33.369232177734375,286.79758855024835,13.977342294038689,12.084655558205506,1.025457556389741,1.0769028439646597
SB85902_component_1060a,291.044518,12.165911,13.152000427246094,44.43243408203125,291.0442469706877,12.166039627079627,11.643490420244294,1.075597514274214,1.1295582297537674
SB85902_component_1062a,287.535148,13.467534,14.642000198364258,46.044029235839844,287.5352719097998,13.46702472858837,13.024277092329758,1.0705031434279446,1.1242082838507181
SB85902_component_1067a,293.35246,15.734754,13.524999618530273,30.66893196105957,293.35273522320256,15.735055905570848,13.69634142260395,0.9403160602115755,0.9874899581729979
SB85902_component_1068a,289.269025,15.086476,12.520000457763672,31.938777923583984,289.26902376223495,15.086648198775366,13.228557265721088,0.9012245813952025,0.946437332981618
SB85902_component_1070a,288.446021,14.428807,13.62399959564209,52.60231399536133,288.44606777166115,14.427942954582212,11.85752706786558,1.0940865097015637,1.1489747834996495
SB85902_component_1071a,290.665388,15.263502,11.34000015258789,12.684563636779785,290.66539679287547,15.26426136768405,14.165959974436538,0.762268925561866,0.8005105317995894
SB85902_component_1074a,293.874727,14.55984,13.109000205993652,34.49736785888672,293.87462681949404,14.56018354842624,14.500222756661548,0.8608670037503893,0.9040550911517029
SB85902_component_1076a,292.889486,14.269795,13.788000106811523,47.875003814697266,292.8895925601164,14.26996852315435,12.563578180353892,1.045030816228422,1.0974580576393678
SB85902_component_1080a,290.663611,11.72624,12.711000442504883,40.22468185424805,290.6634388857482,11.72625940105982,13.207223697780547,0.916451245625694,0.9624278904764024
SB85902_component_1081a,291.137992,11.491939,12.861000061035156,43.01337814331055,291.13789977094035,11.492033900145614,13.282269211883321,0.922026976130757,0.9682833449519856
SB85902_component_1082a,286.704623,15.22694,13.140000343322754,26.92622947692871,286.7048478701243,15.225867405349055,13.6711503384687,0.9152326045767147,0.961148112485358
SB85902_component_1083a,291.701381,16.548885,12.145000457763672,26.810155868530273,291.7015530743529,16.54888222209796,12.023905580674924,0.9618185395172397,1.0100711766469104
SB85902_component_1085a,287.326948,16.703092,14.005000114440918,22.124801635742188,287.3271237753983,16.70259057374439,11.594283245792246,1.1502185745256446,1.2079228890258102
SB85902_component_1087a,287.417183,12.551192,13.07800006866455,37.36571502685547,287.41743902075154,12.550867651121328,11.99164333579651,1.0384935372010178,1.0905928155505704
SB85902_component_1088a,288.701245,15.31905,12.241000175476074,45.0036735534668,288.701228115478,15.318607138438493,12.844427571456745,0.9074930669480084,0.9530202967299513
SB85902_component_1095a,288.474542,14.140348,12.963000297546387,49.857696533203125,288.47455082493354,14.139728943769695,13.445492306524077,0.9180577227058985,0.9641149615069451
SB85902_component_1096a,291.71958,11.871784,13.090999603271484,42.36569595336914,291.71922043502485,11.871926259197602,12.489572471678088,0.9980824131465953,1.0481543409878296
SB85902_component_1097a,294.788835,15.281464,13.364999771118164,15.89179515838623,294.7885295569603,15.281008536393335,11.372987046239505,1.1190141466654964,1.1751529933850862
SB85902_component_1101a,291.226442,12.474046,12.029000282287598,40.91496658325195,291.2262887735522,12.474130145852687,11.638588715167115,0.9841705824172937,1.0335445797317082
SB85902_component_1102a,287.242535,16.875492,13.963000297546387,18.133766174316406,287.2428813151067,16.874998948250127,13.95914473054355,0.9524914873042847,1.0002762036698711
SB85902_component_1103a,291.871592,10.421525,13.362000465393066,24.25045394897461,291.87136364595773,10.42129415040815,11.227413615250699,1.133268783558105,1.1901227587485388
SB85902_component_1105a,292.644745,12.421912,13.03600025177002,41.51592254638672,292.6446641529919,12.422029590373688,13.69040688897284,0.9067115961989602,0.9521996210550965
SB85902_component_1108a,292.162159,10.341217,13.019000053405762,19.23042869567871,292.16198481964426,10.340926600114273,10.343282757751517,1.19856170427168,1.2586913031695857
SB85902_component_1112a,289.016501,14.522765,12.465999603271484,39.449363708496094,289.01634568071006,14.522496158462289,10.060253391893417,1.1799384538690654,1.2391337591274416
SB85902_component_1115a,291.057985,15.701888,11.729000091552734,15.764784812927246,291.05824847186955,15.702129910893037,11.64672929560706,0.9589548813004196,1.007063854053576
SB85902_component_1117a,291.711845,10.826525,13.206000328063965,31.14622688293457,291.7117247334828,10.826380256914462,11.826508617638888,1.0633002522924917,1.1166440371393807
SB85902_component_1119a,290.290501,10.079402,13.217000007629395,12.98330020904541,290.2905518823747,10.079252464652141,10.391570000867693,1.211135930755245,1.2718963550768343
SB85902_component_1121a,290.148353,15.544566,12.529999732971191,25.467477798461914,290.14860092940313,15.545036747579752,11.258336164607494,1.0597856028127335,1.1129530642690693
SB85902_component_1127a,294.141772,15.760928,12.631999969482422,23.523277282714844,294.1414981074236,15.761300944404535,10.20697308712285,1.178463978126086,1.2375853116943154
SB85902_component_1128a,289.207067,18.145882,13.949999809265137,28.46938705444336,289.2076339322951,18.144785941065443,12.75760773926399,1.041228681913078,1.0934651773569843
SB85902_component_1130a,288.565096,17.00687,12.994000434875488,43.458194732666016,288.5654890753713,17.006389018969656,13.373385882868044,0.9252150031080776,0.9716313092798311
SB85902_component_1133a,291.830786,14.577948,12.298999786376953,27.57623291015625,291.83113366945946,14.578109367075891,9.759892236499494,1.1999577011153217,1.2601573345637822
SB85902_component_1134a,293.937519,14.943383,12.312000274658203,37.42249298095703,293.9371120495345,14.943785536148056,13.442372578436455,0.872155359331673,0.9159097624186123
SB85902_component_1136a,289.127032,10.682173,12.494000434875488,11.358181953430176,289.1271647485064,10.68210220578525,11.835267365200695,1.0052280742733795,1.055658486568007
SB85902_component_1137a,289.764687,16.159421,13.404999732971191,47.704627990722656,289.76474164634044,16.159540035915075,10.251682291822286,1.245124666765692,1.3075902423999513
SB85902_component_1139a,289.363487,14.45959,13.28499984741211,34.239688873291016,289.36339775031615,14.459844281820494,10.911974246315477,1.1593094799725991,1.2174698681952907
SB85902_component_1145a,294.09385,14.11037,12.409000396728516,27.093887329101562,294.09358802274926,14.110821016779807,11.256447211109638,1.0497276221744902,1.102390493554783
SB85902_component_1147a,292.538109,14.689586,12.315999984741211,35.390804290771484,292.538351172845,14.68956729575356,12.92780181734609,0.9071647361213963,0.9526754941598823
SB85902_component_1148a,290.424038,11.120904,11.800000190734863,35.119049072265625,290.42391242575394,11.120945834528397,10.928143704740513,1.0281980663135344,1.0797808401454445
SB85902_component_1149a,291.601976,13.628791,10.456000328063965,17.514238357543945,291.6019816826976,13.629065467006908,14.735063767125567,0.6757012686807636,0.7095999374900338
SB85902_component_1152a,292.746971,15.132756,11.913999557495117,34.73469161987305,292.747046039364,15.133172501054855,16.263489103310572,0.6975655467951841,0.7325611055422246
SB85902_component_1153a,290.323289,16.946933,12.055999755859375,32.760868072509766,290.32365150975625,16.946715648915152,8.528046977130813,1.346154205381499,1.41368824400115
SB85902_component_1159a,291.275425,17.882434,12.288000106811523,16.718366622924805,291.27583289134185,17.88103051659539,11.529336128423765,1.0148878923099358,1.065802919607608
SB85902_component_1162a,288.399534,15.934209,12.406999588012695,46.122676849365234,288.39976780243944,15.933307325665293,10.919893056694104,1.0819060476759483,1.1361832504767038
SB85902_component_1163a,288.762793,11.794982,11.303000450134277,24.151710510253906,288.7628015362991,11.79477721845137,10.45441588320341,1.0295208301588108,1.0811699645787236
SB85902_component_1164a,293.039992,14.61387,13.010000228881836,42.37784957885742,293.0398218239477,14.61405446633354,11.094538483308584,1.1166298390258642,1.1726490694908138
SB85902_component_1165a,292.015257,14.314221,12.295999526977539,36.37869644165039,292.01591282131983,14.314344053045767,11.861378539124184,0.987119741620296,1.0366416927357793
SB85902_component_1166a,291.399867,17.290753,12.38599967956543,21.318416595458984,291.3999022547967,17.290179187391786,11.927457157268467,0.9888362181170662,1.0384442816478725
SB85902_component_1168a,290.059153,10.592917,11.97700023651123,21.464157104492188,290.0589372530347,10.592821422041288,10.98613240296415,1.0381124395317565,1.0901925989240522
SB85902_component_1174a,291.600578,16.933999,10.916999816894531,23.993406295776367,291.600999196991,16.93349791789599,10.038496433720175,1.035561270746429,1.087513442772504
SB85902_component_1175a,289.184786,11.880949,12.53499984741211,26.501056671142578,289.18465178851716,11.880976264533528,10.277293734777086,1.161413124726776,1.2196790488721
SB85902_component_1177a,289.030873,15.954947,13.036999702453613,53.87189865112305,289.0309492715302,15.954558173051248,10.387124790498204,1.195152906959728,1.2551114928723517
SB85902_component_1178a,288.488745,17.017642,12.39799976348877,38.865203857421875,288.4890970457016,17.017235886604674,11.81699066148128,0.999046947484061,1.0491672642089285
SB85902_component_1179a,285.854724,13.833142,11.189000129699707,12.07011890411377,285.8551234405695,13.832288535851783,12.851848064178537,0.8290235391861103,0.8706140995306643
SB85902_component_1181a,290.153029,10.343088,13.182999610900879,15.7315034866333,290.1528344723014,10.342837108536179,14.102209548982087,0.8901603408578449,0.9348180201912006
SB85902_component_1182a,292.814805,11.580571,11.03600025177002,22.61475372314453,292.81475900503943,11.580403653071473,9.602425848596289,1.094389469077959,1.1492929417812994
SB85902_component_1187a,292.235783,11.667904,11.795000076293945,34.28778839111328,292.2356134597916,11.667764580487585,10.095308899435977,1.1125499067069362,1.1683644545986036
SB85902_component_1190a,293.410944,15.525658,12.439000129699707,36.58529281616211,293.41089985021347,15.526027718544428,11.261795806222851,1.0517656658791927,1.104530782100167
SB85902_component_1191a,291.321633,11.926379,12.590999603271484,45.1290283203125,291.3214942478019,11.926289862571398,11.292521930866178,1.061721063368358,1.114985623260659
SB85902_component_1195a,289.385869,14.532663,11.609000205993652,29.614797592163086,289.38579502537993,14.532794464045956,9.44818972442099,1.1700040878954565,1.228701004594304
SB85902_component_1196a,290.368539,12.233137,11.137999534606934,32.09798049926758,290.3684947540349,12.233304883140592,12.329574334220093,0.8602016631469165,0.9033563716546155
SB85902_component_1197a,289.019288,17.907017,12.623000144958496,34.208675384521484,289.01972471274274,17.906315142009785,12.42936133684219,0.9670633827368538,1.0155791438408293
SB85902_component_1201a,293.059407,13.428214,12.185999870300293,43.521427154541016,293.05928198458327,13.428467181020407,10.306730903689193,1.1258522436979086,1.182334144955549
SB85902_component_1204a,288.743031,15.74125,12.442999839782715,43.65964889526367,288.74313956624746,15.740652324998122,9.455960164158673,1.2530275717407997,1.3158896213359639
SB85902_component_1205a,291.450867,17.417168,11.263999938964844,19.971630096435547,291.4512753834429,17.416671008698504,9.16440157792776,1.170387551253773,1.2291037055920722
SB85902_component_1206a,291.722579,11.082516,11.692999839782715,37.357826232910156,291.7225870408219,11.08233790804882,11.366281941836753,0.9795997936020032,1.0287444829908174
SB85902_component_1207a,294.79644,14.43767,12.359999656677246,11.287671089172363,294.7961741305108,14.437456437051768,8.925234853231576,1.3186816771162702,1.3848374703778286
SB85902_component_1208a,288.980992,11.559759,12.51099967956543,19.548437118530273,288.981145293921,11.55983364310935,10.126397207857167,1.1764628566703885,1.2354837977181092
SB85902_component_1211a,293.683062,16.212089,12.27400016784668,25.464731216430664,293.68287029664464,16.21247584588394,10.032719800327001,1.1649535455132523,1.2233970859473846
SB85902_component_1212a,289.1209,12.597467,11.434000015258789,22.9598388671875,289.1212128466006,12.597166720891762,14.550863133782041,0.7482566728416541,0.7857953105691042
SB85902_component_1217a,291.011372,12.589036,11.732000350952148,35.231231689453125,291.0112369630512,12.588800804607917,10.750902616745881,1.0391262240854386,1.0912572431525966
SB85902_component_1218a,291.298615,17.651103,12.218000411987305,19.996726989746094,291.299135564014,17.650566387706217,10.528783198207753,1.105002137588417,1.160438028020854
SB85902_component_1219a,291.709265,14.141414,10.654999732971191,20.729572296142578,291.7094807372209,14.141821232858952,9.294611241607672,1.0915996288944279,1.1463631405339139
SB85902_component_1221a,294.238138,12.76806,10.72700023651123,10.77008056640625,294.237721390051,12.768334343846785,7.37745296720509,1.3845639080840793,1.454024889646311
SB85902_component_1222a,289.382701,15.712714,11.769000053405762,38.841583251953125,289.3828098582029,15.712351559422643,11.353958181959744,0.9870370167313911,1.0365548176939279
SB85902_component_1226a,287.292562,16.375586,11.682999610900879,22.998029708862305,287.29278164027585,16.374817435829602,10.127842823659174,1.0984456547376802,1.1535526186888265
SB85902_component_1227a,294.398343,13.303624,11.560999870300293,11.95553207397461,294.3983460983142,13.303459758710103,10.496846540500451,1.048763861764924,1.101378383088099
SB85902_component_1228a,293.348107,16.733266,12.39799976348877,17.787660598754883,293.3481285860132,16.733379203853264,12.243146906760234,0.964272383457379,1.0126481253478246
SB85902_component_1229a,287.890017,12.358545,11.88599967956543,37.85350036621094,287.89026215791733,12.357831743773806,13.148813876204406,0.8607763023003434,0.9039598393795574
SB85902_component_1230a,294.529729,14.668644,11.881999969482422,19.936241149902344,294.5295741737249,14.668409404394403,9.76722864067281,1.1584021595474077,1.2165170292014313
SB85902_component_1232a,290.34301,11.730009,12.336000442504883,31.63077163696289,290.34285663802154,11.730113554145932,10.478226563974479,1.1210571615344553,1.1772985024887392
SB85902_component_1234a,288.853493,18.346507,11.979999542236328,18.68954849243164,288.8537878811168,18.345912028359397,12.017926863988656,0.9492233446992742,0.9968441044631436
SB85902_component_1237a,292.652272,15.465589,10.965999603271484,23.086315155029297,292.6522410114039,15.465937057268691,9.138939439602483,1.142598349000539,1.1999203710390791
SB85902_component_1238a,288.676804,17.013937,11.484000205993652,38.92881774902344,288.677269448776,17.013298225782393,10.560163559894212,1.0355324497555367,1.0874831758864059
SB85902_component_1241a,287.185035,14.695516,10.843999862670898,37.65277862548828,287.184966310956,14.695109383895703,11.337488088854297,0.9107807132438284,0.9564728780911762
SB85902_component_1242a,294.210785,13.747791,11.614999771118164,19.48825454711914,294.21062709591246,13.747895982862252,11.457085864704613,0.9653531175519874,1.0137830778505406
SB85902_component_1247a,293.886772,13.694206,10.807999610900879,23.9115047454834,293.88665996373663,13.69421923943116,8.896058226177967,1.1568814818133488,1.2149200619097502
SB85902_component_1248a,293.279239,12.751192,11.656999588012695,32.112945556640625,293.27916764323146,12.75115377911969,10.145527491623342,1.0940906708348832,1.1489791533892446
SB85902_component_1249a,287.708303,12.024362,10.892000198364258,25.62823486328125,287.7085421074261,12.023944627975181,11.019138814096264,0.9412416840876444,0.9884620188676302
SB85902_component_1250a,288.610303,14.064417,11.067999839782715,37.0167236328125,288.61035827316095,14.063731925292583,12.998807688346659,0.8107870273943528,0.8514626960521233
SB85902_component_1253a,288.34339,17.19601,11.852999687194824,31.274404525756836,288.34382262553163,17.19554928368482,11.066786730322157,1.019877235417458,1.0710425687267022
SB85902_component_1255a,293.892912,13.889896,11.317000389099121,26.817537307739258,293.8928423925389,13.890041603305884,9.572689087414917,1.125741153929821,1.1822174820215803
SB85902_component_1265a,291.159667,13.526648,9.288000106811523,14.932476997375488,291.1595484254987,13.527032930280019,12.249815705388489,0.721994389214057,0.7582154972932277
SB85902_component_1266a,289.695679,11.922328,11.925000190734863,28.52870750427246,289.69552342501686,11.922493266726248,11.708227350288494,0.9698585828296907,1.0185145738941452
SB85902_component_1270a,290.365309,15.381745,11.642999649047852,22.09297752380371,290.36561402379283,15.382302730708295,8.91607431911988,1.2434615775837863,1.305843719144453
SB85902_component_1273a,286.179102,12.97573,9.807999610900879,14.112229347229004,286.1793847348408,12.975157696679931,10.964932219039941,0.8517568880614853,0.8944879379983655
SB85902_component_1276a,292.460387,14.214439,9.982999801635742,31.894569396972656,292.4604273065509,14.214506892335926,10.722009670235039,0.8865965432217863,0.9310754334935144
SB85902_component_1280a,291.032624,17.291028,9.897000312805176,18.95977020263672,291.03303514305685,17.2905920408463,10.108033744831584,0.9323480496348421,0.9791222074091004
SB85902_component_1281a,286.889624,13.929772,10.097000122070312,28.84857177734375,286.88987149952203,13.929141460559409,7.847153406015694,1.2252406145525152,1.2867086444786293
SB85902_component_1285a,293.533647,16.253058,11.437999725341797,24.704103469848633,293.53379420833204,16.253218760493375,14.10842107690903,0.7719920616156034,0.8107214594028627
SB85902_component_1287a,288.51709,17.526045,11.88599967956543,32.83425521850586,288.51757772658243,17.52530721086749,11.868024301000414,0.9536707290901494,1.0015146058104634
SB85902_component_1288a,290.237727,17.605482,11.548999786376953,31.129379272460938,290.2382928883742,17.605029207381246,10.760991752986614,1.021958453732947,1.0732281978723415
SB85902_component_1296a,292.703625,11.120538,10.760000228881836,16.477794647216797,292.70348907477955,11.120237807484585,8.541193593742685,1.1995956457426886,1.259777115550297
SB85902_component_1297a,286.212166,13.683469,9.428999900817871,18.063217163085938,286.212344859452,13.683138508092778,9.65959969974835,0.9294963048746706,0.9761273959482517
SB85902_component_1299a,290.220402,16.814267,10.27400016784668,30.040935516357422,290.2207901183492,16.814035540622402,8.16541066345315,1.1981265791948046,1.258234348681467
SB85902_component_1302a,288.449524,16.4587,10.494999885559082,36.18965530395508,288.44971047912526,16.45819238708832,10.560077055335958,0.9463603076435,0.993837434193343
SB85902_component_1305a,287.992039,14.608567,11.07800006866455,40.878231048583984,287.99202604191447,14.607749414257453,11.857047384184863,0.8896639109418122,0.9342966853148096
SB85902_component_1306a,290.208811,12.783399,10.64900016784668,27.659740447998047,290.20852956996515,12.783518707892997,9.613528026152121,1.0547929124149678,1.1077098999324406
SB85902_component_1309a,291.785932,12.910013,10.88599967956543,38.74021530151367,291.7858417968409,12.910229875051316,9.731004620667953,1.0652506409948777,1.1186922731949331
SB85902_component_1313a,291.738354,13.992847,10.26099967956543,14.431785583496094,291.7384283382002,13.993281550997635,8.734545769060396,1.1186404386775248,1.1747605371663463
SB85902_component_1320a,290.156904,16.880958,10.918999671936035,32.49702453613281,290.15747107985345,16.880604346702874,9.147102642265407,1.1366858828244986,1.1937112874937406
SB85902_component_1322a,293.690505,13.951913,10.076000213623047,28.30337142944336,293.69028436147875,13.952161107930298,9.493149710100438,1.0106924091380158,1.0613969568922392
SB85902_component_1328a,289.506285,17.061932,10.508999824523926,29.770538330078125,289.50653280460654,17.061429334464872,9.885518460449328,1.0122856936072928,1.0630701734632397
SB85902_component_1329a,292.449748,12.88378,10.15999984741211,36.81159591674805,292.44965002343486,12.883906277634157,8.865998536439962,1.0912071724923904,1.1459509953282419
SB85902_component_1330a,287.401922,15.075125,9.883999824523926,34.20069122314453,287.4019692748247,15.074300511847172,10.266986735145363,0.9167077308326119,0.9626972430664181
SB85902_component_1332a,292.625487,15.68789,10.27299976348877,22.98210334777832,292.62584440659134,15.688113372717531,7.808046324286572,1.2528413032050363,1.3156940080561603
SB85902_component_1333a,286.145363,12.844493,9.781999588012695,14.014326095581055,286.1456598263644,12.843978447947437,8.85177700180584,1.052297022458159,1.1050887958448437
SB85902_component_1334a,289.547255,16.939481,10.199000358581543,34.57288360595703,289.5478398909751,16.938997974785284,9.501696545498485,1.0221099511197624,1.0733872955996908
SB85902_component_1335a,288.888283,13.981032,9.944000244140625,32.927154541015625,288.88835618512525,13.980533827374613,9.05935452141336,1.0452135633230062,1.0976499728138744
SB85902_component_1337a,290.455754,17.928767,10.576000213623047,22.2652645111084,290.4559965046725,17.92826092946385,8.712431006378335,1.1559079874019675,1.2138977291045865
SB85902_component_1344a,289.715467,12.252756,9.909000396728516,18.04918098449707,289.7154872259872,12.252925377694694,10.010019884899178,0.9426187437974081,0.9899081630873624
SB85902_component_1345a,291.77546,13.956549,10.993000030517578,16.506006240844727,291.7757667284499,13.956745110961714,13.117772506816552,0.7979897261990384,0.8380233781920786
SB85902_component_1346a,290.151022,12.385723,9.906000137329102,29.837350845336914,290.15084511633256,12.385814170626873,10.166864392244188,0.9277959332322883,0.9743417198409682
SB85902_component_1350a,294.881544,14.916195,10.213000297546387,11.235424041748047,294.8821230867736,14.915989549088732,11.254196589304158,0.8641318511792953,0.9074837298695039
SB85902_component_1351a,291.602974,11.472042,9.939000129699707,34.751747131347656,291.60313169598703,11.471642032469667,8.051712070930389,1.1754269012595004,1.2343958703619216
SB85902_component_1353a,287.338526,12.500503,9.619000434875488,27.172317504882812,287.3388261082583,12.4999159265826,12.291661901053939,0.7451788228995977,0.7825630506523056
SB85902_component_1354a,289.345093,11.026062,9.097999572753906,13.763993263244629,289.3453895723657,11.026023152909668,7.6840227249790845,1.1274529759798009,1.1840151829819934
SB85902_component_1358a,292.467522,11.611643,10.369000434875488,26.3172607421875,292.4669254578964,11.611706035778418,8.17286095849004,1.2081029587782697,1.2687112245686842
SB85902_component_1363a,286.386576,13.18905,10.213000297546387,20.590726852416992,286.3869241722585,13.18881317066327,8.466799270011489,1.1486170183219564,1.2062409857429546
SB85902_component_1364a,288.52139,16.703105,9.697999954223633,30.496856689453125,288.5217672134923,16.702525521011186,8.707048910691112,1.0606017990393766,1.113810207533779
SB85902_component_1365a,288.271272,12.00069,10.444999694824219,31.651512145996094,288.2715047355861,12.000305585009414,10.957820604218593,0.9076646282618795,0.9532004649540488
SB85902_component_1367a,288.724576,14.081478,10.204000473022461,33.02265548706055,288.72454319528504,14.08090937691959,9.61874831374976,1.0101667624622364,1.0608449395059123
SB85902_component_1369a,286.756844,15.816147,10.625,18.41421127319336,286.75682178827424,15.815529543487772,10.459952755809585,0.9672536595694359,1.0157789665062058
SB85902_component_1370a,290.014398,11.888538,9.508000373840332,28.382089614868164,290.0142380703186,11.888601133707885,9.62697971587914,0.9404599360235849,0.9876410519653886
SB85902_component_1372a,290.724088,17.450846,9.788999557495117,23.418659210205078,290.7245459832796,17.450226777512505,8.71917213292891,1.0690652748497946,1.1226982800954104
SB85902_component_1373a,290.503557,11.366346,9.788000106811523,25.825857162475586,290.50369412498003,11.366415333490156,7.291883168191748,1.278190041223607,1.3423144448485131
SB85902_component_1375a,287.741234,11.792898,10.418000221252441,20.670635223388672,287.74126515899815,11.792654452335977,8.180733531907665,1.2126438856566513,1.2734799612551453
SB85902_component_1378a,292.152247,10.956677,9.585000038146973,21.539325714111328,292.1519545450028,10.956665982331097,9.020154428397962,1.0118573992629205,1.0626203923926978
SB85902_component_1379a,292.660728,13.699897,9.343000411987305,35.25660705566406,292.6606765899435,13.700196574556484,7.79044761363507,1.1419974186758282,1.1992892931639654
SB85902_component_1380a,289.047385,11.725416,8.914999961853027,17.549211502075195,289.04762410583913,11.725178303137621,9.705223710497883,0.8746956382440998,0.918577482372705
SB85902_component_1384a,292.26853,12.882927,10.607999801635742,38.15827178955078,292.26838213321855,12.88314512091987,10.449861195740224,0.9666386299062639,1.015133081955192
SB85902_component_1389a,290.524115,16.23559,10.083999633789062,25.273181915283203,290.524395759934,16.23597367991068,8.010819159783944,1.1986628876490886,1.2587975627277839
SB85902_component_1392a,293.209883,11.799689,10.197999954223633,16.213035583496094,293.2092628909397,11.7995179262361,8.405531298812386,1.155289967158517,1.2132487039414752
SB85902_component_1394a,290.226991,17.768835,10.62399959564209,23.55653953552246,290.22760263580784,17.768240569228837,9.895811690599322,1.0222986536891265,1.0735854650240082
SB85902_component_1399a,291.462615,10.753638,10.227999687194824,28.892654418945312,291.46268249072915,10.753246126132103,9.871382548213774,0.9866290289797224,1.0361263619598635
SB85902_component_1400a,292.246121,16.43099,8.782999992370605,21.84825897216797,292.24603676161007,16.43103538939258,8.083120683433805,1.034677452585851,1.086585285107915
SB85902_component_1402a,288.723484,16.960497,9.272000312805176,32.5333366394043,288.72367495980865,16.960123887753568,7.334482978570947,1.2037743866190196,1.2641654960404223
SB85902_component_1403a,287.208174,15.423181,9.373000144958496,31.880952835083008,287.2084669436332,15.4218298072354,9.703563341586818,0.9197897051824326,0.9659338343048044
SB85902_component_1405a,286.642373,12.50337,9.281999588012695,17.850000381469727,286.64274142674486,12.502798022735886,8.297784406598756,1.0651740163655081,1.1186118044512279
SB85902_component_1414a,291.574645,17.620139,9.413999557495117,14.11394214630127,291.5750615143264,17.619640164682963,7.311194200059112,1.2261031820650898,1.2876144853899523
SB85902_component_1415a,289.569134,11.510268,9.222999572753906,22.772838592529297,289.56920932255383,11.509691726511035,9.206951553961673,0.9538882438002074,1.0017430328266828
SB85902_component_1416a,287.570708,15.739223,10.154999732971191,34.77739715576172,287.5708803780712,15.73838917133501,9.3353971211247,1.0358295225623892,1.0877951522803293
SB85902_component_1418a,286.700028,12.384031,9.21500015258789,16.663654327392578,286.70047039233305,12.383513670392407,7.955268174948918,1.1030156846882708,1.1583519184941948
SB85902_component_1421a,288.571029,11.873075,9.894000053405762,24.673316955566406,288.57135281977287,11.872616104213442,8.060591019914616,1.1688161068981109,1.2274534248123368
SB85902_component_1425a,288.613114,15.562908,9.29699993133545,34.95112609863281,288.61337174890497,15.562269289450521,7.6217762218600855,1.1615229625893706,1.2197943970948188
SB85902_component_1426a,287.665541,16.491879,9.406999588012695,22.030445098876953,287.6656836289035,16.491467789369185,9.284538712918984,0.9647881472706665,1.0131897640669334
SB85902_component_1427a,289.505198,17.778484,9.70199966430664,24.07444190979004,289.5055619319837,17.777825501263752,7.0910433576822465,1.3028435888549563,1.3682048148522112
SB85902_component_1433a,288.342766,15.422695,9.755999565124512,43.74887466430664,288.3428219462612,15.421850012929669,8.255098617555824,1.125357921282324,1.1818150233089615
SB85902_component_1434a,290.764065,17.534271,9.859000205993652,20.369834899902344,290.7642653961642,17.533796238017903,8.719444982222164,1.0766764149430776,1.1306912568511982
SB85902_component_1435a,291.563509,14.675689,8.78600025177002,14.766386032104492,291.563708800964,14.676120731753603,7.6014949798879,1.1006097711380838,1.1558253047612468
SB85902_component_1436a,290.538434,15.426697,8.182999610900879,16.431726455688477,290.53869891456105,15.427473718800755,8.57903926813669,0.908270148196085,0.9538363626907809
SB85902_component_1437a,286.489225,13.084803,8.918999671936035,20.838783264160156,286.4897479319305,13.084127671928307,8.860061808628272,0.9585627808296976,1.0066520826356276
SB85902_component_1438a,290.691285,15.567568,7.820000171661377,13.344709396362305,290.6915375248058,15.568409331877016,9.875137562078223,0.7540580388868221,0.791887720297808
SB85902_component_1439a,287.298299,14.480584,9.625,37.01923370361328,287.2984842704204,14.479673991888102,9.089960184662209,1.0082771450573513,1.0588605235301891
SB85902_component_1447a,290.430497,12.19006,8.996000289916992,30.59864044189453,290.43044955695564,12.190263850816125,8.408275734647201,1.0187876726725373,1.0698983446568016
SB85902_component_1448a,292.565467,13.753403,9.184000015258789,33.88929748535156,292.56560589300005,13.753504782700883,8.128142886478063,1.0759242893998044,1.1299013985762043
SB85902_component_1449a,290.798368,15.991468,8.927000045776367,22.206466674804688,290.7984419765353,15.991984982727741,7.973920677197568,1.0660431691674506,1.119524561023569
SB85902_component_1451a,289.659958,12.298421,9.26200008392334,17.025733947753906,289.66003221877895,12.298328021037984,10.148332431503151,0.869063001778284,0.9126622670707556
SB85902_component_1452a,292.90063,14.086377,9.715999603271484,30.08049201965332,292.90031348499696,14.086718725238464,8.04787297778683,1.1496020803213456,1.2072754664603804
SB85902_component_1457a,292.100627,11.28074,9.187000274658203,24.696237564086914,292.1007132734871,11.280654484158813,9.324346640994023,0.9382022814612792,0.9852701350964385
SB85902_component_1458a,292.205968,15.837191,9.295999526977539,21.32110023498535,292.2057987573475,15.837512161423875,8.509682850061143,1.0402168494240798,1.0924025831245574
SB85902_component_1461a,288.660892,16.341326,8.944000244140625,32.761905670166016,288.660990901313,16.34088237490071,7.434162825974722,1.1456208239980485,1.2030944779539372
SB85902_component_1462a,286.711533,15.604944,8.532999992370605,14.84000015258789,286.71194149519573,15.603799097295056,7.070814277770698,1.1491414254293029,1.2067917013740188
SB85902_component_1466a,291.989641,16.745531,8.270000457763672,19.832136154174805,291.98975796599655,16.745383486410432,8.125437171623956,0.9691700009657416,1.0177914471660143
SB85902_component_1469a,293.39581,11.753054,9.793000221252441,11.413753509521484,293.3957127151177,11.752760712386563,7.7333899712844305,1.2058325951930946,1.2663269610889585
SB85902_component_1475a,288.877192,14.063821,9.131999969482422,33.328468322753906,288.87716182980614,14.063534092538488,10.299821880322336,0.8442622150025453,0.8866172712101924
SB85902_component_1478a,290.218659,17.736841,9.345999717712402,22.73965835571289,290.2189152691212,17.736350066817526,7.663806403507116,1.1612411145138646,1.2194984092285368
SB85902_component_1479a,289.438921,13.076294,8.538999557495117,28.27483367919922,289.43875286590776,13.076277066501927,8.185305471208531,0.9933750894787025,1.043210859696158
SB85902_component_1480a,289.654822,14.422267,8.159000396728516,15.998040199279785,289.654826130541,14.422503662661937,7.04249892752637,1.1031925758471635,1.1585376839516695
SB85902_component_1482a,288.110618,11.662319,8.991000175476074,19.760438919067383,288.11080140191706,11.661960895807164,9.468117199586432,0.9042438147997087,0.9496080356788149
SB85902_component_1487a,291.214992,16.962262,8.244999885559082,10.61132526397705,291.21536167444,16.96183036255514,7.980251702139375,0.9838190557997057,1.0331754176812158
SB85902_component_1488a,291.077688,16.853631,8.652999877929688,23.07466697692871,291.07795854577324,16.85325298826365,6.917237711420249,1.1911738833150647,1.2509328490538532
SB85902_component_1490a,286.557242,15.361244,9.425999641418457,15.554454803466797,286.5576109299416,15.360301277418719,6.889992546597372,1.3027162561264027,1.368071094078831
SB85902_component_1493a,287.364168,13.99727,9.765999794006348,31.605178833007812,287.3640313544331,13.996603037837673,8.526942146303833,1.0905976566283004,1.145310901193297
SB85902_component_1494a,290.236241,17.123401,9.449000358581543,24.800525665283203,290.23700279398645,17.122931018691098,9.024302067628685,0.9970418948210755,1.0470616218041175
SB85902_component_1495a,287.624353,12.720136,8.836999893188477,30.89859962463379,287.62469589964263,12.719533608632537,5.786212551972922,1.454292058143363,1.52725117057363
SB85902_component_1497a,291.455957,13.45349,9.298999786376953,12.668936729431152,291.4561912464655,13.453684323653182,7.172661498357677,1.2345169806714873,1.2964503885351544
SB85902_component_1502a,288.866879,13.144002,8.331999778747559,26.705127716064453,288.8671673790016,13.143544351384351,7.788332890856873,1.0186990697149483,1.0698052966545541
SB85902_component_1503a,292.271106,12.614231,8.28600025177002,30.688888549804688,292.2708981876057,12.614367284512863,7.449125395298579,1.0592069527987114,1.112345384466158
SB85902_component_1504a,289.221812,13.465382,8.416000366210938,27.06109619140625,289.22193303830244,13.465193797731038,8.063350395357737,0.9938741130159683,1.0437349183109081
SB85902_component_1505a,294.163086,13.078789,8.32699966430664,10.487404823303223,294.1631283543805,13.078550446636083,8.6378360236751,0.9179621142897325,0.9640145565953672
SB85902_component_1509a,289.486032,14.767133,8.581000328063965,23.00536346435547,289.48594528301084,14.767370400968128,8.014880635172922,1.0194877823707433,1.070633577549072
SB85902_component_1510a,289.466506,13.156602,8.446000099182129,28.24749183654785,289.4669133194526,13.156450316021461,8.865342652704985,0.9071867988933158,0.9526986637798025
SB85902_component_1512a,291.860482,12.506406,9.086999893188477,35.08494186401367,291.8602776827832,12.506445028256598,10.520676196552957,0.8224661532188153,0.8637277417744103
SB85902_component_1515a,288.02415,15.151422,8.588000297546387,35.3415641784668,288.02414760814645,15.15061489495495,8.94379163180775,0.9143480518848095,0.9602191834393787
SB85902_component_1520a,294.790393,15.34472,9.163999557495117,11.027677536010742,294.78997878989475,15.344851389006376,9.24306419787816,0.9440831705805411,0.9914460574231224
SB85902_component_1526a,292.771465,14.682256,8.571000099182129,27.737865447998047,292.77140808754416,14.682623864772092,8.461556998184367,0.9645447503029376,1.0129341563285865
SB85902_component_1527a,286.30468,13.270522,7.557000160217285,14.905324935913086,286.3048305587264,13.270287750581902,6.993760411531602,1.0289158249175798,1.08053460735615
SB85902_component_1529a,287.969598,13.136337,8.788000106811523,28.813114166259766,287.96962634850263,13.13603766043251,8.781923708660734,0.9528873452626341,1.000691921081573
SB85902_component_1531a,292.304653,11.790578,8.779999732971191,27.4375,292.30453979136365,11.79071900488599,8.356446526456438,1.000492943832931,1.0506858034900108
SB85902_component_1532a,286.295511,14.398097,7.618000030517578,11.847589492797852,286.29555335745704,14.397149763423872,7.022685201911873,1.0329491310253909,1.0847702568874418
SB85902_component_1533a,287.39895,13.674872,8.98900032043457,29.863788604736328,287.39886239705737,13.674859886597483,9.710841158797814,0.8814460000560275,0.9256664972107723
SB85902_component_1541a,288.78062,13.509776,9.119999885559082,30.19867706298828,288.78097879234076,13.509320016177755,7.454919874975725,1.1649117306156227,1.2233531732745524
SB85902_component_1558a,292.748342,13.663314,8.32699966430664,32.02692413330078,292.7482214463105,13.663621698165505,7.780062084801349,1.0191700442430682,1.070299899093833
SB85902_component_1563a,293.005453,14.720962,8.055999755859375,24.19219207763672,293.0053896183795,14.72111724898289,7.6550303301200415,1.0021060737742689,1.0523798611432864
SB85902_component_1564a,291.684656,16.112679,8.3100004196167,14.707965850830078,291.6846658218185,16.112763250435876,7.16409514970043,1.104538520068131,1.1599511516767314
SB85902_component_1572a,289.051754,18.248841,8.111000061035156,16.620901107788086,289.051954027814,18.2482574348252,7.540420719538523,1.0242830649529082,1.0756694304892251
SB85902_component_1575a,294.211249,13.538792,8.430999755859375,13.446571350097656,294.21156345975504,13.538738051065122,8.040135015460308,0.9985203050279774,1.048614201085862
SB85902_component_1577a,288.092541,12.595006,8.385000228881836,32.250003814697266,288.09303575602365,12.594578578890232,7.116843053023628,1.1219069957057421,1.1781909712508587
SB85902_component_1581a,292.561068,14.529525,9.027000427246094,25.93965721130371,292.56110286612653,14.529434910861388,7.8531239789416745,1.0945665576573143,1.149478914563452
SB85902_component_1584a,292.167248,16.026529,8.03600025177002,19.270984649658203,292.16689899400467,16.027159118502674,6.004582502637281,1.2743780750839555,1.3383112394975865
SB85902_component_1587a,286.715969,15.253787,8.454999923706055,17.725366592407227,286.71597407043936,15.252862057363968,7.900740448307634,1.0190300218172343,1.0701528520047947
SB85902_component_1592a,289.834501,12.985366,9.020999908447266,21.427553176879883,289.83424065819077,12.985473223486784,8.633337866719641,0.9949863133139915,1.0449029156176095
SB85902_component_1602a,290.496785,13.416262,8.131999969482422,13.736486434936523,290.49698557418134,13.416122611460688,7.108343279722691,1.0893567814314509,1.1440077736087706
SB85902_component_1609a,291.040161,17.834738,8.82699966430664,17.796371459960938,291.0405346131441,17.834152549065976,6.843567925730568,1.2282073546359271,1.2898242203629968
SB85902_component_1613a,288.984288,17.388826,8.437999725341797,28.506755828857422,288.984521680563,17.38824045999894,7.529161080234726,1.0671711699042938,1.1207091514475525
SB85902_component_1615a,292.675975,13.199266,8.40999984741211,31.380596160888672,292.6758372925918,13.199513260223604,8.57298762349006,0.9341249175836476,0.9809882174994207
SB85902_component_1618a,291.604067,11.17882,8.406999588012695,26.271873474121094,291.6040118615514,11.178651003724822,7.96224848909312,1.0054175570835087,1.0558574753763093
SB85902_component_1619a,294.165015,15.620621,8.375,16.389432907104492,294.1650463256148,15.620911355551918,8.196905347364394,0.9729176033928958,1.0217270597973747
SB85902_component_1625a,293.073236,12.775921,7.505000114440918,24.288026809692383,293.07309102984664,12.776213340553795,7.785754529805576,0.9178911062874264,0.9639399862543998
SB85902_component_1629a,290.025168,13.578874,8.237000465393066,17.52553367614746,290.0248051657923,13.579184107294454,7.552836658028904,1.0384848466983407,1.0905836890616287
SB85902_component_1631a,293.529575,13.41302,8.946999549865723,26.008718490600586,293.52951332814496,13.413043985645805,6.680644072229364,1.2752644317888908,1.3392420630605553
SB85902_component_1633a,288.070558,12.12825,8.177000045776367,24.854103088378906,288.0707899781055,12.128022690740755,7.223007799680484,1.0779958331245303,1.132076867774957
SB85902_component_1635a,287.108838,15.061398,7.883999824523926,25.0285701751709,287.10877010356467,15.060673246163988,6.2006546517835375,1.2107381522523903,1.2714786207705013
SB85902_component_1638a,288.188694,16.394624,8.411999702453613,28.61224365234375,288.1890980063875,16.39425059265856,8.225911038050487,0.9737700346027158,1.0226222558865927
SB85902_component_1640a,292.604487,16.769048,7.36299991607666,13.054964065551758,292.60451015687937,16.76928195812062,7.434744733271751,0.9430395336186511,0.9903500631468865
SB85902_component_1643a,286.390218,13.346661,7.39300012588501,16.177244186401367,286.39016040031504,13.346444076687243,8.452333353792161,0.8328854252789836,0.874669729225495
SB85902_component_1644a,288.679868,17.11097,8.850000381469727,34.302330017089844,288.67997166189446,17.110591242836232,7.042905930867993,1.1965547288231813,1.2565836415167086
SB85902_component_1646a,291.265263,16.561673,7.642000198364258,10.369064331054688,291.2657968267653,16.561642594955817,6.110139704076017,1.1909597116467,1.2507079327934763
SB85902_component_1647a,294.124386,15.789766,8.25,15.865385055541992,294.12419030680076,15.790320578370581,5.971101230699767,1.3156509398330074,1.3816546866737953
SB85902_component_1650a,291.983892,13.267981,8.347000122070312,27.91638946533203,291.98356734712615,13.268491902539875,7.190361754069307,1.1054035243976799,1.1608595516555782
SB85902_component_1652a,293.314241,16.775239,7.775000095367432,10.997171401977539,293.3141287209568,16.775187779121467,6.994728242680906,1.058450915140592,1.1115514178128336
SB85902_component_1655a,288.571924,12.753788,7.53000020980835,24.68852424621582,288.5722478320515,12.753378611520336,7.686547958517316,0.9328349579175547,0.9796335429696371
SB85902_component_1658a,289.334094,17.202623,8.552000045776367,26.395061492919922,289.3345087667498,17.20201668200346,7.88312045829341,1.0330246801541962,1.084849596174731
SB85902_component_1659a,286.935144,12.358174,8.052000045776367,16.636363983154297,286.9353312787398,12.357612085927602,7.557358668649136,1.014553375996387,1.0654516212362921
SB85902_component_1662a,287.968448,16.994352,8.4350004196167,20.179426193237305,287.9687889987295,16.993553557198112,8.837093914547056,0.9089014659947826,0.9544993525226142
SB85902_component_1664a,290.082893,12.584328,8.595999717712402,25.736526489257812,290.0828959377666,12.584464246657339,7.451959394479251,1.0984165770902028,1.1535220822701622
SB85902_component_1667a,291.936726,15.834914,7.203999996185303,15.459227561950684,291.9369709930745,15.835085973669683,6.590223359930404,1.04091372619913,1.0931344209039648
SB85902_component_1668a,290.611007,10.689293,7.877999782562256,20.569190979003906,290.6110018056008,10.689457092824998,7.332201472855182,1.0231109678042576,1.0744385314189324
SB85902_component_1669a,293.994992,13.631236,8.388999938964844,17.96359634399414,293.99504648958,13.631398927006938,5.614559295513508,1.4227732268775364,1.494151098496429
SB85902_component_1671a,286.791917,15.445744,7.172999858856201,15.492440223693848,286.79214871176885,15.444452580374685,8.196441834698703,0.8333292516709088,0.8751358215573645
SB85902_component_1672a,287.252232,14.302911,7.2789998054504395,21.728357315063477,287.25221184382417,14.302034203006077,6.237728675109952,1.1111850593913757,1.1669311354460496
SB85902_component_1680a,292.662888,12.314633,7.960999965667725,25.35350227355957,292.6624468770814,12.314757996961118,6.710733579956361,1.1296366921387213,1.1863084520961558
SB85902_component_1681a,289.547923,15.518081,7.14300012588501,18.69895362854004,289.5479309932409,15.51845528512972,7.509904625183157,0.9057063278258383,0.951143920247962
SB85902_component_1685a,292.620719,12.744549,7.572000026702881,27.5345458984375,292.62069720527967,12.744723848461042,7.55726517077431,0.9540850956281233,1.0019497603426109
SB85902_component_1687a,288.729441,17.179478,7.918000221252441,27.493057250976562,288.7297515265089,17.179138655080287,8.670681552988858,0.869567779166691,0.9131923681965968
SB85902_component_1689a,288.783709,12.594957,7.679999828338623,23.06306266784668,288.78377539510694,12.59497200015505,7.584672353198698,0.9641965017552615,1.0125684368026422
SB85902_component_1694a,289.053709,13.508569,7.769000053405762,24.9006404876709,289.0537467350256,13.508325114250514,5.823186024123282,1.270415038803818,1.334149385099789
SB85902_component_1696a,290.566781,10.84096,7.494999885559082,19.417097091674805,290.5665857706316,10.840864659331093,6.036777848778481,1.182245316076833,1.2415563522973876
SB85902_component_1697a,291.162073,13.368787,7.771999835968018,15.669354438781738,291.1620303485007,13.368901440647459,7.72657918220127,0.9578261482430694,1.0058784945699355
SB85902_component_1698a,288.837032,16.296215,7.289000034332275,27.19776153564453,288.8368879302317,16.29634266868992,7.596429482602905,0.913691547712746,0.9595297436809367
SB85902_component_1701a,288.841897,16.469209,7.474999904632568,30.510202407836914,288.84233172303345,16.46858977035405,7.32525891449374,0.971693679035358,1.0204417334440632
SB85902_component_1703a,294.279251,15.902359,7.718999862670898,12.175078392028809,294.2795237633216,15.902340663885084,7.468024475003732,0.9842297006205762,1.033606663784674
SB85902_component_1705a,292.60241,15.997981,6.882999897003174,21.644655227661133,292.60237207496635,15.998264799506135,6.826946965996795,0.9600467896901406,1.0082105414448894
SB85902_component_1710a,288.211859,17.441994,8.206999778747559,20.415422439575195,288.2124325364611,17.44109716510897,7.195077892267127,1.0861507029906226,1.1406408522092568
SB85902_component_1712a,287.94161,13.784555,7.26200008392334,22.48297119140625,287.9417043675985,13.783993391973992,9.993621138154662,0.6919497140988156,0.7266635370234057
SB85902_component_1713a,293.806221,12.977166,7.127999782562256,13.76061725616455,293.80632308469086,12.977206281868716,5.79603784232802,1.1710559128396598,1.229805597628611
SB85902_component_1714a,292.214292,11.457149,8.008999824523926,25.425395965576172,292.21411664514727,11.457063499597878,5.333715134292041,1.4298472122388413,1.5015799724720362
SB85902_component_1717a,289.667827,13.461439,7.125999927520752,19.905027389526367,289.6678552726715,13.461328482981983,6.113282845470063,1.1099731909845725,1.1656584698679715
SB85902_component_1719a,292.235761,15.011616,8.034000396728516,22.56741714477539,292.23588183952927,15.011821416379311,6.587206012103815,1.1613731160697955,1.2196370330556316
SB85902_component_1722a,293.984228,14.311698,7.177999973297119,18.126262664794922,293.98423661890155,14.311654470848264,6.522396543856702,1.0479424159325064,1.1005157268547119
SB85902_component_1724a,287.946268,14.235426,7.331999778747559,24.11842155456543,287.94638675019564,14.234536240588978,6.088482484826408,1.146712503426257,1.2042409248971675
SB85902_component_1725a,289.533002,14.593919,6.593999862670898,15.40654182434082,289.5330801370656,14.594240101506212,6.130417446928576,1.0242360344178354,1.0756200405201743
SB85902_component_1729a,289.04884,15.476147,7.616000175476074,14.235513687133789,289.049358339096,15.475886564415045,7.4475762893597395,0.9737627351622877,1.0226145902468915
SB85902_component_1732a,294.39684,15.250083,6.73799991607666,14.215189933776855,294.3967215181335,15.250299794954731,6.513842573097739,0.9849970021377163,1.0344124593837583
SB85902_component_1738a,289.114113,15.689675,7.39900016784668,22.02083396911621,289.1138697312422,15.689759899728516,5.187930747319349,1.358063361666949,1.4261948603824
SB85902_component_1742a,291.542213,17.636454,7.559000015258789,11.23179817199707,291.54245125933653,17.636276770137133,6.68758114670829,1.076307699918205,1.1303040440831769
SB85902_component_1743a,288.756723,17.685255,8.062000274658203,21.730459213256836,288.7569578307714,17.685157157727406,7.9862773123167345,0.9612571606779587,1.0094816344812727
SB85902_component_1746a,291.785873,10.232977,7.932000160217285,12.87662410736084,291.78517901493257,10.233258925990938,6.188487538611598,1.2205044278339954,1.2817348521310665
SB85902_component_1747a,290.471495,16.887385,7.590000152587891,22.58928680419922,290.4719033997546,16.886767155342824,6.197168018641173,1.1662446901368315,1.2247530048817554
SB85902_component_1756a,292.775026,15.113129,7.163000106811523,19.517711639404297,292.7751038431394,15.113486129832424,6.412062329727815,1.063747097431945,1.1171132996636957
SB85902_component_1759a,289.5532,12.520441,6.822000026702881,17.9055118560791,289.5528692437485,12.520545428793326,5.079572167030339,1.2788680799893197,1.3430264995508894
SB85902_component_1763a,289.722959,13.988679,6.718999862670898,12.41959285736084,289.72265200136405,13.989158306857487,6.326675055076256,1.0112773232793955,1.0620112150820606
SB85902_component_1764a,288.129689,16.197346,6.982999801635742,18.522544860839844,288.13041253210815,16.196650947541464,7.081929456089546,0.9389265053171701,0.9860306919085818
SB85902_component_1770a,292.113942,11.939628,6.611999988555908,25.045454025268555,292.11363540481585,11.940013422278469,8.139826493266908,0.7734974072060171,0.8123023253659295
SB85902_component_1774a,289.943836,16.637788,6.978000164031982,22.082277297973633,289.9441388665358,16.637793691085676,5.039811873023161,1.3184322441415959,1.3845755238173578
SB85902_component_1777a,288.837942,16.898117,7.548999786376953,24.430421829223633,288.8383083718095,16.897707671256775,6.428426701780482,1.118216464583495,1.174315293085026
SB85902_component_1778a,287.701899,14.529559,6.927000045776367,25.655553817749023,287.7017342958449,14.528760794436424,6.7535119289410055,0.9766898736841094,1.0256885778333948
SB85902_component_1780a,286.610133,13.397776,6.323999881744385,15.770573616027832,286.6104909659228,13.397156804456593,6.773672879671081,0.8890144078644494,0.9336145978828946
SB85902_component_1782a,293.999622,13.976146,7.410999774932861,16.7291202545166,293.9994556131352,13.97657536783294,6.546385359884258,1.0779941372899153,1.1320750868634917
SB85902_component_1783a,286.58427,15.132671,7.084000110626221,13.142857551574707,286.58458529723066,15.131177646475948,6.980784621799429,0.9663078022178434,1.014785657260428
SB85902_component_1787a,287.379728,12.127828,6.931000232696533,14.261317253112793,287.38007538770717,12.127279780813197,6.742760661500918,0.9788121121351386,1.0279172850180498
SB85902_component_1796a,291.206529,11.388399,6.980000019073486,22.88524627685547,291.2063468162551,11.388501261554223,6.575610025269519,1.010789078303341,1.0614984757687773
SB85902_component_1797a,290.801752,17.771997,6.206999778747559,12.590263366699219,290.80190315365655,17.77137931432116,6.224461829515606,0.9495571048606052,0.9971946087474993
SB85902_component_1800a,292.756392,12.495231,6.677000045776367,21.74918556213379,292.7564192016793,12.49511376081236,5.68545392538786,1.1182976199726686,1.1744005198882803
SB85902_component_1806a,286.759566,14.250838,6.9120001792907715,18.989011764526367,286.75979699982224,14.249817877002817,6.826200558826299,0.964197192280394,1.012569161970129
SB85902_component_1807a,291.615389,10.205622,7.46999979019165,11.653666496276855,291.6151678260025,10.205188955990431,5.627755409830565,1.2639402417383505,1.327349759576092
SB85902_component_1810a,290.780032,16.989573,7.0960001945495605,19.17837905883789,290.78024172884943,16.989125096027628,6.4471141927374385,1.0480679053137643,1.1006475118035106
SB85902_component_1814a,287.04469,13.536148,6.811999797821045,20.153844833374023,287.04516362747194,13.53568753435922,6.447977405080332,1.0059868070529665,1.0564552835520022
SB85902_component_1817a,291.223303,12.039166,7.158999919891357,22.583595275878906,291.2230228936165,12.039036064064977,5.631437616273793,1.210526345918652,1.2712561885091647
SB85902_component_1820a,286.698785,12.774772,5.932000160217285,14.328502655029297,286.69907671735007,12.774179483188384,5.6773522026734105,0.9949390638831664,1.044853295771216
SB85902_component_1825a,287.923589,16.290892,7.36899995803833,15.48109245300293,287.92462070545076,16.289905471987854,6.656120140033689,1.0542134860909707,1.1071014048735353
SB85902_component_1831a,287.859576,16.206893,7.013999938964844,15.552105903625488,287.8597908772982,16.205929386150665,5.987522788462333,1.1154747505220302,1.171436032357235
SB85902_component_1832a,288.086481,13.319481,6.295000076293945,21.93379783630371,288.08682069385543,13.318725439155397,6.205401101117343,0.9659775808035606,1.014438869255441
SB85902_component_1833a,291.838405,13.894082,6.324999809265137,12.524752616882324,291.83837389412355,13.894599512886533,7.561668940107809,0.796496777543913,0.8364555310953562
SB85902_component_1834a,287.249633,15.204512,6.182000160217285,23.067163467407227,287.24948147377364,15.204069930582389,6.665119741483258,0.8832064289559033,0.9275152435358259
SB85902_component_1837a,287.073662,13.715974,7.193999767303467,21.28402328491211,287.0737544085266,13.71562697745694,5.36074253332697,1.2778698862613402,1.3419782283106114
SB85902_component_1838a,291.680689,16.532538,6.415999889373779,13.201645851135254,291.68071792011614,16.532742984991334,6.318023571292868,0.9669950962539644,1.0155074315528174
SB85902_component_1842a,292.912594,16.271925,7.039999961853027,18.285715103149414,292.9123953172911,16.27214448133121,5.377419120258456,1.2466367789114188,1.3091782143837547
SB85902_component_1847a,289.713338,14.807716,7.230000019073486,15.6493501663208,289.7132594424552,14.807891088603343,6.782885992541674,1.0149974397137993,1.0659179627998245
SB85902_component_1849a,288.339627,14.169147,6.940999984741211,24.967626571655273,288.33935871830266,14.168217314668382,6.003741652583776,1.1008831218668316,1.1561123689847772
SB85902_component_1854a,294.062768,14.663095,6.710999965667725,16.819549560546875,294.0625806045273,14.663052750542658,5.046710335163625,1.2662516492535978,1.3297771260830924
SB85902_component_1858a,289.448497,16.654697,6.76800012588501,22.19016456604004,289.4485371357786,16.654579569905106,5.001392423410181,1.2885776430713718,1.353223173251875
SB85902_component_1864a,290.643606,12.770027,6.190999984741211,14.954106330871582,290.64320260731796,12.770329161011274,5.692740903382657,1.0355725993338913,1.0875253396940103
SB85902_component_1870a,289.859557,17.379624,6.918000221252441,21.22085952758789,289.86029469748934,17.378974108591095,4.037916174411173,1.6314149524291988,1.7132599891728202
SB85902_component_1872a,291.798628,16.95929,5.84499979019165,13.785377502441406,291.7989768407371,16.9588890587064,5.43840469618168,1.0234205740167273,1.0747636699959902
SB85902_component_1873a,292.537618,13.132902,6.265999794006348,24.572547912597656,292.53748116762694,13.133050100334309,6.890401272084698,0.865938457470236,0.9093809702189614
SB85902_component_1874a,294.478568,15.354021,6.932000160217285,10.74728775024414,294.47910411813285,15.353674098252862,6.708611091359585,0.9839365964541539,1.033298855130448
SB85902_component_1875a,289.925794,16.483845,7.10699987411499,23.0,289.92599796152814,16.48397124159779,5.439292204021261,1.2441853501512925,1.3066038020279174
SB85902_component_1877a,289.135277,12.27147,6.570000171661377,16.22222328186035,289.1352284868203,12.271256180049829,5.6285724374760155,1.1114969799915506,1.167258704519315
SB85902_component_1878a,286.419084,14.944953,6.913000106811523,10.34880256652832,286.4196890165245,14.943528390298676,5.185970633946784,1.2693391530477809,1.3330195241677223
SB85902_component_1881a,289.802655,13.636152,6.447999954223633,14.360801696777344,289.80252808896535,13.636327691771207,5.7432918953888255,1.0690679311362232,1.1227010696427606
SB85902_component_1883a,289.969194,12.020043,5.815999984741211,17.05571937561035,289.96908557447904,12.019828335882082,6.083118520633667,0.9104147480443033,0.956088553102097
SB85902_component_1884a,290.955681,11.275999,6.574999809265137,23.398576736450195,290.95567382483745,11.275892301228827,6.524244645684192,0.9596363109049533,1.007779469706814
SB85902_component_1887a,289.867492,17.732289,7.310999870300293,19.188976287841797,289.8681587428646,17.731197622108574,7.440293812685129,0.9356810976345733,0.9826224681928019
SB85902_component_1890a,288.043311,15.977349,6.508999824523926,20.99677276611328,288.0434312650323,15.976426457546621,6.667167481844658,0.9296384131740298,0.9762766335551886
SB85902_component_1891a,287.620192,13.122701,6.775000095367432,19.52449607849121,287.6201912919685,13.122557877524995,4.993004115771749,1.292077451116655,1.3568985601207033
SB85902_component_1892a,292.023092,14.018966,6.921000003814697,15.837528228759766,292.02332525089435,14.019283487393029,5.822041246495621,1.1319695314665532,1.1887583256096919
SB85902_component_1894a,289.761213,16.887498,6.439000129699707,20.973941802978516,289.76156030345845,16.887383968340426,5.882772406692419,1.0422635572860313,1.0945519704917541
SB85902_component_1899a,288.889145,15.362449,6.067999839782715,21.216781616210938,288.8890002825215,15.361878466470616,4.943917276438683,1.1687336034771945,1.2273667823491086
SB85902_component_1900a,290.047284,12.1993,6.195000171661377,18.32840347290039,290.0473851547598,12.199270533534438,4.767232251214351,1.23741728443199,1.2994961951105557
SB85902_component_1904a,289.928661,16.357778,6.377999782562256,21.259998321533203,289.92886726207814,16.357962223258834,5.955523540700962,1.0197781918023971,1.0709385562787261
SB85902_component_1911a,291.896465,16.068598,5.511000156402588,12.816279411315918,291.8963553228167,16.068844947537606,4.959184045173555,1.0581844200704205,1.1112715531834474
SB85902_component_1914a,293.518758,13.070657,6.2270002365112305,18.532739639282227,293.51889628575515,13.070881804698855,6.738371440638626,0.8799643967162936,0.9241105646026941
SB85902_component_1918a,292.205683,11.893884,6.5370001792907715,24.12177276611328,292.20530599658554,11.894521549291186,7.141957651396751,0.8715702384740127,0.915295287141941
SB85902_component_1920a,288.522011,15.76509,6.861000061035156,23.4163818359375,288.52221628004315,15.76434522503743,5.815158472296847,1.1234843691513074,1.1798474785718482
SB85902_component_1922a,289.35047,13.320668,6.427000045776367,23.71586799621582,289.3500838356927,13.320836543416906,6.253229290516872,0.978689919931538,1.0277889626601444
SB85902_component_1923a,289.112914,15.236099,6.163000106811523,18.789634704589844,289.1131057474116,15.235712984277916,5.282767146099243,1.1108920857566056,1.1666234638720048
SB85902_component_1924a,289.690831,12.766151,6.7220001220703125,19.712610244750977,289.6908359093944,12.765782669704564,6.52407396268126,0.9811170112436662,1.030337816603739
SB85902_component_1925a,289.405798,15.009375,6.929999828338623,20.810810089111328,289.4057017125582,15.009843070927488,6.436598436664158,1.0252221349707182,1.07665561189338
SB85902_component_1930a,289.809498,15.66757,5.369999885559082,15.8875732421875,289.8094512520387,15.667750783733101,6.526961147484893,0.7834376065635266,0.8227412059329271
SB85902_component_1932a,290.448552,11.775867,6.593999862670898,19.742515563964844,290.44842159623875,11.77587079642746,5.3909680523829815,1.1647248498147782,1.2231569170134737
SB85902_component_1935a,294.483137,15.173174,6.2210001945495605,12.417166709899902,294.48215362101956,15.173715770559063,4.092247255503262,1.4475698018536376,1.5201916712592447
SB85902_component_1937a,288.306695,13.499844,5.776000022888184,19.253332138061523,288.306857505171,13.499286848887722,5.744998267719209,0.9573669923250231,1.005396303658292
SB85902_component_1938a,286.960153,15.525984,6.855000019073486,17.53196907043457,286.9604576047542,15.52482523522522,7.33806096629829,0.8895437455365292,0.9341704914359024
SB85902_component_1939a,292.366371,12.707787,5.8460001945495605,20.369338989257812,292.3659262454928,12.708218974696688,5.29017355592369,1.05227698308453,1.1050677511333218
SB85902_component_1942a,293.006098,13.651431,6.449999809265137,22.552446365356445,293.0059566052848,13.651622101787856,4.180050205622939,1.46933008009708,1.5430436219614532
SB85902_component_1944a,290.644927,12.709142,6.40500020980835,15.737100601196289,290.6445530819504,12.709142814284478,5.094260297163549,1.1972343868487911,1.257297396714222
SB85902_component_1945a,288.036055,13.723525,6.60099983215332,22.151004791259766,288.0358527801995,13.723005936509686,6.011096182767332,1.0456761685957126,1.0981357861278496
SB85902_component_1949a,292.120651,14.036027,6.302000045776367,18.373178482055664,292.12108897535575,14.03619173861011,5.513093614531695,1.0884893915176603,1.1430968683653824
SB85902_component_1950a,289.480575,15.1238,6.146999835968018,18.515060424804688,289.4805074389266,15.124228255963128,6.424701979729483,0.9110692322238041,0.9567758715287276
SB85902_component_1953a,288.350594,13.784789,6.289999961853027,21.541095733642578,288.3507611678076,13.784314162123705,5.903042770644271,1.0146491097766435,1.0655521578012424
SB85902_component_1954a,288.842847,12.141291,6.165999889373779,17.71839141845703,288.8431324479712,12.140895195318995,5.625380131783628,1.043741143590862,1.0961036845378016
SB85902_component_1956a,288.020508,12.082405,5.895999908447266,17.189504623413086,288.0205994474467,12.082371859882183,5.739703902150586,0.9781583016499816,1.027230674083748
SB85902_component_1963a,293.54223,13.696479,6.122000217437744,21.1103458404541,293.54204536166986,13.696678060205416,5.61156361244208,1.0388446703699916,1.0909615644138675
SB85902_component_1964a,290.61992,15.968227,6.48199987411499,16.968585968017578,290.6200067680697,15.968714562323239,6.023040183556059,1.0247889252585336,1.0762006688602161
SB85902_component_1969a,286.933442,13.993639,6.179999828338623,18.727272033691406,286.934032568316,13.992831834717824,5.449603528402684,1.0798532043271167,1.1340274198167262
SB85902_component_1972a,288.127764,16.59193,5.829999923706055,16.898550033569336,288.12801448264304,16.591503536110007,7.439841972535038,0.7461841227753353,0.7836187845424829
SB85902_component_1973a,292.161373,12.571749,6.184000015258789,20.544851303100586,292.16113670297295,12.572039037812683,6.950997471469271,0.8471562460685544,0.8896564904017499
SB85902_component_1974a,292.265704,16.588526,5.117000102996826,14.174515724182129,292.2656227391097,16.58878676365619,5.383273100516047,0.9051283727535762,0.9505369702507391
SB85902_component_1975a,289.22889,12.285143,5.879000186920166,16.330554962158203,289.2286813385606,12.285110351550038,3.4479803466165992,1.6236030485015227,1.7050561766365793
SB85902_component_1977a,291.850256,10.599514,6.142000198364258,14.980488777160645,291.8500608305923,10.599269401272354,4.254162574140147,1.3747917247411527,1.4437624541430887
SB85902_component_1979a,290.063035,16.143057,5.364999771118164,18.06397247314453,290.0632488811474,16.143197683305527,5.159252109593931,0.9902027386204554,1.039879357928959
SB85902_component_1991a,293.913762,14.533641,5.390999794006348,14.974998474121094,293.9137396477128,14.53380984309542,5.020799990958965,1.0224393601871948,1.0737332305039053
SB85902_component_1995a,289.341781,15.716121,5.794000148773193,19.64067840576172,289.34175298711455,15.716284654402967,5.24034137341605,1.0528344532949838,1.1056531885815344
SB85902_component_1999a,292.397774,12.728563,6.159999847412109,23.245283126831055,292.39767177724116,12.728705853987924,5.1455861864959624,1.139953169271211,1.1971424875903092
SB85902_component_2000a,289.915684,11.489335,5.433000087738037,15.218487739562988,289.9158408447429,11.489268108914077,4.583854933572629,1.1286259013742925,1.1852469518496715
SB85902_component_2004a,289.495476,17.087514,6.485000133514404,18.319210052490234,289.49595063560815,17.087144591306824,5.288101147851403,1.1677541023296858,1.226338141461101
SB85902_component_2005a,290.702051,17.522269,6.416999816894531,15.883662223815918,290.70231994503854,17.520975476998764,5.075602683114673,1.2038865830153889,1.2642833211201436
SB85902_component_2009a,287.007369,13.006068,6.550000190734863,19.321535110473633,287.0080557072241,13.005367976632021,5.307948895591764,1.175048373147375,1.2339983522024147
SB85902_component_2018a,290.545404,16.865756,5.894999980926514,18.954984664916992,290.54585204450984,16.865511348222363,5.574269763904414,1.0070174389098951,1.057537620281486
SB85902_component_2020a,288.453653,16.606819,6.3470001220703125,23.682836532592773,288.45400019226804,16.60613434474535,4.693305220116164,1.2877479696248821,1.352351876640407
SB85902_component_2027a,289.10981,15.659503,5.784999847412109,16.38810157775879,289.1097786458141,15.659438564496519,6.926108130850696,0.7953444412964474,0.8352453842937
SB85902_component_2028a,290.626487,12.537125,6.48799991607666,18.805797576904297,290.62669959757244,12.537215934021217,5.992955245195866,1.03088677197695,1.0826044331430036
SB85902_component_2032a,292.123091,10.605053,5.419000148773193,10.128972053527832,292.122926338575,10.604663765812221,3.739738432003555,1.37980940630413,1.4490318634049435
SB85902_component_2037a,288.803749,12.120033,5.744999885559082,18.238094329833984,288.80424124379624,12.119547672194722,5.074785053884683,1.0779870360607813,1.132067629378974
SB85902_component_2041a,292.18412,10.975866,5.658999919891357,13.603364944458008,292.1838888307693,10.976296140188957,5.627841459315342,0.9575004771183242,1.0055364851340012
SB85902_component_2047a,289.57981,12.6785,5.681000232696533,18.266881942749023,289.5796978374067,12.67838044646021,6.624887315902568,0.816558825663348,0.8575240546446274
SB85902_component_2051a,291.977902,10.970673,5.343999862670898,13.563451766967773,291.9777133758672,10.9705158907599,8.605334639386234,0.5913435177752664,0.6210101160054425
SB85902_component_2052a,288.153332,16.001591,6.166999816894531,19.45425796508789,288.15415852569254,16.000438614617767,3.417299696314138,1.7184307415813007,1.804641197711219
SB85902_component_2064a,289.493454,14.098019,5.61899995803833,13.067441940307617,289.4933322443953,14.097938518983891,5.661236309087752,0.9451242604100704,0.9925393767821311
SB85902_component_2065a,288.253473,13.716523,5.565000057220459,17.555204391479492,288.25311785188717,13.716208531503872,4.14704772266191,1.2778130107573027,1.341918499468917
SB85902_component_2070a,293.817703,13.928829,6.349999904632568,15.083134651184082,293.8174304487116,13.929162653959592,4.605455874871388,1.3129320768028876,1.3787994233708512
SB85902_component_2071a,292.974173,14.937121,5.328000068664551,14.718233108520508,292.97432371501475,14.937512904985649,4.3329500842074475,1.170905110649612,1.2296472299747507
SB85902_component_2077a,292.555625,11.409753,6.281000137329102,13.507527351379395,292.5554661926488,11.409752394217708,4.446764317030487,1.3450110634579948,1.412487752785491
SB85902_component_2079a,293.482629,14.33851,5.375,16.337387084960938,293.4826096272384,14.338969344944845,5.231574247956102,0.9783342122849026,1.0274154098261976
SB85902_component_2082a,287.234307,13.772524,6.215000152587891,21.139455795288086,287.2346090911954,13.772057975640312,3.495648478811327,1.6929906350224435,1.7779248085898103
SB85902_component_2089a,292.327714,11.541551,5.234000205993652,13.217172622680664,292.3277435812452,11.541087210545134,6.695602228811567,0.7443638199040531,0.7817071604808666
SB85902_component_2093a,289.74784,18.011037,6.0,15.075376510620117,289.74848684851577,18.010303527124726,5.760790106472546,0.9917686227458382,1.0415237995320623
SB85902_component_2095a,290.468808,11.253921,4.830999851226807,13.092141151428223,290.46901947139094,11.253716887043778,5.218104588407435,0.8815874728230851,0.9258150674019409
SB85902_component_2096a,290.884052,16.129958,5.973999977111816,11.645223617553711,290.88417829257156,16.130255754029367,5.920088128145899,0.9609000380497797,1.0091065956788048
SB85902_component_2101a,290.222183,12.541531,5.880000114440918,19.215686798095703,290.22218588586657,12.541196455027569,5.155518930785643,1.0860407335461586,1.1405253658034522
SB85902_component_2105a,289.244316,13.214224,5.999000072479248,19.604576110839844,289.2444947434926,13.213805802049768,3.1020115708206073,1.8415207615913123,1.9339064137959583
SB85902_component_2107a,290.649778,16.624485,6.113999843597412,15.517765998840332,290.65024430974694,16.624397056430652,4.153784233463319,1.4015953742897271,1.4719107926556203
SB85902_component_2115a,293.573058,13.682375,5.178999900817871,17.321069717407227,293.5728182606494,13.682617530325173,3.663670973417961,1.3460791731773971,1.4136094475717094
SB85902_component_2118a,293.684898,15.353581,5.033999919891357,14.633720397949219,293.6850339819498,15.3537579776404,5.592525501845761,0.8571294099452309,0.9001299892561836
SB85902_component_2125a,286.525553,14.239236,5.821000099182129,14.09443187713623,286.5259841055725,14.23842030782371,4.879487632709692,1.1359639543903595,1.192953141260365
SB85902_component_2126a,291.232184,11.789705,5.327000141143799,18.49652862548828,291.2317771050614,11.789735580501306,6.124197729891366,0.828275222657882,0.8698282413618759
SB85902_component_2131a,288.180315,14.978715,5.296000003814697,15.218391418457031,288.18026518838326,14.977656731897838,4.847324168687116,1.040368221565929,1.0925615493236351
SB85902_component_2132a,288.848614,12.613104,5.374000072479248,13.922279357910156,288.8489272623711,12.612903903451993,4.398986699621876,1.1632851519788594,1.2216449922299564
SB85902_component_2134a,291.913797,14.993095,5.760000228881836,15.360000610351562,291.91380396705176,14.993141789545328,3.2299328665766054,1.69812701364048,1.783318869715964
SB85902_component_2137a,292.25462,14.027889,6.0970001220703125,17.621387481689453,292.2548414590415,14.028266704899032,5.297693388305991,1.0958990494379874,1.1508782549644518
SB85902_component_2144a,288.979756,15.59752,5.510000228881836,14.311689376831055,288.9799893675758,15.597120152524882,4.708952174306804,1.114213722965944,1.1701117414073021
SB85902_component_2147a,288.033377,15.114749,5.257999897003174,21.37398338317871,288.03363143144895,15.113937643226384,4.398435531110975,1.1383177508074993,1.1954250232411812
SB85902_component_2148a,288.074012,15.405044,5.27400016784668,21.883817672729492,288.0741664509734,15.404368223404877,5.404643588532506,0.9292107929299012,0.9758275604032385
SB85902_component_2149a,291.781032,16.867376,4.519999980926514,12.383561134338379,291.78155088499506,16.86765140413058,5.580093861479294,0.7713262197046344,0.8100222134486198
SB85902_component_2150a,292.672885,12.372473,5.1620001792907715,17.439189910888672,292.67239994188316,12.37254572973487,5.263731824576085,0.9338248488992882,0.9806730949304192
SB85902_component_2151a,289.858549,16.486328,5.918000221252441,19.276872634887695,289.8587284451019,16.486157938201575,4.339711691450786,1.2985397984819058,1.3636851113660102
SB85902_component_2157a,290.242659,16.056071,5.150000095367432,15.55891227722168,290.24282414338035,16.056632802590016,5.7499491656577195,0.8528730624901695,0.8956601088104296
SB85902_component_2158a,289.387308,14.284175,4.928999900817871,13.653738975524902,289.3872598415075,14.284353674026836,4.871236353252796,0.963520087047786,1.0118580876344674
SB85902_component_2159a,293.511909,13.337381,5.383999824523926,14.872928619384766,293.5115331856823,13.337835413514204,4.721341422449665,1.0858774024936964,1.1403538407375844
SB85902_component_2161a,292.910916,14.161547,5.776000022888184,18.875818252563477,292.91091926299396,14.161849197824438,5.246005295475866,1.0484304537820515,1.1010282486503364
SB85902_component_2162a,293.073214,12.093045,5.763000011444092,15.125984191894531,293.0727962999966,12.093279388068645,4.500484716432905,1.2193559310013664,1.2805287373605079
SB85902_component_2167a,292.766935,11.761555,5.214000225067139,12.182243347167969,292.76691057033236,11.76134052774539,5.585787135270755,0.8888486761054931,0.9334405516715782
SB85902_component_2168a,293.458819,13.770563,4.953999996185303,15.62775993347168,293.45854442315164,13.770721194573115,5.204391027476015,0.9064153429250371,0.9518885053085366
SB85902_component_2169a,289.846624,17.143579,5.955999851226807,20.258502960205078,289.8472685596156,17.142525273782216,4.9615210832971215,1.14309151969657,1.2004382831864973
SB85902_component_2173a,287.441813,16.102213,5.229000091552734,14.170732498168945,287.44170839373345,16.101610921090316,5.609859769256784,0.8875806178824525,0.9321088773392803
SB85902_component_2174a,286.414578,14.099463,4.923999786376953,11.165532112121582,286.4148004207897,14.098742387094768,4.303719794800025,1.089469818508228,1.1441264815442638
SB85902_component_2175a,288.438471,12.876602,5.794000148773193,21.069091796875,288.43854254963037,12.876438408745917,4.491127410607123,1.2284692551649832,1.2900992599517331
SB85902_component_2178a,290.708455,16.53559,5.265999794006348,12.906862258911133,290.7082941244268,16.53590377640164,5.189588851625322,0.9662489869550048,1.0147238913458616
SB85902_component_2183a,292.89906,14.775757,5.8420000076293945,17.491018295288086,292.89920129066263,14.775930049345213,5.464725309300657,1.0179686009192892,1.0690381816056953
SB85902_component_2187a,288.413785,16.473753,5.388000011444092,16.890281677246094,288.41422594675555,16.472956122326178,4.648044014960815,1.103820668540444,1.1591972868805793
SB85902_component_2191a,288.720112,15.409915,4.995999813079834,18.300365447998047,288.71983032700854,15.409741513718128,4.291982747191916,1.1084232113301786,1.1640307306334188
SB85902_component_2196a,288.26852,16.123308,5.1620001792907715,18.702899932861328,288.26876599989976,16.122233236636777,5.190530146575157,0.9469945144186175,0.9945034579361396
SB85902_component_2200a,293.211489,12.349272,4.959000110626221,10.506356239318848,293.211181492571,12.349004405660295,4.212467974309583,1.1209820841486693,1.177219658610934
SB85902_component_2202a,293.476807,14.662987,5.808000087738037,19.489933013916016,293.4767442472189,14.663266781204646,4.740115547086665,1.1667527997150946,1.2252866053671851
SB85902_component_2203a,293.237076,12.601137,4.874000072479248,13.316940307617188,293.2366198285658,12.601494026817223,4.616575042202016,1.0053257295384201,1.0557610410150389
SB85902_component_2205a,289.313429,14.272313,4.718999862670898,11.797499656677246,289.31354389372456,14.272585902059575,4.850596396887242,0.9263945483552575,0.9728700301058253
SB85902_component_2213a,292.643322,11.887301,5.139999866485596,15.71865463256836,292.6427964256203,11.887503193921377,3.6080166515998524,1.356549795626961,1.4246053615651795
SB85902_component_2214a,292.408919,15.818088,5.614999771118164,14.50904369354248,292.40864452893504,15.818429745997607,3.436699853924263,1.5557840122767697,1.633834786214038
SB85902_component_2215a,293.075351,15.531791,4.735000133514404,13.926470756530762,293.0751277713635,15.532357156338573,5.910213566618294,0.7628830872325998,0.8011555048126081
SB85902_component_2219a,290.215241,17.104673,5.36299991607666,13.542928695678711,290.21581881638826,17.104096202700124,3.5968453276973396,1.4198000703298492,1.491028784245775
SB85902_component_2228a,291.68304,10.70441,5.251999855041504,13.097256660461426,291.68326908612886,10.704350591472755,3.053969847341442,1.6375747240506318,1.7197287850151837
SB85902_component_2229a,290.811281,10.677215,4.951000213623047,12.075610160827637,290.8111587818171,10.676748669458888,3.3512355145975237,1.4067896389154129,1.4773656438221565
SB85902_component_2231a,289.796026,17.623904,5.010000228881836,13.726027488708496,289.7967416194651,17.6229676925673,3.959719733553655,1.2047986259799026,1.26524111957429
SB85902_component_2233a,287.138498,14.606229,4.5920000076293945,15.20529842376709,287.1388707630409,14.605182866342767,4.50871192800096,0.9698187086385222,1.018472699289387
SB85902_component_2234a,292.893361,12.565498,5.056000232696533,16.36246109008789,292.893023200932,12.565730871677982,4.382380205318591,1.0985964663774295,1.1537109962664618
SB85902_component_2235a,288.35859,11.6555,4.711999893188477,10.660633087158203,288.35860457833894,11.65540451684586,5.658713364248068,0.7929188490811278,0.8326981046537969
SB85902_component_2245a,292.104436,12.680015,4.928999900817871,19.253904342651367,292.10402770367153,12.680046814425236,3.886774872412072,1.2075651997317096,1.2681464871565897
SB85902_component_2246a,290.045733,11.135735,5.001999855041504,13.89444351196289,290.04582342482684,11.135706275227685,3.2720047646366024,1.455696752621356,1.528726335946225
SB85902_component_2253a,290.503036,16.077097,4.452000141143799,11.444730758666992,290.5039069834769,16.07702451653973,5.118630342756581,0.8282140017807204,0.8697639491478152
SB85902_component_2256a,287.621573,14.834766,5.420000076293945,20.452831268310547,287.62207871693244,14.833897071351638,5.559796651189913,0.9282854659715809,0.9748558115221627
SB85902_component_2259a,292.480031,13.988667,5.085999965667725,16.785478591918945,292.4801201902865,13.988799172976812,4.488355289470611,1.079021979236698,1.1331544937182554
SB85902_component_2264a,288.82945,13.004203,5.400000095367432,18.881118774414062,288.82902047497316,13.004027994358424,4.475075771600121,1.1490383931118777,1.2066835001179415
SB85902_component_2268a,288.844844,17.369376,4.964000225067139,15.416150093078613,288.8453756956881,17.36869887995548,5.281064003296661,0.8950587187857969,0.9399621405778081
SB85902_component_2277a,292.935735,14.06952,5.103000164031982,14.415254592895508,292.9354810854925,14.069947111078765,3.958358756292248,1.2275850624345448,1.2891707089258144
SB85902_component_2278a,292.300299,16.303561,4.368000030517578,12.099722862243652,292.30052061040453,16.3033621304437,3.8967898701661343,1.067374469979913,1.1209226507077104
SB85902_component_2291a,289.206454,14.785544,5.296000003814697,19.188405990600586,289.2064070074199,14.78583355981655,3.768436005868901,1.3382214841585929,1.4053575529919555
SB85902_component_2292a,290.54586,15.938899,4.3470001220703125,13.172727584838867,290.5462742999477,15.939380026299474,6.391550440452582,0.6476264796767066,0.6801166888330938
SB85902_component_2293a,288.573373,14.178776,4.938000202178955,17.3873233795166,288.5730231775491,14.178362664651658,5.498770396503601,0.8551192501828507,0.898018983538354
SB85902_component_2295a,288.184422,16.035384,4.676000118255615,17.318517684936523,288.1844926996414,16.03464322339189,3.79693535836948,1.1726879856780232,1.2315195485086248
SB85902_component_2300a,287.831091,15.441102,5.14300012588501,19.481061935424805,287.8313552131373,15.440066417335656,5.010181262919489,0.9774718571629393,1.0265097919607256
SB85902_component_2302a,293.063388,15.199025,5.0269999504089355,12.88974380493164,293.0633921707445,15.199292605215692,6.313149938479303,0.7582352011055415,0.7962744429320219
SB85902_component_2305a,293.429516,12.936554,4.390999794006348,11.9320650100708,293.42925554194557,12.936885766113773,3.682874065591221,1.1353184978940385,1.1922753034188938
SB85902_component_2306a,289.425222,12.575198,4.630000114440918,15.382060050964355,289.42482457997386,12.575160588355327,4.853950050874446,0.9082948768142485,0.9538623318974649
SB85902_component_2310a,293.992516,15.509434,4.589000225067139,11.165450096130371,293.9923161219654,15.509885176833443,4.071932119703815,1.073145762943205,1.1269834786442692
SB85902_component_2317a,290.126532,11.974558,4.077000141143799,11.817391395568848,290.1266568302469,11.97460256622208,4.439554486182665,0.874465141159866,0.9183354216808797
SB85902_component_2320a,290.316996,11.631268,4.2729997634887695,12.793413162231445,290.31705098747597,11.631569377817836,5.57860022862981,0.7293715082322241,0.7659627125742767
SB85902_component_2342a,287.288727,15.959243,4.021999835968018,11.760232925415039,287.28838479153427,15.958788765941783,4.751099549153116,0.8061003024500976,0.846540846883526
SB85902_component_2346a,292.621876,12.505245,4.388999938964844,15.844764709472656,292.6216507301711,12.505443871682846,3.5595943551423352,1.1741030904600982,1.233005646450786
SB85902_component_2347a,292.871799,12.006899,4.565000057220459,11.586295127868652,292.87117995804863,12.007018439866561,4.057204915989019,1.0714083089109057,1.125158859792926
SB85902_component_2352a,287.56705,12.270693,5.044000148773193,12.183574676513672,287.56777710761884,12.270163098560662,6.057740100949938,0.7928766348821026,0.8326537726473646
SB85902_component_2354a,292.049622,12.388002,4.553999900817871,15.978947639465332,292.0495462846773,12.387787609948045,4.132315535668606,1.0493991463918622,1.102045538756526
SB85902_component_2355a,289.33178,13.584445,4.703000068664551,17.882129669189453,289.33136416262505,13.583953063441609,4.241848291623802,1.0557498267185377,1.1087148208367956
SB85902_component_2373a,288.376528,16.346061,4.460999965667725,17.562992095947266,288.3769243409617,16.345422367977864,3.110111568511566,1.3658324196565785,1.434353677480022
SB85902_component_2378a,290.890335,10.985483,4.190999984741211,12.816514015197754,290.8905871761133,10.985336886038557,3.953976490445605,1.0093103860596162,1.0599456003009502
SB85902_component_2387a,293.844448,15.598376,4.139999866485596,11.159029960632324,293.84427241544245,15.598782635401,3.611005473497798,1.0917252277725837,1.1464950404728653
SB85902_component_2388a,288.20846,14.516208,4.761000156402588,16.823322296142578,288.20830993105045,14.515337583613759,3.5717801581469835,1.269271829005407,1.3329488226040664
SB85902_component_2392a,286.964371,15.292428,4.857999801635742,14.040462493896484,286.96468373458225,15.291274786306756,5.577677048706834,0.8293642170956,0.8709718686136648
SB85902_component_2399a,289.458653,17.834601,4.952000141143799,10.741866111755371,289.4592494456002,17.833623024925433,3.6447678196011033,1.2937547169955899,1.3586599712916045
SB85902_component_2402a,293.799782,14.03176,4.538000106811523,11.78701400756836,293.7993484385145,14.031522410165815,3.5171387692580796,1.2286159915049808,1.290253357779451
SB85902_component_2413a,292.315115,12.424408,3.992000102996826,15.59375,292.3150046451196,12.424679248620087,5.069062384949187,0.749901243029241,0.787522385766977
SB85902_component_2414a,292.847209,15.020726,4.559999942779541,14.476190567016602,292.8472148834332,15.021122019260982,4.731270239066302,0.9177581467923709,0.9638003564301665
SB85902_component_2416a,289.85949,11.568703,4.11299991607666,11.393351554870605,289.8592727797072,11.56874404441631,4.076286581350117,0.9608047847443167,1.0090065636931698
SB85902_component_2422a,292.375569,13.451511,4.1519999504089355,13.839999198913574,292.37549714406697,13.451830313969554,3.670215601495702,1.0772262515273117,1.1312686777084417
SB85902_component_2426a,291.977055,16.528108,4.682000160217285,10.545044898986816,291.97731476286316,16.52783419514373,3.4824712706964616,1.2802212973005416,1.34444760524354
SB85902_component_2427a,290.150872,17.528508,4.742000102996826,14.546011924743652,290.15115021121454,17.527760654132003,2.5666322772715846,1.7592966402628865,1.8475572620935516
SB85902_component_2430a,287.43575,13.823745,3.9809999465942383,11.309659004211426,287.4358809069794,13.82338889465186,3.550371673634212,1.0677252608297996,1.121291040078412
SB85902_component_2439a,289.784444,16.015503,4.375999927520752,14.684562683105469,289.78433613699724,16.015813646339097,3.883167613262512,1.0730805793213378,1.1269150248820132
SB85902_component_2446a,292.673615,13.898051,4.061999797821045,14.404253959655762,292.6737923805259,13.898308275291784,4.342774549815225,0.8906637546991586,0.9353466893633412
SB85902_component_2450a,289.940529,11.474677,3.7309999465942383,10.25,289.940424502322,11.474600052153088,4.083475478868792,0.8700344645346092,0.9136824662965293
SB85902_component_2454a,287.966229,12.05432,4.085000038146973,12.416413307189941,287.966487002129,12.05364890233618,3.584056472519352,1.0853214507142668,1.1397699978972404
SB85902_component_2456a,289.818035,16.838726,3.5840001106262207,11.828383445739746,289.8181242468884,16.838322579948855,3.413864133827736,0.9996844741904014,1.0498367744376877
SB85902_component_2459a,288.588292,13.837202,4.482999801635742,14.141955375671387,288.58792373199077,13.836840813228553,4.377855353291792,0.9750984751332662,1.0240173417938285
SB85902_component_2463a,289.275593,17.197833,4.750999927520752,14.353473663330078,289.2762565715088,17.197329450567263,3.614312756676865,1.2517005959288292,1.3144960736294995
SB85902_component_2467a,289.655887,17.122018,4.541999816894531,15.34459400177002,289.65596790267915,17.121805964790266,3.723458190858617,1.161560396922649,1.21983370943858
SB85902_component_2468a,292.788725,14.030709,3.9200000762939453,13.754385948181152,292.78832897937815,14.030942985474825,4.031811657114871,0.9258209522297338,0.9722676577355458
SB85902_component_2472a,289.123965,14.4713,3.9800000190734863,12.555205345153809,289.1241249875895,14.471198341098422,4.453154830808528,0.8510526819307159,0.8937484031631717
SB85902_component_2485a,289.454042,17.385471,4.63100004196167,13.823880195617676,289.45460559670926,17.385021997151703,4.806299960718864,0.9174979004688388,0.963527054035351
SB85902_component_2491a,291.861161,10.694221,4.010000228881836,10.524934768676758,291.86077571546497,10.693703720038634,3.265728457990203,1.1692449219421241,1.227903752705047
SB85902_component_2492a,287.671594,16.842502,4.122000217437744,10.435442924499512,287.67256801183333,16.841555920141225,3.251451926118001,1.2071794643772753,1.2677414001809078
SB85902_component_2494a,286.878068,14.27088,4.593999862670898,13.632046699523926,286.87841437543466,14.269965331318366,3.169027119899664,1.380403932516203,1.4496562158850668
SB85902_component_2497a,287.252123,15.480749,4.223999977111816,14.925795555114746,287.25256067084854,15.47966972500684,2.6491349797152157,1.518311864574676,1.5944827309501233
SB85902_component_2498a,291.608091,13.01391,4.51800012588501,15.263513565063477,291.6078477094556,13.013860233313896,3.26923051680237,1.3159574899162525,1.3819766158013413
SB85902_component_2501a,288.373391,15.524155,4.002999782562256,16.473249435424805,288.37341571258156,15.523999481467975,3.990423170193733,0.955229615764166,1.0031516989131537
SB85902_component_2508a,288.420208,17.315107,4.2129998207092285,12.501482963562012,288.42046959205334,17.314167261760037,3.9518574201341408,1.0151526185964699,1.0660809267167901
SB85902_component_2514a,291.71902,11.681806,4.445000171661377,14.76744270324707,291.718426660318,11.681780285819407,3.2524357065468545,1.3013802981569411,1.3666681135968344
SB85902_component_2516a,290.303443,11.070705,4.488999843597412,13.603029251098633,290.3035556599935,11.070365554668705,4.0585555171212135,1.0532204061625725,1.1060585039825988
SB85902_component_2517a,290.976577,12.304035,4.348999977111816,14.448505401611328,290.9767858180419,12.304182189877759,3.0820582130564484,1.3436610680505536,1.4110700306335076
SB85902_component_2518a,292.206225,16.818675,4.498000144958496,10.608490943908691,292.20617006815496,16.81847475879367,3.4638919044120495,1.236506205054947,1.298539408585261
SB85902_component_2521a,293.833409,14.5148,3.9579999446868896,10.122761726379395,293.83313023075107,14.515310094068749,2.729213739464581,1.3809545987394842,1.4502345080027967
SB85902_component_2531a,287.472745,13.497326,3.8469998836517334,12.530943870544434,287.47245243538555,13.496907021413998,3.4541435007068007,1.0605300111289104,1.113734818158118
SB85902_component_2535a,288.339496,14.798956,3.7730000019073486,14.7960786819458,288.3391899637818,14.798085728394078,4.178503397682899,0.8598193440382488,0.9029548723113606
SB85902_component_2538a,289.548326,15.481588,3.8340001106262207,11.17784309387207,289.5481627749265,15.482192841397886,3.776811728068963,0.966647096551378,1.0151419733560554
SB85902_component_2540a,289.605085,15.68165,3.8910000324249268,14.908045768737793,289.6053558866149,15.681840382640104,4.077363361362442,0.9087051389795261,0.954293176148215
SB85902_component_2549a,287.738089,15.69347,4.208000183105469,15.879246711730957,287.7380755422405,15.692256325994164,3.24545032608212,1.23464456653655,1.296584375144429
SB85902_component_2556a,287.407885,13.328609,4.2729997634887695,12.457725524902344,287.4076835408191,13.32847187593723,4.398388490866139,0.9250824639592272,0.9714921208897859
SB85902_component_2561a,288.091141,13.021472,4.047999858856201,13.448504447937012,288.09133280662314,13.02091673377224,3.721801018717288,1.0356869500514088,1.0876454271731424
SB85902_component_2562a,288.019214,16.692946,4.298999786376953,13.604429244995117,288.0195229814337,16.692680119546985,3.593369844300257,1.1392175596130987,1.1963699737715434
SB85902_component_2563a,292.432677,14.081543,3.880000114440918,10.486486434936523,292.4326715705535,14.081722865830532,3.552166297523121,1.040110821210632,1.092291235673958
SB85902_component_2577a,286.680396,14.251704,4.059999942779541,10.049504280090332,286.6808818662909,14.250575171530688,2.873095370651639,1.345603632555549,1.4131100499663203
SB85902_component_2596a,287.266368,15.31429,3.9709999561309814,13.740484237670898,287.26683246314184,15.31316042745579,3.7408655674980213,1.0108086423701566,1.0615190213282322
SB85902_component_2599a,291.967669,14.769023,4.1479997634887695,10.608695030212402,291.9681716335111,14.76948102692149,3.2284720998146126,1.2234404946597377,1.2848182159377988
SB85902_component_2600a,291.907073,11.36811,4.145999908447266,12.835912704467773,291.9072672456431,11.368397186893993,3.49629207893562,1.1291788828670248,1.1858276753895907
SB85902_component_2615a,290.988294,11.744984,3.9049999713897705,13.4655179977417,290.9880838480804,11.744791694575328,3.049779981193538,1.2192526029626911,1.2804202255473984
SB85902_component_2622a,291.261663,11.713155,4.020999908447266,11.931750297546387,291.2618647858269,11.7132140085231,3.335826920244903,1.1478145346342628,1.2053982429496253
SB85902_component_2627a,292.258499,11.970552,3.5999999046325684,12.286688804626465,292.25814848764134,11.970203361978935,3.5255576461688882,0.9723348120000296,1.0211150308503887
SB85902_component_2632a,287.488272,12.8572,3.4159998893737793,11.05501651763916,287.48798381777027,12.85700294543611,4.061287779626338,0.8009312693532831,0.8411124930644711
SB85902_component_2637a,291.350741,11.008604,3.865999937057495,12.430868148803711,291.35064163377785,11.008377613619201,3.892682029225889,0.9457015008029769,0.9931455762458719
SB85902_component_2639a,288.982082,16.620391,3.8529999256134033,15.289682388305664,288.9828982185408,16.619713022914578,3.7898827776674167,0.9680870019759561,1.0166541161425668
SB85902_component_2643a,292.581327,13.449428,4.114999771118164,14.28819465637207,292.58204092858847,13.449546450318492,4.12679700035517,0.9495063532167949,0.9971413109886456
SB85902_component_2645a,288.167718,14.876497,4.01200008392334,14.48375415802002,288.16700011097953,14.875989706502523,4.400774905681662,0.8681063714341855,0.9116576443715876
SB85902_component_2648a,289.451103,16.779778,3.5940001010894775,12.02006721496582,289.4514330904348,16.779629568375206,3.201847142878476,1.0688546625021766,1.1224771017202446
SB85902_component_2650a,287.8003,12.243296,4.000999927520752,11.14484691619873,287.8005011957932,12.24289711360016,2.533361254074607,1.5038779276148928,1.5793246703704908
SB85902_component_2656a,290.025965,16.673939,3.7960000038146973,13.854015350341797,290.0261141371324,16.673910872975267,2.571766658266167,1.405516046977395,1.4760281581587513
SB85902_component_2657a,292.787985,13.479355,3.2009999752044678,10.741610527038574,292.78760332264767,13.479548606763595,3.5443529717949147,0.8599830095072513,0.9031267485708209
SB85902_component_2660a,291.971905,14.968052,4.14300012588501,10.595908164978027,291.9721600053704,14.967995266757502,3.257362992973292,1.2111277478116784,1.2718877616102944
SB85902_component_2665a,291.209062,12.548993,3.1419999599456787,10.723548889160156,291.2090291302423,12.54886343796975,3.769614235161691,0.7936891294559847,0.8335070285543179
SB85902_component_2671a,288.085081,14.710942,3.7049999237060547,14.416341781616211,288.08492391271875,14.709962264523126,3.5597613616446857,0.991079480068607,1.040800083855696
SB85902_component_2687a,288.410438,16.745526,3.9509999752044678,12.704180717468262,288.4103880850775,16.745072456653382,3.927584351833265,0.957905510651116,1.0059618384415532
SB85902_component_2700a,288.395111,15.024286,3.8959999084472656,14.87022876739502,288.3948937798996,15.023724387866356,3.010067646828229,1.2324912591923063,1.2943230403982986
SB85902_component_2707a,289.193926,14.659075,3.7090001106262207,12.658702850341797,289.1939174395975,14.658637000622775,2.9343706034060704,1.203602410435648,1.2639848921335972
SB85902_component_2717a,290.078284,16.044834,3.997999906539917,13.88194465637207,290.0787126960634,16.0445266421466,2.8001495576510407,1.3595735830830793,1.4277808467822397
SB85902_component_2721a,287.231881,12.683832,3.734999895095825,11.083085060119629,287.2319280229608,12.683362327028883,3.065688331667397,1.1601222569935519,1.218323420719156
SB85902_component_2726a,288.57383,13.698824,3.5739998817443848,12.996362686157227,288.5741598807646,13.697908085453415,3.2482138546825423,1.0477341151495148,1.1002969760110461
SB85902_component_2728a,288.365203,15.753061,3.2309999465942383,13.351239204406738,288.3653438406612,15.752303755852957,2.4764368647346884,1.2423697152785766,1.3046970801496245
SB85902_component_2731a,288.301461,14.21755,3.6549999713897705,12.960992813110352,288.30127469332325,14.21651495094236,2.799693037550285,1.2431345202054893,1.3055002539092193
SB85902_component_2758a,289.580987,12.60481,3.2950000762939453,10.201238632202148,289.5806856136269,12.604813956991709,3.422320646659166,0.9168027290849862,0.962797007203428
SB85902_component_2762a,288.118801,15.175526,3.1489999294281006,12.545817375183105,288.1183544955458,15.175053142526288,3.332713463159258,0.8997375394331943,0.9448756889057586
SB85902_component_2768a,288.473826,15.383817,3.5910000801086426,14.59756088256836,288.4738123067379,15.38300500538376,2.7209623488407377,1.2567070409218726,1.3197536826037242
SB85902_component_2777a,288.406762,16.447921,3.7780001163482666,12.147911071777344,288.4069314557516,16.447475878076645,1.7743478010459954,2.0275164202316773,2.1292331267416107
SB85902_component_2781a,291.859729,11.398583,3.3420000076293945,11.10299015045166,291.85940835839904,11.398798402518675,2.701668889591344,1.1779191721152513,1.2370131737849295
SB85902_component_2784a,293.354152,15.474405,3.2880001068115234,10.538461685180664,293.3542130854291,15.47454760048211,3.3022376794461072,0.9481229524634808,0.9956885076070685
SB85902_component_2788a,288.879468,15.703853,3.013000011444092,10.534964561462402,288.879394868719,15.703214776623472,3.0868060885127666,0.9294605277294017,0.9760898239305227
SB85902_component_2789a,287.59877,13.798816,3.372999906539917,11.318791389465332,287.5987936499806,13.798189089273876,2.9704685093767687,1.0812659882390034,1.1355110804549828
SB85902_component_2800a,288.665659,13.52058,3.319999933242798,10.9570951461792,288.66621251766276,13.519783947570252,3.3069839974044912,0.955976347899623,1.003935893203149
SB85902_component_2805a,291.335982,10.882733,3.0230000019073486,10.952898979187012,291.33633192346224,10.882607451649301,2.976815970274209,0.9670018974885195,1.0155145739925888
SB85902_component_2807a,287.941369,12.274019,3.4030001163482666,11.268213272094727,287.9416826479125,12.273638538646626,2.5660889735316483,1.262790829111036,1.3261426830671412
SB85902_component_2809a,288.072413,15.57463,3.4769999980926514,15.876712799072266,288.0724526289747,15.57362993277172,2.721900522923892,1.2163921456211968,1.277416264411318
SB85902_component_2815a,288.95044,17.671609,3.444000005722046,10.342342376708984,288.9510454392999,17.671296381926357,2.064907172220131,1.5881948248558524,1.6678715886386082
SB85902_component_2816a,292.217963,11.736933,3.4260001182556152,10.945687294006348,292.21777979183315,11.73677739291902,2.6207271958616416,1.2448204774718463,1.307270792498193
SB85902_component_2854a,288.33541,15.918435,3.549999952316284,13.921568870544434,288.33543421085477,15.917825380977378,3.4814109003145353,0.9709888172832668,1.019701510096252
SB85902_component_2855a,292.146751,13.149953,2.8259999752044678,10.786259651184082,292.1468017013203,13.150608628948191,2.739030410245614,0.9824635922296481,1.0317519530391248
SB85902_component_2874a,293.60811,13.562622,3.359999895095825,10.873786926269531,293.6078437219511,13.562947499727295,3.0220006865555606,1.0587315884615187,1.1118461719892963
SB85902_component_2894a,289.684723,16.835143,3.325000047683716,11.790780067443848,289.6849511995479,16.834885485649302,3.177660844871924,0.9963806366800217,1.0463671895789528
SB85902_component_2906a,288.291986,13.274952,3.2790000438690186,10.786184310913086,288.2923150050747,13.274473203543256,3.8364510153215337,0.8138660469435263,0.8546961842530407
SB85902_component_2940a,287.06023,14.342077,3.063999891281128,10.01307201385498,287.05992091157924,14.341766796049473,2.908639201599816,1.0030903634914756,1.0534135308345773
SB85902_component_2948a,292.867969,13.817594,3.3570001125335693,11.946619987487793,292.86841391316995,13.81765214913385,3.404578091413942,0.9389213649955342,0.986025293706624
SB85902_component_2954a,291.763871,11.602793,3.2320001125335693,10.596721649169922,291.7641257967047,11.602425873989521,3.1355095208540433,0.9815318781739804,1.0307734966319746
SB85902_component_2980a,288.393098,16.002068,3.0859999656677246,10.866196632385254,288.3934054521846,16.001129037888113,2.384448754102166,1.232392621690259,1.2942194544372663
SB85902_component_2993a,291.682929,12.270073,2.803999900817871,10.702289581298828,291.6831120845784,12.270439124039676,2.9993104701650157,0.8902207975066775,0.9348815098370263
SB85902_component_3001a,287.571697,15.434962,3.130000114440918,11.901140213012695,287.5721503793973,15.433952356103099,3.4915929635934275,0.8536147475214537,0.8964390027924759
SB85902_component_3002a,288.703552,12.984231,3.0759999752044678,10.462584495544434,288.7035317428536,12.984098796291793,2.223862454095367,1.3171024899755557,1.3831790583719967
SB85902_component_3013a,288.138247,15.20269,3.1679999828338623,13.423728942871094,288.13786588813406,15.201854137276618,3.5115529416261673,0.8590671572002749,0.9021649496666256
SB85902_component_3042a,287.504635,15.086625,2.8269999027252197,11.307999610900879,287.50486337406926,15.085333358113047,3.455489931158068,0.7790356415929349,0.8181184026132534
SB85902_component_3067a,288.977093,17.458179,3.1579999923706055,10.66891860961914,288.9774274609177,17.457598081029523,3.0569825741480168,0.9836946905257594,1.03304481323409
SB85902_component_3092a,290.772885,11.291894,3.0360000133514404,10.256756782531738,290.77284314405887,11.292195651650452,2.815863579784082,1.0266710694366479,1.0781772366913593
SB85902_component_3143a,288.763441,16.492448,2.7049999237060547,10.324427604675293,288.7637001898552,16.49154643334955,2.2941091223703,1.1227791808359084,1.1791069122776592
SB85902_component_3157a,287.713325,15.262458,2.86899995803833,11.07721996307373,287.71321399160087,15.261304709225623,2.9452517644305063,0.9275755292944841,0.9741102586498509
SB85902_component_3347a,288.817328,16.665615,2.4769999980926514,10.06910514831543,288.8176495081855,16.665150707659663,2.6507965614556253,0.8897966646099837,0.934436098986209
