Component_ID,RA,DEC,ASKAP_flux,ASKAP_flux_SNR,RA_comp,DEC_comp,Comp_flux,Flux_Ratio_AlphaCorr,Flux_Ratio_NOAlphaCorr
SB86208_component_15a,97.432337,-66.190948,480.2969970703125,301.3155517578125,97.43222187696105,-66.19115500768238,469.3499894460095,0.9744380290581962,1.023323762374479
SB86208_component_16a,90.297007,-70.602476,468.8160095214844,532.1407470703125,90.29694639575122,-70.60329942725048,318.5092857516809,1.4015916499817485,1.4719068815060763
SB86208_component_21a,92.62598,-70.042938,399.33599853515625,783.0117797851562,92.62561071354527,-70.04386625126337,409.9038125319899,0.9276788812191699,0.9742187955472873
SB86208_component_25a,94.23491,-69.262609,346.1809997558594,997.6397705078125,94.23455650328873,-69.26346387470593,361.3971746499261,0.9121360921944168,0.9578962538685972
SB86208_component_44a,96.640698,-69.90303,247.57000732421875,413.3055419921875,96.63985437310593,-69.90362476403465,248.5964591710315,0.9482967381521216,0.9958710117986573
SB86208_component_46a,84.238069,-69.224572,249.63699340820312,134.35791015625,84.23747815595144,-69.22520601146964,224.50786344762753,1.0588112626038901,1.111929843234367
SB86208_component_50a,79.655215,-64.284552,217.39100646972656,224.57748413085938,79.65558529141946,-64.28474192573903,220.81080562518292,0.9374808750937271,0.9845125371207543
SB86208_component_69a,96.807936,-68.861692,166.23899841308594,383.0391845703125,96.80730823490265,-68.86228487540038,172.88818290133779,0.9156062944106086,0.9615405496392639
SB86208_component_72a,96.008095,-69.559412,159.98399353027344,450.6591491699219,96.00732202316816,-69.56007238901633,169.5273978867554,0.8986235653430894,0.9437058288191448
SB86208_component_79a,90.146611,-70.205152,155.24400329589844,442.29058837890625,90.14639828578302,-70.20605725375466,153.7634715545004,0.961397135026841,1.0096286310814286
SB86208_component_81a,90.151732,-65.22063,147.77999877929688,648.1578979492188,90.1518390350815,-65.22077489957147,187.38732647735486,0.750959662036619,0.7886339036762745
SB86208_component_82a,97.167849,-69.541161,143.31399536132812,266.3829040527344,97.16699494798665,-69.54169889176514,147.77063082317008,0.9235100842595121,0.9698408578415355
SB86208_component_86a,93.973999,-68.582395,139.125,481.4013671875,93.9737205947525,-68.58318354244031,132.81928509483808,0.9974363809401023,1.047475898553884
SB86208_component_88a,84.519609,-69.893516,141.13400268554688,252.92831420898438,84.5193281872029,-69.89436783603585,132.93935805556737,1.0109257226745405,1.0616419753324988
SB86208_component_89a,95.841467,-64.466438,137.9720001220703,185.1973114013672,95.84145669662529,-64.46662520024174,131.3893915717362,0.9999351253032457,1.0501000002480423
SB86208_component_90a,86.939101,-67.751875,147.96499633789062,541.996337890625,86.93852912634159,-67.75246307907912,153.96855361090522,0.9150990900463348,0.9610078997807162
SB86208_component_93a,93.478346,-68.930844,135.41299438476562,492.410888671875,93.47815739727547,-68.93170500336936,136.98038455527598,0.94133265871774,0.9885575575247575
SB86208_component_94a,98.732599,-69.758944,134.83999633789062,106.67720794677734,98.73140399241146,-69.75936703136392,163.2192859006492,0.7866624573122134,0.8261278414118727
SB86208_component_95a,84.020085,-69.312398,135.4250030517578,84.11490631103516,84.01963485296903,-69.313179535057,128.5227867784004,1.0033671678987055,1.0537042220011792
SB86208_component_98a,97.30865,-69.478179,130.27999877929688,243.0596923828125,97.30775627034785,-69.47868685846777,136.3312998508888,0.909962166624577,0.955613266519057
SB86208_component_102a,89.057413,-69.392163,128.13400268554688,483.5245666503906,89.05711815119531,-69.39311440736508,125.53831716938946,0.9719171735560956,1.020676440266879
SB86208_component_105a,91.150086,-71.039919,135.6790008544922,121.25022888183594,91.15018701369186,-71.04079429387605,141.6968007781881,0.9117877595820141,0.9575304460605559
SB86208_component_107a,83.906165,-68.918634,122.32099914550781,211.62802124023438,83.9059762290793,-68.91924140201803,118.88964867091214,0.9797113557242104,1.0288616419760284
SB86208_component_111a,85.810252,-68.74327,128.6750030517578,313.0778503417969,85.8095995143756,-68.74386342487071,130.28248927050893,0.9404794384710639,0.98766153281418
SB86208_component_114a,80.364001,-65.361135,116.85800170898438,398.832763671875,80.36470985479977,-65.36132473311652,120.60670335158159,0.9226312804572292,0.9689179660962182
SB86208_component_116a,95.572439,-68.947022,114.05500030517578,400.1929931640625,95.57198102366232,-68.9477707480769,118.81994486420729,0.9140419944453136,0.9598977716705971
SB86208_component_117a,93.255388,-68.534918,122.95999908447266,421.09588623046875,93.25521542434852,-68.53578710134927,126.52744223394564,0.9253803819410381,0.9718049848595147
SB86208_component_121a,92.466556,-66.548108,107.96900177001953,298.2569274902344,92.46692395263595,-66.54834862310301,104.63612439361125,0.9825589284320551,1.0318520720804887
SB86208_component_123a,92.512547,-68.411404,114.5479965209961,447.4530944824219,92.51232450060859,-68.41226543255272,114.74567647844891,0.9505880113962172,0.9982772339357819
SB86208_component_127a,86.674558,-64.256196,113.88600158691406,453.7291259765625,86.6745993071673,-64.25621565766005,123.50794624216026,0.8780446707340516,0.9220945295586036
SB86208_component_128a,88.592687,-67.914292,114.66100311279297,492.1073303222656,88.59215263570191,-67.91492786941006,115.90426687651913,0.9420142627814405,0.9892733563894529
SB86208_component_133a,91.510369,-70.700393,106.17900085449219,170.98068237304688,91.5101445755319,-70.70127725577883,107.82679391716417,0.9376766640134706,0.9847181484043951
SB86208_component_134a,83.701077,-67.932755,107.02400207519531,387.76812744140625,83.7008248088058,-67.93330830027952,103.92889442781299,0.9805868059998972,1.029781011954593
SB86208_component_136a,86.685004,-66.687275,100.7239990234375,493.7451171875,86.68544440815366,-66.6875451797439,97.67157186460642,0.9819874758618446,1.031251950803683
SB86208_component_145a,88.7965,-69.79775,96.01100158691406,334.5331115722656,88.79601141778139,-69.798692459476,97.30318609365115,0.9395829017721901,0.9867200185460175
SB86208_component_152a,85.363429,-67.664658,105.18000030517578,536.6326904296875,85.36302480582519,-67.66533236650926,104.58138667183064,0.9576789410231757,1.005723902239158
SB86208_component_154a,78.416869,-67.111204,94.23400115966797,122.22308349609375,78.41723463184577,-67.11145656117678,89.16738128880087,1.0063354808877862,1.0568214497009507
SB86208_component_163a,85.674294,-66.049355,88.01899719238281,468.1861572265625,85.67480921036106,-66.04956750146417,86.58782588597383,0.9679674353843025,1.0165285511186488
SB86208_component_164a,90.595357,-68.741354,92.08300018310547,362.531494140625,90.59525802174615,-68.74208725529938,93.00714194018016,0.942766902765635,0.9900637549139067
SB86208_component_165a,97.875556,-66.169398,87.43199920654297,81.33209228515625,97.87518791594766,-66.16962030226713,91.36600878022219,0.9112277166423286,0.9569423068140982
SB86208_component_167a,92.737855,-65.052864,90.11799621582031,303.4276123046875,92.73833489409562,-65.0531045200928,85.64538775548384,1.0019561432705821,1.0522224089066616
SB86208_component_168a,80.365167,-67.123064,85.1449966430664,282.8737487792969,80.36560364882092,-67.1233373513597,76.1784204919149,1.0643104709322921,1.117704936558814
SB86208_component_174a,93.251586,-68.051925,81.12799835205078,284.6596374511719,93.25137032718969,-68.05267857115889,80.82658866133997,0.9557794247918685,1.0037290908314058
SB86208_component_175a,92.865536,-67.597679,79.18099975585938,243.63385009765625,92.86530686892237,-67.59836106769447,78.01311656658285,0.9664836661635203,1.0149703439713211
SB86208_component_177a,80.96112,-70.703863,86.33000183105469,68.2990493774414,80.9612753735895,-70.7041701647011,77.10583243377997,1.0661435546548135,1.1196299826630705
SB86208_component_178a,88.949821,-64.602438,81.1510009765625,393.9368896484375,88.94978201739012,-64.60262208249947,77.29734041247875,0.9997018495126029,1.0498550214473048
SB86208_component_179a,85.290854,-64.394227,81.89600372314453,328.8996276855469,85.29096518437261,-64.39439366908054,79.31102003895376,0.9832644563916659,1.0325929950582045
SB86208_component_181a,84.151017,-64.842753,79.9520034790039,293.941162109375,84.1512726852756,-64.84292684746504,76.4796036463431,0.995462462936156,1.0454029527757216
SB86208_component_182a,85.008203,-69.105151,74.2770004272461,36.30352020263672,85.00758715770847,-69.10578970879126,76.80285383327256,0.9209120697958048,0.9671125058515441
SB86208_component_188a,84.403526,-68.009262,80.947998046875,345.9316101074219,84.4028893129189,-68.00991558881279,84.86250376567968,0.9083044404954969,0.9538723753707136
SB86208_component_191a,83.028943,-67.903521,78.09400177001953,264.7254333496094,83.0288571148696,-67.9040075717389,73.59445531392025,1.0104474875578238,1.0611397480544733
SB86208_component_193a,91.754218,-64.894045,73.99299621582031,295.97198486328125,91.75451967251752,-64.89426922899919,68.52786758750618,1.028169132824316,1.0797504551171897
SB86208_component_196a,79.747587,-64.043818,71.15699768066406,82.07266235351562,79.74791139605885,-64.04399939140131,74.27138681618496,0.9122991036889592,0.9580674433449219
SB86208_component_197a,96.966797,-64.612623,73.8010025024414,77.03653717041016,96.96656501209269,-64.61284947883566,76.84930829463104,0.9144573694896969,0.9603339853040342
SB86208_component_202a,87.859466,-62.947413,81.15799713134766,82.5615463256836,87.86011418957659,-62.947591883631,78.65057937891211,0.9825859735663431,1.0318804740185783
SB86208_component_213a,94.955371,-69.412413,73.22000122070312,237.72727966308594,94.95494504360177,-69.41323599876505,75.04621513445028,0.9290564516664408,0.9756654761272721
SB86208_component_215a,83.327011,-67.666265,68.94300079345703,187.34510803222656,83.32680951014301,-67.6667340066166,72.18154645428679,0.9095051569287578,0.9551333295015956
SB86208_component_216a,81.321708,-67.379537,68.94999694824219,240.243896484375,81.32181688207952,-67.379670137036,70.39036646812096,0.9327434131604719,0.979537405583318
SB86208_component_223a,96.262346,-69.956236,66.75299835205078,135.40162658691406,96.26156034373093,-69.95686476068279,69.8919813705787,0.9094620698471385,0.9550880808216822
SB86208_component_225a,85.823189,-66.448868,66.86699676513672,339.4263916015625,85.82363320301437,-66.44906834108791,64.50723925638907,0.98706221677468,1.0365812819762539
SB86208_component_228a,95.68994,-68.359462,64.20899963378906,220.64947509765625,95.68947296764628,-68.36015753079133,65.36025874585629,0.9354558746844418,0.982385946228522
SB86208_component_230a,90.184781,-68.434238,65.25,323.0198059082031,90.1843817566414,-68.4350271493149,63.47107086672379,0.978916967381939,1.0280274006564596
SB86208_component_233a,84.76722,-66.867596,65.9010009765625,286.5260925292969,84.76730896688056,-66.86793751724038,62.59061278030564,1.0025913965547455,1.0528895316599054
SB86208_component_234a,87.438528,-65.016568,67.07099914550781,313.4158935546875,87.438726310171,-65.01675566661177,68.50133510190926,0.9323455573477886,0.979119590088667
SB86208_component_238a,85.722079,-66.236381,62.92499923706055,298.2227478027344,85.7226461450287,-66.23644351189009,62.56121615265679,0.9577655287994795,1.005814833962244
SB86208_component_241a,89.459657,-63.033183,62.790000915527344,89.82833099365234,89.45983330201815,-63.03338286057276,64.69077026170771,0.9242497311844862,0.9706176114692905
SB86208_component_242a,92.564322,-67.799181,59.09299850463867,251.45956420898438,92.56409641700803,-67.79988358243271,58.3641926739317,0.9641191536540664,1.012487208291883
SB86208_component_245a,81.479413,-66.46323,65.68800354003906,240.6154022216797,81.47982432102431,-66.46337472297338,64.20143794264855,0.9742770513899822,1.0231547087577457
SB86208_component_246a,81.702235,-64.862008,58.736000061035156,199.10508728027344,81.70281267329312,-64.86215547825933,61.90701683644745,0.9034531918658992,0.9487777486712077
SB86208_component_248a,89.526558,-68.557919,62.492000579833984,282.76922607421875,89.52618390160988,-68.55857350031637,62.388951678919184,0.9538012904040546,1.0016517171412838
SB86208_component_251a,89.627749,-64.031163,62.17900085449219,251.73684692382812,89.62785129478141,-64.03129509659075,63.185332038978814,0.937062660834194,0.9840733418340538
SB86208_component_252a,82.502026,-63.878163,56.03799819946289,137.6855010986328,82.50196800986743,-63.87826627086634,59.41376167950737,0.8981248829272996,0.9431821284392968
SB86208_component_254a,95.735015,-63.892429,59.242000579833984,88.68563079833984,95.73499837343303,-63.89257522016176,54.887818708356264,1.0277675701336073,1.079328746777376
SB86208_component_255a,85.111288,-63.345528,59.6879997253418,109.11882781982422,85.11125548131464,-63.34552649309937,61.623867695245465,0.9223149288933423,0.9685857437660793
SB86208_component_263a,85.755034,-63.15271,61.202999114990234,100.82866668701172,85.75520714492129,-63.15276580195178,63.837739731783486,0.9129276656688001,0.9587275391036211
SB86208_component_264a,97.97247,-65.80122,59.55699920654297,50.816551208496094,97.97255315727342,-65.80150343089947,61.42559834697739,0.9232611851243102,0.9695794719022649
SB86208_component_265a,91.968191,-69.513538,56.57400131225586,244.90908813476562,91.96784013756262,-69.5144583265201,56.916312755038724,0.946501496205408,0.9939857059213211
SB86208_component_266a,81.309021,-63.859815,54.470001220703125,111.84805297851562,81.3090798216975,-63.85991864510878,56.134974601223746,0.9239852114314059,0.9703398212549592
SB86208_component_269a,84.366923,-63.093653,54.209999084472656,60.84175109863281,84.36696833873891,-63.09379200035781,58.4410879748172,0.8832878840194325,0.9276007850475378
SB86208_component_271a,98.368873,-67.480657,55.77899932861328,58.71473693847656,98.36818819661666,-67.48096244167783,60.09664401734778,0.8838156026927929,0.9281549783796889
SB86208_component_277a,98.290305,-68.574842,60.86399841308594,81.91655731201172,98.28957623892157,-68.57545049998882,65.0906676007372,0.8903954242395078,0.9350648972664186
SB86208_component_282a,98.16626,-69.804759,52.50400161743164,61.40818786621094,98.16516718313423,-69.8051346956558,53.30074159866409,0.937994558152487,0.9850519906977726
SB86208_component_284a,98.447538,-68.067399,53.5099983215332,62.14866256713867,98.44676579228755,-68.0677928014522,53.58415496626268,0.9509106620762326,0.9986160713969239
SB86208_component_293a,93.8449,-64.417297,51.183998107910156,156.52598571777344,93.84495220199857,-64.4175538622612,49.38891566108695,0.986838038037998,1.0363458566116595
SB86208_component_298a,91.948467,-63.125618,51.784000396728516,65.38384246826172,91.94832498758296,-63.12576485168952,54.38317705629186,0.9067178963676725,0.9522062372914891
SB86208_component_304a,93.755423,-68.709896,49.10900115966797,192.58432006835938,93.75525184718076,-68.71078031269458,49.287968086899404,0.9487708919721224,0.9963689530289441
SB86208_component_311a,94.77582,-65.965837,46.066001892089844,152.53643798828125,94.7762829571933,-65.96610377756879,44.462052029419176,0.986579720932145,1.0360745802197655
SB86208_component_313a,85.418342,-64.366072,50.02799987792969,200.11199951171875,85.4185767326585,-64.36616188359076,49.32312073201349,0.965836822353273,1.0142910492169788
SB86208_component_314a,88.590074,-63.887525,48.56800079345703,191.9683837890625,88.59020469594985,-63.887644893842584,53.5458190873812,0.8637057809191497,0.9070362844613342
SB86208_component_315a,83.751411,-64.648605,48.43299865722656,176.1199951171875,83.75157034537129,-64.64877460300315,45.66082036349555,1.0100405608993948,1.060712406646712
SB86208_component_316a,95.607614,-66.34945,49.88600158691406,154.92547607421875,95.60775682673517,-66.349605419968,48.890194555916594,0.9716236928746373,1.0203682362085622
SB86208_component_323a,78.866617,-66.705755,49.82600021362305,96.37523651123047,78.86740114870403,-66.70605779089918,46.77845730234188,1.0142646658212655,1.065148427011692
SB86208_component_324a,86.550261,-68.003985,47.34700012207031,172.7992706298828,86.54962536675828,-68.00456065722877,49.863060177643106,0.9041796014500123,0.9495406008654698
SB86208_component_326a,92.666247,-66.136795,45.2140007019043,173.2337188720703,92.66675777907298,-66.13699664510797,41.86166118210238,1.0284842471759983,1.080081378166502
SB86208_component_329a,95.990291,-63.740604,50.71500015258789,56.98314666748047,95.99007725736912,-63.74080104779424,52.22814720821576,0.9246406392698984,0.9710281306821881
SB86208_component_332a,94.168209,-68.296554,46.654998779296875,160.8793182373047,94.16797591244251,-68.29723724564506,47.55917205118007,0.9341251450945623,0.9809884564241323
SB86208_component_333a,89.702224,-63.771098,48.2859992980957,167.65972900390625,89.70239436608485,-63.77128162673771,48.824531333479705,0.941725447828027,0.98897005213003
SB86208_component_334a,94.477036,-69.810963,46.465999603271484,138.2916717529297,94.47661694578885,-69.81169129736658,48.158599319497185,0.9187611085105877,0.9648536348618336
SB86208_component_338a,82.539874,-66.802969,45.86000061035156,199.39129638671875,82.54015670354222,-66.80314236385767,48.90824947416144,0.8928800164742616,0.9376741368463762
SB86208_component_341a,86.100746,-68.972138,46.731998443603516,122.97894287109375,86.1002138012039,-68.9728629479816,44.99411185657539,0.989008070831725,1.0386247558917903
SB86208_component_342a,86.032392,-63.843482,45.470001220703125,170.2996368408203,86.03257949433727,-63.84358239605529,47.022978471358414,0.9207802542164516,0.9669740773311243
SB86208_component_344a,90.85646,-68.154314,45.53799819946289,231.1573486328125,90.85605763974515,-68.15509046900092,44.44338868911314,0.9756811982500315,1.024629299039429
SB86208_component_345a,94.967222,-64.654981,44.87099838256836,123.95304107666016,94.96749273996555,-64.6552868367633,21.396531275269297,1.9969331458506467,2.0971155466882383
SB86208_component_346a,92.5751,-70.246447,48.630001068115234,112.05069732666016,92.57484312803663,-70.24732478552698,48.889831085675326,0.9471677624712059,0.9946853975194809
SB86208_component_347a,89.595982,-65.122779,44.94300079345703,190.4364471435547,89.59599547754188,-65.12290101291295,43.38157626058459,0.9865018504376797,1.0359928031082428
SB86208_component_348a,85.495802,-68.261857,45.09400177001953,178.23716735839844,85.49511515643533,-68.26249273380374,46.05565869057863,0.9323456423583518,0.9791196793640513
SB86208_component_352a,93.92501,-70.799805,47.00299835205078,50.54085922241211,93.92446102845999,-70.80066894833864,50.19857891473038,0.8916107699488276,0.9363412145967764
SB86208_component_361a,81.999667,-70.427909,44.93899917602539,68.92484283447266,81.9996974847545,-70.42842318166566,38.08667009159771,1.123547810795166,1.179914102964317
SB86208_component_363a,89.504991,-69.738146,48.3489990234375,202.2970733642578,89.50534034223955,-69.73930556808445,42.019946866470384,1.0956533075568293,1.1506201846727548
SB86208_component_364a,80.909041,-63.734762,42.16600036621094,76.38768005371094,80.90929839795542,-63.73487568270211,42.016026739601365,0.9556273993666254,1.0035694385749288
SB86208_component_366a,91.792584,-66.006171,42.518001556396484,165.439697265625,91.79310768682106,-66.00635258471686,39.06148721158456,1.0364902826989175,1.0884890615170129
SB86208_component_375a,90.160007,-67.796184,48.020999908447266,245.00511169433594,90.15958021050088,-67.79695586565387,47.214518870860026,0.9684936914115241,1.0170812084264398
SB86208_component_376a,93.99156,-68.382109,41.12799835205078,151.7638397216797,93.99144413385395,-68.38293343968806,41.64969675278634,0.9403009947207747,0.9874741368747023
SB86208_component_379a,93.211995,-63.511135,41.83700180053711,87.70860290527344,93.21207954159706,-63.51132773471135,42.482287295652256,0.937764586075035,0.9848104813513375
SB86208_component_381a,89.832058,-67.987218,41.875999450683594,197.52830505371094,89.83160123364316,-67.98794372050179,42.95459408953964,0.9283179152214364,0.97488988869019
SB86208_component_388a,95.597388,-68.602846,46.435001373291016,167.6353759765625,95.59623240621114,-68.60385744155246,35.072272110418204,1.260731855595962,1.3239804147019467
SB86208_component_389a,88.821155,-71.111722,46.08399963378906,44.74174880981445,88.82113114570296,-71.11254449790582,45.180630049455445,0.9712679260428982,1.0199946212203055
SB86208_component_391a,94.124152,-70.59383,42.59299850463867,61.46175765991211,94.12399654242891,-70.59466392972591,45.28582922955645,0.8956061276229563,0.9405370118924473
SB86208_component_392a,95.004407,-64.879088,41.277000427246094,115.29888153076172,95.00481543248331,-64.87939115780394,40.1986924436451,0.9777714874903755,1.0268244541812568
SB86208_component_394a,83.975379,-64.606346,40.224998474121094,148.43173217773438,83.97551598095993,-64.6065454223383,38.449203443237025,0.9962076104734293,1.0461854829712063
SB86208_component_398a,95.892826,-68.834201,45.409000396728516,135.95509338378906,95.89251493164838,-68.83483324851531,43.94862266518362,0.9838702723063559,1.0332292036242086
SB86208_component_399a,95.495456,-67.558261,38.21200180053711,124.06494140625,95.4952063624212,-67.55890386512559,37.859019793724386,0.9611066669377295,1.0093235907515818
SB86208_component_404a,83.576873,-69.120377,39.64500045776367,67.8852767944336,83.57650790047592,-69.12091716237681,35.67508361254065,1.058192290963212,1.1112798189442086
SB86208_component_406a,91.182214,-65.279805,39.191001892089844,162.61827087402344,91.18248162666092,-65.2799733716004,37.54711441327718,0.9939189383277425,1.0437819924247325
SB86208_component_410a,78.691928,-64.737506,38.09000015258789,34.22282028198242,78.69270418720944,-64.73767073334055,41.80804564377044,0.867545524441493,0.9110686607342873
SB86208_component_411a,81.272409,-66.681107,38.922000885009766,155.68800354003906,81.27277133559163,-66.68130584593952,37.90243946607287,0.9778430675538978,1.0268996252826819
SB86208_component_412a,95.858163,-66.295161,37.45800018310547,121.22330474853516,95.85839168558266,-66.29539368335983,36.627482338730005,0.973819990814772,1.022674718308369
SB86208_component_418a,95.762483,-66.982518,37.040000915527344,114.67491912841797,95.76234580067347,-66.98286289126817,35.11177599178465,1.0045217797135828,1.0549167585312078
SB86208_component_419a,79.817578,-70.237627,39.797000885009766,55.9732780456543,79.81788273353618,-70.23799427170798,32.74765103157797,1.1572078118596771,1.2152627633241306
SB86208_component_420a,91.025778,-67.53866,37.99700164794922,162.38035583496094,91.02549971536307,-67.5393334402434,36.4150492956627,0.9935954436192841,1.0434422685918194
SB86208_component_421a,83.209734,-68.336673,39.994998931884766,136.96917724609375,83.20960763361339,-68.33714321595559,34.66174284272925,1.0987438555954865,1.1538657797259102
SB86208_component_422a,93.04222,-68.077619,36.917999267578125,137.75372314453125,93.04193718587085,-68.07841090281514,36.737218030079106,0.9569143269316627,1.004920928888818
SB86208_component_423a,85.682357,-63.75147,37.18000030517578,130.91549682617188,85.68240327757911,-63.75150664725395,39.1929743308071,0.9033214681569056,0.9486394166301115
SB86208_component_424a,80.356931,-63.346066,37.22700119018555,29.405214309692383,80.35665585497959,-63.34608798300485,38.97216034175901,0.909588033721828,0.9552203640683602
SB86208_component_425a,86.665718,-64.529308,37.99100112915039,137.15162658691406,86.66585685251025,-64.52946553207728,34.36307343870404,1.0527612804770576,1.1055763448201963
SB86208_component_427a,97.452888,-69.787156,38.04800033569336,61.86666488647461,97.45210239759702,-69.7877318126144,38.49210406935586,0.9412421154449631,0.9884624718653388
SB86208_component_430a,89.143405,-65.83204,36.604000091552734,209.1657257080078,89.14382026863186,-65.83216842523228,34.62022356522998,1.0067922074895468,1.0573010894220545
SB86208_component_433a,94.446083,-65.344455,39.652000427246094,121.63190460205078,94.44830152431383,-65.34449932839108,20.704575428974096,1.823643481996184,1.9151322645214386
SB86208_component_434a,88.370245,-70.669075,37.7859992980957,64.26190185546875,88.37012626462126,-70.67005178065,34.67832386079421,1.037561814038565,1.0896143495797643
SB86208_component_436a,87.12927,-65.804785,38.8849983215332,176.75,87.12977712167046,-65.80506028007143,36.56297983102922,1.0127019994454782,1.0635073645866633
SB86208_component_441a,88.928854,-68.705596,36.573001861572266,173.33177185058594,88.92852000619426,-68.70631723692169,37.10316007877363,0.9386223123776092,0.9857112381782095
SB86208_component_443a,83.145875,-63.27804,33.433998107910156,55.630611419677734,83.1458350497137,-63.27812145152479,38.73580386005009,0.8218960746739399,0.8631290634552207
SB86208_component_444a,96.697691,-67.637666,36.042999267578125,99.01923370361328,96.69714496657981,-67.63803275527079,36.813091322683846,0.9323088366917593,0.9790810272260075
SB86208_component_446a,92.955608,-65.291853,34.37300109863281,135.32676696777344,92.95621623948497,-65.29211179161932,35.88713172322198,0.9120525647836579,0.9578085360438713
SB86208_component_447a,97.192524,-65.030313,35.83300018310547,30.187868118286133,97.19229768197901,-65.03046814722151,36.24283430253453,0.941460674753025,0.9886919958850899
SB86208_component_450a,87.029425,-66.087866,34.86199951171875,182.5235595703125,87.03005568521331,-66.08808886829007,33.67689368165128,0.9857378492056857,1.0351904733634376
SB86208_component_452a,85.734077,-70.293121,39.702999114990234,100.26010131835938,85.73372406008244,-70.29399906086051,33.82017034958562,1.1178632762811107,1.173944385986119
SB86208_component_457a,89.622458,-68.410462,34.457000732421875,146.00424194335938,89.62208114055916,-68.41122807340093,36.728719302377385,0.8933319211114131,0.9381487126939254
SB86208_component_459a,98.26294,-66.044365,38.32600021362305,37.02995300292969,98.26251858224265,-66.04445678899737,38.63722066369422,0.9445583361328781,0.9919450611424642
SB86208_component_461a,91.851632,-67.969833,33.79899978637695,137.95509338378906,91.8513517599285,-67.97058316192035,34.67607968945371,0.9281432740670549,0.9747064861157443
SB86208_component_462a,97.768701,-66.20805,35.81800079345703,36.21638107299805,97.76868784810235,-66.20836938032056,33.83457437740798,1.008049340624178,1.0586212905746917
SB86208_component_463a,86.989364,-70.33755,36.25299835205078,85.10093688964844,86.98903658211246,-70.33857266413128,34.7146571474786,0.994425418291618,1.0443138815410689
SB86208_component_469a,89.886695,-63.770815,34.244998931884766,127.77984619140625,89.88676817883662,-63.77094028238287,34.802925727358875,0.9369632736594098,0.9839689685906057
SB86208_component_473a,82.933214,-70.823646,34.29800033569336,28.275348663330078,82.93283339158823,-70.8240110343623,34.57704674685942,0.9445437288971046,0.9919297210889936
SB86208_component_479a,97.522349,-68.07382,32.97700119018555,64.28265380859375,97.52163762028108,-68.07434479373094,35.881060573617056,0.8751591831555159,0.9190642824653061
SB86208_component_481a,98.901292,-69.556907,34.47800064086914,29.29311752319336,98.90008387906245,-69.55756134127103,34.74833468102106,0.9448203600718621,0.992220230332374
SB86208_component_482a,94.178342,-63.952519,33.2400016784668,84.58015441894531,94.17846595298157,-63.95276585927015,31.643426263753312,1.0002733570405473,1.0504552004389713
SB86208_component_483a,92.926838,-65.713968,31.114999771118164,103.0298080444336,92.92743252464109,-65.71428442685472,29.82823750036714,0.9933067243452496,1.0431390648118308
SB86208_component_486a,93.458288,-70.391571,36.106998443603516,74.44741821289062,93.45814258473409,-70.39261352431305,35.66618031273291,0.9639975989187647,1.0123595553828686
SB86208_component_487a,86.268376,-69.657803,32.53499984741211,80.33333587646484,86.26770787887408,-69.65867704676974,30.844989869007485,1.0044014774487486,1.0547904209267618
SB86208_component_491a,85.685272,-67.431548,32.32899856567383,164.94387817382812,85.6849993827878,-67.43202396687637,33.703724831617414,0.9133884537416321,0.9592114440522028
SB86208_component_493a,79.033785,-65.180941,31.711000442504883,47.118873596191406,79.0343845106364,-65.18113367108303,30.17800359721616,1.000600241814872,1.0507984844110143
SB86208_component_497a,95.625491,-65.613817,31.70400047302246,85.68648529052734,95.62595620208836,-65.61407492246138,30.833230964481636,0.9791206170171695,1.0282412670129806
SB86208_component_499a,88.887187,-66.316251,31.541000366210938,177.19662475585938,88.8879551328772,-66.31639580185833,31.130541178518612,0.9647837026241136,1.0131850964407763
SB86208_component_501a,92.787259,-64.982219,31.243999481201172,117.4586410522461,92.787734738831,-64.98245973832067,31.456981695640152,0.9457813330590229,0.9932294135368843
SB86208_component_504a,86.598014,-66.929331,30.64299964904785,157.95359802246094,86.59824576843928,-66.92965492918356,30.889831849361546,0.9446194808951863,0.9920092734231315
SB86208_component_505a,91.924984,-68.741154,33.731998443603516,144.77252197265625,91.92484198928166,-68.74202536691011,34.07926142072849,0.9425254013447915,0.9898101378184869
SB86208_component_507a,95.855883,-66.778655,30.632999420166016,97.24761962890625,95.85569328404434,-66.77885152730464,28.369594101845628,1.0281999213325008,1.0797827882272428
SB86208_component_510a,78.15088,-65.663326,31.950000762939453,30.544933319091797,78.15173052379149,-65.66364514306672,31.697680608965822,0.9598084157520562,1.007960208732189
SB86208_component_511a,81.882046,-66.615319,29.73900032043457,142.2918701171875,81.8824172371911,-66.6155886754429,29.58561698481116,0.9571652007780822,1.0051843886068745
SB86208_component_512a,91.979487,-66.194751,29.75,122.42798614501953,91.97994730533364,-66.19496332792858,28.61990816048371,0.9898283764816191,1.0394862147418291
SB86208_component_516a,82.448831,-69.035852,31.9060001373291,87.4136962890625,82.4490885689589,-69.03639977134638,26.12395749464199,1.1629861963206791,1.2213310385255758
SB86208_component_519a,81.753683,-64.587594,31.552000045776367,114.73454284667969,81.75404699430123,-64.58782048480559,28.831464164896484,1.0420807219225008,1.0943599626200131
SB86208_component_520a,94.616168,-63.014962,32.29600143432617,24.78588104248047,94.61618672380685,-63.01509132873019,38.41030592647599,0.8006489810307635,0.8408160428648066
SB86208_component_521a,82.462238,-63.654544,28.559999465942383,66.1111068725586,82.46249032178635,-63.65473904399007,30.94508453960717,0.8788356935011692,0.9229252364584083
SB86208_component_522a,81.37509,-67.524583,29.586999893188477,68.96736907958984,81.37523907734429,-67.52487949869938,27.70250823161347,1.0170048015262767,1.0680260301998383
SB86208_component_524a,85.510987,-63.512173,29.107999801635742,74.2551040649414,85.51099589554465,-63.5122740724937,29.707574430914313,0.9330100786936678,0.9798174492275397
SB86208_component_526a,86.365599,-63.824501,30.197999954223633,106.70671844482422,86.365653190802,-63.82447107210892,29.72132465438732,0.967500469061043,1.0160381579683713
SB86208_component_527a,96.788603,-68.577365,29.049999237060547,87.5,96.7881053377094,-68.57793438903279,30.72083107928654,0.9004390700514073,0.9456124140029354
SB86208_component_531a,87.049335,-63.596589,31.107999801635742,97.51724243164062,87.04945045175624,-63.59662182267695,33.32210682899392,0.8889570958466243,0.9335544106283323
SB86208_component_532a,79.005859,-65.010059,29.461999893188477,42.3913688659668,79.00632875898697,-65.01026871470425,30.13595701021584,0.9309329488548792,0.9776361136698298
SB86208_component_535a,97.358414,-70.249394,30.590999603271484,31.766355514526367,97.35715459606908,-70.25008396125588,29.720469564643206,0.980119810646465,1.0292905883177532
SB86208_component_536a,80.733307,-69.068545,29.249000549316406,91.68965148925781,80.73390141099983,-69.06888477457667,25.262227840041056,1.1025049517146537,1.1578155630025728
SB86208_component_541a,88.415123,-63.85141,29.402000427246094,120.5,88.41520222587862,-63.85158636142005,25.81631028649705,1.084485808205307,1.1388924327666026
SB86208_component_543a,91.51647,-70.819129,32.17499923706055,39.96894454956055,91.51662865640449,-70.82014710467482,30.986992302848805,0.988735862567807,1.0383388914484135
SB86208_component_546a,79.67455,-65.131119,27.70800018310547,65.04225158691406,79.67513758046191,-65.13139659471031,26.440491430317135,0.9978765682453734,1.0479381692329284
SB86208_component_550a,81.645337,-63.133821,26.871000289916992,26.97891616821289,81.64555341947643,-63.13377885412692,31.38444662352343,0.8152870121787086,0.85618843665628
SB86208_component_551a,81.548874,-70.37949,29.152999877929688,44.71318817138672,81.54867442929203,-70.3798621789676,24.646225205358665,1.1263516615811238,1.1828586176998475
SB86208_component_553a,94.602705,-68.038997,27.013999938964844,87.14193725585938,94.6023753298903,-68.03985436675389,29.91096993682843,0.8600022035097193,0.903146905500492
SB86208_component_554a,94.751839,-66.623977,27.32900047302246,76.98310089111328,94.75192860501059,-66.62418524282837,34.13803960028916,0.7623007307594672,0.8005439326044655
SB86208_component_555a,91.600227,-67.224844,27.336000442504883,121.49333953857422,91.60019854656234,-67.22535289081297,26.701848051781543,0.9748433162306065,1.0237493820462749
SB86208_component_556a,79.579202,-65.935461,29.406999588012695,83.54261016845703,79.58002207072185,-65.9356224638658,26.98877358037343,1.0375492752862192,1.089601181781666
SB86208_component_558a,92.846936,-65.799569,26.176000595092773,89.33788299560547,92.84744950338087,-65.79986345491098,24.870116920592995,1.002228228131548,1.0525081437561912
SB86208_component_561a,83.039966,-68.718643,27.863000869750977,83.9247055053711,83.03937125674378,-68.7188332932308,31.07065193836041,0.8539229550709801,0.8967626725382867
SB86208_component_566a,78.140671,-67.844074,27.395000457763672,41.44478225708008,78.1413994444058,-67.84431237202507,23.148108986009973,1.1269300492234615,1.1834660219683772
SB86208_component_568a,78.049083,-67.010456,26.38800048828125,30.506359100341797,78.04998140412718,-67.01087588668315,24.984893641663664,1.0057039229712996,1.0561582077050682
SB86208_component_570a,93.912466,-66.234655,24.858999252319336,95.61154174804688,93.91275628863099,-66.23490358163215,25.23409983664954,0.9380737646054992,0.9851351707903836
SB86208_component_571a,97.395127,-65.220984,26.298999786376953,24.53264808654785,97.39465537471266,-65.22137163124188,27.495608164974833,0.9107875118543475,0.9564800177752688
SB86208_component_574a,81.652757,-64.183018,27.888999938964844,79.23011016845703,81.65310239439786,-64.18320612419932,27.51822723645386,0.9650585317545939,1.013473713234689
SB86208_component_577a,97.584253,-67.802262,26.084999084472656,45.36521530151367,97.58342256186826,-67.80275327923802,31.91849796406942,0.778196988239555,0.8172376755897623
SB86208_component_579a,89.804031,-67.93799,26.948999404907227,143.3457489013672,89.80347529723996,-67.93872148784851,29.74914712776877,0.8625996767214027,0.9058746890848579
SB86208_component_580a,83.225775,-70.674343,27.052000045776367,31.273988723754883,83.22572429392214,-70.67491287727597,18.359076857522435,1.4031034914544296,1.4734945692376737
SB86208_component_581a,92.295979,-65.790858,27.21500015258789,82.22054290771484,92.29684554980983,-65.79114975883718,27.50982556494604,0.9420233552976113,0.9892829050601533
SB86208_component_582a,82.123565,-63.694859,25.05299949645996,55.30463409423828,82.1235872245084,-63.694840647637115,25.052230377435347,0.9522577123094336,1.000030700620784
SB86208_component_584a,95.992078,-68.086466,25.597000122070312,81.77955627441406,95.99171571479391,-68.0871799203901,26.41120929171772,0.922873019791273,0.9691718330404986
SB86208_component_586a,77.690245,-69.69064,26.167999267578125,25.883281707763672,77.69126655128,-69.69110529374437,24.64140456259574,1.0112213392515235,1.0619524224402237
SB86208_component_589a,89.816346,-67.073744,25.27199935913086,120.91865539550781,89.81652840542453,-67.07429146153355,26.188240772355986,0.9189130993040139,0.9650132507490805
SB86208_component_592a,88.400198,-70.309657,26.211999893188477,66.02518463134766,88.39987889849351,-70.31057003007183,23.937216651086537,1.0427199258550004,1.095031234218231
SB86208_component_593a,99.239172,-69.459115,28.187000274658203,20.249282836914062,99.23742586736218,-69.45959162627223,31.09093673563634,0.8632890223834379,0.9065986179293963
SB86208_component_594a,83.65215,-67.111832,25.211000442504883,117.26046752929688,83.65230296095446,-67.11224283963834,25.087575858202435,0.9569132037139179,1.0049197493213395
SB86208_component_595a,89.759989,-65.33992,26.006000518798828,105.2874526977539,89.76005041474153,-65.34004203117566,24.27957122474095,1.0199378758202766,1.071106251345108
SB86208_component_596a,98.017448,-69.142819,27.902000427246094,48.18998336791992,98.01627488085114,-69.14334090561496,28.29362467007183,0.9390482738883116,0.98615856938118
SB86208_component_602a,86.159222,-68.066719,26.18400001525879,108.64730072021484,86.15855817676993,-68.06716667840101,29.14803419112289,0.8553973254922216,0.8983110093658802
SB86208_component_604a,81.199308,-64.157182,24.95400047302246,67.99455261230469,81.19972754098471,-64.15734953732677,22.433040760916988,1.059237138258233,1.1123770842737248
SB86208_component_605a,88.854746,-64.079877,24.94700050354004,101.82449340820312,88.85473387214017,-64.08003160335902,23.771003295470166,0.9993370507950927,1.0494719214604615
SB86208_component_606a,87.406151,-66.129364,24.666000366210938,134.78689575195312,87.40677137686215,-66.12957095686811,24.28952925783168,0.9669873691352144,1.0154993167789725
SB86208_component_607a,83.068568,-70.398942,25.433000564575195,44.85538101196289,83.06791627096746,-70.3995647035474,22.49292167513745,1.0766954945244018,1.1307112936194306
SB86208_component_610a,83.648937,-62.851121,23.138999938964844,15.805328369140625,83.6493521606635,-62.851406992464874,26.508404486491408,0.8311935451485053,0.8728929706333853
SB86208_component_612a,98.095427,-65.691119,25.32200050354004,19.197877883911133,98.09460095515875,-65.69096681753786,26.51196356395877,0.9094886521298138,0.9551159966877593
SB86208_component_613a,79.889903,-67.148058,26.156999588012695,72.86072540283203,79.89036528288399,-67.14840762965522,23.569035822126054,1.0567865441194555,1.109803548410628
SB86208_component_614a,86.715009,-64.430431,24.940000534057617,108.90829467773438,86.7151867181714,-64.4305206901133,23.922000478807075,0.9927505343245207,1.042554971778067
SB86208_component_615a,77.834249,-69.080438,25.770999908447266,33.21004867553711,77.83470736806406,-69.08090048028814,24.69689530688634,0.9936423069482445,1.0434914829663398
SB86208_component_618a,88.68027,-67.808691,25.139999389648438,122.63414764404297,88.67969051242977,-67.80935639616506,27.270451244150692,0.877837449371275,0.9218769122876461
SB86208_component_620a,91.344998,-62.859741,26.7189998626709,23.11332130432129,91.34561264163288,-62.86005422060758,27.767020497364285,0.9162881765961003,0.9622566405786005
SB86208_component_623a,87.019653,-65.122478,24.54599952697754,106.25973510742188,87.01991879918386,-65.12266501363307,24.173519218506602,0.9669009947104019,1.015408609110823
SB86208_component_628a,82.357609,-67.82686,24.277000427246094,75.3944091796875,82.35725323027411,-67.82746281436374,26.471949558976636,0.8732734671891049,0.9170839636559281
SB86208_component_630a,91.657453,-65.406646,24.339000701904297,100.57438659667969,91.65791166772709,-65.40681308100075,22.12658795891237,1.0474407371281869,1.0999888797631263
SB86208_component_636a,95.521801,-69.753235,24.268999099731445,77.5367431640625,95.52113133792902,-69.75391990566018,24.58417951315943,0.9400204741561053,0.9871795431179928
SB86208_component_637a,83.551539,-65.491403,24.687000274658203,100.76326751708984,83.55217999278486,-65.4914479095818,24.843018423137735,0.9462483304176393,0.9937198392795047
SB86208_component_645a,88.869468,-65.182934,24.639999389648438,123.819091796875,88.86966711479752,-65.18305749086541,22.739562204487264,1.0318100635898322,1.0835740445691675
SB86208_component_646a,98.215558,-66.714875,26.280000686645508,26.359079360961914,98.21513958463571,-66.71517335293099,23.244408366749976,1.0765842979883946,1.1305945185611952
SB86208_component_649a,79.388453,-69.076933,25.601999282836914,56.26812744140625,79.38907051104295,-69.07726755875481,22.510078826810613,1.083023875935961,1.1373571580897208
SB86208_component_656a,91.921578,-66.862813,23.06800079345703,99.8614730834961,91.92180600838796,-66.86317935867214,22.715213458825218,0.9670174278963426,1.0155308835319243
SB86208_component_660a,86.222922,-66.379736,23.66900062561035,134.4829559326172,86.22347210483582,-66.37994071780405,22.271978797780957,1.0119575208533986,1.0627255368961013
SB86208_component_663a,83.594549,-70.058232,24.025999069213867,53.15486526489258,83.59433103319685,-70.05902257761946,20.266975893368894,1.128843328860762,1.185475287266458
SB86208_component_664a,95.013903,-67.28886,21.524999618530273,74.73958587646484,95.01364773896807,-67.2893595854828,20.845017348429508,0.9832909845859146,1.03262085412234
SB86208_component_667a,90.783493,-67.575073,23.219999313354492,104.59458923339844,90.78325689808084,-67.57577087709257,21.445202419336745,1.0310345493609852,1.082759624241991
SB86208_component_669a,82.597078,-64.376561,22.21500015258789,81.67279052734375,82.59747607251569,-64.37651235436401,23.10032662260267,0.9157340559039687,0.9616747206877791
SB86208_component_672a,87.415271,-69.639595,23.027999877929688,78.06101989746094,87.41471833309075,-69.64055782777297,22.12659900610845,0.9910206840234496,1.0407383381229258
SB86208_component_673a,85.221749,-66.805496,23.336999893188477,117.86363983154297,85.22182474045948,-66.8057128883014,22.965124163607648,0.9676479751712799,1.0161930641842614
SB86208_component_675a,94.324138,-66.04129,21.82900047302246,79.09058380126953,94.32452464317329,-66.04156419732658,20.403610829867418,1.0187508513393366,1.0698596760661852
SB86208_component_677a,80.106783,-70.714576,20.617000579833984,15.271851539611816,80.1074019923953,-70.71482716495784,21.04204498264279,0.932993685049272,0.9798002331446675
SB86208_component_679a,83.046899,-68.506654,22.44700050354004,45.99795150756836,83.04656331619829,-68.50708562658784,20.592201688997974,1.0379984352715241,1.0900728752833189
SB86208_component_680a,93.54748,-65.607906,23.96500015258789,88.7592544555664,93.5481305341572,-65.60810911312116,21.67731569976694,1.0527205463958693,1.1055335671863444
SB86208_component_681a,89.517229,-65.804285,22.770000457763672,122.41935729980469,89.51774194652747,-65.80446420148222,21.406862012384394,1.0128641402151546,1.0636776396554837
SB86208_component_686a,80.072395,-70.596396,23.746999740600586,22.833654403686523,80.07285135745457,-70.5967959876925,23.516681472618576,0.9615544375853718,1.0097938252151002
SB86208_component_688a,82.889473,-64.550802,21.71500015258789,87.2088394165039,82.88982023980556,-64.55099394588464,23.386515742105246,0.8841693982845931,0.9285265232345857
SB86208_component_689a,91.734625,-63.183532,24.100000381469727,31.258106231689453,91.73462992589742,-63.18368916053289,24.131580112648756,0.950982346918282,0.9986913525334183
SB86208_component_693a,94.806795,-64.90732,21.173999786376953,62.46017837524414,94.80714364803997,-64.90759062398084,20.393761117117805,0.9886594964215658,1.0382586941554515
SB86208_component_694a,88.780315,-65.99246,21.81999969482422,119.23497009277344,88.78090385317128,-65.99264175240364,21.028461486662124,0.9880715771420298,1.037641280065313
SB86208_component_700a,85.416328,-69.142862,22.56999969482422,36.227928161621094,85.4158006249112,-69.14354034556987,24.474989816224337,0.87811258047911,0.9221658462085525
SB86208_component_704a,95.426213,-65.125033,21.422000885009766,51.004764556884766,95.42664108116448,-65.12538019266233,19.394144626638585,1.051793708753824,1.1045602318333672
SB86208_component_707a,91.923397,-65.465391,20.558000564575195,82.56224822998047,91.92387870792314,-65.46556433187172,19.812418539640667,0.9880627928090244,1.037632055038751
SB86208_component_713a,78.145841,-70.218259,22.025999069213867,15.317107200622559,78.1459084427571,-70.21879368579806,19.696434975198542,1.0648517664853152,1.118273387897286
SB86208_component_714a,86.838598,-66.638728,21.134000778198242,110.07292175292969,86.83908181643109,-66.63904146363352,29.235469629079873,0.6883555371890597,0.7228890469806827
SB86208_component_715a,94.7936,-68.616844,20.530000686645508,83.7959213256836,94.7933799875063,-68.61763703226427,23.566532388096668,0.8295344852388716,0.8711506787912126
SB86208_component_717a,94.722682,-70.814303,21.257999420166016,18.421142578125,94.72182622676861,-70.81535110045455,24.335029708281724,0.8318244391854395,0.87355551544412
SB86208_component_720a,80.66904,-66.157716,21.187000274658203,79.35206604003906,80.66949268797138,-66.15796930763173,20.4486098540353,0.9866130350852863,1.0361095656816588
SB86208_component_721a,85.055478,-68.61171,23.347000122070312,67.28241729736328,85.05462811977613,-68.61235993291868,19.08371518833293,1.1649554701379337,1.2233991071268866
SB86208_component_722a,88.437699,-69.830271,20.913999557495117,71.37883758544922,88.4375002199428,-69.83138698369409,21.254994764508925,0.9369518174211917,0.983956937614344
SB86208_component_724a,81.27353,-68.616661,21.21500015258789,74.70069885253906,81.27302515467434,-68.61624677176542,21.487672389369553,0.9401449792445882,0.9873102943938888
SB86208_component_725a,78.84976,-69.596578,22.825000762939453,42.50465774536133,78.85015756077597,-69.5969187052281,20.747572407805066,1.047573919327814,1.100128743464603
SB86208_component_728a,89.507036,-63.49729,21.50200080871582,60.39887619018555,89.50702655169151,-63.497355814822114,23.83103998890659,0.8591659247815614,0.9022686722327291
SB86208_component_729a,79.358942,-70.5045,20.878999710083008,18.692031860351562,79.35956052873675,-70.50490002863401,19.75629317801961,1.0063415208153634,1.0568277926403975
SB86208_component_732a,87.874952,-64.499983,21.542999267578125,95.32300567626953,87.87499516315783,-64.5001764439397,20.71896578497044,0.990100453061771,1.0397719408951116
SB86208_component_733a,91.827567,-70.09025,21.797000885009766,68.97784423828125,91.82737992868643,-70.09112707668496,25.293565023068254,0.8205931020555863,0.8617607231377012
SB86208_component_734a,89.205228,-69.614692,22.45800018310547,103.97222137451172,89.20512499509383,-69.61574996604296,21.256854598041816,1.0060353586875435,1.0565062709312742
SB86208_component_738a,95.484422,-63.941233,20.625,37.56830596923828,95.48439570387208,-63.94148032821819,20.539410783261047,0.956196483544025,1.0041670726410858
SB86208_component_739a,97.888841,-67.403147,20.06100082397461,31.199068069458008,97.8884289856263,-67.40361988637511,20.70533458780831,0.9225958753217668,0.9688807847513319
SB86208_component_741a,95.426935,-70.744244,23.398000717163086,19.194421768188477,95.42589238609864,-70.74507518890836,23.800996932099583,0.9361054363320391,0.9830680951690309
SB86208_component_742a,92.216406,-65.730542,23.625,74.52680969238281,92.21715271017148,-65.73081866244031,20.0342374573795,1.1228976320057582,1.1792313059211477
SB86208_component_745a,98.125547,-68.309588,22.32699966430664,31.535310745239258,98.12404333278478,-68.31000061526954,20.894304160298336,1.0175215576613652,1.0685687110236768
SB86208_component_748a,93.503339,-69.946445,20.343000411987305,67.80999755859375,93.50302353330804,-69.9473385344519,19.94256982662385,0.9713484518220774,1.0200791868272097
SB86208_component_749a,97.127799,-66.525904,23.257999420166016,41.680999755859375,97.12843145346753,-66.52659552553982,14.17963884676144,1.561882473566578,1.6402391959001148
SB86208_component_750a,89.399752,-63.498919,20.464000701904297,55.15903091430664,89.39961782465011,-63.49908990385508,21.921694943837085,0.8889095618888277,0.9335044919807811
SB86208_component_751a,95.843864,-66.499255,19.424999237060547,59.95370101928711,95.84360811695348,-66.49950411087127,19.551428911631245,0.9460708753393958,0.9935334816118998
SB86208_component_753a,81.044183,-64.770213,19.66200065612793,63.22187042236328,81.04484457396441,-64.77043702595735,23.349828621557826,0.801835305459653,0.8420618829713767
SB86208_component_755a,91.521172,-69.876715,20.51099967956543,74.04692840576172,91.52096036678661,-69.87776595718171,20.16394044095923,0.9686181166104323,1.0172118758048507
SB86208_component_757a,90.405674,-63.939977,20.308000564575195,81.88710021972656,90.4058053661966,-63.94016998505116,20.399630444300918,0.9479513135202455,0.9955082578590868
SB86208_component_759a,82.464792,-68.171705,21.0,75.0,82.46496336385867,-68.17204102094304,16.65753162632064,1.2004658609074719,1.2606909877822357
SB86208_component_763a,88.315627,-68.757712,19.71299934387207,82.13749694824219,88.31528084644026,-68.75840205900532,20.492082363074086,0.9160259575107198,0.9619812664521643
SB86208_component_765a,77.890477,-67.788843,20.79800033569336,24.439483642578125,77.89146916979352,-67.78913234960103,17.180661840786005,1.1527174211885758,1.2105470981519455
SB86208_component_766a,90.877426,-67.637971,19.56999969482422,94.54106140136719,90.87692391506346,-67.63859619412843,21.110754301368555,0.882730705108181,0.9270156535124634
SB86208_component_767a,84.4094,-63.000768,21.639999389648438,20.92843246459961,84.40914303437245,-63.00068920513666,20.408468910881716,1.0096898390215703,1.0603440897082719
SB86208_component_769a,90.691346,-65.0853,22.200000762939453,92.88703155517578,90.69135618720837,-65.08544847150526,20.058933412524574,1.0538682446416965,1.106738843306495
SB86208_component_771a,97.561418,-67.978389,19.822999954223633,36.98320770263672,97.56057458261508,-67.97882376794435,20.775521193344375,0.9085704712851276,0.9541517524274726
SB86208_component_772a,95.839241,-67.358696,19.35300064086914,56.920589447021484,95.83911361039063,-67.3592416271491,18.914037990071357,0.9743280816367889,1.023208299096587
SB86208_component_777a,86.412513,-63.10152,21.481000900268555,34.81523895263672,86.41270570228352,-63.1015246364548,21.289319178996838,0.9608020166229608,1.009003656700343
SB86208_component_778a,82.424845,-62.989815,18.51799964904785,15.304131507873535,82.42523404350032,-62.98991409284743,24.093580370723725,0.7318699153768636,0.7685864601323098
SB86208_component_781a,77.565287,-69.669117,21.724000930786133,20.040592193603516,77.56583111631545,-69.66951930541441,20.344797818506294,1.0167814167305593,1.0677914386067415
SB86208_component_782a,95.089768,-64.891179,20.87700080871582,61.584075927734375,95.08978185061271,-64.89146498156201,19.030932182939146,1.044598053344808,1.097003583851328
SB86208_component_784a,84.978407,-70.129246,19.533000946044922,42.741798400878906,84.97808715916888,-70.13006316758174,17.113348335998932,1.086863856352262,1.1413897831411581
SB86208_component_785a,84.099277,-70.428615,18.9689998626709,35.65601348876953,84.09870103747332,-70.42905368081163,18.93121494516263,0.9541290364354442,1.0019959055780476
SB86208_component_787a,81.390135,-68.688854,18.93899917602539,58.27384567260742,81.39055965164455,-68.68910068273097,15.867122163851596,1.1365800414062057,1.193600136209459
SB86208_component_789a,87.327439,-67.944707,19.371999740600586,96.37810516357422,87.32679305581999,-67.94529329173893,18.75718523814907,0.9834401910783854,1.0327775460254602
SB86208_component_790a,81.646664,-65.488566,18.743000030517578,87.99530792236328,81.64721575230557,-65.48884897877477,18.093911302089595,0.9863880782841479,1.0358733232185693
SB86208_component_795a,78.791541,-67.938715,18.173999786376953,35.916996002197266,78.79220302210854,-67.93914994088588,16.10730822385772,1.0744067177932586,1.1283076932406435
SB86208_component_796a,81.402001,-65.362494,20.145999908447266,87.59130096435547,81.40256330924568,-65.36267541720854,18.554935533901876,1.0338809747780147,1.085748849498202
SB86208_component_801a,94.207339,-64.607785,19.20599937438965,64.66666412353516,94.207502112695,-64.60806494899482,17.135662803743273,1.0672770448417048,1.1208203379325434
SB86208_component_803a,98.120943,-70.252148,19.916000366210938,14.526622772216797,98.11999788129361,-70.25276326355764,19.630610166514426,0.9660719947955998,1.0145380198208676
SB86208_component_804a,88.178407,-69.729295,17.73699951171875,60.32992935180664,88.17796296727067,-69.73027114121673,18.544961218334553,0.9107420531041643,0.9564322784446155
SB86208_component_809a,84.633974,-63.583479,18.093000411987305,44.78465270996094,84.6339897737004,-63.58345675164301,19.71597671094171,0.8738431021121751,0.9176821760976362
SB86208_component_811a,97.646237,-66.034902,19.23200035095215,23.861042022705078,97.64622462047669,-66.03515684139334,21.359152755078167,0.8573962946435488,0.9004102630606317
SB86208_component_814a,87.719074,-65.236195,18.39699935913086,95.81770324707031,87.71914803108594,-65.23625705779038,15.07713351991705,1.1619016759361838,1.2201921097818913
SB86208_component_815a,82.162895,-67.360023,18.371000289916992,70.65769958496094,82.1630776159852,-67.36035070816392,17.385987822596757,1.0061774935936654,1.0566555364797854
SB86208_component_816a,89.828317,-70.457049,20.48699951171875,45.72990798950195,89.82841872470411,-70.45805622646006,19.7234637798247,0.9890911955340412,1.038712050804944
SB86208_component_820a,84.950729,-62.917759,19.218000411987305,16.610198974609375,84.95142187349225,-62.917704955306135,20.183321478751843,0.9066856170139352,0.9521723385429506
SB86208_component_823a,80.719129,-63.512365,17.722000122070312,24.310014724731445,80.71895685311524,-63.51270339023872,18.063275356206162,0.9342377213413106,0.9811066804106159
SB86208_component_824a,91.336377,-66.091793,17.722999572753906,72.93415069580078,91.33667799397845,-66.09202869082391,19.92180910761328,0.847129134858382,0.8896280190728721
SB86208_component_825a,95.453054,-65.095907,19.00200080871582,46.80295944213867,95.4535739384058,-65.096185980468,17.353816457881262,1.0426666871077641,1.0949753245826241
SB86208_component_830a,90.826377,-63.277269,17.783000946044922,31.586145401000977,90.8263258377617,-63.27742081626476,19.63365460369105,0.8624721312632189,0.9057407449095997
SB86208_component_831a,92.151383,-63.800859,19.39900016784668,56.556854248046875,92.1516241426491,-63.80113648364771,19.447903060739588,0.9498340439457956,0.9974854413486033
SB86208_component_834a,82.546661,-67.609031,18.475000381469727,68.4259262084961,82.54676356907355,-67.60935742930513,16.5636240178355,1.062111859154122,1.1153960245400452
SB86208_component_843a,80.08581,-69.927194,18.4950008392334,34.18669128417969,80.08613495495557,-69.92747323230894,15.179780080914316,1.1601924673149833,1.2183971533610913
SB86208_component_845a,95.860233,-65.667533,17.76099967956543,49.61172866821289,95.86076608040979,-65.66774636600695,16.281169919813202,1.0387785264404907,1.09089210216714
SB86208_component_850a,90.89879,-63.587501,19.433000564575195,53.09563064575195,90.89887145462866,-63.58762782044397,17.685396786070772,1.0463240819714668,1.0988162041057996
SB86208_component_851a,90.005213,-68.694842,18.17300033569336,95.64736938476562,90.00466291844728,-68.69550462507218,20.43252842050915,0.8469264351300749,0.8894151502783283
SB86208_component_852a,82.546309,-63.24037,17.391000747680664,24.053943634033203,82.54597164463496,-63.240313559211664,18.803896347466214,0.8806795077010467,0.9248615513679996
SB86208_component_855a,84.915309,-67.573044,19.041000366210938,91.98551177978516,84.91485771793269,-67.57361930709284,16.804101840967505,1.0789855343473347,1.1331162204569598
SB86208_component_856a,85.558701,-66.77254,17.58099937438965,90.62370300292969,85.55910051624038,-66.77288768804348,17.375874922520804,0.9634696587071362,1.011805129398289
SB86208_component_857a,90.058708,-69.784094,17.517000198364258,67.11494445800781,90.05871158561861,-69.78522291699227,15.48269675002177,1.0773437413812412,1.1313920618085882
SB86208_component_858a,90.142987,-64.349713,19.339000701904297,81.94491577148438,90.14283413937358,-64.34985157830332,18.508317664919296,0.9949660225034302,1.0448816068550346
SB86208_component_859a,94.272612,-64.689451,17.1299991607666,57.48321533203125,94.27305763628193,-64.6898365780262,16.49442890687398,0.9889201454806432,1.0385324194903014
SB86208_component_862a,90.407159,-65.066035,16.81800079345703,77.14679718017578,90.4072855705214,-65.06623345048214,16.59983142351248,0.9647434901649603,1.0131428665977613
SB86208_component_866a,80.970574,-64.263134,17.00200080871582,45.58177185058594,80.97087956770609,-64.26336642619151,16.258000586215065,0.9958044516208412,1.0457620983930571
SB86208_component_868a,84.60064,-70.740692,16.80299949645996,19.652629852294922,84.60086109302456,-70.74113251738362,18.37599092824902,0.8707173781230155,0.9143996403823353
SB86208_component_870a,95.806837,-65.722148,15.684000015258789,40.73766326904297,95.80717680051995,-65.72241913360618,15.224867868207388,0.9809445702604036,1.030156724578882
SB86208_component_872a,78.125843,-70.406623,16.113000869750977,19.96654510498047,78.1299442433055,-70.40687424580148,3.85343197833094,3.9817125059931806,4.181467574971986
SB86208_component_873a,95.693875,-68.514561,17.183000564575195,67.64960479736328,95.69367793026908,-68.51525135128759,17.47867194304937,0.9361204634777304,0.9830838761985145
SB86208_component_877a,81.748318,-68.497528,16.79599952697754,55.800662994384766,81.74782129109222,-68.49723893258455,15.760213809605624,1.014810412116427,1.0657215523777106
SB86208_component_879a,86.634207,-64.416894,17.013999938964844,71.78903198242188,86.63442424099054,-64.4173175870677,16.12860890790071,1.0045017127180094,1.0548956848120001
SB86208_component_880a,81.698665,-63.759966,18.143999099731445,43.09738540649414,81.69840901277931,-63.76001975494706,17.374601043896,0.9943959351605717,1.0442829192964835
SB86208_component_881a,91.820859,-64.004543,17.233999252319336,63.594093322753906,91.82099711448548,-64.00487533698906,17.04651915759078,0.9627012254769344,1.0109981453102155
SB86208_component_882a,84.988452,-67.137168,16.68199920654297,76.87557220458984,84.98850864183584,-67.13760546625652,16.25821128222379,0.9770493471740976,1.026066085436012
SB86208_component_884a,88.089828,-67.152123,16.90399932861328,87.58548736572266,88.08994303053483,-67.15259668248186,16.664068866325515,0.9659387324343763,1.0143980719362373
SB86208_component_886a,83.358177,-65.220485,16.801000595092773,73.0478286743164,83.35863901507554,-65.22073495596301,15.587956586929824,1.0263302403641839,1.077819308861821
SB86208_component_888a,79.974572,-65.889894,17.187000274658203,53.37577819824219,79.97516379290971,-65.89009884421384,17.444354217914267,0.9381803942814784,0.9852471498777652
SB86208_component_891a,95.242853,-70.489695,17.496999740600586,24.437149047851562,95.24221481695564,-70.49046321616474,18.20217980827146,0.9153377020430693,0.9612584824950238
SB86208_component_894a,80.8306,-67.926254,15.9399995803833,34.65217208862305,80.83058408127319,-67.92578770412152,18.686361810814205,0.8122780506053879,0.8530285211088269
SB86208_component_896a,83.901665,-65.340402,18.75200080871582,81.53043365478516,83.90201255410847,-65.34067728969481,16.310350136454826,1.0947765710638764,1.1496994639498097
SB86208_component_898a,91.559926,-68.67402,16.92799949645996,76.94544982910156,91.55959236268072,-68.6749147617958,18.138795109446722,0.8886655979067943,0.9332482887820825
SB86208_component_899a,82.02523,-68.768793,18.222000122070312,58.97087860107422,82.02541951405361,-68.7691912455693,13.253729837297701,1.3091792016965165,1.3748582735398196
SB86208_component_900a,82.695191,-66.468279,16.197999954223633,72.63677215576172,82.69524908804136,-66.46848007512126,15.816301455007741,0.9752088307026662,1.0241332336957347
SB86208_component_901a,90.557077,-68.619174,16.972000122070312,79.30841064453125,90.5566372600928,-68.6197828518431,17.742774851854904,0.9108621388116818,0.9565583886274693
SB86208_component_902a,88.267139,-67.17889,16.253999710083008,76.30986022949219,88.26731303804853,-67.17939157307164,16.88588673172786,0.9165951220793602,0.9625789849426406
SB86208_component_904a,92.961001,-64.24008,16.08099937438965,62.571983337402344,92.96109166574766,-64.24035758046267,16.565294790017667,0.9243895601007075,0.9707644553407008
SB86208_component_905a,97.627729,-65.932173,17.246999740600586,19.466140747070312,97.62799687942326,-65.93236642704544,18.370077305702207,0.8940128038113428,0.9388637540053787
SB86208_component_907a,91.257448,-66.508596,15.779999732971191,76.23188018798828,91.25784442045894,-66.5089391657851,15.515992748660393,0.968430791169475,1.0170151525968967
SB86208_component_908a,90.072431,-63.517066,16.533000946044922,41.64483642578125,90.07199307385562,-63.51713927550717,16.910720673095657,0.9309593977090611,0.9776638894135556
SB86208_component_910a,92.486631,-70.170982,16.940000534057617,46.66666793823242,92.48630548096827,-70.17198552794738,15.41244805435938,1.0466053721071549,1.0991116060414667
SB86208_component_911a,82.852699,-64.513595,15.923999786376953,59.41790771484375,82.85279339497097,-64.51374282330022,14.296025946701581,1.0606644211214378,1.113875971248568
SB86208_component_913a,82.95181,-67.416234,15.737000465393066,56.4050178527832,82.95190908395266,-67.41668981742717,15.48997062992386,0.9674143588937569,1.015947727815054
SB86208_component_915a,96.888923,-64.522566,17.777000427246094,20.20113754272461,96.8888218993731,-64.5226672871045,20.275100781846085,0.8349041638699654,0.8767897441557114
SB86208_component_917a,87.464026,-65.652002,16.715999603271484,77.74883270263672,87.4645502158266,-65.65212766414311,15.522947364158119,1.0254142136889934,1.0768573268416846
SB86208_component_922a,93.724777,-68.656866,17.415000915527344,74.10638427734375,93.72458181510461,-68.65777972987716,18.28914835085303,0.9067158023616931,0.9522040382331464
SB86208_component_925a,89.180028,-68.120253,16.20800018310547,85.7566146850586,89.1793500740234,-68.12091324538363,16.7863694928812,0.9194197326143088,0.9655453009049392
SB86208_component_927a,90.314164,-65.195565,15.600000381469727,75.0,90.31448338399524,-65.1957410739436,14.422170400048461,1.0299950848409858,1.0816680117312514
SB86208_component_931a,95.210091,-69.564219,15.197999954223633,56.28888702392578,95.20952872447155,-69.56479358040683,17.629250257325655,0.8209066272492942,0.8620899773039559
SB86208_component_932a,90.061308,-63.733237,15.04699993133545,51.70790100097656,90.06154610417056,-63.73346649280912,15.557061957981693,0.9210082139131075,0.9672134733393826
SB86208_component_934a,91.755712,-65.332873,16.131000518798828,66.38272094726562,91.75612848868636,-65.3330249374009,14.65187395898815,1.0483572354316082,1.1009513570721998
SB86208_component_935a,80.590861,-64.599674,15.387999534606934,45.66171646118164,80.59129821200497,-64.59988389242098,15.258060873596266,0.9603377193453364,1.0085160664967279
SB86208_component_936a,88.60704,-68.443257,15.333000183105469,77.05025482177734,88.60687076608744,-68.44371692609988,17.01125182897863,0.858286008518306,0.901344612216353
SB86208_component_937a,81.563132,-69.170117,16.23699951171875,48.46865463256836,81.56298376311878,-69.17044080670519,12.653875163625232,1.2218654868440741,1.2831641929259385
SB86208_component_938a,96.715245,-67.819393,15.246000289916992,41.09434127807617,96.71466611589156,-67.81994888297972,13.408174822114214,1.082748088304025,1.1370675347081274
SB86208_component_939a,95.225418,-67.120369,14.819000244140625,45.73765563964844,95.22536540592928,-67.12077866385557,14.040826813298048,1.005003069983056,1.055422194233289
SB86208_component_941a,92.757638,-66.5998,14.911999702453613,56.91603088378906,92.75797523870904,-66.60003611155946,13.690018454477084,1.0372251018035465,1.089260745121706
SB86208_component_942a,89.097166,-70.715506,14.970000267028809,27.267759323120117,89.09759217451379,-70.71645623944868,14.399102846086905,0.9899825514724712,1.0396481244036013
SB86208_component_943a,91.87035,-64.774181,15.482999801635742,67.31739044189453,91.8704815950051,-64.77434058810243,14.89763136726821,0.9896441237689565,1.0392927184152008
SB86208_component_948a,95.592074,-64.934137,14.984000205993652,37.838382720947266,95.59234368089567,-64.93448377614884,14.91620773866325,0.9565562484140593,1.004544886241741
SB86208_component_950a,81.543717,-66.624064,15.616000175476074,59.15151596069336,81.54419650951348,-66.62433501869813,15.096312561755104,0.9850087578313972,1.0344248048386029
SB86208_component_952a,90.363148,-63.432082,15.993000030517578,37.4543342590332,90.36309812570832,-63.4322640163405,15.636623566818157,0.9739308500648913,1.0227911391597144
SB86208_component_954a,91.714785,-70.274317,16.687000274658203,47.54130935668945,91.71462297010571,-70.2750755695456,16.15259126587727,0.9837329885616696,1.0330850326108285
SB86208_component_956a,93.239402,-68.507677,14.87600040435791,53.12857437133789,93.23925707716099,-68.50851156535703,12.74642973927157,1.1113191315563835,1.1670719337608055
SB86208_component_960a,87.964473,-63.722065,14.704999923706055,51.778167724609375,87.96480524954826,-63.722095220772786,15.337419456662474,0.9129645140355579,0.9587662360840173
SB86208_component_961a,82.843693,-70.198342,14.446000099182129,28.325490951538086,82.8433419623976,-70.19872859833522,13.620001669743493,1.0099773131880245,1.0606459859159616
SB86208_component_963a,84.590079,-64.423295,14.920000076293945,64.31034851074219,84.59002750840388,-64.42342610842972,13.814566974877215,1.0284252119362245,1.0800193812391687
SB86208_component_968a,83.154963,-65.820588,15.586000442504883,63.61632537841797,83.15552221198925,-65.82079928692194,15.54366400498213,0.9548220728044032,1.002723710285373
SB86208_component_969a,92.623604,-67.558809,14.21500015258789,57.31855010986328,92.62321745658117,-67.55955942369673,13.878204879420897,0.9753370902069446,1.0242679277394446
SB86208_component_975a,87.76238,-66.009252,14.381999969482422,80.34636688232422,87.76281050845952,-66.00945569308696,13.405620245069683,1.021582716468897,1.0728336105725382
SB86208_component_978a,93.149532,-68.945658,14.65999984741211,57.490196228027344,93.14918031767077,-68.94650093198263,15.532228444105707,0.8987550882910137,0.9438439500273641
SB86208_component_979a,80.437154,-70.346723,15.37399959564209,22.025787353515625,80.43739974375386,-70.34729329296525,14.198142839069561,1.031089798598214,1.0828176452301128
SB86208_component_980a,88.301777,-67.354507,14.661999702453613,74.42639923095703,88.30147955979093,-67.35510579870056,14.407548606608431,0.9690457444757498,1.0176609569603305
SB86208_component_981a,81.98292,-66.122993,15.194000244140625,58.4384651184082,81.98380080125,-66.1230023891929,15.42420395164041,0.9380166248573382,0.9850751644479324
SB86208_component_983a,80.534943,-65.649562,15.369999885559082,55.487361907958984,80.5353697157223,-65.64984621212277,14.446948987785428,1.0130686842552783,1.0638924452875187
SB86208_component_984a,85.827462,-65.695674,15.003000259399414,69.45833587646484,85.8275980248482,-65.69574535813248,14.688832587188076,0.9725949303461703,1.0213881988474267
SB86208_component_985a,77.101298,-69.083444,15.043999671936035,11.625965118408203,77.10246761462867,-69.08369541534782,17.62475229418056,0.8127958155726174,0.8535722613760278
SB86208_component_988a,86.387808,-63.714211,14.1899995803833,45.922332763671875,86.38807356413082,-63.71430494322774,14.499639261926964,0.9318936466952742,0.9786450079239756
SB86208_component_990a,79.722693,-67.148789,15.210000038146973,34.17977523803711,79.72353771167569,-67.14918182684764,15.708987992105735,0.9219814286322686,0.9682355124206906
SB86208_component_992a,81.309474,-66.242751,13.774999618530273,18.366666793823242,81.30955874512374,-66.24303430532667,13.213249778515063,0.9927116451487887,1.0425141316051274
SB86208_component_994a,94.380919,-64.043916,14.149999618530273,38.45108413696289,94.3812774164959,-64.04432535337916,12.936033939725753,1.041589150703884,1.0938437301927995
SB86208_component_995a,84.733537,-63.869648,14.498000144958496,47.534423828125,84.73365530397517,-63.869588206136704,13.060421415734176,1.0570415897800687,1.1100713892349934
SB86208_component_997a,85.445884,-67.506876,14.312999725341797,70.1617660522461,85.4455783194467,-67.50742267765797,14.930672688943499,0.9128353579487989,0.9586306004779609
SB86208_component_999a,78.563857,-64.897947,14.199999809265137,13.221601486206055,78.56358988341816,-64.89841288369189,15.597783289680999,0.8668952478163631,0.9103857609471603
SB86208_component_1007a,84.19904,-64.546278,14.098999977111816,54.4362907409668,84.199272849524,-64.54642306896325,17.097348727753875,0.7852369105638145,0.8246307776494678
SB86208_component_1009a,82.106427,-65.968939,14.04699993133545,55.742061614990234,82.10698052079817,-65.96884989114375,15.14100380548294,0.8834257979981801,0.927745617912643
SB86208_component_1011a,82.14282,-68.958582,13.609999656677246,38.555240631103516,82.14273815663816,-68.95886195968932,13.715557532433687,0.9448999234737223,0.9923037852812892
SB86208_component_1012a,91.205043,-64.243034,13.659000396728516,52.941864013671875,91.20536507799801,-64.24316385075628,15.856853962545323,0.820243989990246,0.8613940967730266
SB86208_component_1015a,96.035736,-70.807545,12.812000274658203,63.425743103027344,96.03416924645627,-70.80814777504433,17.65552922224652,0.6909989143908618,0.7256650374724922
SB86208_component_1016a,85.586229,-63.538056,14.152999877929688,39.980224609375,85.58645161178524,-63.538294963352264,13.104056835914836,1.0284517005650733,1.0800471987529823
SB86208_component_1017a,85.898357,-64.06537,13.482000350952148,57.12712097167969,85.89852664648706,-64.06546689078525,13.19065445671147,0.9732606309120194,1.0220872963655294
SB86208_component_1018a,92.927287,-65.223693,12.909000396728516,47.28571701049805,92.92794668936945,-65.22392868931557,12.252006963916843,1.0032901418032718,1.053623331650608
SB86208_component_1021a,79.222723,-67.282074,14.88599967956543,18.607500076293945,79.2238017579126,-67.2825101528235,12.377623330174009,1.145201501515353,1.202654118846591
SB86208_component_1022a,85.007537,-68.10662,13.8100004196167,59.5258674621582,85.00703614153478,-68.10720767613235,13.25543729676075,0.9920665301749839,1.0418366524197182
SB86208_component_1023a,81.688782,-68.381872,13.657999992370605,40.77014923095703,81.68885404501015,-68.38196160973446,13.378757254105144,0.9721034848300856,1.020872098429006
SB86208_component_1027a,88.73964,-64.501804,13.336999893188477,69.82722473144531,88.7396025182868,-64.50184916984915,13.62265717753341,0.932260934700499,0.9790307220814423
SB86208_component_1028a,94.748325,-70.674625,14.333999633789062,17.353511810302734,94.7472494986635,-70.67536306708763,14.518025866120336,0.9401583097565356,0.9873242936726871
SB86208_component_1029a,98.067142,-69.288956,14.093999862670898,21.58346176147461,98.06575181812467,-69.28941394363453,13.260213335011539,1.012103478532498,1.06287881699896
SB86208_component_1034a,98.729742,-68.585471,14.465999603271484,16.091211318969727,98.72855518282175,-68.58613273368856,15.697975461934458,0.8774976634899325,0.9215200799841766
SB86208_component_1037a,96.034111,-70.029742,14.130999565124512,31.542407989501953,96.03328983313676,-70.03040739947316,13.156875949321057,1.0227306440103419,1.0740391274916385
SB86208_component_1038a,86.481496,-69.912185,14.682000160217285,46.60952377319336,86.48075953386216,-69.91314604457294,13.345492599225262,1.0475910549629852,1.10014673876254
SB86208_component_1040a,84.034925,-67.044882,13.496999740600586,54.64372634887695,84.03495686124114,-67.04521894647877,12.916025048426224,0.9950605915113078,1.0449809202131541
SB86208_component_1042a,90.680836,-67.799189,14.446000099182129,71.87064361572266,90.68012079731702,-67.79990938297689,13.442601502376466,1.0233058451961168,1.0746431854450402
SB86208_component_1044a,77.377382,-68.416386,12.857000350952148,13.533684730529785,77.37793280915527,-68.41688921491044,10.73700171190971,1.140244009289992,1.1974479185088414
SB86208_component_1046a,83.678627,-67.539482,13.093000411987305,25.130517959594727,83.67826957713758,-67.53993036620622,13.259512302444413,0.9402704695588379,0.9874420803224858
SB86208_component_1048a,94.851526,-68.542266,12.996999740600586,50.18146514892578,94.85077539884304,-68.54312170933812,13.667115351947173,0.905539535359714,0.950968760115783
SB86208_component_1051a,93.012866,-65.669792,12.562000274658203,47.04869079589844,93.01327408808167,-65.67001874262063,11.337087108938963,1.0551118017396968,1.1080447873381365
SB86208_component_1052a,80.130337,-65.781348,13.08899974822998,43.341060638427734,80.13102382244031,-65.78159862550666,13.359735282573194,0.9329315326357379,0.979734962660797
SB86208_component_1053a,79.425664,-68.92941,14.727999687194824,40.79778289794922,79.42612941119017,-68.92987368138886,14.652843243338559,0.9571125888469038,1.005129137233515
SB86208_component_1056a,83.922232,-64.052665,14.923999786376953,54.26908874511719,83.92281650629222,-64.0525446691742,11.580255205592122,1.2271800020373236,1.2887453274060947
SB86208_component_1060a,95.789474,-63.925507,13.350000381469727,17.77629852294922,95.78944002122168,-63.92558540831693,12.460578618098832,1.020197451355962,1.071378849299905
SB86208_component_1062a,86.596434,-67.686686,13.840999603271484,72.4659652709961,86.59587609494325,-67.68731353120289,12.94758684434369,1.0179343957200426,1.0690022603955804
SB86208_component_1064a,95.073421,-63.616962,14.45199966430664,25.22163963317871,95.07301887907964,-63.61726303847402,10.383373402369752,1.3253501646827215,1.3918405034926629
SB86208_component_1068a,94.992679,-64.738821,13.086000442504883,36.65546417236328,94.99275651108306,-64.7392078133047,13.460443559527638,0.9257393512587528,0.9721819629964783
SB86208_component_1070a,87.509868,-63.678512,14.20300006866455,51.64727020263672,87.50981795816367,-63.67866977457248,13.390180249561766,1.0100312983597801,1.0607026794228096
SB86208_component_1071a,90.856743,-70.705026,14.407999992370605,22.512500762939453,90.8562321117519,-70.70608339743,15.33253770137403,0.8948099900585875,0.9397009335955802
SB86208_component_1074a,95.781782,-66.201556,12.911999702453613,40.349998474121094,95.78181093905171,-66.20172992987428,14.21636699587546,0.8648604690703703,0.9082489011573578
SB86208_component_1076a,80.041548,-66.839966,12.571000099182129,38.68000030517578,80.04209195716108,-66.84008298922579,15.965247873668403,0.7497825520734239,0.7873977403079077
SB86208_component_1079a,93.047848,-70.07022,14.640000343322754,38.83289337158203,93.04744862446657,-70.07121676480804,14.285678376875037,0.9758462203558343,1.0248025999956205
SB86208_component_1081a,83.214634,-67.68306,13.019000053405762,13.747623443603516,83.21462951092043,-67.68345946794845,12.358316021041208,1.0031352644476288,1.0534606843877172
SB86208_component_1082a,95.36467,-64.992755,13.152000427246094,38.45614242553711,95.36491734331955,-64.99301000473505,13.039858213351831,0.9604176018315178,1.0085999565378279
SB86208_component_1086a,95.447746,-70.533118,13.437000274658203,18.45741844177246,95.4474083878839,-70.53385023991089,11.642158353044609,1.0990311191878246,1.1541674547953744
SB86208_component_1087a,89.47294,-63.900856,13.229000091552734,51.27519607543945,89.47305319965449,-63.90084818843279,14.7044459922825,0.8566817568832217,0.8996598782773496
SB86208_component_1090a,79.827394,-69.788658,14.059000015258789,25.377254486083984,79.82708768904529,-69.78889361182792,10.584813873438957,1.26477237588464,1.328223640336066
SB86208_component_1091a,89.938136,-64.940614,12.821000099182129,56.98222351074219,89.93821561664548,-64.94075772207997,12.547123617711662,0.9730135596612931,1.0218278300122794
SB86208_component_1094a,87.073859,-64.698864,13.892000198364258,61.46902847290039,87.07390572453062,-64.69898216606174,13.187935985319294,1.0030650910205559,1.053386990491061
SB86208_component_1095a,80.486036,-65.474956,12.20199966430664,41.50339889526367,80.4866773067419,-65.47511985473271,14.697605263324556,0.7905431779150045,0.8302032505087555
SB86208_component_1097a,83.773693,-63.996421,12.984999656677246,40.45170974731445,83.77340986662124,-63.99650546349121,11.945973161706297,1.0350505811859625,1.0869771328719895
SB86208_component_1098a,86.49729,-65.681979,12.630999565124512,58.47684860229492,86.49782668028833,-65.68217295681237,11.768704499235374,1.0219984277911571,1.073270177354284
SB86208_component_1099a,96.665859,-67.557785,13.682999610900879,39.318965911865234,96.6650918903446,-67.55834062113651,9.092896452763013,1.4329143596662755,1.5048009929490724
SB86208_component_1100a,85.929477,-69.540355,12.088000297546387,34.83573532104492,85.92925503001902,-69.54137356766935,11.478942588272298,1.0027524783363875,1.053058694613243
SB86208_component_1101a,90.880499,-69.042803,12.807999610900879,59.29629135131836,90.88066186548984,-69.0437547270297,12.744353745751614,0.9569839493565752,1.0049940441405656
SB86208_component_1104a,88.25301,-69.602013,12.60200023651123,51.860084533691406,88.25278250641531,-69.6029972432919,12.840107383547654,0.9345703388879661,0.9814559847574549
SB86208_component_1107a,89.543414,-67.804648,12.913000106811523,63.61083984375,89.54296393559052,-67.80526315762401,13.59122901234576,0.9047104151419614,0.950098044487503
SB86208_component_1108a,86.057847,-70.642468,13.949999809265137,24.21875,86.05798246035049,-70.64324650396593,12.659997031789132,1.0492567302632827,1.1018959778771527
SB86208_component_1111a,86.963703,-69.761675,12.347000122070312,34.97734069824219,86.96353631721428,-69.76279086607106,11.830148425514986,0.9938307377869412,1.0436893670277705
SB86208_component_1112a,96.130522,-64.394037,12.793000221252441,20.903594970703125,96.13119164761186,-64.39422083408189,12.571844983123688,0.9689794258503044,1.0175913112534898
SB86208_component_1114a,78.342497,-65.681307,13.5,15.643105506896973,78.34373787586424,-65.68144658642129,15.42549117169525,0.8333662969962677,0.8751747253774066
SB86208_component_1115a,97.743014,-68.464163,12.923999786376953,24.949806213378906,97.74173464730922,-68.46457169307165,17.861770521221615,0.688991084929779,0.723556478962817
SB86208_component_1118a,89.678442,-66.145879,12.86400032043457,69.16129302978516,89.6788063004385,-66.14599904911827,12.289965863534752,0.9967047578524966,1.0467075713044103
SB86208_component_1127a,97.145765,-65.227293,11.753999710083008,15.304686546325684,97.14562261476794,-65.22753709903625,10.54306413304666,1.0615977591216572,1.1148561330705309
SB86208_component_1128a,84.455531,-64.342851,13.152999877929688,51.98814392089844,84.4557759138659,-64.34282806580414,12.332929341899012,1.0155463241278435,1.0664943837182805
SB86208_component_1129a,92.441637,-68.739287,12.206000328063965,54.98198318481445,92.44157568652984,-68.73978857566433,13.219977576335529,0.8791921961635059,0.9232996241925071
SB86208_component_1130a,80.850896,-64.879838,13.163000106811523,41.39308166503906,80.85113211022536,-64.87993439777688,12.282552557692492,1.0204868656372832,1.071682782954396
SB86208_component_1132a,92.949441,-70.416638,12.1899995803833,25.771669387817383,92.94945892956304,-70.41760606168582,12.83837601745978,0.9041380884287077,0.9494970052135326
SB86208_component_1138a,86.214057,-67.236857,13.746000289916992,62.48181915283203,86.21428292997992,-67.23719522074703,13.130705797073121,0.9968491519893736,1.046859209425058
SB86208_component_1139a,88.738752,-68.616931,12.833999633789062,56.7876091003418,88.73822777816153,-68.61761198040512,14.784203589743779,0.8266187534318934,0.868088670173101
SB86208_component_1140a,98.31437,-67.99905,11.638999938964844,14.548749923706055,98.31341266642404,-67.99942072808082,11.38509583010773,0.973464551045085,1.022301446790256
SB86208_component_1143a,87.86183,-63.732303,13.1850004196167,45.30927658081055,87.86198458701183,-63.73220304751489,12.72837890716777,0.9863889956119458,1.035874286566987
SB86208_component_1145a,79.342698,-65.078158,13.270000457763672,22.006635665893555,79.34364706351123,-65.07826808421758,12.648504543426457,0.9990171011605518,1.0491359205511936
SB86208_component_1148a,80.062162,-64.069397,13.048999786376953,20.013803482055664,80.06268004561132,-64.06970501939017,12.45537958396629,0.9976114438107241,1.047659744001285
SB86208_component_1156a,86.084077,-70.055806,11.529000282287598,35.583335876464844,86.0843553705763,-70.05688287238642,11.014989470537675,0.9966639028147406,1.046664666645826
SB86208_component_1158a,81.955566,-66.025236,12.291000366210938,53.43913269042969,81.95584990189761,-66.02533284596045,11.21838849554938,1.0432728889888616,1.0956119384782483
SB86208_component_1159a,89.335781,-69.713737,12.355999946594238,51.91596603393555,89.33490851793708,-69.714510506951,12.129913844224378,0.9699768010035966,1.0186387228527192
SB86208_component_1160a,91.830511,-70.205677,12.312999725341797,34.881019592285156,91.83024538535697,-70.2069138993796,13.004702427767006,0.9015807210464005,0.9468113394929883
SB86208_component_1162a,96.349476,-66.783553,11.045999526977539,32.20408248901367,96.34931596663108,-66.78391186014836,10.617047774274159,0.9907005736950122,1.0404021684580491
SB86208_component_1164a,81.202714,-65.266302,11.744000434875488,46.788848876953125,81.2034256697622,-65.26651577117482,10.62864903328428,1.0521536300881773,1.104938209747863
SB86208_component_1170a,95.106322,-68.212045,12.571999549865723,33.347476959228516,95.10602910534755,-68.21275085686484,13.860202026268459,0.8637259383318316,0.9070574531337077
SB86208_component_1172a,88.525893,-65.908949,11.991000175476074,58.779415130615234,88.52642532093847,-65.90933382068259,12.282982684377403,0.9295927661739268,0.9762286965304691
SB86208_component_1175a,91.825471,-67.922336,11.527000427246094,49.47210693359375,91.82547617270441,-67.923204768093,10.604092417545267,1.0351039621349563,1.0870331918433496
SB86208_component_1179a,91.645707,-65.449994,11.706999778747559,48.9832649230957,91.6463305332161,-65.45019443264593,10.41558584392411,1.0702939567557106,1.1239886026744037
SB86208_component_1181a,82.972646,-65.992861,11.60099983215332,50.004310607910156,82.97316320683457,-65.9930387081913,11.535834825003093,0.9576075407246135,1.005648919921165
SB86208_component_1183a,90.00338,-63.234989,12.319000244140625,23.644912719726562,90.00319709508547,-63.23508759025884,13.577078510685052,0.8639931519489324,0.9073380723581785
SB86208_component_1185a,82.960471,-68.103455,12.788000106811523,48.07518768310547,82.96021959950835,-68.10379320360263,11.495853869284733,1.0592599750068372,1.1124010666992923
SB86208_component_1186a,89.114306,-69.197322,11.461000442504883,55.63592529296875,89.1141905585045,-69.19826885685342,11.848899547067427,0.9210552395905155,0.9672628582070688
SB86208_component_1188a,98.283093,-67.523656,12.880999565124512,14.360088348388672,98.28252114265203,-67.52416842053391,10.561645030654741,1.1613394106062753,1.21960163665205
SB86208_component_1189a,94.583564,-70.365761,11.440999984741211,21.425094604492188,94.58380076285823,-70.36637729411325,12.395117248504102,0.8789304519940097,0.923024748807597
SB86208_component_1193a,86.779234,-70.011912,12.4350004196167,33.15999984741211,86.77869227792816,-70.01325586543497,10.554320174517786,1.1219066061564194,1.178190562158575
SB86208_component_1195a,93.147453,-66.49931,11.163000106811523,38.098976135253906,93.14805704191423,-66.49954283465264,11.674377389352404,0.9105176447963373,0.9561966119917211
SB86208_component_1196a,88.074375,-65.75125,11.107999801635742,50.95412826538086,88.07481702966768,-65.75127237272069,10.24043654499165,1.0329006680175272,1.0847193625811191
SB86208_component_1199a,86.172762,-64.291595,12.402999877929688,51.04115295410156,86.17314602621722,-64.29147873908381,11.3782418996502,1.0379889796972093,1.0900629453405266
SB86208_component_1200a,84.944808,-64.097443,11.329999923706055,36.66666793823242,84.9446734151787,-64.0975758152937,11.04968512677387,0.9763851605502933,1.0253685778115949
SB86208_component_1203a,84.485119,-70.586903,10.303999900817871,16.355554580688477,84.48485334804785,-70.58766182955327,10.634899614870298,0.922600353677175,0.9688854877774544
SB86208_component_1204a,91.534556,-67.04535,11.395999908447266,53.50234603881836,91.53451479336091,-67.04612754966955,10.979661289974544,0.9883361029981886,1.0379190766889028
SB86208_component_1207a,81.661834,-68.855057,11.572999954223633,16.82122039794922,81.66164945271888,-68.85520850393473,10.778912677601085,1.0223795725447404,1.0736704434272564
SB86208_component_1209a,91.091766,-69.30497,11.645999908447266,60.03092575073242,91.09174832493078,-69.30585767264132,11.237511979912584,0.9868423536253064,1.0363503887039112
SB86208_component_1210a,89.994906,-62.94915,11.890000343322754,11.38888931274414,89.99540043058741,-62.949260860521825,13.912278680303897,0.8138132648237896,0.854640754153081
SB86208_component_1211a,81.096794,-67.807994,11.342000007629395,36.705501556396484,81.09694823062428,-67.80822966342181,8.8717944244714,1.2173608732860866,1.2784335913312346
SB86208_component_1212a,92.250228,-67.875308,11.07800006866455,48.375545501708984,92.24999277001535,-67.87565278185386,10.571653746640688,0.9978369894481585,1.047896604841486
SB86208_component_1216a,80.257046,-63.226085,9.777000427246094,58.8975944519043,80.25761744338055,-63.2262559657383,9.804751190885936,0.949533349491665,0.9971696616161317
SB86208_component_1223a,87.07235,-69.226973,11.218999862670898,36.54397201538086,87.07180304001913,-69.22783488467162,11.858340019584189,0.9008892601899549,0.9460851893386922
SB86208_component_1225a,90.110647,-66.424426,10.902000427246094,50.009178161621094,90.11137534987832,-66.42471689638646,11.001382458515518,0.9436264320827125,0.9909664052091472
SB86208_component_1227a,94.77447,-67.527775,11.036999702453613,35.26198196411133,94.7739598899082,-67.5282895107086,11.429698561725182,0.9195120391804116,0.9656422383188122
SB86208_component_1228a,79.262192,-64.491613,11.892000198364258,14.537897109985352,79.2630293486919,-64.4914877961141,11.085918196687022,1.0214671488613019,1.072712245154229
SB86208_component_1230a,94.214717,-65.521077,11.604000091552734,44.63077163696289,94.21556149185803,-65.5212086101827,10.490678265991734,1.0532835979956923,1.1061248660317915
SB86208_component_1232a,81.885574,-67.912428,10.833000183105469,37.35517501831055,81.88516293633822,-67.91263244331692,8.73270166391051,1.181248561651472,1.2405095925668488
SB86208_component_1236a,96.33525,-69.214699,10.753000259399414,32.78353500366211,96.33439814940684,-69.21516785631883,11.74761818520591,0.8716075814504503,0.9153345035456596
SB86208_component_1240a,80.961485,-65.913899,11.102999687194824,45.880165100097656,80.96193900908266,-65.91421555264026,10.518267562610266,1.0051648176673502,1.0555920564963692
SB86208_component_1243a,81.478479,-67.576412,12.059000015258789,29.128019332885742,81.4784462211462,-67.57669173469121,9.995580223113668,1.1488000674383128,1.206433218091101
SB86208_component_1245a,90.938754,-69.789805,11.369999885559082,46.98347091674805,90.93866244593295,-69.7908189553507,10.977357704311398,0.9862881379086827,1.0357683690213968
SB86208_component_1247a,80.24766,-66.246469,11.980999946594238,40.07023620605469,80.24844601619063,-66.24662746280202,10.997666688998981,1.037369986773478,1.0894128986995841
SB86208_component_1251a,90.173956,-67.695876,10.883000373840332,56.979061126708984,90.17346319145086,-67.69655793903043,10.046521561199672,1.0315115358321691,1.0832605402322726
SB86208_component_1254a,95.503874,-66.396647,11.041000366210938,36.20000076293945,95.50397429255247,-66.39680958267608,10.404367754153727,1.010494364107215,1.0611889763126692
SB86208_component_1256a,78.833094,-69.747404,12.133000373840332,19.443910598754883,78.83362341772386,-69.74817090091919,9.438789170757799,1.2240329002196084,1.2854403413765652
SB86208_component_1258a,90.945128,-70.509953,11.795000076293945,20.802471160888672,90.94466514803844,-70.51071404558806,10.07997117804566,1.1142427667558874,1.1701422422698633
SB86208_component_1261a,94.174992,-63.642592,11.013999938964844,24.91855239868164,94.17504123214412,-63.64280380268305,9.783643885068104,1.0719773251280877,1.1257564224894288
SB86208_component_1263a,83.051216,-69.525644,11.711000442504883,23.706480026245117,83.05065418092482,-69.52615372324095,9.165370840678808,1.216704520158645,1.2777443101950405
SB86208_component_1265a,91.199573,-70.945222,11.857999801635742,13.263981819152832,91.1981102653449,-70.94583285477813,10.27091228834464,1.0993692468442686,1.1545225456839037
SB86208_component_1267a,94.385036,-70.155312,11.11299991607666,29.015666961669922,94.38427104898463,-70.15632946174397,10.139502800800331,1.0436522586337396,1.096010340388632
SB86208_component_1275a,85.431195,-63.410319,11.116999626159668,24.432966232299805,85.43124544432783,-63.41051262333923,10.633403223093195,0.9955348645421734,1.045478986634892
SB86208_component_1277a,86.6083,-63.483152,10.251999855041504,27.338666915893555,86.60826551579318,-63.48320301642123,11.015741773628772,0.8862087022509579,0.9306681352666023
SB86208_component_1283a,92.127317,-69.272309,11.850000381469727,52.66666793823242,92.12747520676768,-69.27334834463907,10.61442080041209,1.063073345529217,1.116405746888202
SB86208_component_1284a,91.79758,-69.583403,11.416000366210938,49.63478469848633,91.79694409378783,-69.58446685173556,9.636990242532498,1.1280120020313007,1.184602254324887
SB86208_component_1288a,89.47757,-63.533465,10.359000205993652,29.939308166503906,89.47726998429965,-63.5336564685881,13.281696611197063,0.7426863669351154,0.7799455528340071
SB86208_component_1289a,91.040815,-64.816386,10.9350004196167,42.05769729614258,91.04101688148349,-64.8164585450435,8.895615263909086,1.1705338530175737,1.2292573470417185
SB86208_component_1290a,83.61082,-68.279697,11.461000442504883,49.83043670654297,83.61076840302613,-68.27981975799847,11.882988287425956,0.9184130075055537,0.9644880702804696
SB86208_component_1292a,78.463377,-70.170009,11.847999572753906,11.262356758117676,78.46321058790332,-70.17018159264987,7.429430214174791,1.5185555660224037,1.594738658443661
SB86208_component_1293a,92.344338,-68.841691,10.347000122070312,47.46330261230469,92.3442363750675,-68.84250499153384,11.614398334898834,0.8483184317559708,0.8908769807713366
SB86208_component_1294a,83.591579,-63.476575,9.352999687194824,17.036428451538086,83.59209149973427,-63.47650285765294,10.934119057274636,0.8145322556909685,0.8553958154472565
SB86208_component_1297a,84.380009,-69.887699,11.545999526977539,21.743877410888672,84.37981946755613,-69.88865195601235,8.503304245941361,1.292959682739851,1.3578250516542978
SB86208_component_1300a,85.908639,-65.791043,10.717000007629395,56.40526580810547,85.90898112738311,-65.79118245498988,9.65839700044046,1.0565969289503978,1.1096044206031974
SB86208_component_1303a,96.638665,-69.218823,10.62600040435791,33.20625305175781,96.63812388984626,-69.21922840696367,11.66476108922233,0.8674314131344308,0.910948824676385
SB86208_component_1306a,81.601809,-69.132825,10.175999641418457,28.34540367126465,81.60238683440983,-69.13322831810765,7.927415756086423,1.22232477164208,1.2836465191832083
SB86208_component_1309a,82.772314,-67.331286,10.392999649047852,36.72438049316406,82.77242791185763,-67.33157523424444,10.163936687103488,0.9736886942029314,1.0225368347910913
SB86208_component_1314a,97.107836,-64.956297,11.173999786376953,10.869649887084961,97.10709420157647,-64.95663755455035,9.889897834239177,1.075865594517512,1.1298397590814508
SB86208_component_1317a,85.652484,-67.100166,10.093000411987305,55.45604705810547,85.65256044941854,-67.10056051687818,9.518119418831668,1.0097417358321237,1.060398590084742
SB86208_component_1318a,95.178335,-68.722723,10.177000045776367,39.142311096191406,95.17781287717108,-68.72345794721221,10.712303580285168,0.9046447568125782,0.9500290922025428
SB86208_component_1319a,90.513296,-65.283265,9.876999855041504,44.89545440673828,90.51356424493478,-65.28356546338371,8.060588286061863,1.1668082041156156,1.225344789302851
SB86208_component_1321a,91.142022,-67.997853,11.003999710083008,61.474857330322266,91.1417924081464,-67.99887149873071,10.37351043193129,1.0101037607227268,1.0607787770869708
SB86208_component_1322a,92.69694,-67.91813,10.093999862670898,44.0786018371582,92.69642650210614,-67.9188385998372,11.669763879300433,0.8236494095892802,0.8649703599038032
SB86208_component_1323a,86.074845,-64.320445,9.878000259399414,43.902225494384766,86.07492336783173,-64.3205727883736,9.017747601101265,1.0430668024625063,1.0953955129763329
SB86208_component_1327a,87.211067,-65.843266,9.583000183105469,48.15578079223633,87.21172914156764,-65.84366328604807,9.752473509780769,0.9356811554313885,0.9826225288891751
SB86208_component_1336a,80.726086,-70.516284,10.298999786376953,10.863924026489258,80.72670465214975,-70.51647222002957,8.460485876589404,1.1591533911511676,1.2173059486896387
SB86208_component_1338a,82.437885,-65.108566,10.119999885559082,37.620819091796875,82.43848893549787,-65.10874918704029,9.686572292602406,0.9948361298890206,1.0447451977711129
SB86208_component_1343a,79.778362,-68.359831,10.529000282287598,32.5975227355957,79.77811895597863,-68.36001939945237,9.098867923369859,1.101896851487882,1.1571769555248226
SB86208_component_1344a,87.516263,-66.177045,9.904999732971191,52.68617248535156,87.51685697143955,-66.17717123526994,9.47577806394279,0.9953613053917806,1.045296720346551
SB86208_component_1346a,84.36381,-68.880544,10.65999984741211,20.658916473388672,84.36332535548509,-68.88087583695079,9.298923279597988,1.0916054609992623,1.1463692652245394
SB86208_component_1353a,87.868852,-67.884829,10.446000099182129,47.91743469238281,87.86822389756806,-67.88569747844747,11.338837628510367,0.8772485421078062,0.9212584606482689
SB86208_component_1356a,80.343346,-67.210378,9.65999984741211,33.082191467285156,80.34363255227736,-67.21058962398176,9.094762502191548,1.0114092537217723,1.0621497642279671
SB86208_component_1357a,91.466368,-65.564532,9.888999938964844,43.56387710571289,91.4669322355071,-65.56484205318361,9.095704830015096,1.0352784682232727,1.0872164525757186
SB86208_component_1358a,86.959255,-67.467146,10.09000015258789,50.70351791381836,86.95899915883659,-67.46766406937812,12.637512513451652,0.7602750526386546,0.7984166300011863
SB86208_component_1360a,90.900449,-69.411038,10.414999961853027,45.88105773925781,90.9000162144935,-69.41204411030665,10.578391639528085,0.9375205516265209,0.9845542041509868
SB86208_component_1364a,95.197325,-67.155926,9.706999778747559,24.45088005065918,95.19717511906563,-67.15646834321672,9.735348529916203,0.9494556460726754,0.9970880599619489
SB86208_component_1365a,94.032671,-67.917888,9.902000427246094,39.45020294189453,94.03277816740354,-67.91876258455804,10.598513492076975,0.8896499311956376,0.9342820042309172
SB86208_component_1368a,79.031347,-69.75282,8.90999984741211,14.702969551086426,79.03135400670406,-69.75361443021201,9.068574243045376,0.9355776739543029,0.9825138559399372
SB86208_component_1369a,81.683079,-64.989791,10.034000396728516,37.02583312988281,81.68324475725248,-64.99001107360273,7.6820425278554465,1.2437656904961267,1.3061630888327889
SB86208_component_1370a,83.493477,-65.205366,10.484000205993652,49.68720626831055,83.49364477450145,-65.20552022295163,8.781785910817984,1.1368033409234517,1.193834638245823
SB86208_component_1371a,92.978001,-65.168587,8.8149995803833,33.77394485473633,92.97852435864496,-65.16887441221087,10.14487630006932,0.8274022657744602,0.8689114898644025
SB86208_component_1372a,85.465078,-68.291884,8.659000396728516,33.95686340332031,85.46440576972059,-68.29254689639765,10.85998867425842,0.7592408260014829,0.7973305181480588
SB86208_component_1373a,92.923751,-67.398324,9.694000244140625,39.56734848022461,92.92323288383835,-67.39885993836987,9.74447520308721,0.9472960738031676,0.994820145990972
SB86208_component_1374a,94.346889,-65.056059,10.843000411987305,41.544063568115234,94.34728124661073,-65.0564325866469,9.670936878271288,1.0676332513093787,1.1211944146124473
SB86208_component_1378a,82.602407,-67.183933,9.871999740600586,37.53611755371094,82.60303437007114,-67.18412525116729,9.72403193292248,0.9667182662145551,1.0152167134681174
SB86208_component_1379a,93.659241,-63.244318,10.194000244140625,15.102222442626953,93.65958901633752,-63.244310049313945,10.508273989784096,0.9237499278897553,0.9700927339781014
SB86208_component_1382a,80.19074,-68.91936,9.17300033569336,26.43515968322754,80.19194537833923,-68.91976294079785,8.604879960518396,1.015097501791686,1.0660230448050012
SB86208_component_1383a,86.73075,-68.860146,10.472999572753906,28.53678321838379,86.73002416722821,-68.86076579814399,10.786798333343356,0.924527198734705,0.9709089990475248
SB86208_component_1389a,78.260648,-65.855814,10.097000122070312,12.313414573669434,78.26076015559536,-65.85568896871106,9.040085298185176,1.063557559971774,1.116914253463661
SB86208_component_1390a,89.335189,-64.069239,10.015000343322754,43.16810607910156,89.33533742001323,-64.06930553073325,9.335095225931667,1.0215823520091305,1.0728332278285067
SB86208_component_1395a,85.006573,-70.253492,9.869999885559082,22.585811614990234,85.0056177619311,-70.25429188689148,9.990930379381913,0.9407026788298195,0.9878959727241826
SB86208_component_1396a,89.528272,-64.485145,9.51200008392334,45.29523849487305,89.52808018364529,-64.48535975347913,8.258412668792406,1.0967721920423843,1.151795201500174
SB86208_component_1397a,92.096123,-70.623766,9.960000038146973,15.394126892089844,92.09579355703264,-70.62491902889813,9.613861884511241,0.9865125788329185,1.0360040697270043
SB86208_component_1402a,84.993748,-68.730674,8.71399974822998,15.644524574279785,84.99378826765442,-68.73147520093666,10.30794150598908,0.8049831011727755,0.8453675977077486
SB86208_component_1406a,95.038403,-65.930982,9.954999923706055,33.18333053588867,95.03836357868323,-65.9314930438217,10.036330860722833,0.9445119496772489,0.991896347565118
SB86208_component_1408a,85.091903,-65.780029,9.579000473022461,43.94036865234375,85.09240303858316,-65.78014296344507,8.678865343091463,1.0509895802635627,1.1037157617208018
SB86208_component_1409a,82.791742,-63.343534,9.689000129699707,15.162755012512207,82.79207976074456,-63.343385362537454,9.580821620553568,0.9629802343881173,1.0112911515766108
SB86208_component_1410a,80.626089,-65.421963,9.854000091552734,35.31899642944336,80.6266621836312,-65.42225923710956,9.921711206741497,0.9457299569464702,0.9931754599808594
SB86208_component_1414a,83.104102,-63.62665,9.37399959564209,17.263351440429688,83.1047971128619,-63.62663195419139,8.988058267189478,0.9931165447786928,1.0429393442921342
SB86208_component_1417a,87.913952,-65.668179,9.24899959564209,43.83412170410156,87.91443959126738,-65.66844362198037,9.077675655409955,0.9701999878728909,1.0188731065897945
SB86208_component_1418a,79.042135,-65.372383,8.928000450134277,17.169231414794922,79.04268470129685,-65.3725823721942,9.493640170864762,0.8954938390249303,0.9404190899854844
SB86208_component_1420a,86.258533,-67.726857,9.652000427246094,49.497440338134766,86.25770066609358,-67.72755026045289,9.33613897397705,0.9844443945237382,1.0338321284793912
SB86208_component_1421a,84.007242,-66.508106,8.881999969482422,40.37272644042969,84.0078457985952,-66.50820544097613,9.14267719561375,0.9250784134973328,0.9714878672237942
SB86208_component_1425a,81.833221,-66.384948,10.21500015258789,36.09540939331055,81.83373592077139,-66.38514854452731,7.536526012162587,1.290649569241382,1.3553990440824768
SB86208_component_1428a,84.949286,-67.307256,8.906999588012695,42.822113037109375,84.94882077483808,-67.30782463110663,10.00535336966244,0.8476960633559335,0.8902233893127554
SB86208_component_1429a,86.473706,-64.614646,9.633999824523926,43.39639663696289,86.47435754306515,-64.61489667732134,8.948296043786979,1.0251973054978663,1.0766295367723164
SB86208_component_1433a,79.181342,-69.88714,9.515000343322754,14.48249626159668,79.18185956015972,-69.88724382771656,10.358265393845317,0.8747076806284588,0.918590128900963
SB86208_component_1434a,96.648578,-69.852926,10.041999816894531,19.767715454101562,96.64736243703105,-69.8532408765735,8.743828348609666,1.09360314767515,1.1484671721044575
SB86208_component_1435a,81.734662,-63.259524,8.137999534606934,10.460153579711914,81.73454775705234,-63.259886009652206,11.175495887085928,0.6934130701289399,0.7282003068884814
SB86208_component_1438a,96.530172,-65.209357,8.812999725341797,15.9367094039917,96.53014001135631,-65.2098535057537,9.10973340762202,0.9212112959018632,0.967426743571667
SB86208_component_1440a,95.626456,-69.991136,10.095999717712402,22.33628273010254,95.62642343012809,-69.99167730140539,10.52336002529462,0.9135578774314488,0.9593893674116454
SB86208_component_1441a,80.51583,-67.363465,9.807999610900879,29.81155014038086,80.51658258683041,-67.3636233613485,9.139947460893316,1.0218282528050509,1.0730914650074224
SB86208_component_1442a,93.602194,-69.31376,9.491000175476074,34.017921447753906,93.60180662858106,-69.31455217121741,9.808789360356029,0.9213777891085986,0.9676015894311732
SB86208_component_1443a,87.727902,-65.147121,9.10099983215332,46.91236877441406,87.72806743874304,-65.14745240302666,7.228592333175937,1.198882274968318,1.2590279562984743
SB86208_component_1444a,88.643385,-66.441941,9.052000045776367,46.901554107666016,88.64411577016627,-66.44225094996872,7.587985790330156,1.1359499697774897,1.1929384550656243
SB86208_component_1449a,91.680216,-63.283643,9.729000091552734,17.625,91.6802420304727,-63.28358077210735,9.00462834972572,1.0288299075531675,1.080444379678266
SB86208_component_1450a,84.973159,-64.866398,9.407999992370605,44.16901397705078,84.97334810457987,-64.86626374790035,9.250274431603794,0.9684648366768605,1.0170509061037085
SB86208_component_1451a,94.163757,-65.42272,8.824000358581543,30.219179153442383,94.1646331107591,-65.42294014781287,8.366841508079375,1.0042576312569647,1.0546393582405877
SB86208_component_1452a,92.618449,-69.442224,9.347000122070312,40.288795471191406,92.61863696700155,-69.44339120942533,9.17282434341173,0.9703096199960678,1.0189882387515337
SB86208_component_1455a,79.394898,-64.686084,9.519000053405762,13.937042236328125,79.39555015889798,-64.68614718013525,9.637348923823662,0.9405348926843855,0.9877197690616617
SB86208_component_1461a,91.003881,-68.810828,9.211999893188477,48.23036575317383,91.00401349346242,-68.81157657741252,6.729268695271366,1.3035485782566052,1.3689451722535195
SB86208_component_1462a,87.190258,-64.624492,9.406999588012695,43.15137481689453,87.19017192286485,-64.62467402817906,8.454297308267474,1.0595336994288358,1.1126885233635646
SB86208_component_1463a,94.490972,-69.434595,8.996999740600586,34.20912170410156,94.49020579560725,-69.43534263295017,10.181139821348816,0.8414774300937526,0.8836927788512237
SB86208_component_1467a,84.4571,-66.499374,8.684000015258789,34.4603157043457,84.45762059876617,-66.49959138884397,8.195292673383047,1.0090124233120814,1.059632689319685
SB86208_component_1472a,94.468449,-65.951451,9.303000450134277,38.92469024658203,94.46851193843972,-65.95176011699962,8.277761992617553,1.0701663046356533,1.1238545464862453
SB86208_component_1477a,83.758553,-70.453037,9.401000022888184,12.669811248779297,83.75939145281993,-70.45371917162504,6.282903024907007,1.4248031381104092,1.4962828465790823
SB86208_component_1479a,94.357245,-70.45365,9.949000358581543,16.09870719909668,94.35741711308044,-70.45436711220474,9.34207218557271,1.0140920861999834,1.0649671893936052
SB86208_component_1482a,83.133558,-65.348843,8.835000038146973,41.674530029296875,83.13406282413078,-65.34901081439483,8.075291714694522,1.0418123504853363,1.0940781274898115
SB86208_component_1484a,86.486434,-69.199088,7.610000133514404,16.836284637451172,86.4864282877986,-69.20001290010764,8.389975678355903,0.86370439257934,0.9070348264711129
SB86208_component_1485a,89.678965,-66.04258,8.91100025177002,43.681373596191406,89.67943599569743,-66.04285285185394,8.179907806355262,1.037335433452829,1.0893766119034674
SB86208_component_1486a,86.358265,-70.099955,9.807000160217285,26.433963775634766,86.35769510962344,-70.10113972877161,6.889031172047867,1.3555614143802734,1.4235673950800267
SB86208_component_1487a,93.003805,-64.746416,8.847000122070312,36.55785369873047,93.00421434293472,-64.74674078591521,8.54288244682747,0.9861268156537751,1.0355989535307
SB86208_component_1488a,79.006275,-66.136953,9.140999794006348,17.853513717651367,79.0073635859862,-66.13723143957108,8.764252534078881,0.9931617431353325,1.0429868101657869
SB86208_component_1493a,82.104461,-64.074725,8.645000457763672,25.130813598632812,82.1045774491255,-64.0743718675703,9.597345124707541,0.8577388354662011,0.9007699885156636
SB86208_component_1496a,80.055659,-69.411904,8.399999618530273,20.388347625732422,80.05595986092634,-69.41254651243153,9.027686126249213,0.8860209296876296,0.9304709425049841
SB86208_component_1498a,93.724151,-66.891823,9.178000450134277,41.9086799621582,93.72424324552543,-66.89208659237342,7.346899453065356,1.1895566910009323,1.2492345252261385
SB86208_component_1504a,96.255003,-70.217314,8.904000282287598,14.384490966796875,96.25456544814318,-70.2181976572901,9.112186069037309,0.9304729485750123,0.9771530360363124
SB86208_component_1505a,82.434626,-63.474438,8.380999565124512,15.783426284790039,82.43491806117129,-63.47409043962826,7.509772905150758,1.062698774431844,1.1160123842594765
SB86208_component_1515a,85.774825,-65.712849,8.987000465393066,41.41474914550781,85.77532613755312,-65.71303210249795,8.405699324178409,1.0180804056437287,1.069155595364039
SB86208_component_1517a,93.83583,-65.633046,8.404999732971191,30.900732040405273,93.83599939112376,-65.63341763886098,7.593417380140426,1.0540023951277724,1.1068797238715404
SB86208_component_1518a,82.122989,-70.214236,9.029000282287598,17.66927719116211,82.12230200289737,-70.21490415638378,7.438922861938833,1.155768295891222,1.213751029532028
SB86208_component_1519a,84.203704,-67.329761,8.83899974822998,38.4304313659668,84.20369286353012,-67.33036280571407,7.508983990898652,1.120890294903848,1.1771232644713838
SB86208_component_1520a,91.706417,-63.091078,9.503000259399414,12.136653900146484,91.70659599539992,-63.09128259364081,9.41008080187016,0.9616312194186707,1.009874459049362
SB86208_component_1522a,89.683128,-70.153513,7.932000160217285,27.734264373779297,89.68287261686852,-70.15472409810077,8.762983904091017,0.861929740501382,0.9051711434177363
SB86208_component_1528a,81.550294,-66.04114,9.166999816894531,21.878280639648438,81.55140645123868,-66.0412762916065,9.027271892514003,0.966967472586423,1.0154784220575432
SB86208_component_1529a,95.082595,-68.339063,8.347000122070312,26.33123016357422,95.08247267395258,-68.34006583311822,7.844917159105137,1.0131721041078712,1.0640010535206783
SB86208_component_1531a,88.613158,-67.079988,8.45300006866455,43.79792785644531,88.61318208335717,-67.08050400492161,7.483778275401291,1.0755512919116546,1.1295096885017333
SB86208_component_1533a,81.882743,-68.586414,8.357000350952148,25.95341682434082,81.88282401238605,-68.58656653792049,7.123768132469161,1.1170736581252403,1.1731151541642806
SB86208_component_1534a,92.963565,-68.998379,8.279999732971191,36.0,92.96350271432671,-68.99953897589178,7.5010985229193,1.0511062509036833,1.1038382855087145
SB86208_component_1535a,81.888867,-64.057597,8.032999992370605,24.195783615112305,81.88899660372907,-64.05744073964678,8.917924509802303,0.8577389672387853,0.9007701268990317
SB86208_component_1537a,89.608114,-65.613591,7.921999931335449,41.046630859375,89.60807531535224,-65.61372635890744,7.671504769663945,0.9833212865317122,1.0326526762600812
SB86208_component_1539a,87.03693,-66.152778,8.312000274658203,46.17777633666992,87.03781440870482,-66.15316300995579,8.237448051266307,0.960846529646237,1.0090504028587393
SB86208_component_1549a,81.117645,-63.467312,9.057999610900879,12.340598106384277,81.11716673237862,-63.46747384703119,8.009509229797915,1.0768806100975281,1.130905696094618
SB86208_component_1551a,95.980651,-65.379119,8.482000350952148,19.409610748291016,95.98151398916649,-65.37951302995205,7.848267086211759,1.0291191926114598,1.0807481776268502
SB86208_component_1555a,93.66178,-65.006635,8.407999992370605,31.02583122253418,93.66225826456025,-65.00688931889978,8.094105721252111,0.9891564694162099,1.0387805993556922
SB86208_component_1558a,94.671914,-65.841766,7.886000156402588,29.871212005615234,94.67236511708222,-65.84211376859857,8.048351391024658,0.9330201384112882,0.9798280136223773
SB86208_component_1559a,78.955325,-68.748618,8.376999855041504,19.346420288085938,78.95565011300788,-68.7491103680673,6.210761769000026,1.284354177700733,1.3487878245232157
SB86208_component_1560a,86.447121,-69.385912,8.395999908447266,28.08026695251465,86.44725160028456,-69.38682359914769,8.795615378279022,0.9089654188841705,0.9545665138088443
SB86208_component_1562a,94.37622,-68.360428,8.03499984741211,23.289854049682617,94.37619016858035,-68.36133022455046,8.11721714236902,0.9425835903708839,0.9898712460791809
SB86208_component_1565a,92.404719,-65.121202,8.791000366210938,35.16400146484375,92.40501807242403,-65.12142313146099,8.10812097518604,1.0324267394511912,1.0842216579050523
SB86208_component_1570a,88.347793,-69.887077,9.097000122070312,34.589351654052734,88.34777499010278,-69.88815185174684,7.345513543685077,1.179280731272707,1.2384430398186366
SB86208_component_1571a,84.210113,-70.066482,9.232999801635742,16.487499237060547,84.20908478281632,-70.06690671365016,7.3261464781161845,1.2000750159111826,1.260280534823524
SB86208_component_1577a,81.08515,-69.371479,8.48799991607666,21.932817459106445,81.08532395874326,-69.37193053229143,7.488416810828062,1.079335652396275,1.1334839032735498
SB86208_component_1579a,93.381368,-66.60418,8.406000137329102,33.49004364013672,93.3818378745424,-66.6044425558798,7.731267508118176,1.0353325261332988,1.08727322246998
SB86208_component_1580a,81.439704,-67.08454,9.055000305175781,31.660839080810547,81.43991395489442,-67.08485874237127,8.194458461692097,1.052226843536835,1.1050150961783005
SB86208_component_1585a,93.066736,-69.632125,8.479999542236328,31.879697799682617,93.06645449864425,-69.63309700758366,7.514479099883603,1.074578417584204,1.1284880068889513
SB86208_component_1586a,88.444032,-63.643961,8.789999961853027,30.415224075317383,88.44438457272207,-63.64421451614978,8.030342677837474,1.0423077350195635,1.0945983645395472
SB86208_component_1587a,95.93028,-66.042845,8.161999702453613,26.076677322387695,95.93107888968915,-66.04327473062911,7.033498775717624,1.105010294935652,1.160446594606942
SB86208_component_1588a,83.40577,-70.1975,7.130000114440918,16.204545974731445,83.40595988214447,-70.19826195206282,7.160468627129985,0.9481766505557409,0.9957448996321796
SB86208_component_1589a,91.522247,-63.260913,8.656000137329102,13.761526107788086,91.5223414402356,-63.261447084856826,7.285623475478151,1.1313362359049637,1.1880932587943016
SB86208_component_1591a,82.321103,-65.625659,8.416000366210938,33.26482391357422,82.32138827384168,-65.62584717590008,8.186141675631768,0.9789661038946834,1.0280790022561428
SB86208_component_1592a,89.642769,-66.925225,7.99399995803833,38.61835861206055,89.64276466604325,-66.92574254893755,8.099886726323891,0.9397803540716901,0.9869273766580662
SB86208_component_1594a,89.708947,-70.1966,8.031999588012695,27.135133743286133,89.70875023340464,-70.19737449946138,8.138700158688993,0.9397445041965851,0.9868897282617812
SB86208_component_1598a,88.627614,-67.856064,8.73900032043457,41.614288330078125,88.62745976015681,-67.8568693391229,8.863360152514433,0.9388679726237961,0.9859692227394614
SB86208_component_1601a,89.578482,-66.712646,8.128000259399414,42.333335876464844,89.57838816638933,-66.71299783286103,8.31323617220157,0.9310108793183616,0.9777179537589029
SB86208_component_1604a,93.974363,-63.479027,8.583999633789062,15.837637901306152,93.97456993132707,-63.47913286217065,7.7096620656905674,1.0602188318241266,1.1134080275696467
SB86208_component_1606a,89.145524,-66.067586,7.997000217437744,39.20098114013672,89.14630203051628,-66.0678017635357,4.672638675271145,1.629694028846728,1.711452730073055
SB86208_component_1607a,89.214603,-70.294069,7.39300012588501,22.26807403564453,89.21429227118155,-70.29512540245199,8.087833988055497,0.8704215826350633,0.9140890053880123
SB86208_component_1608a,81.55746,-65.194605,8.557000160217285,33.295719146728516,81.55820424666207,-65.19479834401564,7.049231439673336,1.1559017903075919,1.2138912211135773
SB86208_component_1612a,86.626027,-69.85216,7.684000015258789,24.239748001098633,86.62572109508054,-69.85310404121999,8.323595367006272,0.8790580655591881,0.9231587645066504
SB86208_component_1613a,86.05272,-66.801301,7.867000102996826,40.34359359741211,86.05271075442604,-66.80165929432323,7.955868707415785,0.9415919005691488,0.9888298050549623
SB86208_component_1614a,86.902848,-68.15184,7.429999828338623,32.73127746582031,86.90231391848664,-68.15249754027907,8.599571339557636,0.8227221045068938,0.863996533659877
SB86208_component_1616a,79.6133,-69.984547,8.911999702453613,16.38235092163086,79.61407847399586,-69.98510798391374,5.696564808747119,1.4897153284875437,1.5644515601348326
SB86208_component_1617a,89.834847,-63.474349,7.679999828338623,18.916255950927734,89.83531470006399,-63.47455471443668,8.866839693718063,0.8247712603956507,0.866148491866805
SB86208_component_1621a,91.376215,-66.389894,7.464000225067139,25.474401473999023,91.37639937565241,-66.39005017060337,5.766923466701425,1.2324480491921417,1.2942776626332464
SB86208_component_1630a,94.028302,-70.006889,7.836999893188477,23.11799430847168,94.02752984182389,-70.00784040155061,8.207882737417794,0.9092009134998175,0.9548138227488863
SB86208_component_1631a,79.271663,-69.561386,8.751999855041504,16.607210159301758,79.27222048670414,-69.56167295888658,8.738136577301665,0.9537392132015284,1.0015865256416168
SB86208_component_1633a,86.412521,-65.139092,7.672999858856201,32.79059982299805,86.41226840242969,-65.13927298205537,6.847149580931215,1.0670789199601407,1.1206122734962467
SB86208_component_1634a,88.736754,-69.050137,7.34499979019165,35.82926940917969,88.7368515383555,-69.05037765891505,7.336444294940084,0.9533389326190844,1.0011661637310416
SB86208_component_1635a,84.561869,-67.307186,7.879000186920166,38.812808990478516,84.56151476366166,-67.30779475197028,7.971490378262119,0.9411801310087949,0.9883973777859446
SB86208_component_1636a,88.076559,-64.476846,8.64900016784668,35.15853500366211,88.07723244055443,-64.47710072494854,8.188102011063744,1.005828244146402,1.0562887658409936
SB86208_component_1641a,83.019223,-67.609485,8.17300033569336,26.622150421142578,83.0189858736656,-67.61008275950807,7.284591967881915,1.068359587901314,1.1219571901526504
SB86208_component_1643a,96.447216,-65.223025,7.769999980926514,15.205479621887207,96.44657662561393,-65.22317600091378,6.990678263331139,1.058383032311704,1.1114801294293895
SB86208_component_1652a,93.296939,-64.235923,8.439000129699707,25.342342376708984,93.2964618171403,-64.2361641808419,6.606834070399666,1.2162945468714155,1.2773137693148102
SB86208_component_1655a,89.661393,-65.022655,7.793000221252441,35.4227294921875,89.66119683317712,-65.02286393534116,7.065275912244074,1.0503081315261962,1.1030001259748718
SB86208_component_1657a,94.416886,-65.191342,7.083000183105469,25.20640754699707,94.41723298045787,-65.19166814240236,6.723833823991646,1.0030935717238816,1.053416900018002
SB86208_component_1659a,92.269333,-64.241101,7.6020002365112305,31.283950805664062,92.26908372243483,-64.2416233452872,8.00551304051001,0.9042320061999088,0.9495956346636502
SB86208_component_1663a,90.436514,-68.60943,8.1899995803833,39.565216064453125,90.43632006774014,-68.61013024544063,7.707510486607879,1.0118378497557179,1.0625998621232844
SB86208_component_1664a,79.700749,-70.168122,7.894999980926514,12.316693305969238,79.7015971961482,-70.1687079328573,6.762415946089091,1.111709761419767,1.167482160793796
SB86208_component_1667a,85.582629,-67.235257,7.119999885559082,39.5555534362793,85.58239000410524,-67.23571705454866,7.307897715880044,0.9277451491717101,0.974288388039058
SB86208_component_1670a,89.652004,-70.637464,8.133000373840332,13.974226951599121,89.65172272179014,-70.63794283212476,5.450076381156916,1.4209845933175813,1.4922727325362544
SB86208_component_1671a,84.231301,-68.757903,8.095000267028809,23.600584030151367,84.2302346485962,-68.75854787985351,6.209326506792498,1.2414051310896999,1.3036841045761625
SB86208_component_1675a,91.413377,-64.341427,7.557000160217285,34.824886322021484,91.41372643712698,-64.3415985537901,6.45683221614622,1.1144769636591083,1.1703881883936738
SB86208_component_1676a,93.047997,-67.335821,7.324999809265137,28.72549057006836,93.04741996924791,-67.33637913139401,7.040271055196362,0.9907393291065899,1.040442868156137
SB86208_component_1678a,85.033667,-65.073849,8.057999610900879,36.29729461669922,85.03377262517307,-65.07406220631472,6.924780547092874,1.1080577435603793,1.1636469280291846
SB86208_component_1679a,94.804369,-70.339699,7.60699987411499,16.289077758789062,94.80382206027832,-70.34074445038229,7.178379622481726,1.0090859352020622,1.0597098891636885
SB86208_component_1680a,84.094411,-69.734619,6.566999912261963,10.626214027404785,84.0936166501833,-69.73503084344455,8.007919644488522,0.7808874977635041,0.820063162944164
SB86208_component_1681a,94.923768,-64.749996,7.340000152587891,21.46198844909668,94.92429772326813,-64.75012200694339,6.96498597685876,1.003499102406274,1.0538427754162205
SB86208_component_1682a,81.90705,-67.288671,7.34499979019165,29.031620025634766,81.90714466838382,-67.2886171841619,7.565251165635945,0.9245057196682798,0.9708864424165117
SB86208_component_1683a,93.708983,-65.639923,7.919000148773193,29.883020401000977,93.70956701260617,-65.64044926214063,7.300411946483262,1.0329139665862423,1.0847333283141531
SB86208_component_1688a,89.857256,-70.222347,7.309999942779541,23.429487228393555,89.85698679217899,-70.22326465347295,7.901298726266489,0.8809678463080396,0.925164355383593
SB86208_component_1689a,81.977051,-68.128397,7.622000217437744,28.229629516601562,81.97743211533057,-68.12783643424407,7.805457757003813,0.9298475367663331,0.9764962484869701
SB86208_component_1690a,95.478466,-66.98689,6.665999889373779,23.30769157409668,95.47825626968253,-66.98730673456194,6.2767214998500345,1.0112851002206846,1.0620193821779484
SB86208_component_1692a,93.643192,-67.030928,6.806000232696533,29.982379913330078,93.64351552481955,-67.03130817776919,6.489339202540829,0.9986944806922596,1.0487971148174409
SB86208_component_1695a,95.794034,-66.37195,7.236000061035156,22.196319580078125,95.79493876370489,-66.37221255841516,6.362704267382507,1.0829240268873692,1.1372522998011199
SB86208_component_1701a,83.406554,-67.042975,7.873000144958496,34.83628463745117,83.40625379052221,-67.04320778682718,7.53699948932186,0.9946789778004482,1.044580161656196
SB86208_component_1702a,89.435809,-63.971676,7.763999938964844,31.95061683654785,89.43855063550464,-63.971707976035184,2.1738035356772,3.4009981703014627,3.5716198872342635
SB86208_component_1703a,86.108406,-64.739436,7.367000102996826,31.891775131225586,86.10909061764153,-64.73974276822368,6.894197898883151,1.0175320466038067,1.0685797261767418
SB86208_component_1710a,97.803004,-69.419849,6.675000190734863,11.588542938232422,97.80140751757179,-69.42029674710246,8.156776981859716,0.7792447051621285,0.8183379545106781
SB86208_component_1713a,88.036792,-69.436087,6.830999851226807,27.65587043762207,88.03645106169837,-69.43723903696788,7.241246602236989,0.8982807727635258,0.9433458389770282
SB86208_component_1714a,95.099952,-63.897641,7.067999839782715,15.006369590759277,95.0998394070011,-63.89753368488895,7.9377668461749,0.847889697759594,0.8904267379922712
SB86208_component_1715a,92.015638,-66.872576,7.244999885559082,31.499998092651367,92.0158802311242,-66.8728728911097,5.607546060047336,1.2302877484131618,1.2920089836048396
SB86208_component_1717a,92.943963,-65.984009,7.929999828338623,33.04166793823242,92.94423836624163,-65.98418144003271,6.153278870127613,1.227178522031366,1.2887437731510067
SB86208_component_1718a,89.114514,-66.811909,7.341000080108643,34.95714569091797,89.1150533248034,-66.81227389847228,6.175654900113167,1.1319138534414313,1.1886998543221903
SB86208_component_1722a,80.967336,-68.714143,6.940000057220459,23.76712417602539,80.96789941654646,-68.71430683936931,6.797302434764713,0.9722188702562282,1.02099327252616
SB86208_component_1726a,86.540703,-69.171847,7.510000228881836,23.179012298583984,86.54010297863756,-69.17265319985906,6.171234300890463,1.1588015851187392,1.2169364932065858
SB86208_component_1727a,97.521975,-69.637531,7.710000038146973,15.029239654541016,97.5203674810231,-69.63760210584562,5.989794055594497,1.22569850247046,1.287189503776978
SB86208_component_1728a,83.29874,-66.288205,8.045999526977539,33.11111068725586,83.2996327709122,-66.2884249443373,6.9084533065809275,1.1090224607453454,1.1646600432709007
SB86208_component_1731a,80.08643,-66.580997,6.619999885559082,19.879878997802734,80.08682172532922,-66.58109705247949,7.168444400365185,0.8793752263849024,0.923491836697769
SB86208_component_1735a,94.219235,-63.99874,7.855999946594238,23.66265106201172,94.21825149415807,-63.99905374326105,7.583510023631471,0.9864438566561902,1.0359318998872082
SB86208_component_1737a,94.943297,-67.185896,6.629000186920166,25.01509666442871,94.94326480675394,-67.1861960443825,6.104890717277967,1.0339780109090282,1.0858507537504107
SB86208_component_1739a,80.585873,-67.592959,7.046999931335449,21.290029525756836,80.58634112131023,-67.59345571002935,5.627836535990206,1.1923505557261933,1.252168552918985
SB86208_component_1743a,90.590034,-67.579807,7.104000091552734,35.52000045776367,90.58952830440303,-67.58064370796798,7.399658827181315,0.9141814987742723,0.9600442746708089
SB86208_component_1745a,85.993692,-63.748672,7.677000045776367,26.291095733642578,85.99299561053179,-63.74864201204213,6.763310632286658,1.0808697794585775,1.1350949946211168
SB86208_component_1748a,95.069135,-64.486912,7.0879998207092285,21.675840377807617,95.06921330840916,-64.487397493906,6.242702213108665,1.0811656640165355,1.1354057231539212
SB86208_component_1751a,86.002605,-68.391424,7.048999786376953,27.535154342651367,86.00182903265883,-68.3919910093492,5.861527318509006,1.145138114250825,1.2025875515615618
SB86208_component_1758a,82.22278,-63.444392,6.543000221252441,12.322033882141113,82.22325056649396,-63.444528141614896,6.5320732103348655,0.9538213892594578,1.0016728243186692
SB86208_component_1765a,79.340597,-66.831958,7.269000053405762,18.68637466430664,79.34164594890672,-66.83233557840309,7.919050572786709,0.8740629695474541,0.9179130738709003
SB86208_component_1768a,96.504331,-68.25104,6.519999980926514,19.347179412841797,96.50395762544798,-68.25170060529231,7.288306878477672,0.8518480030957059,0.8945836241034301
SB86208_component_1769a,82.194566,-67.946661,6.5970001220703125,25.275861740112305,82.19471197955866,-67.94699956516119,6.1215388546934895,1.0261882733610443,1.077670219639671
SB86208_component_1770a,94.977384,-63.867038,7.776000022888184,15.740891456604004,94.97766907891732,-63.86705656657563,7.879580827473854,0.9397109860551678,0.9868545285779018
SB86208_component_1773a,90.893555,-69.003776,7.388999938964844,36.399017333984375,90.89324361991538,-69.00467140444188,7.104259388454029,0.9903940415666777,1.0400802581861779
SB86208_component_1775a,87.305994,-64.491338,7.2179999351501465,33.887325286865234,87.30615338567664,-64.49148512481592,6.362406041016385,1.0802808010581746,1.1344764682759985
SB86208_component_1776a,92.32231,-68.257313,7.123000144958496,28.043306350708008,92.32180361788926,-68.25821581583249,7.307384353001373,0.9282012908226558,0.9747674134634584
SB86208_component_1777a,84.824086,-70.568996,6.479000091552734,10.925801277160645,84.82315289888639,-70.57016523720188,6.683822731975781,0.9230478792616236,0.9693554648834172
SB86208_component_1782a,95.882665,-64.938361,7.252999782562256,15.497862815856934,95.88268458412259,-64.93852993967572,3.665047914461522,1.884426372391199,1.9789645188384624
SB86208_component_1785a,87.443668,-63.593071,6.7820000648498535,20.184524536132812,87.44356988836034,-63.59327002373821,7.552463821473918,0.8550869960141593,0.8979851112383478
SB86208_component_1787a,91.326478,-70.782585,6.978000164031982,10.368499755859375,91.32651715694652,-70.78337578446683,7.728276159605894,0.8597842960803607,0.9029180660629793
SB86208_component_1788a,88.50171,-66.269524,6.821000099182129,35.159793853759766,88.50240616936385,-66.26996510459688,6.396455160583164,1.0154297000283536,1.0663719088058548
SB86208_component_1790a,78.740614,-66.442327,7.447000026702881,14.321154594421387,78.74150157123263,-66.4428279149075,7.0410255756657945,1.0071324734091378,1.0576584258463935
SB86208_component_1792a,85.733836,-70.013032,6.955999851226807,16.801931381225586,85.73386146808468,-70.01370375104864,5.786893449628354,1.1446039591142099,1.2020265988608334
SB86208_component_1793a,94.115105,-64.859412,6.218999862670898,22.053190231323242,94.11613045025831,-64.85984648601195,5.532618730670443,1.0703627096108266,1.1240608047316647
SB86208_component_1795a,89.923349,-70.059731,6.8520002365112305,24.126760482788086,89.92285434162768,-70.0608475015279,6.994890968751294,0.9327764775319503,0.9795721287324695
SB86208_component_1802a,86.850927,-66.044491,6.465000152587891,29.253395080566406,86.85143786527514,-66.04470799595067,6.323925284200422,0.973470903097869,1.0223081175136473
SB86208_component_1804a,88.564381,-66.216044,6.8429999351501465,36.59358215332031,88.56511001259928,-66.2162521724844,6.030205594619233,1.080576659126991,1.134787168990751
SB86208_component_1806a,90.229875,-66.095946,6.900000095367432,35.20408248901367,90.23076254445928,-66.09613372925462,6.048991964554752,1.0861936384788962,1.1406859416906698
SB86208_component_1807a,88.256793,-65.081972,6.495999813079834,33.31282043457031,88.25683678448004,-65.0822198637226,6.368798358702745,0.9712469556552538,1.0199725987875363
SB86208_component_1809a,92.816893,-70.075385,6.5980000495910645,16.577890396118164,92.8169944272441,-70.07691906403635,7.141598143502198,0.8797475608156954,0.9238828504505358
SB86208_component_1811a,85.186481,-66.91929,6.84499979019165,35.283504486083984,85.18677418953406,-66.91989001486532,5.511315271920307,1.1826584785331056,1.2419902423413074
SB86208_component_1812a,82.104157,-69.319517,7.0370001792907715,22.19873809814453,82.10433757936282,-69.32007552711737,6.2192553127443215,1.0774331709489433,1.1314859778904318
SB86208_component_1813a,92.389657,-67.621273,6.584000110626221,28.502164840698242,92.38908134959499,-67.62205265893292,6.330537147360992,0.9903539400457774,1.0400381448469802
SB86208_component_1815a,84.249145,-65.992618,6.860000133514404,29.06779670715332,84.25000136546026,-65.99281313508014,6.8990859530292665,0.9468337592509039,0.9943346379823402
SB86208_component_1817a,89.469741,-64.028308,7.072999954223633,28.869386672973633,89.46969723210404,-64.0284376070794,6.436898793102966,1.0463287057847404,1.0988210598871369
SB86208_component_1820a,80.228214,-64.152826,6.572999954223633,12.082719802856445,80.22715445423695,-64.15300390304124,6.097037602651571,1.026563743280961,1.0780645261831858
SB86208_component_1821a,79.251432,-69.345758,6.432000160217285,13.892008781433105,79.25202305411385,-69.34600746526563,7.40177613686029,0.827468111946025,0.8689806394152353
SB86208_component_1824a,82.786952,-66.622671,6.449999809265137,30.424528121948242,82.78723205060246,-66.6228889859076,6.14634031086488,0.9992732573855022,1.049404927654832
SB86208_component_1831a,87.887735,-67.311071,6.684000015258789,31.380281448364258,87.88762558055055,-67.31109641433908,8.367768028770382,0.7606204117550335,0.7987793151384698
SB86208_component_1833a,94.911794,-66.935606,7.4710001945495605,27.46691131591797,94.91179373702246,-66.93607135102101,5.6639482647776,1.2560318022156787,1.3190445684346157
SB86208_component_1834a,85.910694,-66.350503,6.640999794006348,29.7802677154541,85.91074624644207,-66.35100432656435,6.6518324656585595,0.9506777509673653,0.9983714755733646
SB86208_component_1838a,90.617436,-65.700503,6.422999858856201,33.453125,90.61794675481859,-65.7009456575512,5.783270331864544,1.0575613849566867,1.1106172615633907
SB86208_component_1839a,91.377874,-68.911115,6.607999801635742,29.632286071777344,91.37758923419462,-68.91196206082698,7.239838941049999,0.8691250795742561,0.9127274591936405
SB86208_component_1842a,81.708766,-65.60225,6.7820000648498535,26.700786590576172,81.7096473440998,-65.6024346701721,6.40621070824332,1.008086354902403,1.0586601617900235
SB86208_component_1850a,83.88884,-65.789376,7.504000186920166,30.754098892211914,83.88944157126367,-65.78960046884009,6.068151420681617,1.1775452166256997,1.2366204576479183
SB86208_component_1859a,85.077184,-64.602148,6.369999885559082,31.534652709960938,85.0771006393422,-64.60233676204054,6.711662688237643,0.9037544911863639,0.9490941636150259
SB86208_component_1864a,85.664118,-64.501131,6.5,29.68036651611328,85.66421717005156,-64.50135425400086,6.479980277139106,0.9551703622944945,1.003089472807737
SB86208_component_1865a,97.321762,-67.087039,6.798999786376953,12.076375961303711,97.3216961025305,-67.08731733541872,5.468295102890407,1.1839524200420324,1.243349098475532
SB86208_component_1869a,88.897722,-66.54788,6.5920000076293945,34.33333206176758,88.89716686822425,-66.54811716900097,6.248406482598837,1.0045905550040766,1.0549889841493876
SB86208_component_1870a,85.974453,-65.324765,6.2179999351501465,27.392070770263672,85.97464503049771,-65.3245492573644,7.442078592489547,0.795605225443048,0.8355192514931614
SB86208_component_1871a,89.670855,-68.754295,6.716000080108643,30.25225257873535,89.66981248732502,-68.75503345572325,6.162328343614564,1.0377841263843466,1.089847814920118
SB86208_component_1873a,86.971311,-69.410661,7.27400016784668,21.778444290161133,86.97032713315642,-69.4113418341068,5.543824706111665,1.2494100153231513,1.3120905788791666
SB86208_component_1874a,88.072362,-65.825526,6.293000221252441,35.35393142700195,88.07304473593267,-65.82579517095245,5.713328410159378,1.0488411648093794,1.1014595642817062
SB86208_component_1876a,96.356765,-69.687217,6.051000118255615,15.052238464355469,96.3560433220042,-69.68800467356168,5.747286423817387,1.002548717764597,1.0528447117546822
SB86208_component_1877a,84.02241,-67.68279,6.748000144958496,21.354429244995117,84.02204199223792,-67.68339668044327,7.635028881712773,0.841599686023411,0.8838211681322037
SB86208_component_1884a,78.752947,-67.006192,6.2129998207092285,11.174460411071777,78.75311529609618,-67.00654145509289,4.310294811614797,1.372573251610295,1.4414326843647167
SB86208_component_1886a,79.795335,-65.851458,6.510000228881836,19.549549102783203,79.79635164265504,-65.85181730557393,5.818593018616407,1.0653791375120152,1.1188272161419939
SB86208_component_1887a,83.31528,-67.49638,7.3520002365112305,22.27878761291504,83.31531031631144,-67.49672258508099,5.955315453471247,1.1755521688818789,1.2345274224266123
SB86208_component_1889a,78.92769,-66.161768,5.802999973297119,10.667279243469238,78.92905548484408,-66.16190378600888,4.83902396920681,1.1419207404911351,1.1992087681781662
SB86208_component_1890a,83.882941,-66.121822,6.4120001792907715,22.419580459594727,83.88246901920637,-66.12179100164106,5.816808134361125,1.0496631541864956,1.1023227913284126
SB86208_component_1896a,87.884447,-64.282782,7.285999774932861,31.678258895874023,87.88399890749605,-64.28284590369881,6.51855753837382,1.0643361568514378,1.11773191109248
SB86208_component_1905a,86.006173,-66.030852,6.514999866485596,33.07106399536133,86.00720594007919,-66.03113209917703,6.189004537873633,1.0023855001318065,1.052673305798539
SB86208_component_1909a,88.403024,-64.383992,6.065999984741211,30.482412338256836,88.40291133259146,-64.38371968740813,6.682569103010211,0.8643708498667677,0.9077347186741006
SB86208_component_1910a,86.78224,-65.880223,6.513000011444092,28.946666717529297,86.78240777290154,-65.88046308972969,6.678777777804996,0.9285926701591419,0.975178427569215
SB86208_component_1912a,83.960877,-66.165961,6.441999912261963,24.401514053344727,83.96125264207237,-66.16617816357628,6.551823239846626,0.9362669823539757,0.9832377456527301
SB86208_component_1914a,88.806625,-68.751163,5.942999839782715,24.866107940673828,88.80580530915017,-68.75190548956553,6.724659137347665,0.8415435754308571,0.8837622425761714
SB86208_component_1918a,84.575174,-67.182335,6.593999862670898,29.972726821899414,84.57507055919231,-67.18268885207365,6.582976904974493,0.9538229505899147,1.001674463978155
SB86208_component_1920a,83.009962,-64.000694,6.498000144958496,18.40793228149414,83.0101226958772,-64.00074261694972,5.290514420366629,1.1695612748418414,1.2282359764380322
SB86208_component_1921a,82.042637,-66.414127,6.410999774932861,27.753244400024414,82.04292087098325,-66.41436081383739,6.034762352755089,1.011595188550334,1.062345027059103
SB86208_component_1926a,90.74887,-63.64246,6.767000198364258,20.75766944885254,90.74911925454087,-63.6420752179427,6.295084972700545,1.0236129185730585,1.0749656641189491
SB86208_component_1929a,90.018375,-70.447336,6.709000110626221,15.935867309570312,90.01732015694338,-70.4491024723084,2.8159467441659727,2.2686867141641427,2.3825024832326127
SB86208_component_1930a,92.747776,-63.738489,6.699999809265137,20.807453155517578,92.74700686871934,-63.73871159906008,6.3749348416625065,1.0007836599863922,1.0509911043291318
SB86208_component_1935a,85.027747,-65.426375,6.479000091552734,27.45339012145996,85.02793944564677,-65.42651863803698,6.111850970406379,1.0094304373558154,1.060071674346134
SB86208_component_1936a,83.212432,-70.108951,6.004000186920166,12.228106498718262,83.211815331082,-70.10946145212499,5.568006258338581,1.0267912240878083,1.0783034192766299
SB86208_component_1937a,91.470644,-67.368733,6.552000045776367,33.42857360839844,91.47057695570896,-67.36953483155453,6.141308841270257,1.015907389563402,1.0668735631314
SB86208_component_1938a,91.995301,-64.487626,6.060999870300293,23.49224853515625,91.99500625737274,-64.4878614706771,5.808638786347748,0.9935988268132252,1.0434458215142726
SB86208_component_1941a,82.732079,-70.380059,6.011000156402588,10.20543384552002,82.73168094577234,-70.38040377454983,5.311195081275244,1.0776944631907868,1.1317603786753239
SB86208_component_1943a,92.466647,-64.322129,5.881999969482422,23.527999877929688,92.46645919189908,-64.32228187466553,7.9957329368030035,0.7004996195588346,0.7356423752484995
SB86208_component_1946a,87.838935,-69.141887,5.9730000495910645,24.58024787902832,87.83838731976111,-69.1425092570481,6.350964922130207,0.8955585202987104,0.9404870161977894
SB86208_component_1950a,79.581968,-67.786923,5.874000072479248,17.74622344970703,79.5823312853742,-67.78725442154789,5.696461929422996,0.981906000579765,1.031166388059094
SB86208_component_1951a,88.836135,-64.184282,6.420000076293945,28.533334732055664,88.83610444046028,-64.18422277249037,6.5682623731113114,0.9307342727944774,0.9774274704030838
SB86208_component_1953a,91.487109,-64.88151,6.396999835968018,26.765689849853516,91.48720400297444,-64.8816576243224,4.809818554931335,1.266452226824565,1.329987766255632
SB86208_component_1961a,93.522138,-64.930321,6.420000076293945,20.445859909057617,93.5235757088852,-64.9305383002509,6.0457825302470045,1.0111688392323501,1.0618972885932851
SB86208_component_1962a,81.347968,-66.635796,6.236000061035156,28.605504989624023,81.34776517203218,-66.63593092757071,5.064497683379995,1.1724947309799667,1.2313165985838328
SB86208_component_1964a,89.618276,-64.638593,6.495999813079834,31.381641387939453,89.61807698542603,-64.63885652226305,5.402895392885441,1.144881691623633,1.2023182646907802
SB86208_component_1967a,84.614024,-64.680615,6.21999979019165,27.28070068359375,84.61412209840967,-64.68083837239251,5.49457484020151,1.0779470855379796,1.1320256746131674
SB86208_component_1968a,95.51373,-70.026039,5.7270002365112305,13.571090698242188,95.51372063861395,-70.0263013499134,5.439238514324886,1.0026059173720077,1.0529047809594099
SB86208_component_1971a,82.978616,-67.1493,6.581999778747559,30.331796646118164,82.97898383982574,-67.14912809046567,5.399743780579618,1.160715746561112,1.2189466845482502
SB86208_component_1972a,94.992884,-63.723179,6.60699987411499,12.879141807556152,94.99236878845554,-63.72283945672544,4.384978035916086,1.4347559747740029,1.5067349984421736
SB86208_component_1974a,92.391509,-63.967153,6.216000080108643,22.440433502197266,92.39177886663339,-63.967313573976284,3.4289918031959985,1.7261786079227903,1.8127777600153514
SB86208_component_1975a,90.062787,-65.919657,6.001999855041504,28.995168685913086,90.06313646601556,-65.91998347276053,5.512743488524776,1.036738821721696,1.0887500692776937
SB86208_component_1976a,91.448582,-66.775777,5.630000114440918,23.957447052001953,91.44898312213714,-66.77597170788748,5.912259477319588,0.9067677868996462,0.9522586307381359
SB86208_component_1977a,91.848088,-67.834652,5.992000102996826,26.990991592407227,91.84839850918789,-67.83546114589464,5.982515198990489,0.9537381770525241,1.0015854375109547
SB86208_component_1979a,80.535063,-69.025423,6.577000141143799,24.003650665283203,80.53417115016478,-69.02636131033576,5.9592373733223925,1.0509409919200876,1.1036647357910148
SB86208_component_1980a,92.717786,-66.50319,5.802999973297119,19.088815689086914,92.71819720332832,-66.503251596806,4.905769623006052,1.126384290093309,1.1828928831234602
SB86208_component_1984a,96.714391,-68.963706,6.455999851226807,17.4016170501709,96.7146376289332,-68.96435354259958,5.299592911479473,1.1600111587719075,1.2182067489075312
SB86208_component_1990a,84.183575,-66.665458,6.367000102996826,31.364534378051758,84.18393719737617,-66.66560955412106,5.741032624082529,1.05605371305604,1.1090339525834574
SB86208_component_1996a,82.247976,-67.216913,6.690999984741211,24.419708251953125,82.24865443114774,-67.21703039898992,6.078357237446248,1.0482043889344035,1.1007908425521165
SB86208_component_1999a,81.47928,-66.608247,5.9019999504089355,23.145097732543945,81.47951250961916,-66.60833445675368,6.153514260776947,0.9133077772405647,0.9591267201619753
SB86208_component_2010a,80.755553,-64.249884,5.947999954223633,15.251282691955566,80.75500748067924,-64.25001935791194,5.069097420105804,1.1173300641052863,1.1733844235527604
SB86208_component_2011a,93.915644,-67.703069,5.35099983215332,22.295833587646484,93.91568416202496,-67.70382541019069,5.731683977003855,0.8889838393078947,0.9335824957590333
SB86208_component_2012a,86.610004,-66.312558,5.639999866485596,29.841270446777344,86.61087003929165,-66.31286004479914,5.9192779791517385,0.907301280563967,0.9528188887817421
SB86208_component_2013a,81.864813,-68.994187,6.202000141143799,17.132596969604492,81.86448344537249,-68.99493101306076,6.15113972362333,0.9601019359326013,1.0082684542711882
SB86208_component_2016a,83.170813,-67.611478,5.453000068664551,14.898907661437988,83.17083044171511,-67.61190868760337,5.95099814740191,0.8725430304230753,0.9163168822435653
SB86208_component_2018a,89.175127,-67.777838,5.548999786376953,26.55023765563965,89.17464995148082,-67.77857984379722,5.890670480511848,0.8969973180764202,0.9419979957688608
SB86208_component_2019a,80.738382,-67.167836,5.505000114440918,19.80215835571289,80.73864923839453,-67.16804072963026,4.838459669027121,1.0834063401610543,1.1377588098296207
SB86208_component_2020a,88.119346,-66.533352,6.5929999351501465,29.968181610107422,88.12017394153433,-66.5337673504345,5.717257686921392,1.0980862923264725,1.1531752277376046
SB86208_component_2021a,80.206643,-65.749383,5.6539998054504395,20.3381290435791,80.20748394059572,-65.75014685957231,6.197479840908229,0.8687240248104308,0.9123062842624522
SB86208_component_2024a,81.047525,-64.589407,5.5960001945495605,18.34754180908203,81.04840176984587,-64.58987223187614,5.893857530370401,0.9041057952939785,0.9494630919926358
SB86208_component_2025a,92.769086,-65.336519,5.659999847412109,22.549800872802734,92.76975776062004,-65.3367899884487,5.471290734119668,0.9850715861783602,1.0344907851662182
SB86208_component_2027a,83.921337,-67.153265,5.605000019073486,22.600807189941406,83.92089538227474,-67.1533865112009,6.160993046766784,0.8662955141391171,0.9097559397530767
SB86208_component_2033a,86.52472,-67.821285,5.867000102996826,25.508695602416992,86.524643094353,-67.8217662337479,6.160000211707421,0.9069357773183718,0.9524350489219576
SB86208_component_2035a,82.596789,-64.976407,5.59499979019165,22.3799991607666,82.59740009359675,-64.97653939424886,2.51267550575358,2.120336718420658,2.2267100456784394
SB86208_component_2036a,87.061759,-63.826914,6.447000026702881,26.207317352294922,87.06196704235857,-63.82696674261668,5.841483710828119,1.05093454487832,1.1036579653132201
SB86208_component_2037a,88.535597,-65.581966,5.922999858856201,29.321781158447266,88.53556737203928,-65.58208061151699,6.050840826816768,0.932109983392291,0.9788721978284427
SB86208_component_2038a,88.422881,-67.803664,6.396999835968018,28.8153133392334,88.42184254568316,-67.80417071952729,5.643064915855806,1.07944982209922,1.133603800656947
SB86208_component_2040a,87.737398,-68.160228,6.193999767303467,26.24576187133789,87.73622298047317,-68.16097873861816,5.603113630834704,1.0526473960079574,1.1054567469802923
SB86208_component_2042a,92.846304,-69.301202,6.559000015258789,29.5450439453125,92.84648424125476,-69.30252248594581,4.853007006405996,1.2869683879461984,1.351533184807043
SB86208_component_2047a,93.907989,-63.795183,5.771999835968018,15.391999244689941,93.90815095737779,-63.79535995323783,3.8057270478783067,1.444208308012802,1.5166615375597965
SB86208_component_2049a,88.742687,-64.991952,6.2820000648498535,34.516483306884766,88.74300582660447,-64.9921640755411,5.721937914831719,1.0454324131955677,1.097879801975203
SB86208_component_2050a,81.276462,-63.897143,5.24399995803833,11.837471961975098,81.27670841685749,-63.897111927726094,6.492770932861836,0.7690839784591321,0.8076674831537478
SB86208_component_2051a,88.57377,-67.581448,5.559000015258789,27.934673309326172,88.57303514142346,-67.58224228379072,5.93471688133946,0.8919445074231046,0.9366916950559111
SB86208_component_2061a,83.039216,-69.396641,6.571000099182129,12.374764442443848,83.03940843739895,-69.39749755584678,4.656172091862378,1.3438277842683983,1.411245110692173
SB86208_component_2063a,94.15142,-66.740821,6.38700008392334,26.283950805664062,94.15219482316675,-66.74111872977676,4.797232436368203,1.2677900125778216,1.3313926662179179
SB86208_component_2073a,88.71601,-67.201938,5.784999847412109,26.415525436401367,88.71562920088208,-67.20243426258705,5.584652854306633,0.9863892609622481,1.0358745652294177
SB86208_component_2076a,91.699982,-68.780497,5.515999794006348,22.33198356628418,91.70004018708279,-68.7817089263316,4.8279197822836375,1.0879410443906539,1.14252101168865
SB86208_component_2079a,87.948425,-66.862004,5.9039998054504395,31.57219123840332,87.94892522856375,-66.86253750098204,5.370309409589975,1.046859002315948,1.099377960403442
SB86208_component_2080a,91.960309,-70.014321,5.736999988555908,21.327138900756836,91.95975709893962,-70.01544845463454,6.065303894431235,0.9006860767765469,0.9458718125934705
SB86208_component_2083a,96.624008,-65.667358,5.9019999504089355,11.01119327545166,96.62394817875781,-65.66743680306692,4.672817990590837,1.2027116063678962,1.263049398091938
SB86208_component_2085a,90.741115,-65.15646,5.7820000648498535,24.709402084350586,90.74118924585883,-65.15647058226436,5.26282374513316,1.0461655928335525,1.0986497638642765
SB86208_component_2086a,90.987731,-69.146512,5.519000053405762,26.280954360961914,90.98756269031098,-69.14739113100697,6.292818069789833,0.8351344285390884,0.8770315607725944
SB86208_component_2088a,88.49751,-66.979202,5.690000057220459,29.48186492919922,88.49786057760232,-66.97959626008792,4.7976713294516635,1.129335405444726,1.1859920504122532
SB86208_component_2096a,95.957181,-65.442651,4.991000175476074,11.165548324584961,95.95754563055483,-65.44302723524264,5.269989913250254,0.901818140175063,0.9470606694952641
SB86208_component_2098a,84.818903,-65.182526,5.734000205993652,27.56730842590332,84.8191662142815,-65.18262343409363,5.684330820188872,0.9605490010109686,1.008737947768341
SB86208_component_2099a,86.29909,-63.612896,5.489999771118164,19.0625,86.29919236162823,-63.61278507696601,5.677308386309085,0.9208120771716461,0.9670074967844589
SB86208_component_2100a,85.88071,-67.513185,5.74399995803833,29.91666603088379,85.88055938984402,-67.51357017568107,5.449022375147975,1.0037764506835354,1.054134037737796
SB86208_component_2106a,89.747149,-69.253451,5.894999980926514,26.43497657775879,89.74688139515295,-69.25439582742015,5.902355430936892,0.9510418217136858,0.9987538110680653
SB86208_component_2107a,80.9014,-70.195599,5.913000106811523,10.301393508911133,80.90097250031828,-70.1961495814175,5.596893167167206,1.0060093923090674,1.056479001868158
SB86208_component_2108a,81.892545,-63.735334,6.127999782562256,14.418822288513184,81.89188968287702,-63.73550842259133,8.346908127504234,0.6990919055127304,0.7341640388217089
SB86208_component_2109a,93.155728,-69.932125,5.793000221252441,19.83904266357422,93.15509546872643,-69.93332292656552,5.6536165189287,0.9757046250005198,1.0246539010661715
SB86208_component_2111a,86.578221,-67.141913,5.71999979019165,24.135019302368164,86.57825789446849,-67.14215968184014,5.412799513964524,1.0062716496447748,1.0567544161638682
SB86208_component_2113a,91.896765,-67.701555,5.645999908447266,28.515151977539062,91.89626104637746,-67.7022240456138,4.987831208390981,1.0778796789035114,1.1319548863139262
SB86208_component_2116a,89.619972,-66.347734,5.557000160217285,30.70166015625,89.62114597561953,-66.34788871557764,4.0764155774376105,1.2980849734229274,1.3632074685845337
SB86208_component_2125a,89.138896,-64.6516,5.51800012588501,27.316831588745117,89.13910562550726,-64.65168437636804,7.368817246720602,0.7130583765652871,0.7488311816039033
SB86208_component_2127a,81.21713,-67.523351,5.749000072479248,18.911184310913086,81.2169006782315,-67.52334231265333,4.407769621821116,1.2419799718400057,1.3042877840117215
SB86208_component_2128a,91.811755,-69.022646,5.254000186920166,23.043861389160156,91.81106968759138,-69.02348675509666,4.6946198061101825,1.065689834241417,1.1191534999451784
SB86208_component_2129a,82.981782,-66.176836,5.873000144958496,25.53478240966797,82.98238633538696,-66.17735018467508,6.9527381358509555,0.8043504417743556,0.8447031989706443
SB86208_component_2130a,95.968481,-69.970575,6.103000164031982,13.532151222229004,95.96809964542204,-69.97123846672146,5.311295303894974,1.0941682257854521,1.1490605991266238
SB86208_component_2135a,92.02754,-68.137777,5.751999855041504,28.47524642944336,92.02792736084346,-68.13900289995,5.218241375196463,1.0496291135947902,1.1022870429838914
SB86208_component_2136a,87.83736,-66.625688,5.485000133514404,21.42578125,87.8373404448821,-66.62591779814777,5.333627915661679,0.9792534112282228,1.0283807232612225
SB86208_component_2137a,88.583679,-66.70028,5.2129998207092285,25.55392074584961,88.58400213394656,-66.7007880160296,5.43610703182085,0.9131473787429054,0.9589582747716999
SB86208_component_2138a,93.641947,-65.441569,5.0929999351501465,16.698360443115234,93.64242133902185,-65.4419695319625,4.768621339733179,1.0170024484522944,1.0680235590765355
SB86208_component_2139a,88.226499,-68.663321,5.5879998207092285,25.87036895751953,88.22631671404498,-68.66338380031894,5.925821411268831,0.8979434574113758,0.9429916011445797
SB86208_component_2142a,86.785647,-64.360505,5.5920000076293945,27.546798706054688,86.78522581721822,-64.36064938246511,4.996625383617392,1.065691591649,1.119155345518613
SB86208_component_2143a,94.230598,-65.978942,5.485000133514404,22.854167938232422,94.23043849663189,-65.97919173124008,4.202930510738664,1.2426979978110173,1.305041832002694
SB86208_component_2146a,92.558494,-65.841161,5.321000099182129,20.704280853271484,92.5587347242999,-65.84147988407798,5.396310205129125,0.9389393187003608,0.9860441481152409
SB86208_component_2148a,81.363505,-66.594973,6.061999797821045,24.151395797729492,81.36336612586018,-66.5948969036709,4.937808810886034,1.169022346558336,1.227670011130562
SB86208_component_2150a,91.696288,-64.733886,5.244999885559082,21.584362030029297,91.69655831594021,-64.73378284110552,4.719256675377778,1.0583103660770654,1.1114038176656746
SB86208_component_2153a,82.203134,-65.162743,5.684999942779541,20.44964027404785,82.20337051167895,-65.16293097529072,5.604139989888394,0.9659678120887231,1.0144286104624516
SB86208_component_2155a,93.029136,-66.219165,5.120999813079834,22.659292221069336,93.0292501379001,-66.2193118073632,4.465759177875899,1.0919446537920094,1.1467254746852682
SB86208_component_2159a,90.265228,-68.262478,5.589000225067139,29.72872543334961,90.2656045242118,-68.26302578120823,3.9133874331909424,1.3599484514154012,1.4281745215576358
SB86208_component_2162a,82.544781,-64.416535,5.293000221252441,21.0876522064209,82.54535551881892,-64.41670986808758,6.682980624574995,0.7541762919096581,0.7920119058536176
SB86208_component_2166a,96.223798,-67.712029,5.079999923706055,15.924764633178711,96.22352568430989,-67.71246890331288,5.603490635609691,0.8632691498392829,0.906577748416871
SB86208_component_2171a,90.183623,-66.666992,4.98199987411499,25.680410385131836,90.18395172368034,-66.66734968809406,6.864559422994689,0.6910861814595167,0.725756682566756
SB86208_component_2173a,94.087527,-68.316156,5.300000190734863,19.702604293823242,94.0868102419199,-68.31663737081631,4.839961869395398,1.0427377844745136,1.095049988771282
SB86208_component_2181a,91.626259,-66.473097,5.156000137329102,21.940425872802734,91.62712876867461,-66.47321805944142,4.182424671113766,1.173886095023627,1.2327777647591383
SB86208_component_2182a,94.871302,-66.572371,6.122000217437744,20.474918365478516,94.87142404042774,-66.57260634137818,5.470579576010263,1.0656170649251686,1.1190770799284429
SB86208_component_2183a,88.332883,-65.349506,5.435999870300293,29.225805282592773,88.33285358359156,-65.35025225830844,5.498039730950331,0.941483535562262,0.9887160035783673
SB86208_component_2184a,83.809134,-67.503149,4.775000095367432,11.674816131591797,83.8080443019601,-67.50375055764493,5.2622195278868205,0.864063357793666,0.9074118002988286
SB86208_component_2195a,84.224289,-65.09672,4.888000011444092,21.160173416137695,84.22454878496389,-65.0969390653668,5.40821037782529,0.8606345699737882,0.9038109966072767
SB86208_component_2197a,96.885395,-69.652529,5.269999980926514,11.165254592895508,96.88419031904849,-69.65366590936854,4.785691759814372,1.0485932471953696,1.1011992091047098
SB86208_component_2204a,80.649839,-64.057691,5.491000175476074,11.682979583740234,80.65006096565814,-64.05823347806673,2.76235561212428,1.8928362150446598,1.9877962675679683
SB86208_component_2205a,94.033203,-70.240614,6.0269999504089355,14.453237533569336,94.03286586936399,-70.24133516947451,5.647531710679477,1.016210494341044,1.067191874108805
SB86208_component_2211a,87.432476,-67.486554,5.052000045776367,24.643903732299805,87.43245399078609,-67.48715816055021,5.566604460326005,0.8641997738958703,0.9075550601417259
SB86208_component_2215a,94.389374,-65.266707,5.361000061035156,18.486207962036133,94.39088415479648,-65.2672191505456,4.096519877311962,1.2461545612362517,1.308671804749771
SB86208_component_2217a,82.311335,-70.003693,4.216000080108643,11.12401008605957,82.31125482550158,-70.00420047211628,8.065209588255293,0.4977670198004045,0.5227390601538812
SB86208_component_2222a,92.396592,-70.254897,5.119999885559082,12.337348937988281,92.39583887977531,-70.25589333783932,4.50738114016731,1.081650197383068,1.135914564653175
SB86208_component_2223a,95.548063,-64.323698,5.201000213623047,12.2089204788208,95.54778646401071,-64.32411337883023,5.660719366906168,0.874895962522153,0.9187878565450989
SB86208_component_2233a,81.17601,-67.122665,4.895999908447266,18.406015396118164,81.1756323369399,-67.1229083719286,5.1667181685642065,0.9023349814129564,0.9476034396913561
SB86208_component_2234a,91.116832,-63.846267,5.078000068664551,15.86875057220459,91.11728952230875,-63.84643342306315,4.778946571879066,1.011816350211024,1.0625772839866459
SB86208_component_2235a,79.279539,-65.328144,5.375,10.559921264648438,79.28172119237182,-65.32843692697247,3.950540863111249,1.2955765421075163,1.3605731939618309
SB86208_component_2236a,92.667275,-65.386615,4.916999816894531,19.511903762817383,92.66784228897191,-65.3872783387978,3.637800894916324,1.2870707849914718,1.351640718920553
SB86208_component_2237a,92.195558,-67.837782,4.973999977111816,23.134883880615234,92.19539966601901,-67.83882002074178,4.8142752616679125,0.983820860224036,1.0331773126301398
SB86208_component_2240a,88.440471,-66.324945,4.9029998779296875,25.94179916381836,88.44170515988833,-66.32534937606587,5.268713560030465,0.886132081330835,0.9305876704182297
SB86208_component_2241a,95.11465,-65.440878,5.173999786376953,16.321765899658203,95.11498782363051,-65.4412960545782,4.577772045951634,1.0762506070358209,1.1302440869576709
SB86208_component_2242a,96.312766,-69.361771,4.920000076293945,14.8192777633667,96.31204429571517,-69.36248139792505,4.827476969810019,0.9704788267668163,1.019165934309484
SB86208_component_2244a,83.991301,-67.226172,5.448999881744385,24.76818084716797,83.99117455016746,-67.22634877249395,5.606503117741498,0.9254775671581968,0.9719070456772417
SB86208_component_2250a,90.599491,-68.161584,5.158999919891357,27.296297073364258,90.59890835183663,-68.16215445839035,4.24711420535457,1.1566787248374906,1.2147071329956523
SB86208_component_2251a,95.780483,-68.450444,5.690999984741211,20.619565963745117,95.78024980127682,-68.45074576168248,6.425900751693397,0.8433264790263444,0.8856345911102782
SB86208_component_2252a,80.79274,-68.542645,5.484000205993652,16.370149612426758,80.79287112706507,-68.5432341399089,3.579010075242233,1.4590685863936386,1.5322673283121413
SB86208_component_2253a,78.881493,-68.85807,5.172999858856201,12.555825233459473,78.88215401876371,-68.85920987177792,5.645411143808514,0.8725454459181261,0.9163194189194848
SB86208_component_2254a,92.276011,-67.017602,5.807000160217285,28.189321517944336,92.27631726088083,-67.01812761141848,4.3579518926566205,1.268850841468114,1.332506714909448
SB86208_component_2255a,88.247357,-69.975393,4.828000068664551,19.158729553222656,88.24747470931885,-69.97680124932717,5.37024263349265,0.8560803435516594,0.8990282931638341
SB86208_component_2256a,92.475732,-66.993539,4.974999904632568,20.557851791381836,92.47601248440684,-66.99413609329464,5.2605829369431785,0.9005345311604753,0.9457126642172936
SB86208_component_2261a,92.928242,-68.253001,5.678999900817871,25.352678298950195,92.9277882490028,-68.2539150143055,5.131374838226726,1.053851181082935,1.1067209237009064
SB86208_component_2262a,95.489108,-70.133184,4.913000106811523,10.845474243164062,95.48776241266981,-70.13375896266427,5.081157933518974,0.9207150568485989,0.9669056091332724
SB86208_component_2266a,89.947496,-69.197088,4.810999870300293,23.129806518554688,89.94716748016023,-69.19794430302454,3.8216832617184813,1.1987312322572998,1.2588693360571566
SB86208_component_2274a,87.254561,-65.757306,4.960000038146973,23.39622688293457,87.25509838833138,-65.75770278879122,4.112110123057767,1.148571693697861,1.2061933872672443
SB86208_component_2276a,92.570007,-63.916387,5.1020002365112305,16.950166702270508,92.57030864998697,-63.91639769001107,5.174941177748073,0.9388067911593095,0.9859049719153362
SB86208_component_2285a,81.811915,-67.033424,4.803999900817871,20.44255256652832,81.81200391155046,-67.03359403090354,6.752712587056747,0.677432284634274,0.7114177952762171
SB86208_component_2289a,79.690502,-66.568042,5.107999801635742,13.477571487426758,79.69096651026399,-66.56833682622727,5.197191909647588,0.9358867178369528,0.98283840397614
SB86208_component_2291a,88.427084,-66.87858,4.986000061035156,25.43877601623535,88.42714470898004,-66.87896126742018,5.475088132294534,0.867166178191459,0.9106702833924232
SB86208_component_2292a,94.922227,-67.976227,5.086999893188477,17.013378143310547,94.92177365980942,-67.97716999823439,5.159903848511208,0.93877450232357,0.985871063209101
SB86208_component_2293a,84.896225,-65.693308,5.435999870300293,24.821918487548828,84.8959971643414,-65.69352515981359,5.233314920639429,0.9891080439555204,1.0387297444802155
SB86208_component_2295a,85.557932,-65.322054,5.177999973297119,23.42986488342285,85.55800197777954,-65.3222282477825,4.897105636788905,1.006847595483781,1.0573592561283607
SB86208_component_2297a,87.468806,-64.422878,5.223999977111816,23.963302612304688,87.46875300630542,-64.42278787223044,5.034790198723562,0.988013671379309,1.0375804692787842
SB86208_component_2298a,91.399038,-66.176502,4.645999908447266,21.118181228637695,91.39910598502658,-66.17650581985224,4.668279477862515,0.9476839259518847,0.9952274559565464
SB86208_component_2301a,81.068305,-65.515873,4.964000225067139,20.016130447387695,81.06925459926707,-65.51621392485914,5.115094659592879,0.9241006658110843,0.9704610677649187
SB86208_component_2307a,90.931169,-63.635529,4.9710001945495605,14.284483909606934,90.9314794708064,-63.635785181600625,4.934164122784055,0.9593373534227059,1.0074655140868565
SB86208_component_2309a,97.04012,-68.25614,5.204999923706055,12.392857551574707,97.0395183289374,-68.25624916030469,6.131655953988254,0.8083214704339979,0.8488734467106772
SB86208_component_2311a,82.761826,-65.783842,5.064000129699707,20.419355392456055,82.76232110236923,-65.78401498571894,5.485927175616727,0.8789918245849155,0.9230892003465965
SB86208_component_2312a,86.856071,-67.406304,4.8520002365112305,25.671958923339844,86.85582580464833,-67.40697884771909,4.502950539835002,1.0260412058874482,1.0775157740660013
SB86208_component_2317a,92.93741,-68.180436,5.089000225067139,23.78037452697754,92.93732605031221,-68.18124235773378,4.506770854300487,1.0752468002184798,1.1291899210298373
SB86208_component_2320a,95.624481,-65.713693,5.183000087738037,15.28908634185791,95.62463022272132,-65.71397463470619,3.8757268179640953,1.2734128380051686,1.337297578279949
SB86208_component_2321a,89.744933,-70.287052,5.046000003814697,14.417142868041992,89.74561111758419,-70.28820942568015,4.132116570041403,1.162828982122934,1.2211659371855854
SB86208_component_2325a,79.828924,-66.656707,5.354000091552734,17.906354904174805,79.82937749129174,-66.65643415062155,3.785467025570917,1.3467905876818318,1.4143565524111927
SB86208_component_2327a,91.832834,-64.800991,5.085000038146973,19.482757568359375,91.83302911247468,-64.80139204741685,4.557686094813686,1.06239915337972,1.1156977317795824
SB86208_component_2335a,93.166708,-68.75761,5.151000022888184,23.958139419555664,93.1667471591815,-68.75843792954912,4.2643496301049675,1.150217345902301,1.2079215987647314
SB86208_component_2338a,85.263271,-67.570222,5.258999824523926,27.108245849609375,85.26362541127456,-67.57061624027547,4.842748701473651,1.0340758335826237,1.0859534840045715
SB86208_component_2341a,81.642251,-65.61809,4.632999897003174,18.91020393371582,81.64290417498408,-65.61861998624893,4.1293004566772105,1.068383007773678,1.1219817849562062
SB86208_component_2342a,83.972597,-66.249619,4.839000225067139,20.94805145263672,83.97369604739824,-66.2498188042072,4.164942731379384,1.1063378581684444,1.1618407592040323
SB86208_component_2346a,87.269987,-70.527882,5.445000171661377,11.157787322998047,87.26848042228178,-70.52864873980053,4.948058719035312,1.047862307672272,1.100431599712897
SB86208_component_2348a,93.401435,-67.361332,5.369999885559082,14.244030952453613,93.4005735994178,-67.36149705622411,4.8385211978140505,1.0568243085984326,1.1098432074628801
SB86208_component_2351a,80.272391,-64.766781,4.875,12.79527473449707,80.27230402184459,-64.76685336678227,5.205862068134585,0.8917089563603269,0.9364443268368917
SB86208_component_2359a,87.256471,-65.34671,4.63700008392334,22.40096664428711,87.25631209681092,-65.34698056947535,5.023425240462062,0.8789786495167983,0.9230753643099546
SB86208_component_2360a,93.925239,-68.607567,5.343999862670898,17.695363998413086,93.92348026500837,-68.60865365704316,5.1116423862619325,0.9955134715535735,1.0454565204000676
SB86208_component_2361a,86.631505,-69.635978,4.953999996185303,13.353099822998047,86.63155537777654,-69.636783651867,4.375130453482451,1.0782169647377762,1.132309093147632
SB86208_component_2369a,94.909399,-65.866192,4.658999919891357,16.521276473999023,94.91001995811958,-65.86648199457387,5.038730552173468,0.8804662916978244,0.9246376387166976
SB86208_component_2373a,91.551199,-64.253182,5.323999881744385,16.036144256591797,91.551628680248,-64.25315813723302,5.02145353276769,1.0096009597225093,1.060250751501018
SB86208_component_2378a,85.596136,-66.083712,4.645999908447266,25.668508529663086,85.59691278576287,-66.08374050870317,4.038465764908043,1.0954787487525226,1.150436868579733
SB86208_component_2379a,84.170972,-63.933371,5.281000137329102,19.705223083496094,84.170660982553,-63.93334768327514,4.778728053913581,1.052313223928678,1.1051058101128355
SB86208_component_2380a,83.79664,-66.970319,4.767000198364258,24.321430206298828,83.79690584889599,-66.97069220105793,4.677730402895507,0.970400804234798,1.0190839975329689
SB86208_component_2385a,93.821791,-65.698944,5.357999801635742,21.5180721282959,93.82255405096002,-65.69915029625568,4.545699851868628,1.1223882271434014,1.1786963451696435
SB86208_component_2387a,83.463855,-66.2604,5.0329999923706055,24.08133888244629,83.46363250180455,-66.26056028929679,4.828227014714475,0.9926140401918588,1.0424116299900699
SB86208_component_2389a,92.591184,-63.813408,4.988999843597412,15.445818901062012,92.59059605284452,-63.81348179848456,5.078055928038845,0.935528831633503,0.9824625632912581
SB86208_component_2394a,91.959932,-69.817184,4.804999828338623,19.937759399414062,91.96016342638421,-69.81811903571527,6.144861010787192,0.7445990506144627,0.7819541922760389
SB86208_component_2401a,83.736135,-68.046008,4.941999912261963,19.229572296142578,83.73584228126663,-68.04657616827596,3.596546664542345,1.3084532178121024,1.3740958684018143
SB86208_component_2406a,79.035255,-69.573656,4.802999973297119,10.284796714782715,79.03605893602355,-69.57404352533294,4.542856993014358,1.0067570612281687,1.057264179938481
SB86208_component_2408a,85.961364,-65.296705,4.520999908447266,19.487070083618164,85.96102388648976,-65.2970153967458,3.7871151375280867,1.1367557380479647,1.1937846472231097
SB86208_component_2411a,96.126054,-69.066699,4.552000045776367,14.180685043334961,96.12635599330463,-69.06752986847451,5.595131681425474,0.7746992070301288,0.8135644172393549
SB86208_component_2412a,93.270526,-65.48891,4.677000045776367,16.127586364746094,93.2709346885051,-65.48892190138474,4.427417704328414,1.0059074914624575,1.0563719888466705
SB86208_component_2417a,92.717178,-67.457308,4.302999973297119,17.007905960083008,92.71734794033695,-67.45795078981152,3.9356634040138916,1.0411050682169816,1.0933353621929633
SB86208_component_2422a,81.856893,-64.731938,4.960000038146973,19.076923370361328,81.85690143846985,-64.73239233001584,4.464950407216643,1.057806438584126,1.110874609072967
SB86208_component_2423a,88.831495,-69.067133,4.860000133514404,23.142858505249023,88.8315972086155,-69.06706012058659,5.8105451418676095,0.7964537609987997,0.8364103564906332
SB86208_component_2427a,89.259025,-70.244746,4.35699987411499,13.920127868652344,89.25881420701214,-70.24545977897455,4.705811723933114,0.8816458463475704,0.9258763694169669
SB86208_component_2431a,84.17079,-66.102924,4.448999881744385,15.28865909576416,84.1714831141133,-66.10307869865588,4.525429411456675,0.9361463857204582,0.9831110989116747
SB86208_component_2432a,92.763267,-69.839386,4.764999866485596,18.468992233276367,92.76274806244102,-69.84010868600889,3.2566483787976863,1.3932632707672246,1.4631606830838686
SB86208_component_2435a,81.407211,-68.492546,4.406000137329102,15.906137466430664,81.40672990067948,-68.49210102299983,5.128203906273656,0.8181263621447572,0.8591702314993682
SB86208_component_2438a,92.908078,-66.961468,4.497000217437744,19.81057357788086,92.90785707804363,-66.96173158893417,4.29513839783971,0.9969810696058977,1.0469977451016625
SB86208_component_2440a,79.898028,-68.440978,4.513000011444092,16.175626754760742,79.89833788516107,-68.4414561758906,2.4664387859100017,1.7423530468435664,1.829763640283902
SB86208_component_2442a,83.592477,-67.953277,4.531000137329102,17.49420928955078,83.5923820228641,-67.95377553339061,3.7233874307593866,1.1587693857268697,1.2169026784314525
SB86208_component_2443a,94.799969,-66.711461,4.394000053405762,15.310104370117188,94.79972666905331,-66.71157923159909,3.6603072400111465,1.1430985734710115,1.200445690835609
SB86208_component_2444a,84.740717,-65.360136,4.363999843597412,19.746604919433594,84.74214587198851,-65.35994699628694,5.001190578378407,0.830907134063894,0.8725921908403662
SB86208_component_2447a,86.735586,-64.234077,4.232999801635742,16.095054626464844,86.73525268471994,-64.23409155978133,4.252975298166331,0.9477560242380665,0.9953031712788925
SB86208_component_2448a,81.7806,-67.267724,4.215000152587891,16.7261905670166,81.78040995227774,-67.26846523742321,4.835739397350219,0.8299957569155386,0.8716350916051293
SB86208_component_2449a,94.592937,-65.405336,4.572000026702881,15.765518188476562,94.5933443374365,-65.40614249262497,4.447530664327455,0.9788777091864231,1.0279861729507036
SB86208_component_2451a,89.22678,-63.715391,4.860000133514404,18.479087829589844,89.2263116141524,-63.715854511637474,4.555946644576143,1.0157780353295394,1.06673771943757
SB86208_component_2452a,87.546199,-69.421792,4.428999900817871,17.368627548217773,87.54673899252417,-69.42289608429498,4.608908674985283,0.9150582346867461,0.9609649947841532
SB86208_component_2455a,96.484331,-68.21072,4.900000095367432,14.497041702270508,96.4835896289699,-68.21121677299163,4.662543583297175,1.0007240792807188,1.0509285345708954
SB86208_component_2456a,94.450632,-69.58172,4.760000228881836,16.58536720275879,94.44935160705215,-69.58183969926904,5.874798339438143,0.771534189394565,0.810240616588905
SB86208_component_2457a,82.765838,-69.519326,4.193999767303467,11.183999061584473,82.76527580476034,-69.51943339649064,3.1577206619609126,1.2647242881663845,1.3281731401469297
SB86208_component_2459a,88.609068,-63.330628,4.666999816894531,10.904205322265625,88.60920231115152,-63.33045607333912,4.635498424108659,0.9586995242569095,1.006795686224816
SB86208_component_2460a,89.17233,-67.171738,4.395999908447266,21.033491134643555,89.17201383557627,-67.1719038556735,4.536075399521766,0.9228233516327093,0.9691196731233196
SB86208_component_2461a,94.375529,-68.454644,4.340000152587891,16.56488609313965,94.37524735677361,-68.45505108071978,4.797283207569796,0.8614608648947187,0.9046787451988777
SB86208_component_2464a,85.90395,-63.808649,4.1479997634887695,15.892719268798828,85.90434459591582,-63.808482974885,4.436206651758846,0.8903650827957567,0.9350330336491854
SB86208_component_2470a,88.974816,-66.207686,5.0,25.906734466552734,88.9752027671704,-66.20802562567654,3.826869386350208,1.2441350646829734,1.3065509938317073
SB86208_component_2471a,82.230497,-67.048852,4.4679999351501465,19.76991081237793,82.23090315942545,-67.04929399986217,4.943265591291604,0.86067736008472,0.9038559334180388
SB86208_component_2472a,81.263364,-64.496224,4.826000213623047,15.875000953674316,81.26342971217142,-64.49688047141713,3.6394061136629703,1.2626936088448637,1.3260405854420572
SB86208_component_2476a,92.328826,-68.981757,4.449999809265137,20.135746002197266,92.32775315733811,-68.98254672024498,4.21647559491464,1.0049664587031746,1.055383746233974
SB86208_component_2486a,87.247763,-66.556645,4.218999862670898,22.68279457092285,87.24885391554855,-66.55683125436543,4.147569647672898,0.9686279340601502,1.0172221857776584
SB86208_component_2488a,96.300014,-67.410828,4.823999881744385,14.981366157531738,96.29947671082772,-67.41166597471616,4.203669955561984,1.0927475551819643,1.1475686561362
SB86208_component_2494a,93.855571,-66.988456,3.7960000038146973,17.02242088317871,93.85557388249518,-66.98894531580848,4.004141800254851,0.9027300948843688,0.9480183752666037
SB86208_component_2496a,86.365099,-68.473722,4.294000148773193,16.452106475830078,86.36445644247713,-68.47429185043707,5.8324765733992905,0.7010519761282915,0.7362224425139112
SB86208_component_2500a,87.46976,-66.321027,4.510000228881836,24.117647171020508,87.4698064956389,-66.32128202413018,4.774566744129822,0.89946394830043,0.9445883722175918
SB86208_component_2501a,91.887275,-63.637944,4.815000057220459,12.7380952835083,91.88868029562687,-63.63820871210394,4.662002701145306,0.9834786617336001,1.0328179466814909
SB86208_component_2506a,83.957125,-64.651188,4.296000003814697,18.050418853759766,83.95774975598243,-64.65094667836645,3.4852000530700784,1.1737557339995497,1.2326408637663118
SB86208_component_2509a,89.10499,-64.796229,4.359000205993652,23.819673538208008,89.10476568976036,-64.79645358782123,4.1473304550761965,1.0008279248642586,1.0510375898931272
SB86208_component_2527a,84.413839,-63.444063,5.00600004196167,10.859002113342285,84.4140930528285,-63.44417115609958,5.0299916898208705,0.9476866158633328,0.9952302808158208
SB86208_component_2532a,92.185335,-68.160596,4.323999881744385,20.11162757873535,92.18478087328569,-68.16112074838733,4.459975524870277,0.9231969558173717,0.9695120203311324
SB86208_component_2536a,96.844738,-69.320347,4.284999847412109,11.129870414733887,96.84400140989761,-69.32132790673678,3.753467335199624,1.087074568618083,1.1416110664472363
SB86208_component_2537a,88.084638,-68.069643,4.617000102996826,22.52195167541504,88.08367450376326,-68.07027821857328,4.2253767316841895,1.0404844967880071,1.092683657856122
SB86208_component_2541a,84.198556,-64.652118,4.116000175476074,16.93827247619629,84.19888825212128,-64.65242205433469,4.7664404230372925,0.8222850252883569,0.8635375269944648
SB86208_component_2542a,81.702131,-68.248535,4.160999774932861,14.913976669311523,81.7020897805644,-68.24838571654143,2.7761403618272578,1.4272414098326627,1.4988434418330665
SB86208_component_2544a,86.622162,-63.901084,4.125,15.44943904876709,86.62276082722579,-63.90119924459602,4.121594334545991,0.953015302860165,1.0008262980724385
SB86208_component_2550a,90.773443,-68.760373,4.254000186920166,20.95566749572754,90.77286450123131,-68.76072557769476,5.946459619484688,0.6812087164306763,0.7153836835923577
SB86208_component_2553a,89.884499,-64.80797,4.4710001945495605,21.392345428466797,89.88464882647874,-64.80812728658971,3.475247117693655,1.2250679067042407,1.2865272722006418
SB86208_component_2555a,89.351558,-64.678474,4.525000095367432,23.205129623413086,89.35128140567276,-64.67813367458633,4.639650162308272,0.9286980277395727,0.9752890707423939
SB86208_component_2556a,89.010673,-68.778385,4.757999897003174,21.053096771240234,89.01037535374999,-68.77926428002378,4.460402522924134,1.0157610167263111,1.0667198470428498
SB86208_component_2559a,90.59847,-65.03975,4.7829999923706055,19.44308853149414,90.59960819304186,-65.0388887882495,2.792295194249752,1.6310986079990502,1.7129277743343057
SB86208_component_2561a,89.762571,-63.737108,4.40500020980835,14.831650733947754,89.76270960138153,-63.73721738460091,4.721129420915229,0.888466778337449,0.9330394948068178
SB86208_component_2564a,91.548199,-66.617303,3.996999979019165,17.303030014038086,91.54903646554195,-66.61707818771616,4.096447139549157,0.929111759079481,0.9757235582097767
SB86208_component_2566a,79.410974,-66.121721,4.76800012588501,12.921409606933594,79.4115533569143,-66.12194575560991,3.8696449993903013,1.1732925126569027,1.2321544034753196
SB86208_component_2572a,82.827697,-67.227576,3.9489998817443848,18.031963348388672,82.82787521009092,-67.2278764727282,4.503069162370653,0.835063822612169,0.8769574126783838
SB86208_component_2575a,82.440145,-64.016882,4.053999900817871,11.076502799987793,82.43973515257169,-64.01706289563948,4.7239889588251085,0.8171767949179435,0.8581730262608681
SB86208_component_2576a,82.883479,-66.934945,4.168000221252441,18.690584182739258,82.88392525829542,-66.93532293605794,3.7851693456692623,1.048536576783539,1.1011396956443147
SB86208_component_2579a,85.474799,-66.451363,4.526000022888184,26.01149559020996,85.47511440064905,-66.45146155738708,3.690463098469327,1.1678171545425633,1.2264043568855647
SB86208_component_2580a,83.313222,-64.943822,4.564000129699707,21.528303146362305,83.31374953022586,-64.94373668264822,4.379812470921082,0.9922732827803796,1.0420537774166139
SB86208_component_2582a,90.328182,-66.487816,4.269000053405762,21.560606002807617,90.32889225435872,-66.48809782751563,4.5360052319079145,0.8961769700218192,0.9411364923867501
SB86208_component_2583a,88.75344,-69.217472,3.825000047683716,17.70833396911621,88.7527424803904,-69.21834702043452,4.29360326434788,0.8483024049200012,0.8908601498989832
SB86208_component_2586a,90.614464,-63.407869,4.65500020980835,10.507901191711426,90.61433310470589,-63.408310401847956,4.230025384102012,1.0478953112078553,1.1004662589741303
SB86208_component_2588a,86.011135,-64.488949,4.482999801635742,19.158119201660156,86.01081763342702,-64.48899898522978,3.5323058710000454,1.2085137117925362,1.2691425842933988
SB86208_component_2590a,82.606497,-64.658383,4.335999965667725,19.27111053466797,82.60690162866632,-64.65855965978517,3.5843971297606636,1.1518987711916167,1.2096873780158526
SB86208_component_2591a,84.020946,-64.22934,4.130000114440918,16.788618087768555,84.0202110376621,-64.22916484910519,3.3281839211805417,1.1816365373745745,1.2409170323063046
SB86208_component_2595a,95.263138,-69.030933,3.819999933242798,13.310104370117188,95.26289465905178,-69.03119488037801,4.820126942146952,0.7546508146387226,0.7925102345004459
SB86208_component_2596a,81.68093,-65.845062,4.114999771118164,13.189101219177246,81.68097908349115,-65.84534632307371,4.268407447153598,0.9180051386346112,0.9640597393911552
SB86208_component_2599a,93.452208,-65.972144,4.103000164031982,20.01463508605957,93.45230864890583,-65.97228028254727,5.039997412944437,0.7751975413008803,0.8140877520083789
SB86208_component_2606a,95.277596,-67.285428,4.514999866485596,15.515462875366211,95.27693505741237,-67.28615298395646,4.262409731113288,1.008657478661375,1.0592599377597456
SB86208_component_2608a,94.55149,-64.662034,3.885999917984009,12.953332901000977,94.55187245328787,-64.66224789619642,5.386830710085966,0.6869270611499154,0.7213889069704947
SB86208_component_2613a,81.443238,-66.430387,4.796999931335449,17.701107025146484,81.44488622880608,-66.43133573704397,4.37945793306627,1.0430149152824228,1.095341022713475
SB86208_component_2615a,92.965317,-64.364799,4.570000171661377,19.041667938232422,92.96592433649057,-64.36471381615496,4.817289242154194,0.9033471088325691,0.9486663436505144
SB86208_component_2617a,85.065167,-64.086305,4.177000045776367,13.740132331848145,85.06556142595382,-64.0864834834595,4.234995400097286,0.9391883630792346,0.9863056865847868
SB86208_component_2618a,82.862274,-64.885574,4.414000034332275,18.863248825073242,82.86286847389289,-64.88571496579509,4.12465624437992,1.019027110841815,1.0701497949911833
SB86208_component_2619a,87.657802,-65.490576,4.060999870300293,19.809755325317383,87.65752877243551,-65.49083254779451,5.788242519291277,0.6680783871789737,0.7015946302812359
SB86208_component_2622a,93.955698,-69.596182,4.691999912261963,16.938627243041992,93.95650702187662,-69.59694358023964,3.6984386683770274,1.208038401409107,1.2686434284770596
SB86208_component_2624a,94.703017,-65.7218,4.0269999504089355,15.4884614944458,94.70331946303659,-65.72179314804391,2.9948584556992364,1.2804024269029992,1.3446378217793655
SB86208_component_2625a,88.602471,-64.124984,4.006999969482422,19.935321807861328,88.60281674845221,-64.12497992531816,4.827921863936633,0.7903150860841244,0.8299637157373461
SB86208_component_2626a,91.516686,-65.722792,3.8919999599456787,19.557788848876953,91.51771553153824,-65.72286627646578,3.705167831660721,1.0002443526983928,1.050424741003221
SB86208_component_2627a,86.716634,-66.865891,4.375999927520752,23.031578063964844,86.71739895860723,-66.86587801845043,4.03401246359946,1.032954605282383,1.0847760057776679
SB86208_component_2630a,83.471275,-66.723312,4.589000225067139,20.48660659790039,83.47156781745544,-66.72351788358036,3.1580159194306603,1.383709522921054,1.45312764157771
SB86208_component_2631a,91.52586,-66.338416,4.427999973297119,19.086206436157227,91.52718073238974,-66.33813578348277,4.79623113245579,0.8791210348413769,0.923224892839948
SB86208_component_2638a,86.045409,-64.664961,4.229000091552734,19.049549102783203,86.0455844242438,-64.66518374559045,3.4107900616430427,1.1806573401316165,1.2398887105691707
SB86208_component_2641a,93.111782,-64.603554,4.2220001220703125,16.687747955322266,93.11132860543077,-64.60365756456218,4.187659105593025,0.9600372547681576,1.008200528173705
SB86208_component_2642a,91.246197,-66.596278,3.9519999027252197,20.476682662963867,91.24674826523932,-66.59667095902287,3.2890898504515182,1.144148388987632,1.2015481736331097
SB86208_component_2644a,89.906581,-66.283608,3.996000051498413,18.58604621887207,89.90669551556347,-66.2837831321805,3.8924145448693546,0.9775693221978853,1.0266121466341749
SB86208_component_2646a,87.213706,-69.587217,3.9519999027252197,13.442176818847656,87.21337855305366,-69.58824886957505,4.3535477136463925,0.8644000482258949,0.9077653818602922
SB86208_component_2647a,93.151445,-67.44263,4.429999828338623,16.050724029541016,93.15041061402798,-67.44281322297816,3.497644341234899,1.2060608752279824,1.2665666935062188
SB86208_component_2649a,81.649037,-65.681342,3.9839999675750732,16.2612247467041,81.64967559565801,-65.68156954046295,4.056233142103185,0.9352712464452263,0.9821920555358763
SB86208_component_2652a,91.765185,-69.345223,4.017000198364258,17.541484832763672,91.76500230773797,-69.34635179377457,3.8246739516475756,1.0001119140070984,1.0502856581104993
SB86208_component_2656a,82.2185,-66.182535,3.8369998931884766,14.814671516418457,82.2190496731429,-66.1828132260909,4.433810181192213,0.8240543505994449,0.8653956160470408
SB86208_component_2659a,93.03803,-69.665592,4.546999931335449,18.408906936645508,93.03764392421718,-69.66660702346039,2.711823763064047,1.5966313461948174,1.6767313544733695
SB86208_component_2660a,84.907459,-64.069452,4.179999828338623,14.266210556030273,84.90797472867376,-64.06951604088535,5.006430645300727,0.7950404505425577,0.8349261428922758
SB86208_component_2661a,90.953407,-69.691512,3.7950000762939453,15.746888160705566,90.95303771995269,-69.6930682556323,3.959389687937845,0.9126929735716776,0.9584810729429569
SB86208_component_2662a,86.845737,-63.628742,3.8239998817443848,11.694189071655273,86.84647160284601,-63.62799929105763,4.602694909380058,0.7911281673280983,0.8308175877465325
SB86208_component_2663a,89.683025,-64.040476,3.9100000858306885,15.766129493713379,89.68259809491363,-64.04089379014692,4.490872465069674,0.8290623839484574,0.8706548930620827
SB86208_component_2664a,81.9,-68.020914,4.61299991607666,14.644444465637207,81.8994947704312,-68.02129923301541,4.032777798908275,1.0892318172579203,1.1438765402163886
SB86208_component_2665a,94.352724,-66.326203,3.9760000705718994,16.032258987426758,94.35246592906802,-66.32660023759871,3.553564092300823,1.0654262589889025,1.11887670161524
SB86208_component_2667a,89.884096,-64.267711,3.9489998817443848,17.708518981933594,89.88393734606517,-64.26782756172587,3.8317762342755537,0.98135953623272,1.0305925086178718
SB86208_component_2670a,87.925959,-64.652718,3.943000078201294,19.814069747924805,87.92604983716194,-64.65222898399685,3.5903097830071267,1.0457696386503712,1.098233945400323
SB86208_component_2672a,89.220757,-64.964557,3.819000005722046,18.360576629638672,89.22116848621512,-64.96481777539547,3.592493824795804,1.012266336824797,1.0630498455871713
SB86208_component_2678a,96.152849,-67.889593,4.238999843597412,13.414555549621582,96.15279207679642,-67.89041511820496,3.8806847474228454,1.0401505490185403,1.0923329565516815
SB86208_component_2679a,93.352756,-66.256943,3.7339999675750732,15.056451797485352,93.35305917597525,-66.25715129298554,4.089898263990751,0.869366638876208,0.9129811370739557
SB86208_component_2687a,86.944162,-65.084023,4.410999774932861,17.78628921508789,86.94413017676392,-65.08427691209567,3.5598176268092874,1.1799142663520283,1.2391083581679154
SB86208_component_2698a,83.131482,-66.223131,4.2729997634887695,18.1829776763916,83.13082696487872,-66.22287079512391,4.579864670656722,0.8884262647867509,0.9329969487670582
SB86208_component_2700a,89.721469,-70.061661,4.238999843597412,14.418366432189941,89.72216620784849,-70.06252251703596,2.93420221789676,1.3756708198159273,1.4446856517734938
SB86208_component_2701a,86.262562,-68.093859,3.6489999294281006,17.051401138305664,86.26167878073858,-68.09403590569708,5.156232013860789,0.6738800040010404,0.7076873033678461
SB86208_component_2702a,95.402303,-68.341111,4.543000221252441,16.702205657958984,95.4021527078583,-68.34208628838473,3.235772854290359,1.3369214658816893,1.4039923152296707
SB86208_component_2704a,92.351936,-68.554538,3.7769999504089355,16.71238899230957,92.35194850706995,-68.55560333613666,3.5809999118924023,1.0043471108134252,1.0547333268190324
SB86208_component_2705a,87.549158,-68.010915,4.1479997634887695,23.044443130493164,87.54863399974654,-68.01178917729395,4.515106214305,0.8748063313058388,0.9186937286983097
SB86208_component_2708a,93.929679,-65.749246,3.434000015258789,14.550847053527832,93.92948314680409,-65.74952470590304,2.679656287931052,1.2202880734195112,1.2815076436202801
SB86208_component_2710a,90.027013,-66.851643,3.7809998989105225,19.38974380493164,90.02790216223575,-66.85188385447923,3.3470912568185414,1.0756730259065104,1.129637529663418
SB86208_component_2711a,91.418642,-65.990783,3.6700000762939453,17.39336585998535,91.41955462350006,-65.99104525113684,4.114504185046623,0.8493559444478792,0.891966543534421
SB86208_component_2712a,93.868338,-64.613734,3.9509999752044678,14.263537406921387,93.86788167239578,-64.61351999465981,4.053375929606232,0.9281780815562458,0.9747430398315634
SB86208_component_2713a,82.770651,-68.471846,4.053999900817871,11.484419822692871,82.76996648017584,-68.47174646240316,3.940225917842559,0.9797240658510646,1.0288749897461738
SB86208_component_2714a,88.320971,-68.31502,3.690999984741211,16.04782485961914,88.32046164609213,-68.31573992490712,4.374006527871737,0.8035368206458593,0.8438487599919388
SB86208_component_2715a,81.424345,-66.862257,3.572000026702881,16.090089797973633,81.42398772219765,-66.86287771952651,4.195783648049663,0.8106614723831794,0.8513308421808791
SB86208_component_2717a,81.800308,-65.55722,3.6489999294281006,16.972091674804688,81.80016654277229,-65.557618332251,4.238582454794471,0.8197744616718301,0.8609010130970877
SB86208_component_2719a,93.12639,-66.087366,3.809000015258789,17.3926944732666,93.12724446919171,-66.08767943520795,3.3599283474088875,1.0794987015681372,1.1336551323173951
SB86208_component_2721a,86.390527,-65.468828,3.936000108718872,16.820512771606445,86.39064436268897,-65.46894548507358,4.087946144883043,0.9168348264130726,0.9628307147944294
SB86208_component_2722a,84.897722,-64.168075,4.339000225067139,16.883270263671875,84.8980589919177,-64.16812133326509,3.752028139522573,1.101196320505802,1.1564412802136539
SB86208_component_2723a,92.263519,-68.320941,3.812999963760376,16.088607788085938,92.26358954675955,-68.3215657552615,3.7101518204916033,0.9786249536235249,1.027720737113972
SB86208_component_2724a,87.765924,-63.913917,3.8310000896453857,14.511363983154297,87.76622856326398,-63.914146107180144,3.4960396084668637,1.0434628306014433,1.095811409106264
SB86208_component_2725a,89.889135,-66.119349,3.48799991607666,17.88718032836914,89.88950669223964,-66.11974179330198,3.937509326352925,0.8435212661417661,0.8858391503309484
SB86208_component_2727a,91.162934,-69.82807,4.053999900817871,15.298113822937012,91.16291416656048,-69.8287436013073,4.698971227429814,0.8215275152284628,0.8627420140717224
SB86208_component_2733a,92.020796,-63.946358,3.796999931335449,13.138407707214355,92.02100309138073,-63.94672242999348,4.148834123030834,0.8714765062949125,0.915196852594733
SB86208_component_2734a,87.495977,-67.169211,3.8519999980926514,19.95854949951172,87.49634525150967,-67.1698807972923,3.6446561013195824,1.0064006025926096,1.0568898384399006
SB86208_component_2737a,89.852687,-67.558187,3.8550000190734863,20.614973068237305,89.85217787933558,-67.55916973216665,3.047889156508526,1.2043878938922463,1.2648097818260349
SB86208_component_2739a,81.089021,-64.181231,4.26200008392334,11.27513313293457,81.090705697215,-64.18113621281289,4.133795135502817,0.9817607601283044,1.0310138611658433
SB86208_component_2740a,84.737778,-64.151663,3.8929998874664307,15.44841194152832,84.73772789905475,-64.1516159408689,3.4315340429326917,1.0802822622478636,1.1344780027708414
SB86208_component_2744a,79.439044,-67.076965,4.372000217437744,11.068354606628418,79.43876945975822,-67.07680857039156,2.8490659853381444,1.46123085095956,1.534538069647007
SB86208_component_2750a,83.983398,-65.232754,3.944999933242798,19.43349838256836,83.98370745177687,-65.23311014339352,3.306403323203716,1.1361412738060586,1.193139356459489
SB86208_component_2755a,93.068151,-66.753514,3.828000068664551,16.643478393554688,93.06830547194777,-66.75385689303995,3.326268252753596,1.095861909908972,1.1508392522147317
SB86208_component_2758a,91.091624,-67.41974,3.8380000591278076,16.759824752807617,91.09218001700562,-67.42026960969923,3.8876105059442754,0.940076931690029,0.9872388330207947
SB86208_component_2760a,88.059499,-63.905296,3.694000005722046,14.207693099975586,88.05931075121619,-63.90571064002325,4.621658809220794,0.7610972920125191,0.7992801195865105
SB86208_component_2762a,87.568862,-64.637352,4.047999858856201,19.09433937072754,87.5694623518062,-64.6374822491926,2.8948047972803734,1.33156499857776,1.3983671239799096
SB86208_component_2763a,86.130547,-66.103643,3.5859999656677246,19.703296661376953,86.1311115436134,-66.1038825573532,3.5482496141331494,0.9623593776787522,1.010639147647395
SB86208_component_2767a,90.119362,-68.847187,3.9649999141693115,18.44186019897461,90.11878525841685,-68.84786688816308,2.5297569212870026,1.4924698112197303,1.5673442301136726
SB86208_component_2772a,86.218517,-67.661718,3.8299999237060547,19.844558715820312,86.2184181020934,-67.66236081942513,3.8290929832622704,0.9524540185357346,1.000236855163285
SB86208_component_2773a,80.267634,-65.97342,3.515000104904175,13.11567211151123,80.26790426575107,-65.9741741178022,3.9872713196964003,0.83944204764732,0.8815552850744591
SB86208_component_2778a,87.191462,-67.338674,3.9130001068115234,18.545024871826172,87.19137575820571,-67.3392846288349,3.726173910729726,0.9999721501412434,1.0501388825529105
SB86208_component_2781a,86.917449,-66.603369,3.984999895095825,19.534313201904297,86.918174309035,-66.60376427051861,3.476513511817266,1.0915045700959258,1.1462633128132902
SB86208_component_2783a,82.822658,-65.208723,3.884999990463257,17.5,82.8234147849237,-65.2093653325827,3.62168675973818,1.021459854081197,1.0727045844086507
SB86208_component_2786a,93.766372,-66.288034,3.369999885559082,12.765151023864746,93.76720646169339,-66.2880935051451,3.1140949605432335,1.030479129111355,1.0821763395973023
SB86208_component_2787a,84.468725,-66.073474,3.881999969482422,15.844897270202637,84.4686971521413,-66.07375407609688,2.6898709341185465,1.3742484358000768,1.4431919094120136
SB86208_component_2791a,85.871986,-65.669701,3.812000036239624,17.81308364868164,85.87291670462766,-65.67025123674347,3.9028469124342893,0.9300633807179715,0.9767229209259448
SB86208_component_2795a,88.509168,-64.498746,3.5320000648498535,17.92893409729004,88.50895208292482,-64.49891166104871,3.260384087952089,1.0315566989637153,1.083307969113655
SB86208_component_2797a,82.564062,-64.792137,3.6760001182556152,15.642553329467773,82.56418855498397,-64.79238621211721,3.7012495291297447,0.945732507712058,0.9931781387135856
SB86208_component_2799a,81.283469,-65.470543,3.884000062942505,17.262222290039062,81.284063667943,-65.4707822837012,3.5471465711779318,1.0426565114957418,1.0949646384791794
SB86208_component_2803a,88.087168,-65.164123,3.578000068664551,19.76795768737793,88.08731372160602,-65.16408844137707,3.6121756154260165,0.943219246098117,0.9905387914653105
SB86208_component_2805a,83.945527,-65.115442,3.549999952316284,16.66666603088379,83.94546598651664,-65.11522456025455,3.421874415806155,0.9878828506852426,1.037443085555185
SB86208_component_2812a,85.99824,-65.661013,3.569999933242798,15.937499046325684,85.99883557535966,-65.66171008963947,3.346755294192615,1.0157466875083694,1.0667047989548453
SB86208_component_2813a,95.469618,-67.470228,3.194000005722046,12.190839767456055,95.46898600138425,-67.47058916030613,3.164318464259299,0.9611604519280493,1.0093800740342658
SB86208_component_2816a,84.552463,-66.031684,3.4019999504089355,15.187499046325684,84.55320436242937,-66.03231056599367,3.264061583159894,0.9924693984579049,1.0422597318508633
SB86208_component_2822a,85.973804,-64.271594,3.5769999027252197,16.18552017211914,85.973840397549,-64.27169194538219,4.023939920878555,0.8464642219414655,0.8889297487185758
SB86208_component_2825a,83.595982,-66.293071,3.7950000762939453,16.866666793823242,83.59559551759317,-66.29331487635218,3.5296389356877924,1.0238177937338666,1.0751808174833737
SB86208_component_2834a,93.827766,-65.368228,3.7829999923706055,13.0,93.82858852199153,-65.3688633294943,3.0606240636753608,1.1769757576281275,1.2360224299575613
SB86208_component_2835a,93.632521,-68.745504,3.7139999866485596,14.97580623626709,93.63124600923305,-68.74602922155388,3.6690423824103755,0.9638963487208783,1.012253225651934
SB86208_component_2837a,92.151542,-65.683588,3.6730000972747803,12.7979097366333,92.15157072339971,-65.6837278298905,3.1401194525466187,1.11382237086618,1.1697007559046833
SB86208_component_2839a,88.550036,-69.255393,3.8329999446868896,15.773662567138672,88.5503067114926,-69.2564633273434,4.1548670557510015,0.8784617307108684,0.922532512654383
SB86208_component_2850a,95.372738,-65.653356,3.6429998874664307,12.10299015045166,95.373628667103,-65.65318615305418,3.2133825183341904,1.0795379073332934,1.1336963049624582
SB86208_component_2855a,89.376058,-69.900183,4.064000129699707,15.813230514526367,89.37597962409775,-69.90120866704305,3.8006752512497286,1.0182023991812563,1.0692837090891658
SB86208_component_2861a,88.733643,-68.536897,4.216000080108643,18.017093658447266,88.73379528049794,-68.53799349130965,3.7799773059626682,1.0620686358298295,1.1153506327824183
SB86208_component_2863a,95.93372,-66.659722,3.6470000743865967,10.360795974731445,95.93330538614121,-66.66038527445079,2.3054937249339758,1.5063052627945255,1.5818737804159666
SB86208_component_2864a,85.145494,-63.650143,3.687000036239624,10.940652847290039,85.14490231472918,-63.65033150128836,4.374255840476168,0.8026202769230679,0.8428862349848903
SB86208_component_2867a,80.443834,-68.440007,3.7709999084472656,12.914383888244629,80.44432594711421,-68.44006605809486,2.7836731438742617,1.2899695182989999,1.3546848762562913
SB86208_component_2871a,91.49282,-67.469831,3.621999979019165,16.925233840942383,91.49336032518292,-67.47072930979438,2.8323641419680268,1.2177006047118466,1.278790366447187
SB86208_component_2872a,81.729155,-66.747391,3.9619998931884766,18.427906036376953,81.72938835520202,-66.74744644291398,2.8057027023833614,1.3446646097345725,1.4121239181267762
SB86208_component_2874a,93.157171,-67.683026,3.9200000762939453,17.34513282775879,93.15681037811636,-67.68392886509642,2.837673412425821,1.315421179638165,1.3814133998397242
SB86208_component_2880a,82.552065,-69.167449,3.9820001125335693,11.122904777526855,82.552566536568,-69.16779376573766,2.7886360212633985,1.3597234916467908,1.4279382759782018
SB86208_component_2882a,88.969201,-66.417931,3.4070000648498535,16.866336822509766,88.97017612603095,-66.41788030361096,2.9152079707018244,1.1128682824480067,1.1686988026551095
SB86208_component_2892a,95.46359,-67.041969,3.7330000400543213,12.401993751525879,95.46435847622828,-67.04247740710521,3.035334454911442,1.1710962994203178,1.229848010328481
SB86208_component_2899a,93.386951,-68.286731,3.5309998989105225,14.65145206451416,93.38663708356736,-68.28733262312555,3.4637616364384023,0.9707130609854867,1.0194119196207905
SB86208_component_2901a,92.989065,-69.820061,4.140999794006348,15.113138198852539,92.98952598491287,-69.8212629510191,3.128558995831305,1.2603815167807533,1.3236125000436574
SB86208_component_2907a,90.714495,-67.025795,3.3519999980926514,11.886524200439453,90.71418528575353,-67.02611914080867,2.7340416619774652,1.167454725305922,1.2260237452520135
SB86208_component_2908a,94.256574,-69.597039,3.390000104904175,12.649253845214844,94.25732727591293,-69.59783327066276,2.061511247816308,1.5658680711845492,1.644424743495866
SB86208_component_2914a,85.297294,-66.397327,3.6440000534057617,17.028038024902344,85.29785050556872,-66.39764056143575,3.897876433699018,0.8902079593378607,0.9348680276012926
SB86208_component_2915a,85.923775,-68.527055,3.809999942779541,15.119047164916992,85.9225786391989,-68.52746978358441,3.815736629428875,0.9507968710079434,0.9984965716435747
SB86208_component_2922a,80.924571,-67.549243,3.9100000858306885,14.115523338317871,80.9242495180069,-67.5492988107693,4.365250658392301,0.852920879753189,0.8957103249760968
SB86208_component_2925a,92.024354,-66.214517,3.559999942779541,14.297188758850098,92.02446933269064,-66.21462878395243,3.8895434457806846,0.8715504468661256,0.9152745026261045
SB86208_component_2926a,95.806465,-66.038668,3.8350000381469727,12.698676109313965,95.80666792240814,-66.03943869816791,3.2820742155783713,1.1126488954111087,1.1684684093809146
SB86208_component_2930a,96.193201,-68.34439,3.109999895095825,10.761244773864746,96.1919517251517,-68.34509071173353,4.244159988437914,0.6977659833042095,0.7327715975760087
SB86208_component_2932a,92.04415,-69.433823,3.130000114440918,14.35779857635498,92.04382574626511,-69.43483735178529,3.054572125518849,0.9757423048438331,1.024693471236747
SB86208_component_2939a,83.457768,-64.327815,3.2160000801086426,12.7619047164917,83.45759143195828,-64.32806856349309,2.9935609891424724,1.0229846238692137,1.0743058490449828
SB86208_component_2940a,83.19843,-67.784113,3.3989999294281006,11.926315307617188,83.19805289314802,-67.78456579954675,2.8534113586461243,1.1343000092669768,1.1912057191224068
SB86208_component_2943a,90.44451,-68.894319,3.250999927520752,14.384955406188965,90.44425543403682,-68.895469534356,2.9730046865751354,1.0412680235347263,1.0935064926742055
SB86208_component_2949a,85.330074,-66.582258,3.1429998874664307,15.79396915435791,85.33035215322083,-66.58297766912771,3.3416467296771715,0.8956225005989793,0.940554206270053
SB86208_component_2956a,87.823431,-65.778131,3.4679999351501465,19.266666412353516,87.82375525251616,-65.77829663599273,3.784049111785856,0.8726969982289573,0.916478574326285
SB86208_component_2960a,90.03588,-67.866414,3.193000078201294,18.142045974731445,90.03634178930153,-67.86706595716589,3.0422498501186936,0.999413511540354,1.0495522180982995
SB86208_component_2965a,95.985843,-68.802803,3.4159998893737793,12.287769317626953,95.98465008429321,-68.80317286414991,3.8050762161999256,0.8548612936309684,0.897748085788749
SB86208_component_2970a,92.86683,-67.785168,3.255000114440918,13.851064682006836,92.86686608268252,-67.7860182727372,2.195168831595395,1.4119660234064306,1.4828017178411117
SB86208_component_2971a,82.572033,-65.696677,3.138000011444092,13.584415435791016,82.57339363548202,-65.69739797402642,2.4655893807666285,1.2119183344658622,1.272718010518195
SB86208_component_2974a,88.056257,-65.444937,3.609999895095825,19.408601760864258,88.05616224368023,-65.44515572600834,2.894601045634259,1.1875711549159433,1.2471493785095382
SB86208_component_2983a,96.301092,-68.922603,3.683000087738037,12.442567825317383,96.30035077368433,-68.92353051843588,2.842793124700871,1.233666121768672,1.2955568436326423
SB86208_component_2984a,89.291545,-69.284983,3.7009999752044678,16.89954376220703,89.29192395067959,-69.28578395813837,3.286348868642617,1.0723747585714458,1.1261737944252757
SB86208_component_2986a,87.777577,-70.123595,2.8320000171661377,10.007067680358887,87.77670612631492,-70.12479530045867,2.820188161008706,0.9562167178017413,1.0041883220136656
SB86208_component_2987a,91.196618,-66.964238,3.694999933242798,16.065216064453125,91.19627872775314,-66.96476053024284,3.2244772491422036,1.0911797143866528,1.1459221597006974
SB86208_component_2995a,82.706533,-65.940295,2.9240000247955322,14.475247383117676,82.70744281467167,-65.94038859054419,3.0791322229335067,0.9042535015009314,0.9496182083437199
SB86208_component_2996a,88.685036,-64.439364,2.8929998874664307,13.646225929260254,88.6844740154155,-64.43945444525104,2.782815591664891,0.9899315243263158,1.0395945373209652
SB86208_component_2999a,89.657734,-64.447016,3.684000015258789,17.05555534362793,89.65670950915636,-64.448243966824,1.6473170372499548,2.12952919764502,2.236363694391755
SB86208_component_3006a,92.769427,-68.704121,3.49399995803833,15.257641792297363,92.76858950275287,-68.70468328204242,3.1029374411799826,1.072237622029509,1.1260297779995314
SB86208_component_3012a,95.695908,-67.076805,3.502000093460083,11.260451316833496,95.69536933140455,-67.07708053993296,2.938046671299085,1.135007232046986,1.1919484219464902
SB86208_component_3019a,92.124015,-67.040637,2.9790000915527344,13.181416511535645,92.12448564640482,-67.04094013617224,2.9682851473703713,0.9556658417941574,1.0036098095871469
SB86208_component_3021a,90.994735,-66.819253,3.381999969482422,13.210936546325684,90.99503995054002,-66.81984886571439,3.576768078613586,0.900376153494634,0.9455463410401886
SB86208_component_3023a,94.712923,-68.82113,3.0510001182556152,13.743243217468262,94.71262355824055,-68.8221980386563,3.8111969849038583,0.7622931093353659,0.8005359288277722
SB86208_component_3027a,94.121973,-64.178517,3.7690000534057617,10.55742359161377,94.12183642865044,-64.17859485529297,2.383172860777558,1.5059542027561428,1.5815051083520855
SB86208_component_3034a,86.387998,-64.697196,3.1410000324249268,12.221790313720703,86.38848036682968,-64.697259807344,3.1950824242276776,0.9361103358552163,0.9830732404921216
SB86208_component_3039a,85.592972,-64.099237,3.0510001182556152,13.03846263885498,85.59220682818277,-64.09935606780226,2.7418292067644083,1.0596025429827465,1.1127608206698092
SB86208_component_3041a,81.770091,-65.32922,2.9200000762939453,12.53218936920166,81.77053816985803,-65.32924451313282,3.2707196234962868,0.8501209364820893,0.8927699137881362
SB86208_component_3051a,87.872989,-66.408117,3.249000072479248,16.74742317199707,87.8733162516363,-66.40822580613002,2.9025339208242817,1.065892933353893,1.119366788160248
SB86208_component_3055a,83.374553,-65.641613,3.3369998931884766,14.139829635620117,83.37380967817364,-65.64211897084708,2.9537119868647097,1.0757942360400792,1.1297648206826751
SB86208_component_3056a,96.202319,-66.842426,3.569999933242798,10.229226112365723,96.20295633047652,-66.84317179423697,2.8034514190845052,1.2125965803564283,1.2734302827364907
SB86208_component_3060a,87.189314,-63.835075,3.322999954223633,14.200854301452637,87.1890779531982,-63.83528184743524,3.7154823511087836,0.8516404845444677,0.8943656947346217
SB86208_component_3065a,94.96742,-65.717718,2.9590001106262207,10.878676414489746,94.96740879906217,-65.71797752798017,3.826784928030676,0.7362954087135075,0.7732339721921527
SB86208_component_3069a,85.188121,-65.10717,3.2209999561309814,14.315555572509766,85.1890570856951,-65.10715437125849,3.306282091118727,0.9276667272531843,0.9742060318395611
SB86208_component_3070a,89.433986,-64.722814,2.8010001182556152,14.005000114440918,89.43363866805899,-64.72298177230266,2.7124117851894227,0.9833285988873787,1.032660355462954
SB86208_component_3076a,91.218061,-68.020953,3.3329999446868896,16.83333396911621,91.21871801848943,-68.02160791376014,2.4914975607157395,1.2738432963204847,1.3377496318838094
SB86208_component_3080a,91.185955,-65.403771,3.128000020980835,15.408867835998535,91.18588764625083,-65.40418604372574,3.133666741533901,0.9505065298218484,0.9981916645832313
SB86208_component_3090a,85.826585,-63.914312,3.3239998817443848,13.907949447631836,85.8278917483462,-63.91430186989611,4.089884708535393,0.7739111429401829,0.8127368174480217
SB86208_component_3091a,94.075124,-65.07987,3.4660000801086426,13.079246520996094,94.07607406563727,-65.08041083571585,2.746160593112027,1.2018321107518823,1.2621257798258887
SB86208_component_3095a,94.094605,-65.363963,3.075000047683716,10.98214340209961,94.09451713923319,-65.36446378845461,2.116200376087735,1.3836603798378981,1.4530760330779897
SB86208_component_3098a,89.886778,-64.431984,3.3320000171661377,15.643192291259766,89.8876358758179,-64.43115166446769,3.251263787861579,0.9758744639240469,1.024832260490823
SB86208_component_3109a,93.475518,-68.303714,3.49399995803833,14.438016891479492,93.4759698872706,-68.30477183945189,2.474234772549149,1.3446930340443524,1.4121537684310126
SB86208_component_3117a,91.3906,-66.732317,2.76200008392334,12.66972541809082,91.39081825404492,-66.73259930108074,2.90155016311462,0.9064310417320902,0.9519049916953762
SB86208_component_3118a,82.097924,-65.525682,3.3359999656677246,14.441557884216309,82.09773531880644,-65.52587994522176,2.937414889584513,1.0814387106818841,1.1356924680597604
SB86208_component_3126a,89.924619,-66.918563,3.2239999771118164,16.282827377319336,89.92460328195244,-66.9189597945513,3.1498723517711587,0.974637778744001,1.0235335331284063
SB86208_component_3127a,87.829691,-69.951195,3.428999900817871,12.469090461730957,87.8296512646439,-69.95170338335905,3.9315225772509015,0.830515733663575,0.8721811546140434
SB86208_component_3128a,95.416289,-69.021389,3.381999969482422,12.666666984558105,95.41669675249068,-69.0227952508443,2.984371177652209,1.079100585302528,1.1332370433033823
SB86208_component_3131a,86.79857,-68.620444,3.5769999027252197,13.447367668151855,86.79885939169226,-68.62058785122075,3.3136935700725525,1.0278926226093659,1.0794600729019437
SB86208_component_3136a,89.756655,-65.210747,3.2009999752044678,10.70568561553955,89.75708990481485,-65.21115416359775,2.5395064417571973,1.200266038045982,1.2604811401815361
SB86208_component_3144a,92.829226,-69.903363,2.931999921798706,10.323943138122559,92.82932698962378,-69.90458655037183,2.631865764162564,1.060819233997012,1.1140385507965458
SB86208_component_3145a,87.474739,-66.408225,3.302000045776367,17.657752990722656,87.47533196937857,-66.40867431200061,3.0564257927436698,1.0287370583032949,1.0803468723551937
SB86208_component_3149a,94.648139,-68.560663,2.984999895095825,11.52509593963623,94.64713010899158,-68.56160848092506,3.270553437999289,0.8690889666623387,0.9126895345644782
SB86208_component_3162a,82.85083,-65.412569,2.864000082015991,12.56140422821045,82.85094177751891,-65.41272422314934,3.030204964906431,0.8999993305881511,0.9451506136333019
SB86208_component_3166a,84.077379,-66.264189,2.7709999084472656,11.943965911865234,84.07784079364282,-66.26440842186311,2.6639102630356444,0.9905082250009772,1.0402001699898058
SB86208_component_3179a,90.592837,-69.200035,2.7160000801086426,12.933334350585938,90.5921416815179,-69.20095619821346,3.245839977601554,0.7967899345631051,0.8367633952538764
SB86208_component_3184a,79.961226,-66.666147,3.36899995803833,11.904593467712402,79.95919026133438,-66.66636983578105,3.14197532596701,1.0210321121671453,1.072255383482825
SB86208_component_3192a,91.30773,-70.095096,3.2200000286102295,10.841751098632812,91.3071953452596,-70.09586379779242,2.681129785520452,1.1436133170208425,1.2009862581065518
SB86208_component_3196a,87.223564,-68.607673,3.3340001106262207,14.187234878540039,87.2233412967138,-68.60816520129227,2.934871124044235,1.081727175683369,1.1359954048108212
SB86208_component_3202a,91.466771,-65.249532,2.953000068664551,14.765000343322754,91.46848477065244,-65.25025543698584,1.9851381323764083,1.4164912335092543,1.487553949270782
SB86208_component_3209a,89.140068,-66.683447,3.1730000972747803,16.106599807739258,89.14056394475769,-66.68390541431573,2.5276774872099095,1.195334875424146,1.2553025903542734
SB86208_component_3217a,88.789279,-63.938444,3.2939999103546143,13.957626342773438,88.78996295922418,-63.93849591753159,2.1839232088942944,1.4362412146160657,1.5082947499891006
SB86208_component_3224a,83.35154,-65.352305,3.2939999103546143,14.904976844787598,83.35381355241167,-65.35243687160954,2.602431649715058,1.205272969422267,1.26573925993994
SB86208_component_3225a,86.513761,-64.456254,2.8580000400543213,13.609524726867676,86.51324328817876,-64.45634427280642,2.2218738421476667,1.22485308459421,1.286301672867157
SB86208_component_3227a,91.854524,-65.532193,2.691999912261963,11.653678894042969,91.85599066363741,-65.53255640032957,2.5594444354607973,1.0015450792883724,1.0517907226133238
SB86208_component_3232a,86.571675,-67.925529,3.306999921798706,14.132478713989258,86.57124779330198,-67.92610939926763,2.7893564235928383,1.1289412413024635,1.1855781117922233
SB86208_component_3234a,90.83064,-67.285173,2.940000057220459,15.233160972595215,90.83137772473373,-67.28584204052608,3.2725374684063278,0.8554682131917986,0.8983854533687557
SB86208_component_3237a,93.703959,-68.927657,3.4000000953674316,13.127413749694824,93.70440121538876,-68.92842441438043,2.08545795578542,1.5524536987493132,1.630337397085971
SB86208_component_3246a,92.001755,-64.684646,2.9660000801086426,12.46218490600586,92.00178769518112,-64.68475943658508,2.9720130362299235,0.9503019362641051,0.9979768069493704
SB86208_component_3247a,89.557948,-64.461504,2.688999891281128,12.683961868286133,89.55815939128875,-64.46158547068094,2.0308976780327264,1.2607933439141221,1.3240449877740206
SB86208_component_3252a,84.777325,-67.968074,3.1589999198913574,14.165918350219727,84.7761549786277,-67.96881463005631,2.5070778859783402,1.1998389453731797,1.2600326210681791
SB86208_component_3260a,85.126168,-64.136622,2.759999990463257,10.656370162963867,85.12709557226852,-64.13680730198203,2.3870883161956615,1.1009859053838709,1.1562203089586187
SB86208_component_3268a,90.191603,-66.005362,3.00600004196167,16.24864959716797,90.19202144215012,-66.00569658256974,2.8626778245032396,0.9999025462237258,1.050065786737039
SB86208_component_3271a,85.204325,-65.572457,3.0859999656677246,15.127450942993164,85.20419558612623,-65.57252343655546,1.8588215394203786,1.5808817517093934,1.6601916322908583
SB86208_component_3280a,89.334668,-64.646194,2.865000009536743,14.69230842590332,89.3354449412925,-64.6461680540894,2.806225946691811,0.9721721098895506,1.0209441662793473
SB86208_component_3281a,94.906197,-66.151143,2.9600000381469727,11.384615898132324,94.90649479740296,-66.15155947602742,2.3809260987592813,1.1838235271448907,1.2432137392628235
SB86208_component_3284a,83.845716,-64.722341,2.871999979019165,11.003830909729004,83.8471311665341,-64.7227089320622,3.2781655795501106,0.8342471127056126,0.8760997299634001
SB86208_component_3291a,96.046989,-67.96196,3.184999942779541,10.870306968688965,96.04613573266717,-67.96232451007452,1.7980189175508632,1.6867718238707368,1.7713940113143678
SB86208_component_3300a,83.695027,-64.921975,3.2990000247955322,13.410569190979004,83.69514055128472,-64.92248406007404,2.6067339206938396,1.2051102525645676,1.2655683798818373
SB86208_component_3304a,90.003528,-65.898681,2.930000066757202,14.504950523376465,90.0039045798167,-65.8986897677021,2.4913764739223536,1.1198747095039985,1.176056729051588
SB86208_component_3310a,94.777891,-68.961734,2.88700008392334,12.831111907958984,94.77748300866989,-68.96284684280708,3.031643562740396,0.9067964752073038,0.9522887582845299
SB86208_component_3311a,87.964302,-67.888399,3.0880000591278076,12.866666793823242,87.96428051992963,-67.8885195642935,2.922861806885929,1.006028266672944,1.0564988231235675
SB86208_component_3313a,83.287934,-66.322233,2.691999912261963,11.0781888961792,83.28902129068267,-66.32254565507364,3.602530613865248,0.7115550858004871,0.7472524735532078
SB86208_component_3314a,88.923,-64.571368,3.2660000324249268,14.515556335449219,88.9232610827643,-64.57159635740308,3.9822651574207923,0.7809570980529892,0.8201362549499914
SB86208_component_3322a,94.505909,-69.159157,3.2339999675750732,12.583657264709473,94.50710912158036,-69.16011536553358,3.0625398313229293,1.0055401848043908,1.0559862551005836
SB86208_component_3324a,91.28947,-65.206846,3.239000082015991,14.72272777557373,91.28940622701258,-65.20683100445065,2.907516953545356,1.0607911040944422,1.1140090096693787
SB86208_component_3328a,88.056803,-67.066775,3.125,15.09661865234375,88.05768380585945,-67.06727819606726,2.2902745523864447,1.299282652204034,1.3644652326699342
SB86208_component_3329a,81.057891,-68.174918,2.990000009536743,10.346020698547363,81.05843449390561,-68.17503995482011,2.7897234225934073,1.020589760315156,1.071790839665802
SB86208_component_3333a,88.461058,-68.866209,2.303999900817871,10.017390251159668,88.46185674897232,-68.86732994671821,2.5191085256975594,0.8709169522424213,0.9146092267620256
SB86208_component_3339a,85.483565,-65.78489,2.752000093460083,13.042654991149902,85.48375538587321,-65.7851400846769,2.7383135574416033,0.9569878709348296,1.004998162457066
SB86208_component_3343a,88.302015,-67.142976,2.7929999828338623,13.82673168182373,88.30225925460918,-67.143354468876,3.3367635501396236,0.7970520186981063,0.8370386276597249
SB86208_component_3346a,92.46538,-66.786113,3.118000030517578,12.623481750488281,92.46566750632539,-66.7861339458081,2.83487439026791,1.0473297986691592,1.0998723757291098
SB86208_component_3348a,83.316211,-68.208335,2.746000051498413,10.095587730407715,83.31603776727462,-68.20855370252143,2.727356685598458,0.958737617367174,1.0068356903951725
SB86208_component_3355a,91.206299,-68.555627,2.805000066757202,13.04651165008545,91.20584884894036,-68.55687291696032,2.2699617231793896,1.1766722398604101,1.2357036852711414
SB86208_component_3358a,94.176602,-64.841046,3.052999973297119,10.674824714660645,94.17522760077719,-64.84173609525126,3.603898759943869,0.8066690305363108,0.8471381069940682
SB86208_component_3362a,91.120208,-64.442826,3.0260000228881836,13.099566459655762,91.12069258206802,-64.44343238795499,2.236396138021339,1.2884315744222838,1.353069776611871
SB86208_component_3364a,86.512475,-64.218726,3.003000020980835,13.775229454040527,86.5130138400161,-64.21930746123074,2.673647044659946,1.0695286597521785,1.1231849121516257
SB86208_component_3368a,81.806447,-66.983672,3.003999948501587,14.236967086791992,81.80627724490057,-66.98341879560803,2.3174637482172495,1.2343210555019517,1.296244634166324
SB86208_component_3371a,81.458607,-68.02446,3.0230000019073486,11.196295738220215,81.4594171960087,-68.02478070921705,2.7300854059576496,1.054394373687935,1.107291367262905
SB86208_component_3372a,89.15008,-68.235125,2.927000045776367,13.550926208496094,89.14817006919584,-68.23551522633487,3.234156049950259,0.8617929241937159,0.9050274632918174
SB86208_component_3373a,85.936948,-65.052202,2.5409998893737793,10.905579566955566,85.93708350577239,-65.05222261980059,2.9643623457332593,0.8162337041933277,0.8571826224385677
SB86208_component_3376a,82.542061,-66.95695,2.927000045776367,12.298318862915039,82.54251386135962,-66.95727404312218,2.96725578242336,0.9393099226886146,0.9864333446124027
SB86208_component_3384a,89.46048,-65.757051,2.6440000534057617,14.21505355834961,89.46134607741202,-65.7573268888792,2.316348871354292,1.0869226905437215,1.141451568933959
SB86208_component_3395a,85.216544,-66.473934,2.546999931335449,11.220264434814453,85.21854981944676,-66.47420274404864,2.4556370778150627,0.9876564785436328,1.0372053567466402
SB86208_component_3398a,90.336618,-66.316101,2.6519999504089355,14.106383323669434,90.33638049276215,-66.31561740627207,2.7795847655224555,0.9085205490272499,0.9540993256632924
SB86208_component_3399a,88.440008,-64.543606,2.815000057220459,12.91284465789795,88.43912578127511,-64.54371415463491,2.03557819354457,1.3168362823955941,1.3828994956556668
SB86208_component_3406a,93.280608,-65.354514,2.984999895095825,12.489540100097656,93.28117868095984,-65.35520688432932,2.1425225620854906,1.3266613655064714,1.3932174848092536
SB86208_component_3409a,89.482938,-69.997449,2.9170000553131104,12.57327651977539,89.4822022486966,-69.99827837250407,2.850449322258473,0.9744605884390031,1.0233474535172258
SB86208_component_3412a,92.00736,-66.840154,2.5869998931884766,11.346490859985352,92.00716149079268,-66.84001821466995,1.8000347660563303,1.3685374405632111,1.4371944042260343
SB86208_component_3418a,90.481841,-69.637265,2.7709999084472656,12.047825813293457,90.48191089651574,-69.63853562294206,2.3351411899451002,1.129963805855935,1.1866519764967243
SB86208_component_3424a,94.476497,-68.895667,2.5369999408721924,11.127192497253418,94.4773771671939,-68.89737305526741,3.13410529557176,0.7708112412711395,0.8094813995103388
SB86208_component_3426a,90.94377,-67.70127,2.989000082015991,13.225664138793945,90.94350296873813,-67.7022135470605,2.6455417814437028,1.07585184241372,1.1298253170603336
SB86208_component_3427a,91.880586,-66.736312,2.4619998931884766,10.942221641540527,91.88091968561896,-66.73707598162764,2.506317635305924,0.9353907816194924,0.9823175875662552
SB86208_component_3453a,87.395699,-63.921964,2.4079999923706055,10.07531452178955,87.39522184232126,-63.92208884788432,2.0341196733043327,1.127252343401379,1.183804485042378
SB86208_component_3456a,92.309171,-69.238945,2.808000087738037,13.7647066116333,92.30930519834784,-69.23985391138754,2.9010510684364244,0.9216858261186953,0.9679250800819101
SB86208_component_3457a,84.181628,-64.417278,2.805000066757202,12.578474998474121,84.1819399204573,-64.41681834928495,2.6182633453978332,1.020142206056451,1.0713208324470491
SB86208_component_3461a,84.530248,-66.986906,2.7139999866485596,12.506913185119629,84.52973667623903,-66.98729372746067,3.02383187355609,0.8546599763049142,0.8975366687489931
SB86208_component_3464a,85.291915,-66.46344,2.5959999561309814,12.074418067932129,85.29266645453693,-66.46383415806193,2.650137827026732,0.932776047605533,0.9795716772374479
SB86208_component_3465a,92.630909,-68.420766,2.700000047683716,11.29707145690918,92.62966493884737,-68.42157520962172,2.11368646256952,1.2163662787058647,1.2773890998012254
SB86208_component_3472a,91.219409,-69.916409,2.868000030517578,11.950000762939453,91.21788848395167,-69.91722570816414,2.4453434402384144,1.1168129841791776,1.172841402693912
SB86208_component_3477a,86.376318,-65.355011,2.5169999599456787,11.389140129089355,86.3772265099629,-65.35571250055246,3.0415471087450765,0.788006549318003,0.8275393639995855
SB86208_component_3478a,86.851273,-66.142532,2.617000102996826,14.222826957702637,86.85082688509299,-66.14259533825246,2.6773835811828515,0.930752710710653,0.9774468333150276
SB86208_component_3481a,89.514465,-66.608408,2.7760000228881836,15.252747535705566,89.51573271245503,-66.60895492466189,2.786554441472892,0.9486217955137191,0.9962123766800947
SB86208_component_3482a,90.028259,-64.559647,2.7780001163482666,11.432099342346191,90.02734429776001,-64.55959022811592,2.7585767185776597,0.9589332084563642,1.0070410939234715
SB86208_component_3486a,91.296643,-65.380818,2.5850000381469727,10.861344337463379,91.29653221188826,-65.3806680428682,1.9589447182094166,1.2565493195696125,1.3195880486662253
SB86208_component_3490a,92.348038,-69.109025,2.634999990463257,11.607929229736328,92.34922344396648,-69.10969850312323,2.337132889229298,1.0735898000551245,1.127449792267561
SB86208_component_3492a,82.187317,-65.446421,2.8529999256134033,12.623893737792969,82.18822654978095,-65.44749393055612,3.78852173871913,0.7170891353224318,0.7530641559887103
SB86208_component_3493a,90.656098,-68.27216,2.8389999866485596,13.985221862792969,90.65622425138666,-68.27287775087106,2.3487441008584153,1.1509881541388305,1.208731077008758
SB86208_component_3496a,92.573326,-67.24103,2.816999912261963,12.355262756347656,92.57372101505439,-67.24152930228114,2.7963358393945863,0.9592651576559285,1.0073896963934956
SB86208_component_3497a,85.119616,-67.248462,2.7160000801086426,12.125,85.11974048024207,-67.24913736205585,2.2918665059681667,1.1284481956609105,1.1850603309730323
SB86208_component_3513a,87.480273,-63.815209,2.5239999294281006,10.34426212310791,87.48070500861763,-63.81462151728478,2.1176300918539597,1.1349596047412644,1.1918984052679233
SB86208_component_3522a,85.948005,-64.55944,2.510999917984009,11.15999984741211,85.947830872851,-64.55982140384539,2.162331035952958,1.105772238925332,1.1612467639014346
SB86208_component_3523a,87.087556,-67.433054,2.615999937057495,15.571428298950195,87.08690953056546,-67.43367376187688,1.8451079224219527,1.3500725941482394,1.4178032110033123
SB86208_component_3525a,86.369191,-64.27665,2.4159998893737793,10.458873748779297,86.37057763687189,-64.27722764790367,2.239193956239974,1.0274160895397328,1.0789596330595208
SB86208_component_3531a,83.135588,-65.187262,2.496000051498413,12.057971000671387,83.13500046694318,-65.1874597623823,2.2299408417538213,1.0658409794475974,1.1193122278236491
SB86208_component_3533a,86.004701,-67.009634,2.489000082015991,12.26108455657959,86.00454021913718,-67.01024415911293,2.548123883718209,0.9301340392988424,0.9767971243156574
SB86208_component_3534a,86.072331,-65.689542,2.2920000553131104,11.290640830993652,86.0710715930724,-65.68982605454246,2.3250937683346193,0.9386751427693117,0.9857667189718491
SB86208_component_3543a,94.083203,-66.242195,2.5869998931884766,10.779166221618652,94.08335202569906,-66.24240278282467,2.0597845357009774,1.195957600888187,1.2559565567900914
SB86208_component_3544a,87.467614,-64.008837,2.690999984741211,11.451064109802246,87.46775402939141,-64.00909573193378,2.973436137653461,0.8617796723922471,0.9050135466722552
SB86208_component_3555a,89.539575,-65.182247,2.3610000610351562,10.683258056640625,89.5396795572064,-65.18237139277632,2.457972911355612,0.914660810543792,0.9605476326152944
SB86208_component_3563a,91.099466,-69.661977,2.615000009536743,10.987394332885742,91.09932923133022,-69.66275550252496,2.236684490730454,1.1132895543228662,1.1691412089519784
SB86208_component_3564a,85.18859,-66.834487,2.693000078201294,14.478494644165039,85.18779475797064,-66.8348629109353,1.7928947206755357,1.4302855248366284,1.5020402743930286
SB86208_component_3572a,92.982377,-66.662577,2.7070000171661377,10.533074378967285,92.98185530418104,-66.66235206102274,2.3032166092907267,1.1191663418530424,1.1753128239205237
SB86208_component_3576a,88.156495,-69.214355,2.2720000743865967,10.975845336914062,88.15646149237934,-69.21515343988543,2.3291802039883454,0.9288517779067462,0.9754505342678781
SB86208_component_3577a,86.711206,-65.245322,2.1989998817443848,10.832511901855469,86.71200907030641,-65.24564802669914,2.1394764130042656,0.9787209143585934,1.0278215120196328
SB86208_component_3579a,84.523909,-66.285035,2.51200008392334,11.26457405090332,84.52422734748927,-66.28500762830923,2.535776676423919,0.9432999521027273,0.9906235463392187
SB86208_component_3582a,89.295138,-69.782431,2.372999906539917,10.453743934631348,89.29581459095776,-69.78324671936828,2.344600813776116,0.9637623926184737,1.012112549222425
SB86208_component_3586a,86.5688,-67.217568,2.553999900817871,12.104265213012695,86.5684974179581,-67.21779928538673,1.9134182199764338,1.271019275218554,1.334783934925281
SB86208_component_3593a,85.730856,-65.25872,2.7279999256134033,11.366666793823242,85.73128069552449,-65.25891161096209,2.82376625833517,0.9199342227114323,0.9660856020079266
SB86208_component_3607a,91.362655,-67.881219,2.437999963760376,10.374467849731445,91.36275169691231,-67.88219200670494,1.761010694331821,1.3182957963112538,1.3844322306545813
SB86208_component_3613a,90.226798,-68.822666,2.5360000133514404,11.579909324645996,90.22723854743334,-68.82267676842321,3.5906892154175325,0.6725314525478407,0.7062710976105876
SB86208_component_3616a,88.801265,-66.636542,2.802999973297119,14.598958015441895,88.8025309281142,-66.63724421808149,1.8483855145929384,1.4440149948084458,1.5164585261935528
SB86208_component_3626a,84.818935,-66.125377,2.4670000076293945,12.984210968017578,84.81942899482938,-66.12527091607134,2.118620398022204,1.1088100848240428,1.164437012846857
SB86208_component_3630a,87.573627,-67.036999,2.6559998989105225,13.213929176330566,87.57385442671129,-67.03736323884453,1.4431660436822666,1.7524793859908905,1.8403979989258106
SB86208_component_3635a,93.240846,-67.894392,2.6080000400543213,11.004219055175781,93.23963568271546,-67.89505231880617,2.657527518331218,0.9344821050497344,0.9813633243925929
SB86208_component_3636a,89.383109,-64.175482,2.565000057220459,11.606334686279297,89.38382509631471,-64.1753474237926,2.268840204400229,1.0765262783160328,1.1305335881503915
SB86208_component_3644a,89.481591,-67.297893,2.119999885559082,10.192306518554688,89.48174179677571,-67.29795543921105,4.189757301913611,0.4818236760655805,0.5059958686845185
SB86208_component_3647a,89.236831,-69.475014,2.6429998874664307,12.068492889404297,89.23453446493893,-69.4756246243732,2.263846354807717,1.1117096156526143,1.1674820077137777
SB86208_component_3655a,91.50373,-68.62984,2.3949999809265137,11.29716968536377,91.50272964032764,-68.6308697159318,2.0367514627936747,1.1197179572649902,1.1758921128459403
SB86208_component_3658a,84.314164,-66.76534,2.316999912261963,12.067708015441895,84.31478886980372,-66.7657491964438,2.6990203461011317,0.8174496734976038,0.8584595946484745
SB86208_component_3659a,90.519628,-69.585197,2.0820000171661377,10.205883026123047,90.52047493915042,-69.58608166509147,2.2934059775594866,0.8644521413015434,0.9078200883481105
SB86208_component_3674a,85.48577,-67.193607,2.316999912261963,12.19473648071289,85.486858508927,-67.19405302563491,2.46285640768447,0.8958351342773138,0.9407775073823168
SB86208_component_3700a,93.407734,-65.507108,2.674999952316284,10.615078926086426,93.40936936956244,-65.50726583241011,2.3030099947692237,1.1060356402459781,1.161523379573668
SB86208_component_3718a,87.609006,-67.941584,2.430999994277954,12.034652709960938,87.60863079513182,-67.94245227939173,2.352143521410717,0.9841522867278185,1.0335253661817125
SB86208_component_3753a,91.239886,-64.789747,2.5920000076293945,11.220779418945312,91.24044966762914,-64.78987384388762,2.3289693269764498,1.0597718889811332,1.1129386624401878
SB86208_component_3757a,87.746857,-65.72371,2.484999895095825,13.57923412322998,87.74704975123645,-65.72409399552902,2.437203899826367,0.970902626924785,1.019610995728697
SB86208_component_3774a,84.884964,-65.277885,2.309000015258789,10.543378829956055,84.88494563263285,-65.27799230896916,1.8572372620253004,1.1838528204717265,1.2432445021810759
SB86208_component_3814a,90.667544,-65.744887,2.372999906539917,12.424083709716797,90.66798597532134,-65.7452720645871,2.5462584502246166,0.887434694549863,0.9319556333060316
SB86208_component_3847a,90.155186,-67.031126,1.9759999513626099,10.345549583435059,90.15397697590129,-67.03112782869829,1.4585623363765157,1.2900397740210934,1.354758656576555
SB86208_component_3854a,86.139908,-66.42633,2.0390000343322754,10.564766883850098,86.13894301643957,-66.42683748886104,1.6152261973966127,1.2020569645808679,1.262361914150905
SB86208_component_3864a,88.463482,-67.560879,2.2239999771118164,11.405128479003906,88.46389850151189,-67.5617297242869,2.7750304043594682,0.7631469949397485,0.801432652275808
SB86208_component_3886a,84.678399,-64.942745,2.196000099182129,10.507177352905273,84.6789973442912,-64.94253766463824,1.860198080505534,1.1241242826309097,1.1805194953138196
SB86208_component_3909a,87.741411,-65.370957,2.0969998836517334,10.753846168518066,87.74185932327279,-65.3707953906148,1.8008859238245056,1.1088003864080334,1.1644268278794563
SB86208_component_3917a,84.823867,-67.730975,2.3399999141693115,11.359222412109375,84.82357518285494,-67.73189700426964,2.182278921131416,1.0210493882907288,1.0722735263172152
SB86208_component_3942a,88.968994,-66.816647,2.1389999389648438,10.803030014038086,88.96919535527111,-66.8176546751012,1.9744129727080166,1.0316061964378611,1.0833599497834978
SB86208_component_4001a,83.707773,-65.012577,2.3289999961853027,10.25991153717041,83.70941263204998,-65.01296115912625,1.936672254096685,1.1451292895049063,1.2025782840946466
SB86208_component_4018a,88.857954,-66.391874,2.0959999561309814,10.585858345031738,88.85845224523445,-66.39226312916524,1.7404098884619972,1.1467820666749107,1.204313978003894
SB86208_component_4038a,87.288254,-66.73688,1.9919999837875366,10.885246276855469,87.28917750013002,-66.73675425353797,1.4546482596583896,1.3039847267195,1.3694032014690196
SB86208_component_4064a,86.008461,-66.827794,1.8949999809265137,10.243243217468262,86.00751509049276,-66.82795638959564,1.817951802694956,0.9925856920677594,1.0423818596936072
SB86208_component_4098a,84.720838,-66.148418,2.2739999294281006,10.243243217468262,84.72067844676783,-66.14869640689886,2.15882878716869,1.003028820688767,1.053348900544567
