Component_ID,RA,DEC,ASKAP_flux,ASKAP_flux_SNR,RA_comp,DEC_comp,Comp_flux,Flux_Ratio_AlphaCorr,Flux_Ratio_NOAlphaCorr
SB86214_component_4a,106.498415,-13.414572,1111.6090087890625,2073.8974609375,106.49845123291016,-13.414556503295898,1000.2979125976562,1.0581905841827393,1.1112779378890991
SB86214_component_8a,107.91942,-9.757848,809.1510009765625,1455.3076171875,107.91942596435547,-9.757853507995605,739.3378295898438,1.0421441793441772,1.0944266319274902
SB86214_component_12a,107.014059,-14.35442,549.927001953125,1627.0029296875,107.01406860351562,-14.354388236999512,540.2779541015625,0.9692347049713135,1.0178594589233398
SB86214_component_14a,106.704785,-13.82284,500.3800048828125,1309.895263671875,106.704833984375,-13.822824478149414,450.4098815917969,1.0578721761703491,1.1109436750411987
SB86214_component_16a,108.911547,-13.997369,478.5889892578125,1420.145263671875,108.91148376464844,-13.997385025024414,452.8511657714844,1.0063484907150269,1.0568350553512573
SB86214_component_17a,107.804774,-13.765585,439.0669860839844,1291.37353515625,107.80471801757812,-13.765613555908203,397.33416748046875,1.0522429943084717,1.1050320863723755
SB86214_component_18a,110.865736,-9.429277,445.4429931640625,1065.653076171875,110.86573791503906,-9.429253578186035,434.0136413574219,0.9773045182228088,1.0263340473175049
SB86214_component_24a,108.121339,-9.105299,380.66900634765625,562.2880859375,108.12136840820312,-9.105250358581543,353.8370056152344,1.024437427520752,1.0758315324783325
SB86214_component_30a,110.599165,-7.893574,291.5920104980469,179.88401794433594,110.59919738769531,-7.893626689910889,311.17706298828125,0.892296552658081,0.9370613694190979
SB86214_component_31a,111.084864,-9.762633,291.4150085449219,537.6660766601562,111.08489990234375,-9.76263427734375,278.53094482421875,0.9962758421897888,1.0462572574615479
SB86214_component_37a,106.32517,-13.63847,276.64898681640625,674.753662109375,106.32524108886719,-13.638431549072266,241.75830078125,1.089654564857483,1.1443204879760742
SB86214_component_39a,109.931826,-12.725513,260.4020080566406,957.3602905273438,109.93183898925781,-12.725512504577637,244.08262634277344,1.0158945322036743,1.0668600797653198
SB86214_component_43a,108.186526,-10.136983,233.45799255371094,705.3111572265625,108.18651580810547,-10.136983871459961,208.80410766601562,1.064659833908081,1.1180717945098877
SB86214_component_44a,106.76947,-12.118654,228.5019989013672,632.9695434570312,106.76948547363281,-12.118703842163086,203.918701171875,1.067023754119873,1.1205544471740723
SB86214_component_45a,106.28281,-9.734034,234.04600524902344,215.71060180664062,106.2828598022461,-9.734010696411133,213.31422424316406,1.0447745323181152,1.097188949584961
SB86214_component_47a,106.352049,-9.838751,232.156005859375,264.4145812988281,106.35215759277344,-9.838685035705566,207.26345825195312,1.0665920972824097,1.120100975036621
SB86214_component_49a,110.454804,-16.505449,230.37399291992188,158.44154357910156,110.4547348022461,-16.505434036254883,213.7789306640625,1.0261473655700684,1.077627182006836
SB86214_component_53a,109.374772,-17.084723,223.1020050048828,105.13761138916016,109.37468719482422,-17.08468246459961,220.51734924316406,0.9633894562721252,1.011720895767212
SB86214_component_54a,113.874571,-13.580612,219.3209991455078,239.17230224609375,113.87440490722656,-13.580636024475098,221.64724731445312,0.9422345757484436,0.9895047545433044
SB86214_component_57a,111.637853,-12.959516,210.5019989013672,610.1506958007812,111.63790130615234,-12.9595365524292,186.89231872558594,1.0725213289260864,1.1263277530670166
SB86214_component_58a,111.404889,-9.12622,195.2010040283203,267.0328369140625,111.40483856201172,-9.12623405456543,200.16552734375,0.9286112189292908,0.9751979112625122
SB86214_component_60a,108.54365,-10.67422,201.5659942626953,778.2470703125,108.54369354248047,-10.674200057983398,183.2949981689453,1.0471473932266235,1.099680781364441
SB86214_component_65a,111.3165,-12.627275,192.9040069580078,672.139404296875,111.31654357910156,-12.627274513244629,177.61166381835938,1.0342152118682861,1.0860998630523682
SB86214_component_67a,111.012826,-15.088133,176.6699981689453,309.9473571777344,111.01275634765625,-15.088171005249023,156.20652770996094,1.0769729614257812,1.13100266456604
SB86214_component_71a,111.091356,-12.467883,192.23399353027344,804.3263549804688,111.09142303466797,-12.467848777770996,177.42388916015625,1.031713843345642,1.0834729671478271
SB86214_component_72a,111.191383,-12.882594,178.25399780273438,550.1666870117188,111.19144439697266,-12.882610321044922,166.21490478515625,1.0211992263793945,1.0724308490753174
SB86214_component_76a,110.095622,-13.141373,168.0019989013672,531.65185546875,110.09559631347656,-13.141406059265137,163.62869262695312,0.9776787161827087,1.0267269611358643
SB86214_component_77a,111.812605,-8.725254,169.50799560546875,139.05496215820312,111.81260681152344,-8.725275993347168,182.31687927246094,0.8853285312652588,0.9297438263893127
SB86214_component_79a,111.918223,-9.402104,172.35800170898438,239.71905517578125,111.91815948486328,-9.40213394165039,167.11526489257812,0.9821017384529114,1.0313719511032104
SB86214_component_82a,105.307908,-10.56967,172.6280059814453,195.501708984375,105.30802917480469,-10.569601058959961,174.66407775878906,0.9411282539367676,0.9883429408073425
SB86214_component_85a,109.296035,-13.300627,161.55799865722656,447.5290832519531,109.29601287841797,-13.300651550292969,148.530029296875,1.0357509851455688,1.0877126455307007
SB86214_component_86a,111.731048,-10.997978,163.76400756835938,660.3387451171875,111.73102569580078,-10.998022079467773,156.18336486816406,0.9984466433525085,1.048536777496338
SB86214_component_88a,111.854894,-9.290116,155.89199829101562,222.70286560058594,111.85478973388672,-9.290167808532715,155.56729125976562,0.9542160034179688,1.0020872354507446
SB86214_component_90a,109.17906,-17.120935,156.94700622558594,90.14761352539062,109.17903900146484,-17.120819091796875,160.05422973632812,0.933742344379425,0.9805864095687866
SB86214_component_92a,112.184368,-13.078207,149.1540069580078,473.5047912597656,112.18438720703125,-13.078229904174805,134.21583557128906,1.0582112073898315,1.1112996339797974
SB86214_component_93a,110.822588,-13.553364,141.86700439453125,453.2492370605469,110.82258605957031,-13.553410530090332,124.90662384033203,1.081526279449463,1.1357845067977905
SB86214_component_94a,111.245965,-15.758148,141.42999267578125,142.1407012939453,111.24588012695312,-15.75814437866211,140.146484375,0.9609493017196655,1.0091583728790283
SB86214_component_96a,112.340518,-12.289257,144.28199768066406,455.14825439453125,112.34053039550781,-12.289275169372559,136.9724884033203,1.0030438899993896,1.0533647537231445
SB86214_component_97a,107.875761,-12.055708,142.10299682617188,617.839111328125,107.8758316040039,-12.055707931518555,131.51441955566406,1.0288950204849243,1.0805126428604126
SB86214_component_98a,108.721554,-17.26542,148.39500427246094,102.2004165649414,108.721435546875,-17.26535415649414,141.7412109375,0.9969292283058167,1.0469433069229126
SB86214_component_102a,113.34105,-14.191764,144.73899841308594,246.994873046875,113.34092712402344,-14.191813468933105,142.31680297851562,0.9684351682662964,1.0170197486877441
SB86214_component_110a,105.43207,-12.283627,138.5570068359375,294.1762390136719,105.43218994140625,-12.283608436584473,122.2470932006836,1.0792725086212158,1.1334176063537598
SB86214_component_116a,110.165083,-7.73126,123.32499694824219,76.40953826904297,110.16526794433594,-7.7312331199646,148.00387573242188,0.7934492826461792,0.8332551717758179
SB86214_component_120a,107.060101,-14.039517,118.72100067138672,456.6192626953125,107.06008911132812,-14.039499282836914,113.99906158447266,0.9916706085205078,1.041420817375183
SB86214_component_124a,106.280964,-10.488346,125.3239974975586,299.1026306152344,106.2810287475586,-10.4883394241333,112.47124481201172,1.0610452890396118,1.1142759323120117
SB86214_component_125a,105.573716,-13.263018,118.31300354003906,223.65408325195312,105.57386016845703,-13.262938499450684,102.43515014648438,1.0998276472091675,1.1550039052963257
SB86214_component_126a,114.239801,-12.970339,124.11299896240234,74.23026275634766,114.23945617675781,-12.970548629760742,145.88575744628906,0.8101128935813904,0.8507547378540039
SB86214_component_130a,111.937122,-11.617129,117.73899841308594,432.86395263671875,111.9371566772461,-11.617087364196777,113.05414581298828,0.9916878938674927,1.0414390563964844
SB86214_component_131a,107.821423,-9.769779,113.427001953125,247.65721130371094,107.8214340209961,-9.76978588104248,104.51517486572266,1.0334233045578003,1.085268259048462
SB86214_component_132a,111.569,-9.944392,114.1500015258789,306.8548278808594,111.5689697265625,-9.944408416748047,110.14926147460938,0.9868144989013672,1.0363210439682007
SB86214_component_133a,104.762922,-11.420642,117.30899810791016,141.84884643554688,104.76317596435547,-11.420564651489258,100.90974426269531,1.1069790124893188,1.162514090538025
SB86214_component_135a,107.995703,-9.446823,117.83000183105469,265.38287353515625,107.99571990966797,-9.446806907653809,110.56121063232422,1.0148322582244873,1.0657445192337036
SB86214_component_138a,107.623165,-11.306619,109.3239974975586,366.8590393066406,107.62322998046875,-11.30661678314209,100.62265014648438,1.0345724821090698,1.0864750146865845
SB86214_component_139a,110.46051,-9.820061,106.71499633789062,347.6058349609375,110.46055603027344,-9.820074081420898,101.24375915527344,1.0036871433258057,1.0540401935577393
SB86214_component_140a,105.024732,-11.908543,107.61399841308594,155.96231079101562,105.02494049072266,-11.908504486083984,96.98970031738281,1.056536078453064,1.1095404624938965
SB86214_component_145a,112.129808,-9.035105,105.0979995727539,88.54085540771484,112.12964630126953,-9.035202980041504,114.68580627441406,0.8726215958595276,0.916399359703064
SB86214_component_147a,111.645674,-15.458622,100.23999786376953,132.59259033203125,111.64551544189453,-15.45865535736084,94.47998046875,1.0102815628051758,1.0609655380249023
SB86214_component_148a,106.738992,-14.995341,104.52899932861328,226.25323486328125,106.73906707763672,-14.995299339294434,91.09225463867188,1.0926889181137085,1.1475069522857666
SB86214_component_150a,110.616668,-15.277371,95.95700073242188,143.8635711669922,110.61663818359375,-15.277385711669922,86.10391998291016,1.0611943006515503,1.114432454109192
SB86214_component_152a,110.754025,-10.44853,99.72599792480469,318.6134033203125,110.75405883789062,-10.448554992675781,92.66505432128906,1.0247869491577148,1.0761985778808594
SB86214_component_154a,112.58373,-10.634281,105.33100128173828,211.50804138183594,112.58357238769531,-10.634435653686523,112.70367431640625,0.8899371027946472,0.9345835447311401
SB86214_component_155a,108.226875,-15.15923,104.37000274658203,339.9674377441406,108.2268295288086,-15.15921401977539,92.69319915771484,1.0721831321716309,1.1259726285934448
SB86214_component_156a,106.988184,-11.277312,99.54399871826172,339.7406005859375,106.9881591796875,-11.277320861816406,89.3896255493164,1.0603985786437988,1.113596796989441
SB86214_component_162a,110.828075,-15.999738,93.1510009765625,98.36430358886719,110.82801055908203,-15.999713897705078,84.5124282836914,1.0495619773864746,1.1022166013717651
SB86214_component_165a,110.265903,-12.162061,92.21800231933594,283.7477111816406,110.26595306396484,-12.162039756774902,89.61234283447266,0.9799164533615112,1.0290770530700684
SB86214_component_166a,109.55451,-13.400761,92.2969970703125,305.61920166015625,109.55448150634766,-13.400782585144043,84.77350616455078,1.0367369651794434,1.0887480974197388
SB86214_component_167a,109.602883,-7.861659,99.44599914550781,68.82075500488281,109.6031265258789,-7.861571311950684,111.63369750976562,0.8482681512832642,0.8908241987228394
SB86214_component_175a,108.336516,-14.561378,87.73500061035156,346.7786560058594,108.33646392822266,-14.561363220214844,79.53287506103516,1.0504306554794312,1.1031287908554077
SB86214_component_178a,107.750564,-13.992035,88.91500091552734,355.6600036621094,107.7505111694336,-13.992013931274414,94.5445327758789,0.8955293297767639,0.9404562711715698
SB86214_component_184a,107.061401,-12.872309,83.13600158691406,304.5274658203125,107.0613784790039,-12.872333526611328,73.94758605957031,1.070548415184021,1.1242557764053345
SB86214_component_185a,109.028724,-11.071221,88.01200103759766,229.79635620117188,109.02880859375,-11.07120132446289,81.0882568359375,1.0335347652435303,1.0853853225708008
SB86214_component_189a,112.94393,-12.2438,82.20600128173828,222.17837524414062,112.94385528564453,-12.2438383102417,79.26726531982422,0.9875311255455017,1.0370737314224243
SB86214_component_190a,113.086151,-10.850571,82.55400085449219,103.19249725341797,113.08596801757812,-10.85071849822998,84.33393859863281,0.9321309328079224,0.9788941740989685
SB86214_component_191a,107.89994,-12.263968,79.67400360107422,289.7236328125,107.89996337890625,-12.263999938964844,74.7655258178711,1.0147438049316406,1.0656516551971436
SB86214_component_192a,109.653055,-9.682606,76.52300262451172,280.3040466308594,109.65309143066406,-9.682600975036621,71.2862319946289,1.0221803188323975,1.0734611749649048
SB86214_component_194a,104.534471,-11.125826,77.93599700927734,60.509315490722656,104.5347671508789,-11.125727653503418,71.4648208618164,1.038453221321106,1.0905505418777466
SB86214_component_196a,109.902205,-7.949831,75.94300079345703,74.38099670410156,109.90241241455078,-7.949751377105713,80.57752990722656,0.8974598050117493,0.9424836039543152
SB86214_component_200a,110.11983,-12.034112,76.63300323486328,319.30419921875,110.11986541748047,-12.034090042114258,72.00285339355469,1.0134615898132324,1.064305067062378
SB86214_component_201a,106.725773,-14.073606,79.32099914550781,240.3666534423828,106.72582244873047,-14.073577880859375,69.74279022216797,1.0830039978027344,1.1373361349105835
SB86214_component_203a,109.824119,-9.510408,80.85700225830078,279.7820129394531,109.82421112060547,-9.51040267944336,77.22249603271484,0.9970454573631287,1.0470653772354126
SB86214_component_204a,113.925271,-14.093184,77.13500213623047,83.56988525390625,113.92496490478516,-14.093292236328125,82.8692398071289,0.8863378763198853,0.9308037757873535
SB86214_component_205a,112.071798,-11.227226,73.33699798583984,266.67999267578125,112.07176208496094,-11.227276802062988,62.36759948730469,1.1197092533111572,1.1758829355239868
SB86214_component_206a,111.906233,-10.627417,76.72799682617188,259.2162170410156,111.90620422363281,-10.627480506896973,73.40850067138672,0.9952877759933472,1.0452195405960083
SB86214_component_207a,114.258722,-13.226669,81.99600219726562,55.067832946777344,114.25850677490234,-13.226770401000977,84.94265747070312,0.9191957116127014,0.9653100371360779
SB86214_component_209a,108.655927,-12.293037,76.18199920654297,245.74838256835938,108.65596771240234,-12.293071746826172,70.98899841308594,1.0218861103057861,1.0731521844863892
SB86214_component_211a,108.472335,-9.871138,71.3479995727539,265.23419189453125,108.47234344482422,-9.87116813659668,65.25444793701172,1.0411490201950073,1.093381404876709
SB86214_component_219a,111.643755,-13.764149,66.6729965209961,200.21920776367188,111.64373016357422,-13.76425552368164,59.77289962768555,1.06215238571167,1.1154385805130005
SB86214_component_221a,109.961911,-13.254124,68.177001953125,262.21923828125,109.96192169189453,-13.254138946533203,57.4435920715332,1.1301536560058594,1.1868512630462646
SB86214_component_225a,111.374435,-12.191605,69.33399963378906,255.8450164794922,111.37446594238281,-12.191618919372559,63.510826110839844,1.0395363569259644,1.0916879177093506
SB86214_component_228a,107.200027,-16.802329,68.12100219726562,39.12751388549805,107.20018768310547,-16.802175521850586,52.34756088256836,1.2391552925109863,1.3013213872909546
SB86214_component_230a,111.480972,-11.256682,66.54399871826172,295.7510986328125,111.48099517822266,-11.256672859191895,65.11323547363281,0.973152220249176,1.0219734907150269
SB86214_component_232a,107.476021,-14.512726,69.18499755859375,275.637451171875,107.47593688964844,-14.512680053710938,59.36597442626953,1.1097253561019897,1.165398120880127
SB86214_component_236a,109.987484,-15.546253,60.88199996948242,87.97977447509766,109.98750305175781,-15.546209335327148,56.127010345458984,1.0328997373580933,1.0847183465957642
SB86214_component_238a,107.601335,-14.61423,66.84300231933594,247.56666564941406,107.60126495361328,-14.614180564880371,58.231502532958984,1.0930477380752563,1.1478838920593262
SB86214_component_240a,112.908012,-10.303892,65.91999816894531,72.51924896240234,112.90782928466797,-10.304047584533691,65.39315795898438,0.9599000811576843,1.0080565214157104
SB86214_component_241a,110.742678,-11.102962,64.0530014038086,235.4889678955078,110.74267578125,-11.102948188781738,58.09589767456055,1.049869179725647,1.1025391817092896
SB86214_component_242a,111.313862,-10.059926,64.9489974975586,191.5899658203125,111.3138656616211,-10.05994701385498,60.89667892456055,1.0155937671661377,1.0665441751480103
SB86214_component_243a,112.076909,-12.597974,64.2699966430664,217.12835693359375,112.07693481445312,-12.597978591918945,58.64162063598633,1.043622612953186,1.0959792137145996
SB86214_component_245a,110.608199,-10.83856,63.027000427246094,221.92605590820312,110.60822296142578,-10.838582992553711,58.281803131103516,1.0297571420669556,1.0814181566238403
SB86214_component_246a,106.025944,-13.122857,63.499000549316406,191.83987426757812,106.0259780883789,-13.122857093811035,63.449302673339844,0.952974259853363,1.0007833242416382
SB86214_component_247a,110.307316,-10.338996,61.584999084472656,232.396240234375,110.307373046875,-10.339009284973145,58.06085205078125,1.0100263357162476,1.0606974363327026
SB86214_component_249a,107.791935,-12.5091,59.983001708984375,289.77294921875,107.79191589355469,-12.509160041809082,57.34984588623047,0.9959490299224854,1.0459139347076416
SB86214_component_252a,110.456892,-9.539264,59.92499923706055,211.00350952148438,110.45692443847656,-9.53925895690918,56.95286178588867,1.0019214153289795,1.0521858930587769
SB86214_component_263a,109.469726,-16.050939,56.34000015258789,126.04026794433594,109.46975708007812,-16.050912857055664,56.200592041015625,0.9545905590057373,1.0024805068969727
SB86214_component_265a,111.170297,-10.568663,57.933998107910156,233.60482788085938,111.17031860351562,-10.568713188171387,65.8954086303711,0.8371813297271729,0.8791810870170593
SB86214_component_267a,104.605205,-11.062713,59.290000915527344,44.780967712402344,104.60539245605469,-11.062677383422852,55.323204040527344,1.020505428314209,1.071702241897583
SB86214_component_268a,111.239043,-10.862041,57.25299835205078,227.19442749023438,111.23905944824219,-10.862053871154785,52.27708435058594,1.0428649187088013,1.0951834917068481
SB86214_component_271a,108.897128,-11.009997,57.53099822998047,137.30548095703125,108.89714813232422,-11.010011672973633,53.493141174316406,1.0241061449050903,1.0754836797714233
SB86214_component_273a,104.689164,-11.148537,60.124000549316406,48.84159469604492,104.6894302368164,-11.148430824279785,53.10551452636719,1.0780761241912842,1.1321611404418945
SB86214_component_276a,105.523539,-10.350681,59.808998107910156,74.66791534423828,105.52372741699219,-10.350643157958984,55.56409454345703,1.0249754190444946,1.0763964653015137
SB86214_component_278a,106.60744,-13.957349,55.24399948120117,186.00674438476562,106.6075210571289,-13.957327842712402,55.84702682495117,0.9419465065002441,0.9892021417617798
SB86214_component_280a,106.740592,-11.804963,55.13399887084961,210.43511962890625,106.74065399169922,-11.80493450164795,52.12508010864258,1.0071958303451538,1.057724952697754
SB86214_component_281a,112.305168,-13.805196,53.40800094604492,128.38461303710938,112.30510711669922,-13.805273056030273,48.74657440185547,1.0432860851287842,1.0956257581710815
SB86214_component_283a,112.577811,-12.386005,54.018001556396484,154.7793731689453,112.57781982421875,-12.386016845703125,52.464324951171875,0.9804277420043945,1.029613971710205
SB86214_component_284a,108.337015,-13.443247,54.94300079345703,209.70611572265625,108.33702850341797,-13.443239212036133,51.08779525756836,1.0240858793258667,1.0754623413085938
SB86214_component_286a,108.997643,-12.219001,58.244998931884766,205.0880126953125,108.99769592285156,-12.219030380249023,54.131980895996094,1.0245801210403442,1.0759812593460083
SB86214_component_287a,106.069607,-9.675652,59.52799987792969,49.89773941040039,106.069580078125,-9.675646781921387,56.4385871887207,1.0043529272079468,1.0547393560409546
SB86214_component_293a,107.060201,-12.702318,54.34000015258789,193.38079833984375,107.06016540527344,-12.702337265014648,48.6734619140625,1.0630863904953003,1.1164194345474243
SB86214_component_294a,107.981511,-9.678167,54.61199951171875,143.71578979492188,107.98150634765625,-9.678199768066406,50.10453796386719,1.0378921031951904,1.0899611711502075
SB86214_component_295a,109.803199,-9.852689,51.915000915527344,207.66000366210938,109.80323791503906,-9.852709770202637,55.63167190551758,0.8886114954948425,0.9331914782524109
SB86214_component_297a,111.322635,-9.030914,50.095001220703125,97.2718505859375,111.32245635986328,-9.030986785888672,52.828285217285156,0.9029611349105835,0.9482609629631042
SB86214_component_298a,109.085256,-17.033806,53.755001068115234,37.82899475097656,109.08513641357422,-17.033754348754883,51.0670166015625,1.0023504495620728,1.0526363849639893
SB86214_component_300a,112.244384,-12.601688,52.54399871826172,165.2327117919922,112.24439239501953,-12.601704597473145,50.60971450805664,0.9886223077774048,1.0382195711135864
SB86214_component_302a,105.18043,-10.401769,56.13999938964844,49.50617599487305,105.18065643310547,-10.401701927185059,65.46443176269531,0.8165977597236633,0.8575649261474609
SB86214_component_304a,108.653476,-8.940359,51.270999908447266,122.65789031982422,108.65359497070312,-8.940202713012695,50.03309631347656,0.9757882356643677,1.0247416496276855
SB86214_component_310a,108.002404,-10.014693,50.643001556396484,171.67120361328125,108.0024185180664,-10.014687538146973,48.01740646362305,1.0042964220046997,1.0546801090240479
SB86214_component_311a,112.11128,-12.630342,53.35900115966797,183.99656677246094,112.11132049560547,-12.630331039428711,48.1772575378418,1.0546462535858154,1.1075557470321655
SB86214_component_312a,107.131234,-11.539922,50.36600112915039,182.4855194091797,107.1312026977539,-11.539908409118652,46.19483947753906,1.0382099151611328,1.0902949571609497
SB86214_component_314a,112.248291,-12.517594,51.20899963378906,169.006591796875,112.24827575683594,-12.517606735229492,46.77357482910156,1.0425260066986084,1.0948275327682495
SB86214_component_316a,106.022587,-11.432273,54.417999267578125,153.72315979003906,106.02262115478516,-11.432255744934082,47.48729705810547,1.0912048816680908,1.1459485292434692
SB86214_component_317a,111.52735,-12.345942,51.70600128173828,185.32615661621094,111.52740478515625,-12.345932006835938,48.38274383544922,1.0176340341567993,1.068686842918396
SB86214_component_318a,105.243599,-11.930694,51.93000030517578,105.76374816894531,105.24378204345703,-11.930668830871582,45.85363006591797,1.0784145593643188,1.132516622543335
SB86214_component_320a,110.499013,-10.950988,50.487998962402344,191.24241638183594,110.49900817871094,-10.950965881347656,45.91147232055664,1.0471481084823608,1.0996814966201782
SB86214_component_326a,108.616733,-14.999669,50.48899841308594,123.74755096435547,108.61670684814453,-14.999737739562988,45.511871337890625,1.0563631057739258,1.1093589067459106
SB86214_component_330a,106.082004,-10.783168,47.86600112915039,125.6325454711914,106.0820083618164,-10.783172607421875,48.897544860839844,0.9321402311325073,0.9789039492607117
SB86214_component_335a,112.324245,-13.333854,45.60499954223633,154.07093811035156,112.32425689697266,-13.333921432495117,50.62594223022461,0.8577890396118164,0.9008227586746216
SB86214_component_337a,110.579239,-13.385403,45.78099822998047,144.87657165527344,110.57923126220703,-13.385465621948242,41.639896392822266,1.0469279289245605,1.0994503498077393
SB86214_component_339a,109.218393,-10.33502,46.0,189.3004150390625,109.21841430664062,-10.335065841674805,41.96554946899414,1.0437730550765991,1.0961371660232544
SB86214_component_340a,111.673863,-14.288812,43.86600112915039,133.73780822753906,111.67383575439453,-14.288902282714844,38.97181701660156,1.0718119144439697,1.1255826950073242
SB86214_component_344a,106.165244,-10.627039,45.77299880981445,112.46437072753906,106.1652603149414,-10.627055168151855,41.49013137817383,1.0505234003067017,1.1032261848449707
SB86214_component_347a,112.921703,-13.820634,44.04600143432617,142.543701171875,112.92166900634766,-13.820655822753906,41.40045166015625,1.0130772590637207,1.063901424407959
SB86214_component_348a,113.002535,-14.140652,44.36800003051758,113.18367767333984,113.00239562988281,-14.140716552734375,43.17856216430664,0.9784594774246216,1.027547001838684
SB86214_component_349a,112.538176,-14.867606,43.946998596191406,66.68740844726562,112.53810119628906,-14.867579460144043,41.37654495239258,1.0113842487335205,1.062123417854309
SB86214_component_350a,109.86936,-12.376735,43.547000885009766,186.89700317382812,109.8694076538086,-12.376749992370605,41.19070816040039,1.0067002773284912,1.0572044849395752
SB86214_component_352a,111.020352,-9.304216,42.444000244140625,112.28572082519531,111.02033996582031,-9.304184913635254,43.36703872680664,0.931960940361023,0.9787156581878662
SB86214_component_355a,112.897244,-10.903811,44.47600173950195,77.89142608642578,112.89715576171875,-10.903923034667969,52.089664459228516,0.8130464553833008,0.8538354635238647
SB86214_component_356a,106.255901,-14.739445,43.24599838256836,69.19359588623047,106.2559814453125,-14.739416122436523,53.21004867553711,0.7739152908325195,0.812741219997406
SB86214_component_357a,106.245154,-12.634435,45.37799835205078,171.8863525390625,106.24519348144531,-12.634462356567383,39.276771545410156,1.100147008895874,1.1553393602371216
SB86214_component_359a,112.578533,-11.751086,44.733001708984375,75.18151092529297,112.57857513427734,-11.75106430053711,44.251644134521484,0.9625865817070007,1.0108777284622192
SB86214_component_361a,108.767079,-13.328145,44.097999572753906,172.25779724121094,108.76707458496094,-13.32814884185791,40.463504791259766,1.0377590656280518,1.0898215770721436
SB86214_component_364a,110.781145,-15.073044,40.28900146484375,89.93080139160156,110.78111267089844,-15.07303524017334,36.657413482666016,1.0465641021728516,1.099068284034729
SB86214_component_369a,108.412128,-13.114375,43.07099914550781,175.79998779296875,108.41211700439453,-13.11446475982666,39.30865478515625,1.043368935585022,1.0957129001617432
SB86214_component_370a,112.558617,-12.098028,43.880001068115234,123.60564422607422,112.55856323242188,-12.098012924194336,44.6201286315918,0.9364336133003235,0.9834126830101013
SB86214_component_373a,107.138055,-9.107188,44.494998931884766,42.05576705932617,107.13805389404297,-9.10720157623291,39.412899017333984,1.0750136375427246,1.1289451122283936
SB86214_component_374a,113.799342,-13.399828,43.67300033569336,72.3062973022461,113.79924774169922,-13.399877548217773,50.88149642944336,0.817324161529541,0.8583277463912964
SB86214_component_377a,112.09806,-11.971099,41.099998474121094,141.72413635253906,112.09812927246094,-11.971073150634766,39.771568298339844,0.9840342998504639,1.0334014892578125
SB86214_component_380a,110.62782,-15.836901,39.31100082397461,53.19485855102539,110.62773895263672,-15.836942672729492,35.47475051879883,1.0552027225494385,1.1081403493881226
SB86214_component_382a,106.777098,-13.513159,40.28099822998047,155.52508544921875,106.77716064453125,-13.513144493103027,36.43132400512695,1.0528498888015747,1.105669379234314
SB86214_component_387a,106.622241,-14.272817,43.1879997253418,118.97520446777344,106.62218475341797,-14.27283000946045,35.77899169921875,1.1494132280349731,1.2070770263671875
SB86214_component_391a,109.380806,-14.723463,38.29800033569336,127.23588562011719,109.38081359863281,-14.723435401916504,35.09137725830078,1.0392423868179321,1.0913792848587036
SB86214_component_393a,110.195825,-8.628084,41.92499923706055,106.13923645019531,110.1957778930664,-8.628135681152344,43.46889877319336,0.9184079170227051,0.9644826650619507
SB86214_component_397a,104.94592,-11.850698,40.53900146484375,60.86936950683594,104.94608306884766,-11.850621223449707,36.30278015136719,1.0633453130722046,1.1166913509368896
SB86214_component_398a,106.739111,-12.012987,38.79800033569336,134.24913024902344,106.7391586303711,-12.013018608093262,34.66292190551758,1.0658235549926758,1.1192940473556519
SB86214_component_402a,113.149277,-15.166216,40.97100067138672,27.241357803344727,113.14912414550781,-15.16619873046875,42.633216857910156,0.9151023030281067,0.9610112309455872
SB86214_component_404a,110.149095,-11.991156,38.61600112915039,177.9539337158203,110.14910888671875,-11.991154670715332,43.70283126831055,0.841392993927002,0.883604109287262
SB86214_component_406a,109.322111,-14.008697,38.75899887084961,151.40232849121094,109.32211303710938,-14.008672714233398,35.345436096191406,1.0441920757293701,1.0965771675109863
SB86214_component_411a,110.414653,-13.746303,37.0629997253418,114.39197540283203,110.41463470458984,-13.746342658996582,31.9447078704834,1.1047978401184082,1.1602234840393066
SB86214_component_413a,111.739037,-10.120638,39.8120002746582,142.69532775878906,111.73899841308594,-10.120712280273438,37.27970504760742,1.016910433769226,1.0679268836975098
SB86214_component_418a,114.14962,-12.96619,42.90700149536133,32.72845458984375,114.14936065673828,-12.966423988342285,43.30550765991211,0.9434658288955688,0.9907978177070618
SB86214_component_419a,113.10108,-14.674836,38.25600051879883,56.92857360839844,113.1009521484375,-14.674893379211426,36.62293243408203,0.9946897029876709,1.0445914268493652
SB86214_component_420a,106.20055,-15.034328,37.944000244140625,46.96039581298828,106.20060729980469,-15.034260749816895,27.281230926513672,1.3244035243988037,1.3908463716506958
SB86214_component_423a,113.264042,-12.561141,38.83599853515625,101.93175506591797,113.2638931274414,-12.56117057800293,39.380104064941406,0.9390718340873718,0.986183226108551
SB86214_component_424a,109.052744,-17.016644,42.48500061035156,31.261959075927734,109.05268859863281,-17.01666831970215,42.27204895019531,0.9570254683494568,1.0050376653671265
SB86214_component_425a,106.772724,-14.578524,36.57400131225586,99.38587188720703,106.7728042602539,-14.578452110290527,26.972192764282227,1.291211485862732,1.3559892177581787
SB86214_component_429a,110.29226,-16.532998,38.46699905395508,32.461605072021484,110.2923812866211,-16.532817840576172,34.27399826049805,1.068721890449524,1.1223376989364624
SB86214_component_433a,113.377808,-12.105826,40.12099838256836,72.29008483886719,113.37770080566406,-12.105937957763672,39.041786193847656,0.9785504937171936,1.0276424884796143
SB86214_component_437a,106.855703,-15.423006,36.54100036621094,58.279109954833984,106.85577392578125,-15.422985076904297,36.589393615722656,0.9509690999984741,0.9986773729324341
SB86214_component_447a,110.73525,-12.23444,36.32699966430664,148.27346801757812,110.73530578613281,-12.234383583068848,45.956546783447266,0.7527024149894714,0.7904641032218933
SB86214_component_448a,112.292569,-13.9808,34.599998474121094,95.8448715209961,112.29247283935547,-13.980927467346191,41.33300018310547,0.7971137762069702,0.8371034860610962
SB86214_component_449a,106.796983,-14.289645,36.305999755859375,112.05555725097656,106.7970199584961,-14.289609909057617,33.187522888183594,1.0417050123214722,1.0939652919769287
SB86214_component_451a,105.846658,-14.343755,36.801998138427734,44.33975601196289,105.84679412841797,-14.343697547912598,29.486553192138672,1.1884709596633911,1.2480943202972412
SB86214_component_454a,109.172902,-8.331037,36.965999603271484,50.917354583740234,109.17314910888672,-8.330841064453125,37.15040969848633,0.9475017786026001,0.9950361251831055
SB86214_component_458a,105.395449,-10.516094,34.53300094604492,40.01506423950195,105.39552307128906,-10.516047477722168,33.22108459472656,0.9898324012756348,1.0394904613494873
SB86214_component_460a,106.781824,-14.745921,35.56100082397461,98.23480987548828,106.78186798095703,-14.745857238769531,33.77079772949219,1.002706527709961,1.05301034450531
SB86214_component_467a,107.888089,-13.328508,35.25899887084961,142.74899291992188,107.88802337646484,-13.328570365905762,32.05235290527344,1.0474932193756104,1.1000440120697021
SB86214_component_469a,106.453946,-11.712437,34.709999084472656,125.30685424804688,106.45402526855469,-11.712406158447266,35.28010940551758,0.9368409514427185,0.9838404655456543
SB86214_component_470a,110.815938,-12.427093,33.68600082397461,143.957275390625,110.81599426269531,-12.42703914642334,51.84084701538086,0.6187547445297241,0.6497964859008789
SB86214_component_472a,108.924715,-13.422448,34.19499969482422,146.75965881347656,108.92461395263672,-13.422465324401855,30.241718292236328,1.0767064094543457,1.1307227611541748
SB86214_component_473a,108.326577,-11.416995,34.67300033569336,119.56207275390625,108.32667541503906,-11.416974067687988,31.474716186523438,1.0489885807037354,1.1016143560409546
SB86214_component_474a,111.709974,-13.389932,33.17100143432617,104.640380859375,111.70995330810547,-13.389973640441895,30.636287689208984,1.0310118198394775,1.0827356576919556
SB86214_component_479a,109.202603,-11.052395,33.779998779296875,125.11109924316406,109.20268249511719,-11.052390098571777,29.10764503479004,1.105080008506775,1.1605198383331299
SB86214_component_481a,111.833898,-8.913778,33.683998107910156,34.512290954589844,111.83386993408203,-8.913801193237305,35.27534103393555,0.9092714786529541,0.9548879265785217
SB86214_component_483a,108.99642,-11.466571,35.04899978637695,139.637451171875,108.99645233154297,-11.466598510742188,32.81121826171875,1.01717209815979,1.0682016611099243
SB86214_component_488a,112.530449,-12.90209,32.819000244140625,109.0332260131836,112.5303955078125,-12.902154922485352,31.082738876342773,1.005419373512268,1.0558593273162842
SB86214_component_489a,107.489225,-16.702293,32.99800109863281,37.45516586303711,107.48922729492188,-16.702253341674805,32.396148681640625,0.9699188470840454,1.0185779333114624
SB86214_component_492a,109.23394,-14.837299,32.987998962402344,93.98290252685547,109.23396301269531,-14.837289810180664,30.438024520874023,1.032002329826355,1.0837759971618652
SB86214_component_493a,106.769949,-15.710794,35.18199920654297,48.32692337036133,106.77011108398438,-15.710657119750977,27.403644561767578,1.2225126028060913,1.283843755722046
SB86214_component_498a,107.334348,-14.539328,32.86399841308594,131.45599365234375,107.3343505859375,-14.53927993774414,31.198179244995117,1.0030725002288818,1.0533947944641113
SB86214_component_500a,105.871663,-14.767039,31.97100067138672,30.770933151245117,105.8719253540039,-14.76691722869873,27.866586685180664,1.0924803018569946,1.1472879648208618
SB86214_component_501a,109.657578,-11.42362,31.875999450683594,142.30355834960938,109.65758514404297,-11.423627853393555,29.324052810668945,1.0350968837738037,1.087025761604309
SB86214_component_502a,109.638325,-11.65846,31.69700050354004,104.95696258544922,109.63829803466797,-11.658506393432617,31.917278289794922,0.9456566572189331,0.9930984973907471
SB86214_component_504a,111.783521,-13.39269,31.92300033569336,94.16814422607422,111.78343963623047,-13.39278793334961,28.880760192871094,1.0525343418121338,1.1053379774093628
SB86214_component_507a,108.17687,-12.964104,33.319000244140625,154.25462341308594,108.17681121826172,-12.964170455932617,30.201435089111328,1.0505229234695435,1.1032257080078125
SB86214_component_508a,112.094871,-9.418096,33.349998474121094,42.70166015625,112.09453582763672,-9.418326377868652,30.726484298706055,1.0335323810577393,1.0853828191757202
SB86214_component_509a,108.317448,-16.086238,30.676000595092773,85.92717742919922,108.31736755371094,-16.086223602294922,24.29412841796875,1.2023712396621704,1.2626919746398926
SB86214_component_511a,112.80422,-14.03512,30.041000366210938,80.53887939453125,112.8041000366211,-14.035225868225098,26.84625816345215,1.0655449628829956,1.1190013885498047
SB86214_component_514a,111.241572,-10.10893,31.204999923706055,107.23367309570312,111.24149322509766,-10.109016418457031,30.279380798339844,0.9813374280929565,1.030569314956665
SB86214_component_519a,108.92591,-11.565643,30.707000732421875,118.10385131835938,108.92597198486328,-11.565690040588379,28.45966339111328,1.0274218320846558,1.078965663909912
SB86214_component_520a,109.396476,-7.842204,28.857999801635742,28.54401397705078,109.39659881591797,-7.842284679412842,29.81901741027832,0.9215397238731384,0.9677716493606567
SB86214_component_522a,109.637154,-14.931522,29.059999465942383,83.02857208251953,109.63716888427734,-14.93149185180664,27.858051300048828,0.9933127760887146,1.0431454181671143
SB86214_component_526a,105.546771,-12.895624,30.215999603271484,59.13111877441406,105.54682159423828,-12.895625114440918,28.168437957763672,1.021445870399475,1.0726898908615112
SB86214_component_527a,110.185368,-7.878575,27.28700065612793,24.965232849121094,110.18524932861328,-7.878746509552002,28.470111846923828,0.9126574397087097,0.9584437608718872
SB86214_component_530a,105.196964,-12.0983,28.423999786376953,50.66666793823242,105.19721984863281,-12.098153114318848,27.284456253051758,0.991998553276062,1.0417653322219849
SB86214_component_531a,113.525546,-14.421117,31.51799964904785,42.5344123840332,113.52519989013672,-14.421298027038574,31.05535888671875,0.9664141535758972,1.014897346496582
SB86214_component_535a,106.691313,-10.203336,29.110000610351562,76.4041976928711,106.69140625,-10.203227996826172,26.370752334594727,1.0511406660079956,1.1038744449615479
SB86214_component_537a,110.497303,-9.42477,28.142000198364258,96.04777526855469,110.49726104736328,-9.4248046875,26.962934494018555,0.9938685894012451,1.0437291860580444
SB86214_component_538a,108.232338,-12.826435,28.312000274658203,115.08943176269531,108.2323226928711,-12.826543807983398,28.50225257873535,0.9458723664283752,0.9933249950408936
SB86214_component_540a,109.841333,-15.568085,27.216999053955078,44.04045486450195,109.84130096435547,-15.568158149719238,13.294418334960938,1.949449896812439,2.0472500324249268
SB86214_component_543a,109.584221,-12.44848,27.913000106811523,121.36087036132812,109.58428955078125,-12.448514938354492,27.587669372558594,0.9634577631950378,1.0117926597595215
SB86214_component_546a,109.959878,-15.811265,27.68600082397461,50.42987060546875,109.95982360839844,-15.811263084411621,25.19982147216797,1.0461740493774414,1.098658561706543
SB86214_component_547a,108.085409,-11.756211,27.993000030517578,113.33198547363281,108.08554077148438,-11.756166458129883,27.248872756958008,0.9782324433326721,1.0273085832595825
SB86214_component_549a,110.871894,-16.18502,29.54599952697754,23.412044525146484,110.87157440185547,-16.18520164489746,26.908706665039062,1.0455553531646729,1.0980088710784912
SB86214_component_550a,106.348311,-15.245906,30.009000778198242,36.19903564453125,106.34843444824219,-15.24594497680664,18.07794761657715,1.5806785821914673,1.6599782705307007
SB86214_component_555a,112.532972,-10.344214,28.195999145507812,46.071895599365234,112.53287506103516,-10.344356536865234,29.558252334594727,0.9083430767059326,0.9539129137992859
SB86214_component_558a,108.575236,-12.822517,27.908000946044922,96.90278625488281,108.5751724243164,-12.82258415222168,25.987281799316406,1.022607684135437,1.0739099979400635
SB86214_component_559a,109.310197,-13.023944,27.573999404907227,114.89167022705078,109.31018829345703,-13.023959159851074,24.770830154418945,1.0599865913391113,1.1131640672683716
SB86214_component_560a,109.658869,-12.961872,28.85700035095215,102.32978820800781,109.6588134765625,-12.961904525756836,27.55794906616211,0.9971154928207397,1.0471389293670654
SB86214_component_562a,106.958434,-13.597312,30.920000076293945,124.67742156982422,106.95841217041016,-13.597296714782715,26.97072410583496,1.0916615724563599,1.1464282274246216
SB86214_component_565a,111.200282,-8.333894,26.481000900268555,27.99260139465332,111.2001953125,-8.3340482711792,30.884496688842773,0.8164602518081665,0.8574205040931702
SB86214_component_566a,111.284037,-14.817549,25.833999633789062,78.04833984375,111.283935546875,-14.817595481872559,23.89365577697754,1.0295565128326416,1.081207513809204
SB86214_component_567a,107.699552,-10.767795,27.231000900268555,94.88153839111328,107.69969177246094,-10.767762184143066,24.421899795532227,1.0617574453353882,1.1150238513946533
SB86214_component_568a,113.078151,-15.215695,30.097999572753906,23.259658813476562,113.07818603515625,-15.215534210205078,28.32050132751465,1.0119938850402832,1.0627636909484863
SB86214_component_570a,111.889097,-10.33979,28.66200065612793,102.00000762939453,111.88902282714844,-10.339853286743164,26.915136337280273,1.0140305757522583,1.064902663230896
SB86214_component_574a,107.878845,-11.77919,27.047000885009766,95.23591613769531,107.87893676757812,-11.779150009155273,25.396516799926758,1.0141124725341797,1.064988613128662
SB86214_component_575a,105.47123,-12.520082,27.94300079345703,57.85300064086914,105.47138977050781,-12.520010948181152,24.98369789123535,1.0650193691253662,1.118449330329895
SB86214_component_576a,109.091076,-8.139717,29.256000518798828,29.94472885131836,109.09136199951172,-8.139655113220215,29.564071655273438,0.942305862903595,0.9895795583724976
SB86214_component_577a,105.890972,-14.929931,27.05900001525879,22.567974090576172,105.89098358154297,-14.929830551147461,24.277055740356445,1.0613458156585693,1.1145914793014526
SB86214_component_578a,107.601026,-13.514737,26.243999481201172,108.44628143310547,107.6009292602539,-13.514764785766602,23.45530891418457,1.0654425621032715,1.1188937425613403
SB86214_component_579a,109.75557,-8.722109,25.972000122070312,76.38823699951172,109.75554656982422,-8.722112655639648,26.40658187866211,0.9365573525428772,0.9835426807403564
SB86214_component_583a,110.033658,-12.088124,26.115999221801758,99.30036926269531,110.03373718261719,-12.088105201721191,24.182199478149414,1.0283762216567993,1.0799678564071655
SB86214_component_584a,111.846822,-13.480004,25.89299964904785,85.17434692382812,111.8468246459961,-13.480031967163086,22.641414642333984,1.0889801979064941,1.143612265586853
SB86214_component_585a,111.12646,-8.687629,25.576000213623047,47.98499298095703,111.12647247314453,-8.687736511230469,22.84368133544922,1.0661239624023438,1.1196093559265137
SB86214_component_586a,104.832677,-10.480318,28.652000427246094,45.84320068359375,104.83303833007812,-10.480345726013184,29.383222579956055,0.9285316467285156,0.9751142859458923
SB86214_component_587a,107.523429,-16.422095,26.549999237060547,39.50892639160156,107.52360534667969,-16.42188262939453,26.110498428344727,0.9682567119598389,1.0168323516845703
SB86214_component_588a,113.276254,-14.221706,28.59000015258789,58.586063385009766,113.27618408203125,-14.221713066101074,28.54977035522461,0.9535702466964722,1.0014090538024902
SB86214_component_594a,110.98034,-11.129892,25.799999237060547,100.78124237060547,110.9803466796875,-11.12989616394043,22.374448776245117,1.0980156660079956,1.1531009674072266
SB86214_component_596a,110.214498,-7.980568,24.049999237060547,27.7713623046875,110.21479797363281,-7.9805426597595215,24.32518196105957,0.9414562582969666,0.9886873364448547
SB86214_component_597a,109.086199,-15.823421,24.06999969482422,71.0029525756836,109.08625030517578,-15.823357582092285,21.64353370666504,1.0589832067489624,1.1121103763580322
SB86214_component_600a,109.468062,-13.222739,25.868000030517578,69.72506713867188,109.4681167602539,-13.222748756408691,23.657915115356445,1.0411841869354248,1.0934183597564697
SB86214_component_601a,110.364238,-8.554757,24.076000213623047,55.86079025268555,110.36432647705078,-8.554760932922363,27.232345581054688,0.8418611288070679,0.8840957283973694
SB86214_component_610a,106.732108,-13.838795,25.37700080871582,71.48451232910156,106.73216247558594,-13.838838577270508,23.162582397460938,1.043264627456665,1.0956032276153564
SB86214_component_612a,113.591465,-12.431948,26.035999298095703,36.82602310180664,113.59127807617188,-12.432047843933105,24.336355209350586,1.0187318325042725,1.0698397159576416
SB86214_component_614a,110.908474,-15.37042,24.21299934387207,55.029544830322266,110.90858459472656,-15.3703031539917,22.30142593383789,1.0338490009307861,1.0857152938842773
SB86214_component_615a,106.663353,-14.434915,24.23699951171875,78.43689727783203,106.66337585449219,-14.434958457946777,21.604915618896484,1.0682365894317627,1.1218279600143433
SB86214_component_616a,107.169625,-13.718617,24.209999084472656,102.15189361572266,107.1695327758789,-13.718611717224121,22.093090057373047,1.0434688329696655,1.0958176851272583
SB86214_component_627a,105.980663,-11.463738,24.277999877929688,76.58674621582031,105.9807357788086,-11.463689804077148,20.34204864501953,1.1364736557006836,1.1934884786605835
SB86214_component_629a,111.31796,-9.733789,23.2189998626709,51.5977783203125,111.31794738769531,-9.733707427978516,21.6533145904541,1.0210812091827393,1.0723069906234741
SB86214_component_632a,112.247493,-9.037545,25.648000717163086,73.70115661621094,112.24730682373047,-9.037568092346191,26.229970932006836,0.9311012029647827,0.9778127670288086
SB86214_component_633a,108.457405,-12.108973,24.12299919128418,100.51249694824219,108.45751190185547,-12.108936309814453,23.385459899902344,0.9822602272033691,1.0315383672714233
SB86214_component_637a,112.154031,-15.384856,24.02899932861328,30.111528396606445,112.15375518798828,-15.385005950927734,21.122024536132812,1.0832815170288086,1.1376276016235352
SB86214_component_639a,111.547818,-15.339588,24.937000274658203,42.55460739135742,111.5477523803711,-15.339590072631836,22.3477725982666,1.0625543594360352,1.1158607006072998
SB86214_component_641a,110.425235,-14.274163,22.881999969482422,77.3040542602539,110.42516326904297,-14.274232864379883,20.40677833557129,1.0677281618118286,1.1212941408157349
SB86214_component_643a,111.932431,-12.741939,23.10700035095215,75.76065826416016,111.93244934082031,-12.741903305053711,21.260896682739258,1.0349113941192627,1.086830973625183
SB86214_component_647a,107.171912,-16.254337,23.632999420166016,27.968046188354492,107.17195129394531,-16.25436782836914,21.98439598083496,1.023635745048523,1.074989676475525
SB86214_component_648a,105.589804,-12.517924,22.315000534057617,51.655094146728516,105.58992767333984,-12.517895698547363,17.80885887145996,1.193169116973877,1.253028154373169
SB86214_component_655a,109.438996,-9.957531,23.003000259399414,99.15086364746094,109.43899536132812,-9.957549095153809,21.246631622314453,1.0309451818466187,1.0826658010482788
SB86214_component_659a,110.993008,-13.723698,22.150999069213867,75.85958862304688,110.99290466308594,-13.72378158569336,19.591339111328125,1.0766396522521973,1.130652666091919
SB86214_component_660a,107.5211,-14.461714,21.80500030517578,95.21833801269531,107.52094268798828,-14.461668968200684,19.915372848510742,1.0425786972045898,1.094882845878601
SB86214_component_662a,110.635776,-11.27139,24.24799919128418,97.38152313232422,110.63578033447266,-11.271356582641602,23.030603408813477,1.002563238143921,1.052859902381897
SB86214_component_664a,105.92532,-11.299949,22.26799964904785,66.47164154052734,105.92549896240234,-11.299872398376465,20.566652297973633,1.0310002565383911,1.082723617553711
SB86214_component_665a,110.96525,-14.659147,20.80500030517578,66.2579574584961,110.96519470214844,-14.659173011779785,17.966611862182617,1.1026626825332642,1.157981276512146
SB86214_component_666a,111.033351,-8.584225,20.80500030517578,39.55323028564453,111.03346252441406,-8.584259033203125,21.76944351196289,0.9100422859191895,0.9556974172592163
SB86214_component_668a,108.878856,-14.317723,23.009000778198242,90.23137664794922,108.87885284423828,-14.317713737487793,19.812999725341797,1.1058309078216553,1.1613082885742188
SB86214_component_669a,112.143754,-9.733775,22.48900032043457,46.36907196044922,112.14354705810547,-9.733802795410156,17.95908546447754,1.1924140453338623,1.2522352933883667
SB86214_component_671a,108.833961,-11.551151,22.773000717163086,82.51087188720703,108.83403778076172,-11.55118465423584,21.166677474975586,1.0244923830032349,1.075889229774475
SB86214_component_679a,107.885385,-9.678397,21.909000396728516,58.11405944824219,107.88539123535156,-9.678414344787598,21.754657745361328,0.9589842557907104,1.0070947408676147
SB86214_component_680a,107.845369,-11.246073,21.98900032043457,76.88461303710938,107.84542846679688,-11.246081352233887,21.441335678100586,0.9765506982803345,1.0255424976348877
SB86214_component_681a,109.338204,-9.044574,20.986000061035156,69.49006652832031,109.33832550048828,-9.044443130493164,21.206878662109375,0.942310631275177,0.9895845651626587
SB86214_component_682a,111.326064,-13.96412,21.466999053955078,67.93354034423828,111.32614135742188,-13.964173316955566,20.697315216064453,0.9876396059989929,1.0371875762939453
SB86214_component_687a,109.833799,-13.221913,21.63599967956543,61.641021728515625,109.83367919921875,-13.221980094909668,18.94943618774414,1.0872310400009155,1.141775369644165
SB86214_component_690a,106.885853,-13.914633,21.577999114990234,78.75182342529297,106.88597869873047,-13.914535522460938,19.24826431274414,1.067482590675354,1.1210360527038574
SB86214_component_691a,112.502876,-10.113693,21.950000762939453,40.57301330566406,112.5027847290039,-10.113672256469727,20.605995178222656,1.0143367052078247,1.065224051475525
SB86214_component_693a,105.40322,-10.412003,22.70599937438965,27.422704696655273,105.4032211303711,-10.411980628967285,19.468830108642578,1.1105597019195557,1.1662744283676147
SB86214_component_694a,106.84562,-12.265815,21.339000701904297,70.89369201660156,106.84561920166016,-12.265950202941895,19.710512161254883,1.0309019088745117,1.0826202630996704
SB86214_component_697a,111.736482,-12.658743,20.7549991607666,72.06597137451172,111.73644256591797,-12.658705711364746,13.19832992553711,1.4974244832992554,1.572547435760498
SB86214_component_698a,106.191243,-9.594711,18.9060001373291,14.610509872436523,106.1911849975586,-9.594655990600586,19.376394271850586,0.9291115999221802,0.9757233262062073
SB86214_component_700a,109.52372,-13.59223,19.631999969482422,73.25373077392578,109.5236587524414,-13.592229843139648,17.81426429748535,1.0493922233581543,1.1020382642745972
SB86214_component_701a,108.001503,-11.374496,20.81399917602539,72.77621459960938,108.00157165527344,-11.374470710754395,18.269102096557617,1.0848745107650757,1.1393005847930908
SB86214_component_702a,111.524722,-8.909455,19.863000869750977,26.697580337524414,111.52454376220703,-8.9096040725708,22.1638240814209,0.8533777594566345,0.8961901664733887
SB86214_component_703a,106.320873,-11.445176,20.885000228881836,70.08389282226562,106.32089233398438,-11.445146560668945,19.1843318939209,1.0366424322128296,1.088648796081543
SB86214_component_705a,112.270667,-13.047616,20.85300064086914,62.43413543701172,112.2706069946289,-13.04773235321045,22.05001449584961,0.900535523891449,0.9457136988639832
SB86214_component_707a,111.960267,-11.532888,23.30699920654297,100.03004455566406,111.96035766601562,-11.532907485961914,21.43459129333496,1.035409927368164,1.0873545408248901
SB86214_component_708a,113.799064,-14.569364,21.878000259399414,17.349721908569336,113.7989273071289,-14.569324493408203,23.582935333251953,0.8833868503570557,0.9277046918869019
SB86214_component_709a,110.217721,-12.483725,20.07200050354004,89.20889282226562,110.21770477294922,-12.483776092529297,17.440120697021484,1.0959287881851196,1.1509095430374146
SB86214_component_710a,106.087643,-14.54466,20.988000869750977,34.29412078857422,106.0877914428711,-14.544565200805664,16.930540084838867,1.1804332733154297,1.2396533489227295
SB86214_component_712a,109.647991,-15.228939,19.799999237060547,60.7361946105957,109.64823150634766,-15.228880882263184,18.374162673950195,1.0261214971542358,1.077600121498108
SB86214_component_716a,113.041845,-11.615315,22.093000411987305,43.23483657836914,113.04159545898438,-11.615371704101562,21.599273681640625,0.9739949703216553,1.0228585004806519
SB86214_component_717a,106.881223,-10.558924,20.70199966430664,62.54380416870117,106.88123321533203,-10.559004783630371,17.971254348754883,1.0969202518463135,1.151950716972351
SB86214_component_718a,107.061422,-15.205071,20.13599967956543,52.98947525024414,107.06148529052734,-15.20499324798584,16.8308048248291,1.139224886894226,1.1963777542114258
SB86214_component_719a,110.514318,-8.88952,19.993000030517578,52.751976013183594,110.51432037353516,-8.889542579650879,19.715797424316406,0.9656167030334473,1.0140599012374878
SB86214_component_720a,107.425298,-11.131416,20.270000457763672,77.96154022216797,107.42526245117188,-11.131378173828125,19.262889862060547,1.0020133256912231,1.052282452583313
SB86214_component_721a,107.256496,-13.055431,20.273000717163086,88.91667175292969,107.25640869140625,-13.055402755737305,18.063570022583008,1.0686994791030884,1.122314214706421
SB86214_component_722a,105.843485,-10.741085,19.878999710083008,53.01066589355469,105.84355163574219,-10.74102783203125,19.776325225830078,0.9571722149848938,1.0051918029785156
SB86214_component_727a,105.478552,-10.376654,18.89299964904785,22.545345306396484,105.4787826538086,-10.37646770477295,19.051353454589844,0.944313645362854,0.991688072681427
SB86214_component_729a,109.102845,-14.860596,19.82200050354004,64.99016571044922,109.10286712646484,-14.860600471496582,21.141172409057617,0.8928110599517822,0.9376017451286316
SB86214_component_732a,107.320944,-10.890525,20.309999465942383,70.76654815673828,107.32096862792969,-10.890480041503906,18.91817855834961,1.0222845077514648,1.0735706090927124
SB86214_component_734a,109.028497,-13.522837,19.39699935913086,75.4747085571289,109.02843475341797,-13.522825241088867,18.169483184814453,1.0165603160858154,1.0675592422485352
SB86214_component_737a,106.866375,-14.058657,19.468000411987305,63.41368103027344,106.8663558959961,-14.058609962463379,18.661958694458008,0.9933568239212036,1.04319167137146
SB86214_component_738a,109.579413,-12.541807,19.965999603271484,87.57017517089844,109.57946014404297,-12.54182243347168,15.198253631591797,1.2509459257125854,1.3137035369873047
SB86214_component_740a,111.526819,-12.484585,19.107999801635742,78.63374328613281,111.52694702148438,-12.484495162963867,24.85897445678711,0.7319361567497253,0.7686560153961182
SB86214_component_742a,108.602659,-14.064987,19.393999099731445,59.67384719848633,108.60265350341797,-14.064972877502441,21.08907699584961,0.8756911754608154,0.9196229577064514
SB86214_component_746a,107.866935,-9.845405,18.5,48.94179916381836,107.86712646484375,-9.845375061035156,16.64400863647461,1.0584124326705933,1.1115111112594604
SB86214_component_749a,108.937198,-15.047871,20.19099998474121,53.986629486083984,108.937255859375,-15.047791481018066,18.373233795166016,1.0464377403259277,1.098935604095459
SB86214_component_750a,105.963512,-11.004268,19.267000198364258,62.151611328125,105.96360778808594,-11.00426197052002,17.22309112548828,1.0652319192886353,1.1186726093292236
SB86214_component_752a,110.237772,-10.541175,19.85099983215332,88.22666931152344,110.2377700805664,-10.541182518005371,17.96038055419922,1.052465796470642,1.1052660942077637
SB86214_component_754a,107.019081,-15.689492,20.204999923706055,34.83620834350586,107.01929473876953,-15.68942642211914,16.79425048828125,1.1456167697906494,1.2030903100967407
SB86214_component_766a,106.674854,-13.691282,19.367000579833984,61.482540130615234,106.67488098144531,-13.691267013549805,20.552701950073242,0.8972936868667603,0.9423092007637024
SB86214_component_769a,106.14987,-10.121609,19.076000213623047,29.21286392211914,106.14990997314453,-10.121613502502441,17.52289581298828,1.036627173423767,1.0886328220367432
SB86214_component_770a,108.096078,-13.7167,18.489999771118164,77.36402130126953,108.09606170654297,-13.716734886169434,16.374225616455078,1.0752694606781006,1.1292136907577515
SB86214_component_772a,107.91235,-9.20456,19.479999542236328,33.07300567626953,107.91243743896484,-9.20464038848877,17.682697296142578,1.0490148067474365,1.1016418933868408
SB86214_component_775a,109.453156,-10.167758,18.211999893188477,76.52100372314453,109.45323181152344,-10.167777061462402,17.554922103881836,0.9878702759742737,1.0374298095703125
SB86214_component_777a,110.742096,-12.382191,18.184999465942383,78.38362121582031,110.74227905273438,-12.382104873657227,16.544368743896484,1.0466567277908325,1.0991655588150024
SB86214_component_778a,110.726175,-14.450322,17.06999969482422,51.72726821899414,110.7262191772461,-14.45031452178955,15.702286720275879,1.0351701974868774,1.0871027708053589
SB86214_component_783a,107.027784,-10.896616,18.927000045776367,67.35587310791016,107.02775573730469,-10.89661693572998,16.444547653198242,1.0959759950637817,1.1509590148925781
SB86214_component_784a,113.281908,-12.888077,18.44300079345703,42.79118728637695,113.28163146972656,-12.888121604919434,17.71389389038086,0.9914224147796631,1.041160225868225
SB86214_component_786a,108.155268,-10.022023,18.770000457763672,58.656253814697266,108.15522766113281,-10.022049903869629,17.13912010192871,1.042838215827942,1.0951554775238037
SB86214_component_787a,109.283556,-8.375244,18.43600082397461,27.51641845703125,109.28358459472656,-8.375146865844727,17.83514976501465,0.9843082427978516,1.0336891412734985
SB86214_component_789a,109.051552,-16.965041,17.7810001373291,15.368194580078125,109.05182647705078,-16.96468734741211,19.989299774169922,0.8470319509506226,0.8895258903503418
SB86214_component_790a,110.616461,-8.67858,17.739999771118164,40.87557601928711,110.61642456054688,-8.678657531738281,18.343997955322266,0.9208751916885376,0.9670737981796265
SB86214_component_793a,108.710699,-15.301517,17.554000854492188,54.85625457763672,108.7108154296875,-15.301435470581055,16.63926124572754,1.0045770406723022,1.0549747943878174
SB86214_component_795a,106.309723,-14.367015,20.19300079345703,36.64791488647461,106.30968475341797,-14.367048263549805,16.351123809814453,1.1759650707244873,1.2349610328674316
SB86214_component_796a,107.935394,-12.001995,17.885000228881836,74.21161651611328,107.93547821044922,-12.002021789550781,15.619967460632324,1.0903100967407227,1.1450088024139404
SB86214_component_798a,110.831094,-11.592636,18.099000930786133,79.0349349975586,110.83111572265625,-11.59262466430664,17.271224975585938,0.9978669285774231,1.0479280948638916
SB86214_component_799a,105.322754,-13.707434,18.075000762939453,17.18155860900879,105.3228759765625,-13.70748233795166,16.696687698364258,1.0308350324630737,1.082550048828125
SB86214_component_801a,112.350082,-9.587904,17.516000747680664,23.606470108032227,112.34999084472656,-9.588061332702637,17.61905288696289,0.9466589689254761,0.9941511154174805
SB86214_component_802a,108.031869,-15.767003,18.649999618530273,60.749183654785156,108.03191375732422,-15.767078399658203,16.3122615814209,1.0886939764022827,1.1433117389678955
SB86214_component_804a,105.426973,-12.631235,17.667999267578125,30.996490478515625,105.42720794677734,-12.631292343139648,16.02829933166504,1.049641728401184,1.1023002862930298
SB86214_component_806a,105.943951,-14.263796,19.40999984741211,27.968299865722656,105.94396209716797,-14.26375961303711,14.331849098205566,1.289628028869629,1.3543262481689453
SB86214_component_807a,111.350329,-14.753353,17.459999084472656,52.275447845458984,111.35035705566406,-14.753353118896484,16.04013442993164,1.0365192890167236,1.0885194540023804
SB86214_component_808a,111.456303,-10.566336,18.055999755859375,80.60713958740234,111.45621490478516,-10.566398620605469,14.973220825195312,1.148279070854187,1.2058861255645752
SB86214_component_810a,106.093866,-14.372597,18.016000747680664,29.926912307739258,106.09379577636719,-14.372660636901855,16.0772705078125,1.0670560598373413,1.1205883026123047
SB86214_component_814a,107.053558,-10.367157,17.725000381469727,55.73899841308594,107.05352783203125,-10.367154121398926,17.022645950317383,0.9915174245834351,1.041260004043579
SB86214_component_816a,111.453664,-15.155034,16.533000946044922,37.746578216552734,111.45368957519531,-15.154977798461914,15.261486053466797,1.031563639640808,1.0833152532577515
SB86214_component_819a,113.012966,-10.641587,16.159000396728516,19.682096481323242,113.01280212402344,-10.641794204711914,19.01844024658203,0.8090600967407227,0.8496490716934204
SB86214_component_823a,111.459787,-8.537699,16.840999603271484,15.478858947753906,111.45962524414062,-8.537729263305664,16.297992706298828,0.9839542508125305,1.0333174467086792
SB86214_component_825a,112.480983,-13.601549,16.92300033569336,55.66776657104492,112.48084259033203,-13.601729393005371,14.220307350158691,1.1332077980041504,1.190058708190918
SB86214_component_827a,112.170759,-14.182068,15.937999725341797,44.51955032348633,112.17076873779297,-14.18213939666748,14.24315357208252,1.065537691116333,1.1189937591552734
SB86214_component_828a,111.399802,-14.055826,17.739999771118164,61.81184768676758,111.39974212646484,-14.055899620056152,15.633698463439941,1.080520510673523,1.1347283124923706
SB86214_component_830a,112.001964,-10.090371,16.945999145507812,48.555870056152344,112.0019302368164,-10.090344429016113,17.509244918823242,0.9215967059135437,0.9678314924240112
SB86214_component_836a,108.907387,-15.646027,16.52899932861328,55.28093338012695,108.9073257446289,-15.64600944519043,15.532613754272461,1.0133119821548462,1.06414794921875
SB86214_component_840a,108.627019,-11.559027,16.888999938964844,73.112548828125,108.62712097167969,-11.559126853942871,15.75868034362793,1.020528793334961,1.0717267990112305
SB86214_component_841a,110.707615,-10.065425,16.308000564575195,59.95588302612305,110.70771026611328,-10.06546401977539,17.666967391967773,0.8789818286895752,0.9230786561965942
SB86214_component_842a,114.066236,-12.754139,17.761999130249023,16.53817367553711,114.066162109375,-12.754085540771484,18.81449317932129,0.8989602327346802,0.9440593719482422
SB86214_component_845a,107.19534,-15.727392,16.065000534057617,31.376953125,107.19542694091797,-15.727374076843262,15.282712936401367,1.0009709596633911,1.0511877536773682
SB86214_component_846a,108.469269,-12.386109,17.1299991607666,68.79518127441406,108.46939086914062,-12.386131286621094,12.860635757446289,1.268341064453125,1.3319714069366455
SB86214_component_849a,104.903771,-10.529283,17.131000518798828,13.394058227539062,104.90449523925781,-10.52906322479248,18.957958221435547,0.8604632019996643,0.9036310911178589
SB86214_component_853a,107.044415,-13.661716,16.895000457763672,67.85140991210938,107.04425048828125,-13.661737442016602,14.295622825622559,1.1253725290298462,1.1818302869796753
SB86214_component_856a,106.078209,-14.088442,17.110000610351562,34.70588302612305,106.07842254638672,-14.08833122253418,14.126635551452637,1.1533269882202148,1.2111872434616089
SB86214_component_860a,108.343532,-16.398074,17.4060001373291,42.24757385253906,108.34355926513672,-16.397939682006836,16.391036987304688,1.0111922025680542,1.0619218349456787
SB86214_component_861a,110.852822,-12.283014,16.2549991607666,67.16941833496094,110.85285949707031,-12.282984733581543,19.57684898376465,0.7906519174575806,0.8303174376487732
SB86214_component_862a,112.639333,-12.602534,16.635000228881836,44.24202346801758,112.63931274414062,-12.602492332458496,15.980746269226074,0.9912128448486328,1.0409401655197144
SB86214_component_863a,108.610853,-14.440244,16.905000686645508,66.81818389892578,108.61085510253906,-14.440269470214844,14.7129545211792,1.094098687171936,1.1489875316619873
SB86214_component_864a,106.755588,-16.299286,18.072999954223633,12.647305488586426,106.7557601928711,-16.29918670654297,16.466352462768555,1.0451388359069824,1.0975714921951294
SB86214_component_867a,105.822689,-13.583063,15.583000183105469,29.62547492980957,105.82275390625,-13.582868576049805,21.045564651489258,0.7050690650939941,0.740441083908081
SB86214_component_869a,106.20294,-13.633342,15.15999984741211,39.07216262817383,106.20274353027344,-13.633398056030273,14.039349555969238,1.0282373428344727,1.079822063446045
SB86214_component_871a,107.876584,-10.817263,17.066999435424805,71.41004180908203,107.87667083740234,-10.81716251373291,14.941363334655762,1.0876975059509277,1.1422652006149292
SB86214_component_874a,110.203059,-10.362663,15.734999656677246,55.21052551269531,110.20315551757812,-10.36268424987793,15.203984260559082,0.9854860901832581,1.0349260568618774
SB86214_component_875a,114.031989,-13.792332,17.145000457763672,19.639175415039062,114.03162384033203,-13.792523384094238,18.300291061401367,0.8921146988868713,0.9368703961372375
SB86214_component_878a,107.931578,-16.052895,15.515999794006348,36.680850982666016,107.93150329589844,-16.052778244018555,15.042363166809082,0.982211172580719,1.0314868688583374
SB86214_component_881a,113.708369,-12.286844,16.792999267578125,18.975141525268555,113.70816802978516,-12.286955833435059,16.370254516601562,0.976818859577179,1.025823950767517
SB86214_component_882a,110.199768,-13.525454,15.619000434875488,58.71804428100586,110.19978332519531,-13.525516510009766,14.439177513122559,1.0300348997116089,1.081709861755371
SB86214_component_884a,109.620377,-12.684551,15.880000114440918,62.274513244628906,109.62033081054688,-12.684616088867188,15.033426284790039,1.0058510303497314,1.0563127994537354
SB86214_component_885a,108.662426,-16.378416,16.115999221801758,38.371429443359375,108.66226196289062,-16.378421783447266,15.031882286071777,1.020904302597046,1.0721211433410645
SB86214_component_886a,106.855626,-10.327952,15.6850004196167,47.243980407714844,106.85565185546875,-10.32790470123291,13.903162956237793,1.0742666721343994,1.1281605958938599
SB86214_component_888a,110.006314,-8.984523,15.901000022888184,43.09214401245117,110.00648498535156,-8.984504699707031,14.922401428222656,1.0146749019622803,1.0655791759490967
SB86214_component_889a,109.655845,-16.485998,16.597999572753906,17.508438110351562,109.65592956542969,-16.485960006713867,16.06450080871582,0.9838518500328064,1.0332098007202148
SB86214_component_891a,106.639891,-11.453727,15.529999732971191,53.737022399902344,106.63980102539062,-11.45374584197998,14.825263023376465,0.9974938035011292,1.0475362539291382
SB86214_component_893a,108.088753,-11.459244,16.257999420166016,47.958702087402344,108.0888671875,-11.459229469299316,15.536091804504395,0.9964752197265625,1.0464664697647095
SB86214_component_896a,112.044979,-15.17412,15.583000183105469,24.853271484375,112.04495239257812,-15.17402458190918,13.710118293762207,1.0823084115982056,1.1366058588027954
SB86214_component_899a,110.888602,-12.260052,15.317000389099121,71.91079711914062,110.8886947631836,-12.260019302368164,14.480293273925781,1.0072505474090576,1.0577824115753174
SB86214_component_901a,111.831376,-13.853077,13.843999862670898,42.46625518798828,111.83139038085938,-13.853075981140137,11.845696449279785,1.1128641366958618,1.1686944961547852
SB86214_component_905a,111.956457,-10.397353,16.256999969482422,59.33211898803711,111.95634460449219,-10.397500038146973,15.127748489379883,1.0233100652694702,1.0746476650238037
SB86214_component_907a,108.414301,-16.301238,14.432999610900879,36.263816833496094,108.41443634033203,-16.301179885864258,14.560953140258789,0.9438608288764954,0.9912125468254089
SB86214_component_908a,109.991933,-16.123669,15.947999954223633,24.687305450439453,109.99153137207031,-16.12378692626953,14.55750846862793,1.043182611465454,1.0955171585083008
SB86214_component_909a,110.214086,-11.24218,15.430999755859375,52.845890045166016,110.21407318115234,-11.242152214050293,14.785051345825195,0.993830680847168,1.043689250946045
SB86214_component_910a,113.736218,-12.198854,16.672000885009766,19.545135498046875,113.73619842529297,-12.198716163635254,16.95307159423828,0.93644118309021,0.9834206700325012
SB86214_component_911a,108.587984,-14.043244,15.057999610900879,43.1461296081543,108.58799743652344,-14.04323959350586,14.025530815124512,1.0223253965377808,1.0736135244369507
SB86214_component_912a,111.201611,-11.275483,15.571999549865723,64.08230590820312,111.20159149169922,-11.275465965270996,17.199920654296875,0.8621028661727905,0.9053530097007751
SB86214_component_914a,108.807702,-17.202735,15.53600025177002,10.4408597946167,108.80706787109375,-17.2026309967041,16.503618240356445,0.8963987231254578,0.941369354724884
SB86214_component_917a,107.296287,-12.893866,16.26799964904785,67.78333282470703,107.29631042480469,-12.89385986328125,14.164814949035645,1.093614935874939,1.1484794616699219
SB86214_component_919a,110.822236,-10.196843,15.824999809265137,56.720428466796875,110.82228088378906,-10.196842193603516,15.468754768371582,0.9741582870483398,1.0230299234390259
SB86214_component_921a,104.896193,-12.450706,15.411999702453613,15.169290542602539,104.89630889892578,-12.450677871704102,12.967844009399414,1.1317027807235718,1.1884782314300537
SB86214_component_925a,112.237139,-9.714616,14.951000213623047,23.215839385986328,112.23719787597656,-9.714644432067871,16.345380783081055,0.8709964156150818,0.9146926999092102
SB86214_component_929a,111.701683,-8.949537,14.857000350952148,19.319896697998047,111.70174407958984,-8.949501037597656,14.916950225830078,0.9484015703201294,0.9959810972213745
SB86214_component_930a,111.302708,-8.773529,14.751999855041504,25.835376739501953,111.30255889892578,-8.773428916931152,16.522397994995117,0.8501958847045898,0.8928486108779907
SB86214_component_932a,105.865982,-11.624636,14.758000373840332,47.0,105.86608123779297,-11.624666213989258,12.361882209777832,1.1368000507354736,1.193831205368042
SB86214_component_933a,113.443182,-13.677793,15.961999893188477,40.71938705444336,113.44316864013672,-13.677785873413086,13.110077857971191,1.1593730449676514,1.2175365686416626
SB86214_component_936a,107.61955,-16.316652,16.0049991607666,29.529518127441406,107.6192855834961,-16.316652297973633,11.832035064697266,1.288063883781433,1.3526835441589355
SB86214_component_938a,109.084804,-13.832387,16.229000091552734,63.394527435302734,109.08475494384766,-13.8324556350708,15.883209228515625,0.9729592800140381,1.0217708349227905
SB86214_component_941a,106.137449,-12.107465,15.626999855041504,52.089996337890625,106.13739013671875,-12.10747241973877,14.226366996765137,1.0459785461425781,1.0984532833099365
SB86214_component_943a,110.218886,-16.702898,16.249000549316406,10.356278419494629,110.218505859375,-16.702871322631836,12.606382369995117,1.2273751497268677,1.2889503240585327
SB86214_component_944a,106.185773,-14.187471,16.134000778198242,34.84665298461914,106.18605041503906,-14.187405586242676,12.947636604309082,1.186568260192871,1.2460962533950806
SB86214_component_945a,105.931136,-13.591522,15.531999588012695,32.09090805053711,105.931396484375,-13.591461181640625,13.776631355285645,1.07355797290802,1.1274163722991943
SB86214_component_946a,111.41897,-12.92087,14.559000015258789,57.54545593261719,111.41899108886719,-12.920825004577637,11.87009334564209,1.167934775352478,1.2265278100967407
SB86214_component_947a,111.451018,-13.484811,14.1899995803833,47.458194732666016,111.45105743408203,-13.48483943939209,13.594962120056152,0.993906557559967,1.0437690019607544
SB86214_component_948a,110.819298,-9.025266,14.687000274658203,45.61180114746094,110.81932830810547,-9.025147438049316,14.634414672851562,0.9556500911712646,1.0035933256149292
SB86214_component_950a,105.429003,-11.812272,15.85099983215332,38.56690979003906,105.42903137207031,-11.812369346618652,13.431007385253906,1.1238006353378296,1.180179476737976
SB86214_component_952a,111.854514,-10.513757,16.149999618530273,55.88235092163086,111.8546371459961,-10.51359748840332,13.582555770874023,1.1322234869003296,1.1890250444412231
SB86214_component_953a,112.286701,-9.925606,16.281999588012695,29.820512771606445,112.28644561767578,-9.925703048706055,15.61348819732666,0.9929993748664856,1.0428162813186646
SB86214_component_954a,107.921666,-15.723465,14.510000228881836,43.05637741088867,107.9216537475586,-15.723406791687012,14.06828784942627,0.9821262955665588,1.0313977003097534
SB86214_component_956a,109.28953,-9.67275,15.696999549865723,58.79026412963867,109.2896499633789,-9.672767639160156,14.151394844055176,1.0562301874160767,1.1092191934585571
SB86214_component_957a,105.915191,-10.706525,14.560999870300293,35.42822265625,105.91553497314453,-10.706366539001465,13.82529354095459,1.0029008388519287,1.0532145500183105
SB86214_component_960a,108.501692,-8.92159,15.42199993133545,34.97052001953125,108.50174713134766,-8.921545028686523,13.522294044494629,1.0860042572021484,1.1404869556427002
SB86214_component_962a,105.844168,-11.853174,15.57800006866455,50.57792282104492,105.84423065185547,-11.853219032287598,13.489006042480469,1.0996967554092407,1.1548664569854736
SB86214_component_964a,110.812834,-8.134198,12.704999923706055,14.982311248779297,110.81255340576172,-8.134456634521484,16.318260192871094,0.7413818836212158,0.7785756587982178
SB86214_component_966a,110.604567,-10.805633,15.975000381469727,60.5113639831543,110.6046142578125,-10.805609703063965,14.023794174194336,1.0847171545028687,1.1391353607177734
SB86214_component_969a,108.489494,-16.849277,14.329999923706055,19.65706443786621,108.48965454101562,-16.849172592163086,14.058501243591309,0.970617949962616,1.0193120241165161
SB86214_component_974a,107.209787,-11.632026,15.241999626159668,61.21284866333008,107.20979309082031,-11.631885528564453,13.38164234161377,1.0846102237701416,1.1390230655670166
SB86214_component_975a,107.612056,-12.950622,14.317999839782715,57.043827056884766,107.61196899414062,-12.950577735900879,13.29426097869873,1.0255558490753174,1.0770061016082764
SB86214_component_976a,113.316935,-11.397622,14.168000221252441,16.512821197509766,113.31669616699219,-11.397554397583008,14.253684997558594,0.9465042948722839,0.993988573551178
SB86214_component_977a,108.511968,-15.212916,14.36299991607666,51.48028564453125,108.51194763183594,-15.212888717651367,10.835546493530273,1.262221336364746,1.3255445957183838
SB86214_component_978a,110.927931,-15.403639,13.803999900817871,30.74387550354004,110.9278335571289,-15.40364933013916,12.620590209960938,1.0415172576904297,1.0937681198120117
SB86214_component_979a,113.971468,-12.504299,15.656999588012695,14.883078575134277,113.97049713134766,-12.504369735717773,16.481904983520508,0.9045702815055847,0.9499508738517761
SB86214_component_986a,110.591308,-14.203034,12.829999923706055,44.39446258544922,110.59133911132812,-14.203108787536621,11.704459190368652,1.0437980890274048,1.0961633920669556
SB86214_component_988a,106.550618,-14.644102,15.185999870300293,35.56440353393555,106.55091857910156,-14.643998146057129,11.28609561920166,1.2812705039978027,1.345549464225769
SB86214_component_993a,110.993527,-10.961067,14.508000373840332,58.736846923828125,110.9936294555664,-10.960959434509277,13.02385425567627,1.06074059009552,1.1139559745788574
SB86214_component_996a,106.268494,-12.750077,14.928999900817871,51.657440185546875,106.26861572265625,-12.750017166137695,12.954792022705078,1.0973405838012695,1.1523921489715576
SB86214_component_998a,108.532784,-13.480733,13.880999565124512,53.5945930480957,108.53295135498047,-13.480690002441406,13.177446365356445,1.0030685663223267,1.0533907413482666
SB86214_component_1000a,112.230541,-11.776312,13.840999603271484,50.51459884643555,112.23063659667969,-11.776193618774414,13.600391387939453,0.9690746068954468,1.0176912546157837
SB86214_component_1007a,110.976481,-12.034591,14.343000411987305,62.6331901550293,110.9765853881836,-12.03453254699707,13.486810684204102,1.0126792192459106,1.063483476638794
SB86214_component_1008a,110.0187,-9.469163,14.329000473022461,39.91365051269531,110.01878356933594,-9.469169616699219,12.469888687133789,1.0941944122314453,1.1490880250930786
SB86214_component_1011a,113.018166,-12.99907,14.276000022888184,40.788570404052734,113.01818084716797,-12.99911880493164,13.654451370239258,0.9955737590789795,1.0455198287963867
SB86214_component_1012a,110.36971,-11.82584,14.324999809265137,54.88505554199219,110.36980438232422,-11.82580280303955,13.187926292419434,1.0343303680419922,1.0862207412719727
SB86214_component_1015a,113.724069,-12.90012,15.142000198364258,22.56631851196289,113.72388458251953,-12.900154113769531,14.179944038391113,1.0168336629867554,1.0678462982177734
SB86214_component_1016a,109.778295,-10.259946,14.418999671936035,64.95044708251953,109.77838897705078,-10.259946823120117,12.698507308959961,1.0812437534332275,1.1354877948760986
SB86214_component_1018a,110.065377,-12.301444,14.031000137329102,51.77490997314453,110.06539154052734,-12.301422119140625,14.299328804016113,0.9343598484992981,0.9812348484992981
SB86214_component_1019a,114.000558,-13.039772,14.875,17.58274269104004,114.00045776367188,-13.039850234985352,14.151463508605957,1.0009140968322754,1.0511280298233032
SB86214_component_1021a,112.259027,-11.776581,14.067999839782715,49.88652420043945,112.25904083251953,-11.776617050170898,14.277292251586914,0.9382696747779846,0.9853408932685852
SB86214_component_1023a,110.719519,-9.99944,14.217000007629395,57.09638595581055,110.71954345703125,-9.999480247497559,12.904417991638184,1.0490851402282715,1.1017156839370728
SB86214_component_1024a,108.871384,-16.912054,13.595999717712402,12.936250686645508,108.87168884277344,-16.911663055419922,12.640252113342285,1.0242278575897217,1.0756114721298218
SB86214_component_1027a,107.961865,-14.886259,13.310999870300293,51.79377365112305,107.96194458007812,-14.88619327545166,12.294662475585938,1.0309443473815918,1.082664966583252
SB86214_component_1029a,108.280826,-8.610985,14.819999694824219,14.572271347045898,108.28105163574219,-8.610811233520508,12.192490577697754,1.1574358940124512,1.2155022621154785
SB86214_component_1032a,111.079011,-8.863635,12.795000076293945,28.752809524536133,111.07919311523438,-8.863441467285156,14.111363410949707,0.8634008765220642,0.9067160487174988
SB86214_component_1033a,110.292487,-8.266759,13.418999671936035,19.909494400024414,110.29238891601562,-8.266799926757812,13.738848686218262,0.9300600290298462,0.9767193794250488
SB86214_component_1035a,108.973331,-8.512584,15.199999809265137,27.387386322021484,108.97337341308594,-8.512382507324219,13.382766723632812,1.0815306901931763,1.1357890367507935
SB86214_component_1036a,113.888295,-13.868392,13.522000312805176,19.207386016845703,113.88804626464844,-13.868477821350098,13.562162399291992,0.9494085907936096,0.9970386624336243
SB86214_component_1038a,111.888346,-13.671768,12.878000259399414,42.64238739013672,111.88825988769531,-13.671871185302734,10.462924003601074,1.1720240116119385,1.2308223247528076
SB86214_component_1039a,105.905138,-13.879337,13.463000297546387,22.070491790771484,105.9051513671875,-13.879332542419434,11.042844772338867,1.1609193086624146,1.219160556793213
SB86214_component_1044a,106.237403,-14.30695,13.059000015258789,27.492631912231445,106.23760223388672,-14.306838989257812,14.450663566589355,0.8605246543884277,0.9036955237388611
SB86214_component_1047a,108.63618,-11.408959,13.069999694824219,46.183746337890625,108.63611602783203,-11.409022331237793,12.785518646240234,0.9734158515930176,1.0222502946853638
SB86214_component_1049a,108.397241,-8.449158,14.487000465393066,14.092412948608398,108.39753723144531,-8.448851585388184,13.421967506408691,1.0277878046035767,1.0793499946594238
SB86214_component_1050a,106.500708,-12.680494,13.074000358581543,50.28461837768555,106.50086212158203,-12.680390357971191,12.370535850524902,1.0063780546188354,1.05686616897583
SB86214_component_1054a,107.807502,-15.399389,13.130000114440918,36.77871322631836,107.80768585205078,-15.39925479888916,11.834856986999512,1.056435227394104,1.1094346046447754
SB86214_component_1063a,110.395355,-11.719835,12.859999656677246,48.897335052490234,110.39535522460938,-11.719810485839844,13.144078254699707,0.931648313999176,0.9783873558044434
SB86214_component_1064a,109.752252,-14.099586,12.781999588012695,39.45061492919922,109.75206756591797,-14.099727630615234,11.946940422058105,1.0187866687774658,1.0698972940444946
SB86214_component_1067a,110.374598,-10.526887,13.673999786376953,58.187232971191406,110.37451171875,-10.526923179626465,12.54677677154541,1.0377782583236694,1.089841604232788
SB86214_component_1073a,106.00981,-13.185918,12.236000061035156,37.07878494262695,106.00988006591797,-13.185903549194336,11.787972450256348,0.9884200096130371,1.038007140159607
SB86214_component_1077a,110.56736,-9.247683,13.142000198364258,40.43692398071289,110.56735229492188,-9.247648239135742,12.844265937805176,0.9743014574050903,1.023180365562439
SB86214_component_1079a,105.878353,-11.237198,13.34000015258789,38.77906799316406,105.87853240966797,-11.237151145935059,11.625412940979004,1.0926690101623535,1.1474860906600952
SB86214_component_1080a,110.303967,-10.722336,13.125,51.67322540283203,110.30397033691406,-10.722358703613281,20.940462112426758,0.5968349575996399,0.6267769932746887
SB86214_component_1081a,106.267563,-11.570589,12.951000213623047,43.753379821777344,106.26774597167969,-11.570586204528809,12.143340110778809,1.0155616998672485,1.066510558128357
SB86214_component_1084a,112.969119,-10.236182,12.803999900817871,12.0,112.96884155273438,-10.23633861541748,13.081814765930176,0.932006299495697,0.9787632822990417
SB86214_component_1086a,111.693361,-14.627461,12.312000274658203,38.595611572265625,111.69343566894531,-14.62746524810791,11.047990798950195,1.061173677444458,1.1144107580184937
SB86214_component_1099a,108.46367,-16.967196,11.484999656677246,12.32296085357666,108.4637451171875,-16.967164993286133,9.692359924316406,1.1283469200134277,1.1849539279937744
SB86214_component_1100a,106.272702,-11.849403,13.5,42.05607223510742,106.27262115478516,-11.849534034729004,11.980242729187012,1.0730236768722534,1.1268552541732788
SB86214_component_1101a,112.543699,-11.309622,12.29800033569336,36.82036209106445,112.5433120727539,-11.309887886047363,12.74856948852539,0.9185740947723389,0.9646573066711426
SB86214_component_1105a,106.394021,-14.7536,12.763999938964844,22.044904708862305,106.39408111572266,-14.753632545471191,11.303154945373535,1.0752966403961182,1.129242181777954
SB86214_component_1108a,107.239614,-15.962994,13.319999694824219,25.037593841552734,107.23957824707031,-15.963054656982422,11.35403060913086,1.1171083450317383,1.1731516122817993
SB86214_component_1109a,109.595106,-8.894711,12.519000053405762,41.18092346191406,109.59521484375,-8.894696235656738,12.87136459350586,0.926160454750061,0.9726241230964661
SB86214_component_1110a,109.317492,-12.010537,13.147000312805176,44.11745071411133,109.31755065917969,-12.01050090789795,11.440780639648438,1.0942389965057373,1.149134874343872
SB86214_component_1111a,107.174456,-11.408138,12.166999816894531,41.667808532714844,107.1743392944336,-11.408137321472168,11.391093254089355,1.0170897245407104,1.068115234375
SB86214_component_1113a,109.869231,-14.00877,11.842000007629395,40.4163818359375,109.86920166015625,-14.008748054504395,10.3507719039917,1.0894153118133545,1.1440693140029907
SB86214_component_1114a,111.833038,-13.800065,13.079999923706055,46.38297653198242,111.83316040039062,-13.799968719482422,10.950011253356934,1.1374553442001343,1.194519281387329
SB86214_component_1119a,105.858195,-14.369071,12.885000228881836,15.035006523132324,105.85862731933594,-14.368892669677734,12.535309791564941,0.9787922501564026,1.0278964042663574
SB86214_component_1120a,111.030258,-12.784678,11.897000312805176,44.55805587768555,111.03040313720703,-12.784711837768555,11.259491920471191,1.00614333152771,1.056619644165039
SB86214_component_1121a,110.559865,-13.289364,11.743000030517578,45.33976745605469,110.5599136352539,-13.289468765258789,10.433610916137695,1.0717304944992065,1.1254972219467163
SB86214_component_1123a,109.669498,-16.539986,13.64900016784668,16.60462188720703,109.66950988769531,-16.539949417114258,12.012269020080566,1.0819743871688843,1.136254906654358
SB86214_component_1129a,108.767291,-9.223125,11.770999908447266,38.848182678222656,108.76727294921875,-9.223137855529785,12.385527610778809,0.9049821496009827,0.9503834247589111
SB86214_component_1136a,112.836402,-11.687842,11.348999977111816,26.331787109375,112.83611297607422,-11.688093185424805,12.396641731262207,0.8717555403709412,0.9154898524284363
SB86214_component_1137a,108.642134,-10.839284,12.460000038146973,50.44534683227539,108.64195251464844,-10.839375495910645,11.781200408935547,1.0070931911468506,1.0576171875
SB86214_component_1140a,111.067526,-13.217336,11.682999610900879,44.42205047607422,111.06768798828125,-13.21742057800293,11.409883499145508,0.9750217795372009,1.0239367485046387
SB86214_component_1143a,111.363547,-11.415989,12.5600004196167,56.322872161865234,111.36353302001953,-11.415968894958496,10.93846607208252,1.0933881998062134,1.1482415199279785
SB86214_component_1146a,109.995734,-14.620941,11.4399995803833,35.41795349121094,109.99577331542969,-14.620920181274414,10.749283790588379,1.0134156942367554,1.0642569065093994
SB86214_component_1149a,110.633723,-14.696535,12.029999732971191,35.91044616699219,110.63372039794922,-14.696707725524902,10.866557121276855,1.0541801452636719,1.1070663928985596
SB86214_component_1151a,107.941909,-14.944191,11.532999992370605,44.70155334472656,107.94214630126953,-14.944034576416016,13.630281448364258,0.8057097792625427,0.8461307287216187
SB86214_component_1157a,106.686667,-11.75578,12.593000411987305,44.49823760986328,106.68673706054688,-11.755696296691895,11.627440452575684,1.0313029289245605,1.0830414295196533
SB86214_component_1158a,111.938549,-13.724163,11.470999717712402,33.44314956665039,111.93836212158203,-13.724346160888672,10.768978118896484,1.0143035650253296,1.065189242362976
SB86214_component_1160a,109.247652,-16.087151,11.017000198364258,28.176471710205078,109.24771118164062,-16.08701515197754,12.912396430969238,0.8124518990516663,0.8532111048698425
SB86214_component_1162a,111.638478,-13.388629,11.590999603271484,40.95759582519531,111.63853454589844,-13.388631820678711,9.873558044433594,1.1178624629974365,1.1739435195922852
SB86214_component_1166a,106.724976,-15.789702,10.01099967956543,11.428082466125488,106.7250747680664,-15.789579391479492,11.620823860168457,0.8203170299530029,0.8614707589149475
SB86214_component_1169a,111.668987,-15.635195,10.78600025177002,12.734356880187988,111.66891479492188,-15.635318756103516,8.60647964477539,1.1933724880218506,1.253241777420044
SB86214_component_1175a,111.583122,-8.869532,11.651000022888184,14.419553756713867,111.58296966552734,-8.869806289672852,14.186995506286621,0.782012939453125,0.8212450742721558
SB86214_component_1177a,106.074581,-14.132433,11.208000183105469,23.301454544067383,106.07453918457031,-14.132494926452637,9.807692527770996,1.0881842374801636,1.1427764892578125
SB86214_component_1180a,108.59766,-12.419999,11.687999725341797,48.29751968383789,108.59757232666016,-12.420053482055664,11.09543514251709,1.003083348274231,1.0534061193466187
SB86214_component_1181a,112.088402,-11.840366,11.286999702453613,41.344322204589844,112.08834838867188,-11.84042739868164,11.80573558807373,0.9103882312774658,0.9560607075691223
SB86214_component_1182a,109.956994,-11.457856,11.710000038146973,45.38759994506836,109.95700073242188,-11.457794189453125,11.241633415222168,0.9919017553329468,1.0416635274887085
SB86214_component_1183a,107.116275,-15.001231,11.270000457763672,35.891719818115234,107.11656188964844,-15.001049995422363,10.54304027557373,1.0178861618041992,1.0689516067504883
SB86214_component_1187a,107.500428,-10.475781,11.095999717712402,38.0,107.50054168701172,-10.475648880004883,10.081686973571777,1.0480316877365112,1.1006094217300415
SB86214_component_1188a,105.924826,-10.412684,11.54800033569336,21.706768035888672,105.92489624023438,-10.412714958190918,12.162500381469727,0.904118001461029,0.9494758248329163
SB86214_component_1196a,105.724824,-11.423224,11.1899995803833,32.815250396728516,105.72492218017578,-11.423066139221191,10.720359802246094,0.9939439296722412,1.0438082218170166
SB86214_component_1202a,109.299492,-8.265828,11.949000358581543,15.299615859985352,109.29965209960938,-8.265947341918945,13.426620483398438,0.8474342823028564,0.8899484872817993
SB86214_component_1205a,107.899909,-11.660427,11.920999526977539,51.38362121582031,107.89991760253906,-11.660431861877441,11.399209022521973,0.9958161115646362,1.045774221420288
SB86214_component_1206a,110.247041,-10.00911,11.345999717712402,46.310203552246094,110.24700164794922,-10.009147644042969,10.756904602050781,1.0043766498565674,1.0547643899917603
SB86214_component_1208a,110.6933,-8.78521,10.739999771118164,27.538461685180664,110.69298553466797,-8.785292625427246,10.401147842407227,0.9832504987716675,1.0325783491134644
SB86214_component_1209a,106.961561,-15.960207,11.01200008392334,13.172248840332031,106.96159362792969,-15.96031665802002,10.390904426574707,1.0091460943222046,1.0597729682922363
SB86214_component_1211a,108.602763,-12.369772,10.90999984741211,42.28682327270508,108.602783203125,-12.369789123535156,10.619677543640137,0.9782606363296509,1.0273381471633911
SB86214_component_1215a,112.265686,-9.722603,11.696000099182129,18.894990921020508,112.26510620117188,-9.72297477722168,13.416080474853516,0.8301429152488708,0.8717896342277527
SB86214_component_1216a,112.58327,-14.984563,12.442000389099121,18.85151481628418,112.58279418945312,-14.984525680541992,10.901409149169922,1.0867977142333984,1.1413203477859497
SB86214_component_1218a,109.465046,-10.786291,11.442000389099121,43.015037536621094,109.46524810791016,-10.786227226257324,9.38482666015625,1.1609588861465454,1.2192021608352661
SB86214_component_1220a,111.970495,-12.722245,11.291999816894531,40.185054779052734,111.97080993652344,-12.72227954864502,9.682198524475098,1.110549807548523,1.1662640571594238
SB86214_component_1229a,106.67156,-14.008495,10.333999633789062,36.645389556884766,106.67160034179688,-14.008576393127441,9.902628898620605,0.9937087297439575,1.0435612201690674
SB86214_component_1231a,108.835757,-11.88038,11.567999839782715,43.16417694091797,108.83563995361328,-11.880468368530273,10.301491737365723,1.069299340248108,1.1229441165924072
SB86214_component_1236a,105.019026,-10.721195,11.52299976348877,11.686612129211426,105.0192642211914,-10.720760345458984,11.071252822875977,0.9910828471183777,1.0408035516738892
SB86214_component_1237a,112.793196,-12.654396,11.503999710083008,34.650604248046875,112.79317474365234,-12.654292106628418,10.016889572143555,1.0935965776443481,1.1484602689743042
SB86214_component_1238a,105.621613,-10.792491,11.531000137329102,26.56912612915039,105.62178039550781,-10.792524337768555,14.168594360351562,0.7749637365341187,0.813842236995697
SB86214_component_1241a,110.070901,-9.757332,9.991000175476074,40.77959060668945,110.07087707519531,-9.757377624511719,10.499944686889648,0.9060728549957275,0.9515288472175598
SB86214_component_1242a,106.945067,-10.481554,10.53499984741211,33.658145904541016,106.94502258300781,-10.481679916381836,10.5825777053833,0.9479474425315857,0.9955041408538818
SB86214_component_1243a,113.136803,-14.420627,11.20199966430664,20.404369354248047,113.1366958618164,-14.420769691467285,11.81319808959961,0.9029615521430969,0.9482613801956177
SB86214_component_1248a,109.150981,-11.697367,11.003999710083008,47.22746658325195,109.15108489990234,-11.697376251220703,11.001060485839844,0.9524828791618347,1.0002671480178833
SB86214_component_1251a,105.03843,-12.297209,9.8149995803833,13.086666107177734,105.03865051269531,-12.296984672546387,10.02551555633545,0.9322335720062256,0.9790019989013672
SB86214_component_1254a,110.502391,-10.663847,11.527999877929688,44.85602951049805,110.5022201538086,-10.663895606994629,10.248993873596191,1.071060299873352,1.124793291091919
SB86214_component_1258a,108.507097,-11.328109,11.227999687194824,37.178810119628906,108.50728607177734,-11.328121185302734,10.427534103393555,1.0253260135650635,1.0767645835876465
SB86214_component_1260a,108.728684,-12.369564,10.168000221252441,34.58503341674805,108.7289047241211,-12.369693756103516,8.217886924743652,1.1781933307647705,1.2373011112213135
SB86214_component_1262a,111.567065,-11.411058,10.699999809265137,46.52173614501953,111.56723022460938,-11.410897254943848,10.10515308380127,1.0082820653915405,1.0588656663894653
SB86214_component_1264a,112.742108,-14.078563,9.994999885559082,27.383560180664062,112.74190521240234,-14.078669548034668,11.523365020751953,0.8259326219558716,0.8673681616783142
SB86214_component_1265a,110.455315,-12.857067,9.598999977111816,41.375,110.45527648925781,-12.857109069824219,10.089065551757812,0.9059750437736511,0.951426088809967
SB86214_component_1266a,109.344157,-9.894741,11.256999969482422,47.298316955566406,109.34419250488281,-9.89482593536377,10.77477741241455,0.9948452711105347,1.0447547435760498
SB86214_component_1267a,108.101138,-15.261399,10.229999542236328,36.27659225463867,108.10100555419922,-15.261496543884277,9.342337608337402,1.042704463005066,1.0950149297714233
SB86214_component_1268a,107.975099,-9.902311,10.062999725341797,31.644655227661133,107.97494506835938,-9.902393341064453,8.861703872680664,1.081312894821167,1.135560393333435
SB86214_component_1269a,106.501543,-12.029434,10.444999694824219,38.6851806640625,106.50170135498047,-12.02932357788086,9.423798561096191,1.0554158687591553,1.1083641052246094
SB86214_component_1270a,109.84948,-12.494898,10.284000396728516,41.30120849609375,109.84962463378906,-12.494927406311035,9.38249397277832,1.0437222719192505,1.0960838794708252
SB86214_component_1274a,110.907655,-8.851987,10.020999908447266,23.916467666625977,110.90765380859375,-8.852089881896973,10.770974159240723,0.8859255909919739,0.9303708076477051
SB86214_component_1276a,106.479949,-14.614912,10.732000350952148,24.900232315063477,106.48006439208984,-14.61483097076416,8.60939884185791,1.1869953870773315,1.2465447187423706
SB86214_component_1278a,109.385069,-15.448677,10.027000427246094,31.432601928710938,109.38499450683594,-15.448710441589355,7.731152534484863,1.235002875328064,1.2969605922698975
SB86214_component_1279a,108.336871,-11.270706,10.651000022888184,27.032995223999023,108.33699035644531,-11.270586967468262,9.987503051757812,1.0154876708984375,1.0664327144622803
SB86214_component_1284a,109.105135,-13.90415,10.262999534606934,30.274335861206055,109.10514068603516,-13.904133796691895,9.186395645141602,1.0638253688812256,1.1171954870224
SB86214_component_1286a,106.774943,-9.79594,11.762999534606934,20.176671981811523,106.77500915527344,-9.796141624450684,8.67939281463623,1.2905353307724,1.3552790880203247
SB86214_component_1289a,107.743143,-16.748086,9.895000457763672,11.682409286499023,107.74342346191406,-16.747848510742188,10.2616605758667,0.9182043075561523,0.9642689228057861
SB86214_component_1290a,106.954347,-11.285869,10.083999633789062,33.28052520751953,106.95433044433594,-11.285772323608398,10.093718528747559,0.9513115882873535,0.9990371465682983
SB86214_component_1292a,108.71716,-15.889488,10.812999725341797,35.5690803527832,108.71712493896484,-15.889564514160156,9.256508827209473,1.1123466491699219,1.1681510210037231
SB86214_component_1293a,110.0632,-15.728632,9.54800033569336,17.71428680419922,110.0633316040039,-15.728581428527832,9.6251802444458,0.944593071937561,0.9919814467430115
SB86214_component_1295a,107.14995,-14.413194,10.217000007629395,36.102474212646484,107.14981842041016,-14.41325569152832,8.492294311523438,1.1456172466278076,1.2030906677246094
SB86214_component_1296a,111.5104,-10.772846,10.383999824523926,44.376068115234375,111.51018524169922,-10.77297306060791,13.631434440612793,0.7253777980804443,0.7617686986923218
SB86214_component_1298a,110.82492,-9.759614,10.73799991607666,35.32236862182617,110.824951171875,-9.759675025939941,9.770241737365723,1.0465482473373413,1.099051594734192
SB86214_component_1299a,112.140101,-12.769143,11.329000473022461,38.931270599365234,112.13984680175781,-12.769100189208984,9.497344017028809,1.1358751058578491,1.1928598880767822
SB86214_component_1302a,110.777859,-9.559089,10.128999710083008,29.879056930541992,110.77784729003906,-9.558979034423828,9.573615074157715,1.0074691772460938,1.0580120086669922
SB86214_component_1303a,110.715781,-10.54102,9.947999954223633,40.77049255371094,110.71611785888672,-10.540935516357422,10.24423885345459,0.9246923327445984,0.9710823893547058
SB86214_component_1306a,108.026718,-14.456195,10.53600025177002,37.09859085083008,108.02680206298828,-14.456145286560059,10.404808044433594,0.9642349481582642,1.0126087665557861
SB86214_component_1309a,108.870482,-11.360819,9.555999755859375,30.628204345703125,108.87039947509766,-11.360893249511719,9.713272094726562,0.9368104338645935,0.9838085174560547
SB86214_component_1313a,109.754275,-11.907166,10.487000465393066,39.723487854003906,109.75411224365234,-11.907193183898926,9.541513442993164,1.0465866327285767,1.09909188747406
SB86214_component_1314a,112.156113,-14.266369,9.458000183105469,28.317365646362305,112.15599822998047,-14.266451835632324,8.976780891418457,1.0032747983932495,1.0536071062088013
SB86214_component_1317a,108.911147,-14.063566,10.529999732971191,36.5625,108.91120147705078,-14.063465118408203,8.766751289367676,1.1437492370605469,1.2011290788650513
SB86214_component_1318a,106.255128,-13.748936,10.821999549865723,26.45965576171875,106.25505828857422,-13.749006271362305,9.138102531433105,1.1276975870132446,1.184272050857544
SB86214_component_1323a,109.588488,-12.3069,9.414999961853027,39.725738525390625,109.58847045898438,-12.30695915222168,9.481303215026855,0.9455694556236267,0.9930069446563721
SB86214_component_1329a,112.667059,-11.393752,8.812999725341797,21.495121002197266,112.66698455810547,-11.393739700317383,9.89437198638916,0.8481578826904297,0.890708327293396
SB86214_component_1330a,112.232074,-14.07078,9.654999732971191,28.313783645629883,112.23214721679688,-14.070954322814941,9.037859916687012,1.0172502994537354,1.0682837963104248
SB86214_component_1331a,106.709339,-12.351424,9.543000221252441,34.70181655883789,106.70934295654297,-12.351449012756348,8.631807327270508,1.0527478456497192,1.1055622100830078
SB86214_component_1336a,111.920557,-14.365251,9.682000160217285,31.232257843017578,111.92027282714844,-14.3652982711792,9.229401588439941,0.9989246726036072,1.0490387678146362
SB86214_component_1345a,108.107212,-9.319687,9.494999885559082,25.05276870727539,108.10697174072266,-9.319774627685547,9.435879707336426,0.9581946730613708,1.0062655210494995
SB86214_component_1347a,110.09722,-8.214153,10.090999603271484,15.718067169189453,110.09683227539062,-8.214138984680176,10.212956428527832,0.9408575892448425,0.9880586266517639
SB86214_component_1348a,107.81364,-15.787459,9.458000183105469,26.055095672607422,107.8135986328125,-15.787368774414062,8.8494873046875,1.0177061557769775,1.0687625408172607
SB86214_component_1351a,110.23172,-12.899302,9.708999633789062,40.79411697387695,110.23188018798828,-12.899309158325195,8.28101634979248,1.1164312362670898,1.172440528869629
SB86214_component_1356a,111.83743,-14.304239,9.267999649047852,31.523807525634766,111.8376235961914,-14.304232597351074,8.699840545654297,1.0144155025482178,1.0653067827224731
SB86214_component_1358a,113.004765,-13.731071,9.430999755859375,28.492446899414062,113.00503540039062,-13.731001853942871,7.541226387023926,1.1908496618270874,1.2505923509597778
SB86214_component_1359a,112.975734,-13.384932,9.951000213623047,31.09687614440918,112.97575378417969,-13.385017395019531,9.520220756530762,0.9953157901763916,1.0452488660812378
SB86214_component_1361a,107.089838,-9.326234,10.291000366210938,12.565323829650879,107.08991241455078,-9.325852394104004,6.7594685554504395,1.449726939201355,1.5224570035934448
SB86214_component_1364a,110.279876,-9.973684,9.185999870300293,38.923728942871094,110.27985382080078,-9.973641395568848,8.870731353759766,0.9860709309577942,1.0355403423309326
SB86214_component_1367a,109.35755,-16.164935,9.215999603271484,19.28033447265625,109.35755920410156,-16.164934158325195,8.132364273071289,1.0791126489639282,1.1332497596740723
SB86214_component_1369a,110.781334,-9.93631,10.159000396728516,34.55442428588867,110.78164672851562,-9.936063766479492,9.149200439453125,1.057326316833496,1.1103702783584595
SB86214_component_1372a,110.314432,-11.476101,8.543999671936035,42.08866882324219,110.31430053710938,-11.476044654846191,8.852497100830078,0.9190446734428406,0.9651513695716858
SB86214_component_1373a,111.884287,-15.276145,8.647000312805176,13.969305038452148,111.88430786132812,-15.27590560913086,7.334574222564697,1.122617244720459,1.1789369583129883
SB86214_component_1376a,106.591851,-9.950604,9.307999610900879,18.358972549438477,106.59201049804688,-9.950359344482422,9.027254104614258,0.9818426370620728,1.031099796295166
SB86214_component_1378a,108.409238,-16.548186,8.984000205993652,17.8608341217041,108.40947723388672,-16.548030853271484,8.122591972351074,1.053213119506836,1.1060508489608765
SB86214_component_1381a,106.290584,-13.140078,9.17300033569336,32.996402740478516,106.290771484375,-13.140104293823242,8.072203636169434,1.082082748413086,1.136368751525879
SB86214_component_1382a,107.241244,-11.794859,10.088000297546387,36.68363571166992,107.24114990234375,-11.794970512390137,9.10158634185791,1.0554293394088745,1.108378291130066
SB86214_component_1385a,108.494652,-9.725441,9.236000061035156,32.18118667602539,108.4946060180664,-9.725448608398438,8.847654342651367,0.9940241575241089,1.043892502784729
SB86214_component_1387a,107.294869,-16.096749,9.847000122070312,18.001829147338867,107.29449462890625,-16.09651756286621,6.173768997192383,1.5187795162200928,1.5949738025665283
SB86214_component_1388a,113.900373,-12.853041,10.102999687194824,10.770788192749023,113.89977264404297,-12.85307788848877,10.189751625061035,0.9441215395927429,0.9914863705635071
SB86214_component_1390a,110.868287,-14.399609,8.772000312805176,28.85526466369629,110.86823272705078,-14.399751663208008,6.947273254394531,1.2023347616195679,1.2626537084579468
SB86214_component_1394a,107.448617,-11.692038,9.746000289916992,40.949581146240234,107.44874572753906,-11.692028999328613,9.534053802490234,0.9733969569206238,1.0222305059432983
SB86214_component_1398a,107.253406,-9.649374,9.256999969482422,16.47153091430664,107.25325012207031,-9.649489402770996,8.476719856262207,1.0398808717727661,1.0920497179031372
SB86214_component_1400a,110.831722,-13.94408,8.244000434875488,25.84326171875,110.83172607421875,-13.944096565246582,7.908843517303467,0.9925815463066101,1.0423774719238281
SB86214_component_1401a,105.70364,-10.698176,8.939000129699707,16.223230361938477,105.70387268066406,-10.69809341430664,9.76460075378418,0.8717172145843506,0.9154496192932129
SB86214_component_1402a,106.337037,-14.463609,8.678000450134277,16.850486755371094,106.33684539794922,-14.46359634399414,8.378875732421875,0.9862229824066162,1.0356998443603516
SB86214_component_1406a,110.274637,-14.868002,9.1850004196167,26.546245574951172,110.27449798583984,-14.868162155151367,7.663748264312744,1.1412456035614014,1.1984997987747192
SB86214_component_1407a,111.839954,-12.54353,9.46399974822998,38.946502685546875,111.8399658203125,-12.543535232543945,8.504796981811523,1.0596243143081665,1.1127837896347046
SB86214_component_1410a,109.943595,-9.38647,8.942999839782715,33.494380950927734,109.94367218017578,-9.386398315429688,8.549722671508789,0.9960298538208008,1.0459988117218018
SB86214_component_1412a,105.424162,-13.080097,9.557999610900879,14.772796630859375,105.42401123046875,-13.080177307128906,9.2236967086792,0.9867410063743591,1.0362439155578613
SB86214_component_1414a,106.66143,-14.39122,8.781999588012695,28.512985229492188,106.66133117675781,-14.391253471374512,6.98368501663208,1.1974294185638428,1.2575021982192993
SB86214_component_1417a,108.18679,-11.699729,9.402000427246094,34.56617736816406,108.18687438964844,-11.69975757598877,9.750336647033691,0.9182096123695374,0.9642744660377502
SB86214_component_1418a,108.763225,-13.125747,9.428000450134277,37.5617561340332,108.76325988769531,-13.12562370300293,9.243891716003418,0.971193790435791,1.0199167728424072
SB86214_component_1419a,113.090365,-12.073802,9.157999992370605,23.542415618896484,113.09002685546875,-12.073967933654785,8.51150131225586,1.0245559215545654,1.075955867767334
SB86214_component_1421a,108.834225,-14.910697,9.26200008392334,24.567638397216797,108.8343276977539,-14.910615921020508,8.82017707824707,0.999927818775177,1.050092339515686
SB86214_component_1422a,109.725167,-8.996014,8.720000267028809,27.50788688659668,109.72516632080078,-8.99606704711914,8.75125789642334,0.94882732629776,0.9964281916618347
SB86214_component_1440a,110.49254,-14.022476,8.899999618530273,30.90277862548828,110.49247741699219,-14.022514343261719,7.659298419952393,1.1064764261245728,1.161986231803894
SB86214_component_1441a,110.603739,-11.687796,8.996000289916992,40.3408088684082,110.60375213623047,-11.687812805175781,8.661299705505371,0.9890257120132446,1.03864324092865
SB86214_component_1444a,110.52055,-13.718184,9.829999923706055,32.124183654785156,110.52017974853516,-13.718141555786133,7.076319694519043,1.3227788209915161,1.3891401290893555
SB86214_component_1447a,109.805437,-13.701557,9.463000297546387,39.76050567626953,109.8053970336914,-13.701476097106934,7.707885265350342,1.169054627418518,1.2277038097381592
SB86214_component_1448a,109.148587,-12.986548,9.177000045776367,36.85542297363281,109.14849090576172,-12.98668098449707,7.896714687347412,1.106612205505371,1.1621288061141968
SB86214_component_1450a,107.468672,-12.247959,8.550999641418457,32.5133056640625,107.4685287475586,-12.248061180114746,8.675480842590332,0.9385653734207153,0.9856513738632202
SB86214_component_1454a,107.196202,-9.713253,8.84000015258789,18.189300537109375,107.19636535644531,-9.713232040405273,7.463095188140869,1.1279100179672241,1.184495210647583
SB86214_component_1455a,105.133326,-12.088166,8.222000122070312,13.63515853881836,105.13330078125,-12.088327407836914,7.258309364318848,1.078656554222107,1.1327706575393677
SB86214_component_1456a,112.579806,-13.163304,8.47700023651123,30.492807388305664,112.57972717285156,-13.163393020629883,8.198286056518555,0.9846010208129883,1.03399658203125
SB86214_component_1464a,113.090416,-13.433935,8.949999809265137,25.07002830505371,113.09046173095703,-13.433945655822754,8.338418960571289,1.0220696926116943,1.0733449459075928
SB86214_component_1468a,111.134542,-15.319883,8.968999862670898,17.795635223388672,111.1347427368164,-15.319892883300781,7.544843673706055,1.1319700479507446,1.1887588500976562
SB86214_component_1476a,113.820058,-12.413238,9.697999954223633,10.24075984954834,113.81999206542969,-12.413090705871582,9.860085487365723,0.936575174331665,0.9835614562034607
SB86214_component_1481a,107.777763,-9.492276,9.91100025177002,22.62785530090332,107.7779312133789,-9.492344856262207,7.963980674743652,1.1850275993347168,1.2444782257080078
SB86214_component_1494a,111.641113,-11.457179,9.07800006866455,37.204917907714844,111.64104461669922,-11.457123756408691,9.530112266540527,0.9070544242858887,0.9525595903396606
SB86214_component_1495a,112.241774,-10.856337,8.227999687194824,31.16666603088379,112.24192810058594,-10.856250762939453,7.7755351066589355,1.0076394081115723,1.0581908226013184
SB86214_component_1498a,111.182557,-12.344611,8.366999626159668,40.22595977783203,111.18265533447266,-12.344606399536133,8.363663673400879,0.9526083469390869,1.000398874282837
SB86214_component_1499a,111.316179,-8.861141,9.020000457763672,15.686957359313965,111.31598663330078,-8.86109447479248,8.3312349319458,1.0309518575668335,1.0826727151870728
SB86214_component_1501a,110.87993,-9.682834,8.555999755859375,27.869705200195312,110.8801040649414,-9.682703018188477,8.36618423461914,0.9738330245018005,1.022688388824463
SB86214_component_1502a,110.286457,-9.43707,8.475000381469727,33.76494216918945,110.28662109375,-9.43708610534668,7.784947395324707,1.0366333723068237,1.0886393785476685
SB86214_component_1505a,111.173499,-11.932418,8.14900016784668,34.09623718261719,111.17352294921875,-11.93238353729248,8.14850902557373,0.952285885810852,1.0000603199005127
SB86214_component_1506a,109.346625,-10.882869,9.368000030517578,37.774192810058594,109.34666442871094,-10.882857322692871,7.55930233001709,1.1800661087036133,1.2392678260803223
SB86214_component_1507a,111.571676,-15.358602,9.055999755859375,14.582930564880371,111.5716552734375,-15.358726501464844,7.783083915710449,1.1079645156860352,1.1635490655899048
SB86214_component_1509a,107.210809,-10.75554,8.491999626159668,25.655588150024414,107.21066284179688,-10.755634307861328,7.50330924987793,1.0777010917663574,1.1317672729492188
SB86214_component_1511a,111.982089,-13.861086,8.333000183105469,29.549646377563477,111.98200988769531,-13.86119270324707,7.945528030395508,0.9986649751663208,1.048766016960144
SB86214_component_1514a,111.835206,-13.763993,8.187000274658203,23.799419403076172,111.83513641357422,-13.764068603515625,7.267021179199219,1.0727771520614624,1.126596450805664
SB86214_component_1515a,109.817034,-8.385308,8.119000434875488,16.045455932617188,109.81726837158203,-8.385120391845703,8.639636993408203,0.8948458433151245,0.9397386312484741
SB86214_component_1517a,111.407556,-9.978018,8.381999969482422,28.41356086730957,111.40763092041016,-9.978155136108398,6.99763298034668,1.1406112909317017,1.1978336572647095
SB86214_component_1519a,110.056685,-11.825658,8.513999938964844,37.50660705566406,110.05669403076172,-11.825750350952148,7.771369457244873,1.043223261833191,1.09555983543396
SB86214_component_1521a,109.345269,-8.582143,8.503000259399414,18.979909896850586,109.34548950195312,-8.582058906555176,7.2105889320373535,1.1229040622711182,1.179237961769104
SB86214_component_1522a,109.432421,-13.362771,8.321999549865723,32.507808685302734,109.43246459960938,-13.362698554992676,8.351668357849121,0.9488458037376404,0.9964475631713867
SB86214_component_1524a,107.686384,-12.16858,8.854999542236328,35.27888488769531,107.68647003173828,-12.168623924255371,9.019603729248047,0.9348506927490234,0.9817503690719604
SB86214_component_1528a,111.705916,-11.504869,8.755999565124512,39.26457214355469,111.7060546875,-11.504653930664062,8.42137622833252,0.9900652766227722,1.039734959602356
SB86214_component_1532a,110.07776,-15.501808,7.965000152587891,11.155462265014648,110.07830047607422,-15.501690864562988,7.094705581665039,1.069036602973938,1.1226681470870972
SB86214_component_1533a,109.007111,-13.356452,8.156999588012695,31.373077392578125,109.00699615478516,-13.356630325317383,8.48876953125,0.9150121808052063,0.9609165787696838
SB86214_component_1536a,108.798948,-9.052006,7.942999839782715,23.293254852294922,108.79896545410156,-9.05189323425293,9.158407211303711,0.8258587121963501,0.8672905564308167
SB86214_component_1540a,109.644002,-14.397313,8.638999938964844,32.84790802001953,109.6440658569336,-14.397305488586426,8.239126205444336,0.9984434843063354,1.04853355884552
SB86214_component_1541a,107.198471,-14.472478,8.053000450134277,31.09266471862793,107.1984634399414,-14.472433090209961,14.034588813781738,0.5463855266571045,0.5737966895103455
SB86214_component_1543a,106.055913,-10.299334,8.756999969482422,14.969231605529785,106.05652618408203,-10.299330711364746,7.754505634307861,1.0753315687179565,1.1292788982391357
SB86214_component_1544a,107.141731,-10.188004,8.336000442504883,23.481691360473633,107.1419677734375,-10.187786102294922,7.80571174621582,1.0169191360473633,1.0679359436035156
SB86214_component_1547a,107.773169,-11.199903,8.225000381469727,25.000001907348633,107.77359008789062,-11.199797630310059,8.353316307067871,0.9376012086868286,0.9846389293670654
SB86214_component_1556a,106.91389,-10.849774,8.03600025177002,24.05988121032715,106.91401672363281,-10.849814414978027,8.613465309143066,0.8883890509605408,0.9329578876495361
SB86214_component_1557a,107.891606,-12.799336,8.27400016784668,38.845069885253906,107.89170837402344,-12.799392700195312,7.589003086090088,1.0381783246994019,1.0902618169784546
SB86214_component_1558a,105.236227,-12.232528,8.128000259399414,15.660886764526367,105.23619842529297,-12.232599258422852,7.06580924987793,1.095375418663025,1.150328278541565
SB86214_component_1565a,108.048534,-9.004672,9.215999603271484,15.515151023864746,108.04855346679688,-9.004556655883789,7.056295871734619,1.2436747550964355,1.3060675859451294
SB86214_component_1566a,105.867945,-13.178899,7.785999774932861,19.08333396911621,105.8680648803711,-13.178831100463867,8.487245559692383,0.8735520839691162,0.9173765182495117
SB86214_component_1567a,109.741893,-8.647924,7.533999919891357,19.671018600463867,109.74195098876953,-8.647785186767578,10.41425609588623,0.6888719797134399,0.723431408405304
SB86214_component_1572a,106.116444,-12.615942,7.99399995803833,23.374267578125,106.11647033691406,-12.616077423095703,7.57147741317749,1.0053671598434448,1.0558044910430908
SB86214_component_1573a,108.875708,-12.604804,7.76800012588501,33.9213981628418,108.87593078613281,-12.604783058166504,7.608178615570068,0.9722315073013306,1.0210065841674805
SB86214_component_1574a,108.915624,-12.810071,8.321999549865723,35.113922119140625,108.91552734375,-12.81020736694336,7.568974018096924,1.0469642877578735,1.0994884967803955
SB86214_component_1577a,109.749652,-9.03217,8.119000434875488,26.190322875976562,109.74951171875,-9.032136917114258,8.229856491088867,0.9394020438194275,0.9865300059318542
SB86214_component_1579a,108.666335,-10.479175,8.218000411987305,30.779029846191406,108.666259765625,-10.47927474975586,8.014616012573242,0.9763928651809692,1.0253766775131226
SB86214_component_1587a,109.941785,-14.582532,7.474999904632568,22.929447174072266,109.9421615600586,-14.582487106323242,7.055562973022461,1.008836269378662,1.0594476461410522
SB86214_component_1591a,111.389354,-15.275036,7.373000144958496,13.553308486938477,111.38911437988281,-15.27532958984375,8.917829513549805,0.7872745990753174,0.8267707228660583
SB86214_component_1592a,108.491179,-9.438634,8.307999610900879,28.45205307006836,108.49140930175781,-9.438556671142578,7.405363082885742,1.0682951211929321,1.121889591217041
SB86214_component_1593a,109.060809,-15.132954,8.821999549865723,25.277935028076172,109.06066131591797,-15.132920265197754,7.187499523162842,1.1687735319137573,1.227408766746521
SB86214_component_1596a,110.789741,-13.95434,7.88100004196167,28.451263427734375,110.78962707519531,-13.954551696777344,6.82082986831665,1.1002345085144043,1.1554312705993652
SB86214_component_1597a,111.95105,-14.611691,7.36299991607666,21.09741973876953,111.95109558105469,-14.611811637878418,6.469340801239014,1.083767056465149,1.1381375789642334
SB86214_component_1599a,105.526599,-13.354389,6.9070000648498535,10.496960639953613,105.52635192871094,-13.354572296142578,6.59641170501709,0.9970636367797852,1.0470844507217407
SB86214_component_1600a,113.132016,-11.810367,8.267999649047852,16.437374114990234,113.13172149658203,-11.810433387756348,8.949106216430664,0.8797553777694702,0.9238911271095276
SB86214_component_1601a,112.314294,-14.359579,7.927000045776367,23.110788345336914,112.31423950195312,-14.359768867492676,5.9857258796691895,1.2610526084899902,1.324317216873169
SB86214_component_1604a,106.556252,-13.626972,8.484999656677246,27.195510864257812,106.55630493164062,-13.62695598602295,7.357706069946289,1.0981218814849854,1.1532126665115356
SB86214_component_1606a,107.785026,-9.362953,8.560999870300293,17.43584442138672,107.78491973876953,-9.363006591796875,6.849513053894043,1.1901617050170898,1.2498698234558105
SB86214_component_1615a,110.616864,-15.475016,7.952000141143799,15.410853385925293,110.61680603027344,-15.475075721740723,6.147444725036621,1.2317509651184082,1.2935456037521362
SB86214_component_1616a,109.127145,-11.648427,8.00100040435791,32.524391174316406,109.12725067138672,-11.648418426513672,7.391923904418945,1.0306897163391113,1.0823975801467896
SB86214_component_1618a,112.96813,-11.32564,7.2270002365112305,11.985074996948242,112.96806335449219,-11.325762748718262,9.886190414428711,0.6960977911949158,0.7310197353363037
SB86214_component_1620a,110.786667,-8.559696,7.265999794006348,15.525640487670898,110.7867431640625,-8.55968952178955,7.087827205657959,0.9761654138565063,1.0251377820968628
SB86214_component_1624a,110.157283,-10.366013,7.796999931335449,30.220932006835938,110.15734100341797,-10.366045951843262,7.454590797424316,0.9959668517112732,1.045932650566101
SB86214_component_1625a,107.423662,-10.488446,7.807000160217285,26.286195755004883,107.42347717285156,-10.488419532775879,7.417933940887451,1.0021723508834839,1.052449345588684
SB86214_component_1627a,107.11195,-12.646967,7.6519999504089355,26.56944465637207,107.11190795898438,-12.647066116333008,6.951352119445801,1.0482064485549927,1.1007930040359497
SB86214_component_1631a,106.317818,-10.779764,7.78000020980835,22.039661407470703,106.31782531738281,-10.779755592346191,7.036153316497803,1.0528960227966309,1.1057177782058716
SB86214_component_1633a,108.780936,-10.578069,7.275000095367432,29.100000381469727,108.78095245361328,-10.57810115814209,6.981892108917236,0.9922041296958923,1.0419812202453613
SB86214_component_1651a,105.095979,-11.448257,7.1020002365112305,12.28719711303711,105.09597778320312,-11.448549270629883,7.259649753570557,0.9315500259399414,0.9782841205596924
SB86214_component_1652a,110.056797,-8.71045,8.215999603271484,22.50958824157715,110.05709075927734,-8.710406303405762,7.252293109893799,1.078763484954834,1.1328829526901245
SB86214_component_1653a,107.816571,-13.819929,8.232999801635742,26.644014358520508,107.81634521484375,-13.819979667663574,5.401566028594971,1.4513747692108154,1.5241875648498535
SB86214_component_1654a,110.17621,-10.299196,8.295000076293945,35.90909194946289,110.17588806152344,-10.299227714538574,7.5403151512146,1.0475338697433472,1.1000866889953613
SB86214_component_1656a,111.42707,-14.990724,7.65500020980835,17.885515213012695,111.42705535888672,-14.990832328796387,7.022940158843994,1.0379284620285034,1.0899993181228638
SB86214_component_1658a,111.513847,-9.117295,7.39300012588501,13.39311695098877,111.51457977294922,-9.117064476013184,7.608371734619141,0.925273597240448,0.9716928005218506
SB86214_component_1659a,111.186671,-14.113154,7.650000095367432,27.617328643798828,111.18669128417969,-14.113210678100586,6.873286724090576,1.0598347187042236,1.1130046844482422
SB86214_component_1661a,110.828376,-14.813714,6.921999931335449,17.932641983032227,110.82828521728516,-14.813793182373047,7.25398063659668,0.9086494445800781,0.9542346596717834
SB86214_component_1662a,111.018339,-14.550294,7.136000156402588,22.72611427307129,111.01824188232422,-14.550392150878906,6.75993013381958,1.005203127861023,1.05563223361969
SB86214_component_1671a,111.128525,-10.373576,7.081999778747559,25.024734497070312,111.12865447998047,-10.373504638671875,6.7104363441467285,1.0049543380737305,1.0553709268569946
SB86214_component_1672a,111.170771,-14.665283,7.114999771118164,23.025890350341797,111.17052459716797,-14.665386199951172,6.594514846801758,1.0273849964141846,1.078926920890808
SB86214_component_1675a,105.561196,-12.201629,7.175000190734863,20.38352394104004,105.56118774414062,-12.20164966583252,7.553166389465332,0.9045530557632446,0.9499327540397644
SB86214_component_1678a,112.322068,-12.467004,7.7779998779296875,25.501638412475586,112.32211303710938,-12.466938972473145,6.394718170166016,1.1582111120224,1.2163163423538208
SB86214_component_1679a,111.751673,-12.637089,7.559000015258789,29.877471923828125,111.75164031982422,-12.636930465698242,6.059545040130615,1.1878606081008911,1.2474534511566162
SB86214_component_1684a,107.578896,-15.062375,7.755000114440918,27.59786605834961,107.57882690429688,-15.062253952026367,7.580265045166016,0.9741786122322083,1.0230512619018555
SB86214_component_1685a,107.306228,-10.033311,7.6519999504089355,22.05187225341797,107.30606079101562,-10.033465385437012,6.816370010375977,1.0689637660980225,1.1225916147232056
SB86214_component_1687a,107.957012,-14.128046,8.069000244140625,30.10820960998535,107.95697784423828,-14.128031730651855,6.1298627853393555,1.2534589767456055,1.3163427114486694
SB86214_component_1688a,111.065347,-10.012734,7.178999900817871,23.460784912109375,111.06555938720703,-10.012733459472656,6.656313896179199,1.0270020961761475,1.0785248279571533
SB86214_component_1689a,106.12634,-14.250973,7.385000228881836,14.799599647521973,106.1263656616211,-14.251084327697754,7.080800533294678,0.9931373596191406,1.0429612398147583
SB86214_component_1690a,109.386249,-15.592997,7.316999912261963,20.046573638916016,109.38639831542969,-15.592750549316406,5.6960272789001465,1.2232131958007812,1.2845795154571533
SB86214_component_1691a,111.048583,-9.683685,7.828000068664551,19.233415603637695,111.04876708984375,-9.683677673339844,6.738015651702881,1.106266975402832,1.1617664098739624
SB86214_component_1693a,111.195979,-10.91785,7.436999797821045,30.987499237060547,111.19589233398438,-10.918036460876465,8.075800895690918,0.8769066333770752,0.9208993315696716
SB86214_component_1695a,112.017422,-9.823112,7.839000225067139,18.98063087463379,112.01737976074219,-9.823090553283691,7.492441177368164,0.9962733387947083,1.0462545156478882
SB86214_component_1697a,113.248761,-12.302051,7.438000202178955,17.836931228637695,113.24880981445312,-12.302099227905273,7.9288482666015625,0.8932792544364929,0.9380934238433838
SB86214_component_1698a,110.813629,-9.199119,6.925000190734863,20.73353385925293,110.81368255615234,-9.19904613494873,7.658670425415039,0.8610087633132935,0.9042039513587952
SB86214_component_1706a,109.619245,-11.147886,7.289000034332275,27.40225601196289,109.61929321289062,-11.147880554199219,7.461733818054199,0.930185079574585,0.976850688457489
SB86214_component_1718a,108.426245,-15.680628,7.052999973297119,25.55434799194336,108.42623138427734,-15.680573463439941,6.593672275543213,1.0185625553131104,1.0696618556976318
SB86214_component_1720a,105.860454,-12.109941,7.7769999504089355,26.72508430480957,105.86045837402344,-12.109827995300293,6.728827476501465,1.1005604267120361,1.155773401260376
SB86214_component_1731a,112.9544,-13.156033,7.6539998054504395,28.45353126525879,112.9539794921875,-13.156059265136719,7.317314624786377,0.9960425496101379,1.0460121631622314
SB86214_component_1734a,109.607871,-11.919521,7.163000106811523,29.72199249267578,109.60779571533203,-11.919598579406738,7.188107967376709,0.9489023685455322,0.9965070486068726
SB86214_component_1735a,108.322552,-10.455735,7.191999912261963,31.0,108.32270050048828,-10.455681800842285,6.168251037597656,1.1102705001831055,1.1659706830978394
SB86214_component_1739a,109.333518,-12.927295,7.60099983215332,29.122604370117188,109.33338165283203,-12.92730712890625,5.86232328414917,1.234645128250122,1.2965848445892334
SB86214_component_1740a,111.278567,-11.065086,6.864999771118164,29.978164672851562,111.27863311767578,-11.065184593200684,5.406381607055664,1.20913565158844,1.2697956562042236
SB86214_component_1742a,111.777879,-11.581694,6.7820000648498535,28.61603355407715,111.77786254882812,-11.581633567810059,6.869276523590088,0.9401301145553589,0.9872946739196777
SB86214_component_1744a,109.369752,-10.389509,7.224999904632568,32.5450439453125,109.36982727050781,-10.38944149017334,6.390058517456055,1.0766490697860718,1.1306625604629517
SB86214_component_1750a,108.383833,-10.733579,7.2230000495910645,29.125,108.38359832763672,-10.733786582946777,6.30301570892334,1.0912152528762817,1.1459593772888184
SB86214_component_1751a,112.941252,-11.89411,7.070000171661377,17.674999237060547,112.94091796875,-11.894231796264648,7.687079906463623,0.8757884502410889,0.9197250604629517
SB86214_component_1760a,108.396231,-14.25604,7.265999794006348,26.713233947753906,108.39612579345703,-14.255937576293945,6.544064044952393,1.0572775602340698,1.1103191375732422
SB86214_component_1761a,111.471768,-14.12063,7.059999942779541,25.487363815307617,111.47174072265625,-14.120743751525879,7.491571426391602,0.897372841835022,0.9423924088478088
SB86214_component_1763a,109.691392,-11.385763,6.756999969482422,29.898229598999023,109.69142150878906,-11.38585376739502,7.285335540771484,0.8831725120544434,0.9274795651435852
SB86214_component_1765a,109.297115,-15.651736,6.423999786376953,20.201257705688477,109.29735565185547,-15.651637077331543,8.645922660827637,0.7075144648551941,0.7430091500282288
SB86214_component_1767a,105.779928,-13.62076,7.085000038146973,13.495238304138184,105.77961730957031,-13.620803833007812,6.256379127502441,1.078345537185669,1.132444143295288
SB86214_component_1768a,109.133402,-10.984848,6.984000205993652,25.304349899291992,109.1331558227539,-10.985051155090332,6.427542686462402,1.034666657447815,1.0865739583969116
SB86214_component_1773a,106.644291,-13.46393,7.5920000076293945,22.730539321899414,106.64417266845703,-13.464008331298828,9.045293807983398,0.7992354035377502,0.8393315076828003
SB86214_component_1777a,110.617398,-13.525511,6.906000137329102,26.561540603637695,110.61736297607422,-13.525668144226074,6.564891815185547,1.0017057657241821,1.05195951461792
SB86214_component_1779a,106.952717,-9.620617,6.784999847412109,12.82608699798584,106.95254516601562,-9.62112045288086,6.749053955078125,0.9573001265525818,1.0053260326385498
SB86214_component_1781a,111.755015,-9.358021,6.914000034332275,10.992051124572754,111.75440979003906,-9.357962608337402,8.315900802612305,0.791701078414917,0.8314192295074463
SB86214_component_1787a,108.782052,-10.811727,7.576000213623047,27.15412139892578,108.78211212158203,-10.811671257019043,6.181542873382568,1.1670360565185547,1.2255840301513672
SB86214_component_1791a,106.931142,-12.353973,7.060999870300293,26.445693969726562,106.93122863769531,-12.354080200195312,6.27532434463501,1.0714482069015503,1.1252007484436035
SB86214_component_1795a,107.985751,-11.241589,6.826000213623047,24.29181671142578,107.98558807373047,-11.24158000946045,6.013149738311768,1.0809495449066162,1.135178804397583
SB86214_component_1796a,110.184703,-11.421586,7.361000061035156,27.569290161132812,110.18486785888672,-11.421581268310547,6.083688259124756,1.1521552801132202,1.2099567651748657
SB86214_component_1797a,107.556738,-11.678969,6.715000152587891,28.696582794189453,107.5566635131836,-11.679109573364258,6.747140884399414,0.9476924538612366,0.9952363967895508
SB86214_component_1799a,106.874329,-13.515205,6.504000186920166,24.451128005981445,106.87405395507812,-13.515411376953125,6.405521392822266,0.9668681025505066,1.0153740644454956
SB86214_component_1803a,106.905529,-15.52606,7.370999813079834,12.04411792755127,106.90602111816406,-15.526253700256348,5.801093578338623,1.2099229097366333,1.2706224918365479
SB86214_component_1805a,109.495132,-13.350472,6.73799991607666,22.996585845947266,109.49496459960938,-13.350518226623535,6.50775146484375,0.9859189391136169,1.0353806018829346
SB86214_component_1809a,110.804018,-8.818598,6.203999996185303,16.198434829711914,110.80380249023438,-8.818617820739746,7.665691375732422,0.7706578969955444,0.809320330619812
SB86214_component_1811a,109.848884,-13.857507,6.894999980926514,25.921052932739258,109.84876251220703,-13.857422828674316,6.736505508422852,0.974632203578949,1.02352774143219
SB86214_component_1813a,110.091377,-14.611356,7.22599983215332,23.012737274169922,110.09130859375,-14.611250877380371,6.562560558319092,1.0484936237335205,1.1010946035385132
SB86214_component_1815a,109.332935,-14.138838,6.915999889373779,25.90262222290039,109.33292388916016,-14.13895034790039,5.849701404571533,1.1258031129837036,1.182282567024231
SB86214_component_1816a,108.993709,-9.980058,6.627999782562256,26.406375885009766,108.9937744140625,-9.98002815246582,6.9044623374938965,0.914100170135498,0.9599588513374329
SB86214_component_1818a,108.933993,-11.385506,6.752999782562256,24.467391967773438,108.93408966064453,-11.38556957244873,6.596485137939453,0.9748219847679138,1.0237269401550293
SB86214_component_1825a,110.527916,-14.264929,7.22599983215332,25.899639129638672,110.52748107910156,-14.26518440246582,6.041943550109863,1.1388393640518188,1.1959728002548218
SB86214_component_1827a,110.133389,-14.4923,6.949999809265137,21.31901741027832,110.1329574584961,-14.49244213104248,5.836683750152588,1.1338609457015991,1.1907446384429932
SB86214_component_1830a,108.861599,-10.995542,6.508999824523926,18.3352108001709,108.861572265625,-10.995530128479004,7.575527191162109,0.8181681036949158,0.8592141270637512
SB86214_component_1832a,107.244572,-15.003869,7.380000114440918,22.77777862548828,107.24462890625,-15.003802299499512,7.450185775756836,0.9432578682899475,0.99057936668396
SB86214_component_1838a,107.762016,-12.017597,7.052999973297119,29.63445281982422,107.76200103759766,-12.01771354675293,6.8645148277282715,0.9783746600151062,1.0274579524993896
SB86214_component_1839a,106.653132,-13.045247,6.78000020980835,24.042552947998047,106.65323638916016,-13.045208930969238,6.139231204986572,1.0516152381896973,1.1043728590011597
SB86214_component_1842a,110.912321,-14.154769,6.395999908447266,23.865671157836914,110.912353515625,-14.154860496520996,6.2885847091674805,0.9684934616088867,1.0170810222625732
SB86214_component_1849a,108.090422,-11.289187,7.043000221252441,20.12285804748535,108.08998107910156,-11.289412498474121,6.24620246887207,1.073699712753296,1.1275651454925537
SB86214_component_1850a,111.677871,-13.311949,6.423999786376953,24.707693099975586,111.6780776977539,-13.312017440795898,5.798752784729004,1.0549019575119019,1.107824444770813
SB86214_component_1851a,106.555414,-14.604688,6.423999786376953,15.258906364440918,106.55496978759766,-14.604376792907715,6.332370758056641,0.9660071730613708,1.0144699811935425
SB86214_component_1852a,106.185415,-10.655832,7.138000011444092,21.056047439575195,106.18518829345703,-10.655877113342285,6.1390180587768555,1.107181429862976,1.162726640701294
SB86214_component_1855a,107.591346,-12.447258,6.070000171661377,22.39852523803711,107.59136962890625,-12.447288513183594,5.999769687652588,0.9633747935295105,1.0117055177688599
SB86214_component_1856a,109.351322,-12.19532,6.868000030517578,27.805667877197266,109.35169982910156,-12.195348739624023,5.833302021026611,1.1211326122283936,1.177377700805664
SB86214_component_1861a,112.79587,-13.755298,7.336999893188477,24.871187210083008,112.79547119140625,-13.755217552185059,3.917567014694214,1.7833774089813232,1.872846007347107
SB86214_component_1862a,109.559554,-15.018628,6.131999969482422,19.653844833374023,109.55966186523438,-15.018440246582031,6.52069091796875,0.895467221736908,0.9403911232948303
SB86214_component_1877a,109.253292,-15.310495,6.363999843597412,20.139238357543945,109.25328063964844,-15.310416221618652,6.18728494644165,0.9794250726699829,1.028560996055603
SB86214_component_1879a,113.248031,-12.366598,6.241000175476074,15.64160442352295,113.24799346923828,-12.366939544677734,6.348395824432373,0.9361196756362915,0.9830830097198486
SB86214_component_1882a,106.824785,-10.712699,6.169000148773193,17.676218032836914,106.82483673095703,-10.71269702911377,5.982081413269043,0.9819822311401367,1.0312464237213135
SB86214_component_1889a,105.097483,-11.201847,6.793000221252441,10.386850357055664,105.09785461425781,-11.201994895935059,4.767740726470947,1.3567198514938354,1.4247839450836182
SB86214_component_1890a,109.382967,-12.331821,6.73199987411499,27.25506019592285,109.38321685791016,-12.331744194030762,5.27921724319458,1.2142713069915771,1.2751890420913696
SB86214_component_1893a,110.103312,-9.79487,6.480000019073486,24.827585220336914,110.10343170166016,-9.794997215270996,5.8481669425964355,1.05510675907135,1.1080394983291626
SB86214_component_1895a,109.655979,-11.069147,6.123000144958496,20.61616325378418,109.6558609008789,-11.069125175476074,5.741340637207031,1.0155285596847534,1.0664756298065186
SB86214_component_1902a,110.604861,-9.645081,6.491000175476074,23.689783096313477,110.60509490966797,-9.644925117492676,5.789759159088135,1.0675599575042725,1.1211174726486206
SB86214_component_1909a,111.621375,-14.006584,6.394000053405762,24.976560592651367,111.62144470214844,-14.006484985351562,5.819663047790527,1.0462030172348022,1.098689079284668
SB86214_component_1914a,107.494811,-14.963019,6.666999816894531,23.810712814331055,107.49483489990234,-14.962955474853516,5.510519027709961,1.1520706415176392,1.2098678350448608
SB86214_component_1915a,109.492695,-8.764899,6.783999919891357,19.0028018951416,109.49276733398438,-8.764800071716309,6.544275283813477,0.9871097803115845,1.0366312265396118
SB86214_component_1918a,111.105835,-9.824051,6.745999813079834,14.859030723571777,111.10613250732422,-9.823851585388184,5.873481273651123,1.0936840772628784,1.1485521793365479
SB86214_component_1920a,110.523166,-14.633026,6.343999862670898,17.87042236328125,110.52308654785156,-14.633122444152832,4.94691276550293,1.221152901649475,1.2824159860610962
SB86214_component_1921a,111.21569,-9.927235,6.514999866485596,18.56125259399414,111.2155990600586,-9.92737102508545,5.5892486572265625,1.1099467277526855,1.1656306982040405
SB86214_component_1928a,106.913453,-12.640523,6.328000068664551,24.52713394165039,106.91357421875,-12.640251159667969,5.755977630615234,1.046859860420227,1.0993788242340088
SB86214_component_1929a,106.513307,-14.801456,6.044000148773193,12.591667175292969,106.51313018798828,-14.80162525177002,5.262261867523193,1.0936874151229858,1.1485555171966553
SB86214_component_1933a,110.267081,-13.959874,6.72599983215332,24.81918716430664,110.26730346679688,-13.959800720214844,5.036574840545654,1.2716357707977295,1.3354313373565674
SB86214_component_1935a,108.110904,-16.552535,6.808000087738037,13.168277740478516,108.111083984375,-16.55231475830078,5.400323867797852,1.2004412412643433,1.2606651782989502
SB86214_component_1936a,111.541012,-13.044108,6.047999858856201,20.432432174682617,111.54109191894531,-13.044180870056152,5.651219367980957,1.0190858840942383,1.0702115297317505
SB86214_component_1939a,111.707945,-10.138389,6.26200008392334,21.66781997680664,111.70742797851562,-10.138630867004395,6.495209217071533,0.9180389046669006,0.9640952348709106
SB86214_component_1944a,108.707275,-16.48269,5.635000228881836,12.550111770629883,108.7071533203125,-16.482561111450195,5.619668960571289,0.9548263549804688,1.0027281045913696
SB86214_component_1946a,107.592696,-9.304181,6.197000026702881,10.666093826293945,107.59262084960938,-9.304300308227539,5.1582255363464355,1.1439902782440186,1.2013821601867676
SB86214_component_1948a,108.816192,-14.104984,6.0279998779296875,22.325923919677734,108.81620025634766,-14.105072975158691,5.725710391998291,1.0025014877319336,1.0527950525283813
SB86214_component_1949a,110.722258,-12.701628,6.423999786376953,28.299558639526367,110.72238159179688,-12.701797485351562,4.133020877838135,1.4800591468811035,1.5543110370635986
SB86214_component_1950a,111.109549,-9.939193,5.834000110626221,15.272252082824707,111.10933685302734,-9.939348220825195,5.6428022384643555,0.9844933152198792,1.0338834524154663
SB86214_component_1953a,108.491028,-16.346466,6.263999938964844,14.236363410949707,108.49104309082031,-16.346635818481445,5.274774551391602,1.1308083534240723,1.1875388622283936
SB86214_component_1954a,108.722532,-10.637121,5.611999988555908,22.53815269470215,108.72245788574219,-10.637225151062012,5.729724884033203,0.9326636791229248,0.9794536828994751
SB86214_component_1957a,111.448002,-10.184421,5.776000022888184,21.080293655395508,111.4482192993164,-10.184320449829102,5.597994327545166,0.982507586479187,1.0317981243133545
SB86214_component_1959a,106.909649,-13.828167,6.302999973297119,24.525291442871094,106.90974426269531,-13.82816219329834,5.644529342651367,1.06331205368042,1.1166564226150513
SB86214_component_1962a,110.797932,-10.446192,5.631999969482422,17.65517234802246,110.79812622070312,-10.44614028930664,5.85983943939209,0.9152043461799622,0.9611184597015381
SB86214_component_1964a,109.93949,-9.719632,5.60699987411499,22.25,109.93956756591797,-9.7196683883667,5.923138618469238,0.9014047384262085,0.9466264843940735
SB86214_component_1965a,111.790882,-9.502441,5.980000019073486,12.616033554077148,111.79056549072266,-9.50255298614502,5.154685974121094,1.104689359664917,1.160109519958496
SB86214_component_1968a,109.816509,-12.73801,6.453000068664551,23.29602813720703,109.81655883789062,-12.737914085388184,5.676948547363281,1.0824002027511597,1.1367021799087524
SB86214_component_1969a,110.679248,-12.833226,5.881999969482422,25.46320343017578,110.67930603027344,-12.833150863647461,5.662843704223633,0.9890804290771484,1.0387006998062134
SB86214_component_1972a,111.308657,-13.433253,6.0980000495910645,22.014440536499023,111.30883026123047,-13.433300018310547,5.632741928100586,1.030881404876709,1.0825989246368408
SB86214_component_1978a,110.710823,-11.109069,6.146999835968018,20.08823585510254,110.71092224121094,-11.108884811401367,5.829523086547852,1.004086971282959,1.0544601678848267
SB86214_component_1979a,112.064624,-15.061545,6.039999961853027,11.482889175415039,112.0650863647461,-15.061481475830078,5.040217876434326,1.1411134004592896,1.1983609199523926
SB86214_component_1981a,106.877156,-11.960668,6.289000034332275,23.55430793762207,106.87711334228516,-11.960756301879883,5.8591108322143555,1.022094488143921,1.0733710527420044
SB86214_component_1987a,109.74319,-11.878501,6.257999897003174,25.132530212402344,109.7431869506836,-11.87851333618164,6.383848667144775,0.9334565997123718,0.9802863597869873
SB86214_component_1991a,109.242808,-14.526385,6.114999771118164,22.0758113861084,109.24270629882812,-14.526520729064941,5.555882930755615,1.0480561256408691,1.100635051727295
SB86214_component_1992a,108.929825,-10.464695,5.954999923706055,24.109312057495117,108.92988586425781,-10.464787483215332,5.271288871765137,1.0757369995117188,1.1297047138214111
SB86214_component_1993a,109.743888,-10.395289,6.318999767303467,25.47983741760254,109.743896484375,-10.395421028137207,4.272690773010254,1.4082767963409424,1.478927493095398
SB86214_component_1995a,113.231785,-13.582492,5.366000175476074,16.01791000366211,113.2318344116211,-13.582446098327637,4.0352396965026855,1.266258955001831,1.3297847509384155
SB86214_component_1997a,106.159034,-14.177735,5.327000141143799,11.3340425491333,106.15919494628906,-14.177682876586914,4.792091369628906,1.0585192441940308,1.1116232872009277
SB86214_component_2000a,109.54319,-9.318096,6.156000137329102,23.86046600341797,109.54336547851562,-9.318084716796875,6.283067226409912,0.9329708218574524,0.9797762632369995
SB86214_component_2001a,109.810197,-11.209013,5.73199987411499,22.21705436706543,109.81027221679688,-11.208975791931152,5.2514424324035645,1.039366602897644,1.0915095806121826
SB86214_component_2002a,109.856415,-9.331053,5.581999778747559,20.75092887878418,109.8562240600586,-9.33131217956543,5.693340301513672,0.9336064457893372,0.9804437160491943
SB86214_component_2003a,108.045069,-9.971017,6.354000091552734,21.039735794067383,108.04489135742188,-9.971081733703613,6.0758376121521,0.9958231449127197,1.0457817316055298
SB86214_component_2004a,107.366174,-15.693646,5.4629998207092285,12.194195747375488,107.3654556274414,-15.693989753723145,5.614351272583008,0.9265583157539368,0.9730420112609863
SB86214_component_2008a,110.489232,-12.510324,5.480000019073486,20.371747970581055,110.48909759521484,-12.510268211364746,5.748079299926758,0.9078184366226196,0.9533619284629822
SB86214_component_2011a,109.435293,-12.389507,5.928999900817871,24.5,109.43537902832031,-12.389396667480469,11.003129959106445,0.5131051540374756,0.5388466715812683
SB86214_component_2014a,110.352298,-12.558777,5.939000129699707,23.756000518798828,110.35253143310547,-12.558686256408691,5.1459197998046875,1.0989843606948853,1.154118299484253
SB86214_component_2019a,106.511942,-10.655787,5.651000022888184,14.677922248840332,106.51194763183594,-10.655845642089844,5.726651668548584,0.9396491050720215,0.9867895245552063
SB86214_component_2021a,109.56793,-12.06425,6.525000095367432,27.074689865112305,109.56798553466797,-12.064291000366211,5.570572376251221,1.115377426147461,1.171333909034729
SB86214_component_2033a,110.238942,-9.262227,5.626999855041504,20.09642791748047,110.23894500732422,-9.262110710144043,5.518154621124268,0.9710111021995544,1.01972496509552
SB86214_component_2034a,112.533533,-12.149719,5.90500020980835,17.574405670166016,112.53340911865234,-12.149923324584961,5.520708084106445,1.0185123682022095,1.0696091651916504
SB86214_component_2036a,113.278752,-12.344337,5.508999824523926,13.08551025390625,113.2788314819336,-12.344367027282715,7.055262565612793,0.7435338497161865,0.7808355689048767
SB86214_component_2038a,107.567527,-12.567171,6.336999893188477,26.965957641601562,107.56719207763672,-12.567387580871582,4.30860710144043,1.4005156755447388,1.470776915550232
SB86214_component_2040a,108.299227,-11.277135,5.269000053405762,12.45626449584961,108.29908752441406,-11.277338027954102,6.470973968505859,0.7753534317016602,0.8142514824867249
SB86214_component_2041a,106.802207,-10.794011,5.703999996185303,20.22694969177246,106.80238342285156,-10.793858528137207,4.886662006378174,1.111497163772583,1.1672589778900146
SB86214_component_2050a,108.073934,-10.793913,5.702000141143799,21.355806350708008,108.07373046875,-10.793743133544922,5.797421932220459,0.9365553855895996,0.9835406541824341
SB86214_component_2059a,110.442846,-14.326574,5.474999904632568,18.622447967529297,110.44297790527344,-14.326560020446777,5.5356245040893555,0.9417999386787415,0.9890483021736145
SB86214_component_2062a,110.420124,-8.445436,5.255000114440918,10.067049980163574,110.42021942138672,-8.445470809936523,5.815299987792969,0.8604819774627686,0.9036507606506348
SB86214_component_2065a,107.48446,-15.405988,5.119999885559082,10.893616676330566,107.48451232910156,-15.405929565429688,6.081830024719238,0.8016353249549866,0.8418518304824829
SB86214_component_2066a,112.027063,-14.634591,4.986999988555908,12.853092193603516,112.02690124511719,-14.634777069091797,4.309619426727295,1.1018985509872437,1.1571787595748901
SB86214_component_2067a,107.629439,-11.855164,5.60699987411499,24.378259658813477,107.62985229492188,-11.854860305786133,5.263484477996826,1.0143746137619019,1.0652638673782349
SB86214_component_2072a,107.739504,-9.370478,5.498000144958496,10.634428977966309,107.73943328857422,-9.37056827545166,5.6751933097839355,0.9224976301193237,0.968777596950531
SB86214_component_2086a,106.733568,-14.908225,5.173999786376953,12.650365829467773,106.73355102539062,-14.908358573913574,4.834231376647949,1.0191547870635986,1.0702838897705078
SB86214_component_2087a,107.477101,-10.057715,5.947999954223633,17.141210556030273,107.4780044555664,-10.057209014892578,4.901553153991699,1.1555225849151611,1.2134928703308105
SB86214_component_2088a,105.739982,-11.688139,5.381999969482422,16.87147331237793,105.74004364013672,-11.688084602355957,4.457901477813721,1.1496201753616333,1.2072944641113281
SB86214_component_2095a,107.333596,-12.64095,5.5329999923706055,21.956348419189453,107.333740234375,-12.640947341918945,5.224345684051514,1.0084861516952515,1.0590800046920776
SB86214_component_2102a,112.16431,-13.807539,5.290999889373779,15.470759391784668,112.1639404296875,-13.807914733886719,5.229930877685547,0.9633474946022034,1.0116767883300781
SB86214_component_2104a,106.764891,-10.257172,5.86299991607666,15.718498229980469,106.76480865478516,-10.256958961486816,5.7988433837890625,0.9627636671066284,1.0110636949539185
SB86214_component_2105a,109.889864,-8.976799,5.340000152587891,17.394136428833008,109.88951873779297,-8.977105140686035,5.881843566894531,0.8645079135894775,0.9078786373138428
SB86214_component_2109a,112.168749,-10.397129,5.502999782562256,16.426864624023438,112.16869354248047,-10.397137641906738,4.814256191253662,1.088457465171814,1.1430633068084717
SB86214_component_2115a,111.616373,-14.835684,4.861999988555908,10.63895034790039,111.61619567871094,-14.835456848144531,4.437711238861084,1.0432709455490112,1.0956097841262817
SB86214_component_2121a,106.982677,-14.942558,5.876999855041504,16.46218490600586,106.98291015625,-14.942486763000488,4.775144577026367,1.1719533205032349,1.2307480573654175
SB86214_component_2122a,112.65615,-12.737304,5.131999969482422,16.826229095458984,112.65605926513672,-12.737380027770996,4.7014312744140625,1.0394359827041626,1.0915824174880981
SB86214_component_2125a,112.551308,-10.818538,5.372000217437744,14.402145385742188,112.55101013183594,-10.818942070007324,4.623548984527588,1.1063734292984009,1.1618781089782715
SB86214_component_2127a,106.536419,-14.125942,5.882999897003174,16.618642807006836,106.53677368164062,-14.125651359558105,4.441385746002197,1.261309027671814,1.3245865106582642
SB86214_component_2129a,109.333347,-9.540102,5.394999980926514,23.05555534362793,109.33336639404297,-9.540128707885742,4.765183925628662,1.0780848264694214,1.13217031955719
SB86214_component_2130a,112.19061,-13.283458,5.456999778747559,21.569169998168945,112.19073486328125,-13.28347110748291,4.883099555969238,1.064141869544983,1.1175278425216675
SB86214_component_2140a,110.703783,-12.588746,5.5229997634887695,22.82231330871582,110.70381927490234,-12.588837623596191,5.806395053863525,0.9057526588439941,0.9511925578117371
SB86214_component_2143a,108.482552,-13.008522,5.578000068664551,22.401607513427734,108.48236083984375,-13.008709907531738,5.999793529510498,0.8852855563163757,0.929698646068573
SB86214_component_2147a,106.652495,-10.967763,4.921999931335449,13.55922794342041,106.65269470214844,-10.96788215637207,5.171946048736572,0.9062098860740662,0.9516727328300476
SB86214_component_2148a,110.72514,-12.63842,5.192999839782715,21.0242919921875,110.7251968383789,-12.638511657714844,4.694068908691406,1.0534404516220093,1.1062896251678467
SB86214_component_2150a,110.671404,-12.547192,5.75600004196167,23.116466522216797,110.67138671875,-12.547117233276367,5.679098606109619,0.9651227593421936,1.0135411024093628
SB86214_component_2152a,112.040658,-14.056321,5.816999912261963,17.788991928100586,112.041015625,-14.05635929107666,4.1678080558776855,1.329023003578186,1.3956975936889648
SB86214_component_2154a,109.909073,-9.375135,5.889999866485596,23.94308853149414,109.90931701660156,-9.374945640563965,6.067098140716553,0.9244329929351807,0.970810055732727
SB86214_component_2163a,107.450103,-15.708241,5.328000068664551,13.155555725097656,107.45053100585938,-15.708083152770996,4.971643924713135,1.020482063293457,1.0716776847839355
SB86214_component_2164a,106.324386,-10.436294,5.410999774932861,12.29772663116455,106.32475280761719,-10.436156272888184,4.4583587646484375,1.155696153640747,1.2136752605438232
SB86214_component_2165a,107.711088,-15.012566,4.73199987411499,17.207271575927734,107.71077728271484,-15.012662887573242,4.56128454208374,0.987867534160614,1.0374270677566528
SB86214_component_2169a,113.336598,-13.186556,5.236999988555908,12.867321968078613,113.33609008789062,-13.186427116394043,4.507471561431885,1.1063454151153564,1.1618486642837524
SB86214_component_2170a,106.136635,-13.211774,4.947000026702881,17.480566024780273,106.13677978515625,-13.211872100830078,4.956611156463623,0.9503820538520813,0.998060941696167
SB86214_component_2174a,109.626768,-10.028428,5.557000160217285,22.05158805847168,109.62669372558594,-10.028396606445312,4.892673969268799,1.0815218687057495,1.1357797384262085
SB86214_component_2178a,110.656677,-14.268882,4.434999942779541,15.50699234008789,110.65673828125,-14.268845558166504,4.71428108215332,0.8958170413970947,0.940758466720581
SB86214_component_2181a,112.797607,-11.14024,5.330999851226807,10.726357460021973,112.79779815673828,-11.140514373779297,5.760547637939453,0.8812234997749329,0.9254328012466431
SB86214_component_2185a,112.66471,-11.846733,5.73799991607666,14.942708015441895,112.66492462158203,-11.846760749816895,4.9645185470581055,1.1005874872207642,1.1558018922805786
SB86214_component_2187a,107.684565,-14.055993,4.736000061035156,20.06779670715332,107.6842269897461,-14.056014060974121,4.570056438446045,0.9868049621582031,1.0363110303878784
SB86214_component_2197a,107.207648,-14.562459,4.923999786376953,17.399293899536133,107.20761108398438,-14.562211990356445,4.62755012512207,1.0132300853729248,1.0640618801116943
SB86214_component_2199a,107.437503,-10.86144,5.236999988555908,19.25367546081543,107.43732452392578,-10.861512184143066,4.6030964851379395,1.083362102508545,1.1377123594284058
SB86214_component_2200a,108.140718,-10.747511,5.468999862670898,20.180810928344727,108.14104461669922,-10.747308731079102,4.0600762367248535,1.2826699018478394,1.3470189571380615
SB86214_component_2201a,110.834965,-13.005906,4.776000022888184,18.229007720947266,110.83468627929688,-13.00605297088623,4.588509559631348,0.9911373257637024,1.040860891342163
SB86214_component_2202a,110.724122,-12.788256,5.197999954223633,21.390945434570312,110.72457885742188,-12.788198471069336,4.717343807220459,1.0492521524429321,1.101891279220581
SB86214_component_2203a,109.244562,-9.824822,5.567999839782715,25.424657821655273,109.24481964111328,-9.824689865112305,5.001682758331299,1.0600448846817017,1.1132253408432007
SB86214_component_2206a,111.186719,-12.398381,4.872000217437744,20.132232666015625,111.18653106689453,-12.398348808288574,4.225103378295898,1.098022222518921,1.1531078815460205
SB86214_component_2207a,107.532575,-16.102541,5.611000061035156,12.386313438415527,107.53269958496094,-16.102558135986328,3.47200083732605,1.5388689041137695,1.616071105003357
SB86214_component_2210a,107.780795,-13.650145,4.4770002365112305,16.399269104003906,107.78065490722656,-13.65024471282959,4.593480587005615,0.9280821084976196,0.9746422171592712
SB86214_component_2211a,109.943753,-10.426299,5.013999938964844,18.10108184814453,109.94396209716797,-10.426301002502441,5.0095953941345215,0.9530657529830933,1.000879168510437
SB86214_component_2223a,109.569747,-8.976045,4.919000148773193,16.2880802154541,109.56995391845703,-8.975793838500977,5.242236614227295,0.8935140371322632,0.9383399486541748
SB86214_component_2225a,109.05529,-16.002997,4.855999946594238,14.452381134033203,109.05488586425781,-16.00322151184082,4.283720016479492,1.0794405937194824,1.1335941553115845
SB86214_component_2226a,109.547935,-11.531204,5.385000228881836,20.71154022216797,109.54781341552734,-11.53140640258789,4.402492046356201,1.1647381782531738,1.2231708765029907
SB86214_component_2227a,106.981577,-12.153179,5.5329999923706055,19.690391540527344,106.98143768310547,-12.153228759765625,3.8173158168792725,1.380205512046814,1.449447751045227
SB86214_component_2228a,110.715344,-10.890407,5.3420000076293945,18.232080459594727,110.71550750732422,-10.890298843383789,4.6059136390686035,1.1044073104858398,1.1598132848739624
SB86214_component_2230a,112.236717,-14.187659,4.961999893188477,14.217764854431152,112.23687744140625,-14.187572479248047,3.994835615158081,1.1827664375305176,1.2421036958694458
SB86214_component_2231a,108.620266,-9.197242,5.3429999351501465,16.854888916015625,108.62033081054688,-9.19747543334961,5.009305953979492,1.0156610012054443,1.0666148662567139
SB86214_component_2234a,109.672583,-15.443508,5.0,13.550135612487793,109.67274475097656,-15.44344425201416,4.050678730010986,1.1753937005996704,1.2343610525131226
SB86214_component_2235a,109.571889,-13.955618,5.156000137329102,21.218107223510742,109.57193756103516,-13.955693244934082,4.163508892059326,1.179219365119934,1.2383785247802734
SB86214_component_2237a,109.618726,-10.24779,5.2270002365112305,20.41796875,109.61894226074219,-10.247546195983887,4.539365291595459,1.0964746475219727,1.1514825820922852
SB86214_component_2239a,107.538102,-10.405048,5.4120001792907715,17.571428298950195,107.53800964355469,-10.404895782470703,3.3869106769561768,1.5215815305709839,1.5979163646697998
SB86214_component_2240a,107.433815,-11.533438,4.668000221252441,18.450593948364258,107.43403625488281,-11.533293724060059,4.831326484680176,0.9200377464294434,0.9661943316459656
SB86214_component_2242a,109.081443,-12.014131,4.995999813079834,19.74703598022461,109.08154296875,-12.01417350769043,4.445408821105957,1.0701677799224854,1.1238560676574707
SB86214_component_2243a,111.357899,-13.062183,4.948999881744385,16.833332061767578,111.35794067382812,-13.062044143676758,5.384188652038574,0.8752625584602356,0.9191728234291077
SB86214_component_2249a,109.0475,-10.766174,5.374000072479248,20.511451721191406,109.04769897460938,-10.766063690185547,4.8125996589660645,1.0633081197738647,1.116652250289917
SB86214_component_2250a,108.61743,-16.420874,5.09499979019165,11.712642669677734,108.61711883544922,-16.42082405090332,5.285425186157227,0.9179211854934692,0.9639716148376465
SB86214_component_2252a,106.881095,-11.351618,4.793000221252441,16.13804817199707,106.88105773925781,-11.351523399353027,3.9795784950256348,1.1468629837036133,1.2043989896774292
SB86214_component_2256a,106.930078,-10.293412,4.876999855041504,14.823707580566406,106.9299545288086,-10.293560028076172,4.7613019943237305,0.9753673076629639,1.0242996215820312
SB86214_component_2257a,109.396394,-14.900435,5.046000003814697,15.62229061126709,109.39678192138672,-14.900410652160645,4.341269493103027,1.1068063974380493,1.1623327732086182
SB86214_component_2265a,108.924225,-12.943625,4.736000061035156,21.33333396911621,108.92376708984375,-12.943710327148438,3.794562816619873,1.1884779930114746,1.2481015920639038
SB86214_component_2266a,107.179719,-15.345093,5.49399995803833,13.270530700683594,107.17898559570312,-15.34521770477295,4.249932289123535,1.2309709787368774,1.2927265167236328
SB86214_component_2267a,109.974075,-11.512254,4.9720001220703125,19.730159759521484,109.97380065917969,-11.512299537658691,4.860266208648682,0.9741195440292358,1.022989273071289
SB86214_component_2271a,113.559345,-13.785147,5.324999809265137,11.754965782165527,113.55919647216797,-13.785582542419434,3.6687660217285156,1.3821040391921997,1.4514416456222534
SB86214_component_2272a,107.939978,-15.02983,5.230000019073486,19.96183204650879,107.93990325927734,-15.029800415039062,4.627326488494873,1.0762488842010498,1.1302422285079956
SB86214_component_2276a,111.390055,-14.908082,4.395999908447266,11.418181419372559,111.38985443115234,-14.908018112182617,4.522675514221191,0.925557553768158,0.9719910025596619
SB86214_component_2277a,112.694477,-14.251128,5.089000225067139,13.28720760345459,112.69419860839844,-14.25121784210205,3.9485394954681396,1.2272616624832153,1.2888309955596924
SB86214_component_2280a,112.911224,-11.569754,5.0879998207092285,10.756871223449707,112.9105224609375,-11.569870948791504,5.5512471199035645,0.8727657198905945,0.9165507555007935
SB86214_component_2281a,111.4415,-9.951788,4.8470001220703125,16.599315643310547,111.44175720214844,-9.951744079589844,5.276806354522705,0.8746675848960876,0.918548047542572
SB86214_component_2283a,108.840206,-9.034489,4.98799991607666,15.024096488952637,108.84016418457031,-9.0346097946167,4.275672912597656,1.1108697652816772,1.166599988937378
SB86214_component_2288a,106.054961,-13.290969,4.425000190734863,13.828125953674316,106.05532836914062,-13.290566444396973,4.276701927185059,0.985247790813446,1.0346758365631104
SB86214_component_2289a,111.851487,-14.030469,4.765999794006348,15.130158424377441,111.85148620605469,-14.030470848083496,4.71702241897583,0.9621155858039856,1.010383129119873
SB86214_component_2292a,111.868156,-13.612493,5.0929999351501465,15.719135284423828,111.86809539794922,-13.612686157226562,4.340234756469727,1.1173818111419678,1.1734387874603271
SB86214_component_2297a,107.431025,-12.226745,4.883999824523926,17.89011001586914,107.43099975585938,-12.226828575134277,4.087020397186279,1.1379154920578003,1.195002555847168
SB86214_component_2304a,110.050382,-12.249075,4.206999778747559,16.963708877563477,110.05086517333984,-12.248885154724121,3.9721527099609375,1.008527398109436,1.0591233968734741
SB86214_component_2309a,105.351322,-11.060531,5.25600004196167,11.32758617401123,105.35185241699219,-11.060139656066895,4.417550563812256,1.1329611539840698,1.1897996664047241
SB86214_component_2310a,105.693119,-12.263078,4.296999931335449,10.53186321258545,105.6933822631836,-12.263126373291016,4.3002190589904785,0.9515156149864197,0.9992514252662659
SB86214_component_2325a,107.244078,-10.773047,5.138000011444092,16.15723419189453,107.24360656738281,-10.773025512695312,4.374427318572998,1.1184436082839966,1.1745537519454956
SB86214_component_2327a,111.37431,-11.578726,4.7769999504089355,21.812786102294922,111.37440490722656,-11.578733444213867,6.52560567855835,0.6970686912536621,0.7320393323898315
SB86214_component_2330a,112.333756,-14.133048,4.519000053405762,13.21345043182373,112.33322143554688,-14.133038520812988,5.019235134124756,0.8573259115219116,0.9003363847732544
SB86214_component_2331a,111.790076,-13.496251,5.105999946594238,17.01999855041504,111.7902603149414,-13.496285438537598,4.494787693023682,1.0817148685455322,1.1359823942184448
SB86214_component_2343a,106.425307,-14.494581,5.013000011444092,11.471395492553711,106.42550659179688,-14.494881629943848,3.717665433883667,1.2840105295181274,1.3484269380569458
SB86214_component_2348a,108.779442,-13.779781,4.9120001792907715,19.492063522338867,108.77950286865234,-13.779641151428223,4.716117858886719,0.9917789101600647,1.041534662246704
SB86214_component_2349a,110.694571,-12.120092,4.605999946594238,20.380531311035156,110.69464111328125,-12.120199203491211,5.028200626373291,0.8722731471061707,0.9160334467887878
SB86214_component_2351a,113.251643,-12.816746,5.263999938964844,14.786516189575195,113.25167846679688,-12.816671371459961,4.512109756469727,1.1109061241149902,1.1666382551193237
SB86214_component_2356a,106.410998,-10.522747,4.13100004196167,10.02669906616211,106.4110107421875,-10.522736549377441,3.9105381965637207,1.0059117078781128,1.056376338005066
SB86214_component_2358a,109.366664,-9.10097,4.396999835968018,16.406715393066406,109.36697387695312,-9.10073471069336,5.188553333282471,0.8069587349891663,0.8474423289299011
SB86214_component_2361a,109.524506,-12.631365,4.59499979019165,18.09054946899414,109.524658203125,-12.631468772888184,4.474641799926758,0.977841317653656,1.0268977880477905
SB86214_component_2365a,110.39753,-11.089263,4.928999900817871,21.809734344482422,110.3978042602539,-11.08908748626709,3.9765024185180664,1.1803171634674072,1.2395315170288086
SB86214_component_2375a,109.570489,-10.131104,4.4039998054504395,20.01818084716797,109.57035827636719,-10.131129264831543,4.218235492706299,0.9941631555557251,1.0440384149551392
SB86214_component_2380a,105.922333,-11.190995,4.620999813079834,13.671597480773926,105.9225082397461,-11.191048622131348,4.401256084442139,0.9997708797454834,1.0499274730682373
SB86214_component_2397a,108.112738,-11.590777,4.1539998054504395,18.79637908935547,108.11304473876953,-11.59072494506836,4.619608402252197,0.8562537431716919,0.8992103934288025
SB86214_component_2398a,107.718343,-15.632039,4.796999931335449,14.405405044555664,107.71824645996094,-15.632047653198242,3.6961405277252197,1.2358404397964478,1.2978402376174927
SB86214_component_2401a,109.422876,-15.593809,4.461999893188477,11.441025733947754,109.42329406738281,-15.59351921081543,3.481518030166626,1.2203996181488037,1.2816247940063477
SB86214_component_2409a,109.021782,-9.170972,4.3379998207092285,14.907215118408203,109.02130126953125,-9.171098709106445,4.223600387573242,0.9780203104019165,1.027085781097412
SB86214_component_2412a,109.490998,-12.690693,4.03000020980835,16.791667938232422,109.4911117553711,-12.690471649169922,4.334502696990967,0.8853335976600647,0.9297491312026978
SB86214_component_2413a,109.109204,-9.669076,4.236000061035156,18.91071319580078,109.10902404785156,-9.669205665588379,4.388861656188965,0.9190629124641418,0.9651705622673035
SB86214_component_2414a,108.203481,-9.523117,4.86899995803833,12.712794303894043,108.20330047607422,-9.523336410522461,4.917945861816406,0.942751407623291,0.9900475144386292
SB86214_component_2419a,107.49943,-15.771892,4.369999885559082,10.979899406433105,107.49977111816406,-15.771985054016113,3.167386770248413,1.3137764930725098,1.3796862363815308
SB86214_component_2427a,105.920703,-11.142859,4.703000068664551,13.711370468139648,105.9204330444336,-11.142901420593262,3.7018423080444336,1.2097572088241577,1.2704485654830933
SB86214_component_2429a,108.103754,-10.988015,5.031000137329102,12.736708641052246,108.10375213623047,-10.988204956054688,4.09734582901001,1.1692110300064087,1.2278680801391602
SB86214_component_2431a,107.634178,-10.545078,3.997999906539917,17.690265655517578,107.63438415527344,-10.544998168945312,4.027566432952881,0.9452381134033203,0.9926589727401733
SB86214_component_2433a,108.904607,-10.240027,4.730999946594238,19.630704879760742,108.904541015625,-10.240025520324707,4.330918312072754,1.0401934385299683,1.09237802028656
SB86214_component_2438a,106.167658,-10.837341,4.281000137329102,12.972726821899414,106.1672592163086,-10.837892532348633,4.302067279815674,0.947565495967865,0.9951030015945435
SB86214_component_2446a,106.048977,-10.736252,4.718999862670898,12.321148872375488,106.0489730834961,-10.73634147644043,4.4591875076293945,1.0077096223831177,1.0582644939422607
SB86214_component_2451a,111.047461,-11.22836,4.309000015258789,18.41452980041504,111.0472183227539,-11.228702545166016,4.426858425140381,0.9268767833709717,0.9733765125274658
SB86214_component_2457a,109.008399,-13.605996,4.339000225067139,16.883270263671875,109.00850677490234,-13.60580825805664,3.7689616680145264,1.096248745918274,1.1512454748153687
SB86214_component_2459a,106.398393,-11.272058,3.687000036239624,11.105422019958496,106.39833068847656,-11.272265434265137,3.36617112159729,1.0429850816726685,1.0953097343444824
SB86214_component_2461a,108.21761,-12.253806,4.690000057220459,17.969348907470703,108.21774291992188,-12.253641128540039,4.002978801727295,1.115657091140747,1.1716275215148926
SB86214_component_2463a,109.212331,-11.487097,4.296000003814697,14.416107177734375,109.21221923828125,-11.487370491027832,3.9607295989990234,1.0328333377838135,1.084648609161377
SB86214_component_2466a,112.753012,-12.449121,4.59499979019165,15.95486068725586,112.75294494628906,-12.449324607849121,4.528235912322998,0.9662681221961975,1.0147439241409302
SB86214_component_2467a,108.307289,-15.349731,3.928999900817871,13.737761497497559,108.30756378173828,-15.349623680114746,3.9762561321258545,0.9409116506576538,0.9881153702735901
SB86214_component_2474a,107.359415,-14.957252,4.068999767303467,13.982816696166992,107.35933685302734,-14.957283020019531,4.1495184898376465,0.9337510466575623,0.9805956482887268
SB86214_component_2477a,108.474157,-15.206041,4.099999904632568,12.732918739318848,108.47428131103516,-15.205960273742676,3.9062020778656006,0.9994712471961975,1.0496128797531128
SB86214_component_2478a,107.01321,-10.401338,3.555999994277954,11.217665672302246,107.01325225830078,-10.401312828063965,3.567695140838623,0.9491069912910461,0.9967219233512878
SB86214_component_2481a,111.309933,-14.716001,4.044000148773193,12.366972923278809,111.30944061279297,-14.716336250305176,4.084559440612793,0.9427729845046997,0.990070104598999
SB86214_component_2483a,111.744307,-11.19125,4.456999778747559,19.98654556274414,111.74393463134766,-11.191208839416504,3.5527613162994385,1.1945868730545044,1.2545170783996582
SB86214_component_2484a,109.746779,-12.795851,3.742000102996826,14.674510955810547,109.74658966064453,-12.79589557647705,4.29065465927124,0.8304650783538818,0.8721280097961426
SB86214_component_2485a,110.432325,-8.930294,4.554999828338623,13.436577796936035,110.43252563476562,-8.930359840393066,5.255476474761963,0.8253105878829956,0.8667148947715759
SB86214_component_2488a,107.062141,-14.957163,4.068999767303467,13.518271446228027,107.06183624267578,-14.9571533203125,3.326869487762451,1.16464364528656,1.2230716943740845
SB86214_component_2496a,111.529209,-13.319509,4.451000213623047,15.295533180236816,111.52935028076172,-13.319585800170898,3.821491003036499,1.1090878248214722,1.1647286415100098
SB86214_component_2500a,110.36783,-12.197969,4.000999927520752,15.041353225708008,110.36808776855469,-12.19766902923584,3.754584789276123,1.0147236585617065,1.0656304359436035
SB86214_component_2506a,107.215867,-14.275552,4.49399995803833,17.087451934814453,107.21568298339844,-14.275236129760742,3.4238200187683105,1.2498656511306763,1.31256902217865
SB86214_component_2512a,108.287871,-13.838446,4.556000232696533,20.070486068725586,108.28791046142578,-13.83820915222168,3.7706525325775146,1.1505576372146606,1.208279013633728
SB86214_component_2515a,110.999807,-9.601654,4.067999839782715,11.524079322814941,110.99939727783203,-9.601902961730957,4.00634241104126,0.9668832421302795,1.0153899192810059
SB86214_component_2518a,108.843616,-10.912297,4.386000156402588,13.578947067260742,108.84344482421875,-10.912216186523438,3.6586358547210693,1.1415387392044067,1.1988074779510498
SB86214_component_2519a,110.816309,-14.08248,4.285999774932861,16.874013900756836,110.81566619873047,-14.082771301269531,3.4297356605529785,1.1899608373641968,1.2496589422225952
SB86214_component_2521a,110.785608,-9.174157,3.865999937057495,11.822629928588867,110.78561401367188,-9.174051284790039,4.012568473815918,0.9174460768699646,0.9634726643562317
SB86214_component_2522a,113.152884,-14.117339,4.065000057220459,10.613577842712402,113.15213012695312,-14.117552757263184,3.5832598209381104,1.0802478790283203,1.13444185256958
SB86214_component_2530a,109.791914,-9.581484,3.867000102996826,14.592453956604004,109.7921371459961,-9.581385612487793,3.845877170562744,0.95745849609375,1.0054923295974731
SB86214_component_2531a,108.1396,-9.967295,4.434000015258789,16.18248176574707,108.13906860351562,-9.967020988464355,3.2358808517456055,1.3048012256622314,1.3702605962753296
SB86214_component_2532a,108.13466,-14.97174,3.938999891281128,15.883064270019531,108.13459777832031,-14.972023010253906,3.87438702583313,0.9681087732315063,1.016676902770996
SB86214_component_2543a,111.730817,-14.040141,3.7909998893737793,12.594683647155762,111.73096466064453,-14.04025936126709,3.315859079360962,1.0886765718460083,1.1432933807373047
SB86214_component_2544a,110.668475,-14.363593,4.380000114440918,15.36842155456543,110.66889953613281,-14.363431930541992,3.741020917892456,1.1148723363876343,1.170803427696228
SB86214_component_2548a,111.591568,-11.587222,3.8239998817443848,17.147981643676758,111.59186553955078,-11.587071418762207,3.6948959827423096,0.9855004549026489,1.0349411964416504
SB86214_component_2551a,110.54903,-14.028158,3.559000015258789,11.707237243652344,110.5487289428711,-14.028396606445312,3.0799946784973145,1.1003204584121704,1.1555215120315552
SB86214_component_2552a,109.096822,-15.411985,3.813999891281128,12.383116722106934,109.0964126586914,-15.411942481994629,3.6863179206848145,0.9852105975151062,1.0346367359161377
SB86214_component_2553a,111.571449,-14.69571,3.996000051498413,12.220184326171875,111.571533203125,-14.695581436157227,3.7137577533721924,1.0245970487594604,1.075999140739441
SB86214_component_2554a,112.514743,-12.249664,3.683000087738037,11.581761360168457,112.51454162597656,-12.249676704406738,2.87612247467041,1.2193700075149536,1.280543565750122
SB86214_component_2555a,108.788661,-12.182125,4.098999977111816,14.639286041259766,108.78860473632812,-12.182327270507812,3.8211305141448975,1.02147376537323,1.0727192163467407
SB86214_component_2556a,108.050278,-11.813495,4.543000221252441,17.47307777404785,108.0503921508789,-11.813698768615723,3.8006021976470947,1.1382339000701904,1.195336937904358
SB86214_component_2565a,107.440973,-10.910312,4.2210001945495605,16.36046600341797,107.4409408569336,-10.910304069519043,3.2232415676116943,1.2469919919967651,1.3095513582229614
SB86214_component_2568a,109.288127,-15.117665,3.864000082015991,11.135446548461914,109.28838348388672,-15.117494583129883,5.35773229598999,0.6867477893829346,0.7212006449699402
SB86214_component_2570a,107.439883,-11.771252,3.9739999771118164,15.832670211791992,107.43937683105469,-11.771489143371582,4.596730709075928,0.8232276439666748,0.8645274639129639
SB86214_component_2572a,112.4059,-10.537381,4.206999778747559,11.55769157409668,112.40608215332031,-10.537497520446777,5.267587661743164,0.7605046629905701,0.7986577749252319
SB86214_component_2573a,107.937767,-10.610419,4.142000198364258,16.56800079345703,107.9375228881836,-10.610352516174316,3.4418702125549316,1.145926594734192,1.2034155130386353
SB86214_component_2574a,108.480204,-10.989063,4.408999919891357,14.041400909423828,108.4799575805664,-10.98947811126709,3.1246554851531982,1.3436282873153687,1.4110355377197266
SB86214_component_2579a,111.294678,-10.139352,4.283999919891357,13.556961059570312,111.29434967041016,-10.139358520507812,3.7218589782714844,1.0960508584976196,1.1510376930236816
SB86214_component_2581a,110.275727,-9.273729,4.145999908447266,14.702127456665039,110.2754898071289,-9.273689270019531,3.954606533050537,0.9983140230178833,1.0483975410461426
SB86214_component_2584a,109.871767,-10.328656,4.013000011444092,16.116466522216797,109.87177276611328,-10.328930854797363,3.8543801307678223,0.9914156794548035,1.0411531925201416
SB86214_component_2590a,110.148722,-9.614414,4.224999904632568,17.978723526000977,110.14832305908203,-9.614388465881348,3.45277738571167,1.1651967763900757,1.2236526012420654
SB86214_component_2593a,107.659509,-10.700097,4.199999809265137,16.733068466186523,107.65933990478516,-10.700080871582031,3.7797930240631104,1.0580896139144897,1.1111719608306885
SB86214_component_2594a,109.296251,-9.236379,3.7860000133514404,15.327935218811035,109.29681396484375,-9.236501693725586,3.325761079788208,1.0840035676956177,1.1383860111236572
SB86214_component_2595a,112.302021,-11.776198,3.4019999504089355,10.185628890991211,112.3021469116211,-11.776131629943848,3.8907904624938965,0.832602322101593,0.8743724226951599
SB86214_component_2596a,108.004885,-11.077079,4.048999786376953,11.770347595214844,108.00463104248047,-11.077269554138184,3.397502899169922,1.1348254680633545,1.1917575597763062
SB86214_component_2597a,109.929216,-12.968905,4.1539998054504395,17.094650268554688,109.92926025390625,-12.968801498413086,3.686420202255249,1.073007583618164,1.1268384456634521
SB86214_component_2598a,107.141623,-10.875844,4.0289998054504395,13.341059684753418,107.14186096191406,-10.875679969787598,3.2594823837280273,1.177036166191101,1.2360857725143433
SB86214_component_2601a,111.711946,-13.062478,3.6600000858306885,11.158536911010742,111.71159362792969,-13.062561988830566,3.371715784072876,1.033644676208496,1.085500717163086
SB86214_component_2602a,108.097287,-9.759817,3.7950000762939453,11.194690704345703,108.0970458984375,-9.76009750366211,3.880211591720581,0.9313170909881592,0.9780394434928894
SB86214_component_2603a,107.106161,-10.744081,3.877000093460083,13.1870756149292,107.10624694824219,-10.744128227233887,3.304380416870117,1.1172411441802979,1.1732910871505737
SB86214_component_2610a,109.675049,-11.228121,4.413000106811523,17.866397857666016,109.67501831054688,-11.228069305419922,3.5064780712127686,1.1984061002731323,1.2585277557373047
SB86214_component_2612a,111.948187,-10.729038,3.7980000972747803,16.300430297851562,111.9481201171875,-10.72899341583252,3.990354537963867,0.9063264727592468,0.9517951607704163
SB86214_component_2613a,108.364594,-13.443232,3.8389999866485596,15.605690956115723,108.36500549316406,-13.443266868591309,3.6959948539733887,0.9890720248222351,1.0386918783187866
SB86214_component_2614a,108.462013,-13.421751,4.242000102996826,17.74895477294922,108.46180725097656,-13.422080039978027,3.0869040489196777,1.3085452318191528,1.3741923570632935
SB86214_component_2615a,108.606062,-11.361677,3.5369999408721924,10.526785850524902,108.60619354248047,-11.36189079284668,4.121273994445801,0.8172308206558228,0.8582297563552856
SB86214_component_2616a,107.827612,-12.355,4.078999996185303,18.048673629760742,107.82731628417969,-12.355037689208984,3.2754323482513428,1.185840368270874,1.2453317642211914
SB86214_component_2619a,109.306338,-10.471586,4.105000019073486,15.972763061523438,109.30619812011719,-10.472038269042969,3.6692593097686768,1.065309762954712,1.1187543869018555
SB86214_component_2620a,107.355318,-13.954191,4.1020002365112305,15.899226188659668,107.3550033569336,-13.95435905456543,3.35609769821167,1.163864016532898,1.2222529649734497
SB86214_component_2621a,110.895148,-10.103561,4.144999980926514,13.956229209899902,110.89497375488281,-10.103547096252441,3.6794610023498535,1.072708010673523,1.126523733139038
SB86214_component_2623a,108.205395,-11.336124,3.812000036239624,10.302702903747559,108.20503997802734,-11.336220741271973,3.284195899963379,1.1052614450454712,1.160710334777832
SB86214_component_2630a,112.464881,-11.853624,3.736999988555908,10.266483306884766,112.46465301513672,-11.8535737991333,4.278974533081055,0.8316192626953125,0.8733400702476501
SB86214_component_2632a,108.005813,-14.099507,3.696000099182129,14.963563919067383,108.00602722167969,-14.099382400512695,3.9926328659057617,0.8814826011657715,0.9257049560546875
SB86214_component_2638a,108.632373,-10.36778,4.10099983215332,17.753246307373047,108.6324691772461,-10.367777824401855,2.9311718940734863,1.3322620391845703,1.3990991115570068
SB86214_component_2643a,109.007023,-14.016197,3.740999937057495,13.958954811096191,109.00652313232422,-14.016280174255371,3.385782241821289,1.0521310567855835,1.1049145460128784
SB86214_component_2652a,106.3323,-11.372673,3.7139999866485596,12.505050659179688,106.33235168457031,-11.372692108154297,3.3532917499542236,1.0546581745147705,1.107568383216858
SB86214_component_2653a,112.576626,-13.039715,4.085000038146973,16.880165100097656,112.57685089111328,-13.039722442626953,3.374680995941162,1.1526581048965454,1.2104847431182861
SB86214_component_2657a,111.013844,-13.020736,4.013000011444092,17.524017333984375,111.01392364501953,-13.020535469055176,4.870872497558594,0.7845191955566406,0.8238770365715027
SB86214_component_2665a,112.412253,-13.473258,3.5929999351501465,12.786477088928223,112.4126968383789,-13.473228454589844,3.266103744506836,1.0475345849990845,1.1000875234603882
SB86214_component_2671a,112.261686,-13.742781,3.3269999027252197,10.944079399108887,112.26193237304688,-13.742822647094727,2.3796987533569336,1.3312878608703613,1.398076057434082
SB86214_component_2673a,108.307059,-12.057568,3.9010000228881836,16.600000381469727,108.3073959350586,-12.05741024017334,3.5550928115844727,1.04487943649292,1.0972990989685059
SB86214_component_2674a,107.936338,-14.848042,3.9730000495910645,16.282787322998047,107.93611145019531,-14.848245620727539,3.711756467819214,1.0192489624023438,1.0703827142715454
SB86214_component_2680a,107.554153,-10.969476,3.5889999866485596,16.313636779785156,107.55464172363281,-10.96947193145752,3.1960017681121826,1.0693198442459106,1.1229655742645264
SB86214_component_2689a,106.805506,-10.663303,3.875999927520752,12.265822410583496,106.80535125732422,-10.663305282592773,3.0897324085235596,1.1945492029190063,1.2544775009155273
SB86214_component_2692a,109.966984,-10.603618,3.7939999103546143,15.115538597106934,109.9670181274414,-10.603718757629395,3.215956687927246,1.1233841180801392,1.1797422170639038
SB86214_component_2696a,110.299176,-11.072819,3.4670000076293945,12.653285026550293,110.29949188232422,-11.07251262664795,3.396451473236084,0.9720074534416199,1.0207712650299072
SB86214_component_2697a,111.050413,-11.722239,3.881999969482422,16.37974739074707,111.05033111572266,-11.722290992736816,3.5183584690093994,1.0506465435028076,1.1033554077148438
SB86214_component_2699a,106.263158,-10.909955,3.615999937057495,11.443037033081055,106.26325225830078,-10.909974098205566,3.04399037361145,1.131165862083435,1.1879143714904785
SB86214_component_2700a,108.996271,-14.854561,3.2200000286102295,10.841751098632812,108.99662017822266,-14.854486465454102,3.0537538528442383,1.0040677785873413,1.054439902305603
SB86214_component_2702a,106.161959,-11.5139,3.5139999389648438,12.59498119354248,106.16190338134766,-11.51370906829834,3.400733470916748,0.9839438199996948,1.0333064794540405
SB86214_component_2709a,109.636747,-9.037874,4.067999839782715,13.883957862854004,109.63702392578125,-9.03783130645752,3.475492000579834,1.1145660877227783,1.1704816818237305
SB86214_component_2712a,106.530869,-12.783408,3.4590001106262207,13.052831649780273,106.530517578125,-12.783246040344238,3.971160888671875,0.8294194936752319,0.8710299730300903
SB86214_component_2725a,108.773962,-14.574039,3.6689999103546143,13.639405250549316,108.77427673339844,-14.573997497558594,3.279311180114746,1.0653841495513916,1.1188324689865112
SB86214_component_2731a,111.491958,-11.665544,3.2850000858306885,13.9194917678833,111.49193572998047,-11.665282249450684,3.368464946746826,0.9286338686943054,0.9752216935157776
SB86214_component_2733a,107.653017,-10.663076,3.4189999103546143,14.305438995361328,107.65288543701172,-10.663225173950195,2.919468879699707,1.115157961845398,1.1711033582687378
SB86214_component_2736a,106.404697,-12.088785,3.940000057220459,12.9180326461792,106.40489959716797,-12.088639259338379,3.344026565551758,1.1219350099563599,1.178220272064209
SB86214_component_2744a,108.266448,-10.151681,3.944999933242798,15.84337329864502,108.26644897460938,-10.151494979858398,3.9582784175872803,0.9490340948104858,0.9966453909873962
SB86214_component_2751a,112.589798,-10.886138,4.054999828338623,10.291877746582031,112.5897445678711,-10.885977745056152,3.7205915451049805,1.0378152132034302,1.0898804664611816
SB86214_component_2755a,107.794551,-9.668308,3.4670000076293945,10.287833213806152,107.7948226928711,-9.668249130249023,2.5390045642852783,1.3002640008926392,1.3654958009719849
SB86214_component_2761a,111.033245,-10.719856,3.194999933242798,13.951964378356934,111.032958984375,-10.7200927734375,2.7150702476501465,1.120549201965332,1.1767650842666626
SB86214_component_2765a,108.570615,-9.476208,3.2909998893737793,12.143911361694336,108.57050323486328,-9.476349830627441,3.499711513519287,0.8954405784606934,0.9403631687164307
SB86214_component_2767a,108.497664,-10.903236,3.058000087738037,11.761539459228516,108.49762725830078,-10.903267860412598,3.32041335105896,0.876973569393158,0.9209697246551514
SB86214_component_2774a,110.015582,-11.175485,3.180999994277954,11.869402885437012,110.01599884033203,-11.175501823425293,3.3683853149414062,0.8992554545402527,0.944369375705719
SB86214_component_2780a,109.818705,-11.671316,3.4210000038146973,13.794355392456055,109.81856536865234,-11.67155647277832,2.6567394733428955,1.2261546850204468,1.2876685857772827
SB86214_component_2781a,109.86803,-10.663574,3.5299999713897705,14.467212677001953,109.86808013916016,-10.663558959960938,3.2547030448913574,1.0327720642089844,1.084584355354309
SB86214_component_2786a,106.213077,-12.966956,3.244999885559082,11.974169731140137,106.21329498291016,-12.96694564819336,3.0422282218933105,1.0156967639923096,1.0666522979736328
SB86214_component_2789a,108.777365,-10.483863,3.6500000953674316,13.67041301727295,108.77721405029297,-10.484235763549805,2.1453161239624023,1.6201034784317017,1.701380968093872
SB86214_component_2791a,109.434018,-9.402544,3.059999942779541,12.540983200073242,109.4342269897461,-9.402568817138672,3.376394033432007,0.8629973530769348,0.9062923192977905
SB86214_component_2793a,106.457906,-11.631535,3.390000104904175,12.6022310256958,106.45802307128906,-11.631295204162598,2.7285735607147217,1.1830557584762573,1.2424074411392212
SB86214_component_2802a,107.180254,-14.062108,3.565000057220459,14.433198928833008,107.18024444580078,-14.062325477600098,2.8942887783050537,1.1728942394256592,1.231736183166504
SB86214_component_2809a,108.735804,-9.834314,3.7720000743865967,16.690265655517578,108.73554992675781,-9.834562301635742,3.239062786102295,1.1089028120040894,1.1645344495773315
SB86214_component_2814a,107.338333,-11.62844,3.740000009536743,14.007491111755371,107.33829498291016,-11.628485679626465,3.0075066089630127,1.1841485500335693,1.2435550689697266
SB86214_component_2818a,110.632487,-11.139934,3.328000068664551,12.145986557006836,110.63227844238281,-11.140033721923828,3.5563502311706543,0.891086757183075,0.9357908964157104
SB86214_component_2822a,110.891619,-11.532077,3.071000099182129,14.554503440856934,110.89143371582031,-11.532087326049805,3.092651128768921,0.9455621242523193,0.9929991960525513
SB86214_component_2823a,109.723051,-13.97812,3.7720000743865967,14.734375,109.72321319580078,-13.978392601013184,3.173999786376953,1.131633996963501,1.1884058713912964
SB86214_component_2827a,107.291797,-10.892235,3.5820000171661377,12.838708877563477,107.29222869873047,-10.892121315002441,3.0415220260620117,1.1214393377304077,1.1776998043060303
SB86214_component_2830a,111.965374,-10.103861,3.2279999256134033,10.583605766296387,111.96562957763672,-10.104022026062012,3.091621160507202,0.9942335486412048,1.0441123247146606
SB86214_component_2833a,109.797372,-11.093351,3.4779999256134033,13.639215469360352,109.797607421875,-11.092833518981934,3.4784224033355713,0.9521127939224243,0.9998785257339478
SB86214_component_2837a,110.493407,-9.469903,3.302999973297119,11.630281448364258,110.49372863769531,-9.46946907043457,3.0170629024505615,1.042474389076233,1.094773292541504
SB86214_component_2838a,109.223867,-12.798529,3.4830000400543213,15.54910659790039,109.2234115600586,-12.798578262329102,2.7806708812713623,1.1927379369735718,1.252575397491455
SB86214_component_2841a,109.955483,-8.903663,3.4660000801086426,10.968354225158691,109.9556655883789,-8.903566360473633,2.8630073070526123,1.1527822017669678,1.2106151580810547
SB86214_component_2849a,108.852752,-11.657475,3.631999969482422,15.389830589294434,108.85313415527344,-11.657366752624512,3.4558844566345215,1.0007550716400146,1.0509610176086426
SB86214_component_2850a,108.059908,-13.938837,3.2019999027252197,12.911290168762207,108.06035614013672,-13.938538551330566,3.020711660385132,1.0093765258789062,1.060015082359314
SB86214_component_2851a,110.879492,-12.727324,2.9210000038146973,12.429787635803223,110.879638671875,-12.727374076843262,3.3977012634277344,0.818629801273346,0.8596988916397095
SB86214_component_2852a,106.457837,-11.777516,3.181999921798706,11.204224586486816,106.4579849243164,-11.777421951293945,3.37058162689209,0.8989519476890564,0.944050669670105
SB86214_component_2865a,107.252418,-12.711205,3.0380001068115234,13.151515007019043,107.25250244140625,-12.711071968078613,3.4697225093841553,0.8337468504905701,0.8755743503570557
SB86214_component_2878a,105.521192,-11.599014,3.7320001125335693,10.424580574035645,105.5214614868164,-11.599322319030762,2.580073356628418,1.3773704767227173,1.4464704990386963
SB86214_component_2879a,108.78825,-15.879112,3.3540000915527344,10.819355010986328,108.78800201416016,-15.879326820373535,2.7524964809417725,1.160319209098816,1.2185301780700684
SB86214_component_2880a,111.363552,-11.281433,3.058000087738037,13.412281036376953,111.36360931396484,-11.281777381896973,2.327033281326294,1.2513421773910522,1.314119577407837
SB86214_component_2886a,109.423059,-9.185964,2.864000082015991,10.156028747558594,109.4231185913086,-9.18572998046875,3.612135887145996,0.7550054788589478,0.7928826808929443
SB86214_component_2890a,107.572919,-12.056515,3.5889999866485596,12.817856788635254,107.57267761230469,-12.056509017944336,2.8167972564697266,1.2132744789123535,1.2741421461105347
SB86214_component_2893a,108.09613,-12.021492,3.5820000171661377,16.43119239807129,108.09647369384766,-12.021390914916992,2.8011245727539062,1.21768319606781,1.2787721157073975
SB86214_component_2902a,109.289616,-13.469758,2.9260001182556152,11.341086387634277,109.28963470458984,-13.469465255737305,3.0151572227478027,0.9240714907646179,0.9704303741455078
SB86214_component_2911a,107.9337,-11.180885,3.2769999504089355,10.469648361206055,107.93460083007812,-11.180214881896973,2.905512809753418,1.0739766359329224,1.1278560161590576
SB86214_component_2913a,111.683904,-11.759647,3.4609999656677246,15.246696472167969,111.68447875976562,-11.759458541870117,2.4539008140563965,1.3430300951004028,1.4104074239730835
SB86214_component_2915a,110.811134,-10.605676,3.255000114440918,12.236842155456543,110.81127166748047,-10.60554027557373,2.799638032913208,1.10710871219635,1.1626503467559814
SB86214_component_2926a,107.705789,-10.422298,3.384000062942505,12.86691951751709,107.70610046386719,-10.422322273254395,3.039330005645752,1.0602142810821533,1.1134033203125
SB86214_component_2931a,111.039481,-10.777905,3.309000015258789,13.45121955871582,111.03923034667969,-10.77803897857666,2.4911811351776123,1.2648314237594604,1.328285574913025
SB86214_component_2934a,110.456671,-9.323964,3.5290000438690186,13.217228889465332,110.45670318603516,-9.323917388916016,3.6765522956848145,0.9140124320983887,0.9598667025566101
SB86214_component_2940a,107.52552,-10.888074,3.186000108718872,11.670330047607422,107.52540588378906,-10.887968063354492,3.3254776000976562,0.9122900366783142,0.9580578804016113
SB86214_component_2942a,112.756398,-13.312321,3.063999891281128,10.750877380371094,112.75636291503906,-13.31264877319336,2.992772102355957,0.9748914837837219,1.0237998962402344
SB86214_component_2943a,109.833581,-13.642801,3.0329999923706055,11.665385246276855,109.83325958251953,-13.642841339111328,3.368313789367676,0.8574346303939819,0.9004505276679993
SB86214_component_2945a,108.489733,-9.846737,3.184999942779541,13.053277969360352,108.48982238769531,-9.846697807312012,2.869379997253418,1.0569696426391602,1.1099958419799805
SB86214_component_2949a,110.876883,-12.124602,3.257999897003174,14.415928840637207,110.87645721435547,-12.124603271484375,3.024528980255127,1.0257333517074585,1.0771925449371338
SB86214_component_2952a,107.828881,-10.832144,3.250999927520752,13.378600120544434,107.8293228149414,-10.83179759979248,3.1142029762268066,0.9940568208694458,1.0439268350601196
SB86214_component_2963a,106.824898,-12.674964,3.2750000953674316,12.358491897583008,106.82559967041016,-12.674697875976562,2.656010627746582,1.1741474866867065,1.233052372932434
SB86214_component_2969a,111.862802,-12.169097,3.2760000228881836,14.625,111.8628921508789,-12.169187545776367,2.276271343231201,1.3704431056976318,1.4391957521438599
SB86214_component_2971a,109.748165,-11.934619,3.2070000171661377,12.430233001708984,109.74751281738281,-11.93493938446045,2.896064519882202,1.054464340209961,1.1073648929595947
SB86214_component_2972a,107.190483,-11.926043,3.0450000762939453,10.392491340637207,107.19042205810547,-11.926140785217285,3.165954828262329,0.9158487915992737,0.9617951512336731
SB86214_component_2977a,110.976933,-10.204896,3.01200008392334,10.680850982666016,110.97706604003906,-10.204895973205566,2.7386906147003174,1.0472568273544312,1.0997956991195679
SB86214_component_2978a,111.009916,-11.358446,2.9560000896453857,13.255605697631836,111.00979614257812,-11.358499526977539,3.502551794052124,0.8036391139030457,0.8439561128616333
SB86214_component_2983a,109.336325,-13.79085,2.9260001182556152,10.9179105758667,109.33612060546875,-13.790931701660156,3.079303503036499,0.9048216938972473,0.9502149224281311
SB86214_component_2989a,111.570148,-12.755544,3.0320000648498535,11.313432693481445,111.57008361816406,-12.755631446838379,2.8705575466156006,1.0057826042175293,1.0562407970428467
SB86214_component_2999a,112.87661,-12.900073,3.183000087738037,11.28723430633545,112.87736511230469,-12.899728775024414,2.5077033042907715,1.2086530923843384,1.2692888975143433
SB86214_component_3001a,110.772254,-11.017943,3.0929999351501465,11.760455131530762,110.77230072021484,-11.018115997314453,2.923525810241699,1.0074282884597778,1.057969093322754
SB86214_component_3002a,113.067305,-12.706745,3.4110000133514404,11.294702529907227,113.06680297851562,-12.70694637298584,3.6676669120788574,0.8855906128883362,0.9300190210342407
SB86214_component_3005a,111.826851,-11.75916,2.865000009536743,12.67699146270752,111.8264389038086,-11.759020805358887,2.7090322971343994,1.0070513486862183,1.0575731992721558
SB86214_component_3010a,110.006463,-14.159109,3.177999973297119,11.858208656311035,110.00689697265625,-14.1591796875,2.4856834411621094,1.2174447774887085,1.2785216569900513
SB86214_component_3013a,107.554959,-12.090716,3.563999891281128,13.34831428527832,107.55554962158203,-12.090368270874023,3.021878719329834,1.1230570077896118,1.179398775100708
SB86214_component_3018a,112.093937,-13.466755,3.2920000553131104,11.430556297302246,112.09395599365234,-13.466947555541992,2.5631630420684814,1.2229951620101929,1.2843506336212158
SB86214_component_3028a,108.691029,-9.386278,2.6010000705718994,10.081396102905273,108.69084167480469,-9.386245727539062,3.130984306335449,0.7910439968109131,0.8307291865348816
SB86214_component_3029a,111.37192,-14.163232,3.2860000133514404,12.988142967224121,111.3720703125,-14.163496971130371,3.0417428016662598,1.0286940336227417,1.0803017616271973
SB86214_component_3033a,107.584176,-13.190144,3.2860000133514404,12.988142967224121,107.5841293334961,-13.190666198730469,2.8448266983032227,1.0998992919921875,1.1550791263580322
SB86214_component_3036a,111.667046,-11.840811,2.869999885559082,14.137930870056152,111.6670150756836,-11.840522766113281,2.86971378326416,0.9523234367370605,1.0000996589660645
SB86214_component_3038a,109.5139,-14.09979,2.8519999980926514,10.803030014038086,109.51397705078125,-14.099793434143066,2.191610097885132,1.2391600608825684,1.3013263940811157
SB86214_component_3039a,107.86531,-11.463957,3.2109999656677246,12.494163513183594,107.86531066894531,-11.46388053894043,2.8807930946350098,1.0613763332366943,1.1146235466003418
SB86214_component_3040a,110.070381,-14.09938,3.2039999961853027,12.275861740112305,110.07098388671875,-14.099349021911621,2.6347923278808594,1.1579432487487793,1.2160351276397705
SB86214_component_3042a,109.315065,-12.080842,3.489000082015991,13.067416191101074,109.31532287597656,-12.080526351928711,2.6678457260131836,1.2453213930130005,1.307796835899353
SB86214_component_3056a,108.022158,-15.077826,3.4149999618530273,12.418181419372559,108.02155303955078,-15.078142166137695,2.6355807781219482,1.2338305711746216,1.2957295179367065
SB86214_component_3057a,110.868624,-10.095528,2.992000102996826,10.176871299743652,110.86842346191406,-10.09565544128418,2.587801218032837,1.1009608507156372,1.1561939716339111
SB86214_component_3060a,108.719192,-13.477735,2.803999900817871,11.586776733398438,108.71929931640625,-13.47763442993164,3.3195126056671143,0.8043496012687683,0.8447023034095764
SB86214_component_3069a,111.677886,-11.663273,3.01200008392334,13.446428298950195,111.67774963378906,-11.663397789001465,3.5292439460754395,0.8126704692840576,0.8534405827522278
SB86214_component_3072a,107.387851,-14.132872,3.005000114440918,10.88768196105957,107.38780975341797,-14.132609367370605,2.9914138317108154,0.9565532803535461,1.0045417547225952
SB86214_component_3079a,106.836805,-13.209242,2.9079999923706055,10.312056541442871,106.8370590209961,-13.208980560302734,2.7520554065704346,1.0061863660812378,1.0566648244857788
SB86214_component_3080a,110.320689,-10.364921,2.9639999866485596,11.059700965881348,110.32074737548828,-10.364896774291992,2.4931273460388184,1.132074236869812,1.1888682842254639
SB86214_component_3086a,109.306846,-12.586814,3.2720000743865967,16.278606414794922,109.30709838867188,-12.5867919921875,2.581798553466797,1.2067911624908447,1.2673336267471313
SB86214_component_3090a,107.138529,-10.45965,3.119999885559082,11.470586776733398,107.13920593261719,-10.459611892700195,2.343412160873413,1.2677892446517944,1.3313918113708496
SB86214_component_3107a,108.457463,-14.585595,3.0160000324249268,12.064000129699707,108.4576416015625,-14.585153579711914,2.670097589492798,1.0755865573883057,1.1295467615127563
SB86214_component_3112a,108.540423,-13.009812,3.174999952316284,12.354085922241211,108.54029846191406,-13.00971508026123,2.7998881340026855,1.0798022747039795,1.1339738368988037
SB86214_component_3113a,111.801046,-11.436818,3.009000062942505,14.126760482788086,111.80097961425781,-11.436985969543457,2.2151503562927246,1.2934812307357788,1.3583728075027466
SB86214_component_3135a,108.610607,-12.572455,3.250999927520752,13.323769569396973,108.60982513427734,-12.572503089904785,2.7022345066070557,1.1456055641174316,1.2030783891677856
SB86214_component_3137a,111.368224,-12.582533,2.434999942779541,10.145833015441895,111.36808013916016,-12.582558631896973,2.274400234222412,1.0194671154022217,1.0706119537353516
SB86214_component_3143a,109.27641,-13.034649,3.253999948501587,13.729957580566406,109.27649688720703,-13.034546852111816,3.6712002754211426,0.844015896320343,0.8863586187362671
SB86214_component_3153a,108.099281,-10.505268,2.763000011444092,11.512500762939453,108.09932708740234,-10.505064964294434,2.2999465465545654,1.1439427137374878,1.2013323307037354
SB86214_component_3154a,111.19691,-13.339423,2.890000104904175,10.5090913772583,111.19706726074219,-13.33919620513916,1.8230293989181519,1.5095425844192505,1.5852735042572021
SB86214_component_3156a,107.745335,-11.53656,3.0239999294281006,11.905510902404785,107.74563598632812,-11.536420822143555,2.882152557373047,0.9990931153297424,1.0492157936096191
SB86214_component_3171a,108.105357,-12.321042,2.8529999256134033,12.73660659790039,108.10546875,-12.321044921875,2.890061378479004,0.9400173425674438,0.987176239490509
SB86214_component_3176a,109.198998,-13.820423,2.8510000705718994,12.131915092468262,109.19901275634766,-13.8202543258667,3.0898420810699463,0.8786220550537109,0.9227008819580078
SB86214_component_3179a,108.682107,-13.149256,2.49399995803833,10.843478202819824,108.68228912353516,-13.14915657043457,2.6048574447631836,0.9117035865783691,0.9574419856071472
SB86214_component_3184a,108.942678,-14.653814,2.7720000743865967,10.228782653808594,108.94257354736328,-14.653820991516113,2.60882306098938,1.0117886066436768,1.0625481605529785
SB86214_component_3188a,110.02401,-13.473316,3.2290000915527344,14.162281036376953,110.0237808227539,-13.473158836364746,2.637758255004883,1.1656663417816162,1.224145531654358
SB86214_component_3189a,111.160625,-11.820646,2.5190000534057617,11.096916198730469,111.16072082519531,-11.820167541503906,2.502629280090332,0.9584574103355408,1.00654137134552
SB86214_component_3195a,111.557498,-10.97673,2.555999994277954,12.34782600402832,111.5573501586914,-10.976733207702637,2.5509698390960693,0.9541061520576477,1.0019718408584595
SB86214_component_3203a,110.572895,-11.955481,3.197999954223633,13.43697452545166,110.57292938232422,-11.955290794372559,4.049543857574463,0.7519925236701965,0.7897185683250427
SB86214_component_3207a,111.660366,-10.239506,2.7309999465942383,10.190298080444336,111.66008758544922,-10.239387512207031,2.0087602138519287,1.2945975065231323,1.3595449924468994
SB86214_component_3217a,109.439852,-10.124851,2.5409998893737793,11.293333053588867,109.43970489501953,-10.124836921691895,2.8202481269836426,0.8579431176185608,0.900984525680542
SB86214_component_3222a,110.386858,-11.408734,2.9630000591278076,12.243802070617676,110.38633728027344,-11.409001350402832,3.086409091949463,0.9141539931297302,0.9600153565406799
SB86214_component_3231a,108.401539,-12.80249,2.867000102996826,12.68584156036377,108.40165710449219,-12.802618026733398,2.8717994689941406,0.9506371021270752,0.9983288049697876
SB86214_component_3239a,107.956345,-10.686404,3.000999927520752,11.586872100830078,107.95672607421875,-10.686309814453125,2.434258460998535,1.1739252805709839,1.2328189611434937
SB86214_component_3241a,109.663057,-11.167201,2.7269999980926514,10.694117546081543,109.66287231445312,-11.167563438415527,2.753723621368408,0.9429875612258911,0.9902954697608948
SB86214_component_3242a,109.019041,-12.571945,2.881999969482422,11.527999877929688,109.0185775756836,-12.571696281433105,2.0105462074279785,1.3649636507034302,1.4334412813186646
SB86214_component_3249a,108.492263,-11.591072,2.7720000743865967,11.268292427062988,108.49208068847656,-11.590996742248535,2.7345211505889893,0.9652795791625977,1.013705849647522
SB86214_component_3252a,109.24044,-12.203353,2.5769999027252197,11.352422714233398,109.24072265625,-12.203367233276367,2.364820957183838,1.0376653671264648,1.089722990989685
SB86214_component_3253a,109.081595,-10.223125,2.867000102996826,13.587678909301758,109.08190155029297,-10.223392486572266,1.8677455186843872,1.4616762399673462,1.5350056886672974
SB86214_component_3255a,107.161963,-14.132219,3.0320000648498535,13.125540733337402,107.16183471679688,-14.132268905639648,2.247493028640747,1.2846121788024902,1.349058747291565
SB86214_component_3257a,111.796682,-10.639139,2.9830000400543213,12.225409507751465,111.79641723632812,-10.639168739318848,2.7060625553131104,1.049679160118103,1.1023396253585815
SB86214_component_3267a,110.441232,-13.175441,2.552999973297119,10.593360900878906,110.44129180908203,-13.175289154052734,2.3206043243408203,1.0475889444351196,1.1001445055007935
SB86214_component_3280a,108.76898,-11.633637,2.8510000705718994,10.840304374694824,108.76900482177734,-11.6334810256958,3.0471439361572266,0.8909338116645813,0.9356302618980408
SB86214_component_3282a,106.628308,-12.894056,2.9719998836517334,12.081299781799316,106.62852478027344,-12.893789291381836,2.339932680130005,1.2094463109970093,1.2701219320297241
SB86214_component_3285a,108.417147,-13.812076,2.5,11.013216018676758,108.4173355102539,-13.81199836730957,3.121211290359497,0.762707531452179,0.8009710907936096
SB86214_component_3286a,110.416941,-12.519498,2.5899999141693115,12.634145736694336,110.4172592163086,-12.519455909729004,3.083651542663574,0.7997893691062927,0.8399133086204529
SB86214_component_3287a,110.398241,-13.14296,2.5799999237060547,11.120689392089844,110.39820861816406,-13.142925262451172,2.338644504547119,1.0505014657974243,1.1032031774520874
SB86214_component_3295a,107.419702,-12.737958,2.8429999351501465,13.223255157470703,107.41996765136719,-12.73779010772705,2.265834093093872,1.1947853565216064,1.2547255754470825
SB86214_component_3301a,110.884974,-11.136603,2.805999994277954,12.415929794311523,110.88548278808594,-11.13664436340332,2.7506203651428223,0.9714002013206482,1.0201334953308105
SB86214_component_3305a,109.360965,-10.238148,2.7269999980926514,11.268594741821289,109.36096954345703,-10.238272666931152,2.5828511714935303,1.005372405052185,1.0558099746704102
SB86214_component_3309a,110.706257,-11.281726,2.559000015258789,12.185714721679688,110.70555114746094,-11.282078742980957,2.519618272781372,0.9671118259429932,1.0156300067901611
SB86214_component_3311a,108.586265,-13.618893,2.680999994277954,11.078512191772461,108.58675384521484,-13.618775367736816,3.3200523853302,0.7689410448074341,0.8075173497200012
SB86214_component_3313a,110.605028,-12.362878,2.8450000286102295,11.903766632080078,110.60527801513672,-12.3627347946167,2.200382709503174,1.2311904430389404,1.2929569482803345
SB86214_component_3323a,107.207876,-12.898638,2.434000015258789,10.91479778289795,107.20709991455078,-12.898880958557129,2.0732691287994385,1.117908000946045,1.173991322517395
SB86214_component_3330a,111.422011,-11.929676,2.8450000286102295,12.158120155334473,111.42273712158203,-11.929267883300781,2.4752817153930664,1.0944572687149048,1.1493641138076782
SB86214_component_3335a,109.41834,-10.731238,2.9140000343322754,11.75,109.4180908203125,-10.731292724609375,2.257232427597046,1.229290246963501,1.2909613847732544
SB86214_component_3347a,111.499716,-12.586487,2.743000030517578,11.429166793823242,111.49996948242188,-12.58655834197998,3.4947056770324707,0.7474056482315063,0.7849015593528748
SB86214_component_3348a,107.314464,-13.294465,2.575000047683716,10.300000190734863,107.3136215209961,-13.29454517364502,2.1572935581207275,1.1366040706634521,1.1936252117156982
SB86214_component_3357a,107.973417,-11.797467,2.635999917984009,11.612334251403809,107.97352600097656,-11.797806739807129,2.2038028240203857,1.1389740705490112,1.196114182472229
SB86214_component_3359a,109.854147,-12.65451,2.7720000743865967,11.94827651977539,109.85344696044922,-12.655011177062988,2.416328191757202,1.092391848564148,1.1471952199935913
SB86214_component_3390a,112.439761,-13.521123,2.744999885559082,10.166666030883789,112.43966674804688,-13.521364212036133,1.8637468814849854,1.402479648590088,1.4728394746780396
SB86214_component_3420a,107.814161,-11.833267,2.49399995803833,10.305785179138184,107.81394958496094,-11.833466529846191,2.6185405254364014,0.9069395065307617,0.9524389505386353
SB86214_component_3445a,108.920661,-9.390611,2.7060000896453857,10.407692909240723,108.9208755493164,-9.390578269958496,2.0576066970825195,1.252294898033142,1.3151202201843262
SB86214_component_3454a,108.28157,-13.419784,2.4590001106262207,11.384259223937988,108.2813949584961,-13.42004680633545,2.722689390182495,0.8600062727928162,0.9031511545181274
SB86214_component_3457a,108.190124,-11.53075,2.503999948501587,10.096774101257324,108.19031524658203,-11.530951499938965,2.7339048385620117,0.8721518516540527,0.9159060120582581
SB86214_component_3477a,112.330172,-13.236564,2.694999933242798,11.468085289001465,112.33012390136719,-13.236222267150879,2.1051223278045654,1.2190529108047485,1.2802106142044067
SB86214_component_3482a,109.105537,-10.336872,2.3540000915527344,10.55605411529541,109.10528564453125,-10.336729049682617,2.511343240737915,0.8925685286521912,0.9373469948768616
SB86214_component_3494a,110.271849,-10.372027,2.321000099182129,10.550000190734863,110.2717056274414,-10.371817588806152,1.8923015594482422,1.1679545640945435,1.2265487909317017
SB86214_component_3518a,108.704704,-13.044773,2.299999952316284,10.40723991394043,108.70443725585938,-13.044771194458008,2.4791886806488037,0.8834040760993958,0.9277228116989136
SB86214_component_3537a,112.088127,-11.609515,2.496000051498413,10.31404972076416,112.08733367919922,-11.609477996826172,2.2880125045776367,1.03878915309906,1.0909031629562378
SB86214_component_3549a,110.767331,-11.762533,2.257999897003174,10.60093879699707,110.7674789428711,-11.762459754943848,1.5998172760009766,1.343985915184021,1.411411166191101
SB86214_component_3558a,110.783999,-11.158893,2.5,10.0401611328125,110.78443908691406,-11.158466339111328,1.3856312036514282,1.718040943145752,1.804231882095337
SB86214_component_3565a,109.290157,-9.546848,2.0169999599456787,10.343589782714844,109.29053497314453,-9.546422004699707,2.7388644218444824,0.7012558579444885,0.7364366054534912
SB86214_component_3604a,110.048264,-12.534871,2.5,10.964912414550781,110.04866027832031,-12.53469467163086,2.790156364440918,0.8532034754753113,0.8960071206092834
SB86214_component_3613a,108.601176,-10.227829,2.506999969482422,10.027999877929688,108.60160064697266,-10.22733211517334,1.9734145402908325,1.2096985578536987,1.2703869342803955
SB86214_component_3667a,110.343202,-12.259425,2.3589999675750732,10.12446403503418,110.34327697753906,-12.259660720825195,2.113490343093872,1.0628423690795898,1.1161631345748901
SB86214_component_3704a,110.950959,-12.332816,2.3910000324249268,10.441047668457031,110.95137023925781,-12.332574844360352,2.057917594909668,1.1063505411148071,1.1618541479110718
SB86214_component_3719a,110.647936,-12.760276,2.3910000324249268,10.917808532714844,110.64848327636719,-12.760222434997559,2.2935256958007812,0.9926980137825012,1.0424997806549072
