Component_ID,RA,DEC,ASKAP_flux,ASKAP_flux_SNR,RA_comp,DEC_comp,Comp_flux,Flux_Ratio_AlphaCorr,Flux_Ratio_NOAlphaCorr
SB85916_component_4a,44.005788,-48.261102,1115.3160400390625,1628.1986083984375,44.00578689575195,-48.2610969543457,995.9075317382812,1.0663999319076538,1.1198991537094116
SB85916_component_10a,39.985512,-50.24483,595.2550048828125,427.3187255859375,39.985496520996094,-50.2448616027832,499.5179138183594,1.134731650352478,1.1916589736938477
SB85916_component_11a,46.27568,-49.973015,520.4459838867188,1706.3802490234375,46.275672912597656,-49.972999572753906,466.2930908203125,1.0628154277801514,1.1161348819732666
SB85916_component_15a,44.103909,-49.968579,498.0539855957031,2016.4129638671875,44.10390090942383,-49.96858596801758,466.40740966796875,1.0168389081954956,1.0678517818450928
SB85916_component_33a,43.7137,-46.648556,289.656005859375,579.31201171875,43.71375274658203,-46.64852523803711,273.5263671875,1.0083807706832886,1.058969259262085
SB85916_component_36a,43.639235,-53.533944,268.22100830078125,472.2200622558594,43.63921356201172,-53.53396987915039,233.5170135498047,1.0937434434890747,1.1486144065856934
SB85916_component_47a,43.838176,-52.457518,230.05799865722656,684.6964111328125,43.83818435668945,-52.45750045776367,200.12557983398438,1.0946515798568726,1.1495682001113892
SB85916_component_48a,41.727123,-51.327817,209.0240020751953,718.2955322265625,41.72714614868164,-51.32780838012695,186.10430908203125,1.0695003271102905,1.123155117034912
SB85916_component_50a,43.620377,-46.899699,216.0959930419922,570.1741333007812,43.62043380737305,-46.899662017822266,203.01319885253906,1.013593077659607,1.0644431114196777
SB85916_component_56a,50.627916,-53.121543,181.8520050048828,434.01434326171875,50.62794876098633,-53.121524810791016,176.0346221923828,0.9836965799331665,1.033046841621399
SB85916_component_58a,42.796784,-52.135667,187.25,688.4190673828125,42.79681396484375,-52.135650634765625,164.91519165039062,1.081190824508667,1.1354321241378784
SB85916_component_59a,46.410775,-52.738809,178.41700744628906,818.4266357421875,46.410804748535156,-52.73879623413086,159.880615234375,1.0626288652420044,1.1159389019012451
SB85916_component_62a,50.292713,-53.499377,178.52499389648438,317.66015625,50.2927131652832,-53.4994010925293,166.85885620117188,1.018804669380188,1.0699162483215332
SB85916_component_63a,43.75836,-52.460568,183.83299255371094,553.7138671875,43.75836181640625,-52.460548400878906,158.86819458007812,1.101863145828247,1.1571415662765503
SB85916_component_65a,46.060116,-46.983403,165.8300018310547,671.3765258789062,46.06013107299805,-46.98338317871094,152.49136352539062,1.0355212688446045,1.0874714851379395
SB85916_component_69a,41.878681,-49.403276,155.16299438476562,702.094970703125,41.87865447998047,-49.40329360961914,149.17384338378906,0.9904593825340271,1.0401488542556763
SB85916_component_72a,39.725301,-51.781897,157.90699768066406,121.65408325195312,39.7252311706543,-51.78194046020508,152.45497131347656,0.98628169298172,1.0357615947723389
SB85916_component_74a,43.668261,-54.025723,158.35499572753906,151.6810302734375,43.66822052001953,-54.02573776245117,135.68798828125,1.1113005876541138,1.1670523881912231
SB85916_component_75a,44.857091,-48.0893,144.72500610351562,605.5440063476562,44.85707473754883,-48.089298248291016,126.77466583251953,1.0870568752288818,1.1415925025939941
SB85916_component_77a,42.272029,-50.420648,142.6179962158203,663.3394775390625,42.27206802368164,-50.420654296875,128.6217498779297,1.05584716796875,1.1088171005249023
SB85916_component_79a,44.843056,-54.082051,150.68299865722656,147.15135192871094,44.842994689941406,-54.08206558227539,127.4563217163086,1.1257553100585938,1.1822324991226196
SB85916_component_84a,44.462033,-52.002817,145.6439971923828,511.0315856933594,44.46202087402344,-52.00279235839844,128.76419067382812,1.0770570039749146,1.1310908794403076
SB85916_component_91a,47.712937,-54.151352,141.98699951171875,126.21066284179688,47.71275329589844,-54.15137481689453,128.9478302001953,1.0485175848007202,1.1011197566986084
SB85916_component_94a,50.387416,-53.042084,124.78399658203125,376.9909362792969,50.38740921020508,-53.04209899902344,116.58853149414062,1.0191643238067627,1.07029390335083
SB85916_component_101a,45.16616,-50.197485,121.447998046875,578.3237915039062,45.16614532470703,-50.197471618652344,111.29566955566406,1.0390902757644653,1.091219425201416
SB85916_component_103a,46.089419,-53.962514,115.18499755859375,171.1515655517578,46.089385986328125,-53.962547302246094,103.24938201904297,1.0623060464859009,1.1155998706817627
SB85916_component_106a,40.6599,-52.49313,107.93900299072266,211.23094177246094,40.6599006652832,-52.49314498901367,96.89710235595703,1.0607396364212036,1.1139549016952515
SB85916_component_107a,39.579186,-52.134302,114.00900268554688,80.11876678466797,39.5791130065918,-52.13438034057617,110.60254669189453,0.981556236743927,1.0307990312576294
SB85916_component_114a,44.188297,-48.738162,95.81300354003906,418.39739990234375,44.18828201293945,-48.738155364990234,88.5562744140625,1.0302586555480957,1.0819448232650757
SB85916_component_117a,41.800049,-52.768299,95.94599914550781,278.1043395996094,41.80010223388672,-52.76832580566406,85.8072280883789,1.0647414922714233,1.1181575059890747
SB85916_component_122a,45.205859,-48.84973,85.10800170898438,417.19610595703125,45.20586013793945,-48.849727630615234,77.87397003173828,1.0406848192214966,1.0928940773010254
SB85916_component_124a,46.923206,-49.892259,84.18699645996094,418.84075927734375,46.923221588134766,-49.892234802246094,78.11909484863281,1.0261927843093872,1.0776749849319458
SB85916_component_125a,52.078635,-49.024276,92.73799896240234,112.27361297607422,52.07862854003906,-49.024253845214844,87.53813934326172,1.0087919235229492,1.059401035308838
SB85916_component_127a,45.867418,-52.575902,85.27899932861328,334.4274597167969,45.867435455322266,-52.57588195800781,64.67342376708984,1.255617618560791,1.318609595298767
SB85916_component_132a,40.626615,-49.898439,81.50900268554688,212.81724548339844,40.62660598754883,-49.89846420288086,78.19139099121094,0.9926309585571289,1.0424293279647827
SB85916_component_133a,46.736071,-48.268549,85.9020004272461,427.3731384277344,46.73606872558594,-48.26853561401367,76.40155792236328,1.0706369876861572,1.124348759651184
SB85916_component_134a,45.397168,-51.508761,80.6709976196289,344.74786376953125,45.397159576416016,-51.50873565673828,81.18875885009766,0.946155846118927,0.9936227202415466
SB85916_component_136a,41.775454,-49.823407,79.37300109863281,330.7208557128906,41.77546310424805,-49.82342529296875,73.91378021240234,1.022559404373169,1.0738593339920044
SB85916_component_140a,45.612802,-48.139432,80.43599700927734,394.2940979003906,45.61278533935547,-48.13943099975586,71.15814971923828,1.076383352279663,1.1303834915161133
SB85916_component_148a,46.063928,-50.756266,76.80599975585938,389.878173828125,46.06393051147461,-50.756263732910156,73.9142074584961,0.989483118057251,1.0391236543655396
SB85916_component_149a,50.55916,-51.666316,74.89099884033203,296.0118713378906,50.559165954589844,-51.666297912597656,68.60775756835938,1.0394355058670044,1.0915820598602295
SB85916_component_153a,41.760802,-51.411187,77.84600067138672,278.02142333984375,41.76082992553711,-51.41118240356445,69.27190399169922,1.0700900554656982,1.123774528503418
SB85916_component_154a,45.559828,-46.151435,77.81600189208984,115.62556457519531,45.55988693237305,-46.151424407958984,73.12995147705078,1.013245701789856,1.064078450202942
SB85916_component_158a,48.607137,-51.075389,71.46299743652344,285.85198974609375,48.607112884521484,-51.07537841796875,99.36589813232422,0.6848335862159729,0.7191903591156006
SB85916_component_161a,51.607475,-51.88051,73.15799713134766,188.55152893066406,51.607547760009766,-51.88047409057617,80.85112762451172,0.8616222143173218,0.9048482179641724
SB85916_component_162a,50.178554,-51.403247,70.5790023803711,290.4485778808594,50.178585052490234,-51.40322494506836,63.20887756347656,1.0632578134536743,1.1165995597839355
SB85916_component_164a,42.617978,-52.717523,71.69300079345703,260.7018127441406,42.61802291870117,-52.71750259399414,62.29495620727539,1.095885157585144,1.1508636474609375
SB85916_component_167a,44.231503,-53.456885,71.38600158691406,174.11219787597656,44.23152542114258,-53.45691680908203,61.78904342651367,1.1001267433166504,1.1553181409835815
SB85916_component_170a,43.238851,-51.244966,69.64900207519531,309.5511169433594,43.2389030456543,-51.24497604370117,63.702701568603516,1.0411138534545898,1.0933445692062378
SB85916_component_171a,43.013528,-46.209637,65.51599884033203,71.36819458007812,43.01359939575195,-46.209537506103516,64.83514404296875,0.9622281789779663,1.0105012655258179
SB85916_component_172a,45.640406,-51.749454,70.01899719238281,246.54576110839844,45.64041519165039,-51.74943923950195,61.48155975341797,1.0844566822052002,1.1388617753982544
SB85916_component_173a,44.809207,-49.439594,69.8030014038086,403.4855651855469,44.809207916259766,-49.4395866394043,65.32897186279297,1.0174413919448853,1.0684846639633179
SB85916_component_176a,52.773277,-52.054741,71.21299743652344,54.527565002441406,52.77330780029297,-52.05466842651367,85.88032531738281,0.7895992994308472,0.8292120099067688
SB85916_component_177a,42.628757,-48.696437,69.34300231933594,327.0896301269531,42.628719329833984,-48.696434020996094,65.47901153564453,1.0084205865859985,1.0590111017227173
SB85916_component_183a,47.329865,-49.69588,65.01599884033203,353.3478088378906,47.329898834228516,-49.69587707519531,60.01834487915039,1.0315194129943848,1.0832687616348267
SB85916_component_186a,46.407446,-50.142891,67.30799865722656,328.3316955566406,46.40746307373047,-50.142887115478516,60.42072296142578,1.0607717037200928,1.1139886379241943
SB85916_component_190a,49.399659,-52.449752,67.28199768066406,315.8779296875,49.39964294433594,-52.44974136352539,61.60308074951172,1.0400103330612183,1.092185616493225
SB85916_component_193a,40.577812,-48.584073,68.41300201416016,139.6183624267578,40.57771301269531,-48.584110260009766,65.34143829345703,0.9969906806945801,1.0470079183578491
SB85916_component_194a,40.454295,-47.928545,67.00800323486328,78.74031066894531,40.454166412353516,-47.92853546142578,64.28534698486328,0.9925578832626343,1.0423526763916016
SB85916_component_203a,42.124855,-50.4729,61.645999908447266,259.0168151855469,42.124900817871094,-50.4729118347168,56.63762283325195,1.0364325046539307,1.0884284973144531
SB85916_component_204a,41.710231,-51.351798,59.5989990234375,198.00332641601562,41.710235595703125,-51.351783752441406,54.653480529785156,1.0383943319320679,1.0904886722564697
SB85916_component_205a,48.778462,-52.507511,59.22800064086914,262.07080078125,48.77848815917969,-52.50753402709961,53.18503952026367,1.0604220628738403,1.113621473312378
SB85916_component_215a,40.580014,-51.993943,62.2760009765625,133.3533172607422,40.580039978027344,-51.99396514892578,57.72267150878906,1.0273429155349731,1.0788828134536743
SB85916_component_216a,42.1599,-53.56916,59.62699890136719,93.75314331054688,42.159854888916016,-53.569149017333984,51.912681579589844,1.0937312841415405,1.148601770401001
SB85916_component_219a,42.951912,-51.637917,59.48899841308594,255.31759643554688,42.95195388793945,-51.63795471191406,58.452293395996094,0.9691171050071716,1.0177359580993652
SB85916_component_220a,45.683683,-51.701697,58.56999969482422,212.21014404296875,45.68369674682617,-51.701663970947266,53.35784149169922,1.0452451705932617,1.097683072090149
SB85916_component_221a,48.523357,-49.844447,58.68000030517578,283.478271484375,48.523441314697266,-49.844417572021484,54.63642120361328,1.0227018594741821,1.074008822441101
SB85916_component_225a,47.751622,-47.334714,55.645999908447266,278.22998046875,47.751583099365234,-47.334693908691406,47.79349899291992,1.108680248260498,1.164300560951233
SB85916_component_227a,52.689561,-51.321255,56.479000091552734,50.3826904296875,52.68976593017578,-51.32118606567383,57.84808349609375,0.9296922087669373,0.9763331413269043
SB85916_component_235a,51.915881,-52.684345,54.26900100708008,84.66303253173828,51.915958404541016,-52.68431091308594,53.4715461730957,0.9664296507835388,1.0149136781692505
SB85916_component_238a,45.370264,-52.851556,53.74300003051758,251.13551330566406,45.370304107666016,-52.85153579711914,48.444950103759766,1.0563663244247437,1.109362244606018
SB85916_component_242a,39.600262,-51.934905,56.722999572753906,40.200565338134766,39.60008239746094,-51.93491744995117,54.82822036743164,0.9851360321044922,1.0345584154129028
SB85916_component_260a,52.421922,-52.20949,49.279998779296875,57.90834045410156,52.42196273803711,-52.20950698852539,55.50653076171875,0.8454107642173767,0.8878234624862671
SB85916_component_261a,43.290728,-49.216474,48.83599853515625,266.8633728027344,43.29072189331055,-49.21648406982422,49.58989334106445,0.9377521872520447,0.9847974181175232
SB85916_component_263a,49.115141,-51.623611,49.55699920654297,220.2533416748047,49.11513137817383,-51.62360382080078,45.070430755615234,1.0470187664031982,1.0995457172393799
SB85916_component_272a,51.431764,-52.791472,50.40599822998047,110.29759216308594,51.4317741394043,-52.791419982910156,45.909446716308594,1.045493483543396,1.097943902015686
SB85916_component_275a,45.219106,-49.671869,46.4630012512207,265.50286865234375,45.219093322753906,-49.67186737060547,43.38394546508789,1.0198103189468384,1.070972204208374
SB85916_component_277a,44.084395,-46.47498,44.17300033569336,89.2383804321289,44.08443069458008,-46.47496795654297,43.868202209472656,0.9588446021080017,1.0069479942321777
SB85916_component_278a,40.196595,-49.871511,50.31800079345703,75.43928527832031,40.19663619995117,-49.871543884277344,46.59814453125,1.0282434225082397,1.0798283815383911
SB85916_component_279a,48.61747,-47.370043,50.018001556396484,191.6398468017578,48.61745834350586,-47.370059967041016,44.97389221191406,1.0590269565582275,1.1121563911437988
SB85916_component_281a,50.750001,-51.341845,45.25299835205078,165.1569366455078,50.75004196166992,-51.34185028076172,42.200138092041016,1.0211150646209717,1.0723423957824707
SB85916_component_283a,47.285363,-49.832025,46.65399932861328,234.44219970703125,47.28535842895508,-49.83201217651367,42.946590423583984,1.0344306230545044,1.086326003074646
SB85916_component_286a,48.224735,-47.507794,46.27299880981445,220.34762573242188,48.224735260009766,-47.507789611816406,42.02341079711914,1.0485219955444336,1.1011242866516113
SB85916_component_288a,40.18438,-48.336801,46.00699996948242,50.5571403503418,40.18421173095703,-48.33681869506836,46.13712692260742,0.949542760848999,0.9971795678138733
SB85916_component_291a,51.827192,-50.14539,44.2859992980957,90.56441497802734,51.827152252197266,-50.14535903930664,43.943485260009766,0.9596505165100098,1.0077943801879883
SB85916_component_292a,40.378984,-51.963877,45.117000579833984,76.59932708740234,40.37898254394531,-51.963890075683594,40.01533889770508,1.0736305713653564,1.1274926662445068
SB85916_component_293a,52.326087,-51.348118,44.7760009765625,55.69154357910156,52.326171875,-51.34809875488281,45.879886627197266,0.9293175339698792,0.9759396314620972
SB85916_component_296a,47.389662,-54.257512,47.18000030517578,163.8194580078125,47.389469146728516,-54.2575569152832,43.756229400634766,1.0267369747161865,1.0782464742660522
SB85916_component_298a,48.941978,-53.690473,45.034000396728516,80.99640655517578,48.941925048828125,-53.69052505493164,42.32807540893555,1.0131020545959473,1.063927412033081
SB85916_component_299a,42.919695,-50.55458,44.957000732421875,224.78500366210938,42.91972732543945,-50.554595947265625,40.780311584472656,1.0497549772262573,1.1024192571640015
SB85916_component_305a,41.968416,-48.950763,45.39099884033203,226.95498657226562,41.968353271484375,-48.950782775878906,42.4456901550293,1.018303632736206,1.069390058517456
SB85916_component_308a,44.534799,-46.787188,42.369998931884766,138.46405029296875,44.53483200073242,-46.78714370727539,39.33663558959961,1.0256576538085938,1.0771129131317139
SB85916_component_309a,50.774299,-48.426161,43.3390007019043,115.87967681884766,50.77428436279297,-48.426170349121094,39.720664978027344,1.0389713048934937,1.0910944938659668
SB85916_component_310a,52.322254,-50.676275,44.4739990234375,62.288516998291016,52.32234191894531,-50.67626953125,44.903900146484375,0.9431120753288269,0.9904261827468872
SB85916_component_324a,42.169965,-53.727794,42.974998474121094,55.308876037597656,42.17000198364258,-53.72782897949219,36.947731018066406,1.1075650453567505,1.1631295680999756
SB85916_component_325a,46.142034,-52.731723,41.928001403808594,212.83250427246094,46.14207458496094,-52.73175048828125,37.38710403442383,1.0678825378417969,1.121456265449524
SB85916_component_328a,41.006443,-50.95268,43.54899978637695,83.74807739257812,41.00632095336914,-50.95267105102539,39.34230041503906,1.0540461540222168,1.1069256067276
SB85916_component_329a,49.415797,-47.426039,40.76900100708008,172.75,49.41577911376953,-47.42606735229492,38.426116943359375,1.0102869272232056,1.0609711408615112
SB85916_component_331a,43.103699,-48.249132,42.83399963378906,193.81900024414062,43.10365676879883,-48.24911880493164,39.16810607910156,1.0413511991500854,1.0935938358306885
SB85916_component_337a,46.324682,-49.705789,38.70000076293945,209.18919372558594,46.324710845947266,-49.70575714111328,36.301910400390625,1.0151323080062866,1.0660595893859863
SB85916_component_340a,40.900699,-47.629536,37.972999572753906,60.756797790527344,40.900630950927734,-47.629478454589844,36.325592041015625,0.9954131245613098,1.0453511476516724
SB85916_component_347a,50.737779,-48.127822,38.867000579833984,119.22392272949219,50.737857818603516,-48.12786102294922,43.79773712158203,0.8450268507003784,0.8874202966690063
SB85916_component_348a,49.957862,-52.502299,37.53099822998047,168.30043029785156,49.95781707763672,-52.50227355957031,34.88467025756836,1.0244638919830322,1.0758593082427979
SB85916_component_351a,50.603909,-50.173351,35.645999908447266,124.20208740234375,50.6038818359375,-50.17336654663086,32.662689208984375,1.039202094078064,1.091336965560913
SB85916_component_357a,42.695798,-47.673832,35.68199920654297,151.83828735351562,42.69580078125,-47.67382049560547,32.62087631225586,1.0415849685668945,1.093839406967163
SB85916_component_360a,51.772882,-50.533675,35.183998107910156,81.4444351196289,51.772911071777344,-50.53364944458008,33.916873931884766,0.9878034591674805,1.0373597145080566
SB85916_component_361a,50.568464,-53.326284,37.73400115966797,82.20915222167969,50.56843948364258,-53.32628631591797,35.96847152709961,0.9989690780639648,1.0490854978561401
SB85916_component_362a,40.314775,-52.527137,40.446998596191406,60.64017868041992,40.31489181518555,-52.52713394165039,37.94881057739258,1.0149141550064087,1.0658304691314697
SB85916_component_368a,45.860343,-49.713805,36.51300048828125,201.7292938232422,45.86033248901367,-49.713775634765625,33.56189727783203,1.0359580516815186,1.0879302024841309
SB85916_component_371a,47.541812,-47.422425,36.196998596191406,202.21786499023438,47.541770935058594,-47.42238235473633,33.2154541015625,1.0377041101455688,1.0897637605667114
SB85916_component_372a,47.047013,-46.004611,37.375999450683594,44.92307662963867,47.04692077636719,-46.004600524902344,35.779075622558594,0.994729220867157,1.044632911682129
SB85916_component_373a,45.255755,-50.025483,36.03099822998047,209.4825439453125,45.25572204589844,-50.02549362182617,34.73549270629883,0.987743079662323,1.0372962951660156
SB85916_component_375a,44.929375,-52.523482,36.2869987487793,184.19796752929688,44.929386138916016,-52.52346420288086,32.05458068847656,1.077958583831787,1.132037878036499
SB85916_component_377a,48.489176,-49.429071,35.178001403808594,199.87501525878906,48.489234924316406,-49.42904281616211,32.74186325073242,1.023078441619873,1.0744043588638306
SB85916_component_378a,51.662785,-52.668577,34.75699996948242,69.65330505371094,51.66289520263672,-52.66853332519531,33.183902740478516,0.9973692297935486,1.047405481338501
SB85916_component_383a,41.985305,-47.801319,36.305999755859375,130.1290283203125,41.985252380371094,-47.8012809753418,35.086814880371094,0.9853162169456482,1.0347477197647095
SB85916_component_384a,41.803992,-50.227179,35.382999420166016,162.30734252929688,41.803993225097656,-50.22718048095703,32.62331008911133,1.0327799320220947,1.084592580795288
SB85916_component_390a,49.029678,-52.012921,34.7599983215332,172.07919311523438,49.02968215942383,-52.01293182373047,32.34355926513672,1.0233709812164307,1.074711561203003
SB85916_component_391a,51.299404,-48.026231,36.45000076293945,83.60092163085938,51.299320220947266,-48.02629470825195,33.097190856933594,1.0486911535263062,1.101301908493042
SB85916_component_392a,43.447365,-46.024806,35.01100158691406,26.86953353881836,43.44775390625,-46.02465057373047,35.05938720703125,0.9509142637252808,0.9986199140548706
SB85916_component_393a,43.020839,-49.93998,36.09199905395508,187.97915649414062,43.02088165283203,-49.93999481201172,33.44392013549805,1.0276256799697876,1.0791796445846558
SB85916_component_395a,42.971379,-53.721348,35.08300018310547,54.90297317504883,42.97145080566406,-53.72137451171875,30.72084617614746,1.0874384641647339,1.1419932842254639
SB85916_component_400a,47.185738,-46.463076,35.63800048828125,90.91326904296875,47.1856803894043,-46.463035583496094,33.48908996582031,1.0133305788040161,1.0641674995422363
SB85916_component_405a,42.855739,-53.494944,35.930999755859375,73.78028869628906,42.855804443359375,-53.49501419067383,31.33927345275879,1.0917458534240723,1.1465166807174683
SB85916_component_406a,47.705613,-46.390217,36.41699981689453,78.31613159179688,47.70554733276367,-46.390201568603516,39.600318908691406,0.8756824135780334,0.919613778591156
SB85916_component_411a,45.808047,-47.480024,33.275001525878906,195.7353057861328,45.80802536010742,-47.48001480102539,28.962677001953125,1.0940080881118774,1.1488925218582153
SB85916_component_414a,42.546551,-48.719944,34.952999114990234,177.4263916015625,42.546512603759766,-48.71996307373047,33.19538879394531,1.0026464462280273,1.0529474020004272
SB85916_component_417a,51.577831,-48.988469,33.30400085449219,74.33928680419922,51.57786178588867,-48.9884147644043,29.973190307617188,1.0580461025238037,1.1111263036727905
SB85916_component_419a,48.890474,-48.934889,32.80699920654297,160.03414916992188,48.89054870605469,-48.934837341308594,30.12201690673828,1.0371071100234985,1.0891368389129639
SB85916_component_423a,40.356608,-50.549814,31.493999481201172,55.54497528076172,40.35658645629883,-50.54985046386719,28.422658920288086,1.0551259517669678,1.1080595254898071
SB85916_component_424a,43.263698,-50.890809,32.6510009765625,145.76339721679688,43.26374435424805,-50.89081954956055,30.989137649536133,1.0032938718795776,1.0536272525787354
SB85916_component_426a,49.078982,-46.363428,35.76599884033203,64.21185302734375,49.078853607177734,-46.36343002319336,34.38814163208008,0.990382194519043,1.0400677919387817
SB85916_component_428a,47.457433,-49.31494,32.44599914550781,180.2555389404297,47.45747756958008,-49.31491470336914,30.0201358795166,1.0291759967803955,1.0808079242706299
SB85916_component_432a,47.595727,-50.867373,32.03099822998047,151.80567932128906,47.59575271606445,-50.86736297607422,28.581422805786133,1.0671557188034058,1.1206929683685303
SB85916_component_436a,45.91886,-52.700343,32.81800079345703,163.2736358642578,45.91886901855469,-52.70035934448242,28.36838722229004,1.1015865802764893,1.1568511724472046
SB85916_component_440a,50.419271,-51.658327,32.02399826049805,134.5546112060547,50.41929626464844,-51.658355712890625,30.370513916015625,1.0040713548660278,1.0544437170028687
SB85916_component_443a,42.735722,-47.184113,30.725000381469727,101.73841857910156,42.735774993896484,-47.18407440185547,29.223995208740234,1.0011368989944458,1.0513620376586914
SB85916_component_445a,41.561772,-49.897443,31.34000015258789,125.36000061035156,41.56171798706055,-49.8974723815918,28.34089469909668,1.0529956817626953,1.1058225631713867
SB85916_component_446a,42.844017,-47.789211,30.138999938964844,124.54132080078125,42.84402084350586,-47.78919982910156,28.526203155517578,1.006065011024475,1.056537389755249
SB85916_component_447a,46.360462,-48.656454,30.70599937438965,152.7661590576172,46.360450744628906,-48.6564826965332,28.01747703552246,1.0436031818389893,1.0959587097167969
SB85916_component_448a,48.898763,-52.723547,31.180999755859375,126.2388687133789,48.89873504638672,-52.72356414794922,28.188400268554688,1.0533210039138794,1.1061642169952393
SB85916_component_450a,51.989911,-50.91042,31.690000534057617,59.90548324584961,51.98991012573242,-50.91047668457031,24.956525802612305,1.209147572517395,1.2698081731796265
SB85916_component_454a,43.06643,-50.14579,32.000999450683594,164.95359802246094,43.06648254394531,-50.145774841308594,29.504804611206055,1.032789945602417,1.084602952003479
SB85916_component_456a,49.681089,-53.2936,29.593000411987305,85.28242492675781,49.68098068237305,-53.29360580444336,29.370052337646484,0.9594568610191345,1.0075910091400146
SB85916_component_457a,51.048924,-47.826351,32.08700180053711,80.4185562133789,51.04890441894531,-47.82639694213867,30.20511245727539,1.011555790901184,1.0623036623001099
SB85916_component_460a,49.400417,-50.222683,31.1200008392334,136.49122619628906,49.400482177734375,-50.2226448059082,26.922496795654297,1.1006910800933838,1.155910611152649
SB85916_component_461a,41.942106,-46.634686,31.277000427246094,50.0432014465332,41.942115783691406,-46.634674072265625,30.29033851623535,0.9832459092140198,1.0325734615325928
SB85916_component_463a,39.892379,-50.032353,32.683998107910156,32.48906326293945,39.8924446105957,-50.0324592590332,25.994314193725586,1.1972861289978027,1.2573517560958862
SB85916_component_464a,40.028028,-49.396553,30.524999618530273,42.21991729736328,40.0279426574707,-49.3967399597168,26.198396682739258,1.1094868183135986,1.1651476621627808
SB85916_component_468a,42.449173,-48.59129,28.804000854492188,133.9720916748047,42.44902801513672,-48.59127426147461,27.55107307434082,0.9955325722694397,1.0454765558242798
SB85916_component_471a,47.007325,-53.987335,32.78300094604492,50.513099670410156,47.00706481933594,-53.98728942871094,28.3913631439209,1.099521279335022,1.1546821594238281
SB85916_component_474a,44.803568,-52.553347,29.79599952697754,137.94444274902344,44.803585052490234,-52.55335235595703,27.14773178100586,1.0451186895370483,1.0975502729415894
SB85916_component_475a,43.573299,-48.177925,29.381000518798828,123.44957733154297,43.57332992553711,-48.177921295166016,27.13515853881836,1.0310397148132324,1.082764983177185
SB85916_component_476a,44.921172,-52.234102,29.736000061035156,124.41841125488281,44.921146392822266,-52.23408889770508,25.96090316772461,1.0906964540481567,1.1454147100448608
SB85916_component_479a,46.46984,-49.980419,29.886999130249023,138.36573791503906,46.46986389160156,-49.98043441772461,26.55392074584961,1.0717532634735107,1.125521183013916
SB85916_component_480a,39.714094,-51.11099,31.601999282836914,25.080951690673828,39.7140007019043,-51.11100387573242,28.20953941345215,1.0667427778244019,1.1202592849731445
SB85916_component_487a,47.578623,-51.605731,28.256999969482422,113.02799987792969,47.57865524291992,-51.605770111083984,26.30230140686035,1.022994875907898,1.0743166208267212
SB85916_component_489a,49.099776,-47.10857,30.711000442504883,112.4945068359375,49.09975051879883,-47.10856246948242,28.048574447631836,1.0426158905029297,1.0949219465255737
SB85916_component_492a,44.306684,-49.74338,30.211000442504883,185.3435516357422,44.306724548339844,-49.74341583251953,29.50555992126465,0.9749950766563416,1.0239087343215942
SB85916_component_494a,46.054168,-50.114094,28.06999969482422,148.51852416992188,46.0541877746582,-50.11408615112305,24.954370498657227,1.0711171627044678,1.1248530149459839
SB85916_component_495a,41.63842,-49.844028,27.302000045776367,119.22270965576172,41.6384391784668,-49.84404373168945,27.19272232055664,0.9560551047325134,1.0040186643600464
SB85916_component_496a,43.329403,-51.602744,28.03700065612793,122.43231964111328,43.32939147949219,-51.60273742675781,25.147930145263672,1.0616233348846436,1.1148830652236938
SB85916_component_497a,40.728228,-47.964816,28.20599937438965,46.391448974609375,40.72815704345703,-47.96483612060547,27.817277908325195,0.965535044670105,1.0139740705490112
SB85916_component_501a,43.210661,-49.935944,29.062999725341797,152.1623077392578,43.2106819152832,-49.935943603515625,27.29023551940918,1.0140849351882935,1.0649596452713013
SB85916_component_503a,42.084809,-48.070994,27.663000106811523,116.23108673095703,42.08472442626953,-48.070987701416016,25.69735336303711,1.0250664949417114,1.076492190361023
SB85916_component_507a,40.726538,-51.501418,28.207000732421875,54.24423599243164,40.72648620605469,-51.501426696777344,26.55959129333496,1.0112922191619873,1.062026858329773
SB85916_component_510a,49.412198,-51.27489,27.7810001373291,123.47111511230469,49.41228485107422,-51.274845123291016,22.537158966064453,1.1737885475158691,1.232675313949585
SB85916_component_511a,47.328881,-52.870214,28.086999893188477,143.301025390625,47.32892608642578,-52.87021255493164,24.727495193481445,1.0815993547439575,1.1358611583709717
SB85916_component_512a,51.091371,-48.508067,31.16900062561035,88.54829406738281,51.091346740722656,-48.50809097290039,29.201208114624023,1.0163966417312622,1.067387342453003
SB85916_component_514a,42.057826,-49.080018,27.722999572753906,139.31155395507812,42.05778503417969,-49.080047607421875,26.923490524291992,0.9805054664611816,1.0296956300735474
SB85916_component_517a,47.462497,-50.984665,27.047000885009766,122.3846206665039,47.4625358581543,-50.98465347290039,23.99388885498047,1.0733952522277832,1.1272454261779785
SB85916_component_523a,40.719505,-48.276167,29.464000701904297,54.76580047607422,40.719356536865234,-48.27618408203125,28.35819435119629,0.9893599152565002,1.0389941930770874
SB85916_component_525a,40.912617,-52.631683,26.222000122070312,55.4376335144043,40.912628173828125,-52.631656646728516,24.865585327148438,1.004172444343567,1.0545499324798584
SB85916_component_527a,52.514896,-52.284114,28.770999908447266,30.285263061523438,52.51500701904297,-52.28418731689453,29.299821853637695,0.9350420236587524,0.9819513559341431
SB85916_component_529a,50.746229,-53.597751,27.929000854492188,37.13962936401367,50.746273040771484,-53.59782409667969,26.545087814331055,1.0018724203109741,1.052134394645691
SB85916_component_532a,47.662273,-50.464424,26.17099952697754,127.66341400146484,47.66226577758789,-50.46442413330078,24.2161808013916,1.0290958881378174,1.0807236433029175
SB85916_component_533a,48.130268,-51.34574,27.795000076293945,116.78571319580078,48.13032531738281,-51.34574890136719,25.457775115966797,1.039650559425354,1.0918079614639282
SB85916_component_536a,46.299109,-46.796421,27.243999481201172,102.0374526977539,46.29914474487305,-46.79638671875,26.124893188476562,0.9930189251899719,1.0428367853164673
SB85916_component_538a,45.222169,-49.697039,25.952999114990234,149.15516662597656,45.22220230102539,-49.69707489013672,27.54137420654297,0.897311270236969,0.9423276782035828
SB85916_component_541a,42.85207,-49.91478,27.229999542236328,153.841796875,42.85206604003906,-49.9148063659668,25.61151123046875,1.0124033689498901,1.0631937980651855
SB85916_component_542a,42.366069,-48.442958,26.173999786376953,118.97272491455078,42.365989685058594,-48.442962646484375,23.817869186401367,1.0464255809783936,1.098922848701477
SB85916_component_545a,42.003492,-53.737841,27.459999084472656,33.859432220458984,42.003570556640625,-53.737918853759766,22.985828399658203,1.1375788450241089,1.19464910030365
SB85916_component_547a,46.289072,-46.40992,24.82200050354004,60.98771667480469,46.289066314697266,-46.40987777709961,24.078733444213867,0.981622040271759,1.0308681726455688
SB85916_component_551a,48.114266,-50.348496,25.176000595092773,125.8800048828125,48.114280700683594,-50.34849166870117,23.254789352416992,1.0308974981307983,1.0826157331466675
SB85916_component_552a,50.92911,-47.385668,28.340999603271484,51.249549865722656,50.929264068603516,-47.38570022583008,24.957422256469727,1.081325888633728,1.1355739831924438
SB85916_component_554a,45.444272,-47.255651,24.54199981689453,129.16842651367188,45.444271087646484,-47.25564193725586,23.41631317138672,0.998004674911499,1.0480726957321167
SB85916_component_564a,44.838794,-48.530701,26.520999908447266,143.35675048828125,44.838741302490234,-48.530643463134766,21.104215621948242,1.196635365486145,1.2566683292388916
SB85916_component_565a,45.727049,-48.398717,25.076000213623047,134.81719970703125,45.72706985473633,-48.398704528808594,21.254539489746094,1.1234345436096191,1.1797950267791748
SB85916_component_567a,46.629874,-51.265204,24.878000259399414,86.98600769042969,46.629825592041016,-51.26522445678711,23.1074161529541,1.025192141532898,1.0766240358352661
SB85916_component_573a,46.537873,-49.272886,26.7189998626709,158.1005859375,46.53786849975586,-49.27287292480469,23.903722763061523,1.064377784729004,1.1177756786346436
SB85916_component_574a,46.988372,-49.113496,24.91900062561035,150.11447143554688,46.988338470458984,-49.11343765258789,23.11309814453125,1.0266292095184326,1.0781333446502686
SB85916_component_575a,43.89231,-48.224426,24.476999282836914,61.19249725341797,43.89228057861328,-48.22441482543945,23.480066299438477,0.9926589131355286,1.0424586534500122
SB85916_component_576a,39.669493,-50.524724,25.288999557495117,68.72010803222656,39.66936111450195,-50.52460479736328,24.67535972595215,0.9759089946746826,1.0248684883117676
SB85916_component_577a,47.320925,-48.447554,24.149999618530273,130.54054260253906,47.32094192504883,-48.44752502441406,24.324108123779297,0.9454125761985779,0.9928421378135681
SB85916_component_583a,52.037695,-48.750614,22.915000915527344,30.635026931762695,52.03778076171875,-48.75056076049805,25.002714157104492,0.8727179169654846,0.9165005087852478
SB85916_component_588a,49.381222,-46.247124,25.03499984741211,29.452939987182617,49.38117599487305,-46.2471809387207,25.913476943969727,0.9199475646018982,0.9660996198654175
SB85916_component_592a,45.152702,-53.593564,24.5939998626709,63.3865966796875,45.15270233154297,-53.593536376953125,21.945117950439453,1.0671671628952026,1.1207048892974854
SB85916_component_594a,42.147022,-53.272128,23.145999908447266,58.15577697753906,42.14710235595703,-53.272132873535156,19.899438858032227,1.1075830459594727,1.1631484031677246
SB85916_component_595a,39.871764,-49.438924,24.780000686645508,24.60774803161621,39.87188720703125,-49.438968658447266,22.895729064941406,1.0305949449539185,1.082297921180725
SB85916_component_597a,47.309723,-46.321571,25.20199966430664,50.505008697509766,47.30971908569336,-46.32155990600586,24.852590560913086,0.9656161665916443,1.01405930519104
SB85916_component_599a,42.20952,-54.044166,22.63599967956543,17.412307739257812,42.209659576416016,-54.04435348510742,22.326480865478516,0.9654295444488525,1.0138633251190186
SB85916_component_602a,40.108618,-51.267617,23.996000289916992,28.397632598876953,40.108924865722656,-51.267677307128906,21.621557235717773,1.0568006038665771,1.1098183393478394
SB85916_component_603a,45.268328,-51.697081,23.118000030517578,66.43103790283203,45.268306732177734,-51.69709396362305,24.612211227416992,0.8944185376167297,0.9392898678779602
SB85916_component_605a,48.064898,-48.641629,22.649999618530273,127.24718475341797,48.064945220947266,-48.64158630371094,20.585697174072266,1.047716498374939,1.1002784967422485
SB85916_component_609a,43.245617,-49.500547,22.829999923706055,123.40540313720703,43.24568557739258,-49.50055694580078,22.768503189086914,0.9548003673553467,1.002700924873352
SB85916_component_611a,50.514042,-48.68641,22.322999954223633,79.15957641601562,50.514007568359375,-48.686431884765625,18.42237663269043,1.1538466215133667,1.2117328643798828
SB85916_component_612a,52.023725,-48.711625,23.8700008392334,30.10088348388672,52.02373123168945,-48.71154022216797,21.294435501098633,1.0674006938934326,1.1209501028060913
SB85916_component_613a,46.462401,-51.580222,22.22100067138672,82.29999542236328,46.46242904663086,-51.58020782470703,20.606014251708984,1.026858925819397,1.0783745050430298
SB85916_component_614a,49.245695,-48.396257,22.44300079345703,112.77890014648438,49.2457275390625,-48.39626693725586,18.291250228881836,1.168365478515625,1.2269800901412964
SB85916_component_615a,44.704956,-53.537173,22.3799991607666,59.679996490478516,44.70503616333008,-53.53725814819336,22.261430740356445,0.9573002457618713,1.0053261518478394
SB85916_component_616a,42.725094,-47.753093,22.250999450683594,103.97663116455078,42.72514724731445,-47.75308609008789,23.833866119384766,0.8889886140823364,0.9335874915122986
SB85916_component_623a,49.149119,-51.248851,21.565000534057617,92.55364990234375,49.14908981323242,-51.24880599975586,19.92198371887207,1.0307612419128418,1.082472562789917
SB85916_component_626a,44.737706,-47.727106,23.518999099731445,122.49478912353516,44.737674713134766,-47.72709274291992,20.707345962524414,1.0815224647521973,1.1357804536819458
SB85916_component_632a,45.329817,-53.37505,21.791000366210938,71.4458999633789,45.32985305786133,-53.37504196166992,19.783348083496094,1.0488624572753906,1.1014819145202637
SB85916_component_636a,44.935818,-50.089193,21.374000549316406,125.72941589355469,44.93585205078125,-50.08919906616211,20.56723976135254,0.9895801544189453,1.0392255783081055
SB85916_component_638a,51.268316,-48.644077,21.35700035095215,51.21582794189453,51.26823806762695,-48.64408874511719,19.033859252929688,1.068450927734375,1.1220530271530151
SB85916_component_639a,42.43722,-46.373047,20.91699981689453,26.816667556762695,42.43718719482422,-46.37305450439453,20.421916961669922,0.975313127040863,1.0242427587509155
SB85916_component_640a,46.627444,-52.229854,21.885000228881836,113.984375,46.62748718261719,-52.2298698425293,19.814685821533203,1.0517209768295288,1.1044838428497314
SB85916_component_642a,44.609421,-51.416377,21.236000061035156,88.11618041992188,44.609474182128906,-51.416358947753906,19.680959701538086,1.0274664163589478,1.079012393951416
SB85916_component_643a,42.173081,-49.245353,21.006000518798828,111.14286041259766,42.17304992675781,-49.24534606933594,21.160274505615234,0.9452860355377197,0.9927092790603638
SB85916_component_650a,45.823984,-49.307897,20.9689998626709,128.6441650390625,45.82406997680664,-49.30787658691406,18.91229820251465,1.0557827949523926,1.1087493896484375
SB85916_component_653a,42.711062,-48.495707,21.774999618530273,102.23004913330078,42.710975646972656,-48.4957389831543,20.201017379760742,1.026422381401062,1.0779160261154175
SB85916_component_654a,42.781713,-51.391427,20.224000930786133,98.6536636352539,42.781776428222656,-51.391380310058594,20.523866653442383,0.9383158683776855,0.9853894114494324
SB85916_component_662a,49.266855,-51.061248,20.900999069213867,96.3179702758789,49.26679229736328,-51.06124496459961,19.016395568847656,1.046598196029663,1.0991041660308838
SB85916_component_663a,47.115359,-46.132293,21.253000259399414,30.36142921447754,47.115413665771484,-46.132286071777344,21.586362838745117,0.9375230669975281,0.9845567941665649
SB85916_component_666a,48.805573,-50.039817,20.857999801635742,91.08296966552734,48.80568313598633,-50.03981399536133,18.920957565307617,1.049713373184204,1.1023755073547363
SB85916_component_668a,48.268076,-49.971689,19.31100082397461,96.55500030517578,48.268043518066406,-49.971649169921875,17.917072296142578,1.0263108015060425,1.077798843383789
SB85916_component_670a,51.266292,-50.321082,18.617000579833984,50.452579498291016,51.266326904296875,-50.321083068847656,17.41537094116211,1.017930507659912,1.0689982175827026
SB85916_component_671a,51.815926,-52.784736,20.58300018310547,34.886444091796875,51.81619644165039,-52.7846794128418,20.813995361328125,0.9416605830192566,0.9889019131660461
SB85916_component_672a,50.231984,-49.624723,18.83799934387207,81.19827270507812,50.23194122314453,-49.62465286254883,17.364749908447266,1.0330169200897217,1.0848413705825806
SB85916_component_677a,50.697734,-50.827934,18.722999572753906,73.71259307861328,50.697784423828125,-50.827880859375,16.272377014160156,1.0956342220306396,1.1506001949310303
SB85916_component_678a,52.257745,-52.451751,19.941999435424805,22.108646392822266,52.258056640625,-52.4516716003418,18.30953598022461,1.0371284484863281,1.0891592502593994
SB85916_component_680a,49.770267,-53.396631,21.226999282836914,55.27864456176758,49.770015716552734,-53.39664077758789,20.87466049194336,0.9683009386062622,1.0168787240982056
SB85916_component_685a,45.194674,-54.15666,20.798999786376953,22.656862258911133,45.194610595703125,-54.15669250488281,18.206274032592773,1.0878338813781738,1.1424083709716797
SB85916_component_686a,48.002189,-52.574842,19.430999755859375,96.19306182861328,48.00229263305664,-52.57489013671875,18.93351936340332,0.9772483706474304,1.0262751579284668
SB85916_component_688a,40.919977,-52.951506,20.365999221801758,28.603931427001953,40.92006301879883,-52.951419830322266,19.09217071533203,1.015761137008667,1.066719889640808
SB85916_component_691a,43.386746,-50.468646,20.507999420166016,113.9333267211914,43.386741638183594,-50.46861267089844,18.63158416748047,1.0481288433074951,1.1007115840911865
SB85916_component_692a,48.545334,-48.274484,19.62700080871582,87.62053680419922,48.545387268066406,-48.274471282958984,22.44328498840332,0.8327386379241943,0.8745155334472656
SB85916_component_696a,43.135148,-45.935738,19.941999435424805,12.078740119934082,43.135520935058594,-45.93587112426758,22.555063247680664,0.8419102430343628,0.8841473460197449
SB85916_component_698a,46.63906,-46.085957,19.81399917602539,26.6317195892334,46.63909149169922,-46.08580780029297,18.205968856811523,1.036333441734314,1.0883243083953857
SB85916_component_699a,45.306911,-47.583818,19.61400032043457,109.5754165649414,45.30693817138672,-47.583839416503906,17.858356475830078,1.0458414554595947,1.0983093976974487
SB85916_component_700a,39.970041,-52.380757,17.974000930786133,19.515745162963867,39.96983337402344,-52.380699157714844,17.7333984375,0.9651481509208679,1.0135678052902222
SB85916_component_702a,47.83479,-49.78414,19.448999404907227,115.76785278320312,47.834861755371094,-49.78419494628906,18.59742546081543,0.9958308935165405,1.0457898378372192
SB85916_component_703a,43.665239,-49.456619,19.097000122070312,107.28651428222656,43.66526412963867,-49.456634521484375,18.611278533935547,0.9770799875259399,1.0260982513427734
SB85916_component_706a,50.564353,-51.451873,20.01799964904785,74.4163589477539,50.5643310546875,-51.45179748535156,17.347593307495117,1.0988099575042725,1.1539353132247925
SB85916_component_710a,51.481586,-48.200478,20.541000366210938,40.836978912353516,51.481666564941406,-48.20045471191406,18.59867286682129,1.0516732931137085,1.1044336557388306
SB85916_component_711a,40.113919,-49.061996,19.45599937438965,27.480224609375,40.11382293701172,-49.06204605102539,17.681520462036133,1.0477920770645142,1.1003577709197998
SB85916_component_713a,46.953604,-47.572077,18.452999114990234,100.8360595703125,46.95354461669922,-47.572025299072266,16.798702239990234,1.046001672744751,1.0984776020050049
SB85916_component_717a,42.399264,-48.743895,18.679000854492188,93.39500427246094,42.39927291870117,-48.74394226074219,17.004362106323242,1.046006679534912,1.0984828472137451
SB85916_component_718a,48.554085,-53.938422,19.083999633789062,23.97487449645996,48.55397415161133,-53.9383544921875,18.829505920410156,0.96509850025177,1.0135157108306885
SB85916_component_719a,47.340143,-49.988853,18.757999420166016,104.21110534667969,47.34016799926758,-49.988853454589844,17.451820373535156,1.0234979391098022,1.0748448371887207
SB85916_component_723a,49.237583,-47.400653,19.089000701904297,88.78604888916016,49.237491607666016,-47.40064239501953,16.871814727783203,1.077364206314087,1.1314135789871216
SB85916_component_724a,47.875666,-48.700219,17.878000259399414,103.34104919433594,47.87578582763672,-48.70014190673828,20.205299377441406,0.8425483107566833,0.884817361831665
SB85916_component_725a,43.549967,-52.565659,18.030000686645508,74.81327819824219,43.54997253417969,-52.565650939941406,16.80435562133789,1.0216803550720215,1.0729361772537231
SB85916_component_727a,43.04521,-45.940088,16.4689998626709,10.523322105407715,43.04553985595703,-45.94029235839844,19.426509857177734,0.807260274887085,0.8477590680122375
SB85916_component_730a,46.829278,-49.2059,18.308000564575195,106.44185638427734,46.82925033569336,-49.20582580566406,15.13077449798584,1.1521815061569214,1.2099844217300415
SB85916_component_732a,52.179917,-47.661786,19.70199966430664,15.167051315307617,52.18031311035156,-47.662052154541016,37.518795013427734,0.5000374913215637,0.5251234769821167
SB85916_component_734a,49.539949,-51.878171,18.371999740600586,95.19170379638672,49.53992462158203,-51.878173828125,16.843017578125,1.038670301437378,1.0907783508300781
SB85916_component_735a,45.735446,-48.307665,18.590999603271484,103.2833251953125,45.735469818115234,-48.307621002197266,16.612327575683594,1.0656472444534302,1.1191086769104004
SB85916_component_736a,40.216403,-52.790063,19.649999618530273,21.428571701049805,40.216552734375,-52.79011535644531,16.860910415649414,1.1097437143325806,1.1654174327850342
SB85916_component_746a,42.622797,-46.655386,16.760000228881836,37.494407653808594,42.62302017211914,-46.65532684326172,16.71609878540039,0.9547293186187744,1.0026262998580933
SB85916_component_748a,50.309691,-49.057406,17.349000930786133,64.97753143310547,50.30965805053711,-49.057376861572266,15.519083023071289,1.064509630203247,1.117914080619812
SB85916_component_749a,43.702792,-49.768258,18.020000457763672,99.01099395751953,43.70286178588867,-49.76826858520508,17.718496322631836,0.9684318900108337,1.0170162916183472
SB85916_component_753a,43.828467,-47.428017,17.038000106811523,73.43965911865234,43.82843780517578,-47.42800521850586,14.705288887023926,1.1032812595367432,1.1586307287216187
SB85916_component_755a,40.541445,-51.204365,18.636999130249023,25.01610565185547,40.541412353515625,-51.20427322387695,15.236736297607422,1.1647298336029053,1.2231621742248535
SB85916_component_758a,41.522646,-50.060528,17.92099952697754,79.64888763427734,41.52259063720703,-50.060516357421875,16.614871978759766,1.0270850658416748,1.078611969947815
SB85916_component_759a,43.594403,-53.810045,18.30299949645996,26.259681701660156,43.59451675415039,-53.81023406982422,16.79568099975586,1.0376856327056885,1.0897444486618042
SB85916_component_761a,49.34238,-48.038553,17.951000213623047,93.01036071777344,49.342430114746094,-48.03861618041992,16.24606704711914,1.0521594285964966,1.1049443483352661
SB85916_component_765a,41.965871,-50.263757,16.893999099731445,79.68867492675781,41.96588134765625,-50.26377487182617,16.864362716674805,0.9539018273353577,1.0017573833465576
SB85916_component_766a,47.025833,-48.195081,17.0,94.97206115722656,47.025794982910156,-48.19501495361328,15.440958023071289,1.0483731031417847,1.1009680032730103
SB85916_component_768a,43.483802,-49.898517,17.292999267578125,93.47566986083984,43.48384475708008,-49.898563385009766,16.395658493041992,1.0043442249298096,1.0547304153442383
SB85916_component_771a,48.582121,-48.399953,18.097000122070312,89.58910369873047,48.582069396972656,-48.39998245239258,15.44095516204834,1.116024136543274,1.1720130443572998
SB85916_component_775a,41.966462,-53.304978,17.131999969482422,42.197044372558594,41.966575622558594,-53.30510330200195,15.84695053100586,1.0294458866119385,1.081091284751892
SB85916_component_776a,44.126508,-49.220806,17.450000762939453,86.38613891601562,44.126487731933594,-49.2208137512207,15.993734359741211,1.038931131362915,1.0910522937774658
SB85916_component_779a,47.228462,-49.053816,16.716999053955078,103.83229064941406,47.228477478027344,-49.05381393432617,14.745439529418945,1.0795475244522095,1.1337064504623413
SB85916_component_782a,46.038191,-47.074399,18.152000427246094,86.85167694091797,46.03825378417969,-47.07439041137695,16.95777130126953,1.0192879438400269,1.0704237222671509
SB85916_component_783a,50.485026,-51.868668,17.107999801635742,78.83871459960938,50.4849853515625,-51.868595123291016,17.236377716064453,0.9451361894607544,0.9925519227981567
SB85916_component_784a,44.898339,-54.1887,17.906999588012695,18.809873580932617,44.89827346801758,-54.18873596191406,13.076478004455566,1.30398690700531,1.3694053888320923
SB85916_component_792a,50.619319,-53.338567,17.70199966430664,38.23326110839844,50.619380950927734,-53.338531494140625,15.845924377441406,1.063765525817871,1.1171326637268066
SB85916_component_795a,47.947745,-54.195817,16.070999145507812,16.200603485107422,47.94707107543945,-54.19600296020508,17.27210235595703,0.886010468006134,0.9304599165916443
SB85916_component_797a,48.660637,-47.390974,16.858999252319336,67.9798355102539,48.660579681396484,-47.391014099121094,15.374168395996094,1.0441943407058716,1.0965795516967773
SB85916_component_803a,45.050424,-47.933706,16.547000885009766,85.29381561279297,45.0504150390625,-47.93363952636719,14.380411148071289,1.0956937074661255,1.1506625413894653
SB85916_component_805a,49.79065,-48.556561,17.849000930786133,59.496665954589844,49.7906608581543,-48.55659866333008,15.249983787536621,1.1145144701004028,1.1704275608062744
SB85916_component_810a,46.918958,-47.772686,16.30500030517578,94.7965087890625,46.91896438598633,-47.77271270751953,15.037616729736328,1.0324831008911133,1.0842808485031128
SB85916_component_813a,47.644695,-50.275352,15.527000427246094,82.5904312133789,47.64470672607422,-50.27524948120117,9.739468574523926,1.5180758237838745,1.594234824180603
SB85916_component_815a,43.196665,-49.174015,16.382999420166016,92.03932189941406,43.196720123291016,-49.17401885986328,17.102453231811523,0.9121708273887634,0.957932710647583
SB85916_component_817a,43.793861,-53.987771,16.972999572753906,19.57670021057129,43.7938346862793,-53.987754821777344,14.995474815368652,1.077803373336792,1.1318747997283936
SB85916_component_818a,42.26037,-53.688187,17.488000869750977,27.282373428344727,42.260406494140625,-53.68819808959961,15.35804557800293,1.084289789199829,1.1386866569519043
SB85916_component_821a,46.895685,-48.036676,15.5600004196167,83.20855712890625,46.89566421508789,-48.03666687011719,13.804769515991211,1.0733011960983276,1.1271467208862305
SB85916_component_822a,42.749694,-53.182227,16.131000518798828,48.44144058227539,42.74979782104492,-53.18217086791992,13.697789192199707,1.121377944946289,1.1776353120803833
SB85916_component_823a,42.77418,-52.595951,15.579000473022461,58.13059616088867,42.7744026184082,-52.59598922729492,15.556782722473145,0.9535884857177734,1.0014281272888184
SB85916_component_826a,50.892503,-52.417422,15.713000297546387,40.91926956176758,50.892486572265625,-52.4174919128418,15.598173141479492,0.9592383503913879,1.0073615312576294
SB85916_component_828a,43.258183,-51.664563,15.767000198364258,74.37264251708984,43.25825881958008,-51.66453552246094,12.939690589904785,1.1602894067764282,1.2184990644454956
SB85916_component_829a,45.823682,-46.757644,15.909000396728516,53.74662399291992,45.82369613647461,-46.75760269165039,15.788623809814453,0.9594885110855103,1.0076242685317993
SB85916_component_831a,44.415834,-47.273183,15.331000328063965,67.53744506835938,44.41594696044922,-47.27314376831055,14.531068801879883,1.0046484470367432,1.0550497770309448
SB85916_component_833a,47.869629,-51.834455,15.788000106811523,79.73737335205078,47.869598388671875,-51.834468841552734,14.51822280883789,1.0355112552642822,1.0874608755111694
SB85916_component_835a,44.939455,-51.116198,15.753999710083008,88.01116943359375,44.93947219848633,-51.11614990234375,14.435469627380371,1.039204716682434,1.0913395881652832
SB85916_component_836a,40.717015,-47.75281,13.22599983215332,19.829084396362305,40.71677780151367,-47.752891540527344,11.177035331726074,1.126790165901184,1.183319091796875
SB85916_component_838a,48.342009,-51.624772,15.430000305175781,55.10714340209961,48.342037200927734,-51.624752044677734,14.518876075744629,1.0119850635528564,1.062754511833191
SB85916_component_841a,44.013008,-50.61471,15.307999610900879,89.52046203613281,44.01304626464844,-50.61473846435547,14.541377067565918,1.0024300813674927,1.052720069885254
SB85916_component_844a,43.453351,-46.893652,14.626999855041504,43.79341506958008,43.4534797668457,-46.89362716674805,14.315288543701172,0.9729629755020142,1.0217747688293457
SB85916_component_846a,44.581013,-50.603873,15.378000259399414,88.89017486572266,44.58110809326172,-50.60382843017578,14.03160572052002,1.043599009513855,1.095954418182373
SB85916_component_854a,51.056292,-49.745617,14.640000343322754,49.795921325683594,51.0562858581543,-49.74550247192383,13.404816627502441,1.0399713516235352,1.0921447277069092
SB85916_component_855a,45.392787,-51.573309,15.991000175476074,55.52430725097656,45.39284133911133,-51.57333755493164,13.465746879577637,1.1308014392852783,1.187531590461731
SB85916_component_856a,49.613162,-51.949001,14.835000038146973,69.0,49.61313247680664,-51.94904327392578,13.642770767211914,1.03544282913208,1.0873891115188599
SB85916_component_857a,41.838795,-51.647101,15.784000396728516,68.62609100341797,41.838829040527344,-51.64714050292969,14.020242691040039,1.0720195770263672,1.1258008480072021
SB85916_component_860a,48.279932,-47.736582,15.815999984741211,72.55046081542969,48.27988052368164,-47.73656463623047,15.347330093383789,0.9813072085380554,1.0305376052856445
SB85916_component_861a,41.610438,-52.207598,15.199999809265137,61.0441780090332,41.610496520996094,-52.20758056640625,13.92699146270752,1.039267659187317,1.0914058685302734
SB85916_component_863a,51.408949,-52.244021,15.571000099182129,45.39650344848633,51.40899658203125,-52.24396896362305,13.932466506958008,1.0642156600952148,1.117605447769165
SB85916_component_864a,43.62721,-48.770068,15.105999946594238,68.35294342041016,43.627197265625,-48.77006149291992,15.272173881530762,0.9418674111366272,0.9891191720962524
SB85916_component_867a,43.943106,-52.382443,15.008000373840332,56.848487854003906,43.943111419677734,-52.382469177246094,13.976873397827148,1.0224779844284058,1.073773741722107
SB85916_component_872a,48.149722,-49.631023,14.72700023651123,77.1047134399414,48.1497802734375,-49.63093948364258,13.995020866394043,1.00203275680542,1.0523028373718262
SB85916_component_876a,43.793269,-52.900131,15.946000099182129,48.32120895385742,43.7932243347168,-52.899940490722656,13.119526863098145,1.157376766204834,1.2154401540756226
SB85916_component_877a,48.06494,-52.812732,14.791999816894531,65.74222564697266,48.06488800048828,-52.81270980834961,13.546387672424316,1.0397874116897583,1.091951608657837
SB85916_component_880a,42.266282,-49.520235,14.572999954223633,72.14356231689453,42.26630401611328,-49.520225524902344,17.875816345214844,0.7762904763221741,0.8152354955673218
SB85916_component_882a,42.46864,-47.201317,14.493000030517578,48.14950180053711,42.46865463256836,-47.201271057128906,14.272669792175293,0.966928243637085,1.0154372453689575
SB85916_component_883a,52.22379,-50.268639,15.567000389099121,20.591270446777344,52.22380065917969,-50.2686882019043,14.079798698425293,1.0528091192245483,1.1056265830993652
SB85916_component_884a,40.575047,-48.398244,16.142000198364258,29.94805335998535,40.57504653930664,-48.39832305908203,15.9452486038208,0.9639782309532166,1.0123392343521118
SB85916_component_885a,44.356519,-46.820583,13.854999542236328,45.57565689086914,44.356632232666016,-46.82046890258789,13.664468765258789,0.9655058979988098,1.0139435529708862
SB85916_component_888a,42.429567,-49.762421,14.380999565124512,81.24858093261719,42.42966842651367,-49.762451171875,16.19255828857422,0.8456969857215881,0.8881239891052246
SB85916_component_889a,51.094481,-51.38975,13.977999687194824,48.36677932739258,51.09453201293945,-51.389801025390625,12.651388168334961,1.0520782470703125,1.1048589944839478
SB85916_component_894a,48.999204,-49.093176,13.743000030517578,72.33158111572266,48.99923324584961,-49.0931396484375,12.5180082321167,1.0454119443893433,1.0978583097457886
SB85916_component_899a,42.421513,-46.159092,14.418999671936035,13.277164459228516,42.421749114990234,-46.159080505371094,15.065001487731934,0.9113959670066833,0.9571190476417542
SB85916_component_904a,43.066087,-47.678294,14.29800033569336,60.3291130065918,43.06599044799805,-47.67829132080078,13.690864562988281,0.9944560527801514,1.0443460941314697
SB85916_component_910a,52.723626,-51.353801,14.277999877929688,13.68935775756836,52.72367477416992,-51.35364532470703,11.32728099822998,1.200280785560608,1.2604966163635254
SB85916_component_911a,48.180368,-51.054368,14.46500015258789,49.200679779052734,48.18034744262695,-51.05439376831055,12.438009262084961,1.1074106693267822,1.1629674434661865
SB85916_component_913a,42.842037,-46.210312,13.553999900817871,15.12723159790039,42.842288970947266,-46.21015548706055,12.743379592895508,1.012800693511963,1.0636111497879028
SB85916_component_914a,49.942317,-48.157342,14.67300033569336,60.13524627685547,49.9423713684082,-48.15741729736328,13.839618682861328,1.0095689296722412,1.0602171421051025
SB85916_component_917a,50.617805,-50.761269,14.229999542236328,56.91999816894531,50.617835998535156,-50.761268615722656,12.869794845581055,1.052869200706482,1.1056896448135376
SB85916_component_922a,45.577889,-47.841253,14.036999702453613,78.41899108886719,45.57787322998047,-47.84126281738281,12.556918144226074,1.064467430114746,1.1178698539733887
SB85916_component_923a,46.472185,-47.435806,14.539999961853027,83.56321716308594,46.47216033935547,-47.435829162597656,13.294962882995605,1.0414021015167236,1.0936472415924072
SB85916_component_926a,42.613949,-53.508868,15.414999961853027,32.79787063598633,42.61391067504883,-53.5087890625,13.636305809020996,1.0764354467391968,1.1304380893707275
SB85916_component_928a,41.385564,-49.216058,14.038000106811523,60.50862121582031,41.385433197021484,-49.21601104736328,12.971161842346191,1.0305463075637817,1.0822468996047974
SB85916_component_930a,43.359267,-52.727305,13.642999649047852,51.67802810668945,43.35929489135742,-52.72732925415039,12.850874900817871,1.0109236240386963,1.0616397857666016
SB85916_component_931a,46.77262,-53.426386,14.052000045776367,46.0721321105957,46.77250289916992,-53.42633819580078,14.764492988586426,0.9062766432762146,0.9517428278923035
SB85916_component_932a,50.039657,-47.872312,14.071999549865723,60.65517044067383,50.03965377807617,-47.87245559692383,15.913339614868164,0.8420457243919373,0.8842895030975342
SB85916_component_933a,43.928346,-49.904445,13.840999603271484,75.63388061523438,43.92836380004883,-49.904476165771484,12.819069862365723,1.0281397104263306,1.0797195434570312
SB85916_component_936a,49.536739,-48.722935,14.53600025177002,62.655174255371094,49.536746978759766,-48.722991943359375,12.238823890686035,1.130957841873169,1.187695860862732
SB85916_component_937a,49.744191,-47.415596,15.050000190734863,64.87068939208984,49.74415969848633,-47.41557693481445,13.826045989990234,1.036524772644043,1.0885252952575684
SB85916_component_939a,45.850943,-46.196445,14.644000053405762,27.68242073059082,45.85107421875,-46.19638442993164,13.884988784790039,1.0042812824249268,1.054664134979248
SB85916_component_942a,49.782548,-48.669749,14.418999671936035,60.58403015136719,49.782569885253906,-48.66969680786133,12.026947975158691,1.1416181325912476,1.198891043663025
SB85916_component_944a,51.336171,-48.728333,14.711000442504883,28.12810707092285,51.335880279541016,-48.728370666503906,12.755475997924805,1.0982133150100708,1.153308629989624
SB85916_component_945a,45.022458,-49.865918,13.753000259399414,82.3532943725586,45.02227020263672,-49.86586380004883,11.897866249084473,1.1007014513015747,1.1559215784072876
SB85916_component_946a,47.226462,-50.041431,13.91100025177002,81.82941436767578,47.22659683227539,-50.04143142700195,12.500399589538574,1.0596821308135986,1.112844467163086
SB85916_component_952a,42.264939,-49.691466,14.659000396728516,74.79081726074219,42.2649040222168,-49.69144058227539,12.815439224243164,1.089211106300354,1.1438547372817993
SB85916_component_953a,44.223765,-53.213721,13.199999809265137,42.85714340209961,44.2237548828125,-53.21369934082031,11.81079387664795,1.064231276512146,1.1176217794418335
SB85916_component_954a,44.392548,-45.913067,12.762999534606934,10.62697696685791,44.39291000366211,-45.912879943847656,13.795116424560547,0.8809850811958313,0.9251824617385864
SB85916_component_958a,44.261546,-50.236241,13.86400032043457,82.52381134033203,44.261573791503906,-50.23622512817383,13.042195320129395,1.012229561805725,1.0630112886428833
SB85916_component_961a,41.80622,-50.502604,14.00100040435791,63.352943420410156,41.806365966796875,-50.50263977050781,13.195712089538574,1.010339617729187,1.0610265731811523
SB85916_component_966a,52.535763,-50.065929,13.4350004196167,14.112395286560059,52.53537368774414,-50.06596755981445,13.000615119934082,0.9840450286865234,1.0334126949310303
SB85916_component_969a,42.546609,-53.111625,13.170999526977539,33.01002502441406,42.546634674072266,-53.11162185668945,9.598103523254395,1.3066956996917725,1.3722501993179321
SB85916_component_971a,42.064038,-49.746408,13.154000282287598,66.43434143066406,42.064056396484375,-49.74641799926758,12.876599311828613,0.9727423191070557,1.021543025970459
SB85916_component_975a,42.848794,-47.493232,13.435999870300293,57.174468994140625,42.84880828857422,-47.493255615234375,12.339632987976074,1.0368332862854004,1.0888491868972778
SB85916_component_978a,46.887327,-47.257251,12.342000007629395,52.29661178588867,46.88740539550781,-47.25719451904297,12.157282829284668,0.9666966199874878,1.0151939392089844
SB85916_component_979a,48.754696,-50.645987,12.961000442504883,56.5982551574707,48.7547492980957,-50.64594650268555,10.942495346069336,1.1278810501098633,1.1844648122787476
SB85916_component_981a,49.562531,-51.30771,12.600000381469727,60.57692337036133,49.56248474121094,-51.3077392578125,11.512361526489258,1.0421909093856812,1.0944757461547852
SB85916_component_983a,48.642638,-49.566456,12.633999824523926,65.80207824707031,48.642696380615234,-49.56637954711914,15.326475143432617,0.7849459648132324,0.8243252038955688
SB85916_component_985a,43.966981,-47.06377,12.824000358581543,48.21052551269531,43.9670524597168,-47.06374740600586,12.095078468322754,1.009615421295166,1.0602660179138184
SB85916_component_987a,43.521006,-48.274077,13.005999565124512,58.062496185302734,43.521053314208984,-48.27403259277344,12.159378051757812,1.0185292959213257,1.069627046585083
SB85916_component_989a,40.313785,-48.762551,13.0,19.72686004638672,40.31348419189453,-48.7626953125,12.3652982711792,1.0011056661605835,1.051329255104065
SB85916_component_990a,47.039232,-47.279866,12.871999740600586,63.40886688232422,47.039268493652344,-47.27988815307617,11.85237979888916,1.034145474433899,1.0860265493392944
SB85916_component_991a,48.311453,-47.452637,12.991000175476074,56.97806930541992,48.31134796142578,-47.452545166015625,11.753182411193848,1.0525150299072266,1.1053177118301392
SB85916_component_992a,50.973686,-48.392778,13.873000144958496,35.21065902709961,50.97355270385742,-48.3928337097168,9.252374649047852,1.4277703762054443,1.4993988275527954
SB85916_component_994a,42.560416,-46.322374,10.539999961853027,12.853658676147461,42.56058883666992,-46.32232666015625,14.336668968200684,0.7000572085380554,0.735177755355835
SB85916_component_995a,45.012655,-48.730095,13.199000358581543,64.70098114013672,45.01272964477539,-48.72999954223633,11.953611373901367,1.0514365434646606,1.1041852235794067
SB85916_component_1006a,42.884093,-49.432648,12.210000038146973,67.83332824707031,42.88399887084961,-49.43268966674805,9.167561531066895,1.2682446241378784,1.3318699598312378
SB85916_component_1007a,46.963654,-49.333587,12.173999786376953,70.36994171142578,46.963626861572266,-49.33364486694336,10.77900505065918,1.0754637718200684,1.1294177770614624
SB85916_component_1009a,48.14605,-48.494685,12.02299976348877,64.63978576660156,48.14617156982422,-48.49470901489258,13.632121086120605,0.8398284316062927,0.8819610476493835
SB85916_component_1011a,48.671698,-49.017638,12.309000015258789,63.12308120727539,48.67178726196289,-49.017539978027344,10.81084156036377,1.084187626838684,1.138579249382019
SB85916_component_1012a,41.556224,-47.371,12.800000190734863,30.843374252319336,41.55599594116211,-47.37104034423828,11.00310230255127,1.107735276222229,1.1633082628250122
SB85916_component_1015a,40.196343,-49.828135,11.920999526977539,18.089529037475586,40.19635772705078,-49.8281135559082,9.5980806350708,1.1826859712600708,1.2420190572738647
SB85916_component_1017a,42.884964,-51.169743,11.928999900817871,59.0544548034668,42.88505172729492,-51.169761657714844,10.514779090881348,1.0803016424179077,1.1344983577728271
SB85916_component_1018a,46.797767,-46.68662,12.343999862670898,44.40287780761719,46.79793930053711,-46.68650436401367,12.079139709472656,0.9731080532073975,1.0219271183013916
SB85916_component_1020a,49.978234,-50.061262,12.192999839782715,57.2441291809082,49.97825241088867,-50.06122589111328,10.94310474395752,1.0609897375106812,1.1142176389694214
SB85916_component_1021a,43.100018,-48.805934,11.961999893188477,63.627662658691406,43.0999641418457,-48.80594253540039,11.272899627685547,1.0104371309280396,1.0611289739608765
SB85916_component_1022a,51.123234,-47.057955,12.586000442504883,21.775087356567383,51.12322998046875,-47.058135986328125,11.802610397338867,1.0154320001602173,1.0663743019104004
SB85916_component_1027a,49.140894,-48.04571,12.972000122070312,62.36538314819336,49.14085388183594,-48.045738220214844,11.255784034729004,1.0974187850952148,1.1524741649627686
SB85916_component_1028a,50.125271,-49.097557,12.199000358581543,48.60159683227539,50.12533950805664,-49.097633361816406,11.017304420471191,1.0543627738952637,1.1072582006454468
SB85916_component_1034a,50.172443,-53.56926,13.145000457763672,23.224382400512695,50.17219543457031,-53.56925964355469,12.301448822021484,1.0175260305404663,1.0685733556747437
SB85916_component_1039a,43.153316,-47.378841,11.477999687194824,46.848976135253906,43.15339279174805,-47.37882995605469,11.095276832580566,0.9850748777389526,1.034494161605835
SB85916_component_1041a,46.861479,-53.475562,12.182999610900879,38.191219329833984,46.86143493652344,-53.47552490234375,11.628458023071289,0.9976386427879333,1.047688364982605
SB85916_component_1043a,48.94942,-49.488847,11.791999816894531,57.24271774291992,48.94955062866211,-49.48875045776367,10.39806079864502,1.0798819065093994,1.134057641029358
SB85916_component_1044a,50.989563,-53.037578,11.486000061035156,26.10454559326172,50.989620208740234,-53.03758239746094,11.888264656066895,0.9200078248977661,0.9661628603935242
SB85916_component_1045a,47.841272,-54.030317,12.758000373840332,16.76478385925293,47.841007232666016,-54.03031921386719,10.313169479370117,1.1779628992080688,1.2370591163635254
SB85916_component_1046a,43.465852,-47.590753,11.826000213623047,52.32743453979492,43.46585464477539,-47.590797424316406,10.832064628601074,1.0396037101745605,1.0917586088180542
SB85916_component_1047a,42.690437,-47.574949,11.61299991607666,50.27272415161133,42.69042205810547,-47.574951171875,10.012898445129395,1.104398488998413,1.1598039865493774
SB85916_component_1050a,45.360008,-51.715122,12.519000053405762,37.70783233642578,45.35999298095703,-51.71514892578125,11.436473846435547,1.0423622131347656,1.0946556329727173
SB85916_component_1055a,42.476477,-46.24743,12.468999862670898,11.875238418579102,42.4764404296875,-46.24760437011719,13.164849281311035,0.9018968939781189,0.9471433758735657
SB85916_component_1057a,50.192432,-47.837045,12.156999588012695,53.08733367919922,50.19247055053711,-47.83705139160156,8.99903392791748,1.2863870859146118,1.350922703742981
SB85916_component_1062a,46.018144,-50.10353,11.217000007629395,60.63243103027344,46.01826858520508,-50.10349655151367,12.257755279541016,0.8713787198066711,0.9150941371917725
SB85916_component_1063a,45.22748,-48.590929,11.866000175476074,65.19780731201172,45.22760009765625,-48.59090805053711,10.143587112426758,1.1139198541641235,1.1698031425476074
SB85916_component_1065a,47.799227,-51.298405,12.281999588012695,52.93965530395508,47.79922866821289,-51.298377990722656,9.773539543151855,1.196625828742981,1.2566583156585693
SB85916_component_1068a,45.735334,-51.792971,12.942999839782715,49.02651596069336,45.73527526855469,-51.792945861816406,12.600799560546875,0.9780882000923157,1.0271570682525635
SB85916_component_1069a,49.545522,-51.675639,11.668999671936035,55.04245376586914,49.54548263549805,-51.67557144165039,11.482269287109375,0.9677140712738037,1.0162625312805176
SB85916_component_1073a,45.227076,-49.103504,11.770999908447266,65.39443969726562,45.226993560791016,-49.1035270690918,10.494890213012695,1.0680131912231445,1.1215934753417969
SB85916_component_1074a,44.32608,-51.963086,12.065999984741211,43.559566497802734,44.326080322265625,-51.96299362182617,10.141435623168945,1.1329351663589478,1.189772367477417
SB85916_component_1082a,43.630538,-51.690328,12.621000289916992,57.36818313598633,43.630558013916016,-51.69025421142578,11.18549633026123,1.0744338035583496,1.1283361911773682
SB85916_component_1085a,50.148074,-53.51447,12.144000053405762,24.095237731933594,50.1479377746582,-53.5145149230957,11.520273208618164,1.0037837028503418,1.054141640663147
SB85916_component_1091a,42.600613,-53.153916,12.288999557495117,34.04154968261719,42.60066604614258,-53.15392303466797,10.634803771972656,1.1003433465957642,1.1555454730987549
SB85916_component_1093a,48.532028,-47.647648,11.842000007629395,58.33497619628906,48.53194808959961,-47.647640228271484,13.603910446166992,0.8289006352424622,0.8704850077629089
SB85916_component_1094a,52.439589,-51.156207,10.918000221252441,13.185990333557129,52.439727783203125,-51.15612030029297,12.724448204040527,0.8170437216758728,0.858033299446106
SB85916_component_1097a,43.671804,-51.333112,11.619000434875488,58.095001220703125,43.67177963256836,-51.333133697509766,10.26660442352295,1.0776633024215698,1.131727695465088
SB85916_component_1098a,43.777952,-52.330875,11.130000114440918,42.480918884277344,43.777915954589844,-52.330772399902344,9.296148300170898,1.140074610710144,1.1972700357437134
SB85916_component_1100a,50.47482,-48.52861,12.281000137329102,47.05363845825195,50.4748420715332,-48.52865982055664,15.03460693359375,0.7778266668319702,0.8168487548828125
SB85916_component_1102a,51.24597,-49.399969,11.484999656677246,33.002872467041016,51.24590301513672,-49.40000534057617,7.71019983291626,1.4184255599975586,1.4895851612091064
SB85916_component_1105a,45.01998,-50.767493,11.347999572753906,63.752803802490234,45.019962310791016,-50.767433166503906,10.57418441772461,1.0219122171401978,1.0731796026229858
SB85916_component_1106a,39.933177,-52.108389,11.114999771118164,12.281767845153809,39.93326950073242,-52.1084098815918,11.317524909973145,0.9351885318756104,0.9821051955223083
SB85916_component_1117a,43.184243,-47.400419,10.940999984741211,43.58964538574219,43.1843147277832,-47.400306701660156,10.482677459716797,0.993861734867096,1.0437219142913818
SB85916_component_1119a,41.712183,-50.202878,11.190999984741211,51.10045623779297,41.7122917175293,-50.20284652709961,10.029229164123535,1.0625332593917847,1.1158385276794434
SB85916_component_1121a,48.479897,-52.468405,11.809000015258789,59.34170913696289,48.47989273071289,-52.46845245361328,11.016687393188477,1.02071213722229,1.071919322013855
SB85916_component_1124a,39.898661,-48.794419,10.741000175476074,10.0195894241333,39.8986930847168,-48.79460525512695,10.902750968933105,0.9381014704704285,0.985164225101471
SB85916_component_1127a,44.490377,-48.640327,10.687999725341797,51.63284683227539,44.49042892456055,-48.64033889770508,10.702752113342285,0.9509159922599792,0.9986216425895691
SB85916_component_1129a,43.761383,-53.844797,11.331000328063965,16.42173957824707,43.76173782348633,-53.8448600769043,9.978275299072266,1.0813192129135132,1.13556706905365
SB85916_component_1131a,45.766716,-47.163622,10.362000465393066,49.81731033325195,45.766666412353516,-47.16353988647461,9.896449089050293,0.9970234036445618,1.0470422506332397
SB85916_component_1134a,46.177879,-46.222594,10.880000114440918,20.606060028076172,46.177730560302734,-46.222572326660156,10.497367858886719,0.9869375228881836,1.0364502668380737
SB85916_component_1137a,42.129124,-48.925374,11.637999534606934,62.569889068603516,42.12899398803711,-48.92538833618164,11.17216682434082,0.9919324517250061,1.0416958332061768
SB85916_component_1143a,48.652599,-52.666474,11.185999870300293,48.008583068847656,48.65260314941406,-52.666526794433594,11.467792510986328,0.9288298487663269,0.9754274487495422
SB85916_component_1151a,42.081249,-51.106015,11.074000358581543,47.73276138305664,42.08134460449219,-51.10602569580078,10.0198335647583,1.05241060256958,1.1052080392837524
SB85916_component_1155a,49.597069,-53.52997,11.15999984741211,24.260868072509766,49.596954345703125,-53.52994918823242,12.523473739624023,0.8485561013221741,0.8911265134811401
SB85916_component_1157a,52.0165,-49.201072,10.890000343322754,17.042253494262695,52.01611328125,-49.200931549072266,11.179983139038086,0.9275298714637756,0.9740623235702515
SB85916_component_1159a,42.414955,-51.810232,10.510000228881836,47.772727966308594,42.41500473022461,-51.810203552246094,9.213823318481445,1.0861855745315552,1.1406774520874023
SB85916_component_1160a,46.536313,-51.904169,10.38599967956543,42.21950912475586,46.536293029785156,-51.904205322265625,9.068991661071777,1.0905120372772217,1.1452209949493408
SB85916_component_1161a,48.395665,-46.79233,11.336000442504883,38.955326080322266,48.39558029174805,-46.792415618896484,10.266502380371094,1.051425576210022,1.1041735410690308
SB85916_component_1164a,48.608612,-51.49089,9.83899974822998,36.440738677978516,48.60858917236328,-51.49091720581055,9.514615058898926,0.9846931099891663,1.0340932607650757
SB85916_component_1165a,44.095406,-53.41638,10.57800006866455,26.313432693481445,44.0954475402832,-53.41618347167969,9.822903633117676,1.025427222251892,1.0768710374832153
SB85916_component_1166a,45.038432,-53.423796,10.39900016784668,31.6079044342041,45.03837585449219,-53.423744201660156,8.78775691986084,1.12682044506073,1.183350920677185
SB85916_component_1168a,47.519932,-53.596555,11.340999603271484,30.32352638244629,47.51987838745117,-53.59640121459961,10.70128345489502,1.0091521739959717,1.059779405593872
SB85916_component_1171a,47.526867,-48.80728,10.5,62.13017654418945,47.526973724365234,-48.8072395324707,9.6190767288208,1.0394344329833984,1.091580867767334
SB85916_component_1178a,49.695177,-48.431498,10.836000442504883,38.97842025756836,49.695003509521484,-48.43152618408203,9.4577054977417,1.0909991264343262,1.1457325220108032
SB85916_component_1179a,51.090906,-49.907954,10.326000213623047,36.74733352661133,51.090904235839844,-49.907936096191406,9.321499824523926,1.054842233657837,1.1077616214752197
SB85916_component_1180a,48.803252,-53.663547,9.949000358581543,21.30406951904297,48.803226470947266,-53.66358184814453,8.900368690490723,1.064418911933899,1.1178189516067505
SB85916_component_1183a,48.939701,-48.756647,10.25100040435791,50.49753952026367,48.939674377441406,-48.7567138671875,8.674064636230469,1.125342607498169,1.1817989349365234
SB85916_component_1184a,45.101254,-47.50411,10.125,53.57143020629883,45.101280212402344,-47.50404739379883,8.053825378417969,1.1971098184585571,1.2571666240692139
SB85916_component_1187a,40.09649,-50.527911,10.972999572753906,13.81989860534668,40.09602737426758,-50.52775573730469,9.108660697937012,1.1471283435821533,1.2046775817871094
SB85916_component_1191a,41.563456,-49.240713,10.097000122070312,45.27802658081055,41.563331604003906,-49.24073791503906,10.914337158203125,0.880919337272644,0.9251134395599365
SB85916_component_1194a,46.531609,-49.911532,10.87399959564209,55.764102935791016,46.531795501708984,-49.91157913208008,8.79267692565918,1.1776312589645386,1.2367109060287476
SB85916_component_1195a,40.00119,-49.72884,10.529000282287598,12.314620018005371,40.00101852416992,-49.72914505004883,7.287050247192383,1.375867247581482,1.4448919296264648
SB85916_component_1199a,42.834174,-53.519378,10.873000144958496,21.921371459960938,42.834007263183594,-53.51935958862305,10.436575889587402,0.9920476675033569,1.0418168306350708
SB85916_component_1201a,44.631902,-50.16703,9.753999710083008,58.40718460083008,44.631866455078125,-50.16699981689453,9.108424186706543,1.0197193622589111,1.0708767175674438
SB85916_component_1202a,48.500233,-47.624386,10.390999794006348,47.018096923828125,48.50026321411133,-47.6243896484375,9.848259925842285,1.0047060251235962,1.055110216140747
SB85916_component_1204a,51.398671,-47.73031,9.508999824523926,20.01894760131836,51.39887237548828,-47.730316162109375,9.74887466430664,0.9287985563278198,0.975394606590271
SB85916_component_1205a,46.560136,-49.979118,9.656999588012695,47.80692672729492,46.56001663208008,-49.979156494140625,8.914871215820312,1.0314977169036865,1.083246111869812
SB85916_component_1206a,47.448555,-50.27713,9.984000205993652,52.0,47.448692321777344,-50.27708435058594,8.708215713500977,1.0917333364486694,1.1465035676956177
SB85916_component_1207a,49.283169,-50.00315,9.553000450134277,45.490478515625,49.28316116333008,-50.003028869628906,8.236754417419434,1.104396104812622,1.1598014831542969
SB85916_component_1208a,44.887282,-49.772981,10.092000007629395,57.66857147216797,44.8873291015625,-49.772945404052734,10.016255378723145,0.9594293832778931,1.0075621604919434
SB85916_component_1210a,43.964133,-46.191705,8.583999633789062,10.935030937194824,43.964412689208984,-46.19175338745117,8.638524055480957,0.9462182521820068,0.9936882257461548
SB85916_component_1212a,42.409431,-50.79752,9.906000137329102,46.07441711425781,42.40946960449219,-50.7976188659668,9.06586742401123,1.0404713153839111,1.0926698446273804
SB85916_component_1214a,48.646225,-46.091423,9.414999961853027,11.063454627990723,48.64628219604492,-46.091209411621094,10.192388534545898,0.8796006441116333,0.9237285256385803
SB85916_component_1218a,47.236841,-53.856883,10.76200008392334,19.819522857666016,47.23683166503906,-53.85669708251953,9.625798225402832,1.0646268129348755,1.1180371046066284
SB85916_component_1219a,43.987109,-47.627808,10.812999725341797,45.81779479980469,43.987281799316406,-47.62787628173828,10.270517349243164,1.0025246143341064,1.0528193712234497
SB85916_component_1224a,41.808994,-52.257675,9.71500015258789,37.94921875,41.8089599609375,-52.25761413574219,9.363921165466309,0.9879301190376282,1.0374927520751953
SB85916_component_1225a,49.309468,-53.48191,10.435999870300293,24.788597106933594,49.30940628051758,-53.481937408447266,9.29035758972168,1.069652795791626,1.1233152151107788
SB85916_component_1226a,50.041671,-51.418736,9.607999801635742,39.539093017578125,50.04159164428711,-51.41869354248047,8.998541831970215,1.016721487045288,1.0677285194396973
SB85916_component_1227a,42.520945,-50.733806,9.5600004196167,47.80000305175781,42.52097702026367,-50.73383331298828,10.220865249633789,0.8906588554382324,0.9353415966033936
SB85916_component_1230a,49.260318,-46.861537,10.465999603271484,34.31475067138672,49.26022720336914,-46.86153793334961,9.273990631103516,1.0746207237243652,1.1285325288772583
SB85916_component_1234a,49.692814,-50.610324,8.788000106811523,29.891157150268555,49.69291305541992,-50.61024856567383,8.84483528137207,0.9461097121238708,0.9935742020606995
SB85916_component_1237a,52.51264,-51.545528,9.119999885559082,10.792899131774902,52.51262664794922,-51.54568862915039,8.670286178588867,1.0016191005706787,1.0518684387207031
SB85916_component_1238a,46.448315,-51.280331,9.78499984741211,43.10572814941406,46.44824981689453,-51.280296325683594,9.023530006408691,1.032584309577942,1.084387183189392
SB85916_component_1241a,46.550641,-47.609439,9.696000099182129,53.569061279296875,46.55062484741211,-47.6094970703125,8.989665985107422,1.027046799659729,1.0785717964172363
SB85916_component_1242a,41.697581,-50.430974,9.763999938964844,41.54893493652344,41.697486877441406,-50.43091583251953,10.210406303405762,0.9105963706970215,0.9562792778015137
SB85916_component_1244a,50.202524,-47.267484,9.9350004196167,34.859649658203125,50.20248031616211,-47.267478942871094,9.598514556884766,0.9856098294258118,1.0350559949874878
SB85916_component_1246a,50.413949,-53.522219,9.295000076293945,16.598215103149414,50.414344787597656,-53.52229309082031,10.113008499145508,0.8752058148384094,0.9191132187843323
SB85916_component_1249a,51.96005,-46.988871,9.09000015258789,14.203125953674316,51.9600944519043,-46.98872375488281,8.990294456481934,0.9627890586853027,1.0110903978347778
SB85916_component_1254a,41.804486,-52.599028,10.220999717712402,38.42481231689453,41.80438995361328,-52.59910202026367,10.005565643310547,0.9727312922477722,1.0215314626693726
SB85916_component_1255a,49.22805,-52.911913,10.017999649047852,37.241634368896484,49.22812271118164,-52.9119758605957,8.267515182495117,1.1538442373275757,1.2117303609848022
SB85916_component_1261a,46.142756,-52.090203,9.378999710083008,47.130653381347656,46.14264678955078,-52.0901985168457,7.823936462402344,1.1414906978607178,1.1987571716308594
SB85916_component_1262a,46.258094,-48.311742,9.633000373840332,54.423728942871094,46.2581672668457,-48.311767578125,8.584768295288086,1.068499207496643,1.1221036911010742
SB85916_component_1263a,48.794838,-52.983394,9.428000450134277,36.12260437011719,48.79472732543945,-52.98340606689453,8.627313613891602,1.0406031608581543,1.0928083658218384
SB85916_component_1264a,51.08322,-51.418205,9.366000175476074,32.07534408569336,51.083213806152344,-51.4182014465332,8.53455924987793,1.0449950695037842,1.0974204540252686
SB85916_component_1266a,45.766304,-47.839468,9.583999633789062,56.376468658447266,45.76643753051758,-47.839359283447266,8.973697662353516,1.0169895887374878,1.0680100917816162
SB85916_component_1267a,41.835845,-53.678207,9.413000106811523,12.418205261230469,41.836368560791016,-53.67811584472656,9.709980010986328,0.9231045842170715,0.969415009021759
SB85916_component_1268a,42.827186,-48.579413,9.458999633789062,46.5960578918457,42.82720947265625,-48.57938766479492,8.915802001953125,1.0102431774139404,1.0609252452850342
SB85916_component_1270a,52.202914,-48.973446,9.057999610900879,10.435483932495117,52.20230484008789,-48.973297119140625,9.388001441955566,0.9187562465667725,0.9648485779762268
SB85916_component_1273a,51.811141,-53.202711,9.416000366210938,11.468940734863281,51.8114013671875,-53.202392578125,8.503400802612305,1.0544233322143555,1.1073217391967773
SB85916_component_1277a,43.289349,-51.555427,8.713000297546387,37.88261032104492,43.289405822753906,-51.55536651611328,7.152755260467529,1.1599400043487549,1.2181320190429688
SB85916_component_1278a,42.346678,-47.550313,8.069999694824219,30.68440818786621,42.34671401977539,-47.55028533935547,8.103116035461426,0.9483368992805481,0.9959131479263306
SB85916_component_1281a,44.39881,-47.03043,9.041000366210938,36.01992416381836,44.39885330200195,-47.030391693115234,8.629185676574707,0.9976721405982971,1.047723412513733
SB85916_component_1282a,41.673176,-53.563676,8.996000289916992,13.037681579589844,41.673641204833984,-53.56344223022461,6.557905673980713,1.3062474727630615,1.371779441833496
SB85916_component_1285a,43.609622,-47.394497,9.121999740600586,36.487998962402344,43.60954284667969,-47.394432067871094,8.245980262756348,1.053389310836792,1.1062359809875488
SB85916_component_1292a,45.466772,-51.741539,8.763999938964844,29.11627960205078,45.46683120727539,-51.74155807495117,7.973114967346191,1.04668390750885,1.0991939306259155
SB85916_component_1294a,45.391625,-47.826361,8.793999671936035,46.52909851074219,45.39164352416992,-47.826332092285156,7.913198471069336,1.058219075202942,1.1113078594207764
SB85916_component_1297a,46.587384,-52.101256,9.678999900817871,49.63589859008789,46.58740234375,-52.1013069152832,8.375592231750488,1.1004140377044678,1.155619740486145
SB85916_component_1298a,45.169906,-52.864498,9.163000106811523,40.1885986328125,45.169803619384766,-52.8646354675293,8.16557788848877,1.0685428380966187,1.1221495866775513
SB85916_component_1299a,49.909412,-49.754365,8.354000091552734,36.00862121582031,49.90932846069336,-49.754425048828125,11.36573314666748,0.6999035477638245,0.735016405582428
SB85916_component_1301a,45.152631,-47.388596,8.82800006866455,47.9782600402832,45.15264129638672,-47.3885383605957,8.39355754852295,1.0015149116516113,1.0517590045928955
SB85916_component_1304a,44.721431,-53.656388,9.291000366210938,21.707944869995117,44.7215690612793,-53.65660858154297,9.205822944641113,0.9610390663146973,1.0092525482177734
SB85916_component_1308a,44.316229,-47.601128,8.689000129699707,41.574161529541016,44.316123962402344,-47.60116195678711,7.273207187652588,1.1375880241394043,1.194658637046814
SB85916_component_1310a,45.577283,-46.808024,9.692000389099121,36.436092376708984,45.57720947265625,-46.80814743041992,9.071377754211426,1.0173755884170532,1.0684155225753784
SB85916_component_1311a,43.358079,-50.88025,8.979000091552734,43.168270111083984,43.35813903808594,-50.88022994995117,8.932564735412598,0.9571785926818848,1.0051984786987305
SB85916_component_1324a,43.840323,-53.56384,9.156999588012695,19.608135223388672,43.84077072143555,-53.563655853271484,8.811262130737305,0.9895921945571899,1.0392380952835083
SB85916_component_1325a,42.912226,-52.80356,8.239999771118164,26.840389251708984,42.91230773925781,-52.80353546142578,7.846840858459473,0.9999390244483948,1.0501041412353516
SB85916_component_1330a,46.437236,-50.280928,8.887999534606934,45.814430236816406,46.43711853027344,-50.28089141845703,7.853828430175781,1.0776153802871704,1.131677269935608
SB85916_component_1331a,49.56478,-47.421113,9.32800006866455,39.52542495727539,49.56480026245117,-47.421142578125,6.215322494506836,1.4291112422943115,1.5008070468902588
SB85916_component_1332a,44.019367,-47.688473,8.480999946594238,33.92399978637695,44.01946258544922,-47.688316345214844,7.7429633140563965,1.042992115020752,1.0953171253204346
SB85916_component_1333a,40.552776,-49.004503,8.329999923706055,17.069671630859375,40.552703857421875,-49.00450134277344,7.987163066864014,0.9931014180183411,1.0429234504699707
SB85916_component_1341a,50.525496,-50.97488,8.420999526977539,36.45454406738281,50.52547073364258,-50.97487258911133,7.628843307495117,1.05110502243042,1.103837013244629
SB85916_component_1343a,46.908964,-47.072624,8.338000297546387,31.228466033935547,46.90891647338867,-47.07254409790039,8.387601852416992,0.9465972781181335,0.9940863251686096
SB85916_component_1347a,41.465465,-47.815411,8.751999855041504,26.521209716796875,41.46535873413086,-47.81550979614258,11.014251708984375,0.7566472291946411,0.7946068644523621
SB85916_component_1349a,43.406276,-50.173615,8.17199993133545,43.700531005859375,43.40622329711914,-50.1737060546875,8.929834365844727,0.8714171648025513,0.9151345491409302
SB85916_component_1352a,43.653159,-52.47324,8.526000022888184,33.17509841918945,43.653072357177734,-52.473121643066406,7.188309669494629,1.1294310092926025,1.186092495918274
SB85916_component_1353a,48.712528,-47.118042,9.031999588012695,34.738460540771484,48.712406158447266,-47.118011474609375,8.772359848022461,0.9804120063781738,1.029597520828247
SB85916_component_1355a,44.012149,-50.820875,8.944000244140625,45.40101623535156,44.01214599609375,-50.820804595947266,8.210997581481934,1.0372347831726074,1.089270830154419
SB85916_component_1360a,43.261725,-47.717474,8.072999954223633,36.04017639160156,43.26178741455078,-47.7175178527832,7.8661041259765625,0.9772741794586182,1.0263022184371948
SB85916_component_1362a,43.134247,-50.234034,8.3149995803833,43.76315689086914,43.13431167602539,-50.234004974365234,7.138965129852295,1.109093427658081,1.1647346019744873
SB85916_component_1363a,46.628604,-51.726446,8.013999938964844,32.18473815917969,46.62860870361328,-51.726436614990234,7.402843952178955,1.0308414697647095,1.082556962966919
SB85916_component_1365a,52.156654,-51.701425,8.137999534606934,13.769880294799805,52.1572380065918,-51.70139694213867,8.753606796264648,0.8852619528770447,0.9296738505363464
SB85916_component_1366a,42.93295,-52.76271,8.836000442504883,30.895105361938477,42.932979583740234,-52.762664794921875,7.21668004989624,1.1658949851989746,1.2243857383728027
SB85916_component_1367a,46.628378,-46.152596,8.937000274658203,13.834364891052246,46.6289176940918,-46.152584075927734,6.183971405029297,1.37614905834198,1.4451878070831299
SB85916_component_1369a,42.957278,-51.896453,8.668000221252441,38.18502426147461,42.957183837890625,-51.89638900756836,8.152873992919922,1.0123934745788574,1.0631834268569946
SB85916_component_1371a,48.109888,-51.664351,8.857000350952148,35.00790786743164,48.110008239746094,-51.66434860229492,8.208566665649414,1.027449607849121,1.0789947509765625
SB85916_component_1374a,44.33784,-50.009414,8.531000137329102,46.617488861083984,44.33768844604492,-50.00942611694336,8.054162979125977,1.0086040496826172,1.059203863143921
SB85916_component_1375a,42.521155,-48.955573,8.819000244140625,47.16042709350586,42.520992279052734,-48.95556640625,9.05938720703125,0.9269614815711975,0.9734654426574707
SB85916_component_1378a,46.8147,-51.979276,8.289999961853027,37.00892639160156,46.81486511230469,-51.97940444946289,8.05293083190918,0.9802610278129578,1.029438853263855
SB85916_component_1379a,43.690059,-50.749372,8.824999809265137,44.34673309326172,43.6901741027832,-50.7493782043457,7.581340789794922,1.1084340810775757,1.1640421152114868
SB85916_component_1384a,43.911183,-46.390599,7.114999771118164,12.889492988586426,43.91154861450195,-46.3907470703125,7.684783458709717,0.8816260695457458,0.9258555769920349
SB85916_component_1389a,42.630765,-49.962695,8.234000205993652,42.44329833984375,42.63081741333008,-49.96260452270508,8.031558990478516,0.9762300848960876,1.0252057313919067
SB85916_component_1393a,50.254799,-53.128455,8.881999969482422,25.819766998291016,50.2548713684082,-53.128604888916016,7.998450756072998,1.0574164390563965,1.1104650497436523
SB85916_component_1394a,43.416001,-53.644518,8.993000030517578,16.174461364746094,43.41621017456055,-53.64445495605469,6.952483654022217,1.231702446937561,1.2934945821762085
SB85916_component_1398a,50.084578,-53.103794,7.598999977111816,23.971609115600586,50.08449935913086,-53.10369873046875,8.170439720153809,0.8856297135353088,0.930060088634491
SB85916_component_1400a,46.960547,-53.785937,8.432999610900879,16.832334518432617,46.960609436035156,-53.78610610961914,6.6482367515563965,1.2078604698181152,1.2684565782546997
SB85916_component_1404a,43.038756,-47.979689,8.473999977111816,38.51818084716797,43.03868865966797,-47.979644775390625,6.86450719833374,1.175493597984314,1.2344658374786377
SB85916_component_1406a,47.578701,-52.659924,8.005999565124512,44.726253509521484,47.578731536865234,-52.66005325317383,7.316163539886475,1.04201340675354,1.0942893028259277
SB85916_component_1409a,48.370798,-51.954904,7.85099983215332,38.485294342041016,48.370784759521484,-51.95490646362305,7.7098774909973145,0.9696581959724426,1.0183041095733643
SB85916_component_1413a,44.934946,-50.77831,8.267999649047852,44.93478012084961,44.93504333496094,-50.77829360961914,7.642048358917236,1.0302244424819946,1.0819088220596313
SB85916_component_1416a,42.657568,-49.806771,8.314000129699707,46.97175216674805,42.65753173828125,-49.80672073364258,7.178972244262695,1.1027801036834717,1.1581045389175415
SB85916_component_1418a,50.737796,-48.79155,7.96999979019165,30.772199630737305,50.73760223388672,-48.79161071777344,7.1428961753845215,1.062490701675415,1.1157938241958618
SB85916_component_1419a,40.187834,-52.196464,8.89799976348877,12.62127685546875,40.187992095947266,-52.196868896484375,7.844436168670654,1.0801194906234741,1.1343071460723877
SB85916_component_1430a,42.141818,-47.16614,7.461999893188477,19.740741729736328,42.141841888427734,-47.166114807128906,7.675992488861084,0.9256820678710938,0.9721218347549438
SB85916_component_1431a,41.969047,-47.700502,7.932000160217285,30.863813400268555,41.968753814697266,-47.700584411621094,7.20766019821167,1.0479235649108887,1.1004958152770996
SB85916_component_1433a,48.548853,-48.485403,8.210000038146973,40.84577178955078,48.54915237426758,-48.48540496826172,7.650609970092773,1.0218526124954224,1.0731170177459717
SB85916_component_1434a,43.054673,-46.667016,6.827000141143799,17.0674991607666,43.05485916137695,-46.666961669921875,7.247539043426514,0.8969753384590149,0.941974937915802
SB85916_component_1438a,43.396087,-53.213475,8.541000366210938,25.194692611694336,43.396183013916016,-53.21351623535156,7.303372859954834,1.1135928630828857,1.1694597005844116
SB85916_component_1442a,45.732363,-52.447736,7.170000076293945,36.958763122558594,45.732547760009766,-52.44769287109375,7.637430667877197,0.8939496278762817,0.9387974143028259
SB85916_component_1443a,46.389649,-53.661551,8.258999824523926,20.803525924682617,46.389408111572266,-53.66156768798828,8.02262020111084,0.9802850484848022,1.0294641256332397
SB85916_component_1445a,45.094575,-52.15451,7.764999866485596,32.90254211425781,45.094722747802734,-52.15456008911133,7.216493129730225,1.0246049165725708,1.07600736618042
SB85916_component_1450a,41.158078,-50.819125,7.65500020980835,22.715133666992188,41.158302307128906,-50.819210052490234,7.570820331573486,0.9628162980079651,1.01111900806427
SB85916_component_1454a,47.742751,-51.720417,8.015999794006348,36.940093994140625,47.742828369140625,-51.72034454345703,7.361166477203369,1.036936640739441,1.0889577865600586
SB85916_component_1456a,40.578879,-51.410281,7.552000045776367,14.24905776977539,40.57878112792969,-51.41016387939453,6.505293369293213,1.105442762374878,1.1609007120132446
SB85916_component_1457a,49.368657,-48.437403,7.808000087738037,40.879581451416016,49.368804931640625,-48.43735885620117,7.280185699462891,1.0212651491165161,1.0725001096725464
SB85916_component_1459a,49.2999,-47.276592,7.998000144958496,33.74683380126953,49.30000686645508,-47.2767448425293,8.618156433105469,0.88370680809021,0.9280407428741455
SB85916_component_1460a,51.389948,-49.905752,7.195000171661377,19.7664852142334,51.38983917236328,-49.90575408935547,6.666781425476074,1.027674913406372,1.0792315006256104
SB85916_component_1462a,44.069192,-50.799317,7.859000205993652,39.492462158203125,44.06924819946289,-50.799407958984375,7.466153144836426,1.0023319721221924,1.052617073059082
SB85916_component_1468a,45.358925,-48.037215,7.9039998054504395,42.72432327270508,45.358890533447266,-48.03724670410156,6.634801864624023,1.134384036064148,1.1912940740585327
SB85916_component_1471a,42.394365,-47.264031,7.228000164031982,24.41891860961914,42.394405364990234,-47.26414108276367,6.348926067352295,1.0840742588043213,1.1384602785110474
SB85916_component_1472a,45.20372,-52.125586,7.572000026702881,31.55000114440918,45.203643798828125,-52.12559509277344,7.4615678787231445,0.966321587562561,1.0148000717163086
SB85916_component_1473a,46.810504,-49.532904,7.998000144958496,45.965518951416016,46.81062316894531,-49.53288269042969,9.256733894348145,0.8227441906929016,0.8640196919441223
SB85916_component_1475a,42.455235,-52.818835,8.35200023651123,29.408451080322266,42.45526123046875,-52.81879806518555,6.557573318481445,1.2127981185913086,1.2736419439315796
SB85916_component_1477a,41.5278,-47.680146,7.355000019073486,21.44314956665039,41.52771759033203,-47.6802864074707,8.214017868041992,0.8526449203491211,0.895420491695404
SB85916_component_1480a,49.368103,-46.854995,8.164999961853027,25.43613624572754,49.36842727661133,-46.85502624511719,7.864077568054199,0.9886659979820251,1.0382654666900635
SB85916_component_1481a,43.075217,-52.243589,7.89300012588501,30.474903106689453,43.075260162353516,-52.24361801147461,7.373091220855713,1.0193742513656616,1.0705143213272095
SB85916_component_1482a,42.067918,-50.931073,7.505000114440918,34.2694091796875,42.067840576171875,-50.931034088134766,6.198459625244141,1.152943730354309,1.210784673690796
SB85916_component_1486a,46.744779,-46.96148,7.794000148773193,34.9506721496582,46.74479675292969,-46.96146011352539,6.6415581703186035,1.1174590587615967,1.1735198497772217
SB85916_component_1487a,46.561609,-51.11649,8.380999565124512,27.478687286376953,46.5616569519043,-51.11636734008789,6.892431259155273,1.1578826904296875,1.2159714698791504
SB85916_component_1498a,45.282014,-49.217524,8.14900016784668,49.993865966796875,45.28226852416992,-49.21742248535156,7.56872034072876,1.0252341032028198,1.0766681432724
SB85916_component_1504a,50.401097,-53.679398,7.619999885559082,11.20588207244873,50.401695251464844,-53.67919158935547,7.598575592041016,0.954913318157196,1.002819538116455
SB85916_component_1507a,47.346164,-49.178554,7.751999855041504,45.86982345581055,47.34616470336914,-49.17854690551758,7.5624003410339355,0.9761021733283997,1.025071382522583
SB85916_component_1512a,41.465321,-52.877578,6.802000045776367,15.354402542114258,41.46533966064453,-52.877689361572266,6.686498641967773,0.9686771035194397,1.0172737836837769
SB85916_component_1516a,49.642938,-50.422083,6.797999858856201,30.34821319580078,49.64297866821289,-50.422088623046875,5.009147644042969,1.2922855615615845,1.3571170568466187
SB85916_component_1519a,45.587199,-52.808549,7.6519999504089355,37.509803771972656,45.587162017822266,-52.80854034423828,6.964369297027588,1.0462472438812256,1.0987355709075928
SB85916_component_1521a,42.832132,-53.611961,7.1620001792907715,13.799614906311035,42.83241653442383,-53.61199188232422,6.961915493011475,0.979595422744751,1.0287399291992188
SB85916_component_1522a,48.012753,-53.513152,7.559000015258789,22.76807403564453,48.01271438598633,-53.513214111328125,6.676308631896973,1.078125,1.132212519645691
SB85916_component_1523a,42.310281,-50.549149,7.736999988555908,36.154205322265625,42.3103141784668,-50.549198150634766,6.892208576202393,1.068945050239563,1.1225719451904297
SB85916_component_1525a,42.094802,-46.73238,7.974999904632568,13.562925338745117,42.0943717956543,-46.7323112487793,7.203294277191162,1.0542429685592651,1.1071323156356812
SB85916_component_1529a,46.177591,-47.555468,7.3480000495910645,41.51412582397461,46.17759704589844,-47.55547332763672,7.196233749389648,0.9723106622695923,1.0210896730422974
SB85916_component_1531a,41.134325,-49.573652,7.335000038146973,29.223108291625977,41.13413619995117,-49.57384490966797,7.710403919219971,0.9058664441108704,0.9513120055198669
SB85916_component_1535a,51.755414,-52.504786,7.78000020980835,16.518047332763672,51.75516128540039,-52.50484085083008,7.205116271972656,1.028205156326294,1.079788327217102
SB85916_component_1542a,51.400993,-50.442492,7.63700008392334,23.072507858276367,51.400997161865234,-50.442623138427734,7.210210800170898,1.0085930824279785,1.0591922998428345
SB85916_component_1547a,51.655751,-52.069978,7.78000020980835,19.646465301513672,51.65583419799805,-52.06996154785156,7.720386028289795,0.9595812559127808,1.0077216625213623
SB85916_component_1553a,40.780426,-51.838722,7.316999912261963,17.759708404541016,40.78060531616211,-51.83892822265625,7.523737907409668,0.926063060760498,0.9725219011306763
SB85916_component_1554a,47.167068,-49.567787,6.406000137329102,35.39226531982422,47.166969299316406,-49.567752838134766,6.936826229095459,0.8793611526489258,0.9234771132469177
SB85916_component_1555a,49.130284,-48.913413,7.454999923706055,33.8863639831543,49.130306243896484,-48.913394927978516,6.576021671295166,1.0795073509216309,1.1336641311645508
SB85916_component_1556a,42.291192,-48.321242,7.119999885559082,32.96296310424805,42.29118347167969,-48.321285247802734,6.796616077423096,0.9975356459617615,1.0475801229476929
SB85916_component_1560a,40.720063,-48.627558,7.1529998779296875,17.11244010925293,40.71969985961914,-48.627620697021484,8.747933387756348,0.7786170244216919,0.8176788091659546
SB85916_component_1561a,48.596674,-49.196959,6.843999862670898,34.21999740600586,48.5965576171875,-49.196998596191406,6.521673202514648,0.9992913603782654,1.0494239330291748
SB85916_component_1564a,48.666068,-49.785384,6.945000171661377,35.615386962890625,48.6661262512207,-49.78546142578125,6.7033185958862305,0.9865601658821106,1.036054015159607
SB85916_component_1565a,43.888528,-49.484891,7.114999771118164,43.65030288696289,43.888404846191406,-49.484962463378906,6.497977256774902,1.042648434638977,1.0949560403823853
SB85916_component_1566a,51.321716,-52.818289,6.806000232696533,17.496145248413086,51.321922302246094,-52.818355560302734,6.949663162231445,0.9325441122055054,0.9793280959129333
SB85916_component_1575a,51.095612,-53.313753,7.435999870300293,12.560810089111328,51.095550537109375,-53.31386947631836,6.884479522705078,1.0285121202468872,1.0801106691360474
SB85916_component_1585a,51.134054,-47.984382,7.421999931335449,21.701753616333008,51.134010314941406,-47.98440170288086,5.886085033416748,1.2007030248641968,1.2609399557113647
SB85916_component_1586a,41.660922,-47.490098,6.442999839782715,18.67536163330078,41.66090774536133,-47.49001693725586,6.32305383682251,0.9702918529510498,1.0189696550369263
SB85916_component_1588a,41.985072,-53.20546,6.86299991607666,18.204242706298828,41.9853515625,-53.20536422729492,6.481817722320557,1.0082271099090576,1.0588079690933228
SB85916_component_1591a,42.533819,-50.148559,7.24399995803833,37.148719787597656,42.53375244140625,-50.14881896972656,6.2710771560668945,1.0999614000320435,1.155144453048706
SB85916_component_1593a,49.394265,-53.403134,7.0920000076293945,18.962566375732422,49.39409255981445,-53.40314865112305,6.675405502319336,1.0116544961929321,1.062407374382019
SB85916_component_1595a,46.09428,-52.891205,6.815999984741211,32.45714569091797,46.094322204589844,-52.89114761352539,6.464699745178223,1.0039738416671753,1.0543413162231445
SB85916_component_1599a,50.064494,-52.971263,7.177999973297119,25.91335678100586,50.06451416015625,-52.97123336791992,6.969552516937256,0.9807080030441284,1.029908299446106
SB85916_component_1600a,43.84567,-48.276307,7.297999858856201,19.724323272705078,43.8454475402832,-48.276424407958984,6.086348056793213,1.14179527759552,1.1990770101547241
SB85916_component_1601a,47.880246,-53.270527,6.613999843597412,25.536678314208984,47.88043975830078,-53.270530700683594,7.8190016746521,0.8054786324501038,0.8458880186080933
SB85916_component_1603a,43.329799,-52.375588,7.026000022888184,31.366069793701172,43.32989501953125,-52.375492095947266,6.0179901123046875,1.11172616481781,1.1674994230270386
SB85916_component_1605a,44.114224,-50.639053,7.173999786376953,38.569889068603516,44.11428451538086,-50.63904571533203,6.6182169914245605,1.0321944952011108,1.0839776992797852
SB85916_component_1608a,40.713676,-48.575648,6.390999794006348,13.714591979980469,40.71369171142578,-48.575775146484375,6.601362705230713,0.9218841791152954,0.9681333899497986
SB85916_component_1609a,47.021614,-49.353022,6.888000011444092,40.0465087890625,47.02165603637695,-49.353031158447266,6.292365550994873,1.0423662662506104,1.0946598052978516
SB85916_component_1610a,43.405156,-50.882884,6.5929999351501465,32.004852294921875,43.40519332885742,-50.88288879394531,6.509408473968506,0.9644566774368286,1.0128415822982788
SB85916_component_1611a,45.043692,-52.586507,7.0960001945495605,33.79047775268555,45.04367446899414,-52.586517333984375,6.384946346282959,1.0582726001739502,1.1113641262054443
SB85916_component_1615a,48.045749,-47.656396,7.061999797821045,36.973819732666016,48.045719146728516,-47.656333923339844,6.977404594421387,0.9637734293937683,1.0121241807937622
SB85916_component_1619a,44.28393,-46.392303,6.691999912261963,13.657142639160156,44.28384017944336,-46.392539978027344,6.365627765655518,1.0010502338409424,1.0512709617614746
SB85916_component_1621a,43.639592,-52.824549,7.203999996185303,21.698795318603516,43.63975143432617,-52.824615478515625,6.2630815505981445,1.095284104347229,1.1502325534820557
SB85916_component_1622a,46.734347,-53.39177,7.261000156402588,24.69727897644043,46.73456573486328,-53.391883850097656,6.610054016113281,1.0460022687911987,1.0984781980514526
SB85916_component_1624a,45.566674,-47.748552,6.927999973297119,39.58857345581055,45.5667839050293,-47.748661041259766,5.998604774475098,1.099762201309204,1.1549352407455444
SB85916_component_1626a,42.037432,-49.635544,6.583000183105469,35.015960693359375,42.03737258911133,-49.635562896728516,7.097047328948975,0.8832575082778931,0.9275688529014587
SB85916_component_1628a,48.315444,-51.248534,6.425000190734863,27.109704971313477,48.3154411315918,-51.24855041503906,6.510900020599365,0.9396654963493347,0.9868067502975464
SB85916_component_1629a,47.343775,-53.787071,6.929999828338623,13.832335472106934,47.34376525878906,-53.787174224853516,5.897228240966797,1.1189906597137451,1.1751283407211304
SB85916_component_1635a,46.055711,-53.327729,6.863999843597412,27.346614837646484,46.05576705932617,-53.327842712402344,6.288559436798096,1.0393630266189575,1.0915058851242065
SB85916_component_1637a,50.256498,-51.025474,6.638999938964844,30.45412826538086,50.25654220581055,-51.025413513183594,6.192111015319824,1.020951509475708,1.0721707344055176
SB85916_component_1639a,49.541215,-47.784901,6.879000186920166,34.39500045776367,49.541290283203125,-47.78507995605469,6.3946943283081055,1.0243459939956665,1.0757355690002441
SB85916_component_1640a,42.486153,-49.054282,6.685999870300293,36.140541076660156,42.48613739013672,-49.054161071777344,6.371182918548584,0.9992806315422058,1.0494126081466675
SB85916_component_1643a,43.436237,-49.563923,6.5,38.69047546386719,43.436336517333984,-49.56388473510742,7.3883137702941895,0.837739884853363,0.8797677159309387
SB85916_component_1653a,49.738446,-47.612437,7.215000152587891,32.20981979370117,49.738250732421875,-47.61249542236328,6.800685882568359,1.0102405548095703,1.060922384262085
SB85916_component_1657a,41.045504,-49.192183,6.314000129699707,20.5,41.04546356201172,-49.192195892333984,6.546064376831055,0.9184710383415222,0.9645490646362305
SB85916_component_1660a,44.677164,-53.371457,6.701000213623047,20.682100296020508,44.67707061767578,-53.371517181396484,5.434152603149414,1.1742186546325684,1.2331269979476929
SB85916_component_1664a,45.158148,-52.827963,6.300000190734863,25.925926208496094,45.1580924987793,-52.82796859741211,6.649553298950195,0.902171790599823,0.9474321007728577
SB85916_component_1666a,48.359097,-51.433578,6.651000022888184,23.41901397705078,48.35894775390625,-51.43348693847656,6.15557861328125,1.0288670063018799,1.080483317375183
SB85916_component_1668a,45.2283,-46.291808,6.99399995803833,14.3319673538208,45.228694915771484,-46.29170227050781,6.773324012756348,0.983252227306366,1.0325801372528076
SB85916_component_1672a,42.483352,-50.289881,6.395999908447266,30.457143783569336,42.48344039916992,-50.2898063659668,6.43267822265625,0.9467990398406982,0.9942981004714966
SB85916_component_1676a,48.816514,-47.503568,6.9770002365112305,32.00458908081055,48.816558837890625,-47.50363540649414,5.767348766326904,1.1519501209259033,1.2097413539886475
SB85916_component_1677a,45.465909,-47.347274,6.730000019073486,36.978023529052734,45.46566390991211,-47.34721374511719,5.121781349182129,1.2512242794036865,1.3139959573745728
SB85916_component_1680a,42.66195,-48.778849,6.578999996185303,34.265625,42.66182327270508,-48.778812408447266,6.484464168548584,0.9661108255386353,1.0145788192749023
SB85916_component_1681a,40.803107,-48.467962,6.249000072479248,14.669013977050781,40.80307388305664,-48.46802520751953,6.519731521606445,0.9126872420310974,0.9584750533103943
SB85916_component_1682a,48.011019,-50.150402,7.144000053405762,41.057472229003906,48.01097869873047,-50.15037155151367,6.44956111907959,1.0547571182250977,1.1076723337173462
SB85916_component_1684a,44.717917,-51.85257,6.85699987411499,24.577058792114258,44.71798324584961,-51.852474212646484,6.558619022369385,0.9955496191978455,1.0454944372177124
SB85916_component_1686a,42.990762,-49.524452,6.495999813079834,34.553192138671875,42.990623474121094,-49.52440643310547,4.532333850860596,1.3647881746292114,1.4332571029663086
SB85916_component_1688a,47.541896,-50.955531,6.632999897003174,33.33165740966797,47.5419921875,-50.9554443359375,6.544384956359863,0.9651222229003906,1.0135406255722046
SB85916_component_1689a,46.197133,-46.261256,6.765999794006348,12.863117218017578,46.19760513305664,-46.26141357421875,6.428638458251953,1.002199411392212,1.0524778366088867
SB85916_component_1690a,41.988459,-51.669394,7.052000045776367,28.66666603088379,41.98833084106445,-51.66935348510742,5.873343467712402,1.1433207988739014,1.2006789445877075
SB85916_component_1693a,41.002178,-47.41896,7.214000225067139,12.61188793182373,41.00188064575195,-47.418758392333984,5.945533275604248,1.1553844213485718,1.2133479118347168
SB85916_component_1695a,45.634891,-53.76149,6.235000133514404,14.73995304107666,45.63473129272461,-53.7615966796875,5.339461803436279,1.1119369268417358,1.1677206754684448
SB85916_component_1696a,47.044019,-48.953392,6.711999893188477,40.92682647705078,47.04400634765625,-48.953346252441406,6.305352210998535,1.01364004611969,1.0644924640655518
SB85916_component_1698a,40.62919,-48.051475,5.801000118255615,10.018998146057129,40.629127502441406,-48.05164337158203,6.789600372314453,0.8135792016983032,0.8543949127197266
SB85916_component_1700a,49.012572,-46.274004,6.734000205993652,10.740032196044922,49.01287841796875,-46.27408981323242,7.501281261444092,0.8548282384872437,0.8977133631706238
SB85916_component_1709a,46.839429,-49.120029,6.163000106811523,36.68452453613281,46.839385986328125,-49.11994934082031,6.217807769775391,0.9438349008560181,0.9911853671073914
SB85916_component_1712a,49.351268,-50.992148,6.038000106811523,22.958173751831055,49.351051330566406,-50.9920768737793,7.405527591705322,0.7763870358467102,0.8153369426727295
SB85916_component_1716a,40.425267,-50.169791,5.581999778747559,12.082250595092773,40.42496109008789,-50.170013427734375,5.390075206756592,0.9861344695091248,1.0356069803237915
SB85916_component_1720a,48.364943,-52.2436,6.364999771118164,31.509899139404297,48.36479187011719,-52.24363327026367,6.3921613693237305,0.9481822848320007,0.9957507848739624
SB85916_component_1721a,46.42106,-49.919268,5.63700008392334,27.768474578857422,46.421260833740234,-49.919193267822266,6.150323390960693,0.8727527856826782,0.9165371656417847
SB85916_component_1725a,50.127483,-52.881575,6.539000034332275,24.582706451416016,50.1273078918457,-52.881649017333984,5.465307235717773,1.1392995119094849,1.1964560747146606
SB85916_component_1729a,48.870431,-48.323828,6.300000190734863,31.97969627380371,48.87057876586914,-48.323936462402344,5.5675950050354,1.077492117881775,1.1315478086471558
SB85916_component_1732a,45.969821,-46.468803,6.363999843597412,18.079545974731445,45.96966552734375,-46.46875762939453,5.891108512878418,1.0286657810211182,1.0802720785140991
SB85916_component_1735a,46.621006,-49.98175,6.738999843597412,34.73711013793945,46.62079620361328,-49.98176956176758,4.947994709014893,1.2969027757644653,1.3619658946990967
SB85916_component_1736a,43.736338,-46.512273,6.703999996185303,13.145098686218262,43.73636245727539,-46.51226806640625,5.16772985458374,1.235308289527893,1.2972813844680786
SB85916_component_1737a,44.503686,-52.801736,6.198999881744385,14.865707397460938,44.5037956237793,-52.80189895629883,4.993014335632324,1.1822245121002197,1.2415345907211304
SB85916_component_1738a,42.114807,-46.787335,6.73199987411499,13.59999942779541,42.11443328857422,-46.78713607788086,5.534992694854736,1.1581590175628662,1.2162617444992065
SB85916_component_1739a,48.962154,-51.630825,6.001999855041504,28.580951690673828,48.96207046508789,-51.63091278076172,5.497419834136963,1.0396287441253662,1.0917848348617554
SB85916_component_1740a,45.649229,-51.485109,6.093999862670898,32.588233947753906,45.649139404296875,-51.484989166259766,5.91443395614624,0.9811387062072754,1.0303605794906616
SB85916_component_1743a,44.946049,-51.559567,6.749000072479248,24.541818618774414,44.946170806884766,-51.55961608886719,5.8975725173950195,1.0897008180618286,1.144369125366211
SB85916_component_1749a,40.996158,-48.561839,6.432000160217285,18.752187728881836,40.996124267578125,-48.56193923950195,5.4895920753479,1.115699291229248,1.171671748161316
SB85916_component_1753a,47.782674,-49.007554,6.10099983215332,37.20121765136719,47.78273391723633,-49.007423400878906,5.58969259262085,1.0393319129943848,1.0914732217788696
SB85916_component_1754a,51.299799,-51.249106,5.941999912261963,20.776222229003906,51.30025100708008,-51.24903106689453,6.153910160064697,0.9194384217262268,0.9655649662017822
SB85916_component_1757a,50.971791,-49.359725,6.4019999504089355,21.849828720092773,50.97160339355469,-49.3596305847168,6.099660873413086,0.9994271993637085,1.0495665073394775
SB85916_component_1767a,50.252796,-51.554536,6.381999969482422,27.157445907592773,50.25274658203125,-51.554603576660156,5.010660648345947,1.2128385305404663,1.2736843824386597
SB85916_component_1769a,46.015387,-51.796747,5.659999847412109,22.283462524414062,46.015403747558594,-51.7967414855957,6.816128253936768,0.7907147407531738,0.8303834199905396
SB85916_component_1770a,45.039037,-46.691885,5.492000102996826,19.003459930419922,45.03932571411133,-46.69209671020508,5.187461853027344,1.0081305503845215,1.0587066411972046
SB85916_component_1773a,45.499017,-47.1577,6.60699987411499,33.20100402832031,45.498783111572266,-47.15766525268555,5.548797130584717,1.133826494216919,1.1907085180282593
SB85916_component_1777a,44.634676,-52.707974,6.116000175476074,22.402931213378906,44.63465881347656,-52.70802688598633,5.386273384094238,1.081235408782959,1.1354789733886719
SB85916_component_1781a,44.993316,-49.92319,6.381999969482422,37.76331329345703,44.99351119995117,-49.923118591308594,5.988274097442627,1.0148370265960693,1.0657495260238647
SB85916_component_1784a,49.454804,-49.407301,5.603000164031982,29.48947525024414,49.45478057861328,-49.40730285644531,5.987067699432373,0.8911435008049011,0.9358505010604858
SB85916_component_1787a,43.616879,-47.472468,5.982999801635742,27.957942962646484,43.61699295043945,-47.4725227355957,5.586965560913086,1.0197275876998901,1.070885419845581
SB85916_component_1789a,44.130309,-47.773385,6.033999919891357,29.871286392211914,44.130367279052734,-47.77324676513672,5.750470161437988,0.9991785883903503,1.0493054389953613
SB85916_component_1790a,48.661156,-47.956505,6.607999801635742,31.769229888916016,48.66096115112305,-47.95661163330078,6.5831499099731445,0.9558229446411133,1.0037747621536255
SB85916_component_1791a,49.372819,-53.081683,5.698999881744385,20.35357093811035,49.37278366088867,-53.0817985534668,2.904681921005249,1.868276834487915,1.9620047807693481
SB85916_component_1802a,42.503616,-47.057701,6.25,18.656715393066406,42.50386428833008,-47.05775451660156,5.380496025085449,1.1061114072799683,1.1616029739379883
SB85916_component_1803a,44.875175,-52.468308,5.741000175476074,25.51555633544922,44.87511444091797,-52.468387603759766,5.556420803070068,0.9838606715202332,1.0332190990447998
SB85916_component_1804a,44.433354,-51.419939,6.418000221252441,28.524446487426758,44.43333053588867,-51.41997146606445,6.445663928985596,0.9481416940689087,0.995708167552948
SB85916_component_1806a,48.722606,-50.758344,5.546999931335449,22.011903762817383,48.722660064697266,-50.75835037231445,5.141994953155518,1.0272300243377686,1.0787642002105713
SB85916_component_1808a,42.529755,-48.441209,5.931000232696533,30.73056983947754,42.52996826171875,-48.44121170043945,6.331318378448486,0.8920207619667053,0.9367717504501343
SB85916_component_1810a,46.197097,-49.154016,5.859000205993652,36.39130783081055,46.19709396362305,-49.154029846191406,5.320487022399902,1.0486083030700684,1.1012150049209595
SB85916_component_1816a,50.81459,-51.206109,5.301000118255615,23.560001373291016,50.81462478637695,-51.20626449584961,5.071590900421143,0.9953017234802246,1.045234203338623
SB85916_component_1817a,42.595542,-50.865954,6.265999794006348,32.978946685791016,42.59569549560547,-50.86603927612305,5.965662956237793,1.000167727470398,1.0503442287445068
SB85916_component_1819a,43.034595,-47.755538,5.664000034332275,25.745454788208008,43.03473663330078,-47.75539779663086,5.461113452911377,0.9876048564910889,1.0371510982513428
SB85916_component_1822a,45.252601,-51.357586,5.918000221252441,26.538116455078125,45.25263214111328,-51.35756301879883,5.337971210479736,1.0556985139846802,1.1086609363555908
SB85916_component_1823a,46.674639,-51.750382,6.309999942779541,22.140350341796875,46.6746711730957,-51.750343322753906,4.711120128631592,1.2753998041152954,1.3393841981887817
SB85916_component_1825a,48.804955,-50.914883,5.306000232696533,26.00980567932129,48.80483627319336,-50.914794921875,5.319225311279297,0.9498609304428101,0.9975137114524841
SB85916_component_1826a,50.310647,-47.42131,6.645999908447266,23.319297790527344,50.310489654541016,-47.421295166015625,6.132218360900879,1.0320099592208862,1.0837839841842651
SB85916_component_1830a,45.526302,-52.03894,6.498000144958496,31.543689727783203,45.526344299316406,-52.038734436035156,4.564053535461426,1.3557205200195312,1.423734426498413
SB85916_component_1831a,43.458562,-48.869506,5.724999904632568,28.914140701293945,43.45859909057617,-48.869503021240234,5.5715813636779785,0.9784489870071411,1.0275359153747559
SB85916_component_1847a,41.59876,-51.074176,5.571000099182129,17.685714721679688,41.598758697509766,-51.074119567871094,5.270818710327148,1.006459355354309,1.0569515228271484
SB85916_component_1848a,48.630344,-49.054001,5.5980000495910645,29.463157653808594,48.63037872314453,-49.0540771484375,5.563859462738037,0.9580714702606201,1.006136178970337
SB85916_component_1863a,50.922776,-47.277275,5.447000026702881,10.535782814025879,50.92284393310547,-47.27748107910156,5.793764591217041,0.8952363133430481,0.940148651599884
SB85916_component_1866a,48.514265,-52.19856,5.894999980926514,27.546728134155273,48.51424789428711,-52.198486328125,7.640778064727783,0.7346616983413696,0.7715182900428772
SB85916_component_1867a,43.893711,-53.147554,6.210000038146973,15.882352828979492,43.893768310546875,-53.14748001098633,5.634698390960693,1.0494507551193237,1.1020997762680054
SB85916_component_1873a,47.444405,-51.380318,5.886000156402588,21.799999237060547,47.44440460205078,-51.380252838134766,5.881902694702148,0.9528918266296387,1.0006966590881348
SB85916_component_1876a,42.420959,-46.725992,5.374000072479248,11.632034301757812,42.42101287841797,-46.72573471069336,5.565114498138428,0.9195274710655212,0.9656584858894348
SB85916_component_1877a,48.325891,-51.008311,5.683000087738037,22.55158805847168,48.325687408447266,-51.00838851928711,5.0419487953186035,1.0732982158660889,1.1271435022354126
SB85916_component_1879a,50.655358,-48.613811,5.665999889373779,20.09219741821289,50.655086517333984,-48.61382293701172,4.535688400268555,1.1895275115966797,1.2492039203643799
SB85916_component_1888a,47.726942,-53.008227,6.007999897003174,27.8148136138916,47.7266731262207,-53.008304595947266,5.369172096252441,1.0655252933502197,1.1189806461334229
SB85916_component_1890a,41.616899,-48.752518,5.936999797821045,26.26991081237793,41.61688995361328,-48.7525749206543,5.560748100280762,1.0166583061218262,1.0676621198654175
SB85916_component_1893a,46.789146,-47.500696,5.375999927520752,30.719999313354492,46.78913497924805,-47.50053405761719,5.2138142585754395,0.9818493723869324,1.031106948852539
SB85916_component_1894a,48.491185,-47.166455,5.914000034332275,23.101560592651367,48.49134826660156,-47.166534423828125,5.540065765380859,1.016500473022461,1.0674962997436523
SB85916_component_1896a,49.091285,-48.362992,6.056000232696533,29.686275482177734,49.09111404418945,-48.363128662109375,5.276664733886719,1.0928676128387451,1.147694706916809
SB85916_component_1900a,50.585337,-52.986289,5.388000011444092,15.050278663635254,50.585384368896484,-52.98614501953125,5.481276988983154,0.9360240697860718,0.9829826354980469
SB85916_component_1904a,48.251571,-51.729416,5.834000110626221,23.24302864074707,48.25160217285156,-51.729583740234375,4.878045082092285,1.1388375759124756,1.195970892906189
SB85916_component_1905a,45.464324,-46.462752,5.182000160217285,12.308789253234863,45.46455383300781,-46.46292495727539,5.375749111175537,0.9179089069366455,0.9639586806297302
SB85916_component_1907a,46.98084,-53.351596,5.715000152587891,21.324626922607422,46.98044204711914,-53.35166549682617,4.523959159851074,1.202925443649292,1.263274073600769
SB85916_component_1914a,47.038942,-48.589779,5.560999870300293,33.70302963256836,47.03874969482422,-48.589744567871094,4.906467914581299,1.079257607460022,1.133401870727539
SB85916_component_1921a,44.976338,-49.163042,5.556000232696533,35.16455841064453,44.976417541503906,-49.16294860839844,5.067238807678223,1.044075846672058,1.0964552164077759
SB85916_component_1924a,49.858355,-51.17258,5.064000129699707,22.708520889282227,49.8581428527832,-51.17266082763672,7.349026679992676,0.6561529040336609,0.6890708804130554
SB85916_component_1927a,50.532383,-52.145961,5.353000164031982,22.778724670410156,50.5323600769043,-52.145816802978516,4.807888984680176,1.0601906776428223,1.1133785247802734
SB85916_component_1929a,45.427928,-47.020326,5.551000118255615,25.818605422973633,45.42784881591797,-47.02024459838867,5.167835235595703,1.0228307247161865,1.0741441249847412
SB85916_component_1934a,50.266624,-47.597509,5.796000003814697,24.251047134399414,50.26662826538086,-47.5976448059082,5.1242475509643555,1.0770589113235474,1.13109290599823
SB85916_component_1939a,49.587493,-51.921014,5.336999893188477,24.594470977783203,49.58740997314453,-51.92118835449219,4.946266174316406,1.027450442314148,1.078995704650879
SB85916_component_1943a,48.058338,-46.317009,5.991000175476074,11.433206558227539,48.05835723876953,-46.31699752807617,6.131049633026123,0.9304770231246948,0.9771573543548584
SB85916_component_1951a,49.07103,-52.299119,5.422999858856201,26.980098724365234,49.071170806884766,-52.29916763305664,5.445829391479492,0.9482365846633911,0.9958078861236572
SB85916_component_1952a,42.308294,-51.484557,5.318999767303467,23.025972366333008,42.308441162109375,-51.484458923339844,4.74254035949707,1.0679726600646973,1.1215507984161377
SB85916_component_1954a,47.941623,-47.576415,6.138000011444092,32.6489372253418,47.94173812866211,-47.57638931274414,5.077980995178223,1.151004433631897,1.2087481021881104
SB85916_component_1955a,50.973289,-47.855534,5.585999965667725,15.473684310913086,50.97346496582031,-47.855506896972656,4.821021556854248,1.1033238172531128,1.1586755514144897
SB85916_component_1956a,48.704798,-49.468811,5.421999931335449,28.387434005737305,48.704734802246094,-49.4687385559082,4.914154529571533,1.0506349802017212,1.1033433675765991
SB85916_component_1961a,41.970765,-48.62529,5.553999900817871,26.44761848449707,41.97065734863281,-48.6252326965332,5.179621696472168,1.0210546255111694,1.0722790956497192
SB85916_component_1963a,43.94582,-49.133755,5.3480000495910645,25.961164474487305,43.94583511352539,-49.13396453857422,5.058272838592529,1.006770133972168,1.0572779178619385
SB85916_component_1964a,40.880797,-49.502602,5.011000156402588,16.269481658935547,40.880577087402344,-49.50273132324219,4.9298624992370605,0.9679006338119507,1.0164583921432495
SB85916_component_1965a,46.743807,-51.468674,5.395999908447266,24.089284896850586,46.74368667602539,-51.46867752075195,5.630869388580322,0.9125100374221802,0.9582889676094055
SB85916_component_1968a,44.309754,-50.726343,5.986000061035156,32.710384368896484,44.30988311767578,-50.726383209228516,4.963674068450928,1.1483509540557861,1.2059615850448608
SB85916_component_1974a,41.918,-51.6129,5.205999851226807,22.536794662475586,41.918128967285156,-51.61297607421875,6.127457141876221,0.8090307712554932,0.8496183156967163
SB85916_component_1975a,45.63817,-48.055054,5.355999946594238,29.10869598388672,45.63821029663086,-48.05506134033203,5.163087844848633,0.9878073334693909,1.0373636484146118
SB85916_component_1978a,46.134728,-48.990277,5.474999904632568,32.01754379272461,46.13460159301758,-48.99024963378906,5.472794532775879,0.9526121616363525,1.0004029273986816
SB85916_component_1979a,42.349957,-53.504026,5.684999942779541,10.044169425964355,42.349876403808594,-53.503662109375,4.349281311035156,1.2446696758270264,1.307112455368042
SB85916_component_1981a,45.10159,-52.438026,5.229000091552734,23.876712799072266,45.101505279541016,-52.43787384033203,6.676822662353516,0.7457443475723267,0.7831569314002991
SB85916_component_1986a,42.12823,-49.634485,4.815000057220459,26.027027130126953,42.12814712524414,-49.634429931640625,5.725430011749268,0.8008098006248474,0.8409848809242249
SB85916_component_1989a,44.443144,-48.542877,5.616000175476074,26.61611557006836,44.44316101074219,-48.54271697998047,6.02457332611084,0.8876504898071289,0.932182252407074
SB85916_component_1991a,42.780164,-47.186369,5.545000076293945,18.483333587646484,42.78010559082031,-47.186405181884766,5.165789604187012,1.0221296548843384,1.0734080076217651
SB85916_component_1993a,40.515492,-51.654197,5.710999965667725,11.726899147033691,40.5161018371582,-51.654273986816406,4.724421977996826,1.1510777473449707,1.2088251113891602
SB85916_component_1996a,43.05867,-53.466565,5.317999839782715,13.812987327575684,43.058937072753906,-53.466556549072266,4.919070720672607,1.0294528007507324,1.0810984373092651
SB85916_component_1998a,43.169717,-47.284578,5.504000186920166,21.66929054260254,43.16989517211914,-47.28450012207031,5.100593090057373,1.0275404453277588,1.0790902376174927
SB85916_component_2000a,45.142301,-50.335197,5.460000038146973,32.5,45.142234802246094,-50.33522415161133,5.028453826904297,1.0339494943618774,1.0858209133148193
SB85916_component_2006a,43.810544,-50.823662,5.270999908447266,24.40277671813965,43.81049728393555,-50.8234977722168,4.856513023376465,1.033497929573059,1.0853465795516968
SB85916_component_2014a,42.702201,-46.727413,5.4730000495910645,12.727907180786133,42.702274322509766,-46.72761154174805,3.796217441558838,1.3728262186050415,1.4416981935501099
SB85916_component_2019a,45.189964,-48.901487,5.2179999351501465,29.988506317138672,45.18999099731445,-48.9016227722168,5.093604564666748,0.9754837155342102,1.0244219303131104
SB85916_component_2021a,47.85124,-46.850858,4.828000068664551,19.083003997802734,47.851104736328125,-46.850669860839844,5.179574966430664,0.8875939249992371,0.9321228265762329
SB85916_component_2025a,47.797519,-46.988778,5.452000141143799,21.050193786621094,47.79743194580078,-46.98879623413086,5.7707061767578125,0.8996385931968689,0.9447717666625977
SB85916_component_2030a,48.27333,-53.092758,5.428999900817871,21.715999603271484,48.27308654785156,-53.092926025390625,6.080807209014893,0.8501582145690918,0.8928090929985046
SB85916_component_2031a,41.927996,-52.873899,4.948999881744385,14.344926834106445,41.92793655395508,-52.873966217041016,4.452487468719482,1.0584148168563843,1.1115134954452515
SB85916_component_2037a,49.630268,-52.497372,5.3379998207092285,26.16666603088379,49.63017272949219,-52.49739074707031,4.829293251037598,1.0525339841842651,1.1053377389907837
SB85916_component_2041a,41.414363,-48.835771,5.553999900817871,23.238494873046875,41.414215087890625,-48.83579635620117,5.208886623382568,1.0153181552886963,1.066254734992981
SB85916_component_2045a,41.960597,-49.960151,5.565999984741211,27.418720245361328,41.96049499511719,-49.960357666015625,4.332619667053223,1.2233022451400757,1.2846730947494507
SB85916_component_2046a,49.695945,-49.666599,5.176000118255615,25.1262149810791,49.69607925415039,-49.66671371459961,3.849809169769287,1.2802543640136719,1.3444823026657104
SB85916_component_2047a,47.638673,-46.78861,5.610000133514404,19.964414596557617,47.638916015625,-46.78854751586914,5.880918979644775,0.9083617329597473,0.9539325833320618
SB85916_component_2048a,44.012245,-46.600794,4.7179999351501465,11.795000076293945,44.01256561279297,-46.6005859375,4.903246879577637,0.9162529110908508,0.9622195363044739
SB85916_component_2049a,49.018776,-48.108474,5.364999771118164,26.959796905517578,49.01860809326172,-48.108497619628906,4.126646995544434,1.2379798889160156,1.3000869750976562
SB85916_component_2056a,49.273213,-46.625435,4.985000133514404,13.546195983886719,49.273101806640625,-46.62568283081055,5.1664042472839355,0.9187936186790466,0.9648877382278442
SB85916_component_2058a,51.50851,-48.682074,5.3429999351501465,10.926380157470703,51.50857925415039,-48.6820182800293,6.23022985458374,0.8166242241859436,0.857592761516571
SB85916_component_2062a,41.47554,-47.921821,5.195000171661377,17.032787322998047,41.47562026977539,-47.92179870605469,3.9552836418151855,1.2506883144378662,1.313433051109314
SB85916_component_2065a,43.082583,-52.535984,5.019999980926514,21.36170196533203,43.082603454589844,-52.535892486572266,4.209255695343018,1.1356370449066162,1.1926099061965942
SB85916_component_2068a,46.906626,-50.339846,5.052999973297119,29.377904891967773,46.90678787231445,-50.339786529541016,6.804319381713867,0.7071405649185181,0.7426165342330933
SB85916_component_2070a,48.653479,-49.32492,5.271999835968018,30.651161193847656,48.65330123901367,-49.325042724609375,4.662022113800049,1.0768178701400757,1.1308397054672241
SB85916_component_2072a,47.710141,-51.688641,5.105000019073486,22.099567413330078,47.71022415161133,-51.68859100341797,4.503922462463379,1.0793095827102661,1.1334564685821533
SB85916_component_2073a,50.15197,-46.614857,5.638999938964844,11.772442817687988,50.15190505981445,-46.61504364013672,6.716589450836182,0.7994557619094849,0.8395630121231079
SB85916_component_2074a,44.953654,-47.461197,5.48799991607666,28.73298454284668,44.95370101928711,-47.46119689941406,5.0090718269348145,1.0432730913162231,1.0956121683120728
SB85916_component_2076a,47.764939,-47.285697,5.331999778747559,27.484533309936523,47.76484298706055,-47.28582763671875,5.44975471496582,0.9316533207893372,0.9783926010131836
SB85916_component_2078a,42.305971,-46.912387,5.248000144958496,12.894349098205566,42.30596923828125,-46.91256332397461,5.4337592124938965,0.9196754693984985,0.9658138751983643
SB85916_component_2080a,50.386925,-46.98517,5.328000068664551,14.63736343383789,50.38679885864258,-46.9853515625,5.257030010223389,0.9650835990905762,1.0134999752044678
SB85916_component_2084a,44.23582,-50.416198,5.442999839782715,33.59876251220703,44.235774993896484,-50.41612243652344,5.198426246643066,0.9970285892486572,1.0470476150512695
SB85916_component_2085a,51.236421,-49.134103,4.611000061035156,13.250000953674316,51.23643112182617,-49.13405227661133,5.725550651550293,0.7668651938438416,0.8053373694419861
SB85916_component_2088a,48.644326,-48.571114,4.730000019073486,24.7643985748291,48.64427947998047,-48.57107925415039,3.476073741912842,1.2957264184951782,1.3607306480407715
SB85916_component_2091a,43.939082,-49.949946,4.896999835968018,24.363182067871094,43.93918991088867,-49.94982147216797,4.412005424499512,1.0569032430648804,1.1099261045455933
SB85916_component_2095a,51.667194,-50.411867,4.9039998054504395,12.019607543945312,51.66703414916992,-50.41171646118164,6.022371292114258,0.7753969430923462,0.8142971396446228
SB85916_component_2097a,50.471091,-50.969722,4.763000011444092,21.07522201538086,50.471038818359375,-50.969600677490234,4.190096855163574,1.0824246406555176,1.1367279291152954
SB85916_component_2098a,45.95569,-53.519981,4.8480000495910645,14.17543888092041,45.955631256103516,-53.51990509033203,4.677254676818848,0.9869900345802307,1.0365054607391357
SB85916_component_2100a,51.569651,-49.842571,5.122000217437744,12.08018970489502,51.56977462768555,-49.84233093261719,5.064935684204102,0.9629568457603455,1.0112665891647339
SB85916_component_2102a,44.907915,-52.70258,4.541999816894531,19.24576187133789,44.907997131347656,-52.70254135131836,3.82338285446167,1.1312028169631958,1.187953233718872
SB85916_component_2105a,49.00743,-52.38082,4.535999774932861,21.396224975585938,49.007225036621094,-52.380794525146484,5.235756874084473,0.8249634504318237,0.8663503527641296
SB85916_component_2106a,51.272359,-49.352226,5.47599983215332,15.3820219039917,51.27189636230469,-49.35230255126953,4.68714714050293,1.1124897003173828,1.1683012247085571
SB85916_component_2108a,49.036857,-47.806954,5.0960001945495605,26.68062973022461,49.036842346191406,-47.80707550048828,4.478620529174805,1.0834935903549194,1.1378504037857056
SB85916_component_2109a,47.717747,-50.465293,4.734000205993652,22.542858123779297,47.71770477294922,-50.465301513671875,4.11959171295166,1.094246745109558,1.149143099784851
SB85916_component_2114a,50.863831,-50.438243,4.53000020980835,17.030075073242188,50.863712310791016,-50.438262939453125,4.2522664070129395,1.0144225358963013,1.0653142929077148
SB85916_component_2115a,43.976411,-48.354959,4.263999938964844,11.162303924560547,43.97673034667969,-48.3552131652832,5.167099952697754,0.7857990860939026,0.8252211213111877
SB85916_component_2117a,47.492327,-47.265473,5.236999988555908,26.31658363342285,47.49222946166992,-47.265533447265625,5.046628475189209,0.9881489276885986,1.0377224683761597
SB85916_component_2121a,48.509094,-49.328146,4.703999996185303,25.565217971801758,48.50911331176758,-49.328147888183594,4.074968338012695,1.0992190837860107,1.154364824295044
SB85916_component_2122a,42.478005,-49.530925,5.298999786376953,29.76966094970703,42.477909088134766,-49.53107833862305,4.691208362579346,1.0755988359451294,1.1295596361160278
SB85916_component_2125a,51.245153,-50.436694,5.00600004196167,16.91216278076172,51.245426177978516,-50.4368782043457,3.549508810043335,1.3429621458053589,1.4103360176086426
SB85916_component_2126a,42.399822,-47.957011,5.093999862670898,23.049772262573242,42.39990234375,-47.95682907104492,4.969252109527588,0.9761331677436829,1.0251039266586304
SB85916_component_2128a,41.88691,-48.699504,5.204999923706055,24.209300994873047,41.887027740478516,-48.69948959350586,4.758029937744141,1.041680932044983,1.0939401388168335
SB85916_component_2129a,50.88649,-50.322549,4.614999771118164,15.434782028198242,50.88667297363281,-50.322486877441406,3.5939695835113525,1.2227522134780884,1.2840954065322876
SB85916_component_2135a,47.579944,-48.121992,4.888999938964844,27.466291427612305,47.58025360107422,-48.121952056884766,4.013461112976074,1.1599576473236084,1.2181506156921387
SB85916_component_2137a,46.568439,-52.949608,4.357999801635742,20.951921463012695,46.56826400756836,-52.949703216552734,4.594109535217285,0.9032896757125854,0.948606014251709
SB85916_component_2140a,45.766889,-47.427873,4.952000141143799,27.060110092163086,45.766883850097656,-47.42795181274414,4.566293239593506,1.0326615571975708,1.0844682455062866
SB85916_component_2146a,40.596386,-52.313934,4.877999782562256,10.037036895751953,40.596683502197266,-52.3140754699707,4.640361309051514,1.000993251800537,1.0512112379074097
SB85916_component_2147a,46.103693,-47.033157,5.4029998779296875,25.013887405395508,46.103824615478516,-47.03330993652344,4.450809001922607,1.155945062637329,1.2139365673065186
SB85916_component_2154a,44.658263,-48.110095,5.031000137329102,22.66216278076172,44.65798568725586,-48.11009979248047,4.193542957305908,1.1423901319503784,1.1997015476226807
SB85916_component_2155a,46.041649,-53.38804,5.255000114440918,19.10909080505371,46.041629791259766,-53.388004302978516,4.841383934020996,1.0335806608200073,1.0854334831237793
SB85916_component_2157a,49.667537,-51.905384,5.208000183105469,25.038461685180664,49.66729736328125,-51.9051628112793,4.159790515899658,1.1921769380569458,1.2519861459732056
SB85916_component_2158a,44.133783,-53.521861,4.406000137329102,10.591346740722656,44.13347625732422,-53.52167510986328,4.025421619415283,1.0422557592391968,1.0945438146591187
SB85916_component_2162a,46.828755,-51.222291,5.139999866485596,17.602739334106445,46.82839584350586,-51.22217559814453,4.534512519836426,1.0793782472610474,1.133528709411621
SB85916_component_2169a,45.752925,-49.517256,5.0879998207092285,31.02438735961914,45.75299072265625,-49.51715850830078,4.967858791351318,0.9752568602561951,1.0241836309432983
SB85916_component_2170a,46.349614,-50.970044,5.084000110626221,21.72649574279785,46.34967041015625,-50.969932556152344,4.445031642913818,1.089110255241394,1.1437488794326782
SB85916_component_2173a,51.23927,-51.530596,4.769000053405762,15.285256385803223,51.2393913269043,-51.53065490722656,4.223117351531982,1.0753141641616821,1.1292606592178345
SB85916_component_2179a,48.456584,-48.120438,4.886000156402588,24.43000030517578,48.4564323425293,-48.120506286621094,4.6134490966796875,1.0084837675094604,1.059077501296997
SB85916_component_2182a,49.047765,-47.238072,5.11899995803833,20.47599983215332,49.047607421875,-47.23790740966797,4.463785648345947,1.0920007228851318,1.1467844247817993
SB85916_component_2196a,45.752715,-48.50075,4.934999942779541,26.11111068725586,45.752593994140625,-48.50072479248047,4.383261203765869,1.0720893144607544,1.1258740425109863
SB85916_component_2197a,48.632612,-50.364401,4.298999786376953,20.374406814575195,48.632774353027344,-50.36442947387695,4.226154327392578,0.9686419367790222,1.0172368288040161
SB85916_component_2203a,45.713193,-49.692242,4.72599983215332,25.96703338623047,45.71323776245117,-49.692115783691406,4.449070930480957,1.0114991664886475,1.062244176864624
SB85916_component_2205a,51.509431,-49.505444,5.15500020980835,13.050633430480957,51.50942611694336,-49.50524139404297,4.132872581481934,1.187730312347412,1.2473164796829224
SB85916_component_2207a,46.175781,-47.155249,4.710000038146973,24.404144287109375,46.17579650878906,-47.155269622802734,4.861133575439453,0.9226235151290894,0.9689098000526428
SB85916_component_2218a,43.490082,-51.178469,4.868000030517578,24.585859298706055,43.489837646484375,-51.178646087646484,4.068864822387695,1.1392484903335571,1.1964025497436523
SB85916_component_2219a,51.151764,-50.340294,4.936999797821045,17.75899314880371,51.15144348144531,-50.34039306640625,7.248013019561768,0.6486124992370605,0.6811521649360657
SB85916_component_2224a,48.478756,-52.215179,4.611000061035156,22.940298080444336,48.4791145324707,-52.21539306640625,4.403646469116211,0.9970659017562866,1.0470868349075317
SB85916_component_2225a,41.36672,-49.00012,4.742000102996826,20.61739158630371,41.366859436035156,-49.000118255615234,4.613685131072998,0.9787116646766663,1.0278117656707764
SB85916_component_2228a,42.534342,-46.732175,4.73199987411499,10.331877708435059,42.5340576171875,-46.731834411621094,5.273462772369385,0.8544566035270691,0.8973230719566345
SB85916_component_2229a,45.722448,-46.496368,4.61299991607666,12.673076629638672,45.72237777709961,-46.496280670166016,4.1286139488220215,1.0639479160308838,1.1173241138458252
SB85916_component_2231a,48.536551,-51.34438,4.814000129699707,19.97510528564453,48.536537170410156,-51.3444709777832,4.658724784851074,0.9839662909507751,1.033329963684082
SB85916_component_2232a,51.444798,-50.315012,4.682000160217285,12.898072242736816,51.444705963134766,-50.31491470336914,4.52542781829834,0.9851740002632141,1.0345983505249023
SB85916_component_2235a,46.886199,-50.592716,4.493000030517578,22.02450942993164,46.886207580566406,-50.592628479003906,3.67061185836792,1.1655720472335815,1.2240465879440308
SB85916_component_2236a,43.445642,-53.294351,4.559999942779541,11.96850299835205,43.44603729248047,-53.29443359375,3.8500211238861084,1.1278280019760132,1.1844090223312378
SB85916_component_2238a,46.77813,-48.289475,4.88700008392334,25.99468231201172,46.778133392333984,-48.28944396972656,4.1052775382995605,1.133550763130188,1.1904189586639404
SB85916_component_2240a,50.833599,-48.302849,4.52400016784668,10.5948486328125,50.833900451660156,-48.302825927734375,4.44530725479126,0.9690852165222168,1.0177024602890015
SB85916_component_2242a,46.635101,-50.644017,5.0269999504089355,24.285022735595703,46.635135650634766,-50.64407730102539,4.1191534996032715,1.1620961427688599,1.2203963994979858
SB85916_component_2243a,43.482451,-49.532517,5.060999870300293,29.59648895263672,43.48255157470703,-49.532508850097656,4.812741756439209,1.0013477802276611,1.0515835285186768
SB85916_component_2244a,45.818179,-46.876734,4.671000003814697,19.143442153930664,45.81848907470703,-46.87675857543945,4.407084941864014,1.0092520713806152,1.0598843097686768
SB85916_component_2245a,41.700239,-50.304136,4.438000202178955,19.379913330078125,41.70050811767578,-50.3042106628418,4.499499797821045,0.9392133355140686,0.9863318800926208
SB85916_component_2250a,44.512068,-52.965972,3.8589999675750732,14.957365036010742,44.51216125488281,-52.96614074707031,4.18626594543457,0.8777869343757629,0.9218239188194275
SB85916_component_2257a,45.347862,-51.551542,4.788000106811523,16.4536075592041,45.347835540771484,-51.551639556884766,4.444490909576416,1.025825023651123,1.0772887468338013
SB85916_component_2259a,46.879642,-53.065637,4.809999942779541,21.66666603088379,46.87958908081055,-53.065433502197266,4.3146185874938965,1.0615582466125488,1.1148146390914917
SB85916_component_2266a,42.132826,-51.614255,4.458000183105469,18.048583984375,42.13310623168945,-51.61419677734375,4.189126491546631,1.0133459568023682,1.0641837120056152
SB85916_component_2269a,50.364225,-53.181983,4.8480000495910645,13.102703094482422,50.36407470703125,-53.18215560913086,5.016606330871582,0.9202244281768799,0.9663903713226318
SB85916_component_2271a,44.062164,-49.3875,4.783999919891357,29.714284896850586,44.06216049194336,-49.387535095214844,4.678380489349365,0.9737260937690735,1.022576093673706
SB85916_component_2277a,49.185744,-50.150746,4.883999824523926,21.999998092651367,49.185726165771484,-50.150882720947266,3.795656442642212,1.2252646684646606,1.286733865737915
SB85916_component_2278a,49.096488,-52.351317,4.377999782562256,20.362789154052734,49.09619903564453,-52.351341247558594,4.5470170974731445,0.916833221912384,0.9628289937973022
SB85916_component_2279a,41.708341,-48.311431,4.443999767303467,18.991451263427734,41.70844650268555,-48.311302185058594,4.3009843826293945,0.9838917851448059,1.0332517623901367
SB85916_component_2281a,50.530029,-51.882629,4.538000106811523,18.829875946044922,50.530025482177734,-51.882503509521484,3.865875005722046,1.1177839040756226,1.173861026763916
SB85916_component_2286a,47.594246,-48.980403,4.3480000495910645,26.674846649169922,47.594207763671875,-48.98036575317383,4.009563446044922,1.0326035022735596,1.0844073295593262
SB85916_component_2287a,46.629285,-52.153357,4.359000205993652,22.239797592163086,46.62947463989258,-52.153316497802734,4.131593704223633,1.004639983177185,1.0550408363342285
SB85916_component_2292a,49.54418,-51.087539,3.8929998874664307,17.1497802734375,49.54431915283203,-51.0874137878418,3.5814712047576904,1.0350565910339355,1.0869834423065186
SB85916_component_2295a,41.733534,-52.127818,4.650000095367432,18.093385696411133,41.73414611816406,-52.12782669067383,4.662996292114258,0.9495745301246643,0.9972128868103027
SB85916_component_2296a,44.110791,-46.920397,4.014999866485596,14.870368957519531,44.11110305786133,-46.920249938964844,3.772796869277954,1.0133589506149292,1.0641971826553345
SB85916_component_2297a,44.965537,-53.150529,4.436999797821045,18.33470916748047,44.96543884277344,-53.15062713623047,3.6538541316986084,1.1563235521316528,1.2143341302871704
SB85916_component_2300a,41.542945,-52.013448,4.46999979019165,18.781511306762695,41.54310607910156,-52.013309478759766,3.734891891479492,1.1396477222442627,1.196821689605713
SB85916_component_2310a,44.468831,-46.983569,4.506999969482422,16.817163467407227,44.468963623046875,-46.98345947265625,3.6211352348327637,1.1851791143417358,1.2446372509002686
SB85916_component_2311a,43.44006,-50.671925,4.394999980926514,24.016393661499023,43.44020080566406,-50.67192077636719,4.824429512023926,0.8674692511558533,0.9109885096549988
SB85916_component_2312a,41.34778,-51.645864,4.117000102996826,13.111464500427246,41.34789276123047,-51.6457633972168,4.142549514770508,0.9463555812835693,0.9938324689865112
SB85916_component_2319a,42.920374,-50.042517,4.26800012588501,22.823530197143555,42.9202766418457,-50.04243087768555,4.016976833343506,1.0117337703704834,1.0624905824661255
SB85916_component_2320a,42.233033,-47.414813,4.461999893188477,16.525924682617188,42.23297882080078,-47.414703369140625,3.8283581733703613,1.1098344326019287,1.1655126810073853
SB85916_component_2323a,42.37015,-47.917741,4.257999897003174,17.89075469970703,42.370216369628906,-47.91786193847656,4.103543281555176,0.9880701303482056,1.037639856338501
SB85916_component_2324a,44.600504,-53.359246,4.230000019073486,13.301887512207031,44.60045623779297,-53.3591194152832,3.343305826187134,1.2047735452651978,1.2652148008346558
SB85916_component_2325a,42.364974,-51.937186,4.142000198364258,17.776824951171875,42.365020751953125,-51.937232971191406,3.9494755268096924,0.99864661693573,1.048746943473816
SB85916_component_2328a,44.396186,-51.774117,4.609000205993652,17.262174606323242,44.396419525146484,-51.77444076538086,4.039453983306885,1.0864887237548828,1.1409958600997925
SB85916_component_2332a,41.913806,-52.975588,4.360000133514404,12.823529243469238,41.913963317871094,-52.975914001464844,4.063624858856201,1.0216779708862305,1.0729336738586426
SB85916_component_2335a,50.036363,-47.088224,4.745999813079834,15.560654640197754,50.036170959472656,-47.088050842285156,4.184538841247559,1.0799938440322876,1.1341750621795654
SB85916_component_2337a,43.482968,-46.825743,4.2829999923706055,12.597058296203613,43.48344421386719,-46.825653076171875,3.5372314453125,1.1529905796051025,1.21083402633667
SB85916_component_2339a,48.795221,-48.842829,4.114999771118164,21.657894134521484,48.795345306396484,-48.84266662597656,3.662773370742798,1.0697959661483765,1.1234655380249023
SB85916_component_2345a,42.587191,-52.688876,4.548999786376953,16.422380447387695,42.58693313598633,-52.6890754699707,4.56939172744751,0.9479789733886719,0.995537281036377
SB85916_component_2347a,43.10547,-47.699167,4.547999858856201,20.672727584838867,43.105289459228516,-47.698978424072266,3.599945306777954,1.2030001878738403,1.2633525133132935
SB85916_component_2348a,46.808846,-49.246207,3.930000066757202,23.392858505249023,46.80882263183594,-49.24631881713867,3.6760072708129883,1.0180224180221558,1.0690947771072388
SB85916_component_2350a,46.345266,-52.076296,4.307000160217285,21.112747192382812,46.345458984375,-52.07612609863281,3.2315285205841064,1.2691357135772705,1.332805871963501
SB85916_component_2352a,40.663479,-51.813335,4.357999801635742,10.278301239013672,40.663726806640625,-51.813568115234375,3.808171510696411,1.089712381362915,1.1443811655044556
SB85916_component_2353a,44.789179,-51.395198,4.373000144958496,19.096071243286133,44.78928756713867,-51.39497375488281,3.9743239879608154,1.0477492809295654,1.1003129482269287
SB85916_component_2362a,48.22997,-52.409348,4.5929999351501465,23.314720153808594,48.22999954223633,-52.40939712524414,3.663792371749878,1.1937317848205566,1.2536190748214722
SB85916_component_2363a,44.968216,-52.913822,4.216000080108643,17.13821029663086,44.96825408935547,-52.914039611816406,3.8319857120513916,1.047654151916504,1.1002129316329956
SB85916_component_2365a,46.21918,-51.716546,4.3520002365112305,14.802721977233887,46.219356536865234,-51.71664810180664,4.306172847747803,0.9623623490333557,1.0106422901153564
SB85916_component_2369a,42.389592,-49.449661,4.599999904632568,24.210525512695312,42.389530181884766,-49.44978713989258,3.8297834396362305,1.1437333822250366,1.2011122703552246
SB85916_component_2370a,50.598369,-49.857325,3.9089999198913574,15.63599967956543,50.59818649291992,-49.85731506347656,3.636883020401001,1.0234756469726562,1.0748214721679688
SB85916_component_2371a,49.805074,-48.003278,3.940000057220459,19.50494956970215,49.804935455322266,-48.003196716308594,3.0242631435394287,1.2405600547790527,1.302796721458435
SB85916_component_2372a,42.010585,-47.71522,3.9570000171661377,13.933097839355469,42.01078796386719,-47.71520233154297,3.9741275310516357,0.9481246471405029,0.9956902265548706
SB85916_component_2380a,47.579546,-52.601579,4.534999847412109,24.25133514404297,47.579593658447266,-52.60145950317383,3.4351108074188232,1.2571227550506592,1.3201903104782104
SB85916_component_2381a,48.468201,-48.215722,4.375999927520752,23.782608032226562,48.46848678588867,-48.21570587158203,3.657970666885376,1.1391431093215942,1.1962916851043701
SB85916_component_2385a,51.504576,-51.35661,4.132999897003174,12.049562454223633,51.50517654418945,-51.35701370239258,3.0650081634521484,1.284029245376587,1.3484466075897217
SB85916_component_2387a,47.719882,-50.820772,4.210999965667725,21.818653106689453,47.71979904174805,-50.820579528808594,3.907593011856079,1.0261647701263428,1.0776455402374268
SB85916_component_2389a,45.732416,-52.72919,4.0980000495910645,19.701923370361328,45.73223114013672,-52.72916030883789,3.2958054542541504,1.1839995384216309,1.243398666381836
SB85916_component_2396a,47.821589,-51.055234,4.374000072479248,15.905454635620117,47.82151412963867,-51.0550651550293,3.4178736209869385,1.218607783317566,1.2797430753707886
SB85916_component_2398a,47.158313,-52.429151,4.1519999504089355,22.085107803344727,47.15818786621094,-52.42919158935547,3.754948854446411,1.0529178380966187,1.1057407855987549
SB85916_component_2407a,47.818926,-49.449872,4.491000175476074,26.73214340209961,47.8188362121582,-49.44978713989258,4.2519001960754395,1.005775809288025,1.0562336444854736
SB85916_component_2412a,46.431871,-49.795195,4.296000003814697,22.49214744567871,46.43174743652344,-49.7950439453125,4.060719013214111,1.0074012279510498,1.0579407215118408
SB85916_component_2416a,51.494304,-51.67913,4.021999835968018,11.458688735961914,51.4942741394043,-51.67929458618164,4.3465576171875,0.8811255097389221,0.9253299236297607
SB85916_component_2421a,44.234656,-49.900411,4.138000011444092,23.919076919555664,44.23470687866211,-49.90040969848633,4.345486164093018,0.9067620038986206,0.9522525072097778
SB85916_component_2428a,51.010378,-50.297588,4.0929999351501465,13.332246780395508,51.01057052612305,-50.297332763671875,3.4003422260284424,1.1461997032165527,1.2037023305892944
SB85916_component_2437a,45.533605,-51.867275,4.006999969482422,15.471041679382324,45.53371810913086,-51.86711883544922,3.6770808696746826,1.0376653671264648,1.0897231101989746
SB85916_component_2439a,49.766015,-49.227096,4.051000118255615,21.663101196289062,49.76591491699219,-49.22727966308594,3.773601531982422,1.0222270488739014,1.0735102891921997
SB85916_component_2440a,49.26063,-47.213834,4.236000061035156,17.873416900634766,49.26072311401367,-47.21393966674805,4.266690254211426,0.9453791379928589,0.9928070306777954
SB85916_component_2443a,45.242086,-47.876593,3.7890000343322754,20.15425682067871,45.24201202392578,-47.876502990722656,3.8578433990478516,0.9352359771728516,0.9821549654006958
SB85916_component_2444a,45.38989,-48.224145,3.7750000953674316,22.07602310180664,45.39014434814453,-48.22414016723633,3.46683931350708,1.0368702411651611,1.0888880491256714
SB85916_component_2445a,41.492589,-51.084445,3.8959999084472656,11.841944694519043,41.492706298828125,-51.08442306518555,3.430208206176758,1.081532597541809,1.1357910633087158
SB85916_component_2455a,43.422389,-49.775795,3.9509999752044678,21.8287296295166,43.422645568847656,-49.77574920654297,4.039437770843506,0.9313808083534241,0.9781064391136169
SB85916_component_2458a,45.856376,-53.061668,3.8940000534057617,18.45497703552246,45.85630798339844,-53.06172561645508,3.723287582397461,0.9958881139755249,1.0458499193191528
SB85916_component_2461a,42.336118,-48.390048,3.8959999084472656,17.62895965576172,42.3362922668457,-48.38996505737305,3.741318941116333,0.9915973544120789,1.0413439273834229
SB85916_component_2462a,42.874645,-50.42421,3.6549999713897705,18.36683464050293,42.87491989135742,-50.42414093017578,3.6516644954681396,0.9530982375144958,1.000913381576538
SB85916_component_2465a,47.341756,-46.644091,3.9719998836517334,12.896103858947754,47.341217041015625,-46.64401626586914,3.4017014503479004,1.111870527267456,1.1676509380340576
SB85916_component_2466a,43.718784,-49.792018,3.7019999027252197,20.453039169311523,43.71873474121094,-49.79201889038086,3.9717037677764893,0.8875661492347717,0.9320936799049377
SB85916_component_2468a,42.622973,-49.935799,3.8559999465942383,19.97927474975586,42.62326431274414,-49.935768127441406,4.409659385681152,0.8326704502105713,0.8744439482688904
SB85916_component_2470a,41.655542,-48.200479,3.9619998931884766,14.894736289978027,41.65552520751953,-48.20061492919922,3.939450740814209,0.957679033279419,1.0057239532470703
SB85916_component_2481a,50.138083,-49.807532,3.88100004196167,19.601011276245117,50.13815689086914,-49.80766677856445,3.367029905319214,1.0975841283798218,1.1526479721069336
SB85916_component_2483a,42.722873,-48.751331,3.869999885559082,18.16901397705078,42.72283172607422,-48.751277923583984,3.8729820251464844,0.9514952898025513,0.9992300271987915
SB85916_component_2487a,51.71736,-50.473967,4.285999774932861,10.302884101867676,51.71724319458008,-50.474159240722656,3.155585289001465,1.293342113494873,1.3582265377044678
SB85916_component_2491a,41.734802,-52.0933,4.070000171661377,15.8984375,41.73420715332031,-52.093345642089844,3.303135633468628,1.1733002662658691,1.232162594795227
SB85916_component_2494a,50.597138,-49.17641,3.6700000762939453,15.040984153747559,50.59708023071289,-49.176387786865234,3.487142324447632,1.0021611452102661,1.052437663078308
SB85916_component_2496a,47.314566,-53.476208,4.236000061035156,12.495575904846191,47.31459426879883,-53.475852966308594,3.5779471397399902,1.127361536026001,1.183919072151184
SB85916_component_2497a,45.688822,-51.292326,4.271999835968018,18.413793563842773,45.68877410888672,-51.2922248840332,3.422595500946045,1.18854820728302,1.2481755018234253
SB85916_component_2502a,50.438656,-52.175174,3.7130000591278076,16.143478393554688,50.43844985961914,-52.17511749267578,3.2620718479156494,1.083858609199524,1.1382336616516113
SB85916_component_2505a,47.1553,-47.882102,4.175000190734863,23.72159194946289,47.155147552490234,-47.881988525390625,3.334181070327759,1.192362904548645,1.2521816492080688
SB85916_component_2508a,50.207997,-52.906374,4.193999767303467,15.08633041381836,50.20821762084961,-52.906349182128906,2.8873887062072754,1.3831342458724976,1.4525234699249268
SB85916_component_2511a,47.79257,-49.084861,3.5999999046325684,22.5,47.79281234741211,-49.084922790527344,3.455092191696167,0.9921652674674988,1.0419403314590454
SB85916_component_2515a,47.842895,-47.218763,4.160999774932861,19.353487014770508,47.84288787841797,-47.21881103515625,3.2763772010803223,1.209330439567566,1.2700002193450928
SB85916_component_2517a,46.383539,-47.323737,4.054999828338623,22.28022003173828,46.38382339477539,-47.32373809814453,3.349128007888794,1.1529228687286377,1.210762858390808
SB85916_component_2522a,42.471128,-48.512711,3.6559998989105225,17.74757194519043,42.47117614746094,-48.51285171508789,3.7046737670898438,0.9397175908088684,0.9868614673614502
SB85916_component_2527a,44.365797,-47.430067,3.759000062942505,17.483720779418945,44.36593246459961,-47.430118560791016,3.7570509910583496,0.9527224898338318,1.000518798828125
SB85916_component_2529a,50.179764,-52.009754,3.882999897003174,20.98918914794922,50.179664611816406,-52.00950622558594,3.529918670654297,1.0474754571914673,1.1000252962112427
SB85916_component_2533a,49.93146,-51.115634,3.825000047683716,18.567960739135742,49.93136978149414,-51.11566925048828,2.877913236618042,1.2655954360961914,1.3290880918502808
SB85916_component_2536a,43.754999,-51.193662,4.059999942779541,22.065217971801758,43.75495910644531,-51.193748474121094,3.6555445194244385,1.0575846433639526,1.110641598701477
SB85916_component_2537a,45.230017,-51.970231,3.871000051498413,15.995867729187012,45.230167388916016,-51.97001647949219,3.7130932807922363,0.9927239418029785,1.0425269603729248
SB85916_component_2539a,43.268658,-52.436968,3.447000026702881,16.18309783935547,43.26908874511719,-52.4371452331543,3.6008567810058594,0.9115418195724487,0.9572721719741821
SB85916_component_2542a,51.240619,-51.933883,3.9210000038146973,13.382251739501953,51.2409782409668,-51.93369674682617,3.934537410736084,0.9489522576332092,0.9965593218803406
SB85916_component_2547a,44.446981,-53.501757,4.0879998207092285,11.292817115783691,44.446922302246094,-53.50230026245117,4.370267391204834,0.8907257318496704,0.935411810874939
SB85916_component_2558a,47.841621,-51.179604,3.7780001163482666,13.541218757629395,47.84160614013672,-51.1792106628418,3.684321165084839,0.9764401912689209,1.0254263877868652
SB85916_component_2559a,41.76595,-47.993176,3.7990000247955322,11.653373718261719,41.7662239074707,-47.99324035644531,3.982426643371582,0.908369779586792,0.9539409875869751
SB85916_component_2562a,43.735617,-50.846265,3.940999984741211,20.633508682250977,43.735450744628906,-50.84602737426758,3.306866407394409,1.134830355644226,1.1917626857757568
SB85916_component_2564a,41.968597,-50.017764,3.9749999046325684,20.489688873291016,41.96865463256836,-50.01772689819336,2.9031894207000732,1.3037757873535156,1.3691837787628174
SB85916_component_2573a,49.585222,-48.233488,3.9119999408721924,19.08292579650879,49.5850830078125,-48.23357391357422,3.3944902420043945,1.0974012613296509,1.1524558067321777
SB85916_component_2575a,44.471564,-51.160385,3.7780001163482666,19.575130462646484,44.471492767333984,-51.16041564941406,3.519620180130005,1.0221327543258667,1.0734113454818726
SB85916_component_2577a,43.258363,-52.641803,3.9000000953674316,16.95652198791504,43.258121490478516,-52.64194869995117,2.696047782897949,1.3774574995040894,1.4465619325637817
SB85916_component_2578a,44.298271,-48.705224,3.634000062942505,17.38755989074707,44.298179626464844,-48.705142974853516,3.0150067806243896,1.1477248668670654,1.2053041458129883
SB85916_component_2582a,48.918243,-47.546454,3.7330000400543213,18.033817291259766,48.91795349121094,-47.546627044677734,3.5019209384918213,1.0150625705718994,1.0659863948822021
SB85916_component_2583a,43.728614,-48.646988,3.3389999866485596,13.355999946594238,43.72842025756836,-48.647037506103516,3.724980354309082,0.8535590767860413,0.8963805437088013
SB85916_component_2584a,48.383625,-50.266871,3.384000062942505,18.491804122924805,48.38345718383789,-50.26667785644531,3.801039218902588,0.8477526903152466,0.8902828693389893
SB85916_component_2585a,46.345199,-52.940724,3.609999895095825,17.52427101135254,46.34516525268555,-52.94084548950195,3.879343271255493,0.8861151337623596,0.9305698275566101
SB85916_component_2586a,44.416535,-53.078773,3.8559999465942383,14.28148078918457,44.416568756103516,-53.07905197143555,3.795693874359131,0.9673575162887573,1.015887975692749
SB85916_component_2587a,45.293175,-51.111749,3.4809999465942383,18.51595687866211,45.293087005615234,-51.111568450927734,3.123684883117676,1.0611529350280762,1.1143889427185059
SB85916_component_2588a,50.051401,-52.413584,3.5810000896453857,15.109704971313477,50.0511360168457,-52.41360855102539,2.947091817855835,1.1570491790771484,1.2150962352752686
SB85916_component_2591a,48.032269,-48.371672,3.6019999980926514,18.663211822509766,48.032127380371094,-48.371829986572266,3.3336315155029297,1.028886079788208,1.0805033445358276
SB85916_component_2593a,46.099044,-52.00015,4.041999816894531,18.626728057861328,46.099159240722656,-52.0001335144043,4.025950908660889,0.9560244083404541,1.0039863586425781
SB85916_component_2596a,48.469646,-49.327021,3.818000078201294,20.52688217163086,48.469844818115234,-49.32719039916992,3.1708571910858154,1.1465696096420288,1.2040908336639404
SB85916_component_2598a,47.707432,-49.422313,3.931999921798706,21.84444236755371,47.70766830444336,-49.42231369018555,3.801905870437622,0.9848119616508484,1.0342180728912354
SB85916_component_2603a,48.161774,-51.799647,3.6050000190734863,18.487180709838867,48.161930084228516,-51.79943084716797,3.2748117446899414,1.0482385158538818,1.100826621055603
SB85916_component_2608a,42.381943,-47.210155,3.433000087738037,11.597972869873047,42.382179260253906,-47.21007537841797,3.2997939586639404,0.9906680583953857,1.0403679609298706
SB85916_component_2614a,46.644337,-47.428578,3.7209999561309814,21.508670806884766,46.6446647644043,-47.42840576171875,3.1963067054748535,1.108542561531067,1.1641560792922974
SB85916_component_2616a,45.115193,-48.96649,3.325000047683716,18.47222137451172,45.11503982543945,-48.966453552246094,3.115133047103882,1.0163803100585938,1.0673701763153076
SB85916_component_2620a,45.140027,-46.745409,3.4800000190734863,11.877132415771484,45.140438079833984,-46.745513916015625,3.206942319869995,1.0333067178726196,1.0851458311080933
SB85916_component_2621a,49.092221,-48.663,3.6700000762939453,19.11458396911621,49.09199523925781,-48.662906646728516,3.138427734375,1.1135125160217285,1.1693754196166992
SB85916_component_2623a,45.750293,-52.767773,3.8589999675750732,18.733009338378906,45.75022888183594,-52.76784896850586,3.453686475753784,1.063978910446167,1.117356777191162
SB85916_component_2625a,41.782116,-53.009109,3.73799991607666,10.102702140808105,41.782501220703125,-53.00944519042969,2.651909112930298,1.3422141075134277,1.4095505475997925
SB85916_component_2635a,47.053105,-51.007688,3.7109999656677246,13.397110939025879,47.052955627441406,-51.00764465332031,3.764051675796509,0.938807487487793,0.9859057068824768
SB85916_component_2641a,50.476095,-53.056191,3.7039999961853027,10.613180160522461,50.476409912109375,-53.05590057373047,3.27858829498291,1.07578444480896,1.1297545433044434
SB85916_component_2642a,43.082783,-47.545136,3.5850000381469727,15.000000953674316,43.083152770996094,-47.54507827758789,3.5044167041778564,0.9741247296333313,1.0229947566986084
SB85916_component_2648a,44.680099,-50.121559,3.4240000247955322,22.090322494506836,44.680240631103516,-50.121524810791016,3.2239983081817627,1.0113002061843872,1.062035322189331
SB85916_component_2649a,47.112587,-48.030069,3.5439999103546143,20.485549926757812,47.112186431884766,-48.0301513671875,3.1209676265716553,1.0812984704971313,1.135545253753662
SB85916_component_2650a,44.910361,-50.599677,3.865999937057495,22.091428756713867,44.91048049926758,-50.59947204589844,3.7274398803710938,0.9876256585121155,1.0371730327606201
SB85916_component_2652a,49.575459,-51.355231,3.5850000381469727,15.06302547454834,49.575782775878906,-51.355228424072266,3.634669303894043,0.939215898513794,0.9863345623016357
SB85916_component_2654a,49.461133,-51.669488,3.6489999294281006,16.662099838256836,49.461238861083984,-51.66950607299805,3.483149528503418,0.9975689053535461,1.0476150512695312
SB85916_component_2655a,47.006268,-52.043979,3.7209999561309814,18.51243782043457,47.00624465942383,-52.044002532958984,3.752066135406494,0.9443442821502686,0.9917202591896057
SB85916_component_2658a,45.357909,-47.588163,3.3420000076293945,19.097143173217773,45.357845306396484,-47.58804702758789,3.0255539417266846,1.0518231391906738,1.1045911312103271
SB85916_component_2660a,46.123942,-49.931246,3.7929999828338623,18.148324966430664,46.12419891357422,-49.93115234375,3.539482593536377,1.0204323530197144,1.0716255903244019
SB85916_component_2661a,45.378706,-50.496223,3.489000082015991,22.365385055541992,45.37836837768555,-50.49609375,4.048944473266602,0.8205410838127136,0.8617060780525208
SB85916_component_2667a,42.029196,-51.097934,3.2769999504089355,13.003968238830566,42.02882385253906,-51.09801483154297,3.2610058784484863,0.9568988084793091,1.0049046277999878
SB85916_component_2668a,49.138947,-52.355365,3.2890000343322754,15.087156295776367,49.13838577270508,-52.35539627075195,2.654963254928589,1.1796319484710693,1.2388118505477905
SB85916_component_2672a,42.435218,-50.172304,3.8259999752044678,19.03482437133789,42.43517303466797,-50.17221450805664,3.498159885406494,1.0414693355560303,1.0937178134918213
SB85916_component_2675a,41.654489,-49.11398,3.7990000247955322,18.900497436523438,41.654388427734375,-49.114036560058594,3.8176608085632324,0.9475739598274231,0.9951120018959045
SB85916_component_2678a,50.323079,-52.193988,3.681999921798706,17.046295166015625,50.32291793823242,-52.1938591003418,3.0111327171325684,1.1643807888031006,1.2227956056594849
SB85916_component_2679a,43.101719,-51.081896,3.375,15.995261192321777,43.101768493652344,-51.08208465576172,3.530946731567383,0.9101726412773132,0.9558343291282654
SB85916_component_2680a,45.971756,-49.744154,3.6559998989105225,20.08791160583496,45.97208023071289,-49.74402618408203,3.126169443130493,1.1136143207550049,1.1694823503494263
SB85916_component_2682a,43.102847,-53.154643,3.928999900817871,12.674193382263184,43.10292053222656,-53.15464401245117,3.3930671215057373,1.1026324033737183,1.1579493284225464
SB85916_component_2683a,50.761073,-50.913284,3.4619998931884766,14.305785179138184,50.76091003417969,-50.91315460205078,2.6396822929382324,1.2488681077957153,1.3115214109420776
SB85916_component_2685a,46.322962,-50.91075,3.809999942779541,17.55760383605957,46.32262420654297,-50.910499572753906,3.6944639682769775,0.9820072650909424,1.0312727689743042
SB85916_component_2686a,45.512729,-47.453505,3.5920000076293945,17.436893463134766,45.51277542114258,-47.45350646972656,3.2311434745788574,1.0585740804672241,1.1116807460784912
SB85916_component_2688a,41.006857,-49.280818,3.885999917984009,12.699346542358398,41.006690979003906,-49.28137969970703,3.190207004547119,1.1599122285842896,1.2181026935577393
SB85916_component_2692a,47.314342,-52.195115,3.6570000648498535,18.94818687438965,47.314449310302734,-52.19511413574219,3.7373077869415283,0.9317668676376343,0.9785118699073792
SB85916_component_2694a,43.28954,-51.01478,3.8540000915527344,19.36683464050293,43.289306640625,-51.014957427978516,3.4930171966552734,1.0506356954574585,1.103344202041626
SB85916_component_2700a,46.140687,-51.180144,3.427999973297119,13.711999893188477,46.1408805847168,-51.180179595947266,4.280782699584961,0.7625332474708557,0.8007881045341492
SB85916_component_2704a,45.016473,-49.651613,3.4820001125335693,21.103029251098633,45.016197204589844,-49.65155792236328,3.449415922164917,0.9612235426902771,1.0094462633132935
SB85916_component_2705a,46.511699,-47.230028,3.552999973297119,18.22051429748535,46.51225280761719,-47.23013687133789,2.109301805496216,1.6039751768112183,1.6844435930252075
SB85916_component_2709a,42.302013,-49.388515,3.5460000038146973,18.962566375732422,42.301780700683594,-49.38850784301758,3.1449711322784424,1.0736511945724487,1.127514362335205
SB85916_component_2710a,48.932269,-50.943121,3.3380000591278076,15.104072570800781,48.93212890625,-50.942806243896484,2.7208096981048584,1.1682326793670654,1.2268407344818115
SB85916_component_2714a,42.627385,-48.502755,3.052999973297119,14.820387840270996,42.62724685668945,-48.50260925292969,3.034714937210083,0.9579659104347229,1.0060253143310547
SB85916_component_2717a,49.951526,-47.676761,3.5299999713897705,16.49532699584961,49.95181655883789,-47.67708969116211,3.3415188789367676,1.0059397220611572,1.056405782699585
SB85916_component_2718a,47.68608,-50.21846,3.6519999504089355,17.473684310913086,47.68606185913086,-50.21835708618164,3.1479642391204834,1.1046943664550781,1.1601147651672363
SB85916_component_2725a,45.294322,-48.196861,3.3970000743865967,19.084270477294922,45.294498443603516,-48.19706726074219,3.2301599979400635,1.00141179561615,1.0516507625579834
SB85916_component_2731a,46.471761,-51.734544,3.5280001163482666,13.164178848266602,46.47163391113281,-51.73429870605469,3.0147345066070557,1.1143476963043213,1.1702523231506348
SB85916_component_2733a,49.491813,-51.740112,3.236999988555908,15.637681007385254,49.49196243286133,-51.7398681640625,2.7038891315460205,1.1399741172790527,1.1971644163131714
SB85916_component_2735a,44.11339,-46.846941,3.6659998893737793,13.092856407165527,44.11353302001953,-46.84695053100586,3.3438453674316406,1.0439685583114624,1.0963425636291504
SB85916_component_2736a,47.644888,-47.877104,3.193000078201294,17.938201904296875,47.64473342895508,-47.87698745727539,2.816950559616089,1.0793464183807373,1.1334952116012573
SB85916_component_2737a,48.341938,-51.299442,3.7920000553131104,15.800000190734863,48.3419303894043,-51.2994499206543,2.9672396183013916,1.2169055938720703,1.277955412864685
SB85916_component_2741a,48.944697,-50.117636,3.25600004196167,16.280000686645508,48.944786071777344,-50.117584228515625,3.3385417461395264,0.92868572473526,0.9752761125564575
SB85916_component_2746a,46.659142,-48.15413,3.384000062942505,20.7607364654541,46.659156799316406,-48.15433883666992,3.7086448669433594,0.8688730001449585,0.9124627113342285
SB85916_component_2748a,46.404401,-47.259643,3.546999931335449,18.283504486083984,46.404319763183594,-47.25959014892578,3.0987160205841064,1.0899851322174072,1.144667625427246
SB85916_component_2753a,49.172371,-49.10972,3.382999897003174,17.260204315185547,49.17216491699219,-49.10975646972656,2.69477915763855,1.1954185962677002,1.2553904056549072
SB85916_component_2754a,48.572155,-52.280643,3.381999969482422,16.338163375854492,48.572383880615234,-52.280609130859375,2.960242748260498,1.0878962278366089,1.142473816871643
SB85916_component_2759a,42.397463,-49.520542,3.5220000743865967,19.037837982177734,42.39754104614258,-49.520416259765625,3.120635986328125,1.0747004747390747,1.1286160945892334
SB85916_component_2760a,40.826268,-49.814026,3.38700008392334,10.110447883605957,40.8265380859375,-49.81374740600586,2.5047049522399902,1.2876558303833008,1.35225510597229
SB85916_component_2762a,46.621875,-52.67834,3.3269999027252197,17.510526657104492,46.62185287475586,-52.67820739746094,3.188072443008423,0.99372398853302,1.0435773134231567
SB85916_component_2765a,48.317415,-52.351142,3.308000087738037,16.29556655883789,48.31795120239258,-52.351375579833984,2.859109878540039,1.1017316579818726,1.1570035219192505
SB85916_component_2766a,51.097257,-50.033809,3.128999948501587,10.715753555297852,51.096923828125,-50.03384017944336,2.9765686988830566,1.0009924173355103,1.0512104034423828
SB85916_component_2768a,47.246332,-48.50824,3.6459999084472656,19.18947410583496,47.24655532836914,-48.50832748413086,3.0564346313476562,1.1359068155288696,1.192893147468567
SB85916_component_2772a,42.353497,-52.575671,3.316999912261963,12.757692337036133,42.353668212890625,-52.575721740722656,3.1660373210906982,0.9976325035095215,1.0476819276809692
SB85916_component_2773a,48.440024,-47.746133,3.3910000324249268,17.04020118713379,48.440181732177734,-47.74629592895508,3.1032519340515137,1.040523648262024,1.0927246809005737
SB85916_component_2774a,46.06598,-49.782312,3.697000026702881,21.125715255737305,46.06590270996094,-49.782196044921875,3.140927314758301,1.120811939239502,1.177040934562683
SB85916_component_2775a,44.905924,-47.21705,3.3970000743865967,16.331729888916016,44.90597915649414,-47.216941833496094,3.1314172744750977,1.0329891443252563,1.0848122835159302
SB85916_component_2776a,47.956036,-47.402492,3.0869998931884766,16.24736785888672,47.956138610839844,-47.402286529541016,3.2992236614227295,0.8909760117530823,0.9356746077537537
SB85916_component_2777a,45.242597,-49.418419,3.571000099182129,20.061798095703125,45.24251937866211,-49.41832733154297,3.2475244998931885,1.047076940536499,1.0996068716049194
SB85916_component_2782a,47.765113,-49.226525,3.4800000190734863,21.75,47.76520919799805,-49.22639083862305,2.641963481903076,1.2542774677276611,1.3172022104263306
SB85916_component_2786a,43.609327,-48.03453,3.365000009536743,14.567099571228027,43.609283447265625,-48.0341796875,3.160125970840454,1.0139623880386353,1.064831018447876
SB85916_component_2790a,43.721971,-50.630089,3.5209999084472656,19.032432556152344,43.7220573425293,-50.6300163269043,3.182291030883789,1.0535794496536255,1.1064355373382568
SB85916_component_2796a,50.825446,-50.004608,3.4570000171661377,11.639731407165527,50.82544708251953,-50.004878997802734,2.4074325561523438,1.3673712015151978,1.435969591140747
SB85916_component_2798a,47.145276,-51.390826,3.5209999084472656,11.697673797607422,47.145545959472656,-51.39137268066406,1.6343045234680176,2.0515127182006836,2.154433250427246
SB85916_component_2806a,44.671895,-47.507473,3.5309998989105225,17.743717193603516,44.67177963256836,-47.507389068603516,2.860004186630249,1.1756341457366943,1.2346135377883911
SB85916_component_2807a,41.396589,-47.94473,3.552999973297119,10.832316398620605,41.396759033203125,-47.94448471069336,3.400377035140991,0.9949684143066406,1.0448840856552124
SB85916_component_2809a,44.536908,-53.184978,3.375999927520752,13.503999710083008,44.5372314453125,-53.1848030090332,2.7852840423583984,1.1541814804077148,1.2120846509933472
SB85916_component_2810a,45.305562,-47.780829,3.421999931335449,18.29946517944336,45.305606842041016,-47.78055953979492,3.0019378662109375,1.0854741334915161,1.139930248260498
SB85916_component_2811a,44.911189,-47.146842,3.4809999465942383,15.680179595947266,44.91156768798828,-47.146881103515625,3.417602777481079,0.9698925018310547,1.018550157546997
SB85916_component_2814a,48.543969,-49.136054,3.572999954223633,19.20967674255371,48.54436492919922,-49.13612747192383,2.3891372680664062,1.424075722694397,1.4955189228057861
SB85916_component_2819a,50.065298,-50.575993,3.2960000038146973,11.64664363861084,50.06559753417969,-50.576019287109375,2.227569580078125,1.4089548587799072,1.4796395301818848
SB85916_component_2821a,46.01163,-51.383813,3.3989999294281006,16.341344833374023,46.01182174682617,-51.3838005065918,3.334446668624878,0.9706631898880005,1.0193594694137573
SB85916_component_2823a,41.511658,-49.210614,3.3320000171661377,15.643192291259766,41.51190948486328,-49.210601806640625,3.1868479251861572,0.9955998063087463,1.0455472469329834
SB85916_component_2824a,42.534909,-47.922003,3.506999969482422,15.726456642150879,42.535335540771484,-47.92206573486328,2.991011142730713,1.1165003776550293,1.1725131273269653
SB85916_component_2825a,43.661538,-52.678722,3.3399999141693115,10.879478454589844,43.661319732666016,-52.678348541259766,3.1319496631622314,1.0154834985733032,1.066428303718567
SB85916_component_2829a,49.175006,-52.55787,3.244999885559082,15.023147583007812,49.175025939941406,-52.5578498840332,3.1261329650878906,0.988435685634613,1.038023591041565
SB85916_component_2830a,49.495208,-49.587292,3.322000026702881,17.12371063232422,49.495323181152344,-49.587432861328125,2.7419795989990234,1.1536567211151123,1.2115334272384644
SB85916_component_2832a,49.202391,-49.17629,3.446000099182129,17.404041290283203,49.20246505737305,-49.17610168457031,3.6986193656921387,0.8871903419494629,0.9316990375518799
SB85916_component_2834a,44.230385,-47.383313,3.2330000400543213,14.242291450500488,44.23058319091797,-47.38316345214844,2.6902315616607666,1.1443456411361694,1.2017552852630615
SB85916_component_2836a,48.313447,-52.192544,3.4630000591278076,17.668367385864258,48.313655853271484,-52.192344665527344,3.3667218685150146,0.9794593453407288,1.0285969972610474
SB85916_component_2843a,46.424991,-47.885963,3.5269999504089355,19.273223876953125,46.424957275390625,-47.885719299316406,3.1633129119873047,1.06170654296875,1.114970326423645
SB85916_component_2846a,43.219882,-48.746119,3.375,16.544118881225586,43.21967697143555,-48.7462043762207,3.2577266693115234,0.9865072965621948,1.0359984636306763
SB85916_component_2856a,50.145517,-53.006393,3.2190001010894775,10.694352149963379,50.14569854736328,-53.00639724731445,2.9963583946228027,1.0229829549789429,1.0743041038513184
SB85916_component_2857a,43.101801,-48.294543,3.4739999771118164,15.790908813476562,43.1016845703125,-48.29471206665039,2.791130781173706,1.1851977109909058,1.2446568012237549
SB85916_component_2858a,45.005659,-48.016007,3.2320001125335693,16.574359893798828,45.00551223754883,-48.01604080200195,3.4267945289611816,0.8980995416641235,0.9431555271148682
SB85916_component_2859a,49.53925,-51.951764,3.052999973297119,14.892683029174805,49.53917694091797,-51.95159149169922,3.1723010540008545,0.9164178967475891,0.9623928666114807
SB85916_component_2866a,44.511702,-48.798349,2.878000020980835,16.07821273803711,44.511512756347656,-48.798431396484375,3.09468936920166,0.8855536580085754,0.9299802780151367
SB85916_component_2867a,48.114859,-50.156857,3.194999933242798,19.131736755371094,48.11477279663086,-50.156761169433594,3.1249237060546875,0.9735821485519409,1.0224249362945557
SB85916_component_2869a,50.924377,-49.910086,2.943000078201294,10.663043975830078,50.92423629760742,-49.91019058227539,2.5805461406707764,1.0859750509262085,1.1404563188552856
SB85916_component_2870a,50.231705,-48.794284,3.130000114440918,14.423964500427246,50.231632232666016,-48.79438400268555,2.938624620437622,1.0142415761947632,1.0651241540908813
SB85916_component_2871a,43.112445,-48.17031,3.3959999084472656,16.811880111694336,43.11246871948242,-48.170448303222656,3.100677967071533,1.042922854423523,1.095244288444519
SB85916_component_2874a,46.366775,-51.906886,3.497999906539917,14.27755069732666,46.3668212890625,-51.906978607177734,3.0688652992248535,1.0853832960128784,1.139835000038147
SB85916_component_2896a,46.173792,-48.555905,3.265000104904175,15.328639030456543,46.173580169677734,-48.55569076538086,3.0081913471221924,1.033519983291626,1.0853698253631592
SB85916_component_2897a,48.030379,-50.667741,3.128000020980835,15.408867835998535,48.03035354614258,-50.6674690246582,2.942009210586548,1.0124273300170898,1.0632189512252808
SB85916_component_2898a,43.317795,-50.108407,3.3919999599456787,18.23655891418457,43.31802749633789,-50.10810089111328,3.064929962158203,1.0538443326950073,1.1067136526107788
SB85916_component_2900a,49.394883,-49.753113,2.7839999198913574,12.210525512695312,49.39492416381836,-49.75325393676758,2.433818817138672,1.0892363786697388,1.1438813209533691
SB85916_component_2901a,42.85779,-50.912633,2.953000068664551,14.197115898132324,42.85801696777344,-50.912635803222656,2.640195846557617,1.0650463104248047,1.118477702140808
SB85916_component_2904a,50.341443,-52.333733,3.2330000400543213,13.995670318603516,50.34156799316406,-52.333648681640625,2.9518723487854004,1.042915940284729,1.0952370166778564
SB85916_component_2910a,42.852925,-52.861719,3.177000045776367,10.554817199707031,42.85308074951172,-52.86173629760742,2.758664608001709,1.0966284275054932,1.151644229888916
SB85916_component_2919a,48.365837,-49.116152,2.864000082015991,16.0,48.36589050292969,-49.116329193115234,2.8943183422088623,0.942253828048706,0.9895249009132385
SB85916_component_2921a,42.742659,-52.37106,3.2880001068115234,14.421052932739258,42.74301528930664,-52.37120819091797,3.192528009414673,0.9807047247886658,1.029904842376709
SB85916_component_2924a,43.081969,-49.200005,3.0769999027252197,18.315475463867188,43.081825256347656,-49.19988250732422,2.881486654281616,1.0168386697769165,1.0678515434265137
SB85916_component_2925a,47.387537,-52.342983,3.193000078201294,15.96500015258789,47.3873291015625,-52.34293746948242,2.557391881942749,1.18889319896698,1.2485376596450806
SB85916_component_2926a,47.420842,-52.441193,2.867000102996826,15.08947467803955,47.421043395996094,-52.44131088256836,2.696044921875,1.0126088857650757,1.0634095668792725
SB85916_component_2928a,47.147328,-52.631798,3.4159998893737793,19.191009521484375,47.14776611328125,-52.631900787353516,2.9397435188293457,1.1064952611923218,1.162006139755249
SB85916_component_2932a,42.552566,-52.550799,3.368000030517578,14.033333778381348,42.552738189697266,-52.550994873046875,3.097982883453369,1.0352237224578857,1.0871590375900269
SB85916_component_2933a,49.60941,-51.297389,2.9030001163482666,12.959821701049805,49.609737396240234,-51.297122955322266,3.070218324661255,0.9003657698631287,0.94553542137146
SB85916_component_2934a,50.711054,-51.969165,3.4130001068115234,14.340335845947266,50.711143493652344,-51.96928024291992,2.7560834884643555,1.1791936159133911,1.2383514642715454
SB85916_component_2935a,50.8492,-50.168776,3.2839999198913574,11.17006778717041,50.8488883972168,-50.16886520385742,2.8260631561279297,1.1065281629562378,1.1620404720306396
SB85916_component_2937a,46.388981,-52.890165,3.1050000190734863,15.072815895080566,46.38876724243164,-52.8900260925293,2.7404208183288574,1.0789108276367188,1.1330376863479614
SB85916_component_2943a,43.532022,-49.456699,3.440999984741211,20.005813598632812,43.53221130371094,-49.45692825317383,3.1635563373565674,1.0357388257980347,1.0876998901367188
SB85916_component_2944a,48.732123,-48.029325,3.2839999198913574,15.563981056213379,48.73218536376953,-48.02941131591797,4.299957275390625,0.7272440791130066,0.7637284994125366
SB85916_component_2945a,50.045307,-49.41084,3.3010001182556152,16.505001068115234,50.04494857788086,-49.41082763671875,3.082484483718872,1.0197315216064453,1.0708894729614258
SB85916_component_2946a,49.204757,-51.032415,2.88700008392334,13.122727394104004,49.2047233581543,-51.032466888427734,2.589261054992676,1.0617252588272095,1.114989995956421
SB85916_component_2952a,46.04484,-47.961169,3.2260000705718994,19.43373680114746,46.04482650756836,-47.96103286743164,3.1672070026397705,0.9699047803878784,1.0185630321502686
SB85916_component_2958a,48.483136,-49.199295,3.1619999408721924,16.050762176513672,48.483219146728516,-49.19960403442383,2.852055549621582,1.0557109117507935,1.1086740493774414
SB85916_component_2959a,47.203986,-50.268101,2.8340001106262207,14.994709968566895,47.2038688659668,-50.26801681518555,2.452059268951416,1.1005507707595825,1.1557632684707642
SB85916_component_2965a,42.892102,-50.382533,3.117000102996826,15.822336196899414,42.89221954345703,-50.38245391845703,3.2112882137298584,0.9242696762084961,0.9706385135650635
SB85916_component_2967a,41.670112,-49.303598,3.11899995803833,15.752525329589844,41.67017364501953,-49.303707122802734,3.6116225719451904,0.8223452568054199,0.8636007308959961
SB85916_component_2970a,48.381101,-53.393164,3.36899995803833,10.366153717041016,48.380821228027344,-53.39329147338867,1.8875716924667358,1.6995686292648315,1.7848328351974487
SB85916_component_2973a,45.165903,-51.499862,2.878000020980835,10.779026985168457,45.16608810424805,-51.499908447265625,2.2457690238952637,1.2203006744384766,1.281520962715149
SB85916_component_2975a,43.603823,-51.079584,3.109999895095825,16.19791603088379,43.60382843017578,-51.07952117919922,2.9496333599090576,1.0039994716644287,1.054368257522583
SB85916_component_2978a,50.059846,-51.741264,2.99399995803833,13.247787475585938,50.06041717529297,-51.74140167236328,2.7980852127075195,1.0189011096954346,1.0700174570083618
SB85916_component_2981a,50.175616,-49.851051,3.115000009536743,14.488371849060059,50.17643737792969,-49.85112380981445,2.760533332824707,1.0744996070861816,1.1284050941467285
SB85916_component_2982a,43.904146,-52.124389,3.1029999256134033,12.073929786682129,43.90440368652344,-52.124351501464844,2.6078810691833496,1.1330137252807617,1.1898548603057861
SB85916_component_2984a,49.138181,-50.592748,2.7669999599456787,11.774467468261719,49.13847732543945,-50.59270477294922,2.73223614692688,0.9643442630767822,1.0127235651016235
SB85916_component_2986a,50.622108,-52.397115,2.984999895095825,11.845237731933594,50.62166213989258,-52.396812438964844,3.2041618824005127,0.8870968222618103,0.93160080909729
SB85916_component_2987a,50.889751,-50.855906,3.2839999198913574,12.073528289794922,50.889957427978516,-50.85590744018555,2.64497971534729,1.1822843551635742,1.2415974140167236
SB85916_component_2993a,47.029484,-49.240789,3.2019999027252197,18.19318199157715,47.02921676635742,-49.24086380004883,2.6252217292785645,1.161439299583435,1.219706416130066
SB85916_component_2994a,42.099988,-48.378865,3.130000114440918,13.668122291564941,42.10005569458008,-48.37892532348633,2.9097726345062256,1.0242983102798462,1.0756855010986328
SB85916_component_2996a,46.243679,-51.127062,2.937999963760376,11.343628883361816,46.24397659301758,-51.12725830078125,3.256814479827881,0.8590133786201477,0.9021084904670715
SB85916_component_2998a,46.348992,-47.536025,2.9019999504089355,15.518715858459473,46.34918975830078,-47.53620910644531,2.8275835514068604,0.9772892594337463,1.026318073272705
SB85916_component_3000a,46.933846,-51.73212,3.0199999809265137,11.39622688293457,46.93384552001953,-51.731815338134766,2.8503851890563965,1.0088917016983032,1.0595059394836426
SB85916_component_3004a,43.03672,-48.571532,3.247999906539917,15.766989707946777,43.036521911621094,-48.57172393798828,2.311532735824585,1.3380030393600464,1.4051282405853271
SB85916_component_3005a,45.784459,-51.717663,3.0280001163482666,12.669456481933594,45.784263610839844,-51.717918395996094,3.2020342350006104,0.9004738330841064,0.9456489086151123
SB85916_component_3011a,47.943628,-49.919067,2.940999984741211,15.005102157592773,47.94400405883789,-49.91889572143555,2.3794028759002686,1.1769776344299316,1.2360243797302246
SB85916_component_3014a,45.281812,-47.106684,2.811000108718872,13.197183609008789,45.281951904296875,-47.10639190673828,2.375582695007324,1.1267611980438232,1.1832886934280396
SB85916_component_3016a,45.730869,-52.098031,3.1500000953674316,14.719626426696777,45.731075286865234,-52.09794616699219,2.906503915786743,1.0320026874542236,1.0837763547897339
SB85916_component_3021a,44.083478,-51.571603,3.0179998874664307,11.014598846435547,44.083492279052734,-51.571529388427734,2.749899387359619,1.0450656414031982,1.0974946022033691
SB85916_component_3024a,45.500532,-50.80919,2.740999937057495,15.752873420715332,45.50035095214844,-50.809120178222656,2.573848009109497,1.0140684843063354,1.064942479133606
SB85916_component_3025a,49.591612,-50.896319,2.8299999237060547,14.97354507446289,49.59199905395508,-50.89630126953125,2.7497873306274414,0.9800054430961609,1.0291705131530762
SB85916_component_3030a,46.199813,-52.261133,3.0799999237060547,16.559139251708984,46.199668884277344,-52.261043548583984,2.813906192779541,1.042274832725525,1.0945638418197632
SB85916_component_3031a,45.191456,-50.87036,2.7090001106262207,14.257895469665527,45.19169235229492,-50.870155334472656,3.3786206245422363,0.7635030150413513,0.8018065690994263
SB85916_component_3037a,42.974333,-48.852789,2.930999994277954,15.345549583435059,42.97374725341797,-48.8529167175293,3.125537872314453,0.8929604291915894,0.9377585649490356
SB85916_component_3038a,50.561518,-49.217524,2.9179999828338623,13.203619956970215,50.560916900634766,-49.2176513671875,2.892230749130249,0.9607126712799072,1.008909821510315
SB85916_component_3040a,44.517181,-47.942408,2.933000087738037,13.900474548339844,44.517635345458984,-47.942508697509766,2.4933388233184814,1.1201391220092773,1.1763343811035156
SB85916_component_3053a,49.721418,-52.675316,3.197999954223633,15.156397819519043,49.72136306762695,-52.67485427856445,3.0667195320129395,0.99299156665802,1.0428080558776855
SB85916_component_3058a,48.729743,-52.107539,3.0829999446868896,16.312170028686523,48.729652404785156,-52.107643127441406,3.014252185821533,0.9739465117454529,1.0228075981140137
SB85916_component_3061a,44.982746,-49.023161,2.75,15.625,44.98279571533203,-49.02306365966797,2.8408031463623047,0.9217915534973145,0.9680361151695251
SB85916_component_3064a,42.24799,-51.664459,2.9690001010894775,13.195556640625,42.24773406982422,-51.66459274291992,3.0632996559143066,0.9229153990745544,0.9692163467407227
SB85916_component_3066a,45.12968,-51.035304,2.9079999923706055,15.067357063293457,45.12986373901367,-51.035186767578125,2.324568510055542,1.191223382949829,1.2509849071502686
SB85916_component_3068a,45.424101,-49.891555,2.8510000705718994,15.664835929870605,45.42443084716797,-49.891544342041016,2.867868185043335,0.946627676486969,0.9941182136535645
SB85916_component_3072a,47.808413,-51.681882,2.9679999351501465,12.52320671081543,47.8084831237793,-51.68162155151367,2.8206777572631836,1.0019627809524536,1.052229404449463
SB85916_component_3074a,41.410632,-49.448131,3.1760001182556152,13.2333345413208,41.410648345947266,-49.44800567626953,3.1115782260894775,0.9719433784484863,1.020703911781311
SB85916_component_3076a,42.907691,-51.078409,3.2219998836517334,15.565217018127441,42.90813446044922,-51.07855224609375,3.154120445251465,0.97272127866745,1.0215208530426025
SB85916_component_3086a,45.350147,-51.324716,2.7339999675750732,11.991228103637695,45.35030746459961,-51.324581146240234,3.971896171569824,0.6554533243179321,0.688336193561554
SB85916_component_3088a,45.868407,-51.09929,2.625999927520752,12.685989379882812,45.86858367919922,-51.09933853149414,2.430065870285034,1.0290058851242065,1.0806291103363037
SB85916_component_3089a,47.598363,-46.882061,2.6019999980926514,10.932772636413574,47.59819412231445,-46.8822021484375,2.3668720722198486,1.0468239784240723,1.0993411540985107
SB85916_component_3094a,48.326294,-49.350199,2.6630001068115234,14.164895057678223,48.32646942138672,-49.35023498535156,2.4857676029205322,1.0201213359832764,1.0712989568710327
SB85916_component_3100a,50.579609,-50.32306,3.0160000324249268,10.545454025268555,50.579830169677734,-50.32279968261719,3.5085155963897705,0.8185573220252991,0.8596228361129761
SB85916_component_3103a,50.122258,-52.913692,3.0399999618530273,10.93525218963623,50.12191390991211,-52.913482666015625,2.346082925796509,1.2338756322860718,1.2957768440246582
SB85916_component_3112a,48.891586,-51.463648,3.1050000190734863,12.420000076293945,48.89193344116211,-51.46316146850586,2.4188475608825684,1.222346305847168,1.283669114112854
SB85916_component_3118a,42.643634,-48.08674,3.11299991607666,15.410890579223633,42.6436653137207,-48.08662414550781,2.8893046379089355,1.025951862335205,1.07742178440094
SB85916_component_3121a,48.561397,-50.750558,2.638000011444092,10.185328483581543,48.56145477294922,-50.750511169433594,2.6715874671936035,0.9402570128440857,0.9874278903007507
SB85916_component_3128a,48.092647,-52.144515,2.9549999237060547,14.485294342041016,48.09266662597656,-52.14470672607422,2.646550178527832,1.0632086992263794,1.1165478229522705
SB85916_component_3130a,47.111235,-47.224423,2.7929999828338623,13.05140209197998,47.111080169677734,-47.22446060180664,2.7306745052337646,0.9739623665809631,1.0228241682052612
SB85916_component_3137a,43.057881,-49.402921,2.872999906539917,14.510100364685059,43.05809020996094,-49.40275573730469,2.602581262588501,1.0511687994003296,1.1039040088653564
SB85916_component_3140a,49.801624,-48.411576,2.9130001068115234,12.239496231079102,49.80166244506836,-48.41144943237305,2.1600587368011475,1.2841510772705078,1.3485745191574097
SB85916_component_3146a,46.696828,-47.752687,2.7909998893737793,17.018291473388672,46.69670486450195,-47.75254821777344,2.172104835510254,1.223545789718628,1.2849286794662476
SB85916_component_3148a,49.613838,-50.204129,2.8970000743865967,12.223628997802734,49.61326217651367,-50.20442199707031,2.203183650970459,1.252099871635437,1.314915418624878
SB85916_component_3153a,43.160882,-51.550005,2.990999937057495,13.720183372497559,43.16166687011719,-51.549957275390625,3.465378761291504,0.8218770623207092,0.8631091117858887
SB85916_component_3154a,43.124851,-52.203457,2.614000082015991,11.267242431640625,43.12532424926758,-52.20317840576172,2.7158362865448,0.9165226221084595,0.9625028371810913
SB85916_component_3158a,50.87848,-49.467325,2.8980000019073486,10.5,50.87889099121094,-49.46763610839844,2.64536452293396,1.0431673526763916,1.095501184463501
SB85916_component_3162a,46.600103,-48.105184,2.997999906539917,18.8553466796875,46.59981155395508,-48.10499572753906,2.1905531883239746,1.303223729133606,1.368604063987732
SB85916_component_3174a,49.212663,-47.976235,3.0369999408721924,15.338383674621582,49.21194839477539,-47.97650146484375,2.1578378677368164,1.3401923179626465,1.4074273109436035
SB85916_component_3177a,45.23806,-49.021087,3.046999931335449,17.71511459350586,45.237972259521484,-49.02110290527344,2.9662744998931885,0.9781427979469299,1.0272144079208374
SB85916_component_3180a,46.57806,-49.380158,2.6689999103546143,14.827776908874512,46.578330993652344,-49.3802490234375,2.224088668823242,1.1427141427993774,1.2000420093536377
SB85916_component_3182a,47.81862,-48.307993,2.953000068664551,15.791443824768066,47.81842803955078,-48.307777404785156,2.693031072616577,1.0441508293151855,1.096534013748169
SB85916_component_3190a,43.802496,-51.394088,2.7139999866485596,12.86255931854248,43.80265808105469,-51.393890380859375,2.807394027709961,0.920550525188446,0.9667328596115112
SB85916_component_3194a,42.416575,-52.634224,2.6510000228881836,10.689516067504883,42.41643142700195,-52.634395599365234,2.652024269104004,0.9518607258796692,0.9996137619018555
SB85916_component_3195a,42.267474,-50.785908,2.822999954223633,13.009217262268066,42.26755905151367,-50.78615188598633,2.470726490020752,1.087996244430542,1.1425788402557373
SB85916_component_3196a,46.357306,-47.242992,2.371000051498413,11.796019554138184,46.35696029663086,-47.24284744262695,2.6613709926605225,0.8483348488807678,0.8908942341804504
SB85916_component_3205a,45.847251,-49.260624,2.9619998931884766,18.06097412109375,45.847476959228516,-49.26063919067383,2.386463165283203,1.1818748712539673,1.2411671876907349
SB85916_component_3207a,45.017359,-48.11746,2.611999988555908,13.604166030883789,45.01752471923828,-48.11728286743164,2.2147440910339355,1.1230285167694092,1.1793687343597412
SB85916_component_3213a,49.644217,-51.137872,2.828000068664551,13.931035041809082,49.64430618286133,-51.13814926147461,2.3063061237335205,1.1676256656646729,1.226203203201294
SB85916_component_3214a,46.532838,-47.807073,2.7170000076293945,15.094444274902344,46.53284454345703,-47.80699920654297,2.4201040267944336,1.069046974182129,1.1226789951324463
SB85916_component_3219a,44.293276,-52.387075,2.8369998931884766,11.393573760986328,44.29316711425781,-52.38701629638672,2.2685697078704834,1.190826177597046,1.2505676746368408
SB85916_component_3221a,47.365144,-49.567439,2.5799999237060547,13.870966911315918,47.36537170410156,-49.56760025024414,2.2180123329162598,1.1076356172561646,1.1632035970687866
SB85916_component_3223a,46.196953,-46.995582,2.4570000171661377,11.8125,46.19738006591797,-46.995792388916016,2.1763460636138916,1.0750246047973633,1.1289564371109009
SB85916_component_3224a,48.632291,-49.410425,2.4130001068115234,13.114130973815918,48.63251495361328,-49.410213470458984,2.325172185897827,0.988196611404419,1.0377726554870605
SB85916_component_3232a,50.103307,-48.81077,2.7960000038146973,12.426667213439941,50.10282897949219,-48.810699462890625,2.398508071899414,1.1100362539291382,1.1657246351242065
SB85916_component_3233a,41.476086,-50.336229,2.5889999866485596,10.832635879516602,41.47627639770508,-50.33613204956055,2.630167007446289,0.9373242855072021,0.9843481183052063
SB85916_component_3236a,44.330836,-51.697524,2.7899999618530273,10.333333015441895,44.33070373535156,-51.697723388671875,2.787338972091675,0.9531375169754028,1.0009546279907227
SB85916_component_3237a,44.745723,-51.394643,2.7699999809265137,11.991341590881348,44.746028900146484,-51.39439010620117,2.1586272716522217,1.221921443939209,1.2832229137420654
SB85916_component_3243a,48.875934,-51.177362,2.492000102996826,10.297521591186523,48.876155853271484,-51.177330017089844,2.0826568603515625,1.1393877267837524,1.196548581123352
SB85916_component_3245a,47.62803,-47.43167,2.681999921798706,14.736263275146484,47.628116607666016,-47.431739807128906,2.603130340576172,0.9810790419578552,1.0302979946136475
SB85916_component_3247a,42.787004,-48.392114,2.928999900817871,15.09793758392334,42.786502838134766,-48.39219284057617,2.976926803588867,0.9368981122970581,0.9839005470275879
SB85916_component_3249a,45.09856,-52.25106,2.688999891281128,12.80476188659668,45.0986328125,-52.25137710571289,2.7066407203674316,0.9460222721099854,0.9934824109077454
SB85916_component_3256a,44.792921,-50.307845,3.0179998874664307,18.402437210083008,44.79274368286133,-50.30774688720703,2.5129315853118896,1.143614649772644,1.200987696647644
SB85916_component_3258a,47.356664,-52.200249,2.63700008392334,14.649999618530273,47.35670852661133,-52.20009994506836,2.540588617324829,0.988364040851593,1.037948489189148
SB85916_component_3265a,45.540681,-47.26784,2.5269999504089355,12.63499927520752,45.540321350097656,-47.267879486083984,2.7818872928619385,0.8649815917015076,0.9083760976791382
SB85916_component_3266a,49.639669,-51.698689,2.683000087738037,12.776191711425781,49.639774322509766,-51.698612213134766,2.8218793869018555,0.9053643941879272,0.9507848024368286
SB85916_component_3270a,41.747545,-50.270185,2.815999984741211,12.858448028564453,41.74782180786133,-50.270042419433594,2.824594497680664,0.9493311047554016,0.9969572424888611
SB85916_component_3273a,44.940553,-47.985255,2.5810000896453857,12.84079647064209,44.94073486328125,-47.98556900024414,2.9545669555664062,0.8318314552307129,0.8735629320144653
SB85916_component_3274a,45.427707,-49.29722,2.4630000591278076,14.748503684997559,45.42758560180664,-49.29706954956055,2.4033241271972656,0.9758728742599487,1.0248305797576904
SB85916_component_3277a,48.779818,-47.07133,2.934000015258789,11.155893325805664,48.77863311767578,-47.07122802734375,2.88197660446167,0.96941739320755,1.018051266670227
SB85916_component_3278a,48.075298,-50.597187,2.375,12.434555053710938,48.07514572143555,-50.596683502197266,2.0464327335357666,1.1051145792007446,1.1605560779571533
SB85916_component_3281a,43.074715,-48.45603,2.572999954223633,12.73762321472168,43.07488250732422,-48.45612716674805,2.377777099609375,1.030409336090088,1.0821031332015991
SB85916_component_3296a,45.231512,-52.67161,2.640000104904175,12.878049850463867,45.23198699951172,-52.671531677246094,2.8798892498016357,0.8729097247123718,0.9167019724845886
SB85916_component_3297a,42.946963,-49.274429,2.5460000038146973,13.123710632324219,42.947044372558594,-49.27434539794922,2.3699734210968018,1.022953987121582,1.074273705482483
SB85916_component_3299a,43.429525,-47.696292,2.74399995803833,11.676595687866211,43.42955780029297,-47.696624755859375,2.359924554824829,1.1072027683258057,1.1627490520477295
SB85916_component_3300a,49.924842,-48.925053,2.515000104904175,11.807512283325195,49.92509460449219,-48.92509841918945,2.9487156867980957,0.8121687173843384,0.8529137372970581
SB85916_component_3304a,48.570665,-51.867624,2.3889999389648438,11.768472671508789,48.570274353027344,-51.86744689941406,2.274454116821289,1.0001845359802246,1.0503618717193604
SB85916_component_3306a,47.770524,-51.506063,2.74399995803833,12.645161628723145,47.77062225341797,-51.50619888305664,2.7157440185546875,0.962135910987854,1.0104044675827026
SB85916_component_3312a,47.122858,-50.443248,2.7019999027252197,13.927834510803223,47.12288284301758,-50.44334411621094,2.888671398162842,0.8906936645507812,0.9353780746459961
SB85916_component_3313a,43.567967,-49.960513,2.6500000953674316,15.588235855102539,43.56757736206055,-49.96045684814453,2.222013473510742,1.1356391906738281,1.1926120519638062
SB85916_component_3315a,41.976986,-50.170896,2.240000009536743,10.92682933807373,41.97655487060547,-50.1710090637207,1.8440608978271484,1.1566818952560425,1.2147104740142822
SB85916_component_3318a,41.554062,-48.799213,2.433000087738037,10.813334465026855,41.554378509521484,-48.79948425292969,2.737546920776367,0.8462948799133301,0.8887519240379333
SB85916_component_3320a,47.68604,-49.171998,2.3959999084472656,15.358973503112793,47.68636703491211,-49.1718635559082,2.262254238128662,1.008524775505066,1.059120535850525
SB85916_component_3334a,46.204283,-51.006515,2.8429999351501465,12.149572372436523,46.20441818237305,-51.006656646728516,2.838062047958374,0.9538852572441101,1.0017398595809937
SB85916_component_3343a,45.602053,-47.35304,2.7170000076293945,15.178771018981934,45.60166931152344,-47.35297775268555,2.413496255874634,1.0719738006591797,1.1257526874542236
SB85916_component_3351a,45.395088,-46.993945,2.7799999713897705,12.811059951782227,45.39466857910156,-46.993858337402344,2.0163471698760986,1.3128668069839478,1.3787307739257812
SB85916_component_3361a,43.020218,-50.817046,2.390000104904175,12.513089179992676,43.02092742919922,-50.81681823730469,2.1588387489318848,1.054189920425415,1.1070767641067505
SB85916_component_3363a,42.245865,-52.568502,2.628999948501587,10.30980396270752,42.24602127075195,-52.56834411621094,2.2236030101776123,1.125834345817566,1.1823153495788574
SB85916_component_3365a,43.638485,-49.73131,2.6080000400543213,16.0,43.63840103149414,-49.731502532958984,2.7527477741241455,0.9021574854850769,0.9474170207977295
SB85916_component_3374a,48.879019,-47.642928,2.6730000972747803,13.298507690429688,48.87936019897461,-47.64316940307617,2.5969924926757812,0.9800978899002075,1.0292675495147705
SB85916_component_3378a,50.882525,-51.66979,2.4830000400543213,10.986725807189941,50.88257598876953,-51.669803619384766,2.5815460681915283,0.9158788323402405,0.961826741695404
SB85916_component_3383a,45.684555,-49.621627,2.5420000553131104,15.788820266723633,45.68436813354492,-49.62151336669922,2.03625226020813,1.1887352466583252,1.2483718395233154
SB85916_component_3388a,45.843033,-51.833494,2.7149999141693115,10.947580337524414,45.84305191040039,-51.83319091796875,2.9012022018432617,0.8911134600639343,0.9358189105987549
SB85916_component_3390a,42.567357,-48.050553,2.5810000896453857,13.101523399353027,42.56719970703125,-48.05025100708008,2.6121721267700195,0.9408652186393738,0.9880666136741638
SB85916_component_3392a,45.860665,-47.957633,2.427999973297119,13.488887786865234,45.86069107055664,-47.95771026611328,2.1437647342681885,1.0784815549850464,1.13258695602417
SB85916_component_3395a,49.34072,-47.66641,2.6679999828338623,13.474747657775879,49.3407096862793,-47.66679382324219,2.5179038047790527,1.008992314338684,1.0596115589141846
SB85916_component_3400a,48.178487,-49.702174,2.3410000801086426,12.93370246887207,48.17867660522461,-49.70226287841797,2.6343576908111572,0.8461899757385254,0.8886417150497437
SB85916_component_3409a,46.156474,-50.374057,2.617000102996826,15.957317352294922,46.15599822998047,-50.374244689941406,2.0484001636505127,1.2165504693984985,1.2775824069976807
SB85916_component_3414a,43.135987,-51.382175,2.4670000076293945,10.915929794311523,43.135414123535156,-51.3823127746582,2.321596145629883,1.0118675231933594,1.0626310110092163
SB85916_component_3417a,49.367692,-50.91401,2.5940001010894775,12.293839454650879,49.36741638183594,-50.91370391845703,2.3222315311431885,1.063666820526123,1.117029070854187
SB85916_component_3418a,42.120098,-50.709382,2.4670000076293945,12.273632049560547,42.120296478271484,-50.70924758911133,3.0397398471832275,0.7728120684623718,0.811582624912262
SB85916_component_3419a,50.22009,-52.249521,2.433000087738037,11.009050369262695,50.22036361694336,-52.2496452331543,2.12207293510437,1.0917495489120483,1.1465204954147339
SB85916_component_3420a,49.314029,-51.04269,2.3949999809265137,10.550661087036133,49.313934326171875,-51.04264831542969,2.1520743370056152,1.0597158670425415,1.112879753112793
SB85916_component_3421a,44.560491,-50.634929,2.6670000553131104,14.653846740722656,44.5601921081543,-50.63493728637695,2.0367064476013184,1.246911883354187,1.309467077255249
SB85916_component_3423a,46.874905,-51.979427,2.315000057220459,10.668203353881836,46.87468338012695,-51.97936248779297,2.3435299396514893,0.9406362175941467,0.9878261089324951
SB85916_component_3424a,44.562086,-50.163334,2.6449999809265137,15.558823585510254,44.56244659423828,-50.16344451904297,2.4328243732452393,1.0352758169174194,1.0872137546539307
SB85916_component_3425a,46.81412,-52.736496,2.2760000228881836,12.302702903747559,46.8143424987793,-52.736385345458984,2.2507643699645996,0.9629048705101013,1.0112119913101196
SB85916_component_3427a,41.763174,-49.152175,2.5280001163482666,12.832488059997559,41.76310729980469,-49.152225494384766,2.217536211013794,1.085544228553772,1.14000403881073
SB85916_component_3428a,47.790512,-47.665031,2.5190000534057617,12.722222328186035,47.790470123291016,-47.66526412963867,2.684312105178833,0.8935859799385071,0.9384154677391052
SB85916_component_3436a,45.657534,-51.452368,2.328000068664551,10.581818580627441,45.657440185546875,-51.452476501464844,2.857504367828369,0.7757776379585266,0.8146969676017761
SB85916_component_3442a,42.799404,-51.865003,2.3550000190734863,10.328947067260742,42.79927444458008,-51.86514663696289,2.383676052093506,0.9407730102539062,0.9879698157310486
SB85916_component_3447a,47.216408,-52.285667,2.6470000743865967,14.005291938781738,47.216651916503906,-52.285804748535156,2.1464617252349854,1.1742808818817139,1.2331923246383667
SB85916_component_3451a,46.610403,-50.237872,2.5350000858306885,13.629032135009766,46.61024856567383,-50.237815856933594,2.701876401901245,0.8934158682823181,0.9382368922233582
SB85916_component_3453a,43.125295,-47.424339,2.48799991607666,10.072874069213867,43.12519454956055,-47.42441940307617,2.706027030944824,0.875506579875946,0.9194290637969971
SB85916_component_3461a,49.030288,-49.333555,2.309000015258789,12.089005470275879,49.03043746948242,-49.33335876464844,2.342402458190918,0.9386498332023621,0.985740065574646
SB85916_component_3464a,44.565871,-52.253752,2.6070001125335693,11.434210777282715,44.56672286987305,-52.253787994384766,2.727334499359131,0.9102146029472351,0.9558783769607544
SB85916_component_3465a,48.885378,-49.674649,2.694999933242798,13.820512771606445,48.88524627685547,-49.67447280883789,2.446652412414551,1.0488845109939575,1.1015050411224365
SB85916_component_3468a,44.219081,-50.782258,2.378999948501587,12.790322303771973,44.21930694580078,-50.78226089477539,2.105802059173584,1.0757665634155273,1.1297358274459839
SB85916_component_3470a,45.499117,-52.140317,2.375,10.193133354187012,45.49934387207031,-52.14033508300781,2.081962823867798,1.0862550735473633,1.1407504081726074
SB85916_component_3474a,47.631934,-48.665266,2.5409998893737793,15.493901252746582,47.632503509521484,-48.66530990600586,2.077924966812134,1.1644368171691895,1.222854495048523
SB85916_component_3480a,49.015918,-49.672789,2.3289999961853027,12.005154609680176,49.0167350769043,-49.67300033569336,1.4919955730438232,1.486425518989563,1.5609965324401855
SB85916_component_3484a,47.530124,-50.874979,2.3459999561309814,11.67164134979248,47.53028869628906,-50.875003814697266,2.0865478515625,1.0706335306167603,1.1243451833724976
SB85916_component_3485a,47.659391,-49.755023,2.1559998989105225,12.462428092956543,47.65960693359375,-49.75496292114258,2.2342731952667236,0.9188690185546875,0.9649670124053955
SB85916_component_3488a,43.105742,-49.616343,2.38100004196167,12.732620239257812,43.105979919433594,-49.616432189941406,2.2365880012512207,1.013711929321289,1.064568042755127
SB85916_component_3495a,46.664083,-47.15138,2.1600000858306885,10.334928512573242,46.664276123046875,-47.151710510253906,2.174299955368042,0.9459658861160278,0.9934232234954834
SB85916_component_3500a,43.061829,-49.099433,2.627000093460083,14.200000762939453,43.061885833740234,-49.099578857421875,2.6503052711486816,0.9438551664352417,0.9912065863609314
SB85916_component_3501a,48.338742,-47.815877,2.6389999389648438,13.744791030883789,48.33872604370117,-47.81595230102539,1.9042125940322876,1.3196693658828735,1.385874629020691
SB85916_component_3506a,46.37079,-47.682158,2.628000020980835,15.279068946838379,46.37022018432617,-47.682010650634766,2.4994289875030518,1.0012112855911255,1.0514401197433472
SB85916_component_3507a,47.244271,-49.728308,2.441999912261963,13.12903118133545,47.24457931518555,-49.72831726074219,2.061279773712158,1.128105878829956,1.184700846672058
SB85916_component_3512a,48.543183,-49.009041,2.492000102996826,12.649746894836426,48.54328536987305,-49.008975982666016,2.1215150356292725,1.118518352508545,1.1746323108673096
SB85916_component_3513a,46.012805,-50.039061,2.6589999198913574,13.994736671447754,46.012874603271484,-50.039424896240234,2.55108904838562,0.9925076961517334,1.0422998666763306
SB85916_component_3515a,47.900171,-49.225126,2.3429999351501465,14.286584854125977,47.899749755859375,-49.2248649597168,2.811744451522827,0.7934829592704773,0.8332905173301697
SB85916_component_3516a,47.304431,-47.841795,2.546999931335449,14.722543716430664,47.3044319152832,-47.84187316894531,2.6204609870910645,0.9255340695381165,0.9719663858413696
SB85916_component_3519a,43.775046,-51.125174,2.4670000076293945,14.017045974731445,43.775062561035156,-51.12517547607422,2.139881134033203,1.097793459892273,1.1528677940368652
SB85916_component_3527a,47.359861,-50.447953,2.240000009536743,11.370558738708496,47.360084533691406,-50.44783401489258,2.55607533454895,0.8344792723655701,0.8763434886932373
SB85916_component_3531a,42.830415,-50.532404,2.380000114440918,12.659575462341309,42.830848693847656,-50.53232955932617,1.9830611944198608,1.1428310871124268,1.200164794921875
SB85916_component_3540a,50.085548,-47.872728,2.4200000762939453,10.431035041809082,50.085670471191406,-47.87259292602539,2.6453490257263184,0.8711111545562744,0.9148131608963013
SB85916_component_3544a,49.553049,-51.516211,2.4049999713897705,11.5625,49.55352783203125,-51.51585388183594,1.626707911491394,1.4078184366226196,1.478446125984192
SB85916_component_3548a,46.647683,-50.716345,2.5850000381469727,12.548543930053711,46.64769744873047,-50.71662139892578,2.410958766937256,1.0209674835205078,1.0721875429153442
SB85916_component_3549a,44.083382,-50.18835,2.5399999618530273,14.68208122253418,44.08308029174805,-50.1886100769043,2.4254159927368164,0.9972146153450012,1.0472429990768433
SB85916_component_3550a,46.184279,-52.228406,2.572000026702881,14.288888931274414,46.18399429321289,-52.228599548339844,2.112236976623535,1.159496545791626,1.2176663875579834
SB85916_component_3568a,48.114244,-49.382402,2.1050000190734863,11.62983512878418,48.11406326293945,-49.38245391845703,2.7784347534179688,0.7214281558990479,0.7576208114624023
SB85916_component_3569a,46.542612,-52.684392,2.377000093460083,12.127552032470703,46.542335510253906,-52.68443298339844,1.973387598991394,1.146985650062561,1.204527735710144
SB85916_component_3575a,48.090316,-47.778013,2.505000114440918,13.11518383026123,48.09033203125,-47.77802276611328,1.9974594116210938,1.1941832304000854,1.2540931701660156
SB85916_component_3577a,46.730507,-48.007075,2.2750000953674316,13.000000953674316,46.73041534423828,-48.00704574584961,2.1145787239074707,1.0244687795639038,1.0758644342422485
SB85916_component_3583a,48.639392,-47.742635,2.3440001010894775,11.269230842590332,48.63979721069336,-47.74302673339844,1.7396754026412964,1.283011555671692,1.347377896308899
SB85916_component_3584a,45.977578,-47.66588,2.385999917984009,13.182320594787598,45.97798156738281,-47.665985107421875,2.032294750213623,1.117956519126892,1.1740422248840332
SB85916_component_3588a,44.327907,-50.61823,2.2360000610351562,12.704545974731445,44.3275032043457,-50.618568420410156,2.3561787605285645,0.9036593437194824,0.9489942193031311
SB85916_component_3593a,47.7485,-48.990702,2.4200000762939453,14.578313827514648,47.74832534790039,-48.99079513549805,2.5799450874328613,0.8931946158409119,0.9380044937133789
SB85916_component_3608a,49.931814,-51.897896,2.390000104904175,11.715686798095703,49.931758880615234,-51.89788818359375,3.4585585594177246,0.6580273509025574,0.6910393834114075
SB85916_component_3613a,47.586974,-52.966453,2.2699999809265137,11.019417762756348,47.586830139160156,-52.96635055541992,2.533132791519165,0.8533143401145935,0.8961235880851746
SB85916_component_3615a,49.585238,-49.25816,2.1480000019073486,11.548386573791504,49.58530044555664,-49.25825500488281,2.046983003616333,0.9992201924324036,1.0493491888046265
SB85916_component_3625a,41.438953,-50.010304,2.5190000534057617,10.323770523071289,41.439327239990234,-50.01057052612305,1.8260325193405151,1.3135930299758911,1.3794934749603271
SB85916_component_3637a,43.756787,-50.707976,2.3940000534057617,12.73404312133789,43.756710052490234,-50.70806121826172,2.447223424911499,0.9315189123153687,0.9782515168190002
SB85916_component_3650a,45.397841,-53.125005,2.4730000495910645,10.613734245300293,45.39809036254883,-53.12503433227539,1.8564724922180176,1.2684600353240967,1.3320962190628052
SB85916_component_3653a,50.231813,-47.969309,2.4210000038146973,11.004545211791992,50.23225021362305,-47.9694709777832,2.164118766784668,1.0652581453323364,1.1187001466751099
SB85916_component_3660a,48.273702,-52.330595,2.2850000858306885,11.717949867248535,48.274192810058594,-52.330780029296875,2.127190589904785,1.0228712558746338,1.0741868019104004
SB85916_component_3663a,44.35662,-47.636125,2.2909998893737793,10.273541450500488,44.35712432861328,-47.636112213134766,1.9182246923446655,1.1372783184051514,1.1943334341049194
SB85916_component_3664a,43.286226,-51.415875,2.4679999351501465,11.752381324768066,43.286502838134766,-51.415428161621094,2.3503193855285645,0.999906599521637,1.05007004737854
SB85916_component_3683a,47.499423,-47.796832,2.3570001125335693,13.70348834991455,47.4993782043457,-47.79691696166992,1.944556474685669,1.1541978120803833,1.212101697921753
SB85916_component_3685a,48.177416,-48.428131,2.382999897003174,11.187792778015137,48.17717361450195,-48.427703857421875,1.7441025972366333,1.3010475635528564,1.366318702697754
SB85916_component_3697a,44.625725,-48.518408,2.437999963760376,12.502564430236816,44.625057220458984,-48.5186767578125,2.240725040435791,1.036063313484192,1.0880407094955444
SB85916_component_3709a,44.982812,-50.899545,2.3310000896453857,12.600000381469727,44.98275375366211,-50.89936065673828,2.315255641937256,0.9587039351463318,1.0068002939224243
SB85916_component_3712a,41.815598,-50.163156,2.377000093460083,11.709360122680664,41.81572341918945,-50.163360595703125,2.053579568862915,1.1021959781646729,1.1574910879135132
SB85916_component_3716a,50.410892,-51.498984,2.3299999237060547,10.26431655883789,50.410545349121094,-51.4995231628418,1.6217865943908691,1.3680543899536133,1.4366871118545532
SB85916_component_3718a,42.442364,-50.364076,2.1059999465942383,10.374383926391602,42.44202423095703,-50.36418533325195,1.6425244808197021,1.220921277999878,1.282172679901123
SB85916_component_3720a,45.920182,-47.20824,2.367000102996826,11.218009948730469,45.92013931274414,-47.208282470703125,1.762476921081543,1.278839349746704,1.34299635887146
SB85916_component_3733a,47.265424,-48.465491,2.0850000381469727,10.859375,47.26523971557617,-48.465362548828125,2.459099054336548,0.8073674440383911,0.8478715419769287
SB85916_component_3736a,44.177382,-49.591598,2.134999990463257,12.199999809265137,44.177120208740234,-49.5914306640625,1.9380018711090088,1.0490226745605469,1.1016501188278198
SB85916_component_3742a,49.147176,-51.32266,2.3980000019073486,10.70535659790039,49.145877838134766,-51.32265090942383,1.6611640453338623,1.3746047019958496,1.443566083908081
SB85916_component_3747a,49.350744,-51.720233,2.240000009536743,10.044842720031738,49.3509407043457,-51.7200927734375,1.8836638927459717,1.1323633193969727,1.1891717910766602
SB85916_component_3748a,47.528011,-52.002426,1.9839999675750732,10.724324226379395,47.527748107910156,-52.00267028808594,1.7270011901855469,1.0939316749572754,1.148812174797058
SB85916_component_3753a,47.095523,-47.668911,2.0380001068115234,10.614583969116211,47.09541702270508,-47.66911697387695,1.9877184629440308,0.9763162136077881,1.0252962112426758
SB85916_component_3756a,44.578577,-49.402937,2.1740000247955322,12.566474914550781,44.57892608642578,-49.40314865112305,1.9107038974761963,1.0834461450576782,1.1378005743026733
SB85916_component_3760a,42.038324,-48.514875,2.134999990463257,10.314009666442871,42.038665771484375,-48.51504135131836,1.7118254899978638,1.1876256465911865,1.2472065687179565
SB85916_component_3764a,42.017412,-49.111495,2.0299999713897705,10.85561466217041,42.01763153076172,-49.11151123046875,2.1597256660461426,0.8950321078300476,0.9399341940879822
SB85916_component_3766a,42.199367,-48.528278,2.013000011444092,10.430051803588867,42.19915008544922,-48.52825164794922,2.0397109985351562,0.9397585988044739,0.986904501914978
SB85916_component_3777a,48.223272,-47.754641,2.0480000972747803,10.343435287475586,48.22309875488281,-47.75422668457031,1.584699034690857,1.230621099472046,1.2923589944839478
SB85916_component_3782a,42.111501,-50.352655,2.2290000915527344,10.31944465637207,42.11177062988281,-50.35260772705078,2.0297889709472656,1.045683741569519,1.0981438159942627
SB85916_component_3789a,49.196461,-47.722505,2.2960000038146973,11.958333015441895,49.196144104003906,-47.72236633300781,2.5694146156311035,0.8509006500244141,0.8935887813568115
SB85916_component_3797a,49.774013,-48.906045,2.3359999656677246,10.76497745513916,49.77419662475586,-48.90544891357422,1.7234222888946533,1.2906910181045532,1.3554426431655884
SB85916_component_3798a,45.461465,-50.113027,2.361999988555908,13.812865257263184,45.46123504638672,-50.112857818603516,2.206108570098877,1.0195163488388062,1.070663571357727
SB85916_component_3826a,45.345212,-50.131349,2.134999990463257,12.130681991577148,45.345001220703125,-50.13172912597656,2.328523874282837,0.8730886578559875,0.9168899059295654
SB85916_component_3830a,47.84983,-50.337948,2.135999917984009,11.301587104797363,47.85060501098633,-50.33815002441406,1.8491898775100708,1.0999195575714111,1.1551003456115723
SB85916_component_3836a,42.381384,-48.598383,2.177999973297119,11.647058486938477,42.380680084228516,-48.59846115112305,2.2677152156829834,0.9145565032958984,0.960438072681427
SB85916_component_3841a,45.116861,-48.281281,2.1640000343322754,11.449735641479492,45.11669921875,-48.28118896484375,2.0224008560180664,1.0188992023468018,1.0700154304504395
SB85916_component_3846a,46.672645,-53.044097,2.0739998817443848,10.369998931884766,46.67282485961914,-53.043922424316406,1.8457454442977905,1.0699859857559204,1.1236652135849
SB85916_component_3850a,45.140825,-49.398146,2.122999906539917,11.860334396362305,45.14039611816406,-49.39804458618164,1.804744005203247,1.1201483011245728,1.1763440370559692
SB85916_component_3860a,45.604261,-51.254472,2.0490000247955322,10.348484992980957,45.60371398925781,-51.25429153442383,1.7525601387023926,1.1132948398590088,1.1691467761993408
SB85916_component_3883a,46.085951,-48.128536,2.194999933242798,12.262569427490234,46.08534622192383,-48.128700256347656,1.8921054601669312,1.1046643257141113,1.160083293914795
SB85916_component_3890a,45.461977,-47.873577,2.1679999828338623,11.977900505065918,45.4620361328125,-47.873374938964844,1.9152007102966309,1.0779191255569458,1.1319962739944458
SB85916_component_3895a,50.868106,-51.522007,2.2130000591278076,10.105023384094238,50.867916107177734,-51.52208709716797,1.579062581062317,1.3345143795013428,1.4014644622802734
SB85916_component_3897a,44.617978,-47.554309,2.1080000400543213,10.282927513122559,44.61784362792969,-47.55441665649414,1.7623809576034546,1.1389691829681396,1.1961091756820679
SB85916_component_3923a,47.565309,-49.819657,1.9950000047683716,11.735294342041016,47.565303802490234,-49.81978225708008,2.2872867584228516,0.8305455446243286,0.8722124695777893
SB85916_component_3926a,47.541859,-49.042164,1.7300000190734863,11.30718994140625,47.54194259643555,-49.04227828979492,1.704053282737732,0.9667275547981262,1.0152264833450317
SB85916_component_3945a,48.867523,-48.040217,2.0420000553131104,10.313131332397461,48.86725997924805,-48.04013442993164,1.3459150791168213,1.4447052478790283,1.5171834230422974
SB85916_component_3954a,46.040901,-52.389144,2.184999942779541,11.091370582580566,46.040523529052734,-52.38962936401367,2.019991159439087,1.0300140380859375,1.0816879272460938
SB85916_component_3959a,45.237484,-49.274766,2.0299999713897705,12.083333015441895,45.23735427856445,-49.27522659301758,2.170175075531006,0.8907225131988525,0.9354084134101868
SB85916_component_3966a,47.528375,-48.061095,1.86899995803833,10.619318008422852,47.52833938598633,-48.061058044433594,1.9832323789596558,0.8973809480667114,0.9424008727073669
SB85916_component_3990a,43.936527,-51.069065,1.8029999732971191,10.543859481811523,43.93656921386719,-51.069000244140625,1.8293358087539673,0.9385198354721069,0.9856036305427551
SB85916_component_3992a,47.685515,-48.883383,2.1389999389648438,13.537973403930664,47.68571090698242,-48.883567810058594,1.7288973331451416,1.178101658821106,1.237204670906067
SB85916_component_4006a,44.491817,-47.344089,2.0850000381469727,10.072463989257812,44.49187088012695,-47.34444046020508,1.5195153951644897,1.306598424911499,1.372148036956787
SB85916_component_4050a,46.830365,-49.637084,1.9589999914169312,10.64673900604248,46.83015823364258,-49.63692855834961,1.8974121809005737,0.9831367135047913,1.0324589014053345
SB85916_component_4053a,45.740832,-50.926713,1.8680000305175781,10.61363697052002,45.74076461791992,-50.927001953125,2.018312931060791,0.8813117146492004,0.9255254864692688
SB85916_component_4061a,46.022711,-49.894445,2.0799999237060547,10.399999618530273,46.0230598449707,-49.89483642578125,1.9114646911621094,1.0361871719360352,1.0881707668304443
SB85916_component_4062a,46.541502,-50.117132,2.0910000801086426,10.947644233703613,46.54118347167969,-50.11759948730469,1.649662971496582,1.206979751586914,1.2675316333770752
SB85916_component_4074a,46.926816,-48.80258,1.6269999742507935,10.105589866638184,46.92689514160156,-48.80241012573242,1.9287068843841553,0.8032717704772949,0.843570351600647
SB85916_component_4085a,42.174503,-49.503498,2.0769999027252197,10.706184387207031,42.17488098144531,-49.50364685058594,1.5700992345809937,1.2596518993377686,1.3228462934494019
SB85916_component_4096a,42.668478,-50.752448,2.061000108718872,10.305000305175781,42.66880416870117,-50.7524528503418,1.5648877620697021,1.2541110515594482,1.3170274496078491
SB85916_component_4128a,48.430682,-49.179205,1.8370000123977661,10.093406677246094,48.43136215209961,-49.179344177246094,1.4838379621505737,1.1788644790649414,1.2380057573318481
SB85916_component_4129a,46.233905,-49.191632,1.7769999504089355,10.901840209960938,46.23392868041992,-49.19181442260742,1.7248568534851074,0.9810147285461426,1.0302304029464722
SB85916_component_4138a,44.581189,-50.234448,1.9010000228881836,11.315476417541504,44.581451416015625,-50.234519958496094,1.7659282684326172,1.0250623226165771,1.07648766040802
SB85916_component_4185a,48.535495,-48.676614,1.899999976158142,10.32608699798584,48.5355339050293,-48.67649459838867,1.7038319110870361,1.0618618726730347,1.1151334047317505
SB85916_component_4196a,45.664306,-48.249623,1.8250000476837158,10.082873344421387,45.664146423339844,-48.24951171875,1.3845270872116089,1.2551701068878174,1.318139672279358
SB85916_component_4208a,47.901527,-48.877743,1.944000005722046,11.781817436218262,47.90083312988281,-48.87779235839844,2.169926404953003,0.8530852198600769,0.8958829045295715
SB85916_component_4233a,42.654695,-49.301211,1.878999948501587,10.55617904663086,42.654762268066406,-49.30137634277344,1.7311471700668335,1.0335558652877808,1.0854073762893677
SB85916_component_4264a,43.014198,-49.24648,1.8600000143051147,10.568181991577148,43.01420211791992,-49.246253967285156,1.9149386882781982,0.9249095320701599,0.9713104963302612
SB85916_component_4265a,45.466301,-49.122101,1.7489999532699585,10.410714149475098,45.466529846191406,-49.12202453613281,2.1419849395751953,0.7775253653526306,0.8165323138237
SB85916_component_4343a,44.702917,-49.551197,1.6579999923706055,10.493670463562012,44.702396392822266,-49.55146026611328,1.6808398962020874,0.9392892122268677,0.9864116311073303
SB85916_component_4393a,47.104128,-48.149835,1.7450000047683716,10.325444221496582,47.1040153503418,-48.1500358581543,1.5598773956298828,1.0652366876602173,1.1186776161193848
