Component_ID,RA,DEC,ASKAP_flux,ASKAP_flux_SNR,RA_comp,DEC_comp,Comp_flux,Flux_Ratio_AlphaCorr,Flux_Ratio_NOAlphaCorr
SB86199_component_5a,25.651662,-7.717552,827.0469970703125,346.18963623046875,25.65208333333333,-7.717888888888888,605.9,0.9478977610232772,1.364989267321856
SB86199_component_6a,17.708554,-7.694725,666.2529907226562,371.5856018066406,17.708374999999997,-7.694888888888888,846.3,0.5466975045178929,0.7872539179045921
SB86199_component_11a,19.73952,-7.315515,485.3500061035156,1394.6839599609375,19.739541666666664,-7.315749999999999,324.6,1.0383380875391495,1.495224910978175
SB86199_component_14a,20.186496,-3.134999,421.70098876953125,895.3312377929688,20.18645833333333,-3.1348888888888884,361.5,0.8100812469012781,1.1665310892656466
SB86199_component_16a,22.350933,-6.021525,430.8550109863281,1173.9918212890625,22.35083333333333,-6.021527777777777,257.4,1.1623980335059743,1.6738733915552764
SB86199_component_17a,23.17135,-8.067946,397.2139892578125,1000.5390014648438,23.171291666666665,-8.068249999999999,306.8,0.8990864257859449,1.2947000953644474
SB86199_component_18a,18.544054,-4.708525,399.06201171875,923.754638671875,18.543958333333332,-4.708499999999999,297.3,0.9321326904044522,1.3422872913513286
SB86199_component_19a,17.944318,-7.03067,416.88800048828125,395.1545104980469,17.94408333333333,-7.0306944444444435,249.9,1.1584716213011945,1.6682192896689925
SB86199_component_22a,25.433139,-7.769698,351.1210021972656,318.9110107421875,25.43358333333333,-7.769944444444444,206.6,1.1802085351587237,1.6995208238008985
SB86199_component_23a,20.258675,-9.741213,357.81500244140625,509.7079772949219,20.258791666666664,-9.741583333333333,229.0,1.0850639234983528,1.5625109276917304
SB86199_component_26a,18.175181,-7.414508,341.66400146484375,538.0535278320312,18.175166666666666,-7.414583333333332,246.4,0.96292127065432,1.3866233825683594
SB86199_component_28a,19.599588,-5.688527,339.6889953613281,1095.77099609375,19.599624999999996,-5.688944444444444,193.6,1.2184518886538755,1.7545919181886784
SB86199_component_35a,21.869361,-10.310044,292.0559997558594,284.3778076171875,21.86933333333333,-10.31036111111111,201.1,1.0085241975060193,1.4522923906308274
SB86199_component_36a,24.961903,-8.359756,278.593994140625,580.4041748046875,24.961874999999996,-8.359833333333333,171.6,1.1274225760806342,1.6235081243626166
SB86199_component_37a,21.402033,-4.637161,275.5950012207031,850.6018676757812,21.401999999999997,-4.637388888888888,260.7,0.7341124098393382,1.05713464219679
SB86199_component_38a,25.667471,-7.688866,292.6449890136719,131.8814697265625,25.667791666666663,-7.688999999999999,180.1,1.1283910688212537,1.6249027707588666
SB86199_component_40a,21.669878,-2.45945,272.50299072265625,297.8174743652344,21.669791666666665,-2.4593888888888884,196.7,0.962053389297693,1.3853736183154868
SB86199_component_44a,25.765659,-5.493123,249.82899475097656,172.77247619628906,25.765624999999996,-5.493222222222221,163.2,1.0630530721570568,1.5308149188172584
SB86199_component_47a,19.061744,-4.855267,240.11000061035156,836.6202392578125,19.061624999999996,-4.855472222222222,157.3,1.0600193352371685,1.5264462848719107
SB86199_component_48a,19.64426,-8.910993,244.33999633789062,710.2906494140625,19.64420833333333,-8.911166666666665,166.3,1.020315712421757,1.4692723772573097
SB86199_component_50a,24.00766,-10.180618,250.125,205.02049255371094,24.007624999999997,-10.180888888888887,163.1,1.0649651630486152,1.5335683629675048
SB86199_component_53a,22.879448,-9.438931,248.78599548339844,641.2009887695312,22.879458333333332,-9.43925,167.7,1.0302084977934955,1.4835181603064904
SB86199_component_58a,22.8613,-10.158489,202.85000610351562,206.77880859375,22.861166666666662,-10.158666666666665,169.3,0.8320517298436821,1.1981689669433881
SB86199_component_61a,19.994586,-3.649673,189.78399658203125,540.6951293945312,19.99470833333333,-3.6497222222222216,125.1,1.0534999981166417,1.5170583259954538
SB86199_component_69a,19.499478,-8.33741,179.9709930419922,633.70068359375,19.499374999999997,-8.33775,119.6,1.0449694507087488,1.504774189314316
SB86199_component_70a,20.899034,-3.810982,178.4320068359375,486.19073486328125,20.898874999999997,-3.810916666666666,148.4,0.834970477062946,1.2023720137192553
SB86199_component_71a,22.586507,-6.542736,174.75799560546875,449.2493591308594,22.58633333333333,-6.542722222222221,111.9,1.0845241549028821,1.5617336515234026
SB86199_component_74a,20.34968,-3.531455,162.60000610351562,472.6744079589844,20.349999999999998,-3.5314166666666664,112.0,1.0081723810278502,1.4517857687813895
SB86199_component_76a,21.30919,-8.495225,164.8070068359375,672.681640625,21.30908333333333,-8.495388888888888,92.6,1.2359387425019486,1.779773291964768
SB86199_component_79a,18.494199,-9.204094,162.8300018310547,294.9819030761719,18.494249999999997,-9.203944444444444,94.7,1.1940340443576327,1.7194297975824149
SB86199_component_90a,20.381856,-9.284414,147.2100067138672,442.07208251953125,20.382041666666662,-9.284638888888887,87.9,1.1630026874014603,1.6747441036844957
SB86199_component_92a,18.577415,-5.442831,132.0019989013672,407.41357421875,18.577416666666664,-5.442805555555555,93.5,0.9803951581049906,1.411786084506601
SB86199_component_95a,18.163209,-3.478706,126.61299896240234,117.34291076660156,18.163249999999998,-3.478694444444444,141.8,0.6200608704395798,0.892898441201709
SB86199_component_97a,20.686191,-9.371974,131.86300659179688,381.1069641113281,20.68620833333333,-9.372277777777777,82.4,1.1112915778127936,1.600279206211127
SB86199_component_98a,22.182062,-10.319336,133.28399658203125,136.0040740966797,22.18208333333333,-10.319749999999999,82.0,1.1287464962665532,1.6254145924637957
SB86199_component_99a,17.749196,-4.921848,129.69400024414062,137.5334014892578,17.749125,-4.921888888888888,70.8,1.2720930762974143,1.8318361616404044
SB86199_component_105a,20.661763,-3.546082,127.27999877929688,391.6307678222656,20.66195833333333,-3.545944444444444,80.8,1.0939086652156682,1.5752475096447633
SB86199_component_108a,20.724456,-7.560048,121.38300323486328,512.16455078125,20.724375,-7.560027777777777,124.1,0.6792323435217977,0.9781063919005906
SB86199_component_109a,20.069007,-4.260426,114.91600036621094,359.1125183105469,20.068916666666663,-4.260666666666666,85.6,0.9322641807886163,1.342476639792184
SB86199_component_111a,19.94375,-2.730877,126.71499633789062,180.5056915283203,19.943791666666662,-2.730805555555555,93.2,0.9441573184905592,1.3596029649988264
SB86199_component_112a,23.752218,-6.651804,119.13300323486328,203.6461639404297,23.752291666666665,-6.652055555555554,71.6,1.1554504568264967,1.6638687602634539
SB86199_component_113a,22.490665,-8.348095,113.12699890136719,398.3345031738281,22.49070833333333,-8.34811111111111,80.3,0.9783246171487012,1.4088044695064408
SB86199_component_115a,20.068428,-6.522576,119.69400024414062,473.0988464355469,20.068291666666664,-6.5226944444444435,75.7,1.0980162385521728,1.5811624867125578
SB86199_component_116a,22.542896,-8.051538,110.18699645996094,379.9551696777344,22.542749999999998,-8.05186111111111,67.9,1.1269193381717775,1.6227834530185703
SB86199_component_118a,19.283001,-9.887081,117.46199798583984,157.6671142578125,19.282833333333333,-9.88711111111111,72.6,1.123551603537938,1.617933856554268
SB86199_component_120a,25.847586,-6.896005,108.62699890136719,70.3087387084961,25.847624999999997,-6.896333333333333,69.5,1.0853885541364727,1.5629784014585206
SB86199_component_121a,25.030721,-2.68064,111.65799713134766,62.62366485595703,25.030624999999997,-2.680472222222222,78.5,0.987762279796706,1.4223948679152567
SB86199_component_122a,22.71899,-2.297289,111.65399932861328,111.87775421142578,22.719041666666662,-2.2971111111111107,82.5,0.9398371241901153,1.3533818100437973
SB86199_component_123a,22.871856,-4.762533,105.88800048828125,374.1625671386719,22.87170833333333,-4.762472222222222,66.1,1.1124424396617583,1.6019364672962368
SB86199_component_128a,21.817911,-8.358043,107.8290023803711,499.2083435058594,21.81795833333333,-8.358249999999998,111.9,0.6691720014035987,0.9636193242213681
SB86199_component_132a,22.333481,-8.128248,101.34100341796875,363.2293701171875,22.333499999999997,-8.128388888888887,79.1,0.889694646738467,1.2811757701386695
SB86199_component_133a,17.814584,-7.784273,105.11100006103516,110.17924499511719,17.81433333333333,-7.784305555555554,93.9,0.7773468386658197,1.119392971896008
SB86199_component_138a,23.981452,-6.586431,89.96600341796875,165.07522583007812,23.98170833333333,-6.586416666666666,52.8,1.1832506901293542,1.703901579885772
SB86199_component_140a,22.935181,-8.436908,101.43599700927734,315.9999694824219,22.935166666666664,-8.436972222222222,68.8,1.0238490338917037,1.4743604216464732
SB86199_component_141a,25.222635,-4.956743,105.47699737548828,171.50730895996094,25.222916666666663,-4.956888888888888,63.0,1.1626512679630228,1.674238053579179
SB86199_component_142a,20.594793,-3.140354,93.86599731445312,248.32275390625,20.594791666666666,-3.1402499999999995,59.4,1.0973726062672895,1.5802356450244635
SB86199_component_145a,23.57313,-2.43738,94.22699737548828,85.1192398071289,23.572999999999997,-2.437305555555555,67.0,0.9766361831385197,1.4063730951565414
SB86199_component_146a,22.384551,-8.888099,87.302001953125,328.2030029296875,22.38445833333333,-8.888305555555554,53.1,1.1417261350812151,1.644105498175612
SB86199_component_147a,18.677125,-3.56645,88.33999633789062,181.0245819091797,18.676875,-3.566444444444444,52.4,1.1707343224771414,1.6858777927078363
SB86199_component_154a,19.640916,-4.032815,83.61399841308594,288.3241271972656,19.640749999999997,-4.033083333333333,48.9,1.1874146246636945,1.7098977180590171
SB86199_component_158a,24.728447,-10.113837,92.34300231933594,58.2973518371582,24.72845833333333,-10.113944444444444,56.4,1.136991315196445,1.6372872751655307
SB86199_component_161a,24.925453,-6.092148,78.27999877929688,176.70428466796875,24.925749999999997,-6.092472222222222,43.3,1.255437724861075,1.807852165803623
SB86199_component_162a,18.497541,-5.057606,83.18099975585938,221.8159942626953,18.497625,-5.057888888888888,60.2,0.9595329778570306,1.3817441819910194
SB86199_component_165a,17.728002,-3.636806,81.53800201416016,157.10597229003906,17.72795833333333,-3.6366666666666663,64.6,0.8765159194728898,1.2621981735938106
SB86199_component_167a,24.595657,-6.52775,76.73500061035156,148.71124267578125,24.595416666666665,-6.527833333333333,44.6,1.194788140225802,1.720515708752277
SB86199_component_170a,22.364315,-4.840496,80.51899719238281,359.4598083496094,22.36408333333333,-4.8406666666666665,49.7,1.1250562315926425,1.6201005471304388
SB86199_component_172a,23.15025,-9.738641,79.38999938964844,157.83299255371094,23.15008333333333,-9.739083333333332,65.5,0.8416988997047092,1.2120610593839456
SB86199_component_174a,23.399846,-3.583357,78.34100341796875,263.7744445800781,23.39995833333333,-3.5834999999999995,55.2,0.9855582845481997,1.4192210764124773
SB86199_component_176a,18.702655,-2.410629,76.48500061035156,169.9666748046875,18.70258333333333,-2.4105555555555553,58.9,0.9017647205515167,1.2985568864236259
SB86199_component_177a,20.913318,-2.98223,78.50700378417969,196.75941467285156,20.913166666666665,-2.981972222222222,53.9,1.0114674201556977,1.4565306824523134
SB86199_component_179a,17.674135,-5.770415,83.35700225830078,75.986328125,17.673875,-5.7702222222222215,46.5,1.2448625322654545,1.7926237044795867
SB86199_component_180a,18.8675,-6.983229,78.20899963378906,286.4798583984375,18.867499999999996,-6.983416666666666,50.4,1.0776021650796863,1.551765865749783
SB86199_component_181a,23.11202,-9.547405,77.53900146484375,188.65936279296875,23.11195833333333,-9.548083333333333,54.8,0.9825890188896885,1.414945282205178
SB86199_component_182a,25.492508,-7.867667,77.41300201416016,86.78587341308594,25.49308333333333,-7.868194444444444,49.2,1.0926499933693594,1.573435000287808
SB86199_component_183a,25.175949,-8.38832,75.14399719238281,143.67877197265625,25.17595833333333,-8.388222222222222,48.8,1.0693176417632368,1.5398360080406315
SB86199_component_184a,19.22475,-3.906775,74.10800170898438,248.6845703125,19.224791666666665,-3.907083333333333,53.5,0.9619302486399016,1.3851962936258762
SB86199_component_185a,22.984656,-4.520342,79.22799682617188,298.9736022949219,22.984791666666663,-4.520666666666666,50.1,1.0981791918100579,1.5813971422389594
SB86199_component_188a,23.752348,-3.405121,73.12000274658203,193.4391632080078,23.75233333333333,-3.4051111111111108,48.9,1.0383878568729317,1.4952965796847042
SB86199_component_190a,25.350434,-4.255853,71.11299896240234,93.81661987304688,25.350249999999996,-4.255888888888888,45.1,1.0949762840830075,1.5767848993880784
SB86199_component_191a,24.084642,-7.422203,68.7249984741211,203.93173217773438,24.084541666666663,-7.422333333333333,34.3,1.391402821436907,2.0036442703825394
SB86199_component_193a,22.945006,-10.224537,75.76399993896484,79.75157928466797,22.944749999999996,-10.22486111111111,53.3,0.9871154442601484,1.4214634134890216
SB86199_component_194a,18.28521,-8.939827,72.39800262451172,121.67730712890625,18.284958333333332,-8.940222222222221,39.9,1.2600446938616217,1.8144862813160831
SB86199_component_195a,20.105196,-2.391841,71.08300018310547,65.87859344482422,20.10520833333333,-2.391805555555555,56.5,0.8736743040391775,1.2581061979310701
SB86199_component_196a,25.407956,-9.50042,73.71299743652344,44.458984375,25.40795833333333,-9.500666666666666,150.3,0.34057859676525115,0.4904391047007547
SB86199_component_198a,21.362813,-7.51657,72.37100219726562,360.0547180175781,21.362791666666663,-7.516722222222222,43.0,1.1687682143003786,1.6830465627271076
SB86199_component_201a,21.073208,-7.099023,71.13899993896484,312.0131530761719,21.073375,-7.0994722222222215,50.5,0.978247255994393,1.4086930680983136
SB86199_component_203a,19.894696,-6.184668,68.30000305175781,220.3225860595703,19.89458333333333,-6.184805555555554,44.5,1.0658423512598865,1.5348315292529846
SB86199_component_204a,20.157593,-2.400655,69.98600006103516,72.52435302734375,20.157041666666665,-2.4006666666666665,42.8,1.1355327509772484,1.6351869173139055
SB86199_component_205a,20.230827,-5.704674,71.08899688720703,302.5063781738281,20.23095833333333,-5.705055555555555,46.4,1.0639388471066573,1.532090450155324
SB86199_component_206a,24.202732,-6.266501,71.30899810791016,173.9243927001953,24.202791666666663,-6.266611111111111,48.2,1.0273763337221002,1.4794397947699203
SB86199_component_207a,23.225712,-7.380843,66.33799743652344,172.30648803710938,23.22545833333333,-7.381166666666665,40.4,1.140284583985579,1.642029639517907
SB86199_component_208a,18.787162,-4.718005,67.60900115966797,220.9444580078125,18.78695833333333,-4.718222222222222,50.4,0.9315501588011237,1.341448435707698
SB86199_component_209a,19.839614,-7.918097,66.16600036621094,248.74435424804688,19.83970833333333,-7.918305555555555,57.6,0.7977093094817804,1.1487152841356065
SB86199_component_211a,19.511682,-6.536121,66.90899658203125,238.96070861816406,19.51170833333333,-6.53636111111111,47.8,0.9720506189677537,1.3997698029713652
SB86199_component_216a,22.663976,-3.36488,67.89700317382812,290.15814208984375,22.663916666666665,-3.3649999999999998,51.6,0.9137621508901868,1.3158333948416303
SB86199_component_217a,22.11333,-2.93365,66.01899719238281,181.37088012695312,22.113291666666665,-2.9337499999999994,44.0,1.0419539073213875,1.5004317543723367
SB86199_component_218a,18.630572,-8.818215,65.41699981689453,151.07852172851562,18.630249999999997,-8.818444444444443,43.7,1.0395405775739237,1.4969565175490738
SB86199_component_225a,23.393447,-6.491735,66.36100006103516,147.46888732910156,23.39333333333333,-6.491472222222221,40.3,1.143510447762355,1.6466749394797806
SB86199_component_227a,23.912065,-2.985461,63.7140007019043,122.0574722290039,23.912124999999996,-2.9855277777777776,41.2,1.0739150304371932,1.5464563277161236
SB86199_component_228a,21.120879,-8.499831,62.4900016784668,264.78814697265625,21.120791666666666,-8.500333333333332,37.0,1.1728462216663076,1.6889189642828863
SB86199_component_229a,18.305186,-3.332041,59.35499954223633,73.18742370605469,18.305124999999997,-3.331694444444444,48.8,0.8446363050779511,1.2162909742261543
SB86199_component_231a,22.863919,-3.350034,59.7859992980957,213.52142333984375,22.863833333333332,-3.3498611111111107,31.4,1.322215078270286,1.9040127164998633
SB86199_component_232a,19.595751,-2.350608,61.077999114990234,50.02293395996094,19.595791666666663,-2.3503055555555554,44.7,0.9488761680703945,1.3663981904919515
SB86199_component_233a,20.162702,-4.439953,61.5099983215332,168.0601043701172,20.16258333333333,-4.440388888888888,38.7,1.1037405823570756,1.5894056413832869
SB86199_component_239a,23.729524,-6.674608,61.891998291015625,116.77735900878906,23.729666666666663,-6.675472222222221,33.0,1.3024253057208,1.875515099727746
SB86199_component_240a,22.590095,-2.469848,62.332000732421875,92.480712890625,22.59008333333333,-2.4698888888888884,45.5,0.9513316186395395,1.36993408203125
SB86199_component_243a,25.0579,-8.139404,55.81100082397461,109.64833068847656,25.057749999999995,-8.139638888888888,31.8,1.2187789685939614,1.7550629189929121
SB86199_component_245a,20.943233,-9.384192,56.816001892089844,196.59515380859375,20.943125,-9.384472222222222,66.0,0.5978042451158057,0.8608485135165128
SB86199_component_253a,21.762785,-2.138796,60.18000030517578,50.699241638183594,21.762749999999997,-2.1389166666666664,48.5,0.8616734425247817,1.2408247485603254
SB86199_component_256a,24.019388,-9.416021,62.262001037597656,159.6461639404297,24.019374999999997,-9.415944444444444,36.1,1.1977002309202192,1.7247091700165555
SB86199_component_257a,24.318914,-8.154997,61.51900100708008,188.13150024414062,24.318916666666663,-8.15511111111111,39.9,1.0707020633245243,1.5418295991749393
SB86199_component_260a,22.242161,-6.492929,54.63999938964844,167.60736083984375,22.242291666666663,-6.492916666666666,34.2,1.10947326273688,1.5976608008669133
SB86199_component_261a,18.237775,-6.199317,53.077999114990234,122.2995376586914,18.237499999999997,-6.199333333333333,36.9,0.9988963760970377,1.4384281602978384
SB86199_component_266a,21.378664,-9.838256,54.12900161743164,116.90929412841797,21.378624999999996,-9.838555555555555,41.3,0.910148433629143,1.3106295791145677
SB86199_component_268a,22.46847,-5.102269,52.78099822998047,262.5920104980469,22.46845833333333,-5.102277777777777,36.6,1.0014488567010196,1.4421037767754226
SB86199_component_269a,18.446487,-3.190101,50.17300033569336,69.68472290039062,18.446458333333332,-3.189972222222222,33.8,1.030826638692502,1.484408293955425
SB86199_component_271a,22.841883,-7.534916,52.13800048828125,167.6463165283203,22.842166666666664,-7.534944444444443,33.4,1.0840271658849847,1.5610179786910554
SB86199_component_273a,18.317726,-6.514536,55.05699920654297,135.60838317871094,18.3175,-6.514388888888888,44.9,0.8515270666616579,1.2262137907916029
SB86199_component_274a,19.827216,-9.391396,53.62200164794922,137.4923095703125,19.827041666666663,-9.391527777777776,38.8,0.9597178157351243,1.3820103517512685
SB86199_component_275a,25.458089,-4.674358,54.63199996948242,69.50636291503906,25.457916666666662,-4.674027777777777,32.8,1.1566594664580536,1.6656097551671472
SB86199_component_278a,25.283622,-8.026345,51.39099884033203,77.98330688476562,25.283875,-8.026472222222221,30.5,1.1700905725759627,1.6849507816502305
SB86199_component_280a,24.213344,-3.491962,50.926998138427734,139.14480590820312,24.21320833333333,-3.492194444444444,32.6,1.0848326272062205,1.5621778570069857
SB86199_component_281a,19.00685,-2.451073,49.387001037597656,40.61431121826172,19.006624999999996,-2.4511111111111106,39.9,0.8595517327448237,1.2377694495638512
SB86199_component_282a,18.235092,-6.422075,55.9109992980957,115.9979248046875,18.235083333333332,-6.422083333333332,32.8,1.1837382239968666,1.7046036371370643
SB86199_component_291a,19.737535,-7.095464,49.369998931884766,189.88461303710938,19.737333333333332,-7.095972222222222,27.9,1.228828217251313,1.7695340118955114
SB86199_component_292a,19.80088,-2.545193,51.50400161743164,59.88837432861328,19.800749999999997,-2.545111111111111,31.1,1.1500397320329911,1.6560772224254545
SB86199_component_294a,21.110945,-7.340228,50.70800018310547,217.6309051513672,21.11108333333333,-7.340666666666666,28.6,1.231239984997168,1.773006999409282
SB86199_component_297a,22.34652,-3.367868,49.527000427246094,171.96876525878906,22.346375,-3.3679999999999994,34.1,1.008602192383482,1.4524047046113224
SB86199_component_298a,25.111277,-8.515045,46.8489990234375,85.33515167236328,25.11120833333333,-8.515083333333333,35.0,0.9295324009109581,1.3385428292410715
SB86199_component_302a,22.236111,-5.728928,46.58100128173828,178.4712677001953,22.236166666666662,-5.728749999999999,29.2,1.1077920115604234,1.595239769922544
SB86199_component_303a,22.465605,-9.639249,47.89799880981445,104.80963134765625,22.465541666666663,-9.639222222222221,25.5,1.304395972727242,1.8783528945025276
SB86199_component_306a,24.745923,-6.534733,43.792999267578125,96.03727722167969,24.746041666666663,-6.534638888888888,27.3,1.1139720739686076,1.604139167310554
SB86199_component_309a,18.179345,-9.36912,46.178001403808594,49.17784881591797,18.179125,-9.369138888888887,28.9,1.1096079270738082,1.5978547198549686
SB86199_component_311a,17.892227,-3.852341,47.347999572753906,40.33049392700195,17.891916666666663,-3.8522777777777772,36.6,0.8983649727996497,1.2936611905124018
SB86199_component_314a,20.467211,-6.363545,46.70000076293945,189.83740234375,20.466874999999998,-6.363583333333333,27.7,1.1707640529876855,1.685920605160269
SB86199_component_316a,25.855937,-4.856352,45.6870002746582,120.54617309570312,25.85595833333333,-4.856249999999999,26.1,1.215582383357339,1.7504597806382451
SB86199_component_319a,21.568024,-8.548947,43.33700180053711,178.34156799316406,21.56795833333333,-8.549305555555554,32.8,0.917523674924981,1.3212500548944242
SB86199_component_327a,20.111266,-4.878423,43.33100128173828,138.43771362304688,20.11120833333333,-4.878555555555555,25.5,1.1800239043506153,1.6992549522250306
SB86199_component_330a,19.687239,-4.164706,41.56999969482422,133.6656036376953,19.687541666666664,-4.165305555555555,23.8,1.2129288473624997,1.746638642639673
SB86199_component_331a,21.871788,-8.554211,44.70000076293945,196.9163055419922,21.871958333333332,-8.554638888888888,36.1,0.8598695888938339,1.2382271679484613
SB86199_component_332a,24.238326,-7.81864,45.56700134277344,134.81361389160156,24.238999999999997,-7.8191944444444434,29.7,1.0654332868970635,1.5342424694536512
SB86199_component_333a,21.306964,-3.322309,41.89500045776367,139.18605041503906,21.306749999999997,-3.322305555555555,25.3,1.1499367120435782,1.6559288718483665
SB86199_component_335a,20.064533,-9.492877,41.13800048828125,103.1027603149414,20.064666666666664,-9.492722222222222,31.3,0.9127064135065592,1.3143131146415734
SB86199_component_336a,23.432776,-9.53016,43.0359992980957,107.05472564697266,23.43283333333333,-9.530499999999998,22.1,1.3522963596106683,1.9473302849817058
SB86199_component_340a,21.653123,-2.544222,40.94900131225586,67.35033416748047,21.65308333333333,-2.5441388888888885,26.1,1.0895196513671124,1.5689272533431362
SB86199_component_341a,19.010378,-8.705477,41.36000061035156,148.2437286376953,19.010374999999996,-8.705694444444443,26.9,1.0677277186464718,1.5375464910911363
SB86199_component_343a,24.473959,-4.659815,37.75600051879883,99.88359832763672,24.473916666666664,-4.660083333333333,24.4,1.0745544273832175,1.547377070442575
SB86199_component_345a,21.492258,-6.715579,40.321998596191406,162.5886993408203,21.492541666666664,-6.715805555555555,25.6,1.0937910003310067,1.5750780701637268
SB86199_component_346a,24.258553,-3.909541,38.553001403808594,125.99020385742188,24.258625,-3.9096111111111105,24.8,1.0795400878244659,1.5545565082180883
SB86199_component_347a,19.531976,-2.960689,44.6510009765625,86.70097351074219,19.531666666666663,-2.960833333333333,30.3,1.0233420772525414,1.473630395266089
SB86199_component_348a,23.886774,-9.639784,42.2760009765625,91.90435028076172,23.88720833333333,-9.640055555555554,25.8,1.1379061748713515,1.6386046890140504
SB86199_component_349a,24.039762,-6.861125,39.16600036621094,95.99510192871094,24.039875,-6.861472222222221,24.4,1.114683719623585,1.6051639494348746
SB86199_component_353a,18.065985,-7.068139,40.26499938964844,72.54954528808594,18.066041666666663,-7.06836111111111,28.7,0.9742671534627609,1.4029616512072627
SB86199_component_359a,20.080021,-7.47178,39.354000091552734,174.13275146484375,20.080624999999998,-7.471638888888888,27.5,0.9937758744109059,1.4310545487837358
SB86199_component_360a,22.121151,-6.12061,37.928001403808594,117.06172943115234,22.121208333333332,-6.120583333333332,23.7,1.1113321368810407,1.600337611975046
SB86199_component_362a,18.220397,-7.09269,40.96500015258789,80.48133850097656,18.220208333333332,-7.092833333333332,25.4,1.119983191820312,1.6127952815979485
SB86199_component_363a,17.595417,-5.619507,40.608001708984375,31.72500228881836,17.595208333333332,-5.619722222222221,26.1,1.0804467617491311,1.5558621344438457
SB86199_component_364a,17.881962,-4.511167,39.58399963378906,43.98222351074219,17.881791666666665,-4.511027777777778,41.9,0.6560514682795188,0.9447255282527223
SB86199_component_365a,24.059944,-5.810546,37.92499923706055,127.26509094238281,24.05995833333333,-5.810861111111111,25.2,1.0450986837797487,1.5049602871849423
SB86199_component_366a,21.283834,-9.588169,39.75199890136719,123.45341491699219,21.283624999999997,-9.58847222222222,25.2,1.0954452884691177,1.5774602738637773
SB86199_component_369a,25.841879,-6.992931,42.39699935913086,26.987268447875977,25.842041666666663,-6.992777777777777,23.6,1.2475425826717734,1.7964830236919855
SB86199_component_370a,24.655331,-6.428837,34.73099899291992,83.08850860595703,24.655041666666662,-6.428583333333332,31.7,0.7608346341996626,1.0956151101867484
SB86199_component_372a,22.442572,-6.365176,37.939998626708984,134.53900146484375,22.442291666666662,-6.365083333333333,21.7,1.2141429930052865,1.7483870334888933
SB86199_component_374a,21.349448,-4.826606,39.15999984741211,154.78260803222656,21.349375,-4.826722222222221,25.3,1.0748662364512565,1.5478260809253799
SB86199_component_375a,20.89629,-5.187072,37.43299865722656,170.92694091796875,20.895874999999997,-5.1876944444444435,25.6,1.0154228081974193,1.4622265100479126
SB86199_component_377a,18.08983,-8.714951,40.83000183105469,56.23966979980469,18.08975,-8.715083333333332,26.2,1.0822070752094315,1.558397016452469
SB86199_component_382a,19.690369,-2.467657,35.94499969482422,38.5262565612793,19.690499999999997,-2.4675,25.2,0.9905358635528846,1.426388876778739
SB86199_component_384a,23.795774,-6.842507,35.60499954223633,80.7369613647461,23.795999999999996,-6.84311111111111,19.7,1.255096213050386,1.807360382854636
SB86199_component_385a,21.886611,-3.157751,39.4900016784668,125.76433563232422,21.887041666666665,-3.157972222222222,28.5,0.9622203842702203,1.385614093981291
SB86199_component_386a,21.779575,-8.438228,35.69900131225586,152.55982971191406,21.779541666666663,-8.438388888888888,26.3,0.9426111640823758,1.3573764757511733
SB86199_component_389a,24.026983,-9.282205,35.887001037597656,110.08282470703125,24.026874999999997,-9.282694444444443,20.3,1.2276466700911786,1.767832563428456
SB86199_component_391a,18.419557,-7.799827,38.22999954223633,83.28976440429688,18.41933333333333,-7.800333333333333,25.7,1.0330073945428087,1.4875486203204797
SB86199_component_395a,23.317094,-5.409106,35.01300048828125,134.66539001464844,23.31683333333333,-5.409416666666666,25.2,0.96485277420189,1.389404781281002
SB86199_component_396a,18.997637,-9.585117,35.202999114990234,62.974952697753906,18.997416666666663,-9.585833333333332,33.5,0.7297382628821052,1.0508357944773203
SB86199_component_399a,18.981823,-6.214806,34.02899932861328,144.80426025390625,18.981749999999998,-6.21511111111111,23.5,1.0055729373232412,1.4480425246218418
SB86199_component_400a,22.598698,-4.79804,33.9119987487793,137.29554748535156,22.598625,-4.798083333333333,26.5,0.8886684757011355,1.2796980659916717
SB86199_component_401a,22.940985,-2.411363,38.11399841308594,45.15876770019531,22.940999999999995,-2.411055555555555,25.4,1.042036798162336,1.5005511186254308
SB86199_component_404a,21.249255,-4.28726,37.834999084472656,147.2178955078125,21.24958333333333,-4.2876666666666665,23.9,1.0993300201002516,1.583054354998856
SB86199_component_405a,23.298809,-7.828837,34.275001525878906,101.40532684326172,23.298374999999997,-7.830138888888888,20.6,1.155427030209985,1.663835025528102
SB86199_component_406a,23.78035,-6.082894,34.0880012512207,98.80580139160156,23.78058333333333,-6.082333333333333,21.5,1.1010203297409524,1.585488430289335
SB86199_component_407a,25.66083,-4.861484,36.35900115966797,35.85700225830078,25.660999999999998,-4.861194444444444,22.8,1.1074123379505325,1.5946930333187705
SB86199_component_409a,20.783698,-2.812628,34.20899963378906,78.28146362304688,20.783624999999997,-2.812416666666666,32.7,0.7264820406361916,1.0461467777917144
SB86199_component_411a,19.988343,-5.990401,33.51900100708008,158.8578338623047,19.988666666666663,-5.990555555555555,22.4,1.0391429823646294,1.4963839735303608
SB86199_component_417a,22.677296,-3.636433,34.53900146484375,140.40243530273438,22.677083333333332,-3.6362499999999995,23.1,1.0383172250341104,1.4951948686079544
SB86199_component_419a,23.253316,-5.675017,31.940000534057617,107.90540313720703,23.253166666666665,-5.675277777777777,32.7,0.6782962674823215,0.9767584261179698
SB86199_component_420a,20.945722,-8.904941,32.777000427246094,137.71849060058594,20.946125,-8.90472222222222,17.5,1.3006589057134588,1.872971452985491
SB86199_component_426a,23.70858,-8.019192,31.996000289916992,108.09459686279297,23.70875,-8.01961111111111,18.4,1.2075639237051754,1.7389130592346194
SB86199_component_427a,19.624484,-3.765693,34.17599868774414,117.04109191894531,19.62458333333333,-3.765416666666666,20.3,1.1691155508395248,1.6835467333864107
SB86199_component_429a,24.267653,-8.789997,32.35499954223633,106.43092346191406,24.26783333333333,-8.790527777777777,24.9,0.902348522910399,1.2993975719773627
SB86199_component_431a,24.192346,-8.404141,33.27299880981445,113.9486312866211,24.192166666666665,-8.403805555555554,16.1,1.4351534167539237,2.0666458888083508
SB86199_component_438a,19.007545,-6.78332,31.56100082397461,118.20600128173828,19.007499999999997,-6.783722222222221,20.2,1.0850047962081035,1.5624257833650796
SB86199_component_440a,22.87475,-9.816091,31.676000595092773,64.6448974609375,22.874791666666663,-9.816888888888888,20.8,1.0575460033995026,1.522884643994845
SB86199_component_445a,24.764386,-5.865075,29.56100082397461,65.40044403076172,24.76483333333333,-5.865333333333332,16.7,1.2292350164498327,1.7701198098188389
SB86199_component_446a,23.61101,-8.28443,30.934999465942383,108.1643295288086,23.611166666666662,-8.284999999999998,28.2,0.7617864883091033,1.0969857966646235
SB86199_component_447a,17.78436,-8.238809,32.71099853515625,28.02998924255371,17.784041666666663,-8.239194444444443,23.1,0.9833634959507923,1.4160605426474566
SB86199_component_448a,23.90091,-9.516252,34.222999572753906,82.46505737304688,23.90108333333333,-9.517,20.5,1.1593016971306973,1.6694146133050687
SB86199_component_451a,24.691662,-6.071922,29.906999588012695,72.0650634765625,24.691874999999996,-6.071777777777777,27.0,0.7692036589340487,1.1076666514078777
SB86199_component_453a,21.732302,-3.46913,31.21500015258789,115.6111068725586,21.732291666666665,-3.4689999999999994,19.0,1.1408853443349958,1.6428947448730469
SB86199_component_455a,23.994509,-7.734899,31.572999954223633,93.68842315673828,23.99458333333333,-7.734694444444443,21.8,1.0057536473426332,1.4483027501937447
SB86199_component_457a,22.621871,-7.354904,30.756000518798828,84.9613265991211,22.622166666666665,-7.354999999999999,18.8,1.1360678536026756,1.635957474404193
SB86199_component_461a,23.913642,-5.06664,28.58799934387207,91.9228286743164,23.913999999999998,-5.066694444444444,19.0,1.0448703929472225,1.5046315444143195
SB86199_component_463a,18.109541,-5.611402,32.78900146484375,63.91617965698242,18.110124999999996,-5.611194444444444,18.4,1.237492652346897,1.782010949176291
SB86199_component_465a,21.921817,-4.39313,32.57600021362305,140.41380310058594,21.92158333333333,-4.393194444444444,18.7,1.209729895974037,1.7420320969851897
SB86199_component_466a,20.750646,-4.906427,30.48200035095215,125.95867919921875,20.750749999999996,-4.906722222222221,21.1,1.003213272619942,1.4446445663958363
SB86199_component_467a,20.871808,-2.874707,30.23200035095215,69.98148345947266,20.87145833333333,-2.8752499999999994,19.4,1.082174795808987,1.5583505335542345
SB86199_component_471a,22.330193,-10.232947,31.635000228881836,39.44513702392578,22.329916666666662,-10.232888888888887,20.5,1.0716334018620195,1.5431707428722847
SB86199_component_474a,23.628621,-6.28742,29.06999969482422,74.15816497802734,23.628624999999996,-6.287666666666666,16.1,1.2538668253357579,1.8055900431567835
SB86199_component_475a,18.346946,-3.804317,32.124000549316406,61.30534744262695,18.347458333333332,-3.804055555555555,23.0,0.9699158344029472,1.396695676057235
SB86199_component_479a,23.704114,-9.554874,31.30500030517578,53.97414016723633,23.70395833333333,-9.555166666666665,16.6,1.3095976441697932,1.885843391878059
SB86199_component_482a,21.62074,-7.658206,29.7549991607666,119.9798355102539,21.62033333333333,-7.658333333333332,21.6,0.9566177876973921,1.377546257442898
SB86199_component_489a,23.536356,-7.695898,29.11400032043457,82.01126861572266,23.536416666666664,-7.696083333333332,17.1,1.1823281584060408,1.7025731181540682
SB86199_component_491a,25.631107,-4.392303,28.333999633789062,25.0300350189209,25.63108333333333,-4.392194444444444,17.7,1.1116469440408034,1.600790939762094
SB86199_component_493a,21.377659,-6.621173,32.224998474121094,130.9959259033203,21.377374999999997,-6.621027777777777,19.8,1.1302121611952658,1.6275251754606612
SB86199_component_498a,22.686442,-7.050991,30.15399932861328,66.27252197265625,22.686166666666665,-7.050694444444444,18.1,1.156907420801459,1.6659668137355403
SB86199_component_500a,21.712905,-9.592685,28.427000045776367,92.89869689941406,21.712666666666664,-9.59336111111111,17.0,1.1612196322750126,1.6721764732809627
SB86199_component_501a,19.177213,-10.044135,27.7450008392334,28.110437393188477,19.177625,-10.04436111111111,15.9,1.2117691138752569,1.7449686062410943
SB86199_component_502a,23.646688,-3.076301,28.489999771118164,69.48780822753906,23.64645833333333,-3.076805555555555,18.7,1.0579937448859058,1.5235293995250356
SB86199_component_503a,23.314547,-9.533904,30.170000076293945,68.88127899169922,23.314916666666665,-9.534416666666665,19.5,1.074417221158582,1.5471794910919971
SB86199_component_504a,24.05418,-2.676175,27.47800064086914,33.67402267456055,24.05433333333333,-2.676805555555555,20.3,0.939985928391871,1.3535960906832087
SB86199_component_505a,20.094021,-6.40505,27.966999053955078,115.56610870361328,20.094374999999996,-6.4055833333333325,20.9,0.9292484437760627,1.3381339260265588
SB86199_component_506a,21.208396,-9.060985,30.062000274658203,111.75465393066406,21.208249999999996,-9.060944444444443,19.0,1.098744045077595,1.5822105407714844
SB86199_component_507a,20.262894,-7.054446,30.476999282836914,136.66815185546875,20.262916666666666,-7.054722222222221,16.3,1.2984249773172591,1.8697545572292584
SB86199_component_508a,24.026711,-7.416142,27.496999740600586,74.51761627197266,24.026874999999997,-7.416472222222222,16.8,1.1366016670362264,1.6367261750357491
SB86199_component_510a,23.962221,-5.622382,26.451000213623047,88.7617416381836,23.96233333333333,-5.62286111111111,14.3,1.2845124630662106,1.8497202946589542
SB86199_component_511a,20.982613,-8.892436,27.26099967956543,115.51271057128906,20.982416666666666,-8.892694444444443,18.7,1.0123540671121924,1.4578074694954777
SB86199_component_514a,18.797325,-5.339932,30.92099952697754,108.87675476074219,18.79708333333333,-5.339833333333333,19.3,1.1125728967845019,1.6021243278226704
SB86199_component_515a,22.004814,-4.815723,28.395000457763672,105.95149230957031,22.004666666666665,-4.815472222222222,17.6,1.1203700046042606,1.613352298736572
SB86199_component_517a,18.036781,-5.973214,28.142000198364258,56.284000396728516,18.037,-5.97311111111111,20.3,0.9627004718792714,1.38630542849085
SB86199_component_519a,25.019517,-4.94611,27.26300048828125,61.40315246582031,25.01933333333333,-4.946722222222221,18.3,1.0345579502026292,1.4897814474470628
SB86199_component_520a,18.057303,-6.315055,27.239999771118164,48.3836555480957,18.057541666666665,-6.316194444444443,16.7,1.1327208360140275,1.631137710845399
SB86199_component_521a,21.662174,-7.856372,28.354999542236328,123.82096099853516,21.662374999999997,-7.85636111111111,15.5,1.2703699356829652,1.8293548091765373
SB86199_component_522a,22.14387,-5.188435,25.937999725341797,104.58870697021484,22.144416666666665,-5.188694444444444,25.2,0.7147731026542595,1.0292857033865792
SB86199_component_523a,21.707501,-4.253443,26.94099998474121,110.8683090209961,21.707583333333332,-4.25311111111111,17.9,1.0451844541638227,1.5050837980302354
SB86199_component_525a,25.100055,-5.086587,26.535999298095703,59.49775314331055,25.100041666666662,-5.086083333333333,16.8,1.0968782530173216,1.5795237677437919
SB86199_component_526a,21.376818,-2.718125,27.113000869750977,60.52008819580078,21.376666666666665,-2.7179999999999995,21.5,0.8757323416494225,1.2610698078953944
SB86199_component_527a,20.183904,-8.120801,27.485000610351562,101.42066955566406,20.18395833333333,-8.121194444444443,18.2,1.0487129328320273,1.5101648687006353
SB86199_component_530a,24.328103,-6.652641,25.06599998474121,38.38591003417969,24.328041666666664,-6.653444444444443,12.4,1.4037688812608191,2.021451611672678
SB86199_component_532a,24.701451,-5.922743,27.652999877929688,60.909690856933594,24.70120833333333,-5.921944444444444,16.7,1.1498946183265164,1.6558682561634543
SB86199_component_534a,24.471865,-6.391618,25.784000396728516,64.45999908447266,24.47195833333333,-6.391555555555555,19.7,0.908900482271738,1.308832507448148
SB86199_component_535a,23.347544,-8.052806,28.875999450683594,93.75324249267578,23.34758333333333,-8.053083333333332,22.8,0.8794971545536217,1.2664912039773506
SB86199_component_536a,19.929349,-10.26574,24.924999237060547,17.84180450439453,19.929291666666664,-10.265777777777776,17.4,0.9947596623422412,1.4324712205207213
SB86199_component_538a,21.610513,-5.618572,26.881000518798828,129.23558044433594,21.610374999999998,-5.618972222222221,15.0,1.244475729142703,1.7920667012532552
SB86199_component_539a,22.577414,-7.875993,26.927000045776367,93.17301177978516,22.577624999999998,-7.876166666666665,23.2,0.8059948132395086,1.1606465536972572
SB86199_component_541a,18.19952,-9.129684,28.586000442504883,37.91246795654297,18.198916666666666,-9.129999999999999,19.5,1.0180076593240395,1.4659487406412761
SB86199_component_543a,23.639453,-4.784694,26.07699966430664,96.22509002685547,23.639541666666663,-4.784722222222221,15.9,1.1389187896890807,1.6400628719689712
SB86199_component_544a,20.673875,-5.233559,26.691999435424805,117.07017517089844,20.67383333333333,-5.233944444444444,16.1,1.1512973149400756,1.6578881636909815
SB86199_component_545a,18.273689,-7.054104,26.240999221801758,58.83631896972656,18.27345833333333,-7.054083333333333,18.7,0.9744757198758152,1.4032619904706822
SB86199_component_546a,18.550885,-4.369285,25.802000045776367,67.54450225830078,18.550749999999997,-4.369916666666666,16.8,1.0665380420248594,1.5358333360581171
SB86199_component_547a,20.927611,-3.789302,24.854000091552734,76.47384643554688,20.927166666666665,-3.789305555555555,18.1,0.9535642960379354,1.3731491763288803
SB86199_component_548a,19.621104,-8.855414,26.45199966430664,80.1575698852539,19.619916666666665,-8.855444444444442,14.4,1.2756404358636138,1.8369444211324055
SB86199_component_551a,24.90318,-8.468468,24.913000106811523,63.23096466064453,24.903249999999996,-8.468916666666665,14.9,1.161106409133509,1.6720134299873506
SB86199_component_552a,24.718722,-6.971313,25.545000076293945,64.18341827392578,24.718499999999995,-6.9712499999999995,13.1,1.3541503100185717,1.9500000058239653
SB86199_component_553a,24.462648,-2.419122,29.19300079345703,17.533334732055664,24.462416666666662,-2.41925,17.5,1.158438416315455,1.6681714739118303
SB86199_component_556a,21.773308,-4.536082,26.885000228881836,118.43612670898438,21.7735,-4.536444444444444,14.1,1.3241073390091571,1.9067376048852367
SB86199_component_557a,24.815085,-8.794052,25.097000122070312,47.17481231689453,24.814999999999998,-8.794527777777777,16.7,1.043608487466177,1.5028143785670847
SB86199_component_559a,21.076194,-8.034458,25.559999465942383,108.76595306396484,21.076166666666666,-8.035694444444443,13.2,1.344680695318814,1.936363595904726
SB86199_component_560a,20.375376,-3.670674,25.665000915527344,77.7727279663086,20.375708333333332,-3.6704999999999997,15.8,1.1280191120606775,1.6243671465523635
SB86199_component_561a,25.314191,-5.02268,24.368000030517578,42.08635711669922,25.314791666666665,-5.02286111111111,11.8,1.4340693045330157,2.065084748348947
SB86199_component_562a,17.988099,-6.329266,26.600000381469727,39.290992736816406,17.98783333333333,-6.328277777777777,18.5,0.9984864492163845,1.437837858457823
SB86199_component_563a,24.747512,-6.10209,24.964000701904297,57.25688552856445,24.74795833333333,-6.102305555555555,10.8,1.605176124825444,2.3114815464726197
SB86199_component_565a,20.327478,-6.645193,25.808000564575195,124.67633056640625,20.327624999999998,-6.645138888888888,17.8,1.0068542743042879,1.4498876721671456
SB86199_component_572a,25.296814,-4.225089,24.219999313354492,34.69913864135742,25.296749999999996,-4.225027777777777,18.6,0.9042602558829308,1.3021505007179834
SB86199_component_573a,20.355208,-7.544559,25.10300064086914,101.63158416748047,20.355291666666663,-7.5449722222222215,15.7,1.1103457781709452,1.59891723827192
SB86199_component_574a,19.014122,-5.642938,26.145999908447266,98.66415405273438,19.01383333333333,-5.642916666666666,15.7,1.1564793002131397,1.6653503126399534
SB86199_component_575a,24.539627,-9.208283,26.648000717163086,63.44762420654297,24.539416666666664,-9.20761111111111,16.8,1.1015078853707905,1.586190518878755
SB86199_component_576a,19.421379,-6.034302,25.384000778198242,103.60816192626953,19.420624999999998,-6.034194444444443,14.8,1.191051712427113,1.7151351877160974
SB86199_component_577a,21.968106,-6.079494,27.48699951171875,83.29393768310547,21.968291666666662,-6.079638888888888,16.3,1.1710407047068312,1.686318988449003
SB86199_component_579a,20.236849,-7.572448,25.340999603271484,106.47478485107422,20.237,-7.572722222222221,16.7,1.0537547172259225,1.5174251259444003
SB86199_component_581a,24.991004,-7.684269,24.264999389648438,56.561771392822266,24.991291666666662,-7.684499999999999,16.6,1.0150897852318879,1.4617469511836407
SB86199_component_583a,21.411849,-4.040635,26.013999938964844,102.01568603515625,21.41195833333333,-4.0409999999999995,17.0,1.0626505573744214,1.5302352905273438
SB86199_component_588a,21.361481,-7.638421,24.235000610351562,113.77934265136719,21.36125,-7.638499999999999,16.7,1.0077639641268998,1.4511976413384169
SB86199_component_592a,21.526657,-3.710821,25.332000732421875,94.87641143798828,21.52683333333333,-3.7112777777777772,15.9,1.106380794799153,1.5932075932340801
SB86199_component_593a,19.153134,-5.450056,26.761999130249023,122.20091247558594,19.152874999999998,-5.4505833333333324,17.2,1.0804940164194392,1.5559301819912223
SB86199_component_594a,25.170368,-7.980246,25.558000564575195,43.540035247802734,25.17008333333333,-7.9801666666666655,25.1,0.7071074529493979,1.0182470344452268
SB86199_component_595a,24.661397,-6.308478,22.006000518798828,53.02650833129883,24.661374999999996,-6.308972222222222,12.2,1.2526032928036923,1.803770534327773
SB86199_component_596a,22.280927,-5.040053,24.451000213623047,112.67742156982422,22.281,-5.040166666666666,18.9,0.8983945033415516,1.2937037150065105
SB86199_component_598a,22.012934,-4.847418,23.503000259399414,86.0915756225586,22.013125,-4.847722222222221,13.4,1.218009758613755,1.7539552432387622
SB86199_component_599a,23.557025,-4.743033,23.316999435424805,84.17688751220703,23.557,-4.743138888888888,14.1,1.1483805026325058,1.6536879032216174
SB86199_component_601a,18.363251,-6.130737,23.334999084472656,64.10713958740234,18.363208333333333,-6.1308333333333325,16.8,0.9645633745465911,1.38898804074242
SB86199_component_602a,18.759531,-2.526795,23.99799919128418,17.339595794677734,18.758416666666665,-2.5272777777777775,14.6,1.1414435527799818,1.6436985747454917
SB86199_component_603a,24.217012,-4.610893,22.89299964904785,59.30828857421875,24.217166666666664,-4.611833333333332,14.8,1.0741705640826542,1.5468243006113414
SB86199_component_604a,23.294002,-6.348422,24.131000518798828,54.226966857910156,23.293874999999996,-6.348444444444444,15.5,1.0811249540445,1.5568387431483115
SB86199_component_608a,24.278913,-9.149272,23.264999389648438,67.04610443115234,24.27945833333333,-9.14947222222222,24.4,0.6621333762501473,0.9534835815429689
SB86199_component_609a,20.687407,-8.896942,23.55299949645996,96.5286865234375,20.687499999999996,-8.89736111111111,12.7,1.2878781132542476,1.8545668894850365
SB86199_component_611a,20.983282,-6.505346,23.57900047302246,113.36058044433594,20.98333333333333,-6.505888888888888,13.3,1.2311359439024165,1.7728571784227414
SB86199_component_613a,20.387287,-3.383239,22.780000686645508,64.16902160644531,20.386666666666663,-3.3843888888888887,14.5,1.0909830203329267,1.5710345301134834
SB86199_component_614a,20.705025,-6.39271,23.4060001373291,119.41837310791016,20.705416666666665,-6.392944444444444,15.1,1.0764218796942222,1.5500662342602054
SB86199_component_618a,19.049271,-9.581767,24.152999877929688,45.57170104980469,19.049083333333332,-9.581277777777776,13.6,1.2332877894002,1.775955873377183
SB86199_component_625a,25.281123,-6.837359,22.82699966430664,37.29901885986328,25.28145833333333,-6.8374444444444435,20.5,0.7732630038747668,1.1135121787466653
SB86199_component_630a,23.228104,-2.470267,24.429000854492188,28.538551330566406,23.228041666666662,-2.469694444444444,14.2,1.1946745750001657,1.7203521728515625
SB86199_component_631a,18.566372,-9.698493,23.665000915527344,27.743261337280273,18.566041666666663,-9.698694444444444,12.0,1.369485821822268,1.9720834096272786
SB86199_component_636a,18.246831,-3.815797,22.22599983215332,37.9931640625,18.246916666666664,-3.8169166666666663,18.2,0.8480514080950392,1.2212087819864461
SB86199_component_638a,19.683469,-4.252728,22.60300064086914,84.97368621826172,19.683916666666665,-4.25236111111111,17.3,0.9073028081745363,1.3065318289519734
SB86199_component_640a,23.467242,-6.207955,20.524999618530273,51.441104888916016,23.466916666666663,-6.207749999999999,8.8,1.6196931534704608,2.332386320287531
SB86199_component_646a,20.455024,-3.63929,21.7450008392334,74.46918487548828,20.45583333333333,-3.638194444444444,12.7,1.189016738940325,1.7122047904908189
SB86199_component_649a,20.247136,-6.224115,21.886999130249023,108.35147857666016,20.24683333333333,-6.224333333333332,11.5,1.3216627232590308,1.9032173156738281
SB86199_component_651a,23.506434,-3.429671,21.075000762939453,73.43206024169922,23.506624999999996,-3.4296388888888885,15.3,0.9565516585064843,1.3774510302574805
SB86199_component_652a,23.549701,-9.316257,21.496999740600586,60.89801788330078,23.550791666666665,-9.315055555555555,12.2,1.223630465584766,1.762049159065622
SB86199_component_654a,22.239797,-4.552085,22.610000610351562,96.62393188476562,22.239583333333332,-4.551416666666666,14.5,1.0828413525936134,1.5593103869207974
SB86199_component_657a,22.776892,-3.646563,20.97800064086914,89.2680892944336,22.776874999999997,-3.646416666666666,12.2,1.194088524025217,1.719508249251569
SB86199_component_660a,21.617492,-3.927002,20.812999725341797,97.25700378417969,21.617374999999996,-3.927166666666666,13.3,1.0867140908545414,1.56488719739412
SB86199_component_661a,22.463055,-5.811611,20.80500030517578,78.80681610107422,22.46245833333333,-5.811388888888888,12.9,1.119980025006842,1.6127907213314558
SB86199_component_662a,23.443845,-5.211237,20.53499984741211,76.62313079833984,23.44420833333333,-5.211222222222221,16.6,0.8590508596401994,1.2370481835790426
SB86199_component_663a,22.660134,-7.198849,20.634000778198242,52.37055969238281,22.66058333333333,-7.198277777777776,8.6,1.666162102997557,2.3993024160695633
SB86199_component_665a,22.870027,-5.005506,20.756000518798828,78.03007507324219,22.870291666666663,-5.005694444444444,14.9,0.9673634298169709,1.3930201690469013
SB86199_component_667a,22.051401,-9.871251,21.68199920654297,43.10536575317383,22.051499999999997,-9.871416666666665,12.6,1.1949811094697813,1.7207935878208707
SB86199_component_679a,21.49451,-5.10675,21.854999542236328,82.16165161132812,21.495291666666663,-5.106638888888888,14.3,1.061321653834869,1.5283216463102327
SB86199_component_680a,25.535803,-3.784905,22.826000213623047,20.999080657958984,25.535416666666663,-3.784805555555555,21.3,0.744187677222699,1.071643202517514
SB86199_component_681a,25.206402,-3.84661,21.937999725341797,35.963932037353516,25.206416666666662,-3.8465277777777773,16.9,0.9014519508582466,1.298106492623775
SB86199_component_682a,23.39508,-5.585075,20.386999130249023,72.55159759521484,23.3955,-5.585305555555554,16.3,0.8685562721447999,1.2507361429600627
SB86199_component_683a,20.09756,-4.332631,21.232999801635742,68.7152099609375,20.097125,-4.332805555555555,12.8,1.1519500472009283,1.6588281095027924
SB86199_component_685a,23.449262,-3.240817,21.18899917602539,60.88793182373047,23.449291666666664,-3.2414166666666664,16.3,0.9027242321063979,1.2999385997561588
SB86199_component_686a,22.336564,-9.615309,20.66699981689453,55.40750503540039,22.336874999999996,-9.615472222222222,14.3,1.003630056504087,1.4452447424401769
SB86199_component_688a,19.041461,-4.693371,20.54199981689453,68.01986694335938,19.041624999999996,-4.694555555555555,12.8,1.1144613516574395,1.6048437356948853
SB86199_component_693a,18.568334,-9.278477,21.461999893188477,38.462364196777344,18.56820833333333,-9.278083333333333,13.5,1.1039990017921908,1.589777769865813
SB86199_component_694a,19.117232,-10.204054,21.820999145507812,15.259440422058105,19.11708333333333,-10.203694444444443,14.0,1.082377753463449,1.558642796107701
SB86199_component_695a,23.254274,-9.343775,21.97100067138672,66.57878875732422,23.253791666666665,-9.34447222222222,11.8,1.2930046623953793,1.8619492094395522
SB86199_component_696a,25.368857,-5.038258,19.802000045776367,31.23343849182129,25.368999999999996,-5.03886111111111,12.5,1.100097822395454,1.5841600036621093
SB86199_component_697a,23.632064,-7.585726,20.000999450683594,56.5,23.63183333333333,-7.585499999999999,11.4,1.2183697492547456,1.7544736360248765
SB86199_component_700a,23.569169,-9.253863,20.35700035095215,63.220497131347656,23.569374999999997,-9.253555555555554,11.8,1.1980199154262818,1.7251695212671312
SB86199_component_703a,18.924514,-4.158439,18.749000549316406,58.95912170410156,18.924124999999997,-4.158583333333333,16.0,0.8137488727745915,1.1718125343322754
SB86199_component_708a,18.826645,-2.878989,20.415000915527344,26.30799102783203,18.826416666666663,-2.8790277777777775,13.7,1.0348111449082886,1.4901460522282735
SB86199_component_710a,17.792373,-5.714986,20.804000854492188,30.594118118286133,17.792291666666664,-5.715055555555555,14.0,1.031932019142788,1.4860000610351562
SB86199_component_711a,22.909964,-8.279188,20.256000518798828,68.2020263671875,22.91008333333333,-8.277555555555555,10.0,1.4066497077099995,2.025600051879883
SB86199_component_712a,24.811795,-5.321732,18.674999237060547,53.05397415161133,24.81195833333333,-5.321527777777777,13.7,0.9466126120506642,1.3631386304423758
SB86199_component_715a,22.874981,-6.430822,18.56599998474121,38.92243194580078,22.874541666666662,-6.431027777777777,17.5,0.7367371299649613,1.060914284842355
SB86199_component_718a,23.003375,-2.543665,20.273000717163086,31.528772354125977,23.003041666666665,-2.5435,12.6,1.1173256053789815,1.6089683108859592
SB86199_component_722a,18.808599,-9.004072,20.511999130249023,55.58807373046875,18.808749999999996,-9.00436111111111,15.8,0.9015361862502187,1.2982277930537356
SB86199_component_723a,23.441975,-3.118927,18.70599937438965,53.752872467041016,23.441666666666663,-3.1198888888888883,12.0,1.0825100331787578,1.5588332811991374
SB86199_component_724a,24.650284,-5.313438,18.513999938964844,56.79140853881836,24.650499999999997,-5.313722222222221,15.8,0.8137208270741825,1.1717721480357495
SB86199_component_726a,20.915388,-3.597526,19.33799934387207,65.3310775756836,20.915625,-3.5968888888888886,17.0,0.7899414096058294,1.1375293731689453
SB86199_component_727a,23.971596,-9.241154,19.051000595092773,57.90577697753906,23.971624999999996,-9.24247222222222,15.0,0.8819801123063093,1.2700667063395181
SB86199_component_734a,18.258646,-6.40742,18.520999908447266,38.26652908325195,18.258916666666664,-6.407444444444444,32.5,0.39574307996799996,0.5698769202599159
SB86199_component_735a,20.578033,-7.677047,18.441999435424805,80.8859634399414,20.578166666666664,-7.677805555555555,11.0,1.164253574743894,1.6765454032204368
SB86199_component_736a,19.670412,-6.67721,19.341999053955078,78.62600708007812,19.670125,-6.676999999999999,9.7,1.3847197429059455,1.994020521026297
SB86199_component_738a,22.184301,-9.939312,19.70599937438965,36.97185516357422,22.184041666666666,-9.940444444444443,12.3,1.1125655652431576,1.602113770275581
SB86199_component_739a,21.510271,-5.980322,19.000999450683594,82.25540924072266,21.510291666666664,-5.980666666666666,17.4,0.7583321314458826,1.0920114626829653
SB86199_component_741a,20.987614,-9.685419,19.143999099731445,53.62464904785156,20.987499999999997,-9.685833333333331,17.3,0.7684556762552585,1.1065895433370778
SB86199_component_743a,25.296422,-6.441265,18.97100067138672,31.777219772338867,25.29620833333333,-6.441305555555554,11.9,1.1070711641368274,1.5942017370913208
SB86199_component_745a,20.72397,-2.479261,18.94700050354004,26.169891357421875,20.72408333333333,-2.4794444444444443,10.2,1.289949046212271,1.8575490689745138
SB86199_component_747a,24.799496,-4.478685,18.562000274658203,45.273170471191406,24.799666666666663,-4.478888888888888,9.0,1.432235803499806,2.0624444749620228
SB86199_component_751a,20.533421,-8.781721,19.238000869750977,74.27799224853516,20.53325,-8.7815,11.2,1.1928179837044512,1.7176786490849087
SB86199_component_756a,23.323792,-4.919851,17.89900016784668,65.80514526367188,23.323624999999996,-4.920416666666666,11.3,1.0999744294949778,1.5839823157386441
SB86199_component_759a,20.291549,-5.048259,17.219999313354492,69.71659851074219,20.29183333333333,-5.048805555555555,8.9,1.3436166717980123,1.9348313835229767
SB86199_component_760a,20.294833,-6.749904,19.084999084472656,92.19805908203125,20.29495833333333,-6.7500833333333325,11.9,1.1137236522196068,1.6037814356699711
SB86199_component_761a,17.880073,-6.973601,17.72800064086914,18.819534301757812,17.879666666666665,-6.973805555555555,10.8,1.1399039644892575,1.6414815408212167
SB86199_component_762a,24.5733,-6.095517,18.155000686645508,44.82716369628906,24.573249999999998,-6.0947499999999994,11.1,1.1358096435566103,1.6355856474455412
SB86199_component_764a,21.939379,-8.056182,18.100000381469727,76.37130737304688,21.93875,-8.056333333333333,11.7,1.0742985340653242,1.5470085796127973
SB86199_component_765a,22.733928,-6.705976,18.19099998474121,43.728363037109375,22.735041666666664,-6.7052499999999995,5.9,2.1410993650859607,3.083220336396815
SB86199_component_766a,20.528138,-3.058625,17.8700008392334,46.29533767700195,20.527458333333332,-3.057972222222222,12.3,1.008908363735965,1.4528455966856422
SB86199_component_771a,18.86759,-2.780112,17.104000091552734,19.957992553710938,18.86745833333333,-2.7801388888888887,12.0,0.9898028614255932,1.4253333409627278
SB86199_component_774a,21.954685,-9.120645,18.076000213623047,68.99237060546875,21.954583333333332,-9.120666666666665,11.1,1.130867231234343,1.628468487713788
SB86199_component_775a,19.485239,-4.183569,18.141000747680664,62.340206146240234,19.485374999999998,-4.18336111111111,12.0,1.0498137484252121,1.511750062306722
SB86199_component_776a,23.548606,-5.416721,19.295000076293945,75.37109375,23.54875,-5.416972222222221,11.5,1.1651429323115121,1.6778260935907778
SB86199_component_778a,19.159439,-6.729802,17.659000396728516,67.91923522949219,19.159416666666665,-6.7301111111111105,15.9,0.7712607898864196,1.110628955769089
SB86199_component_781a,22.871824,-5.806406,19.378000259399414,58.36747360229492,22.872041666666664,-5.806611111111111,10.7,1.2576431814250586,1.8110280616261136
SB86199_component_782a,22.419575,-8.579271,17.988000869750977,59.56291961669922,22.419666666666664,-8.579416666666665,9.7,1.287785190676049,1.8544330793557708
SB86199_component_783a,25.248108,-6.246822,18.333999633789062,37.880165100097656,25.247624999999996,-6.247333333333333,9.2,1.383890257180955,1.992826047150985
SB86199_component_791a,25.660337,-7.555097,18.70800018310547,15.668341636657715,25.65995833333333,-7.555777777777776,16.9,0.7687283924174682,1.1069822593553533
SB86199_component_792a,17.825488,-4.065371,16.242000579833984,13.893926620483398,17.825374999999998,-4.065972222222221,13.6,0.8293404998044994,1.1942647485172047
SB86199_component_794a,22.300635,-5.830003,16.92799949645996,62.464942932128906,22.300583333333332,-5.8295555555555545,9.6,1.2245222060717074,1.763333280881246
SB86199_component_795a,25.388449,-7.82207,16.518999099731445,18.835803985595703,25.38883333333333,-7.822444444444444,15.1,0.7596946063945957,1.0939734503133407
SB86199_component_802a,23.155944,-3.259428,17.908000946044922,55.10154342651367,23.156416666666665,-3.2600833333333328,11.2,1.1103537069813643,1.598928655896868
SB86199_component_804a,19.095954,-9.386831,17.642000198364258,41.70685577392578,19.095791666666663,-9.38722222222222,11.4,1.0746702639051668,1.5475438770494963
SB86199_component_807a,25.671596,-4.596923,17.815000534057617,14.094145774841309,25.67195833333333,-4.595861111111111,12.4,0.9976918289547007,1.4366935914562593
SB86199_component_808a,22.652506,-7.64056,16.381000518798828,56.681663513183594,22.652666666666665,-7.641416666666665,12.1,0.9401287079760526,1.3538016957684982
SB86199_component_809a,19.711412,-6.859659,18.19700050354004,67.39629364013672,19.71070833333333,-6.860083333333333,11.8,1.0709028161530383,1.542118686740681
SB86199_component_813a,20.503589,-5.030099,16.77199935913086,58.03459930419922,20.50345833333333,-5.0305277777777775,31.2,0.3733038800783389,0.537564082023425
SB86199_component_815a,22.518534,-6.867493,17.59000015258789,52.351192474365234,22.518583333333332,-6.868333333333332,9.6,1.2724094064483504,1.8322916825612388
SB86199_component_818a,23.995881,-2.299554,18.687000274658203,11.464417457580566,23.99520833333333,-2.3003611111111106,16.4,0.7912760206275287,1.1394512362596467
SB86199_component_819a,21.88128,-6.273813,16.913000106811523,71.97021484375,21.881499999999996,-6.274388888888888,11.0,1.0677270055748487,1.537545464255593
SB86199_component_822a,23.587469,-6.980751,16.851999282836914,43.65802764892578,23.587041666666664,-6.979944444444444,16.9,0.6924636621189686,0.997159720877924
SB86199_component_823a,19.419062,-4.33572,16.132999420166016,49.03647232055664,19.41933333333333,-4.335138888888888,11.5,0.9742031706175875,1.402869514797045
SB86199_component_824a,21.995036,-9.898491,17.472999572753906,34.87624740600586,21.99458333333333,-9.899583333333332,9.7,1.2509155547307307,1.8013401621395781
SB86199_component_825a,25.03568,-9.06188,17.340999603271484,32.657249450683594,25.036041666666662,-9.062416666666666,12.3,0.9790418977973134,1.4098373661196328
SB86199_component_827a,22.672277,-7.337419,16.981000900268555,43.54103088378906,22.673124999999995,-7.337722222222221,8.3,1.4207493089185559,2.045903722923922
SB86199_component_831a,19.106064,-6.065205,16.81399917602539,68.3495864868164,19.105749999999997,-6.065249999999999,9.9,1.1794189136941067,1.69838375515408
SB86199_component_832a,19.477634,-7.142504,17.020000457763672,66.74510192871094,19.477791666666665,-7.142333333333332,9.4,1.2573725492395909,1.8106383465706033
SB86199_component_836a,23.862323,-4.964113,16.490999221801758,64.16731262207031,23.862249999999996,-4.964472222222222,12.1,0.9464416885790695,1.3628924976695669
SB86199_component_837a,19.951114,-6.14434,17.01099967956543,68.31726837158203,19.95108333333333,-6.143999999999999,11.5,1.0272218693873152,1.4792173634404722
SB86199_component_841a,23.249361,-4.479821,15.909000396728516,58.70479965209961,23.250166666666665,-4.48075,8.9,1.2413239847291035,1.787528134463878
SB86199_component_842a,24.602385,-6.492063,16.702999114990234,36.790748596191406,24.60233333333333,-6.493166666666665,10.5,1.104682362014692,1.5907618204752605
SB86199_component_843a,19.207726,-4.098386,16.09000015258789,46.77325439453125,19.206999999999997,-4.099166666666666,11.0,1.0157705654895952,1.4627272865988992
SB86199_component_844a,17.873048,-7.154258,17.44099998474121,21.295482635498047,17.872625,-7.154583333333332,10.1,1.1991741795294912,1.7268316816575457
SB86199_component_845a,17.93316,-5.851199,16.591999053955078,23.20559310913086,17.933291666666666,-5.851388888888888,10.2,1.1296159173271447,1.6266665739171646
SB86199_component_854a,25.225217,-5.88509,16.95800018310547,30.44524383544922,25.225749999999998,-5.8846388888888885,8.5,1.3854407925588423,1.9950588450712317
SB86199_component_856a,21.493748,-9.081606,16.406999588012695,70.7198257446289,21.49370833333333,-9.08186111111111,10.0,1.1393612057551779,1.6406999588012696
SB86199_component_857a,18.515322,-8.89473,16.089000701904297,35.205692291259766,18.515291666666663,-8.893916666666666,11.3,0.9887417845837451,1.4238053718499377
SB86199_component_858a,20.423988,-5.337309,16.30299949645996,55.64163589477539,20.423791666666663,-5.336944444444444,7.7,1.4703104732886103,2.1172726618779167
SB86199_component_860a,25.773507,-7.844815,17.3439998626709,15.227391242980957,25.774499999999996,-7.844472222222222,8.0,1.5055373539007872,2.1679999828338623
SB86199_component_861a,23.59241,-4.393215,16.363000869750977,57.013938903808594,23.592124999999996,-4.393472222222222,9.2,1.235114974048461,1.778587051059889
SB86199_component_868a,19.78306,-3.151277,15.121000289916992,40.1087532043457,19.7825,-3.1512222222222217,8.7,1.206961813688598,1.7380460103352866
SB86199_component_872a,22.05037,-4.765077,15.949000358581543,68.74568939208984,22.050374999999995,-4.765638888888888,10.5,1.0548153218830683,1.518952415103004
SB86199_component_878a,22.208032,-5.445637,15.057999610900879,64.07659149169922,22.208291666666664,-5.4455833333333326,9.0,1.1618686484593055,1.6731110678778753
SB86199_component_882a,25.178818,-9.626781,14.074999809265137,11.978723526000977,25.17804166666666,-9.627305555555555,9.2,1.0624116665720844,1.5298912836157759
SB86199_component_884a,21.646076,-3.496225,15.711999893188477,66.5762710571289,21.645791666666664,-3.4962499999999994,9.3,1.173223571151242,1.6894623541062876
SB86199_component_885a,23.600602,-6.579329,15.788000106811523,34.622806549072266,23.60170833333333,-6.577333333333333,8.6,1.274855406998183,1.8358139659083168
SB86199_component_891a,19.482745,-6.170568,16.108999252319336,67.68486785888672,19.48258333333333,-6.171194444444444,12.1,0.9245181719205928,1.3313222522577963
SB86199_component_898a,22.726562,-6.257907,15.680999755859375,51.75247573852539,22.726499999999998,-6.257694444444444,8.2,1.3279819022750674,1.912317043397485
SB86199_component_899a,20.172619,-6.227804,14.958999633789062,67.99545288085938,20.172124999999998,-6.228111111111111,18.9,0.5496332636321641,0.7914814621052415
SB86199_component_900a,19.857523,-2.797436,15.680999755859375,26.134998321533203,19.857249999999997,-2.7976944444444443,9.9,1.0999446059248035,1.5839393692787247
SB86199_component_904a,21.642348,-6.827108,15.163999557495117,59.700782775878906,21.642124999999997,-6.827472222222221,17.8,0.5915970798206467,0.8519100874997256
SB86199_component_907a,20.389488,-4.788205,15.508999824523926,47.86728286743164,20.388749999999998,-4.7879444444444434,14.2,0.7584513130275511,1.0921830862340793
SB86199_component_909a,23.912977,-4.363976,14.779999732971191,50.1016960144043,23.913166666666665,-4.363916666666666,9.5,1.0803962839784904,1.555789445575915
SB86199_component_911a,25.318082,-8.594122,14.706999778747559,21.564516067504883,25.317791666666665,-8.594694444444443,8.4,1.2158417735258547,1.750833306993757
SB86199_component_912a,25.672772,-5.316991,14.86400032043457,14.022642135620117,25.672499999999996,-5.317416666666666,15.5,0.6659417893107388,0.958967762608682
SB86199_component_915a,18.412666,-6.448101,14.58899974822998,39.75204086303711,18.413041666666665,-6.447472222222221,9.9,1.0233462042436237,1.4736363382050486
SB86199_component_917a,23.204175,-9.120636,14.461000442504883,46.64838790893555,23.203999999999997,-9.121305555555555,15.2,0.6606736900779699,0.9513816080595318
SB86199_component_918a,20.808809,-6.749532,14.312999725341797,56.573123931884766,20.808749999999996,-6.749194444444443,8.8,1.1294844380815987,1.626477241516113
SB86199_component_921a,17.769391,-5.540873,14.07800006866455,15.871476173400879,17.769499999999997,-5.540833333333333,10.6,0.9222897000719357,1.3281132140249576
SB86199_component_924a,23.999682,-3.144783,14.41100025177002,31.603071212768555,23.99945833333333,-3.144583333333333,24.6,0.40680968105750775,0.585813018364635
SB86199_component_925a,20.420396,-10.075308,15.763999938964844,21.273954391479492,20.420333333333332,-10.07322222222222,11.5,0.9519208624627208,1.3707826033882473
SB86199_component_928a,24.516776,-5.535724,14.980999946594238,23.931310653686523,24.516999999999996,-5.535527777777777,9.1,1.143224889347989,1.6462637303949712
SB86199_component_930a,21.389253,-3.787656,15.866000175476074,66.38494110107422,21.388749999999998,-3.7886388888888884,10.4,1.0594156307794693,1.5255769399496224
SB86199_component_931a,20.308151,-4.479726,15.057999610900879,44.418880462646484,20.30783333333333,-4.480138888888888,7.2,1.452335810574132,2.0913888348473444
SB86199_component_933a,23.715656,-4.12525,13.960000038146973,52.67924880981445,23.715666666666664,-4.1251944444444435,19.0,0.5102277550082744,0.7347368441129986
SB86199_component_935a,18.541712,-9.022794,14.041000366210938,32.05707931518555,18.541416666666663,-9.022138888888888,12.8,0.7617638197952081,1.0969531536102295
SB86199_component_936a,19.156544,-3.224547,14.440999984741211,33.8990592956543,19.15670833333333,-3.2248611111111107,9.8,1.0233011275725132,1.4735714270144091
SB86199_component_937a,22.253589,-6.856531,14.50100040435791,52.73091125488281,22.25320833333333,-6.8559166666666655,7.9,1.2746857601099162,1.83556967143771
SB86199_component_940a,22.508548,-3.919449,14.3100004196167,67.18309783935547,22.508666666666663,-3.9196111111111107,9.1,1.0920198053939074,1.5725275186391978
SB86199_component_943a,23.247228,-6.030311,14.383999824523926,37.36103820800781,23.246958333333332,-6.030722222222222,8.7,1.1481342625117545,1.6533333131636698
SB86199_component_950a,22.83277,-7.604987,14.843000411987305,48.66557312011719,22.832124999999998,-7.606138888888888,8.7,1.184771797787668,1.7060920013778513
SB86199_component_953a,22.399377,-5.77303,15.293999671936035,62.938270568847656,22.397916666666664,-5.773583333333333,8.6,1.2349656729470184,1.7783720548762831
SB86199_component_956a,24.134882,-6.824877,14.12399959564209,35.48743438720703,24.136416666666662,-6.825277777777777,9.6,1.0216890157061012,1.4712499578793845
SB86199_component_957a,19.634132,-7.185515,14.253999710083008,52.59778594970703,19.63408333333333,-7.186277777777777,10.1,0.9800486452787542,1.4112871000082186
SB86199_component_959a,17.726137,-3.672386,11.774999618530273,16.152263641357422,17.725916666666663,-3.6701666666666664,13.5,0.6057025388899852,0.8722221939652054
SB86199_component_961a,24.361517,-4.673725,13.208000183105469,38.73313903808594,24.361166666666662,-4.674027777777777,8.2,1.1185501869455636,1.6107317296470085
SB86199_component_962a,19.226535,-3.138469,12.986000061035156,31.216344833374023,19.22633333333333,-3.138111111111111,8.6,1.0485984469905627,1.5100000070971114
SB86199_component_963a,20.455299,-9.199365,13.345000267028809,45.702056884765625,20.453541666666663,-9.200277777777776,9.3,0.9964784226535892,1.4349462652719147
SB86199_component_966a,24.232524,-3.553788,13.357000350952148,38.7159423828125,24.232624999999995,-3.553944444444444,25.1,0.3695451243669292,0.5321514084044681
SB86199_component_968a,17.992936,-5.637431,15.012999534606934,25.97404670715332,17.992624999999997,-5.637527777777777,9.3,1.1210288344846153,1.614301025226552
SB86199_component_970a,22.175692,-4.767809,14.005000114440918,59.09282684326172,22.175166666666662,-4.7684999999999995,8.4,1.1578067881647665,1.6672619183858235
SB86199_component_972a,24.441985,-9.412752,13.3149995803833,27.972686767578125,24.441999999999997,-9.412972222222221,9.0,1.0273795302462903,1.4794443978203669
SB86199_component_973a,20.740248,-3.155837,14.404999732971191,42.11988067626953,20.740791666666663,-3.1569722222222216,9.1,1.099269360155605,1.582967003623208
SB86199_component_975a,20.656316,-8.00439,14.61400032043457,51.27719497680664,20.656291666666664,-8.004944444444444,9.2,1.1030966000793496,1.58847829569941
SB86199_component_976a,25.314979,-4.949989,12.20199966430664,20.50756072998047,25.314624999999996,-4.950083333333333,10.0,0.8473508502009193,1.220199966430664
SB86199_component_978a,23.812573,-9.613005,14.428999900817871,32.867881774902344,23.811541666666663,-9.61311111111111,7.5,1.3360023679038784,1.9238666534423827
SB86199_component_979a,24.450084,-5.866548,14.76099967956543,43.801185607910156,24.449791666666663,-5.866944444444444,8.3,1.2350084789971327,1.7784336963331842
SB86199_component_980a,25.179351,-4.304681,14.156999588012695,26.914445877075195,25.179999999999996,-4.304972222222221,9.2,1.0686011886167235,1.5388043030448584
SB86199_component_982a,23.556161,-4.71526,14.196999549865723,50.34396743774414,23.55645833333333,-4.715249999999999,7.0,1.40841547870815,2.0281427928379605
SB86199_component_987a,19.44699,-3.803486,12.977999687194824,45.697181701660156,19.446791666666662,-3.8034722222222217,11.1,0.8119271077545829,1.1691891610085428
SB86199_component_990a,23.670415,-6.643349,14.258999824523926,29.644489288330078,23.670624999999998,-6.642527777777777,5.1,1.9415614856978523,2.7958823185341033
SB86199_component_994a,18.858675,-4.10207,13.71500015258789,37.472679138183594,18.85920833333333,-4.101416666666666,9.9,0.9620394536681219,1.3853535507664536
SB86199_component_995a,21.367129,-8.058861,13.609000205993652,56.46887969970703,21.367041666666665,-8.059194444444444,7.9,1.1962760008405877,1.7226582539232471
SB86199_component_997a,23.869424,-6.790217,12.711999893188477,29.22298812866211,23.869749999999996,-6.792194444444443,6.8,1.2981869189219588,1.8694117489983055
SB86199_component_998a,20.820905,-9.085491,12.991000175476074,48.29368209838867,20.820749999999997,-9.085749999999999,7.5,1.2028558538483292,1.7321333567301431
SB86199_component_999a,23.862558,-4.443125,12.987000465393066,44.02373123168945,23.863249999999997,-4.4440833333333325,7.6,1.1866633369702497,1.708815850709614
SB86199_component_1001a,19.740578,-7.066313,12.975000381469727,48.7781982421875,19.74083333333333,-7.067444444444444,8.2,1.0988180573222384,1.5823171196914303
SB86199_component_1002a,19.70353,-7.998361,13.442000389099121,44.50993728637695,19.703416666666666,-7.997444444444444,9.9,0.9428898699717115,1.3577778170807193
SB86199_component_1003a,21.305468,-7.504309,12.822999954223633,61.06190490722656,21.305291666666665,-7.505083333333332,9.2,0.9679079883789904,1.393804342850395
SB86199_component_1004a,25.190965,-6.130584,14.102999687194824,29.753164291381836,25.191124999999996,-6.130749999999999,6.6,1.4838835541234592,2.1368181344234585
SB86199_component_1005a,22.428814,-6.121993,12.678999900817871,44.17770004272461,22.427833333333332,-6.122999999999999,8.8,1.0005403027470496,1.440795443274758
SB86199_component_1006a,20.356327,-3.967878,12.96500015258789,40.89905548095703,20.356041666666663,-3.968333333333333,6.1,1.475961237795918,2.1254098610799823
SB86199_component_1007a,20.875724,-9.492611,13.814000129699707,43.03426742553711,20.87608333333333,-9.493749999999999,8.4,1.1420166362857447,1.6445238249642509
SB86199_component_1010a,22.49022,-9.573669,14.196999549865723,34.88206100463867,22.48983333333333,-9.573638888888887,7.8,1.2639626090970577,1.8201281474186823
SB86199_component_1012a,19.735437,-4.454984,13.435999870300293,50.70188903808594,19.735041666666664,-4.454083333333333,7.6,1.2276898337001656,1.7678947197763544
SB86199_component_1013a,24.51758,-5.830276,12.076000213623047,32.54986572265625,24.518416666666663,-5.830027777777777,6.9,1.2153637595111224,1.7501449584960938
SB86199_component_1014a,21.291659,-6.272778,13.454000473022461,56.29289245605469,21.291249999999998,-6.27361111111111,8.8,1.0616980685967599,1.5288636901161887
SB86199_component_1015a,24.059612,-9.122768,13.182999610900879,41.196876525878906,24.059999999999995,-9.122749999999998,8.7,1.052270141866147,1.5152873115978023
SB86199_component_1016a,19.867047,-4.52063,13.965999603271484,55.20158004760742,19.867499999999996,-4.520194444444444,8.8,1.1021015522147808,1.5870454094626685
SB86199_component_1019a,18.079909,-6.45846,12.515000343322754,23.436330795288086,18.079916666666666,-6.45825,9.0,0.9656519398391867,1.3905555937025282
SB86199_component_1023a,19.3914,-8.646435,13.02400016784668,50.875,19.390791666666665,-8.645972222222222,9.3,0.972509170791156,1.4004301255749116
SB86199_component_1027a,18.244265,-6.363539,13.336999893188477,30.106096267700195,18.24308333333333,-6.364249999999999,6.3,1.4701100924818111,2.116984110029917
SB86199_component_1029a,20.915748,-3.31522,12.913000106811523,39.13030242919922,20.915374999999997,-3.3170277777777772,7.3,1.2283908005397755,1.7689041242207566
SB86199_component_1032a,19.927048,-6.335531,12.99899959564209,52.841461181640625,19.92758333333333,-6.336027777777777,6.9,1.3082570999477694,1.883912984875665
SB86199_component_1033a,17.811689,-5.752437,13.598999977111816,18.628767013549805,17.811291666666666,-5.752083333333332,10.0,0.9443635887153388,1.3598999977111816
SB86199_component_1034a,18.806348,-7.481831,12.715999603271484,44.15277862548828,18.806291666666663,-7.482777777777777,7.7,1.1468115053971286,1.6514285199053875
SB86199_component_1035a,20.341206,-9.068485,12.819000244140625,48.7414436340332,20.34133333333333,-9.067944444444443,7.7,1.156100772753005,1.6648052265117694
SB86199_component_1037a,21.424249,-3.831095,12.72599983215332,51.10843276977539,21.424291666666665,-3.831333333333333,8.8,1.0042492171642212,1.4461363445628772
SB86199_component_1038a,23.64177,-8.575588,13.309000015258789,50.2226448059082,23.640916666666662,-8.576638888888887,7.8,1.1849037766517634,1.7062820532383063
SB86199_component_1043a,22.323437,-8.462227,12.972999572753906,47.520145416259766,22.32270833333333,-8.463805555555554,7.3,1.2340984433331836,1.7771232291443708
SB86199_component_1048a,23.636206,-7.818228,12.77400016784668,46.963233947753906,23.635875,-7.818666666666665,6.6,1.3440494355714114,1.9354545708858606
SB86199_component_1053a,21.675246,-9.498111,12.968000411987305,42.940399169921875,21.674916666666665,-9.49772222222222,7.0,1.286492434122063,1.8525714874267578
SB86199_component_1054a,19.878315,-7.065851,13.145000457763672,54.31818389892578,19.87883333333333,-7.0666666666666655,7.3,1.2504605825016986,1.8006849942142016
SB86199_component_1055a,18.524514,-6.868359,12.458999633789062,35.59714126586914,18.52495833333333,-6.867888888888888,10.2,0.8482331908611316,1.221470552332261
SB86199_component_1058a,23.188465,-3.252959,12.562000274658203,38.891639709472656,23.188249999999996,-3.2537222222222217,8.7,1.0027018282096312,1.44390807754692
SB86199_component_1063a,25.248999,-3.060637,13.255000114440918,10.963606834411621,25.250874999999997,-3.0613055555555553,7.7,1.1954220753019131,1.7214285862910284
SB86199_component_1064a,20.858241,-3.775685,12.781000137329102,40.57460403442383,20.859125,-3.776416666666666,11.5,0.7717902005181938,1.111391316289487
SB86199_component_1065a,21.617264,-3.222861,12.567999839782715,41.89332962036133,21.61733333333333,-3.2228611111111105,10.1,0.8641259623521433,1.2443564197804668
SB86199_component_1067a,19.32605,-7.142905,12.182999610900879,48.927711486816406,19.325625,-7.142277777777777,6.9,1.226132489839092,1.7656521175218665
SB86199_component_1071a,21.419284,-9.504801,11.697999954223633,42.849815368652344,21.419791666666665,-9.504555555555555,8.8,0.9231264695395169,1.3293181766163218
SB86199_component_1075a,23.623093,-3.31233,13.315999984741211,37.722381591796875,23.622791666666664,-3.311194444444444,9.0,1.0274567210079633,1.4795555538601346
SB86199_component_1076a,23.90836,-6.880792,12.53499984741211,27.67108154296875,23.907791666666665,-6.881749999999999,4.3,2.024361822153806,2.9151162435842117
SB86199_component_1078a,24.440282,-7.001385,13.383999824523926,32.965518951416016,24.44058333333333,-7.002055555555555,7.3,1.2731961684255508,1.8334246334964281
SB86199_component_1079a,18.570575,-9.00739,11.774999618530273,26.108646392822266,18.571166666666663,-9.006694444444443,5.7,1.4345586447394385,2.065789406759697
SB86199_component_1084a,18.392491,-8.572412,11.567999839782715,26.77777671813965,18.391458333333333,-8.573472222222222,7.9,1.016865337393785,1.4643037771876855
SB86199_component_1087a,20.989964,-4.624966,12.017999649047852,42.76868438720703,20.990041666666663,-4.624166666666666,6.0,1.3909553762355535,2.002999941507975
SB86199_component_1090a,24.314028,-6.745112,12.515000343322754,27.20652198791504,24.314416666666663,-6.745499999999999,8.5,1.0224549951238446,1.4723529815673828
SB86199_component_1094a,23.95342,-6.03138,12.095999717712402,34.26628875732422,23.95245833333333,-6.031083333333332,8.0,1.0499872896669287,1.5119999647140503
SB86199_component_1098a,18.192199,-7.526142,12.437999725341797,23.873319625854492,18.190291666666663,-7.525333333333332,6.8,1.2702052137087942,1.8291176066679113
SB86199_component_1099a,18.391153,-7.015338,11.753999710083008,33.109859466552734,18.390541666666664,-7.014333333333332,4.1,1.9908295564514777,2.8668291975812217
SB86199_component_1101a,18.061563,-3.753361,12.41100025177002,13.41729736328125,18.060208333333332,-3.7526111111111105,7.5,1.1491528060430938,1.654800033569336
SB86199_component_1105a,17.809897,-7.496663,12.395999908447266,11.320547103881836,17.80925,-7.4961666666666655,6.2,1.3884240751761805,1.9993548239431074
SB86199_component_1107a,21.260799,-7.873277,12.993000030517578,58.52702713012695,21.260666666666665,-7.872583333333332,10.4,0.8675776610871878,1.2493269260113056
SB86199_component_1108a,24.335734,-5.469071,11.87399959564209,38.42718505859375,24.334416666666662,-5.4696944444444435,7.2,1.1452407539584233,1.6491666105058458
SB86199_component_1111a,18.112723,-6.106023,12.789999961853027,28.6771297454834,18.112791666666663,-6.106944444444443,6.3,1.4098154140621315,2.0301587241036554
SB86199_component_1116a,25.23202,-9.396457,11.067000389099121,11.540146827697754,25.232166666666664,-9.39711111111111,5.9,1.3025973023133564,1.8757627778134103
SB86199_component_1117a,19.059022,-4.46517,11.526000022888184,37.42207717895508,19.05895833333333,-4.466444444444444,6.4,1.2506359341067845,1.8009375035762787
SB86199_component_1120a,22.801308,-4.601885,10.86299991607666,44.703704833984375,22.800583333333332,-4.6010833333333325,7.4,1.0194133513619485,1.467972961631981
SB86199_component_1122a,20.593309,-9.160053,11.710000038146973,41.52482223510742,20.593374999999998,-9.160333333333332,11.2,0.7260576984713654,1.045535717691694
SB86199_component_1131a,22.734162,-10.26616,12.402999877929688,10.059205055236816,22.736166666666662,-10.267055555555554,6.9,1.2482739561275698,1.7975362141927083
SB86199_component_1133a,23.495835,-6.835657,12.128999710083008,26.540481567382812,23.495041666666662,-6.834694444444444,5.4,1.5597805003390208,2.246111057422779
SB86199_component_1136a,25.115927,-8.468469,11.979999542236328,23.91217613220215,25.115999999999996,-8.469083333333332,7.2,1.1554643907186681,1.663888825310601
SB86199_component_1138a,21.028287,-10.117888,12.380999565124512,17.661911010742188,21.027374999999996,-10.11861111111111,7.3,1.177782532446772,1.6960273376882893
SB86199_component_1143a,21.567077,-7.149577,11.914999961853027,54.406394958496094,21.567166666666665,-7.149833333333333,8.2,1.0090494586632808,1.453048775835735
SB86199_component_1145a,18.604498,-8.313436,11.78499984741211,32.73611068725586,18.604874999999996,-8.312722222222222,7.5,1.0911905059336076,1.5713333129882812
SB86199_component_1146a,23.142906,-4.46104,11.885000228881836,45.19011306762695,23.142624999999995,-4.4616944444444435,7.3,1.1305989951839674,1.628082223134498
SB86199_component_1147a,18.03535,-3.661807,12.425999641418457,13.163135528564453,18.03533333333333,-3.6620277777777774,7.7,1.1206574236737998,1.6137661871972022
SB86199_component_1149a,22.092131,-9.055377,11.711000442504883,47.605690002441406,22.092624999999998,-9.055444444444444,7.8,1.042633453812096,1.5014103131416516
SB86199_component_1150a,19.415663,-9.190272,11.6899995803833,30.128864288330078,19.415374999999997,-9.190694444444443,7.1,1.143374251254194,1.6464788141384932
SB86199_component_1153a,25.136618,-7.178463,10.925999641418457,23.908096313476562,25.135916666666663,-7.178999999999999,6.3,1.2043504890110546,1.734285657368009
SB86199_component_1155a,24.001532,-7.233081,12.069000244140625,32.09840774536133,24.001416666666664,-7.231416666666666,4.1,2.0441826608387395,2.94365859613186
SB86199_component_1160a,20.246671,-7.388595,11.651000022888184,49.160335540771484,20.247083333333332,-7.389249999999999,8.3,0.9748041548285106,1.4037349425166485
SB86199_component_1163a,21.057613,-4.630487,11.116999626159668,42.757694244384766,21.057499999999997,-4.63186111111111,7.8,0.9897494046863368,1.4252563623281627
SB86199_component_1164a,25.043857,-7.611924,12.059000015258789,28.78042984008789,25.04370833333333,-7.611583333333332,7.3,1.1471512862947364,1.6519178103094232
SB86199_component_1165a,24.178245,-7.27667,10.888999938964844,30.33147621154785,24.178124999999998,-7.277833333333333,5.2,1.4541757987280364,2.0940384498009315
SB86199_component_1168a,19.478781,-3.667943,11.722000122070312,34.886905670166016,19.479416666666665,-3.6670555555555553,7.9,1.0304024701026369,1.4837974838063686
SB86199_component_1171a,22.972643,-5.036112,11.501999855041504,51.57847213745117,22.97270833333333,-5.03736111111111,5.4,1.4791487771148772,2.129999973155834
SB86199_component_1173a,19.283341,-7.486955,11.45300006866455,50.902225494384766,19.28333333333333,-7.487249999999999,5.6,1.4202457460901683,2.0451785836900984
SB86199_component_1180a,24.907495,-3.873811,11.9350004196167,26.640625,24.90708333333333,-3.8734722222222215,9.3,0.8911929677433779,1.2833333784534084
SB86199_component_1181a,24.888286,-8.40822,11.777999877929688,23.18503761291504,24.88845833333333,-8.40811111111111,6.2,1.319204477953894,1.8996773996660785
SB86199_component_1182a,19.785447,-6.38322,12.302000045776367,47.31538772583008,19.785916666666665,-6.3840555555555545,6.2,1.3778955439274352,1.9841935557703818
SB86199_component_1183a,21.762061,-5.431099,11.131999969482422,51.7767448425293,21.761374999999997,-5.431944444444444,9.9,0.7808547611903345,1.1244444413618608
SB86199_component_1186a,24.384235,-5.263198,11.829999923706055,39.042903900146484,24.384249999999998,-5.260472222222221,5.8,1.4164100810222209,2.039655159259665
SB86199_component_1187a,17.856438,-7.478866,10.569000244140625,12.190312385559082,17.857249999999997,-7.478638888888888,12.2,0.6015979367147719,0.8663114954213628
SB86199_component_1188a,24.223084,-4.443829,12.288000106811523,42.226802825927734,24.223124999999996,-4.44286111111111,7.4,1.153139231077604,1.66054055497453
SB86199_component_1189a,24.325086,-6.324227,11.248000144958496,24.775331497192383,24.32495833333333,-6.324583333333332,6.0,1.3018361399908882,1.874666690826416
SB86199_component_1192a,17.942304,-4.090838,11.972999572753906,13.652223587036133,17.941124999999996,-4.0907222222222215,9.4,0.8845194236155848,1.273723358803607
SB86199_component_1193a,20.866535,-3.22991,11.680000305175781,34.970062255859375,20.86645833333333,-3.2287777777777773,10.2,0.7951973849689561,1.1450980691348807
SB86199_component_1195a,20.170322,-5.126503,11.701000213623047,45.70703125,20.17020833333333,-5.126527777777777,7.2,1.1285550583676518,1.6251389185587564
SB86199_component_1197a,24.728882,-9.167225,11.234000205993652,26.064966201782227,24.728666666666662,-9.166666666666666,7.1,1.0987739123337328,1.582253550139951
SB86199_component_1200a,19.32401,-9.177197,11.881999969482422,34.74269104003906,19.323041666666665,-9.178749999999999,6.5,1.2694291040836339,1.827999995304988
SB86199_component_1207a,20.715913,-5.567457,10.904000282287598,55.070709228515625,20.715999999999998,-5.568027777777777,7.8,0.9707860170021377,1.3979487541394355
SB86199_component_1208a,24.576007,-5.95005,12.008000373840332,32.3665771484375,24.575666666666663,-5.950694444444443,6.6,1.263452787907863,1.819393996036414
SB86199_component_1210a,19.488477,-3.478825,11.383000373840332,34.70426940917969,19.488874999999997,-3.4788055555555553,6.6,1.1976917979130008,1.7246970263394443
SB86199_component_1211a,20.215722,-10.007117,11.206999778747559,14.312898635864258,20.215624999999996,-10.006916666666665,5.9,1.3190753741367924,1.899491487923315
SB86199_component_1212a,18.882851,-8.668651,11.609999656677246,39.22297286987305,18.88270833333333,-8.668944444444444,5.5,1.465891336825161,2.110909028486772
SB86199_component_1214a,18.800137,-8.228351,11.493000030517578,37.68196487426758,18.80008333333333,-8.228583333333333,7.7,1.036513453738719,1.4925974065607244
SB86199_component_1215a,19.428505,-7.183735,10.793000221252441,40.57518768310547,19.427833333333332,-7.184166666666666,5.5,1.362736088763506,1.962363676591353
SB86199_component_1218a,22.361955,-4.210657,11.071999549865723,44.46586227416992,22.36133333333333,-4.209666666666666,5.4,1.423851052060482,2.050370287012171
SB86199_component_1220a,24.654135,-2.838076,11.553000450134277,13.575793266296387,24.654791666666664,-2.837444444444444,10.3,0.7789145678102763,1.1216505291392502
SB86199_component_1221a,19.755146,-4.655488,11.614999771118164,40.897884368896484,19.754291666666663,-4.656583333333333,9.6,0.8401952721127097,1.2098958094914756
SB86199_component_1222a,18.544615,-5.957068,11.184000015258789,37.53020095825195,18.544375,-5.957472222222221,7.3,1.0639140879998699,1.5320547966107931
SB86199_component_1227a,21.441629,-9.570239,11.368000030517578,34.13813781738281,21.442375,-9.57036111111111,6.2,1.2732821108056323,1.8335483920189641
SB86199_component_1228a,24.541919,-3.823162,10.020000457763672,28.547008514404297,24.542333333333332,-3.823555555555555,10.0,0.695824958243195,1.0020000457763671
SB86199_component_1231a,17.814461,-7.584839,10.062999725341797,10.352880477905273,17.814624999999996,-7.584277777777777,7.7,0.9075467304089168,1.3068830812132204
SB86199_component_1234a,20.274729,-5.315418,10.972999572753906,50.56681823730469,20.274499999999996,-5.315972222222221,8.5,0.8964760620753828,1.290941126206342
SB86199_component_1235a,20.507915,-5.649508,10.628000259399414,51.342994689941406,20.50725,-5.648805555555555,4.9,1.5062176664740548,2.1689796447753906
SB86199_component_1236a,21.262704,-3.235192,10.680000305175781,33.58490753173828,21.262916666666666,-3.234833333333333,8.0,0.9270721590422009,1.3350000381469727
SB86199_component_1239a,21.777293,-10.120892,10.00100040435791,15.176025390625,21.776999999999997,-10.121888888888888,8.1,0.857414229668209,1.234691407945421
SB86199_component_1240a,18.571594,-5.6804,10.727999687194824,34.49517822265625,18.571125,-5.679888888888888,7.2,1.0347096908052702,1.4899999565548367
SB86199_component_1241a,19.306268,-9.726836,11.364999771118164,17.45775604248047,19.30695833333333,-9.728222222222222,8.2,0.9624714144750705,1.3859755818436788
SB86199_component_1242a,21.899023,-8.240398,10.39900016784668,36.23345184326172,21.897666666666662,-8.24061111111111,6.0,1.203573440950029,1.7331666946411133
SB86199_component_1245a,20.430928,-7.363683,10.60200023651123,45.89610290527344,20.430166666666665,-7.365194444444444,8.4,0.8764775252875594,1.262142885298956
SB86199_component_1248a,24.323753,-9.470487,10.138999938964844,20.73415184020996,24.321416666666664,-9.471444444444444,5.5,1.280161293204815,1.8434545343572444
SB86199_component_1249a,20.596124,-3.598962,10.166999816894531,35.302085876464844,20.596624999999996,-3.600027777777777,5.5,1.2836965886142067,1.848545421253551
SB86199_component_1251a,24.877798,-9.133027,10.517999649047852,20.34429168701172,24.87845833333333,-9.134333333333332,9.8,0.7453140995810924,1.0732652703110053
SB86199_component_1255a,24.547568,-9.309844,10.793000221252441,25.2172908782959,24.546916666666664,-9.30986111111111,6.0,1.2491747480332138,1.7988333702087402
SB86199_component_1258a,22.241373,-4.177994,10.456999778747559,40.688716888427734,22.24225,-4.178472222222221,6.1,1.1904455191225851,1.7142622588110752
SB86199_component_1260a,19.885051,-2.584722,9.300999641418457,11.398283958435059,19.885125,-2.5839999999999996,7.8,0.8280704477510012,1.1924358514639049
SB86199_component_1262a,20.880473,-7.846639,10.869000434875488,47.67105484008789,20.880124999999996,-7.849027777777777,7.8,0.9676699713688597,1.3934615942148063
SB86199_component_1263a,23.535113,-3.683704,10.821000099182129,39.349090576171875,23.534499999999998,-3.683583333333333,7.1,1.0583792412606954,1.5240845210115674
SB86199_component_1271a,19.829545,-4.23092,10.35200023651123,36.83985900878906,19.828749999999996,-4.230833333333333,8.3,0.8661207468468751,1.2472289441579794
SB86199_component_1273a,23.428646,-3.314405,10.406999588012695,31.065670013427734,23.428374999999996,-3.3145277777777773,10.6,0.6817920501393694,0.9817924139634618
SB86199_component_1275a,24.781287,-5.998406,10.392000198364258,25.850746154785156,24.781124999999996,-5.999138888888888,8.6,0.8391371644781699,1.2083721160888672
SB86199_component_1276a,18.968019,-6.477977,9.890999794006348,39.56399917602539,18.968124999999997,-6.47836111111111,7.8,0.8805983167287604,1.2680768966674805
SB86199_component_1278a,22.695514,-5.528804,11.008999824523926,44.39112854003906,22.694124999999996,-5.53011111111111,5.7,1.341236210602698,1.9314034779866536
SB86199_component_1280a,19.513793,-8.149726,10.444999694824219,38.82899475097656,19.513166666666663,-8.149888888888889,7.4,0.9801870777994901,1.411486445246516
SB86199_component_1282a,21.953195,-8.135766,9.904999732971191,39.46215057373047,21.95345833333333,-8.135805555555555,7.1,0.9687871736422758,1.39507038492552
SB86199_component_1285a,22.028135,-3.863327,9.812000274658203,43.608890533447266,22.028124999999996,-3.8640277777777774,5.6,1.2167512064237493,1.752142906188965
SB86199_component_1287a,23.736282,-6.130248,10.003999710083008,28.420454025268555,23.736374999999995,-6.129944444444444,6.7,1.0368862815441802,1.493134285087016
SB86199_component_1296a,20.548132,-9.222587,9.545000076293945,35.61566925048828,20.54820833333333,-9.22247222222222,5.9,1.1234563036798964,1.6177966231006686
SB86199_component_1299a,19.168859,-4.361786,9.866000175476074,25.75979232788086,19.168041666666664,-4.361583333333333,8.3,0.8254585824134962,1.1886747199368763
SB86199_component_1304a,21.118908,-4.659451,10.612000465393066,34.45454788208008,21.11883333333333,-4.660694444444444,5.4,1.3646955059079178,1.9651852713690863
SB86199_component_1305a,22.485982,-7.475036,10.15999984741211,30.881458282470703,22.484791666666663,-7.475694444444444,6.2,1.137979065514552,1.6387096528084046
SB86199_component_1306a,18.705927,-6.272287,10.319999694824219,37.52727127075195,18.706374999999998,-6.272166666666666,5.9,1.214674554054747,1.7491524906481726
SB86199_component_1312a,22.435288,-9.237769,10.21399974822998,33.82119369506836,22.435249999999996,-9.237527777777776,5.7,1.2443806463595168,1.7919297803912246
SB86199_component_1313a,24.073692,-8.54129,9.75,38.385826110839844,24.075874999999996,-8.540722222222222,4.3,1.5745933790397675,2.2674418604651163
SB86199_component_1314a,24.978416,-5.12451,10.274999618530273,28.15068244934082,24.97858333333333,-5.1253055555555544,7.8,0.9147859222431005,1.3173076434013171
SB86199_component_1315a,17.961927,-6.043761,9.753999710083008,15.336478233337402,17.961875,-6.044805555555555,8.2,0.8260401308243379,1.1895121597662206
SB86199_component_1316a,21.942336,-5.535814,10.447999954223633,43.8991584777832,21.943166666666663,-5.5362222222222215,5.3,1.3689562007576546,1.9713207460799307
SB86199_component_1317a,24.085829,-5.050112,9.526000022888184,33.6607780456543,24.086,-5.048694444444444,5.6,1.1812853338557026,1.7010714326586043
SB86199_component_1320a,19.010147,-8.76701,9.795999526977539,31.39743423461914,19.00995833333333,-8.767638888888888,6.8,1.000396361748096,1.440588165731991
SB86199_component_1323a,18.64072,-9.254681,9.72599983215332,19.930326461791992,18.640375,-9.254777777777777,6.5,1.039089992001218,1.4963076664851263
SB86199_component_1325a,19.987157,-5.850169,10.291000366210938,44.938865661621094,19.98708333333333,-5.850888888888888,7.2,0.9925613457752953,1.4293056064181857
SB86199_component_1326a,22.117545,-6.03192,9.538999557495117,35.9962272644043,22.117541666666664,-6.033388888888888,4.9,1.3518826969617763,1.946734603570432
SB86199_component_1327a,18.641446,-8.679797,9.87399959564209,26.05276870727539,18.64175,-8.680305555555554,8.5,0.8066895670363718,1.1616470112520105
SB86199_component_1329a,18.818271,-5.741462,9.60200023651123,33.22491455078125,18.81820833333333,-5.741277777777777,6.4,1.0418711184483993,1.5003125369548798
SB86199_component_1330a,19.941447,-4.160056,9.939000129699707,34.751747131347656,19.94083333333333,-4.160388888888888,5.6,1.2325000061090177,1.7748214517320906
SB86199_component_1332a,18.36248,-3.925323,9.621000289916992,18.86470603942871,18.362624999999998,-3.9254999999999995,8.9,0.7506932000212597,1.081011268529999
SB86199_component_1333a,24.872616,-3.507481,9.925000190734863,18.078323364257812,24.871374999999997,-3.5061388888888882,5.4,1.276347772561976,1.8379629982842338
SB86199_component_1334a,18.066347,-7.795967,10.734000205993652,17.368932723999023,18.066249999999997,-7.7943888888888875,6.9,1.0803009783183521,1.5556522037671958
SB86199_component_1340a,24.401665,-8.51234,10.368000030517578,34.33112716674805,24.40183333333333,-8.511194444444444,6.7,1.0746138854700262,1.5474626911220266
SB86199_component_1343a,20.857979,-6.544651,10.342000007629395,44.77056121826172,20.85808333333333,-6.544666666666666,6.5,1.1049011814372012,1.5910769242506762
SB86199_component_1348a,23.957351,-8.710181,10.192999839782715,39.2038459777832,23.957166666666662,-8.710444444444443,10.1,0.7008303555134164,1.0092079049289817
SB86199_component_1352a,24.303797,-3.526379,9.968999862670898,25.82642364501953,24.30370833333333,-3.5264722222222216,5.4,1.2820060982234145,1.846111085679796
SB86199_component_1353a,20.016166,-5.0264,9.805000305175781,35.78467559814453,20.01670833333333,-5.026666666666666,5.4,1.2609158749602003,1.815740797254774
SB86199_component_1356a,23.769465,-4.199287,9.550000190734863,33.159725189208984,23.76975,-4.198472222222222,6.3,1.052676897056352,1.5158730461483911
SB86199_component_1361a,23.957356,-2.520151,10.678000450134277,10.688689231872559,23.95758333333333,-2.5198888888888886,7.5,0.9886918001191096,1.423733393351237
SB86199_component_1364a,20.745159,-4.411213,10.074999809265137,23.874406814575195,20.745666666666665,-4.409638888888888,2.4,2.915184631283417,4.197916587193808
SB86199_component_1365a,24.983151,-6.141748,10.437000274658203,24.67375946044922,24.98370833333333,-6.14186111111111,5.9,1.2284456423625567,1.7689830973996954
SB86199_component_1369a,21.19742,-7.941331,9.699999809265137,43.11111068725586,21.19758333333333,-7.942055555555554,7.7,0.8748090382727983,1.2597402349694982
SB86199_component_1371a,21.981327,-7.961818,10.46399974822998,40.24615478515625,21.981999999999996,-7.960805555555554,6.5,1.1179351842824128,1.6098461151123047
SB86199_component_1373a,22.380972,-9.069899,9.805999755859375,34.528167724609375,22.381249999999998,-9.071166666666665,7.8,0.8730307409454243,1.2571794558794072
SB86199_component_1379a,22.515092,-3.7986,10.154999732971191,43.77155303955078,22.515375,-3.798055555555555,5.9,1.195253889228236,1.721186395418846
SB86199_component_1382a,23.151715,-2.750091,10.218999862670898,18.99442481994629,23.15120833333333,-2.7488611111111108,5.6,1.2672217757130135,1.8248214040483748
SB86199_component_1386a,22.034348,-7.310384,9.156000137329102,38.96170425415039,22.03445833333333,-7.311194444444443,10.5,0.6055482484719912,0.872000013078962
SB86199_component_1391a,22.202865,-7.057929,9.9399995803833,35.37366485595703,22.20270833333333,-7.060083333333332,5.7,1.2109989629473203,1.7438595755058421
SB86199_component_1396a,24.096211,-3.951281,9.227999687194824,29.4824275970459,24.095249999999997,-3.9516944444444437,5.3,1.2091048475998736,1.7411320164518538
SB86199_component_1400a,18.518046,-3.568469,8.979999542236328,16.91148567199707,18.51670833333333,-3.568916666666666,5.2,1.1992375865648421,1.7269229888916016
SB86199_component_1402a,21.557559,-5.808079,9.211999893188477,43.046730041503906,21.557874999999996,-5.807305555555555,6.3,1.0154198188030505,1.4622222052680123
SB86199_component_1405a,20.699936,-3.828021,9.602999687194824,33.932861328125,20.700416666666666,-3.829194444444444,4.5,1.4819264917019965,2.1339999304877386
SB86199_component_1409a,24.61267,-4.918457,9.215999603271484,28.26993751525879,24.611291666666663,-4.918055555555555,4.3,1.4883540468250671,2.143255721691043
SB86199_component_1411a,18.985262,-7.467444,9.520999908447266,35.0036735534668,18.985166666666665,-7.466805555555554,4.9,1.349331757111899,1.9430612058055643
SB86199_component_1414a,21.43621,-5.847248,9.84000015258789,43.157894134521484,21.436166666666665,-5.846777777777777,7.5,0.9111001174299533,1.3120000203450521
SB86199_component_1420a,22.033889,-5.257842,9.98900032043457,43.620086669921875,22.032541666666663,-5.257999999999999,5.1,1.360141562623716,1.9586275138107
SB86199_component_1426a,25.099414,-4.419044,9.14900016784668,18.557809829711914,25.09995833333333,-4.418083333333333,6.2,1.0247412222206442,1.4756451883623676
SB86199_component_1428a,20.202312,-5.149173,9.42199993133545,36.23846435546875,20.20145833333333,-5.146749999999999,4.4,1.4870401037187402,2.1413636207580566
SB86199_component_1429a,22.721822,-8.726291,10.081000328063965,33.60333251953125,22.721791666666665,-8.727194444444443,8.0,0.8750762614598608,1.2601250410079956
SB86199_component_1433a,24.534187,-6.044911,9.34000015258789,22.291170120239258,24.53433333333333,-6.042833333333332,3.9,1.6630853470645586,2.3948718339968953
SB86199_component_1437a,21.80426,-7.211414,9.402999877929688,40.18376159667969,21.804333333333332,-7.210972222222221,4.8,1.3603712779672918,1.9589583079020183
SB86199_component_1438a,18.46425,-6.326701,9.083999633789062,26.330432891845703,18.46470833333333,-6.326555555555554,9.1,0.6932150399304019,0.9982417179987981
SB86199_component_1439a,23.780184,-7.659729,9.475000381469727,23.987342834472656,23.780291666666663,-7.658499999999999,4.3,1.5301818325191285,2.203488460806913
SB86199_component_1441a,23.407254,-5.501717,8.774999618530273,35.67073059082031,23.407874999999997,-5.502444444444444,5.1,1.1948384533289351,1.7205881604961322
SB86199_component_1450a,23.591293,-6.691806,9.442999839782715,18.124759674072266,23.59183333333333,-6.692027777777777,4.5,1.4572354555391551,2.0984444088406033
SB86199_component_1454a,20.759939,-3.801932,8.574000358581543,28.868688583374023,20.761374999999997,-3.8034722222222217,5.1,1.1674696037200702,1.681176540898342
SB86199_component_1456a,19.601067,-3.800862,8.835000038146973,30.783971786499023,19.60158333333333,-3.801166666666666,4.5,1.363409459252284,1.9633333418104384
SB86199_component_1457a,24.516371,-4.4878,8.873000144958496,23.661333084106445,24.51583333333333,-4.487638888888888,4.7,1.3110066406115295,1.887872371267765
SB86199_component_1458a,24.876915,-8.106625,9.352999687194824,25.765838623046875,24.87570833333333,-8.106583333333333,6.0,1.0825100331787578,1.5588332811991374
SB86199_component_1461a,23.649675,-8.11394,8.741999626159668,32.86465835571289,23.649291666666663,-8.11586111111111,5.2,1.1674537937465934,1.6811537742614746
SB86199_component_1462a,19.162838,-5.317658,8.9399995803833,36.48979187011719,19.162374999999997,-5.317333333333333,6.7,0.9266056767841765,1.3343282955795972
SB86199_component_1463a,22.714102,-6.928917,9.079000473022461,20.130821228027344,22.71433333333333,-6.929972222222221,5.4,1.167552827016455,1.6812963838930481
SB86199_component_1466a,22.994314,-3.946074,8.508999824523926,36.83549499511719,22.99408333333333,-3.9467777777777773,7.7,0.7673969174767558,1.1050649122758345
SB86199_component_1469a,20.366521,-8.213297,8.821000099182129,30.62847328186035,20.366416666666662,-8.213972222222221,5.2,1.1780039431268174,1.69634617291964
SB86199_component_1470a,24.128617,-5.404503,8.031999588012695,29.529409408569336,24.127916666666664,-5.405972222222221,5.4,1.0329092782233655,1.487407331113462
SB86199_component_1473a,22.817617,-7.153015,8.02299976348877,14.026223182678223,22.818875,-7.151416666666666,5.2,1.0714346730334567,1.5428845699016864
SB86199_component_1474a,21.671448,-9.231594,7.9029998779296875,32.126014709472656,21.67195833333333,-9.231944444444443,4.4,1.247301830164633,1.7961363358931106
SB86199_component_1476a,24.746763,-4.649558,8.838000297546387,24.280221939086914,24.745791666666662,-4.650166666666666,4.7,1.3058353308371533,1.8804255952226354
SB86199_component_1480a,18.228435,-8.091216,8.4350004196167,13.410175323486328,18.227749999999997,-8.090749999999998,3.9,1.5019406178982853,2.1628206204145384
SB86199_component_1483a,23.222629,-3.468999,8.569999694824219,33.60784149169922,23.223166666666664,-3.4691388888888883,5.3,1.1228899573241429,1.6169810744951356
SB86199_component_1484a,19.533665,-5.986428,9.065999984741211,39.24675369262695,19.533458333333332,-5.986416666666666,6.2,1.0154447190487514,1.462258062055034
SB86199_component_1485a,18.3627,-6.934399,8.4399995803833,23.379499435424805,18.362041666666663,-6.9345277777777765,9.5,0.6169515797138012,0.8884210084614
SB86199_component_1486a,24.252554,-3.780763,8.73900032043457,25.552631378173828,24.252541666666662,-3.7805277777777775,7.3,0.831325602938188,1.1971233315663796
SB86199_component_1491a,23.228027,-4.26528,8.37600040435791,36.898681640625,23.227791666666665,-4.2660277777777775,5.1,1.1405091513726786,1.6423530204623353
SB86199_component_1492a,20.894426,-6.73187,9.352999687194824,41.38495635986328,20.894875,-6.730499999999999,5.7,1.139484245451324,1.640877138104355
SB86199_component_1494a,24.940299,-6.230954,8.402999877929688,20.646190643310547,24.940166666666663,-6.229944444444444,9.6,0.6078485499892977,0.8753124872843425
SB86199_component_1496a,24.74674,-5.954902,8.963000297546387,23.586843490600586,24.74683333333333,-5.956777777777777,3.9,1.5959565542891894,2.2982052044990735
SB86199_component_1500a,23.104013,-6.244501,8.60200023651123,22.342857360839844,23.104666666666663,-6.246888888888888,3.3,1.8101633647648523,2.606666738336737
SB86199_component_1501a,19.794102,-4.220068,8.20199966430664,30.950942993164062,19.794041666666665,-4.218555555555555,5.2,1.0953392855050417,1.577307627751277
SB86199_component_1502a,23.636781,-5.685264,8.166000366210938,30.022058486938477,23.636916666666664,-5.683833333333332,4.4,1.2888102441130502,1.8559091741388494
SB86199_component_1503a,24.070088,-3.125161,8.015000343322754,15.934393882751465,24.072666666666663,-3.1247222222222217,6.3,0.8834770180947356,1.2722222767178974
SB86199_component_1504a,20.261688,-6.083615,8.097999572753906,38.379146575927734,20.261374999999997,-6.082333333333333,8.2,0.6857979111459439,0.987560923506574
SB86199_component_1508a,21.08601,-7.359538,8.942999839782715,36.802467346191406,21.08508333333333,-7.358944444444443,6.1,1.0180887742218567,1.4660655475053632
SB86199_component_1512a,24.752229,-7.104738,8.687000274658203,23.60597801208496,24.751499999999997,-7.104805555555554,5.5,1.0968302172425517,1.5794545953924006
SB86199_component_1514a,21.421053,-7.510579,8.772000312805176,42.17307662963867,21.420916666666663,-7.510749999999999,8.9,0.6844486838139388,0.9856180126747388
SB86199_component_1515a,19.291599,-3.582142,8.3149995803833,25.58461570739746,19.29120833333333,-3.5821666666666663,6.8,0.8491522794835137,1.2227940559387207
SB86199_component_1516a,21.103086,-5.006391,8.302000045776367,39.160377502441406,21.103166666666663,-5.006638888888888,10.7,0.5388045004642171,0.775887854745455
SB86199_component_1517a,23.161115,-7.794561,8.104000091552734,23.835294723510742,23.16120833333333,-7.796527777777777,8.9,0.6323269492129692,0.910561808039633
SB86199_component_1518a,23.928141,-4.728912,8.75,28.9735107421875,23.929,-4.730583333333333,4.8,1.265899057401095,1.8229166666666667
SB86199_component_1520a,18.682823,-2.979708,8.586999893188477,11.418883323669434,18.68258333333333,-2.980111111111111,6.5,0.9174034345374042,1.321076906644381
SB86199_component_1524a,18.520311,-7.601191,7.638999938964844,19.89322853088379,18.52033333333333,-7.601499999999999,4.8,1.1051660368254421,1.5914583206176758
SB86199_component_1527a,22.605089,-6.497824,8.958000183105469,21.742719650268555,22.605749999999997,-6.499111111111111,9.6,0.6479956564566887,0.9331250190734863
SB86199_component_1534a,21.170214,-7.164332,8.86299991607666,43.87623596191406,21.17170833333333,-7.163555555555555,4.9,1.256078916609578,1.8087754930768694
SB86199_component_1537a,22.669262,-9.826502,8.020999908447266,15.635477066040039,22.668874999999996,-9.827777777777776,5.6,0.9946556300588734,1.4323214122227261
SB86199_component_1538a,21.285797,-9.855628,8.611000061035156,18.925273895263672,21.285041666666665,-9.856083333333332,5.6,1.0678194475636094,1.5376785823277066
SB86199_component_1540a,21.998879,-9.080636,8.696000099182129,36.69198226928711,21.997999999999998,-9.079416666666665,5.3,1.1393992448049497,1.6407547356947414
SB86199_component_1543a,18.409656,-8.194588,8.873000144958496,21.536407470703125,18.409291666666665,-8.194972222222221,9.0,0.6846368012082433,0.9858889049953885
SB86199_component_1546a,20.709161,-9.886965,8.888999938964844,15.64964771270752,20.708333333333332,-9.887027777777776,4.1,1.5055712304132445,2.1680487656011818
SB86199_component_1550a,21.073377,-7.599581,8.850000381469727,39.686100006103516,21.073749999999997,-7.5979722222222215,5.9,1.0416541264179935,1.5000000646558858
SB86199_component_1554a,19.57908,-3.774452,7.688000202178955,26.149660110473633,19.578374999999998,-3.773694444444444,8.1,0.659114139038325,0.9491358274295006
SB86199_component_1555a,18.32317,-7.028358,8.505999565124512,18.944318771362305,18.321416666666664,-7.027666666666666,3.5,1.687677936077622,2.4302855900355746
SB86199_component_1558a,21.261954,-8.257022,8.067999839782715,35.231441497802734,21.260875,-8.256055555555555,6.0,0.9337849958668,1.3446666399637859
SB86199_component_1562a,22.61218,-6.334472,8.706999778747559,26.545730590820312,22.61245833333333,-6.335472222222221,5.0,1.2092909143085435,1.7413999557495117
SB86199_component_1563a,22.649904,-2.771396,8.440999984741211,21.261964797973633,22.65058333333333,-2.772333333333333,5.1,1.1493597498306214,1.655098036223767
SB86199_component_1565a,23.884619,-5.571285,8.076000213623047,25.96784782409668,23.884791666666665,-5.570972222222221,5.0,1.1216531446487543,1.6152000427246094
SB86199_component_1567a,23.859518,-3.783445,8.406999588012695,30.794870376586914,23.858249999999998,-3.7822499999999994,7.5,0.7784164830381105,1.1209332784016928
SB86199_component_1569a,21.796322,-3.4144,7.928999900817871,32.10121536254883,21.797416666666663,-3.4147777777777772,5.6,0.9832470367913849,1.4158928394317627
SB86199_component_1572a,18.637815,-3.293552,8.12399959564209,15.128490447998047,18.63708333333333,-3.292694444444444,5.5,1.0257451317643835,1.477090835571289
SB86199_component_1579a,23.292717,-2.858506,8.442000389099121,18.31236457824707,23.29245833333333,-2.858583333333333,5.0,1.1724858881982452,1.6884000778198243
SB86199_component_1581a,21.646273,-6.284804,8.08899974822998,37.976524353027344,21.646499999999996,-6.285194444444444,5.8,0.9684988049594037,1.3946551290051692
SB86199_component_1582a,20.056167,-9.908086,8.491999626159668,13.898526191711426,20.054916666666664,-9.909305555555555,4.2,1.4040835033085355,2.021904672895159
SB86199_component_1587a,22.450087,-2.477359,7.925000190734863,11.552478790283203,22.449374999999996,-2.4772222222222218,4.3,1.27986182863795,1.8430233001708984
SB86199_component_1588a,24.392259,-4.400289,8.079000473022461,26.145633697509766,24.39158333333333,-4.400361111111111,4.3,1.3047323747774684,1.8788373193075492
SB86199_component_1590a,22.838626,-3.296841,8.548999786376953,32.260379791259766,22.837374999999998,-3.2973888888888885,8.0,0.742091710031777,1.0686249732971191
SB86199_component_1593a,24.524627,-7.823855,7.934000015258789,26.27152442932129,24.52458333333333,-7.823694444444444,5.4,1.020306604773219,1.469259262084961
SB86199_component_1597a,18.638766,-8.720381,7.923999786376953,21.0744686126709,18.63708333333333,-8.720305555555555,5.6,0.9826269904085941,1.4149999618530273
SB86199_component_1599a,22.020989,-2.641536,7.386000156402588,14.654762268066406,22.021041666666665,-2.640472222222222,5.6,0.9159115725016533,1.318928599357605
SB86199_component_1606a,22.273543,-7.170522,7.321000099182129,27.83650016784668,22.27425,-7.17161111111111,3.7,1.3740449791191447,1.9786486754546293
SB86199_component_1612a,19.919246,-5.825222,7.9629998207092285,33.88510513305664,19.918874999999996,-5.826944444444444,4.0,1.3824485440622951,1.9907499551773071
SB86199_component_1618a,18.607513,-9.411756,8.256999969482422,13.491829872131348,18.606499999999997,-9.410333333333332,3.1,1.849664025658161,2.6635483772523942
SB86199_component_1619a,22.30035,-3.953098,7.716000080108643,31.112903594970703,22.300374999999995,-3.9528888888888885,5.0,1.0716537301924176,1.5432000160217285
SB86199_component_1622a,22.646324,-3.517265,7.813000202178955,31.003969192504883,22.647041666666663,-3.517083333333333,4.1,1.3233241543911343,1.9056098054095014
SB86199_component_1630a,19.974887,-4.241452,7.150000095367432,23.442623138427734,19.97533333333333,-4.241999999999999,4.3,1.1547018266973605,1.662790719852891
SB86199_component_1636a,20.03776,-3.318897,7.156000137329102,21.554218292236328,20.037916666666664,-3.319111111111111,6.3,0.7887911905181622,1.135873037671286
SB86199_component_1637a,19.807766,-3.861417,7.890999794006348,24.057926177978516,19.807416666666665,-3.8623888888888884,5.0,1.0959589523585689,1.5781999588012696
SB86199_component_1639a,22.96976,-6.020597,8.071999549865723,24.913578033447266,22.970374999999997,-6.020722222222221,4.0,1.4013718795223427,2.0179998874664307
SB86199_component_1642a,23.157763,-8.038726,7.302999973297119,21.106937408447266,23.157666666666664,-8.038805555555555,5.5,0.9220848156988223,1.3278181769631126
SB86199_component_1643a,24.398072,-4.213227,7.201000213623047,21.431549072265625,24.39658333333333,-4.2135,6.1,0.819776094375614,1.1804918382988603
SB86199_component_1644a,21.03248,-3.42676,8.355999946594238,28.518770217895508,21.031124999999996,-3.4284722222222217,5.5,1.0550377514592995,1.5192727175625889
SB86199_component_1656a,20.948904,-3.533214,7.211999893188477,23.11538314819336,20.949166666666663,-3.5351388888888886,3.9,1.2841724999404436,1.8492307418431992
SB86199_component_1663a,23.342851,-5.011057,7.678999900817871,29.64864730834961,23.342916666666664,-5.010833333333332,4.2,1.2696605696298378,1.8283333097185406
SB86199_component_1665a,20.985624,-8.296782,7.755000114440918,36.75355529785156,20.985166666666665,-8.296499999999998,4.5,1.1967448179829203,1.7233333587646484
SB86199_component_1666a,22.798859,-4.063896,7.999000072479248,33.6092414855957,22.799541666666663,-4.064111111111111,4.8,1.1572487602174597,1.6664583484331768
SB86199_component_1667a,19.740116,-6.999773,7.630000114440918,29.45945930480957,19.74020833333333,-6.999861111111111,5.0,1.0597094348259848,1.5260000228881836
SB86199_component_1669a,21.181701,-5.847455,7.254000186920166,29.729509353637695,21.18220833333333,-5.849527777777777,3.3,1.5264967478873113,2.198181874824293
SB86199_component_1674a,21.49195,-5.151641,8.090999603271484,34.72532272338867,21.492124999999998,-5.152749999999999,6.2,0.9062390064852947,1.3049999360115296
SB86199_component_1675a,19.451611,-9.484767,7.375999927520752,18.034229278564453,19.450916666666664,-9.484305555555554,5.4,0.9485482012077782,1.3659259125038428
SB86199_component_1676a,22.362615,-9.425802,7.75600004196167,23.86461639404297,22.361499999999996,-9.425833333333332,4.8,1.122092930551101,1.615833342075348
SB86199_component_1677a,21.284786,-9.2036,7.304999828338623,29.695119857788086,21.28483333333333,-9.202916666666665,6.7,0.7571425757892251,1.0902984818415855
SB86199_component_1684a,22.138515,-7.414381,7.988999843597412,28.94565200805664,22.137583333333332,-7.4136944444444435,4.1,1.3531340315991585,1.9485365472188811
SB86199_component_1685a,25.288291,-4.725218,7.5,12.437810897827148,25.28783333333333,-4.7269444444444435,3.9,1.3354539506648915,1.9230769230769231
SB86199_component_1687a,24.145399,-4.603738,7.061999797821045,18.201030731201172,24.14495833333333,-4.605444444444444,3.6,1.3622520209414684,1.9616666105058458
SB86199_component_1689a,19.030698,-5.093618,7.90500020980835,33.49576187133789,19.030666666666665,-5.093055555555555,10.3,0.5329628306118044,0.7674757485250824
SB86199_component_1690a,19.935823,-9.255869,6.743000030517578,21.137929916381836,19.93545833333333,-9.254833333333332,5.2,0.9004966030088184,1.2967307750995343
SB86199_component_1692a,21.448723,-9.173179,8.00100040435791,32.26210021972656,21.44845833333333,-9.173749999999998,3.0,1.8520610505403354,2.66700013478597
SB86199_component_1698a,20.620092,-7.196811,7.132999897003174,32.27601623535156,20.61933333333333,-7.195472222222222,5.1,0.9712573145340158,1.3986274307849362
SB86199_component_1702a,24.670435,-7.382472,6.921000003814697,16.92176055908203,24.670916666666663,-7.383833333333333,7.1,0.6769284415177401,0.9747887329316476
SB86199_component_1705a,21.999013,-9.592303,6.97599983215332,19.98853874206543,21.998874999999998,-9.592999999999998,5.4,0.8971084812142818,1.2918518207691334
SB86199_component_1706a,18.573586,-3.892593,7.710999965667725,18.89950942993164,18.572249999999997,-3.893166666666666,5.2,1.0297685367727805,1.4828846087822547
SB86199_component_1707a,20.123586,-3.171499,6.410999774932861,13.218555450439453,20.122791666666664,-3.170805555555555,4.8,0.9275061225241306,1.335624953111013
SB86199_component_1709a,25.148114,-7.302609,7.619999885559082,16.747251510620117,25.147999999999996,-7.301249999999999,4.0,1.3229006636606666,1.9049999713897705
SB86199_component_1714a,18.834367,-6.732134,6.770999908447266,24.18214225769043,18.8345,-6.732722222222221,5.5,0.8549139018904565,1.2310908924449573
SB86199_component_1715a,25.0637,-4.644175,6.835000038146973,14.006147384643555,25.06208333333333,-4.64286111111111,4.5,1.054771212876398,1.518888897365994
SB86199_component_1720a,21.098703,-8.763648,7.177000045776367,30.54042625427246,21.099375,-8.76486111111111,4.1,1.2156018521532101,1.7504878160430166
SB86199_component_1721a,19.762448,-3.240191,6.921000003814697,18.807065963745117,19.76220833333333,-3.2390277777777774,9.0,0.5340213260862172,0.7690000004238553
SB86199_component_1722a,18.66797,-4.066072,7.834000110626221,19.63408660888672,18.668541666666663,-4.065499999999999,8.3,0.655447244164746,0.9438554350152072
SB86199_component_1725a,24.646871,-6.04917,6.708000183105469,18.7899169921875,24.645999999999997,-6.050277777777777,4.9,0.9506688121849566,1.3689796292051977
SB86199_component_1726a,21.889258,-8.720352,6.670000076293945,28.14345932006836,21.88895833333333,-8.72247222222222,3.1,1.4941575920862504,2.1516129278367564
SB86199_component_1727a,21.799107,-6.522429,6.88700008392334,26.186311721801758,21.799249999999997,-6.522472222222222,5.1,0.9377610126585353,1.350392173318302
SB86199_component_1729a,21.139742,-4.140158,7.576000213623047,22.682636260986328,21.139999999999997,-4.139277777777777,6.2,0.8485560800114355,1.2219355183262979
SB86199_component_1732a,24.407679,-5.307801,6.561999797821045,24.394052505493164,24.407999999999998,-5.3094722222222215,5.4,0.8438683792993359,1.2151851477446378
SB86199_component_1735a,20.3208,-3.346596,6.493000030517578,18.2387638092041,20.321666666666665,-3.345166666666666,4.5,1.00199407156876,1.442888895670573
SB86199_component_1744a,19.345974,-6.978343,6.72599983215332,24.194244384765625,19.34725,-6.97886111111111,3.1,1.5067021887002212,2.1696773652107484
SB86199_component_1746a,18.650375,-7.210386,6.828999996185303,21.407522201538086,18.64858333333333,-7.211777777777777,3.6,1.3173066145772279,1.8969444433848062
SB86199_component_1747a,22.095192,-9.714405,6.994999885559082,15.075430870056152,22.094541666666665,-9.714388888888887,3.8,1.2783105580727836,1.8407894435681795
SB86199_component_1749a,22.57508,-6.511987,7.284999847412109,17.47002410888672,22.575749999999996,-6.51236111111111,3.6,1.4052684860961693,2.023611068725586
SB86199_component_1762a,24.050076,-5.136742,7.058000087738037,21.650306701660156,24.051124999999995,-5.135972222222222,5.3,0.9247791948114557,1.331698129761894
SB86199_component_1764a,24.924245,-5.614336,6.638000011444092,12.839457511901855,24.924541666666663,-5.615916666666666,3.3,1.396868647483102,2.011515154983058
SB86199_component_1766a,20.340402,-7.284846,7.164999961853027,32.27477264404297,20.340249999999997,-7.285666666666666,7.0,0.7108049004138028,1.0235714231218611
SB86199_component_1768a,20.315014,-3.134201,6.828000068664551,14.136646270751953,20.31675,-3.1351111111111107,4.1,1.1564901040867994,1.6653658704059882
SB86199_component_1769a,21.380247,-7.897117,7.39300012588501,37.52791976928711,21.381416666666663,-7.897222222222221,5.1,1.006659968077877,1.4496078678205901
SB86199_component_1773a,20.927007,-8.237071,6.985000133514404,29.104167938232422,20.926166666666663,-8.235444444444443,4.4,1.1024172573459625,1.5875000303441826
SB86199_component_1781a,24.477092,-8.817799,6.706999778747559,19.553936004638672,24.477749999999997,-8.819305555555555,3.9,1.1942519135515974,1.7197435330121946
SB86199_component_1782a,20.90492,-7.941517,6.519999980926514,29.107141494750977,20.904666666666664,-7.939388888888888,2.3,1.9685752439517097,2.834782600402832
SB86199_component_1787a,22.808663,-3.905473,6.815000057220459,29.502164840698242,22.808666666666664,-3.904666666666666,5.8,0.8159623707072746,1.1750000098655964
SB86199_component_1792a,19.079107,-9.033667,6.7270002365112305,19.555233001708984,19.078208333333333,-9.032666666666666,4.2,1.1122551194823198,1.6016667229788644
SB86199_component_1793a,19.001169,-6.468734,6.64900016784668,27.362140655517578,19.00195833333333,-6.470833333333332,3.9,1.1839244722829834,1.704871837909405
SB86199_component_1794a,24.671881,-6.586143,6.88700008392334,13.913131713867188,24.673291666666664,-6.585555555555555,4.4,1.086950264672393,1.565227291800759
SB86199_component_1796a,20.579783,-9.599485,6.75600004196167,15.459954261779785,20.579166666666666,-9.598583333333332,5.1,0.9199235318234394,1.3247058905807196
SB86199_component_1801a,21.632681,-3.588837,6.890999794006348,26.70930290222168,21.63220833333333,-3.5896111111111106,4.5,1.0634130460993556,1.531333287556966
SB86199_component_1808a,20.377044,-7.308055,6.640999794006348,30.463302612304688,20.37670833333333,-7.3094722222222215,2.5,1.8446998775442658,2.6563999176025392
SB86199_component_1809a,19.206707,-5.395134,6.458000183105469,24.097015380859375,19.20520833333333,-5.395083333333333,4.9,0.9152384012489493,1.3179592210419322
SB86199_component_1817a,22.522551,-8.190432,7.078999996185303,26.51310920715332,22.522166666666664,-8.190722222222222,4.0,1.228978206516114,1.7697499990463257
SB86199_component_1821a,24.847726,-4.373104,6.2179999351501465,14.099772453308105,24.84845833333333,-4.374111111111111,4.1,1.0531715465579896,1.5165853500366213
SB86199_component_1825a,24.01708,-5.330867,5.993000030517578,20.80902862548828,24.01708333333333,-5.329027777777777,3.4,1.2240456749666317,1.7626470677992878
SB86199_component_1827a,19.955489,-5.135534,6.375,23.18181800842285,19.955125,-5.1362499999999995,4.2,1.054054725346218,1.5178571428571428
SB86199_component_1833a,23.845377,-3.754058,6.116000175476074,20.945205688476562,23.846916666666665,-3.755111111111111,4.8,0.8848272979657251,1.2741667032241821
SB86199_component_1834a,20.07584,-7.918912,6.414999961853027,24.864341735839844,20.074916666666663,-7.919444444444443,4.8,0.9280848462786068,1.3364583253860474
SB86199_component_1835a,21.438887,-3.176921,6.340000152587891,20.255592346191406,21.43933333333333,-3.176722222222222,3.5,1.2579213401470135,1.8114286150251115
SB86199_component_1836a,22.613824,-7.172939,7.11899995803833,17.886934280395508,22.61270833333333,-7.171499999999999,2.1,2.354138210356025,3.3899999800182523
SB86199_component_1838a,19.21813,-5.648026,6.26800012588501,22.710145950317383,19.21708333333333,-5.647416666666666,4.2,1.0363631609662405,1.4923809823535736
SB86199_component_1839a,23.984756,-5.386281,6.497000217437744,23.203571319580078,23.98570833333333,-5.385416666666666,5.3,0.8512738105813029,1.2258490976297631
SB86199_component_1851a,18.411284,-8.097014,6.783999919891357,14.747825622558594,18.411624999999997,-8.096555555555554,3.4,1.385604157956234,1.9952940940856934
SB86199_component_1853a,21.477622,-9.501621,6.860000133514404,23.097644805908203,21.477708333333332,-9.502944444444443,3.5,1.3610946930082906,1.9600000381469727
SB86199_component_1859a,18.470766,-6.173881,6.974999904632568,21.52777671813965,18.471041666666665,-6.174388888888888,3.6,1.3454698368986053,1.9374999735090468
SB86199_component_1860a,19.623893,-5.210512,6.554999828338623,27.42677879333496,19.622249999999998,-5.212222222222222,4.7,0.9685166419209574,1.3946808145401326
SB86199_component_1861a,20.231241,-8.512962,7.09499979019165,26.27777671813965,20.231999999999996,-8.5125,3.6,1.368617683301269,1.9708332750532362
SB86199_component_1864a,22.147216,-4.318602,6.921999931335449,30.095651626586914,22.146374999999995,-4.319999999999999,4.7,1.022741770318744,1.4727659428373296
SB86199_component_1866a,22.297965,-3.685656,6.300000190734863,25.0996036529541,22.29720833333333,-3.685333333333333,4.5,0.972210505518078,1.4000000423855252
SB86199_component_1867a,18.642944,-4.345655,6.510000228881836,17.78688621520996,18.642374999999998,-4.345638888888888,4.9,0.9226079332111408,1.3285714752820073
SB86199_component_1868a,20.168862,-5.388076,6.576000213623047,26.409639358520508,20.168208333333332,-5.389027777777777,7.4,0.6171096813142102,0.8886486775166279
SB86199_component_1884a,20.783282,-8.388946,5.88700008392334,24.226337432861328,20.781958333333332,-8.390472222222222,4.3,0.9507314209797176,1.3690697869589163
SB86199_component_1885a,21.637191,-4.943095,6.48799991607666,26.37398338317871,21.639249999999997,-4.942944444444444,3.9,1.1552566826450748,1.6635897220709386
SB86199_component_1889a,23.440402,-8.06761,5.9120001792907715,21.26618766784668,23.439624999999996,-8.069722222222222,5.0,0.8211012155596025,1.1824000358581543
SB86199_component_1891a,18.677782,-4.040001,5.973999977111816,16.923513412475586,18.678166666666666,-4.039499999999999,4.7,0.8826725473972536,1.2710638249174078
SB86199_component_1896a,22.742767,-3.641461,6.614999771118164,28.760868072509766,22.741791666666664,-3.6433333333333326,4.6,0.9986292044681078,1.4380434285039487
SB86199_component_1900a,23.349905,-4.211252,6.431000232696533,29.365299224853516,23.350125,-4.212333333333333,3.7,1.2070049802946863,1.738108170999063
SB86199_component_1901a,20.660164,-2.956209,6.611999988555908,16.739240646362305,20.661374999999996,-2.956833333333333,5.0,0.9183222366773734,1.3223999977111816
SB86199_component_1903a,20.51259,-7.809922,6.296999931335449,27.98666763305664,20.512375,-7.811555555555555,5.5,0.7950661430058197,1.1449090784246272
SB86199_component_1918a,22.547879,-9.422277,6.1620001792907715,19.438486099243164,22.549416666666662,-9.420138888888888,4.0,1.069778772846112,1.5405000448226929
SB86199_component_1924a,22.952928,-9.59657,6.480999946594238,16.57544708251953,22.952999999999996,-9.598999999999998,4.8,0.937633339818308,1.350208322207133
SB86199_component_1926a,24.37716,-3.302988,6.815000057220459,16.785715103149414,24.377916666666664,-3.302194444444444,5.3,0.8929399528494704,1.2858490674000866
SB86199_component_1935a,23.153148,-4.774379,5.9670000076293945,22.099998474121094,23.153999999999996,-4.774166666666666,5.1,0.8124901846233685,1.1700000014959597
SB86199_component_1936a,23.840065,-5.106884,6.449999809265137,23.11827850341797,23.839249999999996,-5.106861111111111,4.2,1.0664553376373525,1.535714240301223
SB86199_component_1938a,24.571229,-6.643066,6.298999786376953,10.640202522277832,24.571249999999996,-6.641777777777777,6.1,0.7170905832748021,1.0326229157995006
SB86199_component_1941a,19.285128,-6.108196,6.0920000076293945,23.704280853271484,19.285749999999997,-6.106805555555555,5.1,0.8295106761514505,1.1945098054175285
SB86199_component_1942a,22.320249,-8.339359,6.251999855041504,26.15899658203125,22.319666666666663,-8.340416666666666,4.2,1.033717645501234,1.488571394057501
SB86199_component_1943a,22.131347,-8.405027,5.941999912261963,25.612070083618164,22.130166666666664,-8.404444444444444,4.3,0.9596137148823145,1.3818604447120844
SB86199_component_1944a,18.439512,-5.855432,6.197000026702881,18.119882583618164,18.43883333333333,-5.855888888888888,6.8,0.6328559187241201,0.911323533338659
SB86199_component_1946a,21.893221,-6.674865,5.781000137329102,23.987552642822266,21.89383333333333,-6.675472222222221,3.4,1.1807455663350068,1.7002941580379711
SB86199_component_1947a,23.770755,-8.004022,6.0,21.352313995361328,23.77083333333333,-8.00461111111111,3.4,1.2254753900219004,1.7647058823529411
SB86199_component_1948a,21.672625,-2.948374,6.111000061035156,17.262712478637695,21.67145833333333,-2.948055555555555,6.0,0.7072831284153087,1.0185000101725261
SB86199_component_1951a,19.776912,-9.093592,6.276000022888184,20.180065155029297,19.776791666666664,-9.092083333333331,4.5,0.9685068206596149,1.3946666717529297
SB86199_component_1960a,19.482138,-9.765169,6.354000091552734,11.510869979858398,19.482999999999997,-9.764194444444444,4.3,1.0261504076489243,1.477674439895985
SB86199_component_1968a,22.962125,-4.163304,6.138000011444092,26.008474349975586,22.961999999999996,-4.161499999999999,5.9,0.7224488999188752,1.040338984990524
SB86199_component_1969a,22.013291,-4.766912,5.8480000495910645,24.991453170776367,22.01308333333333,-4.766249999999999,4.7,0.8640557617556875,1.2442553297002263
SB86199_component_1975a,18.71328,-8.330017,5.668000221252441,17.440000534057617,18.713166666666663,-8.329944444444443,5.0,0.7872127419354695,1.1336000442504883
SB86199_component_1978a,22.324542,-3.73379,6.045000076293945,25.83333396911621,22.32320833333333,-3.733777777777777,3.5,1.1993902861432246,1.7271428789411272
SB86199_component_1987a,20.756331,-6.101054,6.025000095367432,27.511415481567383,20.756041666666665,-6.099333333333332,3.8,1.1010466562262338,1.5855263408861664
SB86199_component_1998a,21.122261,-8.262781,5.684999942779541,25.49327278137207,21.12158333333333,-8.264527777777777,4.1,0.962894860785269,1.3865853518974491
SB86199_component_2004a,23.231444,-3.58201,5.689000129699707,20.24555206298828,23.230499999999996,-3.582861111111111,3.3,1.197165697951845,1.7239394332423355
SB86199_component_2011a,19.439826,-8.04802,6.03000020980835,22.33333396911621,19.438625,-8.049027777777777,3.0,1.3958165178011055,2.0100000699361167
SB86199_component_2018a,18.998566,-8.39182,6.160999774932861,22.161869049072266,19.000249999999998,-8.391833333333333,5.2,0.8227731489479597,1.1848076490255501
SB86199_component_2021a,19.31983,-9.569623,5.921999931335449,12.363256454467773,19.318624999999997,-9.570472222222222,2.8,1.468732237911555,2.1149999754769464
SB86199_component_2025a,19.980812,-5.22432,5.5370001792907715,22.97510528564453,19.98008333333333,-5.22275,2.5,1.5380370229673435,2.2148000717163088
SB86199_component_2029a,22.492825,-7.136446,5.693999767303467,18.42718505859375,22.49408333333333,-7.135444444444444,4.7,0.8413018578408089,1.211489312192227
SB86199_component_2036a,19.611575,-7.089438,5.681000232696533,23.093496322631836,19.611166666666666,-7.0891666666666655,8.0,0.49313642329137897,0.7101250290870667
SB86199_component_2043a,24.025635,-3.871297,5.817999839782715,21.628252029418945,24.024541666666664,-3.8727777777777774,4.5,0.8978286339828616,1.2928888532850478
SB86199_component_2044a,24.407224,-6.891727,5.14900016784668,11.341409683227539,24.40908333333333,-6.891638888888888,2.4,1.4898547334937584,2.145416736602783
SB86199_component_2051a,19.205032,-8.00323,5.060999870300293,18.744443893432617,19.205041666666663,-8.004194444444444,5.3,0.6631209020708785,0.9549056359057156
SB86199_component_2064a,23.738711,-3.907019,5.925000190734863,23.23529624938965,23.740874999999996,-3.9079722222222215,4.0,1.0286334386129241,1.4812500476837158
SB86199_component_2072a,18.650683,-5.440692,5.97599983215332,20.46575355529785,18.650999999999996,-5.440472222222222,5.9,0.7033813125781996,1.0128813274836135
SB86199_component_2077a,20.827035,-7.57364,5.566999912261963,27.834999084472656,20.826291666666663,-7.5723055555555545,3.9,0.9912629368241791,1.4274358749389648
SB86199_component_2080a,23.414779,-8.867455,5.560999870300293,20.596294403076172,23.415416666666662,-8.866555555555554,3.6,1.0727107800412576,1.5447221861945257
SB86199_component_2081a,24.156162,-6.209,5.72599983215332,15.774104118347168,24.156041666666663,-6.209083333333332,2.6,1.5293618194711314,2.202307627751277
SB86199_component_2084a,21.626026,-5.596602,5.317999839782715,26.197044372558594,21.62670833333333,-5.597027777777777,4.1,0.9007343477439037,1.2970731316543207
SB86199_component_2085a,24.378999,-8.929767,5.815000057220459,17.83742332458496,24.38070833333333,-8.93061111111111,2.4,1.682560706565187,2.422916690508525
SB86199_component_2092a,22.179964,-9.00683,5.199999809265137,23.008848190307617,22.179,-9.007555555555554,3.5,1.0317335286127716,1.4857142312186105
SB86199_component_2093a,21.591608,-6.853943,5.5980000495910645,23.521007537841797,21.59195833333333,-6.854444444444444,3.5,1.1107008761900845,1.599428585597447
SB86199_component_2099a,19.471897,-7.256798,5.823999881744385,25.10344886779785,19.472916666666663,-7.256083333333333,3.6,1.1234431939968468,1.6177777449289956
SB86199_component_2101a,18.766945,-6.707032,5.400000095367432,18.685121536254883,18.766541666666665,-6.706222222222221,4.3,0.8720825022543253,1.2558139756668447
SB86199_component_2108a,20.454066,-3.762339,5.089000225067139,18.046100616455078,20.45595833333333,-3.7604999999999995,4.9,0.72122147691025,1.0385714745034975
SB86199_component_2117a,23.310184,-3.508449,4.861999988555908,16.940767288208008,23.309458333333332,-3.5103611111111106,5.3,0.6370468091097765,0.9173584884067751
SB86199_component_2118a,21.726255,-9.513306,5.038000106811523,17.9288272857666,21.726666666666663,-9.512944444444443,4.1,0.8533094916994218,1.2287805138564691
SB86199_component_2119a,21.229007,-3.020017,5.794000148773193,17.610942840576172,21.229874999999996,-3.018555555555555,3.7,1.0874493519439752,1.565945986154917
SB86199_component_2122a,19.23242,-7.448027,5.627999782562256,22.15747833251953,19.231458333333332,-7.4497222222222215,2.9,1.3476848147797367,1.9406895801938815
SB86199_component_2125a,22.1382,-4.134148,5.770999908447266,28.014562606811523,22.13845833333333,-4.133555555555555,8.8,0.45540800068770076,0.6557954441417346
SB86199_component_2130a,21.320277,-5.614563,4.732999801635742,22.645931243896484,21.319416666666665,-5.615277777777777,2.8,1.1738448955239686,1.6903570720127652
SB86199_component_2136a,19.171693,-6.95183,5.0879998207092285,18.98507308959961,19.169416666666663,-6.951722222222221,2.4,1.4722043833354865,2.119999925295512
SB86199_component_2139a,23.134219,-7.717606,4.926000118255615,16.25742530822754,23.134375,-7.717083333333332,2.4,1.4253300357617067,2.0525000492731733
SB86199_component_2141a,23.726175,-9.06282,5.413000106811523,16.304218292236328,23.726625,-9.064499999999999,2.7,1.3922157171656604,2.0048148543746382
SB86199_component_2143a,19.113183,-7.871669,5.09499979019165,17.44862937927246,19.11395833333333,-7.8718611111111105,3.6,0.9828198753314115,1.4152777194976807
SB86199_component_2145a,22.820332,-3.246595,5.552999973297119,19.01712417602539,22.82070833333333,-3.2480555555555553,4.9,0.7869802839262185,1.1332653006728814
SB86199_component_2149a,21.755105,-7.16694,5.2230000495910645,23.31696319580078,21.753624999999996,-7.164999999999999,2.9,1.2507032918226353,1.8010344998589878
SB86199_component_2152a,24.55201,-5.201082,5.172999858856201,15.48802375793457,24.552124999999997,-5.203583333333333,3.4,1.0565640032691732,1.521470546722412
SB86199_component_2155a,19.15832,-7.119818,5.449999809265137,20.411985397338867,19.158166666666663,-7.118083333333332,3.2,1.1827113636659803,1.7031249403953552
SB86199_component_2156a,23.48678,-8.884189,4.84499979019165,17.428056716918945,23.486416666666663,-8.885888888888887,2.5,1.3458170150426583,1.9379999160766601
SB86199_component_2159a,18.902944,-6.672592,5.368000030517578,19.66300392150879,18.901041666666664,-6.6707222222222216,3.1,1.2024944390065995,1.7316129130701865
SB86199_component_2162a,19.370529,-4.831854,4.982999801635742,20.676347732543945,19.369874999999997,-4.833222222222221,4.0,0.865093680263387,1.2457499504089355
SB86199_component_2172a,19.08908,-7.023819,5.224999904632568,19.716981887817383,19.088583333333332,-7.025194444444444,3.8,0.9548495572973494,1.3749999749033075
SB86199_component_2178a,22.894867,-8.888884,4.892000198364258,15.052309036254883,22.89608333333333,-8.89022222222222,3.1,1.095864940519571,1.5780645801175024
SB86199_component_2187a,23.69271,-3.335179,4.979000091552734,13.946779251098633,23.694999999999997,-3.3352499999999994,2.8,1.2348561350589204,1.778214318411691
SB86199_component_2189a,21.913449,-2.692033,5.107999801635742,10.891257286071777,21.91345833333333,-2.6918888888888883,3.9,0.9095331353453245,1.3097435388809595
SB86199_component_2192a,22.365002,-8.566566,4.931000232696533,18.46816635131836,22.364791666666665,-8.56547222222222,4.5,0.7609476323492721,1.0957778294881184
SB86199_component_2197a,23.721442,-3.992689,5.49399995803833,19.833934783935547,23.722624999999997,-3.994416666666666,2.5,1.5260926613743278,2.197599983215332
SB86199_component_2203a,23.169534,-4.801141,5.10699987411499,18.43682289123535,23.171083333333332,-4.802305555555555,2.9,1.2229258076291805,1.7610344393499966
SB86199_component_2204a,20.365735,-4.918929,5.072999954223633,18.117856979370117,20.365624999999998,-4.918388888888888,4.3,0.819273039978418,1.1797674312147983
SB86199_component_2205a,19.017411,-5.976417,4.660999774932861,16.52836799621582,19.01745833333333,-5.975138888888888,5.1,0.6346600574530933,0.9139215244966395
SB86199_component_2207a,24.158116,-4.557243,5.252999782562256,16.676189422607422,24.158041666666662,-4.557222222222221,3.2,1.1399601382754945,1.641562432050705
SB86199_component_2220a,23.084565,-5.761678,4.714000225067139,16.255172729492188,23.083791666666663,-5.762527777777777,2.5,1.3094286865922284,1.8856000900268555
SB86199_component_2223a,20.542596,-5.208569,4.914000034332275,20.39004135131836,20.542291666666664,-5.209638888888888,2.8,1.2187352838916266,1.755000012261527
SB86199_component_2226a,19.302205,-5.374203,4.828000068664551,20.810346603393555,19.30020833333333,-5.37586111111111,3.2,1.0477304118951218,1.5087500214576721
SB86199_component_2227a,23.662872,-5.530747,5.188000202178955,20.10852813720703,23.663541666666664,-5.531694444444444,6.1,0.5906121951387006,0.8504918364227796
SB86199_component_2256a,18.311837,-5.289386,5.2729997634887695,14.328804016113281,18.31220833333333,-5.28961111111111,3.2,1.144300359475994,1.6478124260902405
SB86199_component_2257a,21.1423,-7.173292,5.052999973297119,23.285715103149414,21.142541666666663,-7.172666666666665,4.1,0.8558500887964876,1.2324390178773463
SB86199_component_2266a,19.721034,-7.472591,4.330999851226807,17.186506271362305,19.71933333333333,-7.473527777777777,3.2,0.9398757650181082,1.353437453508377
SB86199_component_2271a,21.876627,-8.301441,4.8480000495910645,19.54838752746582,21.87745833333333,-8.30161111111111,3.6,0.9351738960849968,1.3466666804419622
SB86199_component_2272a,24.568744,-5.164568,4.901000022888184,14.414706230163574,24.56858333333333,-5.167277777777777,2.2,1.5470141446558496,2.227727283130992
SB86199_component_2274a,19.739774,-8.040137,4.367000102996826,15.996336936950684,19.739291666666663,-8.039277777777777,2.5,1.2130409283410288,1.7468000411987306
SB86199_component_2285a,21.04336,-4.768198,4.573999881744385,17.00371742248535,21.042416666666664,-4.76711111111111,2.8,1.1344108680201674,1.6335713863372803
SB86199_component_2289a,24.038432,-8.817774,5.03000020980835,17.167236328125,24.03870833333333,-8.818472222222221,4.6,0.7593507606646899,1.0934783064800762
SB86199_component_2298a,22.134767,-3.74835,4.581999778747559,18.933883666992188,22.136041666666664,-3.7507499999999996,3.4,0.9358546609901544,1.3476469937492819
SB86199_component_2304a,20.950235,-3.570852,4.255000114440918,13.338558197021484,20.950791666666664,-3.5721111111111106,2.1,1.4070597574823993,2.026190530686151
SB86199_component_2311a,23.916135,-4.22325,4.625999927520752,15.31788158416748,23.91558333333333,-4.221666666666666,2.6,1.235561975796618,1.7792307413541353
SB86199_component_2317a,22.847809,-4.222351,4.625999927520752,20.744394302368164,22.848041666666663,-4.221388888888888,3.1,1.0362777861520023,1.4922580411357265
SB86199_component_2323a,20.747092,-7.986725,4.800000190734863,20.000001907348633,20.74670833333333,-7.987638888888888,4.0,0.8333232983281837,1.2000000476837158
SB86199_component_2328a,18.883867,-8.580856,4.39900016784668,14.190322875976562,18.884166666666665,-8.581805555555555,3.4,0.8984777410663859,1.2938235787784353
SB86199_component_2335a,19.150907,-3.696556,4.703000068664551,14.74294662475586,19.150166666666664,-3.6966388888888884,6.4,0.5103020017611206,0.7348437607288361
SB86199_component_2337a,24.237742,-5.599182,4.543000221252441,14.331231117248535,24.23745833333333,-5.598638888888888,2.9,1.087870051220133,1.5665518004318764
SB86199_component_2338a,22.507594,-4.152735,4.513999938964844,18.275304794311523,22.50845833333333,-4.152027777777778,3.8,0.8249169228767562,1.1878947207802222
SB86199_component_2341a,21.72706,-3.008665,4.942999839782715,15.742036819458008,21.726916666666664,-3.0076388888888883,4.1,0.8372188549683784,1.2056097170201745
SB86199_component_2349a,20.80514,-9.735615,4.077000141143799,11.108991622924805,20.803291666666663,-9.735972222222221,3.4,0.8327105563479233,1.1991176885717056
SB86199_component_2362a,19.981072,-4.587911,4.940999984741211,17.336841583251953,19.979791666666664,-4.587916666666666,3.1,1.1068414625567955,1.5938709628197454
SB86199_component_2370a,21.098862,-5.329402,4.498000144958496,21.419048309326172,21.09983333333333,-5.3294999999999995,2.4,1.301488947129817,1.87416672706604
SB86199_component_2381a,19.261885,-4.976939,4.416999816894531,17.186769485473633,19.261083333333332,-4.975805555555555,2.5,1.2269295699560443,1.7667999267578125
SB86199_component_2387a,20.266653,-3.064565,4.373000144958496,10.029816627502441,20.265249999999998,-3.064305555555555,4.8,0.6326602013163215,0.9110416968663534
SB86199_component_2388a,19.239832,-3.304306,4.609000205993652,11.940414428710938,19.240125,-3.3058611111111107,3.8,0.8422778730339346,1.212894791050961
SB86199_component_2391a,21.216152,-6.66489,4.234000205993652,19.245454788208008,21.213791666666665,-6.663972222222221,4.0,0.7350605992873244,1.058500051498413
SB86199_component_2393a,24.203126,-8.967065,4.275000095367432,13.276397705078125,24.203041666666664,-8.968194444444443,4.9,0.6058600405213544,0.8724489990545778
SB86199_component_2408a,18.390676,-5.768454,4.230999946594238,11.818435668945312,18.391333333333332,-5.768166666666666,3.0,0.9793863029499849,1.4103333155314128
SB86199_component_2418a,19.351584,-4.710912,4.681000232696533,17.209558486938477,19.349166666666665,-4.712194444444444,3.3,0.9850470702985723,1.4184849189989495
SB86199_component_2429a,19.723732,-6.500189,4.053999900817871,16.479673385620117,19.725541666666665,-6.498999999999999,2.3,1.2240189980182603,1.7626086525295093
SB86199_component_2432a,22.250881,-3.261683,4.631999969482422,17.283580780029297,22.24870833333333,-3.261611111111111,3.4,0.9460669948638171,1.3623529322007124
SB86199_component_2437a,23.692197,-4.040773,3.9809999465942383,14.320143699645996,23.691916666666664,-4.039722222222221,2.7,1.0239073686161182,1.4744444246645325
SB86199_component_2438a,19.92507,-3.253214,4.6479997634887695,12.98323917388916,19.92570833333333,-3.2520833333333328,3.1,1.0412060052764809,1.499354762415732
SB86199_component_2440a,19.865269,-3.609001,4.466000080108643,13.213018417358398,19.865624999999998,-3.6069999999999993,2.4,1.292229780974342,1.8608333667119346
SB86199_component_2445a,22.096999,-5.801362,4.363999843597412,16.530302047729492,22.09858333333333,-5.800305555555555,3.7,0.8190591439333051,1.1794594171884898
SB86199_component_2450a,18.85556,-8.789723,4.39300012588501,13.81446647644043,18.856916666666663,-8.788805555555554,4.3,0.7094552730604515,1.021627936252328
SB86199_component_2454a,19.141994,-4.056171,4.478000164031982,14.586318969726562,19.14395833333333,-4.055166666666667,3.2,0.9717764891468633,1.3993750512599945
SB86199_component_2457a,22.571986,-7.361903,4.306000232696533,14.211221694946289,22.571749999999998,-7.362444444444444,4.3,0.6954050724664267,1.0013954029526821
SB86199_component_2458a,24.300359,-8.491892,4.0920000076293945,13.73154354095459,24.300041666666665,-8.49261111111111,2.1,1.3531582569909093,1.9485714322044736
SB86199_component_2478a,20.258819,-7.344869,4.578000068664551,19.480852127075195,20.25645833333333,-7.345249999999999,3.9,0.8151611037122959,1.1738461714524488
SB86199_component_2486a,23.580155,-5.493274,4.0370001792907715,13.872852325439453,23.58158333333333,-5.493277777777777,2.3,1.2188862938694536,1.7552174692568574
SB86199_component_2489a,22.904558,-4.530063,4.572000026702881,19.87826156616211,22.905666666666665,-4.531222222222222,3.1,1.0241811803265106,1.474838718291252
SB86199_component_2503a,21.766294,-3.594486,3.739000082015991,15.843220710754395,21.767083333333332,-3.5927499999999997,2.8,0.9273201657691418,1.3353571721485684
SB86199_component_2514a,21.434299,-6.17111,3.884000062942505,16.388185501098633,21.432958333333332,-6.169166666666666,4.1,0.6578511411679057,0.9473170885225622
SB86199_component_2526a,19.392778,-7.46644,4.138999938964844,15.980694770812988,19.391791666666663,-7.4673888888888875,3.5,0.8212202247291485,1.1825714111328125
SB86199_component_2535a,21.750466,-8.144855,4.26200008392334,17.539094924926758,21.750249999999998,-8.145916666666666,2.6,1.1383409699619047,1.6392308015089767
SB86199_component_2561a,24.109974,-4.66115,3.559000015258789,11.156739234924316,24.10920833333333,-4.659666666666666,2.3,1.074564316527285,1.5473913109820823
SB86199_component_2565a,20.001119,-6.056591,3.9079999923706055,17.60360336303711,20.001624999999997,-6.056638888888888,6.8,0.39909648457132935,0.5747058812309714
SB86199_component_2569a,19.095504,-5.066445,3.687000036239624,14.180769920349121,19.094291666666663,-5.064805555555555,3.5,0.7315387878682451,1.0534285817827498
SB86199_component_2590a,18.801478,-5.149681,3.8010001182556152,13.06185531616211,18.803666666666665,-5.149583333333332,3.1,0.8514682337706886,1.2261290704050372
SB86199_component_2610a,23.922454,-4.865305,4.158999919891357,14.00336742401123,23.921916666666664,-4.864527777777777,3.5,0.8251884269696051,1.1882856913975306
SB86199_component_2615a,20.243968,-6.916979,4.206999778747559,18.212120056152344,20.243791666666663,-6.914305555555555,2.2,1.327951057721305,1.9122726267034356
SB86199_component_2619a,22.966944,-5.76161,3.822000026702881,14.15555477142334,22.964416666666665,-5.762666666666666,2.5,1.06165384730115,1.5288000106811523
SB86199_component_2633a,22.885954,-4.174713,4.261000156402588,17.97890281677246,22.88633333333333,-4.175583333333333,2.4,1.232913390074504,1.7754167318344116
SB86199_component_2644a,20.892781,-5.135726,3.8469998836517334,16.726085662841797,20.89175,-5.136666666666666,3.1,0.8617727162166595,1.240967704403785
SB86199_component_2651a,19.503478,-5.266049,3.809999942779541,15.614753723144531,19.502291666666665,-5.2669444444444435,3.5,0.7559432363775238,1.088571412222726
SB86199_component_2658a,20.294473,-7.834191,3.7200000286102295,15.63025188446045,20.296791666666664,-7.832916666666666,2.1,1.2301438771591149,1.7714285850524902
SB86199_component_2678a,23.641998,-7.0663,3.8510000705718994,11.427299499511719,23.641,-7.064888888888888,3.4,0.7865509689097442,1.1326470795799704
SB86199_component_2688a,24.354922,-9.005614,3.6710000038146973,11.918830871582031,24.35358333333333,-9.006944444444443,2.6,0.9804902915970338,1.411923078390268
SB86199_component_2710a,23.342328,-4.716917,3.6429998874664307,13.695487976074219,23.342791666666663,-4.717722222222221,8.9,0.2842506143633906,0.4093258300524079
SB86199_component_2721a,23.596286,-3.500451,3.8420000076293945,12.596720695495605,23.596999999999998,-3.4996666666666663,2.7,0.9881567874423977,1.4229629657886647
SB86199_component_2731a,22.082101,-3.091941,3.316999912261963,10.269349098205566,22.081083333333332,-3.0941666666666663,2.7,0.8531275301245834,1.2285184860229492
SB86199_component_2738a,19.977572,-7.067418,3.2149999141693115,13.565400123596191,19.97733333333333,-7.066527777777777,2.2,1.0148235705080186,1.461363597349687
SB86199_component_2744a,23.801109,-9.006482,3.4210000038146973,11.796551704406738,23.80175,-9.00736111111111,2.4,0.9898607269024384,1.425416668256124
SB86199_component_2748a,18.799934,-6.408359,3.496000051498413,11.931739807128906,18.799416666666666,-6.407277777777777,3.3,0.7356813581075984,1.0593939549995193
SB86199_component_2754a,20.116395,-3.832732,3.703000068664551,12.384615898132324,20.11695833333333,-3.832555555555555,3.5,0.7347133591215509,1.0580000196184431
SB86199_component_2762a,20.11378,-8.278969,3.378000020980835,12.8931303024292,20.113416666666666,-8.280249999999999,3.7,0.6340013530134514,0.9129729786434688
SB86199_component_2764a,22.031517,-9.407241,3.635999917984009,10.951807022094727,22.03145833333333,-9.40861111111111,3.3,0.7651422535291705,1.1018181569648513
SB86199_component_2784a,23.288087,-4.151316,3.367000102996826,13.742856979370117,23.28708333333333,-4.151166666666666,2.5,0.9352665066027314,1.3468000411987304
SB86199_component_2796a,18.622477,-8.045135,3.3310000896453857,10.186544418334961,18.622291666666666,-8.04386111111111,3.3,0.7009595634177758,1.0093939665592078
SB86199_component_2815a,21.817412,-5.21011,3.6019999980926514,15.134453773498535,21.819208333333332,-5.212027777777777,2.2,1.1369812120131078,1.6372727264057505
SB86199_component_2856a,18.665373,-8.157108,3.3919999599456787,10.633228302001953,18.66425,-8.156027777777776,2.7,0.8724174327872584,1.2562962814613623
SB86199_component_2857a,23.084009,-4.55194,3.5269999504089355,13.30943489074707,23.083249999999996,-4.550861111111111,2.7,0.9071392330517091,1.3062962779292353
SB86199_component_2888a,19.52945,-7.199385,3.3610000610351562,12.541044235229492,19.528874999999996,-7.198694444444444,2.1,1.111428390971932,1.6004762195405506
SB86199_component_2943a,21.853422,-7.645393,3.125,11.973179817199707,21.854791666666664,-7.644722222222221,3.4,0.6382684323030732,0.9191176470588236
SB86199_component_2989a,21.388434,-4.662141,3.2960000038146973,10.530351638793945,21.38883333333333,-4.661249999999999,2.8,0.8174504420616552,1.177142858505249
SB86199_component_2990a,23.199034,-3.943701,3.4210000038146973,12.577205657958984,23.198749999999997,-3.9434999999999993,2.7,0.8798762016910564,1.2670370384498877
SB86199_component_3008a,22.429309,-5.15032,3.243000030517578,16.134328842163086,22.427749999999996,-5.149222222222222,2.5,0.9008224581743013,1.2972000122070313
SB86199_component_3051a,19.242615,-5.975431,3.066999912261963,11.275733947753906,19.24,-5.974972222222221,2.8,0.7606554706249784,1.0953571115221297
SB86199_component_3074a,23.559571,-8.664352,3.053999900817871,10.214046478271484,23.559749999999998,-8.665944444444444,2.9,0.7313129796883637,1.053103414075128
SB86199_component_3127a,22.114883,-8.629404,3.1050000190734863,13.923766136169434,22.116833333333332,-8.62947222222222,3.5,0.6160639891396715,0.8871428625924247
SB86199_component_3175a,21.982474,-3.782353,2.7739999294281006,11.140562057495117,21.983291666666663,-3.7806666666666664,3.2,0.6019892392960692,0.8668749779462814
SB86199_component_3194a,24.169444,-8.489834,2.9790000915527344,11.728346824645996,24.17070833333333,-8.488166666666666,2.9,0.7133534722322379,1.0272414108802532
SB86199_component_3222a,20.40188,-8.405664,2.7279999256134033,11.414225578308105,20.401041666666664,-8.404416666666666,2.8,0.6765791087851621,0.9742856877190726
SB86199_component_3237a,18.779137,-5.179072,2.8550000190734863,10.896946907043457,18.778624999999998,-5.180111111111111,2.1,0.9441023563821022,1.359523818606422
SB86199_component_3280a,19.60183,-5.339046,2.8940000534057617,11.173745155334473,19.602375,-5.341166666666666,2.1,0.9569990373159374,1.378095263526553
SB86199_component_3320a,21.14195,-6.50014,2.5820000171661377,11.475556373596191,21.143166666666662,-6.498638888888888,3.0,0.5976779680804983,0.8606666723887125
SB86199_component_3336a,21.479169,-5.733163,2.934000015258789,13.397260665893555,21.47820833333333,-5.733138888888888,2.7,0.7546205163135796,1.08666667231807
SB86199_component_3342a,20.799981,-5.550335,2.6649999618530273,11.950672149658203,20.801541666666665,-5.551222222222221,3.2,0.5783350182314917,0.832812488079071
SB86199_component_3345a,19.600838,-4.786212,2.865999937057495,11.373015403747559,19.601791666666664,-4.786055555555555,2.2,0.9046607672933439,1.3027272441170432
SB86199_component_3445a,20.924057,-6.901446,2.6549999713897705,13.014705657958984,20.92445833333333,-6.901055555555555,2.4,0.768219876841656,1.106249988079071
