Component_ID,RA,DEC,ASKAP_flux,ASKAP_flux_SNR,RA_comp,DEC_comp,Comp_flux,Flux_Ratio_AlphaCorr,Flux_Ratio_NOAlphaCorr
SB85783_component_21a,218.601989,-62.666697,595.5830078125,715.844970703125,218.60244109717738,-62.667359092229965,630.6299169227805,0.9444255526580546,0.9444255526580546
SB85783_component_25a,223.595823,-59.203174,496.36199951171875,897.5805053710938,223.5961893186796,-59.204053977720626,488.46589262774233,1.0161651140911776,1.0161651140911776
SB85783_component_29a,231.452654,-61.048589,444.6130065917969,497.3299865722656,231.45185552277164,-61.04946905360957,464.9515713020715,0.9562565953840793,0.9562565953840793
SB85783_component_35a,220.435217,-62.579716,355.8450012207031,831.41357421875,220.43551301774642,-62.58042785787534,355.84788781430467,0.9999918881249534,0.9999918881249534
SB85783_component_36a,225.595122,-62.12821,346.8179931640625,945.0081176757812,225.5953743918211,-62.128684316497036,331.0297904665365,1.0476942050299307,1.0476942050299307
SB85783_component_37a,217.399258,-57.276515,335.77899169921875,705.4180297851562,217.39868136324358,-57.27672138566382,328.38032693744424,1.0225307795712864,1.0225307795712864
SB85783_component_40a,218.132597,-58.151303,341.7460021972656,1008.100341796875,218.13212135932417,-58.151379341240684,340.2944466429678,1.0042655869604031,1.0042655869604031
SB85783_component_48a,229.482223,-56.53675,270.3290100097656,119.8266830444336,229.48166306508196,-56.53749413626589,265.40651370371165,1.0185470063916715,1.0185470063916715
SB85783_component_49a,229.021034,-61.20586,272.04998779296875,685.264404296875,229.02103362852452,-61.206756578090086,267.23622984775983,1.0180131187599497,1.0180131187599497
SB85783_component_50a,229.517117,-59.00232,263.80499267578125,442.6258239746094,229.51684881781642,-59.00328672430101,275.10928635196655,0.9589098069858575,0.9589098069858575
SB85783_component_53a,216.683427,-61.302141,276.56500244140625,246.27337646484375,216.6838133021965,-61.30244265401272,266.21885870659406,1.0388633013644422,1.0388633013644422
SB85783_component_57a,222.859193,-59.668907,249.50399780273438,351.90972900390625,222.85993492378836,-59.66981335666443,247.23597041707944,1.0091735332113236,1.0091735332113236
SB85783_component_59a,218.000945,-60.847982,244.9459991455078,568.3201904296875,218.00141970541526,-60.84866550967726,256.57822959499975,0.9546640006525376,0.9546640006525376
SB85783_component_61a,224.789564,-62.253171,238.56500244140625,716.4114379882812,224.78985660144247,-62.2535438843867,231.26019157188512,1.0315869792369798,1.0315869792369798
SB85783_component_63a,232.437417,-60.674184,241.3520050048828,223.4740753173828,232.43649209433028,-60.67499647467103,250.7492693963196,0.9625232631223184,0.9625232631223184
SB85783_component_74a,221.299617,-57.486532,227.38499450683594,738.2630004882812,221.29925069503892,-57.48674776225685,208.48219779365772,1.0906686370022203,1.0906686370022203
SB85783_component_76a,222.416803,-62.658656,198.31700134277344,600.9605712890625,222.4171043623181,-62.65915203336361,208.53456622111116,0.9510030156463176,0.9510030156463176
SB85783_component_77a,223.917342,-61.111076,199.3560028076172,758.007568359375,223.91774261969167,-61.11168884705395,188.08163047955586,1.0599440375932239,1.0599440375932239
SB85783_component_82a,217.373006,-61.804866,198.82400512695312,233.36151123046875,217.3733903139625,-61.80531250287414,205.9944272948946,0.9651911837514102,0.9651911837514102
SB85783_component_84a,223.049603,-57.786709,206.03399658203125,730.6170043945312,223.04959419751802,-57.787511501551094,203.44855062677672,1.0127081070240578,1.0127081070240578
SB85783_component_85a,218.756662,-58.262666,186.63499450683594,569.0090942382812,218.75613997981677,-58.26276879410526,190.42072235596652,0.9801191393337241,0.9801191393337241
SB85783_component_96a,217.486732,-61.93543,166.07400512695312,198.1790008544922,217.48712533219103,-61.93592628101801,171.79312139904192,0.9667092825049473,0.9667092825049473
SB85783_component_97a,221.531872,-59.605526,160.25,192.376953125,221.53267462424634,-59.60633610361206,163.62901129889735,0.9793495586627667,0.9793495586627667
SB85783_component_100a,215.025881,-58.573442,163.60800170898438,182.80224609375,215.02565043628908,-58.57340279343287,187.38893635414448,0.8730931766418869,0.8730931766418869
SB85783_component_106a,226.430147,-62.657361,146.60499572753906,244.7495880126953,226.43047361539715,-62.658045861412155,136.3560723115198,1.0751629409844288,1.0751629409844288
SB85783_component_110a,220.073866,-57.400065,137.3820037841797,490.6500244140625,220.07351282622048,-57.40016170460607,132.24125103937538,1.0388740480326644,1.0388740480326644
SB85783_component_111a,216.860294,-59.251726,132.8520050048828,413.8691711425781,216.859985886249,-59.251830765460255,135.0002567537728,0.9840870543468063,0.9840870543468063
SB85783_component_116a,221.43577,-60.437694,127.68199920654297,370.0927429199219,221.43644041831638,-60.438478586743436,141.1446825492175,0.9046178495744602,0.9046178495744602
SB85783_component_118a,217.567386,-61.403921,126.41000366210938,217.5731658935547,217.56781147575498,-61.40448471485622,126.17817135367021,1.0018373408486747,1.0018373408486747
SB85783_component_121a,221.041248,-55.39745,133.1479949951172,118.14374542236328,221.04098644459475,-55.3975352224046,126.83103699066616,1.0498060896948742,1.0498060896948742
SB85783_component_128a,222.943844,-55.422607,117.2020034790039,201.72462463378906,222.94388598702716,-55.42338207464448,125.5667738564741,0.9333838871497062,0.9333838871497062
SB85783_component_129a,231.169283,-61.407379,115.53099822998047,106.87419128417969,231.16856858848843,-61.40821383329662,116.51991454596802,0.9915128987191506,0.9915128987191506
SB85783_component_132a,222.585665,-63.835427,114.57599639892578,88.33924102783203,222.5857633334204,-63.83638703571301,121.49821707670066,0.9430261542570214,0.9430261542570214
SB85783_component_137a,219.64216,-63.701518,114.0979995727539,88.37954711914062,219.64249480299765,-63.70236738168159,118.3228815668587,0.9642936181222268,0.9642936181222268
SB85783_component_139a,224.015181,-54.695051,109.9489974975586,79.61549377441406,224.0152365602573,-54.69587498179922,125.89896572066031,0.8733113641418557,0.8733113641418557
SB85783_component_147a,224.962508,-57.436686,101.84400177001953,225.31858825683594,224.9622540292228,-57.43770499334012,100.26257483520071,1.0157728538033077,1.0157728538033077
SB85783_component_148a,228.143918,-62.119442,101.48100280761719,174.66610717773438,228.14392108694122,-62.12029507018203,99.65008551872761,1.018373464301197,1.018373464301197
SB85783_component_151a,216.295102,-59.51907,100.0989990234375,257.32391357421875,216.29508498752307,-59.51913910057348,120.01580920265025,0.8340484448546056,0.8340484448546056
SB85783_component_154a,221.258339,-62.020749,98.75399780273438,357.8043518066406,221.2586182439348,-62.02129844834256,94.80064024368598,1.0417018023178561,1.0417018023178561
SB85783_component_155a,224.798866,-61.724101,95.1780014038086,394.9294738769531,224.79921365543677,-61.72451951642783,90.32536402268968,1.0537239725920167,1.0537239725920167
SB85783_component_158a,231.636691,-60.333537,89.93299865722656,151.14788818359375,231.63591776400403,-60.334480343068485,88.63451333148956,1.0146498838537164,1.0146498838537164
SB85783_component_160a,223.142236,-61.496868,100.27200317382812,423.088623046875,223.14262246696302,-61.49731854737997,94.91708807089613,1.0564167655346977,1.0564167655346977
SB85783_component_163a,226.48518,-62.779219,97.3239974975586,126.39480590820312,226.48560437187248,-62.77983758949439,91.86771623451243,1.0593928039869611,1.0593928039869611
SB85783_component_166a,223.427931,-56.733839,85.88300323486328,303.4735107421875,223.42783923778956,-56.73466160918184,86.99650182918484,0.987200650935277,0.987200650935277
SB85783_component_172a,229.216255,-56.783763,88.62200164794922,64.1723403930664,229.21581361323783,-56.784484390880145,81.3810940976481,1.088975303546704,1.088975303546704
SB85783_component_174a,230.299545,-57.311479,82.87100219726562,45.43366241455078,230.29915911150968,-57.312363187582214,80.76248104139792,1.0261076817933181,1.0261076817933181
SB85783_component_175a,220.381089,-56.7796,83.66000366210938,300.9352722167969,220.38076062981438,-56.77972285715616,83.25311907283618,1.0048873194638777,1.0048873194638777
SB85783_component_177a,224.271207,-57.236763,80.19200134277344,242.27191162109375,224.27110377708493,-57.23771653104904,75.00163948996779,1.0692033119289335,1.0692033119289335
SB85783_component_179a,230.611507,-59.529182,81.51599884033203,184.4253387451172,230.6111060893707,-59.530123030410465,88.5260101792112,0.9208141050897,0.9208141050897
SB85783_component_180a,228.626792,-59.541662,83.33799743652344,220.4709014892578,228.62690860472847,-59.54258752042408,82.6021285845371,1.008908594301335,1.008908594301335
SB85783_component_184a,223.336901,-60.743719,82.06800079345703,315.64617919921875,223.33739754505444,-60.7444396085029,80.12576659776137,1.0242398204493426,1.0242398204493426
SB85783_component_189a,228.017986,-59.060908,81.89199829101562,110.81460571289062,228.0179975624866,-59.061915522959886,81.90854857493738,0.9997979419216956,0.9997979419216956
SB85783_component_195a,218.485953,-56.376291,79.052001953125,137.72125244140625,218.48564802028494,-56.376412313580154,82.38516521845341,0.959541705639721,0.959541705639721
SB85783_component_197a,226.4967,-55.987877,79.53700256347656,196.38766479492188,226.49634778266397,-55.98850080947268,79.84070682516,0.9961961225825755,0.9961961225825755
SB85783_component_201a,215.922155,-57.15545,76.63200378417969,105.55372619628906,215.9215815508184,-57.15572046558282,89.53869430275554,0.8558534874884963,0.8558534874884963
SB85783_component_203a,220.496887,-59.83129,74.48100280761719,114.41014099121094,220.49769048826468,-59.8321345470265,77.39636980043474,0.9623319930852728,0.9623319930852728
SB85783_component_204a,232.615978,-60.157632,72.08899688720703,66.68732452392578,232.61519410763356,-60.15852053354445,81.30235995366402,0.8866777905129951,0.8866777905129951
SB85783_component_208a,217.641382,-62.6894,79.9990005493164,60.928409576416016,217.6416721566138,-62.689864270901076,83.49397424760264,0.9581410068237759,0.9581410068237759
SB85783_component_211a,230.034262,-60.418221,71.5459976196289,234.57704162597656,230.034028306176,-60.419189235504206,68.76985667635326,1.040368572474141,1.040368572474141
SB85783_component_218a,223.023218,-61.829611,77.4020004272461,275.45196533203125,223.02355621517015,-61.830036864289795,71.69319372613019,1.0796282939064437,1.0796282939064437
SB85783_component_219a,230.01673,-58.830716,68.3550033569336,132.98638916015625,230.0165560512316,-58.83180665276045,76.43572370146128,0.8942808420825719,0.8942808420825719
SB85783_component_220a,216.125233,-58.79472,71.0770034790039,186.06546020507812,216.1248231865998,-58.79473051591823,75.45776348346126,0.9419442108774199,0.9419442108774199
SB85783_component_224a,231.072003,-58.034101,74.05999755859375,45.43558120727539,231.07140544252982,-58.03519252698624,92.84878672563262,0.797640983478227,0.797640983478227
SB85783_component_225a,218.620911,-57.869939,68.51399993896484,262.5057373046875,218.62053678825828,-57.870035584750774,63.94299621195329,1.07148560433202,1.07148560433202
SB85783_component_227a,223.237389,-60.706145,68.70800018310547,261.24713134765625,223.23785849803602,-60.70686628952933,69.21214677784842,0.9927159231693662,0.9927159231693662
SB85783_component_228a,214.63301,-58.03922,67.84100341796875,55.92827606201172,214.6328720632502,-58.03931507820618,80.31502963449708,0.8446862776083636,0.8446862776083636
SB85783_component_229a,224.196141,-60.589004,68.25199890136719,251.85240173339844,224.19667018207454,-60.58972058365806,68.3239967943524,0.9989462283185524,0.9989462283185524
SB85783_component_230a,223.212352,-63.847603,70.73500061035156,45.84251403808594,223.21221866160974,-63.84857869304869,67.47955751046051,1.048243397259776,1.048243397259776
SB85783_component_233a,225.1279,-54.470232,70.7030029296875,48.26143264770508,225.1278790221138,-54.47097601955249,83.51492973146951,0.8465911802479275,0.8465911802479275
SB85783_component_235a,216.054099,-59.356191,66.46399688720703,146.71963500976562,216.05398723513153,-59.356212015101015,69.75482495768715,0.9528229327150299,0.9528229327150299
SB85783_component_236a,224.624386,-63.248796,68.66400146484375,93.1668930053711,224.62475953477585,-63.24942978515596,67.0392855868472,1.0242352803102561,1.0242352803102561
SB85783_component_238a,228.23142,-57.082492,59.34700012207031,101.10221099853516,228.23092607866536,-57.0832586739298,56.39920442846043,1.0522666183589346,1.0522666183589346
SB85783_component_239a,224.748234,-58.657005,65.73899841308594,164.3474884033203,224.74814990044126,-58.658057238454234,65.00647935679534,1.0112684006815702,1.0112684006815702
SB85783_component_242a,231.356425,-58.878531,61.095001220703125,70.79374694824219,231.35611395134498,-58.87957305746537,65.82903417981856,0.9280859423490255,0.9280859423490255
SB85783_component_243a,220.200039,-56.010847,65.76699829101562,103.57007598876953,220.19958083942166,-56.01095337905361,68.31230343682756,0.962740165127564,0.962740165127564
SB85783_component_245a,227.628584,-62.775691,64.04199981689453,58.97053527832031,227.62878599586483,-62.776463116951625,58.79736099449601,1.0891985411197191,1.0891985411197191
SB85783_component_246a,221.918837,-59.188145,65.9800033569336,96.744873046875,221.9194000636931,-59.18877026792491,62.354868266808026,1.0581371621958064,1.0581371621958064
SB85783_component_247a,220.215177,-57.667865,60.638999938964844,236.87107849121094,220.2147920331151,-57.66794226806898,59.011246153619695,1.027583789386649,1.027583789386649
SB85783_component_251a,226.344506,-59.123723,61.54800033569336,129.30252075195312,226.34462263953634,-59.124809402857906,59.030439356559484,1.0426485217893626,1.0426485217893626
SB85783_component_253a,226.854844,-54.654399,62.803001403808594,35.38197326660156,226.8546361905964,-54.655207096850084,65.11593883744143,0.9644797038186462,0.9644797038186462
SB85783_component_258a,227.511731,-56.42002,57.56100082397461,112.423828125,227.5114734670707,-56.420554144711886,58.05441896813159,0.9915007650937332,0.9915007650937332
SB85783_component_259a,217.222797,-57.988135,64.10299682617188,240.0861358642578,217.22236539111952,-57.98828389941566,63.129969237246065,1.0154130851112744,1.0154130851112744
SB85783_component_261a,228.213466,-57.330618,62.08000183105469,117.57575988769531,228.21301739786944,-57.331380852457265,59.99717825036146,1.0347153589790814,1.0347153589790814
SB85783_component_263a,229.133713,-56.585944,61.52799987792969,40.425758361816406,229.13339772665415,-56.58659133870238,58.060008639344325,1.0597311526446327,1.0597311526446327
SB85783_component_266a,229.832421,-58.078691,55.92499923706055,32.233428955078125,229.83181977826177,-58.079818709840374,55.27190520045534,1.0118160217969079,1.0118160217969079
SB85783_component_268a,220.311756,-57.426328,57.073001861572266,218.67050170898438,220.31139746005718,-57.42641583916669,52.673718724540805,1.0835195092269387,1.0835195092269387
SB85783_component_270a,224.446147,-57.592722,55.810001373291016,99.66071319580078,224.4460187744504,-57.593755478787955,58.40759664503323,0.955526414012053,0.955526414012053
SB85783_component_276a,217.893567,-62.64778,57.792999267578125,59.70351028442383,217.89389064079504,-62.64844390914968,60.86427467152338,0.9495389467709829,0.9495389467709829
SB85783_component_277a,226.426267,-60.900132,54.19900131225586,226.77407836914062,226.42647346016713,-60.90075623658322,53.991908983961984,1.0038356178210959,1.0038356178210959
SB85783_component_278a,226.573994,-57.442449,53.382999420166016,84.73491668701172,226.5735587608484,-57.443276884490885,45.40469061869723,1.175715519536728,1.175715519536728
SB85783_component_284a,218.184759,-60.170523,57.42599868774414,201.49473571777344,218.18518597082556,-60.1713149543865,57.079128633542275,1.0060770033198796,1.0060770033198796
SB85783_component_287a,219.998761,-56.708719,53.57400131225586,173.94155883789062,219.9984370312986,-56.7087998112774,53.17542498877419,1.0074954985985691,1.0074954985985691
SB85783_component_288a,221.077338,-55.682241,56.23400115966797,81.61683654785156,221.07699774095676,-55.682457065716285,66.81702161605365,0.8416119096538273,0.8416119096538273
SB85783_component_289a,215.45595,-58.166462,54.88399887084961,103.94696807861328,215.45560728481507,-58.166579245064824,59.4949997140007,0.9224976743370585,0.9224976743370585
SB85783_component_291a,220.941848,-63.480098,55.505001068115234,89.09309387207031,220.94205930491918,-63.480949815620136,54.15880777329937,1.0248564056367493,1.0248564056367493
SB85783_component_295a,224.268293,-57.290658,52.75199890136719,148.1797637939453,224.26830777577985,-57.29161511548373,50.31603043567883,1.0484133673621643,1.0484133673621643
SB85783_component_298a,231.120858,-60.927863,52.55099868774414,91.234375,231.12009326814473,-60.92873695003904,51.72759745983111,1.0159180257415288,1.0159180257415288
SB85783_component_299a,230.974519,-59.621461,50.707000732421875,129.6854248046875,230.9740813292582,-59.62244344279903,52.91604376080879,0.958253813562249,0.958253813562249
SB85783_component_304a,220.154572,-59.564772,50.165000915527344,145.4058074951172,220.15516810442185,-59.565502745622396,51.377684684198705,0.9763966831879382,0.9763966831879382
SB85783_component_307a,228.99524,-58.111573,45.70100021362305,30.42676544189453,228.99486211396814,-58.112553314101774,42.52839118921297,1.0745997893570634,1.0745997893570634
SB85783_component_311a,218.167902,-57.629148,49.37099838256836,193.61175537109375,218.1674987557679,-57.629299980140516,43.54408390046209,1.1338164443975003,1.1338164443975003
SB85783_component_314a,221.62463,-61.989351,49.775001525878906,209.13865661621094,221.62486423234628,-61.98975015991873,48.83917557906787,1.0191613788667662,1.0191613788667662
SB85783_component_315a,225.945682,-61.789927,49.448001861572266,188.7328338623047,225.9457364540954,-61.79036456110519,49.086742990203255,1.0073596015820627,1.0073596015820627
SB85783_component_321a,223.218239,-58.743684,47.73899841308594,116.43658447265625,223.2185427906092,-58.74453151934047,46.75899525442029,1.0209586017264347,1.0209586017264347
SB85783_component_324a,224.476083,-59.775525,50.119998931884766,109.19390106201172,224.47669080319145,-59.776280048698446,51.639228008104666,0.9705799421327239,0.9705799421327239
SB85783_component_327a,222.918928,-56.666988,46.983001708984375,153.03909301757812,222.91873514410236,-56.66768719500134,46.91857896273944,1.001373075392929,1.001373075392929
SB85783_component_330a,224.252256,-61.771897,46.94200134277344,208.63111877441406,224.25268194308288,-61.77227945535101,42.990906828152575,1.0919053540883554,1.0919053540883554
SB85783_component_331a,228.028817,-62.143426,48.01599884033203,83.65156555175781,228.02899409651695,-62.14426241504564,45.92308514023937,1.0455743270231377,1.0455743270231377
SB85783_component_333a,217.346167,-58.549531,46.5,184.5238037109375,217.34564216088984,-58.54957583132778,45.62835764070922,1.0191030842300821,1.0191030842300821
SB85783_component_335a,222.384807,-60.979792,47.36000061035156,184.2801513671875,222.38507636990363,-60.98044751971314,44.32084555428992,1.0685716849047677,1.0685716849047677
SB85783_component_336a,225.360375,-58.286949,44.02199935913086,118.33870697021484,225.3601023557191,-58.288055889924024,46.24291194160901,0.9519729080797832,0.9519729080797832
SB85783_component_338a,232.552791,-59.101387,45.95600128173828,33.495628356933594,232.55231316908038,-59.10202558677235,50.71955703867075,0.9060804936979135,0.9060804936979135
SB85783_component_340a,217.332175,-59.484289,47.165000915527344,158.2718048095703,217.33199424352773,-59.48457188520546,46.68987085733065,1.0101762984020355,1.0101762984020355
SB85783_component_343a,217.315067,-58.448309,45.21200180053711,180.84800720214844,217.31457740629168,-58.44837920341687,46.252732621008334,0.9774990414296405,0.9774990414296405
SB85783_component_344a,217.744001,-56.839272,47.922000885009766,109.16172790527344,217.7433154924293,-56.83946536376771,49.209730458768625,0.9738318100555782,0.9738318100555782
SB85783_component_345a,229.564062,-57.772718,44.47800064086914,54.64127731323242,229.56381679024355,-57.77363500065542,41.95234246580639,1.0602030310255335,1.0602030310255335
SB85783_component_348a,217.473872,-61.277186,45.0,87.20930480957031,217.4743896873209,-61.277738858753345,43.649741866488725,1.0309339316974955,1.0309339316974955
SB85783_component_354a,218.831971,-57.035011,43.54499816894531,154.96441650390625,218.83155113341445,-57.035211639412665,43.46595396779372,1.0018185313776884,1.0018185313776884
SB85783_component_355a,222.967249,-54.937337,46.80500030517578,42.015262603759766,222.96743246477382,-54.93817282975586,49.00755485663416,0.9550568364836465,0.9550568364836465
SB85783_component_356a,225.084196,-57.392112,42.987998962402344,102.35237884521484,225.08397189568058,-57.39305863363912,42.041674779614155,1.022509193264752,1.022509193264752
SB85783_component_359a,224.81227,-55.116688,45.18899917602539,84.94172668457031,224.81217205583638,-55.11742239113599,53.57811032543093,0.8434227878054962,0.8434227878054962
SB85783_component_368a,220.001176,-56.284063,43.03099822998047,79.68702697753906,220.00090508590043,-56.28409497149375,41.7085727381095,1.0317063233061115,1.0317063233061115
SB85783_component_369a,221.215292,-56.579284,41.42300033569336,134.49026489257812,221.21497936568485,-56.57947320062787,42.09047403898698,0.9841419295331442,0.9841419295331442
SB85783_component_370a,217.045845,-56.787032,42.5629997253418,73.6384048461914,217.0453747000581,-56.787260378567844,45.36441218453172,0.9382464728564223,0.9382464728564223
SB85783_component_372a,215.352974,-57.771408,43.11399841308594,56.65439987182617,215.35256255936125,-57.771432365511004,45.3684713122781,0.9503074969470696,0.9503074969470696
SB85783_component_381a,232.005943,-60.670241,40.492000579833984,47.35906219482422,232.00519729141033,-60.67117027861976,41.89686651690986,0.9664684723734921,0.9664684723734921
SB85783_component_382a,219.918968,-57.525563,40.34700012207031,148.3345489501953,219.9185348133462,-57.52565013025903,41.26510597654417,0.9777510360691737,0.9777510360691737
SB85783_component_387a,226.324349,-55.891512,40.70000076293945,114.00560760498047,226.3241283516728,-55.892069904521684,37.58105930717484,1.082992377364125,1.082992377364125
SB85783_component_390a,222.281061,-59.669338,40.8380012512207,59.792091369628906,222.28176076113638,-59.67028526651338,42.07837227221391,0.9705223621063813,0.9705223621063813
SB85783_component_392a,231.581732,-61.118943,40.36600112915039,43.8760871887207,231.5809867817289,-61.11980737831923,36.12898712084186,1.1172746413880035,1.1172746413880035
SB85783_component_398a,229.20056,-61.100245,41.79600143432617,131.43397521972656,229.20055044971917,-61.10120538759858,40.25271758738456,1.0383398672050228,1.0383398672050228
SB85783_component_401a,229.908415,-60.064992,43.00899887084961,154.15411376953125,229.9084185507158,-60.06601580142226,40.076116857822626,1.073182789226609,1.073182789226609
SB85783_component_402a,224.989931,-63.293033,40.70100021362305,41.27890396118164,224.99021420449924,-63.29369197748871,37.089589803949195,1.097369920475349,1.097369920475349
SB85783_component_410a,224.904812,-61.156562,41.83000183105469,164.68504333496094,224.9049869339682,-61.15711145220161,38.55243650321657,1.0850157765661492,1.0850157765661492
SB85783_component_415a,218.403258,-55.944363,40.19499969482422,31.8754940032959,218.40345633336707,-55.94439516850089,41.18406939475365,0.9759841677992261,0.9759841677992261
SB85783_component_416a,215.019502,-57.531339,37.03900146484375,37.526851654052734,215.01915653370142,-57.53156878532721,42.068257999132435,0.880450088178303,0.880450088178303
SB85783_component_417a,231.833256,-60.366832,36.880001068115234,53.682682037353516,231.83234229826135,-60.367718165529865,38.43600715729397,0.9595169684818977,0.9595169684818977
SB85783_component_419a,228.783563,-61.770136,39.84700012207031,86.81263732910156,228.78348543329375,-61.771018647374355,39.10292281939392,1.0190286876025378,1.0190286876025378
SB85783_component_420a,223.837786,-62.920947,40.14899826049805,94.24647521972656,223.83804892884888,-62.92137770590461,39.80477901869746,1.0086476862901035,1.0086476862901035
SB85783_component_423a,219.808844,-60.405528,37.18199920654297,114.7592544555664,219.8095104808636,-60.40638836946776,40.497492530666506,0.9181308985584009,0.9181308985584009
SB85783_component_428a,224.825106,-57.498057,37.08000183105469,83.70204162597656,224.82508564735494,-57.49909229076784,37.34947286776951,0.992785144848795,0.992785144848795
SB85783_component_429a,220.228488,-59.436816,38.439998626708984,106.1878433227539,220.2290023710605,-59.43740092508778,37.852636438464195,1.015517074727401,1.015517074727401
SB85783_component_430a,227.535092,-56.631963,36.44200134277344,85.34426879882812,227.53481046202447,-56.63256227474032,36.117506379341386,1.0089844232329854,1.0089844232329854
SB85783_component_432a,216.684004,-60.322129,38.53900146484375,71.63383483886719,216.68453345778346,-60.32233154187542,40.566907640567926,0.9500108267139342,0.9500108267139342
SB85783_component_435a,224.436103,-61.513452,39.80699920654297,176.9199981689453,224.4365028305874,-61.51387005316632,37.114501801154574,1.0725456970920362,1.0725456970920362
SB85783_component_436a,229.256118,-61.710469,38.472999572753906,74.99610137939453,229.25588018756966,-61.71143447569112,37.61905932116862,1.0226996705126215,1.0226996705126215
SB85783_component_437a,220.878056,-61.141366,35.457000732421875,129.87911987304688,220.87835704629254,-61.142031956010825,34.74127869422663,1.020601488059626,1.020601488059626
SB85783_component_439a,231.580472,-60.003976,37.597999572753906,74.74751281738281,231.5798646665095,-60.0048961547029,38.99893414069468,0.9640776190732114,0.9640776190732114
SB85783_component_440a,223.732507,-54.966714,39.48400115966797,45.073062896728516,223.7324476787983,-54.96759389381595,45.97202793840865,0.8588701201645257,0.8588701201645257
SB85783_component_444a,224.277993,-62.627845,36.31100082397461,116.00959014892578,224.27803109555725,-62.62827873250347,42.59143227515967,0.8525423749403245,0.8525423749403245
SB85783_component_446a,216.810177,-56.494226,38.02199935913086,36.03981018066406,216.80981048659945,-56.49438622954035,41.15541867304874,0.9238637483241094,0.9238637483241094
SB85783_component_447a,215.462955,-58.773095,39.0369987487793,60.42878723144531,215.46250248764568,-58.77302303861916,47.02910688729348,0.8300603888211723,0.8300603888211723
SB85783_component_449a,229.805612,-60.188719,35.63100051879883,117.98345184326172,229.80550541130972,-60.18965840282388,35.76648282800012,0.9962120315309497,0.9962120315309497
SB85783_component_452a,232.343939,-59.257276,34.84400177001953,28.397720336914062,232.34354284303313,-59.25832289588764,39.97573906025386,0.8716287075393537,0.8716287075393537
SB85783_component_453a,218.968109,-60.978457,37.93600082397461,136.95306396484375,218.96875602500714,-60.979306412488704,37.40714611511145,1.014137798891039,1.014137798891039
SB85783_component_454a,224.497713,-61.948295,35.29899978637695,148.31512451171875,224.49789673612486,-61.94866277536209,35.96712831351574,0.9814239123759092,0.9814239123759092
SB85783_component_455a,225.139012,-57.444412,35.016998291015625,85.40731048583984,225.13877963280726,-57.445372438902595,33.45100354869581,1.0468145818118773,1.0468145818118773
SB85783_component_456a,222.541446,-61.74541,36.0620002746582,117.84967803955078,222.54163775214127,-61.745876794505946,35.19384964660108,1.0246676801990875,1.0246676801990875
SB85783_component_457a,228.249373,-61.47651,37.784000396728516,118.81761169433594,228.24942550934645,-61.477377051447085,36.56291869278808,1.0333967239924227,1.0333967239924227
SB85783_component_459a,221.839216,-59.67835,34.99300003051758,55.63275146484375,221.84022420219543,-59.6792570515031,35.32760138769998,0.9905286137739626,0.9905286137739626
SB85783_component_460a,224.790061,-55.499474,36.22200012207031,88.56234741210938,224.7897980052281,-55.500185930790366,37.28334513866729,0.971532999181014,0.971532999181014
SB85783_component_462a,219.764278,-61.063755,34.731998443603516,101.8533706665039,219.76462871948775,-61.06444747397095,33.39428064448983,1.0400582906203255,1.0400582906203255
SB85783_component_463a,217.763782,-59.256522,36.32099914550781,141.32684326171875,217.76348841791764,-59.25682015787543,35.257994760463355,1.0301493148508962,1.0301493148508962
SB85783_component_467a,223.990537,-58.153608,35.07400131225586,114.24755859375,223.99044243882625,-58.154578468715634,35.78868410874669,0.980030481301877,0.980030481301877
SB85783_component_469a,227.516996,-58.704099,34.02199935913086,32.065975189208984,227.516772397591,-58.705121388259144,31.908111281222695,1.0662492386113793,1.0662492386113793
SB85783_component_470a,225.538442,-58.042342,34.74700164794922,80.61949157714844,225.53802439344324,-58.04339201965167,34.78586221470244,0.9988828632013382,0.9988828632013382
SB85783_component_471a,227.607688,-59.260484,35.558998107910156,99.60504150390625,227.60783473850205,-59.261471055387105,33.64933748634912,1.056751804469724,1.056751804469724
SB85783_component_473a,229.231509,-62.349995,36.22700119018555,33.388938903808594,229.23062004831544,-62.350728588952556,39.703156453317014,0.9124463752090156,0.9124463752090156
SB85783_component_477a,223.893907,-58.083333,33.654998779296875,118.08771514892578,223.89401262661733,-58.084291095569384,30.686856763129494,1.0967235595055675,1.0967235595055675
SB85783_component_478a,228.538733,-59.725126,33.54199981689453,117.69123077392578,228.5390813214296,-59.72602909633105,32.98050402735029,1.0170250821236266,1.0170250821236266
SB85783_component_479a,215.945934,-58.485323,36.9379997253418,94.71282196044922,215.94546082147474,-58.48545848313238,35.0103661779767,1.0550589370464134,1.0550589370464134
SB85783_component_480a,227.998969,-59.011631,35.49399948120117,41.081016540527344,227.99883246849868,-59.01263843820267,30.314147099161353,1.170872443321459,1.170872443321459
SB85783_component_482a,228.829162,-60.6583,32.71799850463867,124.87786102294922,228.82930829005207,-60.65919237894434,33.195309714394675,0.9856211249763088,0.9856211249763088
SB85783_component_487a,218.601638,-60.606553,33.388999938964844,96.77970886230469,218.60210401244512,-60.607399193523875,34.956931647945375,0.955146758165982,0.955146758165982
SB85783_component_488a,228.521665,-61.941431,33.946998596191406,61.8342399597168,228.52144856118545,-61.94236991651926,32.5573032533508,1.0426845962033904,1.0426845962033904
SB85783_component_489a,228.065004,-58.84712,31.601999282836914,56.13143539428711,228.0649348770031,-58.847957549698016,32.96489280098168,0.9586562126449816,0.9586562126449816
SB85783_component_492a,226.688563,-58.983743,31.965999603271484,75.214111328125,226.68835541664973,-58.98486285237303,28.6717335177134,1.1148959508682266,1.1148959508682266
SB85783_component_493a,227.265771,-62.534793,34.04899978637695,55.364227294921875,227.2660136151216,-62.53554467159753,34.113293065398125,0.9981153013021078,0.9981153013021078
SB85783_component_495a,228.513287,-62.184575,33.45000076293945,53.605770111083984,228.51316388323445,-62.18546000596473,32.35444846365918,1.0338609480705816,1.0338609480705816
SB85783_component_497a,228.201946,-60.309419,32.44300079345703,118.83882904052734,228.2021027442434,-60.310242689752144,34.0470280555249,0.9528878920224118,0.9528878920224118
SB85783_component_498a,231.107516,-60.596614,32.2130012512207,63.66205978393555,231.10678447895393,-60.597516572017284,28.397029283575584,1.1343792665612462,1.1343792665612462
SB85783_component_499a,224.162065,-62.477641,34.803001403808594,118.78157043457031,224.16237825692116,-62.478047033568195,34.712070900112415,1.0026195643572473,1.0026195643572473
SB85783_component_500a,232.13443,-58.979873,32.79800033569336,25.287586212158203,232.13422189448352,-58.98086457565691,36.77909503722681,0.8917565889670778,0.8917565889670778
SB85783_component_501a,222.091848,-59.769798,35.358001708984375,43.437347412109375,222.09277059620769,-59.77049229259024,35.89786459800103,0.9849611419770435,0.9849611419770435
SB85783_component_502a,216.617088,-60.29059,33.4900016784668,63.30813217163086,216.61748962456866,-60.29092967420794,33.13033293892757,1.010856176429082,1.010856176429082
SB85783_component_508a,228.576422,-58.08908,32.000999450683594,53.51337814331055,228.57630340391697,-58.089952444759405,38.985138041500804,0.8208512540501359,0.8208512540501359
SB85783_component_514a,217.127383,-59.617764,31.399999618530273,109.79020690917969,217.12759584170686,-59.61799251572317,30.77011191075655,1.0204707642793307,1.0204707642793307
SB85783_component_517a,216.810508,-60.799193,30.648000717163086,38.893402099609375,216.81078908353993,-60.79957019582328,28.199287686808624,1.0868359888218009,1.0868359888218009
SB85783_component_520a,220.191445,-61.351941,29.760000228881836,113.5877914428711,220.19144744435368,-61.35247152375047,30.172249807631204,0.9863367968455206,0.9863367968455206
SB85783_component_529a,220.640128,-61.329101,30.910999298095703,105.13945007324219,220.6404648279968,-61.32976524502975,29.08594347399112,1.0627470044331402,1.0627470044331402
SB85783_component_532a,228.18836,-56.403735,30.527000427246094,34.261505126953125,228.1879863485404,-56.40430616885827,26.03630713119974,1.1724781196279974,1.1724781196279974
SB85783_component_534a,225.099145,-57.073033,29.076000213623047,84.76968383789062,225.09884259762956,-57.07379422356425,28.928011861441377,1.005115745696265,1.005115745696265
SB85783_component_538a,222.620577,-55.35687,30.020999908447266,44.34416580200195,222.62049456015222,-55.35746249321952,32.91075518330787,0.9121941973447553,0.9121941973447553
SB85783_component_539a,230.328269,-60.207802,30.11400032043457,95.5999984741211,230.32793288322634,-60.20874378435801,29.890504637661873,1.0074771465213435,1.0074771465213435
SB85783_component_540a,226.857208,-56.400141,28.280000686645508,74.61741638183594,226.85700524514942,-56.40069930635835,31.584369558426758,0.8953796159942778,0.8953796159942778
SB85783_component_542a,219.911371,-60.332126,32.19900131225586,90.19328308105469,219.91219753539124,-60.33296654963856,33.165057969985114,0.9708712507421652,0.9708712507421652
SB85783_component_543a,217.976812,-56.989506,28.118000030517578,77.88919830322266,217.9763174923883,-56.98967037694952,27.401965286228826,1.0261307806505617,1.0261307806505617
SB85783_component_544a,226.663803,-57.367632,28.655000686645508,58.24187088012695,226.66319235874826,-57.36840417128988,26.30035914165493,1.0895288741993359,1.0895288741993359
SB85783_component_548a,227.965506,-57.427509,27.464000701904297,52.71400833129883,227.96512733391256,-57.42828154241915,25.056235792329357,1.0960944385074811,1.0960944385074811
SB85783_component_549a,223.461525,-55.886515,28.256999969482422,83.10882568359375,223.4615593060339,-55.88730966276235,29.068511343837383,0.9720828024264475,0.9720828024264475
SB85783_component_554a,220.416954,-59.673306,28.666000366210938,64.8552017211914,220.41768691637498,-59.67415654286757,28.281317832182648,1.0136020017281706,1.0136020017281706
SB85783_component_555a,220.958936,-56.601155,31.281999588012695,93.93993377685547,220.95855494105166,-56.60126468823829,30.512772533614996,1.0252100019278898,1.0252100019278898
SB85783_component_556a,232.313769,-60.107382,30.46500015258789,35.21965408325195,232.3130680363797,-60.10836066382652,30.914008053460623,0.9854755843986245,0.9854755843986245
SB85783_component_559a,229.586187,-56.595441,26.704999923706055,10.439796447753906,229.5858337898572,-56.59618732923166,25.186645655410167,1.0602841001167513,1.0602841001167513
SB85783_component_563a,222.245359,-56.317965,26.933000564575195,85.77388763427734,222.24520051457654,-56.31848567026736,28.603706384142015,0.9415912820132616,0.9415912820132616
SB85783_component_565a,218.855865,-58.966981,31.079999923706055,130.58822631835938,218.85544410570856,-58.96716941201368,30.078063476391065,1.0333112019695494,1.0333112019695494
SB85783_component_566a,221.158943,-61.512005,27.88800048828125,112.0,221.15923445429377,-61.512493164953995,23.55225525237261,1.1840904486406612,1.1840904486406612
SB85783_component_571a,215.110511,-59.524709,27.614999771118164,26.70696258544922,215.11106845416433,-59.52463916145173,30.91851758407252,0.8931540684649077,0.8931540684649077
SB85783_component_573a,217.329385,-58.068016,27.075000762939453,95.67138671875,217.32879773827568,-58.068157782578815,26.324171308134186,1.0285224346102497,1.0285224346102497
SB85783_component_574a,217.136071,-57.389487,28.121999740600586,86.79629516601562,217.13551532480534,-57.38968872066386,27.594230241984963,1.019126081575293,1.019126081575293
SB85783_component_575a,226.330392,-58.360891,27.025999069213867,60.325889587402344,226.32998188019798,-58.361935953757886,27.839497205108774,0.9707789932446904,0.9707789932446904
SB85783_component_579a,230.107035,-60.600954,28.402999877929688,83.5382308959961,230.10668613517055,-60.60193212713648,27.86244114087795,1.019400982646085,1.019400982646085
SB85783_component_580a,224.61426,-62.78393,27.270000457763672,65.86956787109375,224.6145323752845,-62.78429909208035,24.799508661519265,1.0996185783340862,1.0996185783340862
SB85783_component_581a,227.009767,-61.623023,28.125,101.90217590332031,227.0098879934554,-61.62360876396098,26.923378958877723,1.0446311379770574,1.0446311379770574
SB85783_component_582a,225.890763,-58.019724,26.95400047302246,49.366302490234375,225.89028612096482,-58.02075238133671,24.940490398400332,1.0807325775258723,1.0807325775258723
SB85783_component_583a,227.713478,-58.759005,27.354999542236328,47.082618713378906,227.71331792829406,-58.759941690349976,25.35316942371036,1.0789577857139176,1.0789577857139176
SB85783_component_586a,224.191386,-56.815996,27.489999771118164,86.44654083251953,224.1913504149848,-56.8168810857359,26.68454819687109,1.0301841938002727,1.0301841938002727
SB85783_component_587a,216.26245,-60.257839,26.097000122070312,33.58687210083008,216.26305366679338,-60.2579729992772,27.364852019439766,0.9536686002734902,0.9536686002734902
SB85783_component_588a,217.620482,-58.299427,27.523000717163086,107.51171875,217.62000405596007,-58.2995626806301,26.199385182478654,1.0505208624349562,1.0505208624349562
SB85783_component_589a,227.801519,-58.62841,23.535999298095703,35.82343673706055,227.80142528279922,-58.629404848295,24.67939870868481,0.9536698837728677,0.9536698837728677
SB85783_component_591a,220.593118,-58.324757,26.70599937438965,109.90122985839844,220.59260775914638,-58.3248516846514,26.324002630820516,1.014511347264564,1.014511347264564
SB85783_component_593a,221.811842,-63.288588,28.920000076293945,60.25,221.81205362987285,-63.289313768769546,28.772040389574776,1.0051424815451315,1.0051424815451315
SB85783_component_598a,220.277726,-57.721338,25.91699981689453,101.63529205322266,220.27735159927414,-57.721483170514645,23.378111415468837,1.1086010908368655,1.1086010908368655
SB85783_component_601a,223.296629,-59.310351,25.118999481201172,26.951717376708984,223.2970004104032,-59.31132508586009,26.04751260498922,0.9643530982067671,0.9643530982067671
SB85783_component_602a,229.259898,-60.490219,28.125,104.94403076171875,229.25985543013724,-60.49124479249195,26.594282236114168,1.057558152925337,1.057558152925337
SB85783_component_603a,220.979591,-62.260918,24.711999893188477,46.71455764770508,220.97974732192736,-62.26151854102026,28.399307209918703,0.8701620680576883,0.8701620680576883
SB85783_component_604a,220.387582,-56.664917,26.81100082397461,90.57770538330078,220.3872362916923,-56.665093025219306,24.17478226378685,1.1090482855821515,1.1090482855821515
SB85783_component_606a,226.396879,-56.168607,25.297000885009766,78.07716369628906,226.3965120425736,-56.16916487131474,25.62611136329206,0.9871572212569978,0.9871572212569978
SB85783_component_607a,230.872706,-60.543293,27.124000549316406,63.079071044921875,230.87209008645985,-60.544190952064895,27.711322773350734,0.9788056951002303,0.9788056951002303
SB85783_component_609a,219.711939,-57.609647,25.548999786376953,102.6064224243164,219.71156998981138,-57.60980068462715,23.40827066453651,1.091451827113553,1.091451827113553
SB85783_component_610a,218.312592,-61.967488,26.04599952697754,55.535179138183594,218.3128234790495,-61.968144475158866,25.437103810908805,1.0239373051505811,1.0239373051505811
SB85783_component_611a,218.116492,-62.707106,27.121999740600586,30.750566482543945,218.117102951702,-62.70783064564022,28.783686590189475,0.9422698393973185,0.9422698393973185
SB85783_component_613a,220.06454,-63.734708,24.834999084472656,21.427953720092773,220.0647447676659,-63.735733781589396,25.03252762495017,0.9921091252374916,0.9921091252374916
SB85783_component_614a,231.497902,-58.383806,24.610000610351562,14.7719087600708,231.49753040542356,-58.384953747373984,28.55878378506245,0.8617313956914271,0.8617313956914271
SB85783_component_617a,224.347125,-61.052763,25.406999588012695,89.14736938476562,224.34752315205657,-61.0533700413816,23.4482091850991,1.083536887079563,1.083536887079563
SB85783_component_623a,226.184607,-55.70846,24.9689998626709,67.85054016113281,226.1843628282572,-55.70910386058692,25.3212802022755,0.9860875778479422,0.9860875778479422
SB85783_component_628a,231.368263,-59.566612,25.2549991607666,51.331298828125,231.36769482461577,-59.567613143059,22.969467079536333,1.0995030521742695,1.0995030521742695
SB85783_component_629a,216.77268,-58.157436,26.513999938964844,96.06521606445312,216.77216420126575,-58.157516690720804,28.00966879689234,0.9466016942658944,0.9466016942658944
SB85783_component_630a,232.144811,-59.369845,25.69499969482422,26.962223052978516,232.14455805125516,-59.370943924324315,26.582492506520882,0.966613634463399,0.966613634463399
SB85783_component_632a,223.572989,-59.824208,24.73900032043457,73.62797546386719,223.57379107110708,-59.82515470497912,25.331818606334117,0.9765978789319407,0.9765978789319407
SB85783_component_635a,216.000436,-56.719216,25.9950008392334,20.879518508911133,215.99979297574671,-56.71944061263793,28.81497670261104,0.902135063564979,0.902135063564979
SB85783_component_636a,225.376167,-57.899529,23.034000396728516,58.76020812988281,225.37577964690504,-57.90047394347185,22.716124138133647,1.013993419681188,1.013993419681188
SB85783_component_637a,218.827967,-61.943152,26.920000076293945,71.97860717773438,218.8280971396502,-61.94388655309328,25.886495884616078,1.0399244531312584,1.0399244531312584
SB85783_component_641a,223.384893,-58.250211,24.09600067138672,97.95121765136719,223.3850342066087,-58.251079277737894,24.17877612479361,0.9965765242632768,0.9965765242632768
SB85783_component_645a,232.117445,-60.790021,23.469999313354492,24.296064376831055,232.11661387183176,-60.79080695667072,25.912285268126393,0.9057479520042158,0.9057479520042158
SB85783_component_649a,223.027183,-58.733736,23.229999542236328,47.40816116333008,223.02746734837268,-58.73452471751878,23.711013732250247,0.9797134700588667,0.9797134700588667
SB85783_component_653a,226.681941,-58.246082,22.743999481201172,50.881431579589844,226.68161471909028,-58.24706630531158,22.853793027249665,0.9951958282847149,0.9951958282847149
SB85783_component_654a,226.965103,-56.974806,23.118000030517578,46.892494201660156,226.9648086493583,-56.975330980388094,19.86000737531473,1.1640479076182224,1.1640479076182224
SB85783_component_657a,229.050766,-60.699234,23.202999114990234,86.57835388183594,229.05098471578881,-60.70003660927447,22.510350041370796,1.0307702489009034,1.0307702489009034
SB85783_component_658a,220.059757,-59.242344,23.375,85.62271118164062,220.0598383991067,-59.24282060710072,22.407711297893474,1.0431676706847548,1.0431676706847548
SB85783_component_662a,226.234857,-59.687243,22.986000061035156,86.7396240234375,226.23547285599784,-59.68816749361888,22.305049055822607,1.0305290072892617,1.0305290072892617
SB85783_component_665a,222.557009,-56.245094,22.902000427246094,60.74801254272461,222.556701112346,-56.24580571469734,23.028754160347738,0.9944958493099946,0.9944958493099946
SB85783_component_667a,227.258204,-57.63083,22.527999877929688,36.102561950683594,227.25780533638616,-57.63166873523677,22.3923575255433,1.006057528879291,1.006057528879291
SB85783_component_668a,219.501892,-55.981186,22.8700008392334,32.718170166015625,219.50152411720939,-55.98122348961481,23.85464779934467,0.9587230560520654,0.9587230560520654
SB85783_component_670a,228.344022,-59.866895,22.076000213623047,74.5810775756836,228.34437503404288,-59.867789226385405,21.516705779534135,1.0259934973234095,1.0259934973234095
SB85783_component_671a,228.463606,-60.525866,22.988000869750977,90.86166381835938,228.4636845414597,-60.526844307907275,22.501003158348674,1.021643377762987,1.021643377762987
SB85783_component_679a,217.854637,-62.21951,23.513999938964844,31.351999282836914,217.8551534522508,-62.22005720286408,23.827334201527947,0.9868497978031042,0.9868497978031042
SB85783_component_689a,219.223339,-59.096381,23.05299949645996,92.95564270019531,219.22319583277843,-59.09667383724304,21.88020941812666,1.0536004960428624,1.0536004960428624
SB85783_component_690a,227.366334,-62.75344,22.650999069213867,23.693513870239258,227.36633478247325,-62.75436897476182,19.5233452129372,1.1602007146912567,1.1602007146912567
SB85783_component_694a,218.88031,-58.999809,21.638999938964844,92.87124633789062,218.88018519610665,-58.999993852174505,20.259552544936625,1.0680887394214922,1.0680887394214922
SB85783_component_696a,222.613758,-56.61423,21.555999755859375,80.73408508300781,222.6137119150219,-56.61483828619351,21.57128705970578,0.9992913123911386,0.9992913123911386
SB85783_component_698a,218.468721,-58.15089,22.481000900268555,86.13410186767578,218.4681111418153,-58.15079829139981,22.377929830655773,1.0046059251410997,1.0046059251410997
SB85783_component_699a,227.795273,-62.189941,21.224000930786133,44.776371002197266,227.79537130168652,-62.19072537828479,19.5613953298777,1.0849942232070224,1.0849942232070224
SB85783_component_700a,228.179299,-57.999991,19.1200008392334,31.760799407958984,228.17906993303163,-58.00099033236907,20.603868791696662,0.9279811006629366,0.9279811006629366
SB85783_component_701a,214.803926,-57.491309,21.0939998626709,16.88871192932129,214.80396910382467,-57.49136723025038,23.300100596370616,0.905317973861308,0.905317973861308
SB85783_component_707a,228.709493,-55.91263,21.847999572753906,12.636205673217773,228.70881670154668,-55.91327473019023,21.33988077309743,1.023810760943756,1.023810760943756
SB85783_component_711a,223.048574,-55.739947,20.058000564575195,56.66101837158203,223.04849798643826,-55.740707458181205,20.173903486442175,0.9942548093409452,0.9942548093409452
SB85783_component_712a,216.236519,-59.163935,20.2189998626709,52.79112243652344,216.2361754715245,-59.16391691183825,21.279418477664436,0.9501669363706255,0.9501669363706255
SB85783_component_718a,227.508298,-57.885479,18.23200035095215,14.046225547790527,227.50796648958786,-57.88651141516072,20.16174161437009,0.904286975781768,0.904286975781768
SB85783_component_719a,223.093807,-62.817237,21.05500030517578,61.38484191894531,223.09381536114,-62.817736120283136,21.516527812929695,0.9785500935947214,0.9785500935947214
SB85783_component_720a,219.851669,-56.206366,20.509000778198242,39.82330322265625,219.8513811397075,-56.20642883180453,20.345000915919467,1.0080609415038388,1.0080609415038388
SB85783_component_721a,228.030732,-61.40033,19.841999053955078,59.94561767578125,228.0306189361039,-61.401157949825446,20.10161739196666,0.9870847040340478,0.9870847040340478
SB85783_component_724a,221.82594,-60.48193,22.18199920654297,72.72786712646484,221.82666609770268,-60.48270632711653,23.571245752612963,0.9410618106208497,0.9410618106208497
SB85783_component_726a,221.196803,-56.858055,19.854000091552734,39.867469787597656,221.1964102006971,-56.858186372545475,21.08855454863652,0.9414585549599176,0.9414585549599176
SB85783_component_727a,222.999781,-56.81678,19.684999465942383,67.87931060791016,222.99943736002405,-56.8176065698997,20.94067261903374,0.9400366370299859,0.9400366370299859
SB85783_component_728a,225.12002,-62.583888,20.958999633789062,53.74102783203125,225.12035091922348,-62.58437825806577,17.862870815751126,1.1733276162590747,1.1733276162590747
SB85783_component_729a,229.129334,-60.707515,20.49799919128418,72.68794250488281,229.1295760004863,-60.708504430364066,19.960718134065843,1.0269169202034565,1.0269169202034565
SB85783_component_736a,223.167147,-63.366928,22.08099937438965,35.10492706298828,223.1674244620858,-63.36761852886194,21.96157685915376,1.0054377932878764,1.0054377932878764
SB85783_component_737a,230.782424,-61.140494,20.695999145507812,35.80622482299805,230.78200421293752,-61.1414074005239,19.26214462834177,1.0744389861477994,1.0744389861477994
SB85783_component_738a,224.323792,-56.072397,20.216999053955078,49.55146789550781,224.32319752377077,-56.07325794646793,19.81163345446746,1.0204609882581999,1.0204609882581999
SB85783_component_740a,228.103562,-62.19286,20.15399932861328,36.248199462890625,228.1038154076206,-62.19355207716913,19.015412244570943,1.0598770654771061,1.0598770654771061
SB85783_component_741a,220.797852,-59.758924,21.525999069213867,43.138275146484375,220.79857406504854,-59.75980136434774,18.583818252577235,1.1583195001505466,1.1583195001505466
SB85783_component_742a,230.820145,-57.79526,19.777999877929688,13.821104049682617,230.81937946505263,-57.79615938310636,21.147371204701837,0.9352462623596597,0.9352462623596597
SB85783_component_743a,228.272632,-57.889983,18.576000213623047,35.181819915771484,228.272223909188,-57.89081988278944,18.278719002023962,1.0162637880458782,1.0162637880458782
SB85783_component_746a,228.723718,-60.172054,20.187000274658203,66.40460968017578,228.7239679078833,-60.17296036394211,19.681243746063522,1.0256973865635823,1.0256973865635823
SB85783_component_753a,227.008181,-56.183268,20.2450008392334,51.91025924682617,227.00775218271824,-56.18374675286269,20.293208035341777,0.9976244664705342,0.9976244664705342
SB85783_component_754a,220.167009,-63.393356,20.525999069213867,32.07187271118164,220.16721115664365,-63.394185200225905,18.335943996595702,1.1194405411046617,1.1194405411046617
SB85783_component_756a,222.080072,-62.417437,19.586000442504883,79.94285583496094,222.08025251957554,-62.418085356102,20.63878221076656,0.9489901217276048,0.9489901217276048
SB85783_component_758a,219.380971,-55.907982,21.333999633789062,25.61104393005371,219.38056685864075,-55.90797248676361,20.465920611361692,1.0424158306343403,1.0424158306343403
SB85783_component_759a,222.167548,-59.879174,17.76799964904785,26.678678512573242,222.16838008029245,-59.88008485454782,17.484063028659754,1.0162397390081854,1.0162397390081854
SB85783_component_764a,225.789626,-60.667638,19.340999603271484,78.94285583496094,225.7901083183408,-60.668271320368596,19.11180227484738,1.0119924497505788,1.0119924497505788
SB85783_component_765a,225.050953,-58.232741,18.986000061035156,52.592796325683594,225.05059242594385,-58.23375097558577,18.23594302903816,1.0411306961643079,1.0411306961643079
SB85783_component_767a,230.938023,-60.507232,19.054000854492188,45.69304656982422,230.93721012902537,-60.50829258645091,19.593124282685306,0.9724840499955615,0.9724840499955615
SB85783_component_768a,218.419508,-58.298312,18.822999954223633,73.81568908691406,218.41908180376183,-58.298374981793984,19.23467050178226,0.9785974733739013,0.9785974733739013
SB85783_component_769a,225.003424,-54.580356,18.57699966430664,14.837859153747559,225.00298574071127,-54.58123824927334,23.881847479320527,0.777871129124018,0.777871129124018
SB85783_component_771a,226.711449,-57.299438,17.670000076293945,41.38173294067383,226.71079614215606,-57.30018235152797,16.059232562510026,1.1003016493792004,1.1003016493792004
SB85783_component_772a,217.433673,-57.216741,18.21299934387207,47.183937072753906,217.43333173650913,-57.2169978027106,12.76440298741471,1.426858691458543,1.426858691458543
SB85783_component_773a,228.096818,-61.464904,18.834999084472656,57.77606964111328,228.09686232902195,-61.465695732782414,18.403013992874047,1.0234736055608,1.0234736055608
SB85783_component_777a,217.95745,-57.372688,19.724000930786133,69.4507064819336,217.95707344798072,-57.372797268422346,18.875003300947096,1.0449799990125797,1.0449799990125797
SB85783_component_783a,222.654281,-58.35816,18.351999282836914,70.5846176147461,222.6543699284232,-58.35899489942933,17.172518564948895,1.0686842010638717,1.0686842010638717
SB85783_component_784a,220.711667,-57.777546,18.7450008392334,79.76596069335938,220.71122790153083,-57.77770953924711,18.15242373628309,1.0326445168732958,1.0326445168732958
SB85783_component_787a,218.633756,-57.491369,18.08799934387207,70.65624237060547,218.63362782812635,-57.49145642015349,22.703016897004222,0.7967222781858068,0.7967222781858068
SB85783_component_792a,218.759281,-57.198501,18.06999969482422,70.86274719238281,218.75899327002261,-57.19871426486517,26.004741030680837,0.6948732799724837,0.6948732799724837
SB85783_component_798a,229.030708,-56.449813,16.804000854492188,12.028634071350098,229.03019361440985,-56.45039252913943,13.924815480378468,1.2067665010118658,1.2067665010118658
SB85783_component_799a,226.373962,-59.941921,19.233999252319336,82.19657897949219,226.37460515227116,-59.9426270740537,20.361118082103232,0.9446435689219543,0.9446435689219543
SB85783_component_800a,222.144602,-62.852598,17.753999710083008,52.52662658691406,222.14470012172902,-62.853150130105035,17.20511159853489,1.031902618498264,1.031902618498264
SB85783_component_802a,216.826141,-56.388162,17.979999542236328,12.653060913085938,216.8258110010658,-56.38803034107977,16.90320542170333,1.0637035457872634,1.0637035457872634
SB85783_component_803a,218.78019,-63.555751,18.363000869750977,13.097718238830566,218.78101713023185,-63.55683533842652,19.990395428268986,0.918591177230208,0.918591177230208
SB85783_component_805a,216.574783,-61.135828,19.461999893188477,20.5295352935791,216.575283799863,-61.136117076977726,16.99314906410201,1.1452850686928833,1.1452850686928833
SB85783_component_807a,218.935774,-59.382727,17.655000686645508,78.4666748046875,218.93584356915895,-59.38316794371024,16.46822650114635,1.0720644803747716,1.0720644803747716
SB85783_component_812a,229.767908,-57.64661,16.94499969482422,18.97536277770996,229.76737941502907,-57.647701209823836,16.744358767441447,1.0119825984481954,1.0119825984481954
SB85783_component_813a,223.117824,-62.19521,18.079999923706055,75.96638488769531,223.1181844223968,-62.19557113397605,16.778281619028537,1.0775835293646052,1.0775835293646052
SB85783_component_814a,217.68302,-56.551331,16.645999908447266,25.413742065429688,217.68254265520187,-56.551505860871394,20.555649121544896,0.8098017148483125,0.8098017148483125
SB85783_component_817a,220.161103,-61.13564,18.576000213623047,74.60240936279297,220.16140541223064,-61.13633198971517,18.235966242278717,1.018646336959979,1.018646336959979
SB85783_component_820a,227.297426,-57.044881,16.429000854492188,26.888708114624023,227.29692684472764,-57.04559296624676,16.109588771495808,1.0198274510620373,1.0198274510620373
SB85783_component_822a,221.175041,-60.112585,18.167999267578125,20.482524871826172,221.17570408218597,-60.11339943100609,17.05212980187101,1.0654387152028761,1.0654387152028761
SB85783_component_823a,224.075288,-55.898795,17.29800033569336,56.90131759643555,224.0751420914089,-55.8996922963933,18.47236835987278,0.9364256926182524,0.9364256926182524
SB85783_component_824a,232.811844,-60.436355,16.33300018310547,11.088254928588867,232.81146222167936,-60.43713667110299,16.4380891577544,0.9936069835343752,0.9936069835343752
SB85783_component_827a,229.068026,-57.206191,18.520999908447266,26.687318801879883,229.06726646355992,-57.2069834135166,14.89966640991825,1.2430479581823661,1.2430479581823661
SB85783_component_828a,219.786644,-58.410265,17.816999435424805,70.14566802978516,219.7859556207827,-58.4103519747998,16.374861416266462,1.0880702427029856,1.0880702427029856
SB85783_component_831a,218.489022,-57.976449,17.760000228881836,68.57142639160156,218.48855675043214,-57.9764969239021,17.015304439593997,1.0437662336240636,1.0437662336240636
SB85783_component_832a,219.679821,-59.561012,18.017000198364258,66.72962951660156,219.68034852455253,-59.56176029595497,15.717021679171157,1.14633679116452,1.14633679116452
SB85783_component_833a,220.795907,-61.99381,18.233999252319336,71.78739929199219,220.79606199664588,-61.994451256113415,17.240308597157604,1.0576376373753287,1.0576376373753287
SB85783_component_836a,215.815207,-60.885135,18.125,13.689577102661133,215.8156585394607,-60.88575132263152,13.323110711589884,1.3604180279184286,1.3604180279184286
SB85783_component_840a,229.224543,-57.691002,15.496000289916992,26.175676345825195,229.22411779583902,-57.69182024574301,14.755588049211434,1.0501784299098216,1.0501784299098216
SB85783_component_841a,225.749047,-56.409071,17.55699920654297,60.541378021240234,225.74873705485896,-56.40974059400867,18.850766906476668,0.9313679010327589,0.9313679010327589
SB85783_component_842a,221.640971,-56.373759,17.531999588012695,63.292415618896484,221.64056236657498,-56.37399373578577,18.472877411909504,0.9490670671971101,0.9490670671971101
SB85783_component_843a,214.77315,-58.8159,17.231000900268555,15.154794692993164,214.77316153377745,-58.81580100369175,20.461327091920023,0.8421252845849333,0.8421252845849333
SB85783_component_844a,222.43873,-58.178421,16.893999099731445,68.12096405029297,222.43875842853916,-58.17906227424255,16.245337595511764,1.0399290873708216,1.0399290873708216
SB85783_component_845a,224.656595,-55.860663,17.381999969482422,55.356685638427734,224.6564093537904,-55.861479120012724,19.563700816357997,0.8884822014323912,0.8884822014323912
SB85783_component_850a,226.863428,-55.378573,18.875999450683594,32.82782745361328,226.86269222830296,-55.37917689396424,16.322902694725222,1.15641193258987,1.15641193258987
SB85783_component_852a,215.752625,-57.051608,18.058000564575195,20.06444549560547,215.7522877502596,-57.051903164957054,15.840753417969342,1.139971066280892,1.139971066280892
SB85783_component_853a,217.655528,-62.281205,17.69099998474121,19.271242141723633,217.65566551747622,-62.2817644830079,16.14585533453391,1.0956991511562992,1.0956991511562992
SB85783_component_854a,223.886763,-62.492753,16.565000534057617,62.98479080200195,223.887076590179,-62.49306945818295,16.70206254845054,0.9917937072744564,0.9917937072744564
SB85783_component_858a,225.883462,-58.876068,15.430999755859375,14.3945894241333,225.8830649461555,-58.87711639157569,19.534545713867605,0.78993389362031,0.78993389362031
SB85783_component_859a,216.647962,-56.83558,16.69700050354004,24.233673095703125,216.64817485606636,-56.835942851968,17.46125636690127,0.9562313359759199,0.9562313359759199
SB85783_component_861a,225.078411,-59.127257,15.62399959564209,35.5899772644043,225.07883263388374,-59.12826630257615,16.28320355486767,0.9595163226324394,0.9595163226324394
SB85783_component_862a,218.75204,-55.909749,16.423999786376953,14.521661758422852,218.75242369563387,-55.90965844762752,16.038615384645762,1.0240285331675283,1.0240285331675283
SB85783_component_870a,227.106919,-55.533007,16.575000762939453,29.078948974609375,227.1066000303009,-55.53356617192427,17.067456439694222,0.971146510407406,0.971146510407406
SB85783_component_871a,224.966715,-57.930966,15.461999893188477,35.95813751220703,224.96664498690606,-57.931946368955686,17.056293139218596,0.9065275653380827,0.9065275653380827
SB85783_component_873a,215.741839,-60.24734,18.226999282836914,18.0108699798584,215.74218136454718,-60.247618816487055,17.724887064532183,1.0283280912581647,1.0283280912581647
SB85783_component_874a,224.631625,-61.234808,16.215999603271484,60.73408508300781,224.63192874715864,-61.23531958277651,16.028734709639174,1.0116830739933387,1.0116830739933387
SB85783_component_875a,231.750789,-60.969078,16.155000686645508,17.989978790283203,231.74963181333774,-60.96988788157248,17.870036316699938,0.9040273002438337,0.9040273002438337
SB85783_component_876a,220.670204,-59.292129,16.32699966430664,44.487735748291016,220.67059830290964,-59.292764927891646,17.052133766931664,0.9574754624531951,0.9574754624531951
SB85783_component_879a,219.771388,-62.888025,15.63700008392334,34.90401840209961,219.77165429649358,-62.88884418274286,18.110551248198917,0.8634193332728307,0.8634193332728307
SB85783_component_882a,225.563391,-56.857183,17.034000396728516,46.66849136352539,225.56351125607222,-56.85795607019199,14.750987152652597,1.1547702008312966,1.1547702008312966
SB85783_component_889a,217.723125,-61.313762,16.514999389648438,31.27840805053711,217.72363189719363,-61.31437204447353,15.020549970191583,1.0994936551872336,1.0994936551872336
SB85783_component_892a,222.737687,-57.967777,15.46500015258789,64.4375,222.73783284988963,-57.968438940897656,15.329181622677245,1.0088601292132726,1.0088601292132726
SB85783_component_897a,227.954594,-57.391885,16.843000411987305,34.443763732910156,227.9540136322677,-57.39236551385943,12.946205528663011,1.3009989973275764,1.3009989973275764
SB85783_component_899a,225.493855,-61.233429,15.875,70.55555725097656,225.49405262754138,-61.23387333094244,14.951017079551367,1.0618006731938239,1.0618006731938239
SB85783_component_900a,215.045908,-58.284885,16.702999114990234,20.672027587890625,215.04588339416176,-58.28485020746105,16.7637881305534,0.9963737900354173,0.9963737900354173
SB85783_component_902a,222.774145,-57.765839,15.493000030517578,58.46415328979492,222.77412984844412,-57.76656333540844,13.687535577261018,1.131905735920494,1.131905735920494
SB85783_component_903a,230.036077,-57.713149,14.038000106811523,13.05860424041748,230.03629012276537,-57.7139809224067,12.014102257430164,1.1684601817110116,1.1684601817110116
SB85783_component_904a,222.126485,-55.217301,15.267000198364258,17.388381958007812,222.12705907324758,-55.217885229485226,15.064936802061371,1.0134128273458962,1.0134128273458962
SB85783_component_907a,215.550669,-59.767044,16.20199966430664,20.027193069458008,215.55080038941958,-59.76703523319885,16.399499360787946,0.9879569679454034,0.9879569679454034
SB85783_component_910a,216.126591,-59.399136,15.5600004196167,35.68807601928711,216.12659350716683,-59.399062899633684,16.375454474410905,0.9502026611799707,0.9502026611799707
SB85783_component_911a,221.291394,-61.939217,15.614999771118164,63.475608825683594,221.29171614057176,-61.93974043120958,14.251704683023622,1.0956583874291526,1.0956583874291526
SB85783_component_913a,219.039484,-61.207786,15.640000343322754,49.80891799926758,219.03975944280745,-61.208444031585415,16.368217791531134,0.9555102786703414,0.9555102786703414
SB85783_component_914a,227.784187,-60.366327,15.982000350952148,66.59166717529297,227.78453779225794,-60.36722965635622,15.77858925928552,1.0128915892494585,1.0128915892494585
SB85783_component_916a,217.755139,-60.928566,16.5,39.759037017822266,217.7557361829688,-60.92923439322741,15.657469387302836,1.0538101395478634,1.0538101395478634
SB85783_component_917a,229.935388,-58.557672,14.265999794006348,25.704504013061523,229.9349767256591,-58.55893674602655,13.856417102482382,1.0295590619490365,1.0295590619490365
SB85783_component_920a,226.509484,-61.096017,15.710000038146973,70.13392639160156,226.509494883993,-61.09658036968132,15.039314658936547,1.0445954748883384,1.0445954748883384
SB85783_component_922a,218.160446,-59.863145,15.59000015258789,60.193050384521484,218.16069151819832,-59.86374800142456,16.143412296562165,0.9657190107142264,0.9657190107142264
SB85783_component_925a,226.851163,-60.40012,15.371999740600586,64.86075592041016,226.85156247534954,-60.40091429691591,14.584498946716268,1.053995738678539,1.053995738678539
SB85783_component_926a,225.851248,-59.135423,15.071000099182129,11.049120903015137,225.85161994692453,-59.13640290248379,15.19960949002593,0.9915386384809297,0.9915386384809297
SB85783_component_927a,222.955175,-56.304294,14.86299991607666,48.10032653808594,222.95509368355292,-56.30489532126888,14.853453652596407,1.000642696554184,1.000642696554184
SB85783_component_931a,229.631726,-59.314613,14.604999542236328,34.940189361572266,229.6315684168146,-59.31562458264538,14.570671329935081,1.0023559801414723,1.0023559801414723
SB85783_component_932a,227.631316,-57.116478,14.192999839782715,24.47068977355957,227.63099530078222,-57.11711043515354,13.491885967809306,1.0519655942576314,1.0519655942576314
SB85783_component_934a,221.959592,-57.562126,15.270999908447266,62.077232360839844,221.95934466969103,-57.562587991568904,15.032685781863925,1.0158530637865693,1.0158530637865693
SB85783_component_936a,225.941576,-56.321941,16.409000396728516,50.95962905883789,225.9414133562572,-56.32252031981634,14.339938972532828,1.1442866268928225,1.1442866268928225
SB85783_component_938a,227.153613,-57.75337,14.562000274658203,20.862464904785156,227.1528101615326,-57.75416870391768,14.55222684717467,1.0006716104405307,1.0006716104405307
SB85783_component_948a,225.523966,-55.663807,16.39299964904785,54.64332962036133,225.5237527753742,-55.664411316788446,17.989878127160914,0.9112346138853429,0.9112346138853429
SB85783_component_952a,223.749461,-59.597794,13.9399995803833,27.120622634887695,223.7500412813611,-59.59880490797713,13.626372247333538,1.023016201770881,1.023016201770881
SB85783_component_953a,225.272552,-58.515931,15.043000221252441,35.14719772338867,225.2727183503728,-58.51692611473649,13.579269619668569,1.1077915559953067,1.1077915559953067
SB85783_component_959a,226.480124,-56.826426,13.802000045776367,34.41895294189453,226.47968011030363,-56.82706641132833,12.6850495678097,1.0880525118956652,1.0880525118956652
SB85783_component_960a,216.782744,-56.711981,12.930000305175781,16.74870491027832,216.78231895431063,-56.712302927565275,16.674684704620553,0.7754269741360015,0.7754269741360015
SB85783_component_961a,216.849902,-57.26484,15.123000144958496,39.077518463134766,216.84889600635327,-57.265190228211395,14.081145255336766,1.0739893574513668,1.0739893574513668
SB85783_component_962a,222.015276,-57.398696,14.10099983215332,54.86770248413086,222.01515173142099,-57.39926496179612,13.738635016758494,1.0263756053605624,1.0263756053605624
SB85783_component_965a,214.955429,-57.481073,14.270000457763672,13.079744338989258,214.9556987767495,-57.48118946043333,12.142673991357752,1.1751942338170318,1.1751942338170318
SB85783_component_966a,223.137627,-61.394218,14.388999938964844,63.95111083984375,223.1380495328284,-61.3948082070534,12.480569891116694,1.15291209171518,1.15291209171518
SB85783_component_967a,227.603098,-59.630717,14.92300033569336,51.458621978759766,227.60347501200064,-59.63165141163171,12.967142995732994,1.1508317862002422,1.1508317862002422
SB85783_component_971a,220.400259,-59.818581,15.178000450134277,23.789968490600586,220.40076050526616,-59.819292415921055,13.835390512897392,1.097041708796387,1.097041708796387
SB85783_component_974a,229.261376,-61.242879,14.282999992370605,38.8125,229.26133279342383,-61.24372281285729,14.315853604566115,0.9977050888404565,0.9977050888404565
SB85783_component_978a,223.376633,-62.545468,14.331999778747559,58.497955322265625,223.3770511980101,-62.545870069246675,12.257297255175382,1.1692626425206567,1.1692626425206567
SB85783_component_979a,217.946899,-62.686127,15.645999908447266,14.500463485717773,217.94750267093062,-62.68671232411681,15.420874801582965,1.0145987247650303,1.0145987247650303
SB85783_component_981a,214.934981,-57.515357,14.23799991607666,12.656000137329102,214.93454650253847,-57.5156383422016,13.953655509522983,1.0203777717143454,1.0203777717143454
SB85783_component_982a,225.265932,-59.012176,14.229999542236328,27.365385055541992,225.26594409932613,-59.013236063191556,13.532594673406395,1.0515351923013285,1.0515351923013285
SB85783_component_984a,227.469874,-57.968345,13.486000061035156,10.334099769592285,227.46932144727052,-57.96924070605808,14.232356753001952,0.9475591636072943,0.9475591636072943
SB85783_component_987a,222.132137,-59.951904,13.678000450134277,28.028688430786133,222.1330456665674,-59.95276020196976,15.823421094475394,0.8644148675857352,0.8644148675857352
SB85783_component_989a,230.89306,-59.677148,13.444000244140625,36.53260803222656,230.89273728403813,-59.67800927905383,15.371069383340268,0.8746301190151239,0.8746301190151239
SB85783_component_991a,225.640933,-59.241749,14.222000122070312,35.82367706298828,225.6413727282233,-59.242714846569775,12.451010868730249,1.142236584002008,1.142236584002008
SB85783_component_992a,221.764644,-62.264647,14.020000457763672,55.19684982299805,221.76481543143998,-62.265121567551525,13.977128576914495,1.0030672881495837,1.0030672881495837
SB85783_component_995a,222.113463,-56.00779,13.965999603271484,43.64374923706055,222.11331089632586,-56.00812672115387,14.3241680892721,0.9749955122162479,0.9749955122162479
SB85783_component_1000a,215.332755,-58.639895,14.894000053405762,25.768165588378906,215.33248727520527,-58.63971707587171,16.08752691154071,0.9258104204146662,0.9258104204146662
SB85783_component_1001a,220.841973,-59.161171,14.121999740600586,34.61274337768555,220.84245000396746,-59.161470777295634,13.760872012476074,1.0262430845804758,1.0262430845804758
SB85783_component_1003a,224.485596,-56.341321,14.788999557495117,50.996551513671875,224.48559751348668,-56.342304662085446,14.265268326808483,1.0367137314692072,1.0367137314692072
SB85783_component_1004a,219.582869,-59.196097,14.595000267028809,52.68952941894531,219.58303743625282,-59.19659031628359,14.505223071356992,1.0061893012765242,1.0061893012765242
SB85783_component_1008a,230.524747,-58.826697,15.258999824523926,27.593130111694336,230.5245940246798,-58.82784954489148,12.917978775809962,1.1812219302525662,1.1812219302525662
SB85783_component_1009a,218.383161,-57.252611,14.29800033569336,52.5661735534668,218.38262191215685,-57.25284824854295,10.11008725415695,1.4142311511519816,1.4142311511519816
SB85783_component_1012a,227.475844,-60.894175,13.656000137329102,62.930877685546875,227.4757973219277,-60.89504102956847,13.737673477131867,0.9940547910140155,0.9940547910140155
SB85783_component_1017a,222.857858,-62.922466,13.86400032043457,39.2747917175293,222.85797792316765,-62.92302314947339,17.135755438714227,0.8090685216662294,0.8090685216662294
SB85783_component_1024a,226.731664,-61.771429,13.166999816894531,48.76666259765625,226.73194519691475,-61.77198138685889,12.295972462138314,1.0708384275776706,1.0708384275776706
SB85783_component_1025a,232.255032,-59.710472,13.593000411987305,16.39686393737793,232.2541362367768,-59.71151321888433,15.840190461012947,0.8581336471580571,0.8581336471580571
SB85783_component_1029a,217.021844,-58.239424,13.791000366210938,54.08235549926758,217.0214018931566,-58.23955149866778,13.532967491439813,1.019066984010295,1.019066984010295
SB85783_component_1042a,226.373021,-57.880844,14.131999969482422,32.33867263793945,226.3725752594096,-57.881633671526764,14.187694160866728,0.9960744719506341,0.9960744719506341
SB85783_component_1046a,220.717496,-61.741885,13.029999732971191,45.24305725097656,220.71757079225674,-61.74252536167005,13.468662851319737,0.9674308338406762,0.9674308338406762
SB85783_component_1049a,230.179314,-57.762139,12.439000129699707,10.723276138305664,230.1793092255152,-57.76299424580985,11.801191316771284,1.0540461378693182,1.0540461378693182
SB85783_component_1051a,230.206341,-57.95609,14.706000328063965,11.166287422180176,230.20571848972764,-57.95690239809087,9.344176357252485,1.5738145092531242,1.5738145092531242
SB85783_component_1054a,229.356416,-58.712483,13.951000213623047,29.873661041259766,229.356200385725,-58.71359514199088,13.769136590125363,1.0132080629970734,1.0132080629970734
SB85783_component_1056a,216.424607,-57.995589,12.539999961853027,40.71428680419922,216.42446105058912,-57.99588472895464,12.597249723605296,0.9954553761330148,0.9954553761330148
SB85783_component_1058a,229.193163,-59.914939,13.038999557495117,38.46312713623047,229.19314683890707,-59.91582192227249,12.206637072097399,1.06818933670932,1.06818933670932
SB85783_component_1059a,228.733856,-57.14562,13.347000122070312,21.253183364868164,228.73329874736007,-57.146040631103354,10.80603414336104,1.235143249132743,1.235143249132743
SB85783_component_1064a,219.12659,-56.389678,13.41100025177002,28.965442657470703,219.1266420616746,-56.3897830367696,13.14917177463623,1.0199121649348926,1.0199121649348926
SB85783_component_1066a,222.231734,-55.647179,13.168000221252441,26.818737030029297,222.23173376141074,-55.64770476369022,14.715238013299613,0.8948547219794352,0.8948547219794352
SB85783_component_1069a,221.152346,-56.406292,12.413999557495117,39.66134262084961,221.15189565171923,-56.40647638710605,14.038849605187433,0.8842604562775624,0.8842604562775624
SB85783_component_1074a,219.998756,-58.027739,13.390000343322754,53.13492202758789,219.9982424226234,-58.027908134071644,13.16558536568282,1.0170455753699255,1.0170455753699255
SB85783_component_1079a,219.417427,-55.753634,12.718000411987305,13.345226287841797,219.41711069953138,-55.753506969602064,12.597597873755458,1.0095575791066234,1.0095575791066234
SB85783_component_1080a,227.289115,-55.686343,12.902999877929688,23.165170669555664,227.2889547866587,-55.6867739359669,11.213749992395915,1.1506409440801926,1.1506409440801926
SB85783_component_1081a,222.887144,-55.677225,13.355999946594238,33.81265640258789,222.88750021210757,-55.67776137892412,14.985738331937226,0.8912473747209552,0.8912473747209552
SB85783_component_1083a,217.800921,-61.121219,13.717000007629395,34.814720153808594,217.8012033948176,-61.1219725430863,8.771237496205842,1.5638614293094826,1.5638614293094826
SB85783_component_1086a,223.629725,-55.535741,13.111000061035156,29.396860122680664,223.62988644750143,-55.53650381045491,13.000631853598524,1.0084894494882635,1.0084894494882635
SB85783_component_1092a,225.057515,-58.908584,13.116999626159668,29.676469802856445,225.0577952101131,-58.9095074900785,13.435230663107788,0.9763136901086514,0.9763136901086514
SB85783_component_1095a,219.260636,-60.905139,13.288000106811523,42.589744567871094,219.26075165794856,-60.90568817262946,12.169750318209367,1.091887652528823,1.091887652528823
SB85783_component_1096a,228.241713,-60.645943,13.310999870300293,51.996089935302734,228.2421487132522,-60.646793304390044,11.297558101451216,1.178219200181891,1.178219200181891
SB85783_component_1099a,224.471243,-55.851753,12.14799976348877,39.31391525268555,224.47091162246218,-55.85266336623694,12.112822988223163,1.0029040938928775,1.0029040938928775
SB85783_component_1101a,227.767033,-55.457988,13.513999938964844,12.512962341308594,227.76677668293317,-55.45843539352188,13.97967755703817,0.9666889585848224,0.9666889585848224
SB85783_component_1103a,216.689778,-61.215607,12.980999946594238,13.31384563446045,216.68964733153047,-61.21590800875432,13.179365827639703,0.984948753707902,0.984948753707902
SB85783_component_1107a,221.093741,-63.706475,12.598999977111816,14.752927780151367,221.09426093421834,-63.70754006531625,13.204193779389541,0.954166546448116,0.954166546448116
SB85783_component_1109a,226.492756,-56.530246,12.468999862670898,37.1101188659668,226.492317052407,-56.530843770921784,11.057550601735587,1.1276457428748978,1.1276457428748978
SB85783_component_1110a,216.519848,-58.465791,11.487000465393066,37.662296295166016,216.51949439876282,-58.46588895176085,12.754794664678966,0.9006025394672389,0.9006025394672389
SB85783_component_1112a,232.231739,-60.211778,12.161999702453613,16.752065658569336,232.23054924867134,-60.21287924420802,12.361896156105574,0.9838296284706103,0.9838296284706103
SB85783_component_1114a,222.0402,-55.602088,11.73900032043457,18.69267463684082,222.03999007298518,-55.602437960896815,11.103523921205738,1.057231956605703,1.057231956605703
SB85783_component_1117a,225.103596,-57.233785,13.472000122070312,33.51243591308594,225.1036526500599,-57.23466582952518,10.521157762220572,1.2804674567703604,1.2804674567703604
SB85783_component_1118a,225.845356,-57.616107,11.505999565124512,16.48423957824707,225.84510763810215,-57.616969736170496,11.383824434923676,1.0107323449073953,1.0107323449073953
SB85783_component_1120a,221.2817,-59.582113,13.435999870300293,14.462862968444824,221.28245603035663,-59.58308859981377,13.398247258577982,1.0028177276470354,1.0028177276470354
SB85783_component_1121a,217.106771,-61.939566,11.911999702453613,10.858705520629883,217.10689434676192,-61.940140639597786,13.721623586390066,0.8681188219059334,0.8681188219059334
SB85783_component_1127a,226.676391,-62.592456,12.697999954223633,23.823640823364258,226.67673941219795,-62.593118661000474,11.903137642071366,1.0667775452199129,1.0667775452199129
SB85783_component_1129a,227.019595,-59.665848,12.23900032043457,44.667884826660156,227.0199531303923,-59.66696536157851,10.710499098634738,1.142710550435009,1.142710550435009
SB85783_component_1133a,225.545669,-60.344791,12.79699993133545,53.99578094482422,225.54612500422533,-60.34561310202148,13.607602490225815,0.940430170599662,0.940430170599662
SB85783_component_1136a,219.717678,-60.38622,11.864999771118164,37.31132125854492,219.71848194885044,-60.387196019132695,13.176256899501958,0.9004833361716439,0.9004833361716439
SB85783_component_1138a,219.141141,-61.149992,11.652000427246094,41.614288330078125,219.14170148119422,-61.150545371010686,11.166205866358972,1.043505785823876,1.043505785823876
SB85783_component_1139a,225.782121,-54.749019,12.788000106811523,13.102458953857422,225.78205142607655,-54.75007883803395,13.205849374022797,0.9683587737996449,0.9683587737996449
SB85783_component_1140a,231.912097,-59.801743,11.52299976348877,16.920703887939453,231.91183336435688,-59.80258320299365,12.498168154531838,0.9219750943509691,0.9219750943509691
SB85783_component_1144a,220.72393,-59.794156,11.269000053405762,20.231597900390625,220.72463747913048,-59.79513643291936,11.844405510039126,0.9514196422821171,0.9514196422821171
SB85783_component_1145a,226.748979,-60.647871,12.25100040435791,52.13191604614258,226.74922471347085,-60.648395608289505,12.257815441107631,0.9994440251786737,0.9994440251786737
SB85783_component_1149a,229.103273,-57.564264,10.244000434875488,16.208860397338867,229.1029854501319,-57.56507503163992,10.77048669643238,0.9511176907417485,0.9511176907417485
SB85783_component_1150a,225.786406,-54.781313,12.48799991607666,15.247862815856934,225.78607355748431,-54.78253890116746,12.783554799019774,0.9768800707166542,0.9768800707166542
SB85783_component_1157a,225.65789,-60.585304,11.682999610900879,55.108489990234375,225.65836782207836,-60.58597723499141,10.629875870085884,1.0990720638402418,1.0990720638402418
SB85783_component_1159a,225.012289,-62.865767,10.961000442504883,22.93096351623535,225.01288832523912,-62.86599823664586,10.235246610307575,1.0709073127233129,1.0709073127233129
SB85783_component_1161a,215.757359,-60.456894,12.36400032043457,10.41617488861084,215.75793577397255,-60.45679418671159,12.566801480192312,0.9838621498018095,0.9838621498018095
SB85783_component_1162a,223.020199,-58.488451,11.210000038146973,42.950191497802734,223.02026610951893,-58.48928085530155,11.49792225183059,0.9749587614720758,0.9749587614720758
SB85783_component_1164a,225.99344,-58.596761,10.491999626159668,12.748480796813965,225.99325243820124,-58.597768216667546,11.10000510422288,0.9452247568938592,0.9452247568938592
SB85783_component_1167a,223.772547,-57.144473,11.267000198364258,41.72962951660156,223.77226230847765,-57.14542128673205,10.808800273629595,1.0423913767610768,1.0423913767610768
SB85783_component_1168a,232.139604,-60.361331,12.142000198364258,17.470504760742188,232.13903027235864,-60.36213387919719,11.470698978528917,1.0585231310743919,1.0585231310743919
SB85783_component_1169a,224.942336,-60.39782,11.713000297546387,51.82743453979492,224.94304539746585,-60.39856841771751,11.898235339608178,0.9844317214465275,0.9844317214465275
SB85783_component_1171a,218.405756,-61.230703,11.692999839782715,33.408573150634766,218.40596621374806,-61.231235998586556,12.043306475572471,0.9709127525318494,0.9709127525318494
SB85783_component_1174a,219.994968,-58.538762,11.656000137329102,47.0,219.99426600217728,-58.53882194817639,11.391372289767856,1.0232305503524755,1.0232305503524755
SB85783_component_1180a,226.104806,-61.975737,11.583999633789062,42.43223190307617,226.10493935748613,-61.97620901097945,9.637111150162587,1.202019926230033,1.202019926230033
SB85783_component_1185a,220.96758,-61.62437,11.055000305175781,43.352943420410156,220.9682995675281,-61.62496051996564,10.76578240190685,1.0268645503384597,1.0268645503384597
SB85783_component_1202a,228.010036,-56.890798,11.116999626159668,20.896615982055664,228.00987500254004,-56.89140210717478,9.656068375339949,1.1512966969611258,1.1512966969611258
SB85783_component_1206a,231.2064,-61.134572,10.130999565124512,12.491984367370605,231.2056197691224,-61.13547332405926,9.529030400070626,1.063172131872874,1.063172131872874
SB85783_component_1208a,223.947036,-55.084416,11.12600040435791,18.329490661621094,223.94724778662155,-55.085167370646786,11.218207455898513,0.9917805895546957,0.9917805895546957
SB85783_component_1209a,219.685327,-62.133781,10.03499984741211,30.594511032104492,219.68555407588428,-62.13458082952008,12.192368273813358,0.8230558347688018,0.8230558347688018
SB85783_component_1210a,228.809926,-59.460412,9.626999855041504,12.667105674743652,228.80996750867072,-59.46135508460152,13.20356255080719,0.7291213881099813,0.7291213881099813
SB85783_component_1214a,224.257271,-60.15569,11.505000114440918,38.09602737426758,224.25795290205147,-60.15661411130544,11.527738701327968,0.9980274893909219,0.9980274893909219
SB85783_component_1215a,222.394572,-56.592602,11.659000396728516,45.18992614746094,222.39447288127408,-56.59317142159456,10.67033816602297,1.0926551919276273,1.0926551919276273
SB85783_component_1218a,223.576703,-61.615745,10.791999816894531,45.72881317138672,223.57710584521362,-61.616141059122896,10.41152056398983,1.0365440619903934,1.0365440619903934
SB85783_component_1219a,215.486924,-58.252911,12.38599967956543,23.41398811340332,215.48717777738872,-58.25275360759908,9.496188383966173,1.3043127598941229,1.3043127598941229
SB85783_component_1220a,226.903564,-57.732351,9.064000129699707,13.022989273071289,226.9030511649692,-57.733228180216706,10.380257073705147,0.8731961130963,0.8731961130963
SB85783_component_1223a,227.749582,-61.597666,11.791999816894531,37.31645202636719,227.74947615046932,-61.598221240625996,10.996724106140006,1.0723193292000919,1.0723193292000919
SB85783_component_1227a,224.157766,-59.600239,11.71500015258789,21.495412826538086,224.15836185632494,-59.60077969652849,12.69617318915115,0.9227189939877577,0.9227189939877577
SB85783_component_1229a,224.020053,-57.495545,11.15999984741211,35.65495300292969,224.01981170388348,-57.49658061509374,11.288161400627509,0.9886463748464587,0.9886463748464587
SB85783_component_1230a,223.034598,-56.593612,10.006999969482422,33.807430267333984,223.03409484328844,-56.594421165450164,10.458843666062867,0.9567979299617414,0.9567979299617414
SB85783_component_1232a,221.032344,-60.570695,10.782999992370605,31.902366638183594,221.03256888799234,-60.571428726766946,10.981227367715821,0.9819485228101194,0.9819485228101194
SB85783_component_1235a,216.584644,-57.634322,10.928999900817871,31.315185546875,216.5840943041678,-57.634558533448356,10.921793219728963,1.000659844124854,1.000659844124854
SB85783_component_1237a,222.756092,-61.102949,10.788999557495117,46.504310607910156,222.75636844498732,-61.10349454643282,9.579415888773166,1.1262690421594026,1.1262690421594026
SB85783_component_1240a,226.978704,-60.469527,10.79699993133545,53.98500061035156,226.97920434075212,-60.47024828665851,10.995547595205363,0.9819429035115549,0.9819429035115549
SB85783_component_1246a,222.592828,-59.64977,11.854999542236328,20.059219360351562,222.59316654685946,-59.65085204945772,11.957882344337962,0.991396235626089,0.991396235626089
SB85783_component_1248a,215.997848,-59.394194,11.385000228881836,25.0219783782959,215.998098252082,-59.39406715079824,12.509489313399424,0.9101091134621218,0.9101091134621218
SB85783_component_1251a,225.621424,-62.958604,10.468999862670898,14.828612327575684,225.62175354519144,-62.959199567561555,10.091553634721972,1.037402192131274,1.037402192131274
SB85783_component_1253a,219.249629,-55.783934,10.86400032043457,11.18846607208252,219.2498355574438,-55.78390369005917,7.758717833522831,1.400231398220831,1.400231398220831
SB85783_component_1255a,224.778247,-61.500003,10.625,40.865386962890625,224.77891705788116,-61.50040607946447,9.946744092284707,1.068188736075093,1.068188736075093
SB85783_component_1256a,217.09594,-56.594746,11.001999855041504,14.051085472106934,217.09573619185772,-56.5947505487032,10.80696917867506,1.0180467504942357,1.0180467504942357
SB85783_component_1257a,221.792337,-58.884874,11.157999992370605,19.40521812438965,221.79250786127648,-58.885248571613424,10.033967661475685,1.1120227181128477,1.1120227181128477
SB85783_component_1259a,223.167722,-59.222909,8.980999946594238,13.880989074707031,223.16809343944044,-59.22379422913182,11.188282012044986,0.8027148347642247,0.8027148347642247
SB85783_component_1262a,225.860466,-56.463365,11.012999534606934,38.91519546508789,225.8603723846114,-56.46398255237266,9.354163389078082,1.1773366656675794,1.1773366656675794
SB85783_component_1266a,221.592088,-58.684589,9.89900016784668,32.5625,221.59218167330752,-58.68500752316311,11.005728828862999,0.8994406751042352,0.8994406751042352
SB85783_component_1270a,225.090138,-58.475258,11.279000282287598,25.51810073852539,225.08969195823258,-58.47642344693676,10.00490582801601,1.1273469711932553,1.1273469711932553
SB85783_component_1273a,225.126577,-56.910651,10.468999862670898,35.488136291503906,225.126462654696,-56.91157075818852,9.599420844566477,1.0905866126909756,1.0905866126909756
SB85783_component_1280a,225.347174,-55.810541,10.355999946594238,35.58762741088867,225.3470679490938,-55.811102200855515,12.18681601399256,0.8497707633153541,0.8497707633153541
SB85783_component_1282a,218.419047,-61.828143,10.069000244140625,27.738292694091797,218.41988131116233,-61.82892414815765,9.80414051464652,1.0270150890940852,1.0270150890940852
SB85783_component_1285a,227.401579,-56.256187,9.414999961853027,20.78366470336914,227.40124590506494,-56.25665374172072,11.446631900673479,0.8225126870113717,0.8225126870113717
SB85783_component_1287a,221.575377,-60.339473,10.050999641418457,27.842103958129883,221.57623968568362,-60.34014782876616,12.523847334225369,0.8025488792051086,0.8025488792051086
SB85783_component_1288a,217.358925,-59.038834,9.925999641418457,38.03064727783203,217.3584622113042,-59.03861944707943,10.79937107685038,0.9191275650019946,0.9191275650019946
SB85783_component_1293a,222.509346,-56.942338,9.836000442504883,40.47736740112305,222.50894696831008,-56.943022021015935,8.774984447080257,1.1209137180610802,1.1209137180610802
SB85783_component_1296a,219.535907,-59.973046,10.067000389099121,34.010135650634766,219.5361020586751,-59.97392020518879,10.455954095262497,0.962800744664745,0.962800744664745
SB85783_component_1297a,220.439529,-63.813876,11.4350004196167,10.433395385742188,220.44124638956507,-63.81459878241436,10.264093790820183,1.1140779354377812,1.1140779354377812
SB85783_component_1304a,226.237246,-61.552835,9.543000221252441,42.039649963378906,226.23725710990973,-61.55331919697404,9.793134639734443,0.974458186506789,0.974458186506789
SB85783_component_1308a,223.44293,-59.192376,8.902000427246094,16.515771865844727,223.4432602615626,-59.193172629909846,9.03176395238372,0.9856325380267076,0.9856325380267076
SB85783_component_1312a,224.031819,-62.575946,9.883000373840332,31.0786190032959,224.0319875078795,-62.576253939356164,9.375737163932731,1.0541038214956555,1.0541038214956555
SB85783_component_1316a,223.192812,-61.962379,10.086999893188477,44.24122619628906,223.1929379274825,-61.96270984058081,9.290465140386846,1.0857368001241392,1.0857368001241392
SB85783_component_1320a,225.136485,-56.53434,9.696999549865723,31.08012580871582,225.13609734675524,-56.53509156385426,7.863732726770779,1.2331293403263681,1.2331293403263681
SB85783_component_1321a,218.576092,-58.395878,10.869999885559082,46.65236282348633,218.57552598829787,-58.39597965488435,9.467277627426178,1.1481653241127414,1.1481653241127414
SB85783_component_1326a,228.853362,-60.442585,10.01099967956543,41.0286865234375,228.8532579419892,-60.44309868045821,9.973324710776442,1.003777573665909,1.003777573665909
SB85783_component_1328a,222.054725,-61.251441,9.605999946594238,37.81889724731445,222.05489381149272,-61.252108182513524,9.490372856896936,1.0121836192782745,1.0121836192782745
SB85783_component_1329a,217.02408,-57.188072,10.88599967956543,28.95212745666504,217.02360516150847,-57.18831499813788,10.019470324110998,1.0864845473287348,1.0864845473287348
SB85783_component_1335a,221.344289,-56.072395,10.119000434875488,28.99427032470703,221.34386111455422,-56.07249413654575,10.689476484761892,0.9466319935593075,0.9466319935593075
SB85783_component_1336a,217.095083,-59.267174,10.696000099182129,36.135135650634766,217.09404740576142,-59.267403685316516,8.63430164077772,1.2387799898798422,1.2387799898798422
SB85783_component_1337a,220.11425,-58.038737,10.494999885559082,44.28269958496094,220.1136101254879,-58.03899383873775,9.173410008154761,1.144067459780985,1.144067459780985
SB85783_component_1340a,225.661731,-56.007903,9.972999572753906,35.11619567871094,225.66171564823554,-56.00845318925421,9.886335040706955,1.0087660929646942,1.0087660929646942
SB85783_component_1342a,229.991204,-60.823596,9.371000289916992,28.225906372070312,229.99080784978344,-60.82465389549902,9.247591899804014,1.0133449217320667,1.0133449217320667
SB85783_component_1343a,230.603293,-59.302486,9.758999824523926,21.16919708251953,230.6032816973943,-59.303434224667136,10.646840743580167,0.9166099183373629,0.9166099183373629
SB85783_component_1347a,227.973862,-58.008658,8.359999656677246,16.39215660095215,227.97271604230357,-58.009983672411565,11.835917092498295,0.7063246211800422,0.7063246211800422
SB85783_component_1349a,230.834116,-59.152004,10.263999938964844,20.735353469848633,230.83341300038657,-59.153292040185434,10.258532506102933,1.000532964423387,1.000532964423387
SB85783_component_1353a,225.812212,-58.488006,8.545000076293945,13.849270820617676,225.8116260852421,-58.489055272157664,8.255563547867965,1.0350595724625884,1.0350595724625884
SB85783_component_1356a,224.455001,-59.087986,9.079999923706055,21.985471725463867,224.4554773709958,-59.088921482384436,9.374063800178474,0.9686300538655582,0.9686300538655582
SB85783_component_1357a,217.011178,-60.531346,10.621999740600586,20.746091842651367,217.01157005576104,-60.53156916867184,10.226728885609273,1.0386507610999178,1.0386507610999178
SB85783_component_1368a,221.739081,-60.579917,8.225000381469727,25.07621955871582,221.73980107485795,-60.58079138623727,8.175585352613899,1.006044219065003,1.006044219065003
SB85783_component_1372a,224.761873,-60.116408,10.22700023651123,38.59245681762695,224.76270955571874,-60.11710886152437,11.06853328910985,0.9239706806116227,0.9239706806116227
SB85783_component_1375a,225.230444,-58.581267,8.37600040435791,21.421995162963867,225.23051226643136,-58.582039474897435,9.96568783573905,0.8404839226771496,0.8404839226771496
SB85783_component_1379a,219.021346,-61.46378,9.48900032043457,31.4205322265625,219.02177748729403,-61.464567044378505,9.149899045282167,1.0370606575519814,1.0370606575519814
SB85783_component_1380a,224.294551,-62.240343,9.489999771118164,35.54307174682617,224.29476327773492,-62.24069175937146,8.803702406072487,1.0779555388619557,1.0779555388619557
SB85783_component_1383a,215.339063,-57.938968,9.380000114440918,11.873417854309082,215.33782323290737,-57.93919368034535,9.842491801608332,0.9530107114651759,0.9530107114651759
SB85783_component_1384a,226.384914,-60.814307,9.12399959564209,39.497833251953125,226.38515370153303,-60.815043409721156,9.303433487419005,0.9807131536954005,0.9807131536954005
SB85783_component_1387a,216.56091,-60.842928,8.781000137329102,10.478520393371582,216.56140197158163,-60.84301072453843,10.558070107983207,0.8316860986450146,0.8316860986450146
SB85783_component_1389a,223.98125,-58.766965,9.13700008392334,22.07004737854004,223.98178306651926,-58.76809372444879,6.840094737415088,1.3358002242197402,1.3358002242197402
SB85783_component_1391a,225.004857,-59.954588,9.5600004196167,37.93650817871094,225.00574949576466,-59.95541148451263,8.721828954385892,1.0961004245341595,1.0961004245341595
SB85783_component_1394a,218.258345,-58.683058,9.411999702453613,39.21666717529297,218.25775272477884,-58.683174802573326,9.796343368363804,0.9607666195989633,0.9607666195989633
SB85783_component_1397a,224.628838,-56.665528,9.61400032043457,33.61538314819336,224.62862894920528,-56.66647545303247,9.180412089711256,1.0472297132728114,1.0472297132728114
SB85783_component_1399a,223.811626,-58.229133,9.621000289916992,33.06185531616211,223.81164520429334,-58.230077838356294,8.624671179708429,1.1155208227013527,1.1155208227013527
SB85783_component_1403a,225.08826,-63.018013,8.845000267028809,14.405537605285645,225.08847889894034,-63.018444481433534,8.696810615377963,1.017039539919245,1.017039539919245
SB85783_component_1407a,218.103443,-59.406185,8.920000076293945,38.119659423828125,218.10346265669205,-59.40659148308167,8.7684269550465,1.0172862386862,1.0172862386862
SB85783_component_1414a,228.544799,-60.294869,8.869999885559082,34.92125701904297,228.54519744138872,-60.29575714906067,8.28292793675779,1.0708773459438174,1.0708773459438174
SB85783_component_1421a,224.679624,-55.934514,8.48900032043457,31.675373077392578,224.6791485753748,-55.935398796760026,7.814266466865944,1.086346409663611,1.086346409663611
SB85783_component_1422a,218.392085,-60.267364,9.319000244140625,33.887271881103516,218.3928380261434,-60.268183355349834,9.035291991857648,1.0314000092679514,1.0314000092679514
SB85783_component_1429a,223.567986,-57.719438,9.086000442504883,35.354087829589844,223.5679635720334,-57.72040291763051,7.136649648489623,1.2731464889029285,1.2731464889029285
SB85783_component_1430a,219.19127,-57.119325,8.85200023651123,35.26693344116211,219.1909670196737,-57.11951645444724,9.126905940393184,0.9698796387650609,0.9698796387650609
SB85783_component_1433a,218.432959,-59.070424,9.081000328063965,40.54018020629883,218.43276806936956,-59.07052460262875,8.375230754700551,1.0842686719965662,1.0842686719965662
SB85783_component_1434a,220.784941,-59.832585,10.07699966430664,12.289024353027344,220.78588165662273,-59.83368178382581,8.592470782584428,1.1727708966705033,1.1727708966705033
SB85783_component_1436a,224.978752,-55.803632,9.097000122070312,31.477508544921875,224.97861881433434,-55.804288027258835,9.769276276060122,0.9311846512481953,0.9311846512481953
SB85783_component_1437a,219.527929,-58.060353,9.074000358581543,36.29600143432617,219.52742306894956,-58.06041800806235,9.569721788090629,0.9481989716643587,0.9481989716643587
SB85783_component_1439a,226.232403,-57.325069,8.842000007629395,21.886137008666992,226.23177510057758,-57.32581644058697,7.7011944620918,1.1481335851409897,1.1481335851409897
SB85783_component_1440a,230.403388,-61.057217,9.428000450134277,20.585153579711914,230.40314122689213,-61.058136448606035,8.9328964704049,1.055424797698001,1.055424797698001
SB85783_component_1443a,224.325249,-61.483934,9.109999656677246,40.13215637207031,224.3252922100377,-61.48445137882805,8.168697097572428,1.115232888165795,1.115232888165795
SB85783_component_1447a,223.373198,-56.3586,9.576000213623047,33.83745574951172,223.3730045379004,-56.35939968549463,8.48612183966962,1.128430677115503,1.128430677115503
SB85783_component_1449a,222.895413,-62.156452,9.649999618530273,43.080352783203125,222.89550486762622,-62.15680445960654,8.274144687543975,1.1662836441641553,1.1662836441641553
SB85783_component_1451a,226.29279,-56.12078,8.835000038146973,27.184616088867188,226.2923282882761,-56.121232753322815,8.720757227525203,1.013100102163283,1.013100102163283
SB85783_component_1455a,228.487916,-60.204522,7.985000133514404,28.51785659790039,228.48811463948167,-60.205520122119395,8.314503476796592,0.9603700516571149,0.9603700516571149
SB85783_component_1457a,225.541075,-61.651508,9.050000190734863,37.708335876464844,225.5413389083752,-61.651941057506434,7.972576708414977,1.1351411873130899,1.1351411873130899
SB85783_component_1458a,216.248935,-57.703096,9.66100025177002,25.90080451965332,216.2485059304933,-57.703153277064,9.127084348173799,1.0584979696942376,1.0584979696942376
SB85783_component_1461a,215.359394,-58.326837,8.53600025177002,13.834684371948242,215.35904592862806,-58.327096255031584,8.97250697273909,0.9513506400947588,0.9513506400947588
SB85783_component_1462a,229.820542,-61.05803,9.753999710083008,28.272462844848633,229.82063284705868,-61.05884430673159,9.122726752691305,1.0691978368425286,1.0691978368425286
SB85783_component_1470a,220.348762,-61.262774,8.586999893188477,28.52823829650879,220.34920058700231,-61.26333767038954,8.749138197543878,0.9814680828334705,0.9814680828334705
SB85783_component_1473a,218.076919,-58.896703,8.701000213623047,38.33039855957031,218.07626205106476,-58.89683307924677,9.022600489207404,0.9643561436673332,0.9643561436673332
SB85783_component_1475a,216.580167,-58.976243,9.281000137329102,32.2256965637207,216.57940879554778,-58.976075570119164,8.276188335355776,1.1214099729558813,1.1214099729558813
SB85783_component_1476a,216.169371,-57.415714,9.569999694824219,20.06289291381836,216.16894335908805,-57.41602565454167,8.689966585433373,1.1012700222422038,1.1012700222422038
SB85783_component_1478a,218.85806,-62.37216,8.345999717712402,18.925168991088867,218.858425196626,-62.37314561229906,8.575672975821565,0.9732180484544235,0.9732180484544235
SB85783_component_1479a,222.516422,-56.653058,8.690999984741211,29.6621150970459,222.51658392414478,-56.6535792112597,8.646013988778844,1.005203090813958,1.005203090813958
SB85783_component_1480a,223.036418,-60.040218,8.616999626159668,19.364044189453125,223.03703173380916,-60.041263541383266,8.468583937684437,1.0175254433996685,1.0175254433996685
SB85783_component_1482a,226.412159,-59.356824,9.829000473022461,25.13810920715332,226.4125142089854,-59.357865023752375,8.894872643495258,1.1050186851422006,1.1050186851422006
SB85783_component_1487a,222.035148,-58.673598,7.436999797821045,21.127840042114258,222.03489927684745,-58.674234477909984,7.526751571054362,0.988075629654302,0.988075629654302
SB85783_component_1488a,220.241075,-56.417744,8.380000114440918,17.75423812866211,220.2411672111636,-56.4175513751562,10.943109089678437,0.765778723922706,0.765778723922706
SB85783_component_1495a,226.403446,-61.584619,8.86400032043457,36.780086517333984,226.40346900080186,-61.58519946961651,7.369960918927169,1.2027201253768502,1.2027201253768502
SB85783_component_1496a,222.200234,-57.163906,9.0,38.79310607910156,222.1999790169863,-57.16449185858378,8.357898224690862,1.0768257471013758,1.0768257471013758
SB85783_component_1503a,216.844286,-59.547688,7.929999828338623,28.422937393188477,216.84445299571615,-59.54777078489692,8.557359908819146,0.9266876598430819,0.9266876598430819
SB85783_component_1511a,217.804926,-57.158249,8.086000442504883,24.5775089263916,217.8043698381175,-57.158527060437784,7.746439455443213,1.0438344595623308,1.0438344595623308
SB85783_component_1513a,231.934686,-60.715777,8.61400032043457,10.876262664794922,231.93437371418707,-60.71634632363315,7.450386490198125,1.156181673496713,1.156181673496713
SB85783_component_1515a,219.188823,-57.717961,8.255999565124512,33.56097412109375,219.18828473137188,-57.717937499593745,11.512707435136914,0.7171205914541967,0.7171205914541967
SB85783_component_1518a,221.493282,-58.616201,8.876999855041504,28.180952072143555,221.493263365685,-58.61651477264483,9.00971635149486,0.9852696254492699,0.9852696254492699
SB85783_component_1519a,228.635232,-61.070096,8.064000129699707,29.97769546508789,228.63522097292378,-61.071002234932955,7.872781764766681,1.0242885387460874,1.0242885387460874
SB85783_component_1520a,224.88941,-58.001088,7.964000225067139,21.939393997192383,224.8892989371969,-58.00217907448355,8.056907776190743,0.9884685845110256,0.9884685845110256
SB85783_component_1521a,222.667333,-60.457479,9.052000045776367,34.81538772583008,222.66858801785116,-60.45809084871735,8.089451880327113,1.1189880574962183,1.1189880574962183
SB85783_component_1522a,227.891226,-57.099733,8.45199966430664,18.824052810668945,227.8902592366307,-57.100132164672786,7.4305890639413334,1.1374602459611096,1.1374602459611096
SB85783_component_1523a,224.894469,-56.081339,8.508999824523926,31.514812469482422,224.8946008851396,-56.08213755654446,8.972360983533745,0.9483568305086935,0.9483568305086935
SB85783_component_1524a,219.763102,-58.638145,9.16100025177002,36.64400100708008,219.76272877145007,-58.6385064615117,7.030353003376148,1.3030640491836871,1.3030640491836871
SB85783_component_1525a,215.919849,-57.47946,8.920000076293945,14.48051929473877,215.91968419985727,-57.479675072974274,8.991662298004961,0.9920301475593767,0.9920301475593767
SB85783_component_1535a,216.343058,-58.794102,8.673999786376953,25.587020874023438,216.34238651503836,-58.79420092801031,8.334486207952267,1.040735993791764,1.040735993791764
SB85783_component_1537a,222.371018,-63.325648,8.729999542236328,17.780040740966797,222.37055749353965,-63.32627528100439,10.45151884946029,0.8352852506874768,0.8352852506874768
SB85783_component_1538a,224.467184,-56.726897,8.699000358581543,29.996553421020508,224.46700632601684,-56.72762663077757,8.271819038344933,1.051642972151151,1.051642972151151
SB85783_component_1544a,222.811604,-56.32149,8.46500015258789,24.60755729675293,222.81141373197306,-56.32216508796557,8.045936536832558,1.052083882819228,1.052083882819228
SB85783_component_1545a,220.791858,-60.720469,7.632999897003174,26.59581756591797,220.79230906045603,-60.7212871453089,7.566300875759393,1.0088152747741592,1.0088152747741592
SB85783_component_1553a,216.987277,-59.342384,8.053999900817871,25.897106170654297,216.98728750005577,-59.342689556529656,8.126721553712839,0.9910515387522114,0.9910515387522114
SB85783_component_1556a,227.795556,-61.112171,8.64799976348877,32.63396453857422,227.79554586672967,-61.11309774140717,8.202333258166979,1.0543341133912165,1.0543341133912165
SB85783_component_1557a,219.978617,-59.382979,8.08899974822998,29.84870719909668,219.97923856577847,-59.38356609781021,8.852418286601115,0.9137615831454065,0.9137615831454065
SB85783_component_1567a,219.19515,-62.444811,8.444999694824219,20.59756088256836,219.19578654867763,-62.445333650825134,8.402756651092941,1.005027283959935,1.005027283959935
SB85783_component_1573a,225.395813,-55.245222,8.178999900817871,18.58863639831543,225.39600092309564,-55.246062594979584,7.04733279749904,1.1605809085276118,1.1605809085276118
SB85783_component_1575a,222.814178,-62.158663,8.354999542236328,35.55318832397461,222.8144327980919,-62.15940121295484,7.651929079032421,1.0918814662214316,1.0918814662214316
SB85783_component_1576a,219.237111,-56.290943,7.823999881744385,16.1319580078125,219.2364429967103,-56.29067505663164,6.1137762946464544,1.2797327714779967,1.2797327714779967
SB85783_component_1579a,218.233045,-56.910855,7.73799991607666,22.171918869018555,218.23211503332467,-56.911222226665714,7.338678745330515,1.0544132240425739,1.0544132240425739
SB85783_component_1580a,230.945275,-59.416903,8.600000381469727,20.57416343688965,230.94529477468984,-59.41778907038594,7.9282014756797174,1.0847353473358108,1.0847353473358108
SB85783_component_1584a,229.209832,-59.246976,7.9039998054504395,11.692307472229004,229.20885038170914,-59.24816795001124,7.801882328230531,1.0130888256094819,1.0130888256094819
SB85783_component_1587a,224.260198,-56.483651,7.506999969482422,27.599262237548828,224.2603419964016,-56.484494136770664,7.21232723240031,1.0408568174442139,1.0408568174442139
SB85783_component_1592a,226.516318,-57.526426,8.864999771118164,10.344223976135254,226.51584827653608,-57.52741196903662,6.368711550345508,1.3919612626571587,1.3919612626571587
SB85783_component_1601a,226.490999,-60.964109,7.629000186920166,33.31441116333008,226.49093021272353,-60.964807738794875,7.483932709288245,1.0193838564919055,1.0193838564919055
SB85783_component_1603a,223.606755,-58.450614,7.540999889373779,22.85151481628418,223.60687802087304,-58.45160691542375,6.257227911926268,1.2051662486195593,1.2051662486195593
SB85783_component_1605a,220.790926,-60.600545,8.368000030517578,24.53959083557129,220.79146260442275,-60.60135704302651,7.655309129481244,1.0930975991931797,1.0930975991931797
SB85783_component_1606a,221.083684,-58.957722,7.745999813079834,22.258621215820312,221.08368069229343,-58.95799519594882,7.818365561750052,0.9907441333999201,0.9907441333999201
SB85783_component_1610a,220.372847,-56.94686,7.796999931335449,26.1644287109375,220.37288574807792,-56.94700975466657,9.53143551697381,0.8180299722376932,0.8180299722376932
SB85783_component_1611a,219.096318,-62.677423,7.63100004196167,16.201698303222656,219.09753057805062,-62.678098559159395,8.907855071153682,0.8566596538680953,0.8566596538680953
SB85783_component_1613a,230.875363,-60.588402,7.769000053405762,17.656818389892578,230.87518872247858,-60.58935169485761,8.144133339777259,0.9539382189951034,0.9539382189951034
SB85783_component_1615a,220.869059,-56.517751,8.208999633789062,23.79420280456543,220.86901561535024,-56.517798484878064,8.389991989867726,0.9784275889300919,0.9784275889300919
SB85783_component_1618a,224.265509,-59.162888,7.827000141143799,14.90857219696045,224.2655207225332,-59.163876749560856,6.69665033809917,1.1687933139667968,1.1687933139667968
SB85783_component_1619a,220.527574,-60.69036,8.182999610900879,24.5,220.52793526267655,-60.69091177388728,7.477723379032097,1.0943169727094226,1.0943169727094226
SB85783_component_1624a,227.139947,-56.425421,7.428999900817871,18.665828704833984,227.13972616098783,-56.425852716204574,7.359840537647617,1.0093968561976967,1.0093968561976967
SB85783_component_1628a,222.145582,-58.365367,7.744999885559082,30.019380569458008,222.14566154644237,-58.36594165250386,8.35219476980451,0.9273011584403412,0.9273011584403412
SB85783_component_1630a,215.724698,-59.294095,7.284999847412109,13.366971969604492,215.72462717397278,-59.29367287690188,8.821584642854523,0.8258153316380582,0.8258153316380582
SB85783_component_1632a,227.980821,-58.65724,7.560999870300293,15.752083778381348,227.98068013602122,-58.65815206728943,6.095037685989406,1.240517328987264,1.240517328987264
SB85783_component_1637a,228.181439,-60.963038,7.540999889373779,29.115829467773438,228.18146985206934,-60.96385007249374,6.921810460653537,1.0894548373203765,1.0894548373203765
SB85783_component_1638a,231.22581,-60.510534,7.698999881744385,17.41855239868164,231.2255890216442,-60.51155130380639,7.02702821759751,1.0956267206191206,1.0956267206191206
SB85783_component_1640a,222.574135,-62.770907,7.361999988555908,25.298967361450195,222.57447747994152,-62.77150877729465,7.392193342046851,0.9959155081457078,0.9959155081457078
SB85783_component_1641a,230.454167,-58.957625,7.6620001792907715,15.830578804016113,230.45400776897395,-58.9585584346367,6.41628973036609,1.1941480982426904,1.1941480982426904
SB85783_component_1644a,228.002122,-59.270742,6.934000015258789,15.54708480834961,228.00196521739701,-59.27152942651284,6.255061325726113,1.108542291462484,1.108542291462484
SB85783_component_1650a,225.763098,-59.517213,7.919000148773193,26.57382583618164,225.7639471935992,-59.51825497560853,6.674960583178349,1.1863740691937514,1.1863740691937514
SB85783_component_1652a,227.940883,-57.027379,7.682000160217285,15.181818962097168,227.9404510078467,-57.02806469558793,7.380171144325935,1.0408972922156967,1.0408972922156967
SB85783_component_1655a,222.849166,-61.044687,7.181000232696533,29.191057205200195,222.84891802058735,-61.045337485868096,6.851930031910639,1.0480259137576358,1.0480259137576358
SB85783_component_1656a,226.639379,-60.264419,7.914999961853027,35.65315246582031,226.6403218433926,-60.264984896607196,7.601503535058561,1.041241370914136,1.041241370914136
SB85783_component_1658a,228.949411,-58.562599,6.961999893188477,13.414258003234863,228.94940400439035,-58.56366899725471,7.9362837415763705,0.8772367672184093,0.8772367672184093
SB85783_component_1659a,231.234476,-59.475126,7.7230000495910645,15.53923511505127,231.2346834551506,-59.476015476711595,6.812344866357853,1.1336771994222428,1.1336771994222428
SB85783_component_1665a,226.426586,-59.654112,7.841000080108643,33.22457504272461,226.42680650621546,-59.65492458064982,7.355984560899547,1.065934820171752,1.065934820171752
SB85783_component_1674a,221.002463,-56.582061,7.38100004196167,21.33237075805664,221.0023413354143,-56.58213093197932,7.697153811949973,0.9589258864104458,0.9589258864104458
SB85783_component_1683a,226.091792,-55.104607,6.672999858856201,11.367972373962402,226.09189030645547,-55.10528259725134,6.6709011402753,1.0003146079572713,1.0003146079572713
SB85783_component_1684a,226.547659,-61.556895,8.043000221252441,33.6527214050293,226.54751546930507,-61.557497231216225,8.095746074910346,0.9934847445596928,0.9934847445596928
SB85783_component_1689a,227.699036,-60.391462,7.938000202178955,31.75200080871582,227.69967599126556,-60.39225990732837,7.049531853206668,1.126032248307119,1.126032248307119
SB85783_component_1690a,226.351956,-57.380767,7.879000186920166,15.328794479370117,226.35165291565252,-57.38149327886872,6.647131858643938,1.185323287467858,1.185323287467858
SB85783_component_1692a,226.836278,-62.201874,7.51800012588501,19.680627822875977,226.83615362250922,-62.20248157706209,7.9548391861568435,0.945085117367045,0.945085117367045
SB85783_component_1693a,231.517527,-60.420478,6.209000110626221,11.413602828979492,231.51597490467435,-60.4215812027926,6.991533821112892,0.8880741006896667,0.8880741006896667
SB85783_component_1694a,227.705122,-61.695763,7.644000053405762,25.22772216796875,227.70499007819663,-61.69656702052719,7.155408195497081,1.0682828770294548,1.0682828770294548
SB85783_component_1695a,221.094172,-60.852836,7.559000015258789,28.310863494873047,221.09428514753841,-60.85352055214704,7.165400023835913,1.0549306375238723,1.0549306375238723
SB85783_component_1696a,216.766134,-59.903794,7.252999782562256,17.82063865661621,216.76674642083393,-59.9041283942275,7.838128406018058,0.9253484259065539,0.9253484259065539
SB85783_component_1697a,227.689493,-61.803411,7.2230000495910645,22.22461700439453,227.6897622492216,-61.80409272831759,6.5983504994107625,1.0946675309588485,1.0946675309588485
SB85783_component_1703a,222.974604,-60.471644,7.723999977111816,31.14516258239746,222.97551209749878,-60.472336150398576,6.234206985099204,1.2389707296490902,1.2389707296490902
SB85783_component_1708a,221.769842,-55.703919,7.479000091552734,14.522330284118652,221.7697101084426,-55.70421270121245,7.851933815416386,0.9525042196444093,0.9525042196444093
SB85783_component_1710a,217.894691,-61.019147,6.656000137329102,16.893402099609375,217.89489024345636,-61.01989364020438,6.770796966900162,0.9830453002604777,0.9830453002604777
SB85783_component_1711a,225.074518,-58.864025,7.507999897003174,16.181034088134766,225.07482235069466,-58.86517851821601,6.152790353378341,1.2202593402001292,1.2202593402001292
SB85783_component_1717a,223.642254,-59.598727,6.328000068664551,13.101449012756348,223.6424907764371,-59.599295860437934,7.925709719193065,0.7984143115083476,0.7984143115083476
SB85783_component_1719a,223.476697,-57.678422,6.425000190734863,25.907258987426758,223.476778274306,-57.67932863813088,6.663248730733446,0.9642443874412658,0.9642443874412658
SB85783_component_1721a,220.604204,-57.186557,6.453000068664551,20.228839874267578,220.60433844938677,-57.18664455479338,6.617937160122002,0.975077265397544,0.975077265397544
SB85783_component_1723a,227.985952,-61.105855,7.015999794006348,27.731225967407227,227.98619349851188,-61.10666101679215,5.646789431069268,1.2424759023957102,1.2424759023957102
SB85783_component_1725a,225.096921,-62.315727,6.758999824523926,21.254716873168945,225.09711556113962,-62.315997265922334,6.486375504561966,1.0420303017872183,1.0420303017872183
SB85783_component_1735a,221.358872,-55.929616,6.711999893188477,16.370731353759766,221.35828198571372,-55.929960040680314,6.033388618132698,1.1124759762724856,1.1124759762724856
SB85783_component_1736a,216.604854,-59.245039,7.585000038146973,22.2434024810791,216.60471098315278,-59.24500321886851,7.645501489172354,0.992086660226139,0.992086660226139
SB85783_component_1737a,216.026231,-59.840642,7.11299991607666,12.862567901611328,216.0266808110723,-59.8405817708637,7.833842061855608,0.9079835743320818,0.9079835743320818
SB85783_component_1742a,226.857443,-60.17192,7.302000045776367,31.205129623413086,226.85840177802442,-60.17279109406067,7.473480396737686,0.9770548202633711,0.9770548202633711
SB85783_component_1747a,218.044641,-56.880674,7.497000217437744,19.472728729248047,218.0443340060506,-56.880723754684745,6.7321450813527,1.1136123964713132,1.1136123964713132
SB85783_component_1749a,229.286379,-58.78776,5.940000057220459,12.298136711120605,229.28614039877192,-58.78887591668511,8.114207676789544,0.7320493009085357,0.7320493009085357
SB85783_component_1750a,220.932311,-57.3774,6.749000072479248,24.812498092651367,220.93222677214123,-57.37782840488871,6.9040701129793565,0.9775393299948413,0.9775393299948413
SB85783_component_1751a,220.563785,-59.110278,5.688000202178955,15.88826847076416,220.56400911679637,-59.11072515745231,6.457157481227282,0.880882992046504,0.880882992046504
SB85783_component_1758a,223.370489,-58.114231,6.888999938964844,23.837369918823242,223.37054237377288,-58.1151330486634,5.889936496798357,1.1696221075914073,1.1696221075914073
SB85783_component_1759a,228.800419,-57.228845,6.947000026702881,11.854948043823242,228.80048623758108,-57.229868658574524,5.655428721906294,1.2283772580836687,1.2283772580836687
SB85783_component_1763a,229.251198,-59.272056,6.1519999504089355,10.643598556518555,229.25033975316796,-59.272680001172304,6.8778211186459695,0.8944693158318247,0.8944693158318247
SB85783_component_1769a,220.59983,-63.568194,7.390999794006348,10.758369445800781,220.6005256616128,-63.56895538575507,7.55015719013171,0.9789199890654746,0.9789199890654746
SB85783_component_1770a,223.217889,-61.419571,6.823999881744385,28.433334350585938,223.2175019888651,-61.42024191871433,6.989385706160558,0.9763375736625324,0.9763375736625324
SB85783_component_1775a,222.153542,-58.914286,6.327000141143799,14.852112770080566,222.15330148409518,-58.91540552094732,7.241768475261361,0.8736816376769698,0.8736816376769698
SB85783_component_1777a,221.032889,-56.455998,6.316999912261963,21.341215133666992,221.0324794663234,-56.45620225281751,5.380620088958785,1.1740282361181125,1.1740282361181125
SB85783_component_1786a,229.14493,-60.60184,7.257999897003174,28.916336059570312,229.14483851297294,-60.60254987354184,6.941264393818721,1.0456308080508372,1.0456308080508372
SB85783_component_1788a,218.157828,-57.581982,7.244999885559082,24.31208038330078,218.15747641981142,-57.58199212231786,5.5534771910144105,1.3045880331122228,1.3045880331122228
SB85783_component_1790a,226.859121,-58.529649,5.488999843597412,11.829741477966309,226.85883904569258,-58.53065841219458,6.040630148318347,0.9086800066919337,0.9086800066919337
SB85783_component_1791a,230.73804,-60.009139,6.7270002365112305,18.790502548217773,230.7370634119584,-60.009780968152945,7.316217508326235,0.9194642216221094,0.9194642216221094
SB85783_component_1792a,217.648691,-58.569747,7.132999897003174,30.353191375732422,217.6485458137897,-58.56965196520437,7.2002089970734575,0.9906656737189711,0.9906656737189711
SB85783_component_1793a,227.796582,-59.834413,6.14300012588501,22.097122192382812,227.7969932028445,-59.835263291203276,6.416597360421127,0.9573610093998229,0.9573610093998229
SB85783_component_1794a,220.348684,-61.143718,6.535999774932861,25.732282638549805,220.34909126316137,-61.14384405778099,7.274896663122649,0.8984319747199506,0.8984319747199506
SB85783_component_1795a,220.243165,-58.914796,6.97599983215332,26.52471351623535,220.24318767209493,-58.914955591575165,4.869499438026532,1.432590745914634,1.432590745914634
SB85783_component_1796a,218.308364,-61.48106,6.813000202178955,19.084033966064453,218.3094666805696,-61.48162060971846,5.188718135850782,1.313041106454676,1.313041106454676
SB85783_component_1797a,223.52649,-60.199098,7.367000102996826,27.084558486938477,223.52714384183432,-60.200122310530496,6.4629838363401015,1.1398759906490277,1.1398759906490277
SB85783_component_1798a,224.224597,-62.042523,6.505000114440918,27.680850982666016,224.225484604687,-62.042893948462385,6.458684524111798,1.007171056297333,1.007171056297333
SB85783_component_1800a,223.907487,-62.161666,6.39900016784668,26.012195587158203,223.9077971440697,-62.16223517772495,6.751536484367413,0.9477842832758143,0.9477842832758143
SB85783_component_1801a,229.813825,-61.175391,7.4039998054504395,18.372207641601562,229.81381335733576,-61.176536187908454,7.411257647851964,0.999020700298602,0.999020700298602
SB85783_component_1803a,222.214465,-57.942748,6.728000164031982,28.033334732055664,222.21439009297333,-57.94346162894067,6.922948201363064,0.9718403154753205,0.9718403154753205
SB85783_component_1808a,225.132937,-55.118394,7.215000152587891,15.221519470214844,225.13241915450183,-55.118828222668384,6.029221711348344,1.1966718919968802,1.1966718919968802
SB85783_component_1809a,226.251402,-59.369201,6.506999969482422,16.267499923706055,226.25160480697198,-59.37024738246299,6.287600665153086,1.0348939628983251,1.0348939628983251
SB85783_component_1814a,224.048753,-60.130336,6.882999897003174,22.867109298706055,224.0497141088445,-60.131084056368685,6.553186395177742,1.0503287228436122,1.0503287228436122
SB85783_component_1815a,226.584528,-58.240953,5.75,13.188074111938477,226.58402520160465,-58.24187143846212,6.5928424561296675,0.8721579558834993,0.8721579558834993
SB85783_component_1817a,227.349236,-56.4991,6.39300012588501,16.823684692382812,227.34957975162982,-56.49935758452185,4.868135297015018,1.3132338638585066,1.3132338638585066
SB85783_component_1819a,221.905799,-55.775481,6.997000217437744,15.830317497253418,221.90560877926197,-55.77565685266158,6.9801318191834465,1.0024166303289486,1.0024166303289486
SB85783_component_1821a,219.934593,-59.306453,6.563000202178955,25.63671875,219.93509455910828,-59.30739693220719,6.560960696840368,1.0003108546801034,1.0003108546801034
SB85783_component_1833a,224.960252,-56.347104,5.859000205993652,20.203449249267578,224.9600983845409,-56.34817959405727,5.444633868193026,1.0761054549914384,1.0761054549914384
SB85783_component_1838a,223.877829,-60.345337,6.579999923706055,28.24034309387207,223.87819862094102,-60.34590952610825,5.678210631643887,1.158815752102717,1.158815752102717
SB85783_component_1840a,220.346247,-59.743202,7.09499979019165,18.099489212036133,220.34752843998842,-59.7442895348449,5.721169584513509,1.2401310056246064,1.2401310056246064
SB85783_component_1842a,219.522686,-61.076383,6.427000045776367,21.494983673095703,219.52275799180595,-61.07704952497981,7.209447816914951,0.8914691123357896,0.8914691123357896
SB85783_component_1843a,217.138027,-58.482729,6.894999980926514,27.690763473510742,217.13754958868142,-58.482780057688515,6.70009787541045,1.0290894415485123,1.0290894415485123
SB85783_component_1844a,220.421322,-58.528748,6.589000225067139,27.22727394104004,220.4206336324059,-58.52874512920398,6.675131847438104,0.9870966410342857,0.9870966410342857
SB85783_component_1847a,223.43485,-58.913342,6.35699987411499,16.46891212463379,223.43493069444207,-58.914187809418095,6.5372955509278,0.9724204488831438,0.9724204488831438
SB85783_component_1853a,220.401263,-56.992495,6.328000068664551,23.611940383911133,220.40090585490805,-56.99256896852177,6.330469951109937,0.9996098421658326,0.9996098421658326
SB85783_component_1858a,221.620581,-55.767015,6.452000141143799,12.904000282287598,221.62089681061647,-55.76730855177766,6.546244905534578,0.9856032327310121,0.9856032327310121
SB85783_component_1860a,218.265914,-62.380643,7.0980000495910645,11.02173900604248,218.26669178209642,-62.38135207505762,6.004182059418157,1.1821760198722064,1.1821760198722064
SB85783_component_1861a,224.115314,-56.390346,6.776000022888184,19.988201141357422,224.1152607330681,-56.39113233924677,6.042139285822968,1.1214571035770586,1.1214571035770586
SB85783_component_1863a,223.78973,-58.025601,6.585999965667725,25.726560592651367,223.78994511561993,-58.02691604398589,7.400710336156763,0.8899145712393707,0.8899145712393707
SB85783_component_1865a,224.180217,-61.125568,6.310999870300293,24.652341842651367,224.18035375381393,-61.126163721034686,5.819066605959848,1.084538173843312,1.084538173843312
SB85783_component_1866a,222.468761,-56.008578,5.953000068664551,18.838607788085938,222.46877967574048,-56.00905727971643,5.843401567764699,1.0187559420020789,1.0187559420020789
SB85783_component_1870a,229.675,-60.939128,6.790999889373779,22.942567825317383,229.674810075605,-60.940174629485966,5.890400123697902,1.1528927995999183,1.1528927995999183
SB85783_component_1871a,225.816706,-59.681095,6.947000026702881,28.3551025390625,225.8175559608892,-59.68183319195941,6.79200553147091,1.022820136779012,1.022820136779012
SB85783_component_1878a,223.52436,-62.326017,7.007999897003174,26.052043914794922,223.5249110579061,-62.32656835305305,6.746786743241482,1.03871667561204,1.03871667561204
SB85783_component_1879a,221.077654,-57.154745,6.677999973297119,23.43157958984375,221.07713252961932,-57.15521287945813,4.85580902263185,1.3752600117040108,1.3752600117040108
SB85783_component_1880a,227.624454,-62.12573,6.109000205993652,13.821267127990723,227.6247593089197,-62.12640779531958,5.613815321726626,1.0882082604945267,1.0882082604945267
SB85783_component_1881a,222.920453,-61.242472,6.60699987411499,28.356224060058594,222.9212990584387,-61.242991541243605,6.530613213662759,1.011696705646634,1.011696705646634
SB85783_component_1887a,223.696961,-62.534294,5.942999839782715,20.077701568603516,223.6963990279017,-62.53454040925293,6.652021856364669,0.893412554574883,0.893412554574883
SB85783_component_1889a,227.409126,-56.644441,5.863999843597412,13.574073791503906,227.4084435505682,-56.64505451334503,6.535552544246262,0.8972462242323996,0.8972462242323996
SB85783_component_1891a,230.068877,-59.769543,5.8520002365112305,17.011627197265625,230.06916026875086,-59.770684286989194,6.015865014055982,0.9727612276602144,0.9727612276602144
SB85783_component_1894a,227.585208,-56.079664,6.258999824523926,11.655492782592773,227.58486056188266,-56.08013514281493,5.5048769720671675,1.1369917722563694,1.1369917722563694
SB85783_component_1897a,217.788443,-58.170478,6.8379998207092285,28.491666793823242,217.78780860209875,-58.17075921073605,6.678072560823233,1.0239481165305397,1.0239481165305397
SB85783_component_1904a,220.689674,-55.945235,6.406000137329102,13.835853576660156,220.68912004508542,-55.94551590390058,5.948215766113375,1.076961628363197,1.076961628363197
SB85783_component_1905a,227.498457,-61.645628,6.353000164031982,20.626623153686523,227.49853011639303,-61.646284403132654,5.699709423193588,1.1146182537271085,1.1146182537271085
SB85783_component_1907a,217.147944,-60.367374,6.172999858856201,13.934536933898926,217.1482070129559,-60.367734170948296,7.171465707171811,0.8607724154189155,0.8607724154189155
SB85783_component_1910a,220.329201,-58.438082,6.068999767303467,28.097219467163086,220.3292193343461,-58.43827899491546,5.698545774122355,1.0650085140779915,1.0650085140779915
SB85783_component_1911a,222.354445,-56.136009,6.267000198364258,20.02236557006836,222.35458235491876,-56.13640417409301,5.3330456467710885,1.1751259249315886,1.1751259249315886
SB85783_component_1912a,224.970628,-61.798226,5.681000232696533,24.07203483581543,224.97138655963062,-61.79848029753816,4.721040630498783,1.2033364415455854,1.2033364415455854
SB85783_component_1927a,223.081771,-58.268773,6.038000106811523,23.86561393737793,223.08191384909478,-58.26948975431903,6.0523464015339,0.9976296309281404,0.9976296309281404
SB85783_component_1928a,228.402288,-60.86783,6.119999885559082,24.382471084594727,228.4021689200247,-60.86854613598342,6.617095445474477,0.9248770757484894,0.9248770757484894
SB85783_component_1929a,218.706658,-58.129012,6.709000110626221,26.20703125,218.70603353274896,-58.129045638916224,5.669839223575157,1.1832787220368153,1.1832787220368153
SB85783_component_1930a,227.554502,-60.698992,6.400000095367432,27.350427627563477,227.55501089602882,-60.6998699067183,5.75744138818345,1.111604906391712,1.111604906391712
SB85783_component_1935a,220.756774,-59.066322,6.607999801635742,17.119169235229492,220.75705537187153,-59.06668015515388,5.349174658185573,1.2353307236890931,1.2353307236890931
SB85783_component_1937a,222.464661,-61.32498,5.973999977111816,23.155040740966797,222.465122527654,-61.32552806814776,5.099795260815733,1.1714195710978896,1.1714195710978896
SB85783_component_1938a,224.633489,-60.141166,6.043000221252441,25.074689865112305,224.6338593709061,-60.142221128165936,5.491438249390644,1.1004403485595056,1.1004403485595056
SB85783_component_1944a,226.804258,-60.339239,5.9029998779296875,24.59583282470703,226.80524477888403,-60.3399196395474,5.877791908062117,1.0042886802156086,1.0042886802156086
SB85783_component_1946a,222.029377,-58.069598,5.6539998054504395,22.259841918945312,222.02943550302584,-58.06998870600216,5.629145058651092,1.0044153679715802,1.0044153679715802
SB85783_component_1947a,216.472457,-57.051867,6.159999847412109,10.639032363891602,216.47199155265452,-57.05214951470652,6.817072264066343,0.903613693503332,0.903613693503332
SB85783_component_1953a,222.502938,-61.286795,6.543000221252441,24.505619049072266,222.50368351214988,-61.287179154192174,4.685550578010779,1.3964207860563167,1.3964207860563167
SB85783_component_1955a,225.941335,-58.014506,6.517000198364258,13.112676620483398,225.94109402660393,-58.0155970472074,5.196822040665087,1.2540356678309912,1.2540356678309912
SB85783_component_1956a,219.525489,-57.163275,5.881999969482422,24.205760955810547,219.5247583071118,-57.16340392616933,4.744888406266726,1.2396498011868682,1.2396498011868682
SB85783_component_1967a,218.675221,-59.002253,5.723999977111816,24.566524505615234,218.67463311946764,-59.00272053539651,5.839355403854833,0.9802451779751468,0.9802451779751468
SB85783_component_1968a,217.069006,-58.354508,5.743000030517578,23.06425666809082,217.06833768377945,-58.35511216544105,6.604017683343042,0.8696221460767493,0.8696221460767493
SB85783_component_1970a,227.330387,-55.887271,5.800000190734863,10.820895195007324,227.32950651850072,-55.88775422395919,6.030070308629884,0.9618461964588112,0.9618461964588112
SB85783_component_1976a,225.629699,-56.104894,6.1620001792907715,20.403974533081055,225.62956290370883,-56.10547879111829,6.55063957511329,0.9406715342271297,0.9406715342271297
SB85783_component_1978a,225.343326,-60.046235,5.954999923706055,24.607437133789062,225.34402772704163,-60.046940648324984,6.690037190940023,0.8901295693498696,0.8901295693498696
SB85783_component_1979a,219.082767,-58.605253,6.079999923706055,25.654006958007812,219.08178291536072,-58.60541097605697,4.996917717817753,1.2167500581461055,1.2167500581461055
SB85783_component_1981a,224.337495,-55.454442,6.379000186920166,15.483010292053223,224.3373424653448,-55.45518568690577,7.387599528438257,0.863474009705652,0.863474009705652
SB85783_component_1984a,220.899546,-57.869721,5.734000205993652,26.063636779785156,220.90009025624457,-57.87000491893079,5.598444006572967,1.0242131919621833,1.0242131919621833
SB85783_component_1988a,228.85684,-57.627784,5.2270002365112305,10.350495338439941,228.85690163127921,-57.628541807086194,5.666385975517851,0.9224574992058381,0.9224574992058381
SB85783_component_1995a,223.575305,-57.585072,6.267000198364258,25.475610733032227,223.5753265148549,-57.58585338540171,4.896851034968994,1.2798020919180237,1.2798020919180237
SB85783_component_1997a,222.965319,-58.961711,6.4679999351501465,15.00696086883545,222.96567195400178,-58.96260136972008,5.117572658930018,1.263880430473942,1.263880430473942
SB85783_component_2002a,224.227871,-59.098556,5.798999786376953,12.208420753479004,224.2281708956268,-59.09964602605805,5.948950954808147,0.9747936788233229,0.9747936788233229
SB85783_component_2015a,223.976556,-61.205725,5.925000190734863,25.212766647338867,223.97735893084229,-61.20602484072065,4.915122348638965,1.2054634189066609,1.2054634189066609
SB85783_component_2018a,226.798963,-62.17648,6.171000003814697,15.662436485290527,226.79934146391193,-62.17722515725774,5.243155770228375,1.1769629349665323,1.1769629349665323
SB85783_component_2019a,226.894174,-60.805888,5.247000217437744,23.52914810180664,226.8938409358134,-60.80665846008886,4.797095828346817,1.0937868254439216,1.0937868254439216
SB85783_component_2023a,216.478451,-59.500943,5.574999809265137,16.20639419555664,216.47915207770546,-59.501118298834086,6.382448780259796,0.8734891577207782,0.8734891577207782
SB85783_component_2032a,222.482725,-56.212966,6.410999774932861,20.223974227905273,222.4830348056198,-56.21381504137823,6.496347822013591,0.9868621494077767,0.9868621494077767
SB85783_component_2036a,222.722432,-61.560251,6.015999794006348,24.8595027923584,222.72265691400088,-61.56060511355772,5.310466130028392,1.1328572006115372,1.1328572006115372
SB85783_component_2038a,216.395903,-58.577393,5.835000038146973,17.898773193359375,216.39556913075208,-58.57747237535759,5.690296536654465,1.0254298700534128,1.0254298700534128
SB85783_component_2039a,225.61367,-61.644628,5.413000106811523,23.637554168701172,225.61430985948766,-61.64486201744259,5.822391628343093,0.9296867082010297,0.9296867082010297
SB85783_component_2046a,221.143721,-61.281731,5.659999847412109,22.196077346801758,221.14467456296245,-61.28202510204803,4.767065646041507,1.1873131749532504,1.1873131749532504
SB85783_component_2047a,218.127384,-59.521437,5.489999771118164,25.18348503112793,218.12716227738704,-59.521998740907286,5.385086931741552,1.019482106919801,1.019482106919801
SB85783_component_2059a,222.119654,-57.802354,5.599999904632568,22.76422691345215,222.11993000918963,-57.803124826943126,5.953205756076551,0.9406696381888936,0.9406696381888936
SB85783_component_2061a,225.720036,-56.575372,5.395999908447266,18.168350219726562,225.7206539063303,-56.575875190446,5.5381222155765775,0.974337455621767,0.974337455621767
SB85783_component_2063a,216.934479,-58.552674,5.185999870300293,20.827308654785156,216.93405895268737,-58.552558287760334,5.074144966292965,1.0220440891520381,1.0220440891520381
SB85783_component_2065a,225.540038,-57.809771,5.289000034332275,14.411443710327148,225.5401241702196,-57.810782859613575,5.137932906081092,1.0294023162646568,1.0294023162646568
SB85783_component_2068a,222.825581,-62.309284,5.254000186920166,21.710744857788086,222.8259561825994,-62.30980645486124,5.1525698850556365,1.0196853811063709,1.0196853811063709
SB85783_component_2073a,224.704432,-61.265257,5.361999988555908,21.7085018157959,224.7038460443089,-61.2655077431023,5.841415460059698,0.9179282016864299,0.9179282016864299
SB85783_component_2075a,222.010552,-56.654665,5.7729997634887695,22.289573669433594,222.01056333786644,-56.65498671580595,5.344494131310221,1.0801770236154227,1.0801770236154227
SB85783_component_2076a,224.686108,-61.22658,5.420000076293945,20.60836410522461,224.68632897690378,-61.22709473692173,5.419923924114151,1.0000140504148878,1.0000140504148878
SB85783_component_2079a,218.165704,-57.768961,5.736999988555908,24.206750869750977,218.16550835024665,-57.768854093184906,4.863436946011709,1.1796184575314725,1.1796184575314725
SB85783_component_2081a,230.938157,-60.435013,5.992000102996826,13.838337898254395,230.93764719878783,-60.43643665856733,4.700021763763518,1.274887735455668,1.274887735455668
SB85783_component_2084a,221.359589,-56.611829,5.2729997634887695,21.091999053955078,221.35907592091317,-56.612236004058545,5.458623673987695,0.9659943748488304,0.9659943748488304
SB85783_component_2085a,219.844321,-60.481869,4.949999809265137,15.091462135314941,219.84504766095964,-60.482550936523225,5.1440101069800335,0.9622842308471286,0.9622842308471286
SB85783_component_2087a,217.145103,-56.953827,6.019999980926514,13.744292259216309,217.14332942995964,-56.95423649915987,5.659016216446489,1.0637891376651154,1.0637891376651154
SB85783_component_2090a,225.162599,-60.521918,5.52400016784668,23.01666831970215,225.1633336899695,-60.522555687522406,5.779383542280454,0.9558113123025223,0.9558113123025223
SB85783_component_2091a,220.118975,-57.185384,5.039000034332275,21.351694107055664,220.11875442750502,-57.18544805984956,4.9467064103364935,1.0186575907967628,1.0186575907967628
SB85783_component_2101a,224.918031,-57.947074,4.849999904632568,12.247474670410156,224.9175318507248,-57.94833521679155,3.870601196992207,1.2530352929155912,1.2530352929155912
SB85783_component_2104a,218.346998,-57.47695,5.2729997634887695,19.675371170043945,218.3460961784273,-57.477165016335086,5.2636340584887495,1.0017793229726744,1.0017793229726744
SB85783_component_2108a,221.568788,-60.951382,4.938000202178955,20.404958724975586,221.5694782165073,-60.95203273394638,4.0227431899565405,1.2275206169032884,1.2275206169032884
SB85783_component_2111a,227.672272,-56.865186,4.7270002365112305,10.411894798278809,227.67160418879203,-56.8660452282876,5.98028411725025,0.7904307126271983,0.7904307126271983
SB85783_component_2113a,224.609258,-57.943872,5.526000022888184,15.879310607910156,224.60862178178468,-57.944861525327326,4.624425136480427,1.1949593430101302,1.1949593430101302
SB85783_component_2116a,225.855769,-55.462939,5.552000045776367,12.618182182312012,225.85527227440943,-55.46384707254917,3.539748253721196,1.5684731364553317,1.5684731364553317
SB85783_component_2118a,222.721424,-56.06846,5.061999797821045,16.542482376098633,222.72121929134354,-56.069258240031374,5.136788008529281,0.9854406663105318,0.9854406663105318
SB85783_component_2121a,220.25493,-62.310905,5.14300012588501,11.635746955871582,220.25520539995455,-62.31168181712446,5.744427604372663,0.8953024531060595,0.8953024531060595
SB85783_component_2124a,224.460038,-62.078769,5.125999927520752,20.422311782836914,224.46074256207308,-62.07898671076979,5.0551246460470995,1.014020481478943,1.014020481478943
SB85783_component_2125a,225.044831,-59.207864,5.197999954223633,15.243402481079102,225.04512574362664,-59.208757394523765,4.541070534306935,1.1446639982695093,1.1446639982695093
SB85783_component_2131a,217.528066,-59.353665,5.940999984741211,23.29804039001465,217.52751322385356,-59.35400135028897,5.759152021212951,1.031575475496818,1.031575475496818
SB85783_component_2133a,222.168282,-55.824426,4.822999954223633,12.462532043457031,222.1682627617791,-55.82468092736087,4.739038712480757,1.0177169351923112,1.0177169351923112
SB85783_component_2134a,225.345786,-62.454614,5.439000129699707,14.860655784606934,225.34539912079384,-62.455100865941105,4.4581120762439745,1.2200231929301664,1.2200231929301664
SB85783_component_2135a,223.744077,-61.399405,5.543000221252441,27.039026260375977,223.74461655404548,-61.40016147699763,4.821576768252073,1.1496239690199728,1.1496239690199728
SB85783_component_2137a,220.745891,-58.335042,5.486000061035156,24.491071701049805,220.74489513268915,-58.33514662514597,5.604822630241042,0.9787999412211952,0.9787999412211952
SB85783_component_2139a,226.230722,-62.046109,5.089000225067139,16.795379638671875,226.2309996818169,-62.046691939554776,5.035579888927602,1.010608576830843,1.010608576830843
SB85783_component_2140a,227.253626,-59.217682,5.820000171661377,13.472222328186035,227.25369016227882,-59.21862177561662,3.6287409566774174,1.603862122191919,1.603862122191919
SB85783_component_2143a,222.784296,-58.882997,5.741000175476074,12.534934997558594,222.78452096262262,-58.88391929324005,5.0272333883645235,1.1419800379197744,1.1419800379197744
SB85783_component_2146a,227.446569,-60.392383,5.078000068664551,21.070539474487305,227.4467735844388,-60.39322905445933,4.440744011292227,1.1435020923862906,1.1435020923862906
SB85783_component_2150a,226.10332,-60.567818,5.639999866485596,26.355138778686523,226.10354007511773,-60.568491956697265,5.56729932880316,1.0130584927069235,1.0130584927069235
SB85783_component_2161a,221.451261,-57.13599,5.129000186920166,17.996492385864258,221.45110535029517,-57.136097725646444,4.994218281125998,1.0269875880883164,1.0269875880883164
SB85783_component_2163a,219.663744,-61.355606,5.583000183105469,19.939287185668945,219.6635393393654,-61.35639205168525,5.47988007942983,1.018817948966206,1.018817948966206
SB85783_component_2165a,226.714032,-55.98512,4.803999900817871,13.686609268188477,226.71441666776434,-55.98563335448269,4.874769264087504,0.9854825204156856,0.9854825204156856
SB85783_component_2169a,225.138901,-56.170613,5.361999988555908,20.0823974609375,225.13834631327302,-56.171515417938636,3.917451059637922,1.3687471539341967,1.3687471539341967
SB85783_component_2170a,225.865607,-57.578811,4.473999977111816,10.62707805633545,225.8658428929484,-57.579513731946406,4.639760606208024,0.9642738832528517,0.9642738832528517
SB85783_component_2175a,216.854389,-58.890511,4.864999771118164,18.085500717163086,216.85378227801203,-58.89049406423079,5.307632133335563,0.916604551502851,0.916604551502851
SB85783_component_2176a,224.372241,-57.857142,5.223999977111816,13.225316047668457,224.37225986754981,-57.85831182296131,5.739247174922394,0.9102239053125387,0.9102239053125387
SB85783_component_2179a,224.417824,-59.259725,4.5229997634887695,11.479695320129395,224.41761392186618,-59.26090109370803,4.739728219245639,0.9542740752778093,0.9542740752778093
SB85783_component_2181a,225.492505,-60.650171,5.613999843597412,24.515283584594727,225.4930798056183,-60.65102067583614,5.450050793269097,1.0300821141943843,1.0300821141943843
SB85783_component_2184a,217.914525,-59.869127,4.4770002365112305,18.199188232421875,217.9146041041968,-59.86970385950318,4.8655090615523635,0.920150426167909,0.920150426167909
SB85783_component_2185a,225.667929,-57.234161,4.9770002365112305,16.425743103027344,225.66752903290026,-57.235212087599656,5.048864480953106,0.9857662560140039,0.9857662560140039
SB85783_component_2188a,217.022019,-59.881098,5.201000213623047,13.40463924407959,217.0221307789937,-59.881205040078775,5.59099063170216,0.9302466335987436,0.9302466335987436
SB85783_component_2189a,220.022952,-58.085799,4.802000045776367,19.600000381469727,220.0224588616152,-58.08586714804487,4.862386715046607,0.9875808583707723,0.9875808583707723
SB85783_component_2190a,227.387591,-60.086046,4.859000205993652,19.832653045654297,227.38821213939204,-60.08690826602906,4.103528585064373,1.1841029263641472,1.1841029263641472
SB85783_component_2192a,224.677734,-59.450242,5.455999851226807,17.10344696044922,224.67843138121148,-59.45125771581067,3.7171087690965834,1.467807425111439,1.467807425111439
SB85783_component_2193a,222.87297,-61.529515,5.526000022888184,22.740739822387695,222.8736150849606,-61.53021608526665,4.198712484966331,1.3161177486370554,1.3161177486370554
SB85783_component_2194a,227.530184,-56.489236,5.578999996185303,12.207878112792969,227.52943632945755,-56.48968091053888,4.321666358659485,1.2909372295726742,1.2909372295726742
SB85783_component_2205a,226.431667,-57.130201,5.455999851226807,13.605984687805176,226.4311836760916,-57.13109780551874,4.465377060841614,1.221845272389715,1.221845272389715
SB85783_component_2212a,220.605233,-60.732786,4.8460001945495605,15.733766555786133,220.60598792560413,-60.733553531662515,5.173500485668343,0.9366965767131896,0.9366965767131896
SB85783_component_2214a,217.214458,-59.069574,4.986000061035156,15.063444137573242,217.21367785223177,-59.06976887282807,4.976501455277382,1.001908691445815,1.001908691445815
SB85783_component_2217a,221.985837,-56.869134,5.168000221252441,20.108949661254883,221.98559089610796,-56.86965865712755,5.20640589110414,0.9926233815313324,0.9926233815313324
SB85783_component_2219a,222.710186,-57.388833,5.464000225067139,23.551725387573242,222.71033028817217,-57.38953794449259,4.470708869720968,1.222177597399261,1.222177597399261
SB85783_component_2221a,224.559881,-55.300092,5.550000190734863,12.5,224.55937245483187,-55.30076603843466,5.7181500169080515,0.9705936665397052,0.9705936665397052
SB85783_component_2223a,223.022627,-62.873547,4.750999927520752,13.851311683654785,223.02304628695498,-62.87428091928994,5.465824494221843,0.869219260981255,0.869219260981255
SB85783_component_2225a,223.645649,-59.5665,5.061999797821045,12.316300392150879,223.6459134232959,-59.56778502676731,4.4251123935318155,1.143925701236463,1.143925701236463
SB85783_component_2228a,225.262928,-60.150683,5.485000133514404,20.543071746826172,225.26298445702102,-60.15122597394636,4.446489775605476,1.2335573475523205,1.2335573475523205
SB85783_component_2231a,223.40202,-57.030552,5.283999919891357,21.925312042236328,223.40219338538768,-57.03119844505049,3.795986925625413,1.3919963433543137,1.3919963433543137
SB85783_component_2232a,225.857956,-57.923644,4.581999778747559,13.166666030883789,225.85790564575098,-57.92457217944542,5.73343475617106,0.7991718705468517,0.7991718705468517
SB85783_component_2233a,216.838417,-59.054418,4.75,14.984227180480957,216.8383177760186,-59.05435654254272,5.092440631438313,0.9327551058083531,0.9327551058083531
SB85783_component_2237a,227.352893,-59.808759,5.026000022888184,17.391002655029297,227.35338836234905,-59.80927083822853,4.705280176941894,1.0681616893969395,1.0681616893969395
SB85783_component_2243a,218.561688,-58.819582,4.848999977111816,20.037189483642578,218.5611792831686,-58.81978427119807,5.549366014337488,0.8737935044442577,0.8737935044442577
SB85783_component_2246a,222.373378,-60.354734,4.665999889373779,14.859871864318848,222.3742854897781,-60.35550657055579,4.910370851190971,0.9502337055137248,0.9502337055137248
SB85783_component_2253a,228.86048,-58.694164,5.368000030517578,11.928889274597168,228.86109326674773,-58.6954339496371,5.7219684777626,0.9381386932450508,0.9381386932450508
SB85783_component_2254a,218.32,-58.621482,5.2729997634887695,22.343219757080078,218.3194119680623,-58.62149080827531,4.809291005601118,1.09641935939156,1.09641935939156
SB85783_component_2256a,224.500623,-61.63168,5.159999847412109,21.234567642211914,224.50134461288206,-61.63207253094023,3.3476914535820064,1.5413606417912098,1.5413606417912098
SB85783_component_2259a,221.010632,-61.887321,5.35699987411499,23.291303634643555,221.01051471391906,-61.887924284662056,4.972524553369598,1.077319944148864,1.077319944148864
SB85783_component_2262a,218.577841,-57.982977,4.392000198364258,16.69961929321289,218.57766548244726,-57.983045701171555,4.495953921432069,0.9768783833454637,0.9768783833454637
SB85783_component_2267a,230.468473,-60.254404,4.563000202178955,12.332432746887207,230.46795265644877,-60.255618480588645,4.592678527950143,0.9935379048216478,0.9935379048216478
SB85783_component_2270a,217.101811,-57.692338,5.133999824523926,20.054685592651367,217.10161867600667,-57.69229505024226,4.353758223720112,1.179211054153836,1.179211054153836
SB85783_component_2272a,217.286022,-59.878335,5.308000087738037,17.81208038330078,217.2861264755106,-59.87837789061381,5.2816751068308205,1.004984210572356,1.004984210572356
SB85783_component_2282a,227.834883,-59.646574,4.888999938964844,15.822007179260254,227.8346913598793,-59.64720227226762,4.235659844900051,1.1542475359185056,1.1542475359185056
SB85783_component_2283a,219.152964,-58.159526,4.800000190734863,18.89763832092285,219.15271765585263,-58.159630476883734,4.965773374147784,0.9666168447646142,0.9666168447646142
SB85783_component_2287a,220.521326,-58.002642,5.125999927520752,22.581497192382812,220.52142363376996,-58.00226260261643,3.4378829790399674,1.4910338597249733,1.4910338597249733
SB85783_component_2289a,224.276028,-57.625696,4.514999866485596,12.541666030883789,224.2762783208439,-57.626880457793135,4.0526510719439255,1.1140855174388098,1.1140855174388098
SB85783_component_2301a,223.536403,-58.424131,4.736999988555908,15.280645370483398,223.53659242656755,-58.42504598085571,4.912268614450266,0.9643202276482244,0.9643202276482244
SB85783_component_2310a,223.914035,-62.434903,4.85699987411499,17.66181755065918,223.915026114008,-62.435041758936386,2.9154514434145935,1.665951214891936,1.665951214891936
SB85783_component_2314a,226.464263,-59.943934,4.711999893188477,19.471073150634766,226.46467938388687,-59.94367377480486,5.76375085375371,0.8175231741878175,0.8175231741878175
SB85783_component_2315a,223.319995,-55.969501,5.124000072479248,17.023256301879883,223.3195255371276,-55.970139773471196,4.760357485613953,1.0763897644166938,1.0763897644166938
SB85783_component_2326a,216.92838,-58.942401,4.735000133514404,17.602231979370117,216.92780071808508,-58.94218790854198,4.636810624037374,1.021176087927338,1.021176087927338
SB85783_component_2329a,221.999904,-56.515842,4.631999969482422,15.13725471496582,222.00018142722647,-56.51602046722504,4.743407122544812,0.9765132635288912,0.9765132635288912
SB85783_component_2330a,217.585338,-58.678924,4.593999862670898,19.221757888793945,217.5844045220772,-58.6790886809213,4.922629898469854,0.9332409621326384,0.9332409621326384
SB85783_component_2341a,227.943865,-57.138129,4.629000186920166,10.263858795166016,227.94292933299894,-57.13916926135417,4.176476824330398,1.1083505024985552,1.1083505024985552
SB85783_component_2349a,224.039442,-61.217169,4.9720001220703125,21.157447814941406,224.03966122708795,-61.217713933309476,4.3954726502269175,1.1311639310993395,1.1311639310993395
SB85783_component_2356a,226.578952,-61.801117,4.622000217437744,18.268775939941406,226.57859037266616,-61.80166159545074,4.288626519164989,1.077734374113245,1.077734374113245
SB85783_component_2359a,219.768707,-58.468599,4.789000034332275,17.869401931762695,219.76858611563233,-58.46821329914602,3.7158592744767773,1.2888001618432132,1.2888001618432132
SB85783_component_2360a,226.964975,-55.803275,4.730999946594238,10.875862121582031,226.96443585480512,-55.80366498199084,4.545370083622158,1.0408393287140556,1.0408393287140556
SB85783_component_2363a,221.044081,-61.151898,4.502999782562256,17.319231033325195,221.04368321433608,-61.15255403613194,4.691567611266525,0.9598070742385904,0.9598070742385904
SB85783_component_2369a,224.910944,-55.475803,4.934000015258789,13.62983512878418,224.91032683022962,-55.47652592067561,4.313500287171729,1.1438506286721284,1.1438506286721284
SB85783_component_2372a,221.126817,-56.272615,4.413000106811523,14.189711570739746,221.12640137987003,-56.27258618000408,4.38557383229769,1.0062537482123437,1.0062537482123437
SB85783_component_2376a,224.104912,-56.666187,5.035999774932861,20.143999099731445,224.10470262881734,-56.66720501418378,3.6005439746208867,1.3986774805224031,1.3986774805224031
SB85783_component_2381a,226.592755,-59.608278,4.1529998779296875,16.951019287109375,226.59261759036633,-59.609379246333155,4.4433985179028905,0.9346449257695076,0.9346449257695076
SB85783_component_2382a,225.901694,-57.108622,4.508999824523926,14.359871864318848,225.9018532716848,-57.109231385809416,3.757324037236588,1.2000561516222528,1.2000561516222528
SB85783_component_2383a,226.143762,-59.66566,4.757999897003174,18.9561767578125,226.14399680877793,-59.6668405201508,4.741585827366915,1.0034617257250775,1.0034617257250775
SB85783_component_2385a,220.283516,-60.859359,4.375999927520752,13.980831146240234,220.2844798565743,-60.8608756584354,5.4346484545406595,0.8052038626094749,0.8052038626094749
SB85783_component_2386a,229.012676,-60.360933,4.784999847412109,19.063745498657227,229.0124525066361,-60.36234369475225,4.248467641836937,1.1262884057987526,1.1262884057987526
SB85783_component_2387a,229.538425,-59.836615,5.02400016784668,13.541779518127441,229.5377390651596,-59.83786458294835,4.900406999678394,1.025221000659006,1.025221000659006
SB85783_component_2390a,230.735276,-59.756379,4.316999912261963,12.549417495727539,230.73479579209368,-59.75698950408788,5.697884172073857,0.7576496436028298,0.7576496436028298
SB85783_component_2394a,221.747745,-58.473489,4.669000148773193,16.67500114440918,221.74729105393646,-58.47405248276513,4.741259401639335,0.9847594812380109,0.9847594812380109
SB85783_component_2396a,225.504444,-61.195767,4.355000019073486,19.705883026123047,225.50442161548224,-61.19652983158144,4.7534186474748275,0.9161827185970682,0.9161827185970682
SB85783_component_2397a,224.551,-56.551889,3.6429998874664307,13.492591857910156,224.55091611872942,-56.55277770390871,4.319320087730247,0.843419754376385,0.843419754376385
SB85783_component_2399a,218.244801,-57.631555,4.566999912261963,18.123014450073242,218.24431709221528,-57.63178058189179,4.811582611054794,0.9491679311021507,0.9491679311021507
SB85783_component_2400a,221.639792,-57.572172,3.9700000286102295,15.387598037719727,221.63934711793257,-57.572364888425795,4.15745782279951,0.9549104760218464,0.9549104760218464
SB85783_component_2403a,226.18401,-59.525079,4.64900016784668,17.15498161315918,226.18513316370655,-59.52605457713885,3.9145272625982868,1.1876274850008026,1.1876274850008026
SB85783_component_2404a,226.319025,-56.833112,4.301000118255615,11.46933364868164,226.31881133278537,-56.8335807559861,3.843079008850661,1.1191547476256294,1.1191547476256294
SB85783_component_2408a,225.722909,-56.057637,4.48799991607666,15.317404747009277,225.72256394910218,-56.05834572314828,4.9285997335139795,0.9106034489996652,0.9106034489996652
SB85783_component_2412a,221.544838,-56.100475,3.934000015258789,11.304597854614258,221.54470788305605,-56.100483843734324,3.5688124735684754,1.1023274673003933,1.1023274673003933
SB85783_component_2415a,216.031735,-57.597739,4.335000038146973,10.199999809265137,216.03213974512767,-57.597847197818595,4.862639996536758,0.8914910503830064,0.8914910503830064
SB85783_component_2417a,219.714582,-61.049099,4.434999942779541,13.398791313171387,219.71424439069625,-61.049884428846035,5.021052641713118,0.8832809092530001,0.8832809092530001
SB85783_component_2421a,228.522639,-60.947695,4.333000183105469,15.310955047607422,228.52265676784714,-60.94861184561899,4.463199210990606,0.9708283180449301,0.9708283180449301
SB85783_component_2422a,224.607323,-61.815802,4.4079999923706055,19.082250595092773,224.60769214906168,-61.81605291651042,3.8039326463325547,1.1588007470690744,1.1588007470690744
SB85783_component_2425a,220.823581,-61.570591,4.441999912261963,14.516340255737305,220.82368355277532,-61.57077903643202,4.291220916152539,1.0351366194040206,1.0351366194040206
SB85783_component_2428a,221.323433,-60.569255,4.208000183105469,14.66202163696289,221.32310828166737,-60.569793876466264,3.3757797523376194,1.2465268743292757,1.2465268743292757
SB85783_component_2432a,218.750486,-59.913772,4.317999839782715,16.736434936523438,218.7506168864277,-59.914886209889794,3.3966044739026953,1.2712695496221076,1.2712695496221076
SB85783_component_2440a,223.949467,-62.457692,4.122000217437744,14.989090919494629,223.94956727270906,-62.45792921848795,3.769790551820103,1.093429505108073,1.093429505108073
SB85783_component_2441a,220.446549,-58.431647,4.548999786376953,19.523605346679688,220.4461373677237,-58.43161228479644,4.187538727830415,1.0863182604483788,1.0863182604483788
SB85783_component_2442a,227.40896,-61.665247,4.375,14.067524909973145,227.40875162532294,-61.66620505284112,3.3673612507569164,1.299236902193546,1.299236902193546
SB85783_component_2445a,223.906658,-62.109796,4.257999897003174,18.59388542175293,223.90728327132834,-62.110406426846914,3.8133887645782254,1.1165921336305515,1.1165921336305515
SB85783_component_2454a,227.764617,-60.580921,4.427000045776367,18.445833206176758,227.7648978622448,-60.581932668771074,4.433004833450289,0.9986454362448218,0.9986454362448218
SB85783_component_2455a,227.06744,-62.222821,4.482999801635742,11.320706367492676,227.0671330616532,-62.22369662704946,4.80612226830386,0.9327685712868574,0.9327685712868574
SB85783_component_2457a,225.054891,-62.235676,4.281000137329102,15.510869979858398,225.05555008730155,-62.23612679207565,3.505097064903794,1.221364218467543,1.221364218467543
SB85783_component_2460a,223.817913,-62.378279,4.521999835968018,16.624998092651367,223.81888657357314,-62.378857930706225,3.5063329427612384,1.2896664149659847,1.2896664149659847
SB85783_component_2464a,219.996931,-56.902661,4.03000020980835,15.093634605407715,219.99661073477648,-56.90286848345313,3.209471437156543,1.2556585371511393,1.2556585371511393
SB85783_component_2465a,225.96942,-59.601766,4.64300012588501,17.19629669189453,225.97002619487608,-59.60266545600141,4.596197667775128,1.0101828645095106,1.0101828645095106
SB85783_component_2467a,218.45852,-59.600806,4.580999851226807,19.4110164642334,218.45854041194144,-59.6014550401193,3.478820077051608,1.3168257483178967,1.3168257483178967
SB85783_component_2470a,227.946065,-60.264766,4.243000030517578,16.445737838745117,227.947255828461,-60.265525875482865,3.1090134042410926,1.3647416330626245,1.3647416330626245
SB85783_component_2472a,227.872602,-61.017252,4.540999889373779,18.610654830932617,227.87331099219506,-61.01824194096182,4.435723179670756,1.0237338322160217,1.0237338322160217
SB85783_component_2473a,227.445403,-60.828945,4.105999946594238,18.33035659790039,227.44588548404346,-60.829416767744924,3.79202720670886,1.0827981242671196,1.0827981242671196
SB85783_component_2483a,227.949308,-59.847057,4.215000152587891,14.737762451171875,227.94965273338084,-59.84784991158861,4.008698675098509,1.0514634534071863,1.0514634534071863
SB85783_component_2484a,222.118882,-57.194295,4.25600004196167,16.755905151367188,222.11887692856052,-57.19452966478489,3.722177477846939,1.1434167412198506,1.1434167412198506
SB85783_component_2493a,227.914389,-60.228739,4.484000205993652,18.30204200744629,227.91465388184125,-60.22989857656571,3.1926686968505593,1.4044677452492769,1.4044677452492769
SB85783_component_2494a,231.174399,-60.340047,4.410999774932861,11.027499198913574,231.17426310968492,-60.34092046102935,3.8590423177544424,1.1430296461479594,1.1430296461479594
SB85783_component_2495a,219.290431,-58.634299,3.822000026702881,16.98666763305664,219.29007883088576,-58.634157806314896,4.256479175495819,0.8979252262540841,0.8979252262540841
SB85783_component_2499a,216.199414,-58.168901,4.142000198364258,11.800569534301758,216.19876469178462,-58.168809194380394,4.334364496634833,0.9556187998448389,0.9556187998448389
SB85783_component_2508a,221.560338,-56.579042,3.8570001125335693,14.891892433166504,221.55974032149095,-56.57922231568271,3.713734547782911,1.0385772227140433,1.0385772227140433
SB85783_component_2509a,223.867476,-62.581972,4.144000053405762,12.869565963745117,223.8666831571945,-62.58211584833915,3.8495708607329386,1.0764836402093831,1.0764836402093831
SB85783_component_2511a,222.696497,-62.372455,3.7219998836517334,14.94779109954834,222.69681525655884,-62.372832251973556,3.9114598638332443,0.9515628469223664,0.9515628469223664
SB85783_component_2513a,219.742864,-60.928296,3.674999952316284,12.760416984558105,219.7429165294153,-60.9289017353413,3.8600487871699025,0.952060493258871,0.952060493258871
SB85783_component_2524a,225.437182,-57.641208,4.251999855041504,11.97746467590332,225.43621474016422,-57.642144536135895,3.0613234174238713,1.3889417337746028,1.3889417337746028
SB85783_component_2527a,221.057563,-60.75637,4.493000030517578,16.10394287109375,221.0578488979977,-60.75696778084759,3.910826477809242,1.148862025971159,1.148862025971159
SB85783_component_2531a,219.62204,-57.136204,4.336999893188477,17.07480239868164,219.62218183622187,-57.13634897326875,3.9742561367727,1.091273371401357,1.091273371401357
SB85783_component_2534a,222.513337,-63.092149,4.238999843597412,11.395160675048828,222.51341907411702,-63.092656841964796,4.004393785298204,1.0585871597245369,1.0585871597245369
SB85783_component_2536a,216.105849,-58.431215,3.881999969482422,10.813370704650879,216.10568036665921,-58.43117398765741,3.9106404880738235,0.9926762588689126,0.9926762588689126
SB85783_component_2542a,224.973585,-56.671872,4.2729997634887695,13.60827922821045,224.97330992028935,-56.67250476309751,4.1322570360863535,1.0340595287692251,1.0340595287692251
SB85783_component_2550a,225.654638,-55.60765,4.182000160217285,12.263930320739746,225.65450887992787,-55.60854231025031,3.194304178921332,1.3092053624115043,1.3092053624115043
SB85783_component_2558a,224.675368,-56.628123,4.454999923706055,15.68661880493164,224.67506738785238,-56.629347991814406,3.2857423086779853,1.3558579782534799,1.3558579782534799
SB85783_component_2559a,224.028605,-56.194027,4.284999847412109,13.690095901489258,224.02868560166723,-56.19482393947234,3.152529524163387,1.3592259214604043,1.3592259214604043
SB85783_component_2563a,218.9829,-57.742272,3.9719998836517334,16.345678329467773,218.98252156290576,-57.74264003577585,4.505979704121551,0.8814952894746964,0.8814952894746964
SB85783_component_2569a,224.850279,-61.530003,4.376999855041504,18.78540802001953,224.85025267030497,-61.530922048417075,3.2831372825097795,1.3331760077042913,1.3331760077042913
SB85783_component_2573a,222.077984,-63.036597,4.136000156402588,11.058823585510254,222.07934644625152,-63.0367257933108,4.080435251895668,1.0136173964483581,1.0136173964483581
SB85783_component_2574a,226.459764,-56.106416,4.210999965667725,12.877676010131836,226.4597465309366,-56.10719703628456,3.2719401194837445,1.2870039829250137,1.2870039829250137
SB85783_component_2575a,217.108919,-57.202563,4.156000137329102,11.44903564453125,217.10861812655685,-57.202943060419294,5.495060671465218,0.7563156051962088,0.7563156051962088
SB85783_component_2578a,225.141885,-56.992072,3.5460000038146973,12.269895553588867,225.14152261324568,-56.99298011302981,3.4075983488907684,1.040615601005025,1.040615601005025
SB85783_component_2579a,222.578953,-61.946209,3.7249999046325684,15.783897399902344,222.57986303903408,-61.946925614783886,4.064561069568966,0.9164580974121255,0.9164580974121255
SB85783_component_2583a,216.814491,-58.251437,4.093999862670898,15.507575035095215,216.8140898808581,-58.25181414299562,3.409410962636042,1.2007938930030175,1.2007938930030175
SB85783_component_2587a,219.050068,-60.098595,4.033999919891357,15.515384674072266,219.05046642729624,-60.099285285588564,4.21679333224701,0.9566510858007244,0.9566510858007244
SB85783_component_2599a,230.563607,-60.136792,3.815999984741211,10.719100952148438,230.56322670481634,-60.13779888202253,4.01501156999029,0.9504331228491179,0.9504331228491179
SB85783_component_2601a,226.415361,-61.841344,3.747999906539917,13.88148021697998,226.4149111188396,-61.842241839597875,2.849255822062734,1.315431165400421,1.315431165400421
SB85783_component_2602a,223.717709,-60.206196,4.000999927520752,16.198381423950195,223.7184686319426,-60.20712820476097,4.230783808271381,0.945687633506257,0.945687633506257
SB85783_component_2606a,223.173597,-60.883043,3.9040000438690186,15.190661430358887,223.1754943325784,-60.88361820138545,3.6515925363875947,1.0691225828090674,1.0691225828090674
SB85783_component_2614a,222.2364,-60.715436,3.5399999618530273,13.720931053161621,222.23716376582928,-60.71619291692671,3.055579926291055,1.1585362017186618,1.1585362017186618
SB85783_component_2617a,218.399895,-61.261374,4.015999794006348,11.811763763427734,218.39989050863204,-61.2621258467166,3.5141912486980167,1.1427948878690788,1.1427948878690788
SB85783_component_2618a,224.955083,-56.49929,4.261000156402588,14.898601531982422,224.95520237191533,-56.49979041991441,2.6400620891391435,1.613977252251666,1.613977252251666
SB85783_component_2620a,221.65691,-55.932871,4.264999866485596,11.049221992492676,221.6569328456623,-55.93302316971754,4.730519717237568,0.901592239631586,0.901592239631586
SB85783_component_2621a,222.233018,-58.642106,3.9040000438690186,14.19636344909668,222.23354786075976,-58.64262254615836,3.6678790205590266,1.0643753575258337,1.0643753575258337
SB85783_component_2631a,220.926789,-56.725837,3.7750000953674316,12.71043872833252,220.9259456815394,-56.72579611894135,3.1486546668575945,1.1989247773351213,1.1989247773351213
SB85783_component_2638a,227.19654,-60.547333,4.110000133514404,18.76712417602539,227.1965363747545,-60.54847558793285,3.29929740009704,1.2457198109493008,1.2457198109493008
SB85783_component_2650a,222.089921,-61.569352,3.494999885559082,13.979999542236328,222.0904893137611,-61.570217410287015,3.254512885597502,1.0738933930868209,1.0738933930868209
SB85783_component_2653a,217.49138,-59.496541,4.122000217437744,16.1015625,217.49086601585165,-59.49713637271725,3.5697238672438676,1.1547112243783386,1.1547112243783386
SB85783_component_2659a,222.386079,-57.039514,3.4769999980926514,14.670886039733887,222.385556977007,-57.04043373529051,3.398560928076057,1.0230800835049318,1.0230800835049318
SB85783_component_2661a,224.5872,-62.212889,3.815999984741211,14.564886093139648,224.5872057264229,-62.213085657630806,3.0526807217775396,1.2500488365908111,1.2500488365908111
SB85783_component_2664a,226.972708,-59.096623,3.6679999828338623,10.188888549804688,226.97259103820693,-59.09741575259897,2.6724511979912173,1.3725227183160396,1.3725227183160396
SB85783_component_2670a,224.652515,-56.357176,3.734999895095825,14.094340324401855,224.6529360355653,-56.357846771708275,3.3167637614017087,1.1260976553595015,1.1260976553595015
SB85783_component_2681a,222.017525,-55.884575,3.7860000133514404,10.069149017333984,222.01729840190703,-55.884936919682524,4.51406293517781,0.8387122793187882,0.8387122793187882
SB85783_component_2683a,229.4022,-60.211388,3.562999963760376,13.547527313232422,229.40225721671376,-60.2127150740061,2.8084418563945084,1.2686749970086877,1.2686749970086877
SB85783_component_2691a,219.503312,-59.126296,3.7780001163482666,15.112000465393066,219.50251502323772,-59.126322326742816,4.056019723447636,0.9314550652966126,0.9314550652966126
SB85783_component_2692a,217.485088,-59.24469,3.4570000171661377,12.258865356445312,217.4843439618358,-59.244883757367425,3.438877326573785,1.0052699439006767,1.0052699439006767
SB85783_component_2693a,223.971903,-60.186942,3.5899999141693115,13.598484992980957,223.9720000286933,-60.18746884063219,4.146850102970445,0.86571730953037,0.86571730953037
SB85783_component_2696a,221.325804,-57.415882,4.03000020980835,11.994048118591309,221.32570164923465,-57.41647602583375,3.267134039221763,1.2334970532057823,1.2334970532057823
SB85783_component_2697a,219.24434,-57.912229,3.746999979019165,15.483470916748047,219.24414585847964,-57.91267584158255,4.644033219832583,0.8068417691366653,0.8068417691366653
SB85783_component_2706a,228.227425,-60.877643,4.070000171661377,17.619047164916992,228.22770465245662,-60.87880874746134,2.790885315043987,1.4583186739069676,1.4583186739069676
SB85783_component_2707a,224.561112,-61.728842,3.9210000038146973,16.68510627746582,224.56157411204725,-61.728983640669895,3.270627047399568,1.198852680843642,1.198852680843642
SB85783_component_2710a,218.259704,-57.824454,3.7890000343322754,16.19230842590332,218.25940179398543,-57.82456167884394,3.8535152011216547,0.9832580998329523,0.9832580998329523
SB85783_component_2711a,226.137971,-60.858612,3.9240000247955322,18.50943374633789,226.13794992708915,-60.859202236272665,4.149287625936942,0.9457045108820246,0.9457045108820246
SB85783_component_2717a,223.633014,-62.77106,3.490000009536743,10.771604537963867,223.63460211078245,-62.7714380156349,3.138593096797962,1.1119631955787106,1.1119631955787106
SB85783_component_2725a,222.560136,-62.565901,3.7079999446868896,11.922829627990723,222.56081620233755,-62.56645977517028,3.6435800799102434,1.0176803757194306,1.0176803757194306
SB85783_component_2733a,219.92507,-61.016643,3.3559999465942383,12.383763313293457,219.9250233630268,-61.01708723142355,3.364736959522465,0.9974033593016831,0.9974033593016831
SB85783_component_2737a,227.250358,-60.842229,3.563999891281128,15.769911766052246,227.2501570453118,-60.84278258024518,3.3061686621410433,1.077984898983682,1.077984898983682
SB85783_component_2741a,223.794146,-58.403441,3.7860000133514404,11.64923095703125,223.79439653162368,-58.40448200902592,4.430771973581768,0.8544786407256467,0.8544786407256467
SB85783_component_2745a,225.770142,-61.189553,3.6649999618530273,16.004365921020508,225.77038426828668,-61.190098288446215,3.974589017526179,0.922107907431938,0.922107907431938
SB85783_component_2747a,217.167776,-57.489375,3.753000020980835,11.619194984436035,217.16755808290992,-57.489588128229315,7.439320496036921,0.5044815615861872,0.5044815615861872
SB85783_component_2752a,218.395563,-58.138853,3.871999979019165,13.978339195251465,218.39537258396376,-58.13841144425234,3.3479829965049217,1.1565172173996354,1.1565172173996354
SB85783_component_2755a,221.790813,-62.135685,3.747999906539917,16.438596725463867,221.7913982392067,-62.13587213514018,3.6126708194279975,1.0374595676927316,1.0374595676927316
SB85783_component_2759a,216.273211,-59.225535,3.622999906539917,10.120111465454102,216.27224172493882,-59.22612790178797,4.416282315809008,0.8203732568388188,0.8203732568388188
SB85783_component_2765a,226.508631,-55.841589,3.6089999675750732,10.223796844482422,226.50828502331524,-55.84220619940604,3.2657617358796696,1.1051020433990566,1.1051020433990566
SB85783_component_2767a,228.388085,-60.27321,3.627000093460083,12.421233177185059,228.38891926371454,-60.27410390273135,3.137870444331946,1.1558794914594612,1.1558794914594612
SB85783_component_2777a,222.399385,-61.532885,3.617000102996826,15.008299827575684,222.39971188731772,-61.53325940816161,3.4749931213776764,1.0408653993429635,1.0408653993429635
SB85783_component_2785a,224.524648,-55.62486,3.568000078201294,10.282421112060547,224.52381550132844,-55.625707241876626,2.2803905805888296,1.564644280051352,1.564644280051352
SB85783_component_2788a,223.36977,-61.55794,3.8269999027252197,15.879668235778809,223.36930670749507,-61.55863477320969,2.6204319417903754,1.4604462118220376,1.4604462118220376
SB85783_component_2793a,217.357333,-58.325745,3.486999988555908,13.258554458618164,217.3559807590983,-58.32617827970279,3.1966516640134057,1.090828890683062,1.090828890683062
SB85783_component_2796a,222.677732,-60.281924,3.2799999713897705,11.38888931274414,222.67817043819326,-60.282897884407,3.2772164928027636,1.0008493422979896,1.0008493422979896
SB85783_component_2800a,224.021229,-57.64456,3.6489999294281006,12.286195755004883,224.02137252676525,-57.64531783608359,3.819098200316404,0.9554611424041909,0.9554611424041909
SB85783_component_2813a,219.566971,-61.174733,3.6059999465942383,11.632257461547852,219.5665487460353,-61.175560468165344,3.4847543390120905,1.034793157791582,1.034793157791582
SB85783_component_2814a,224.293008,-58.060225,3.453000068664551,13.280770301818848,224.29250204337654,-58.060915458621366,3.0114821078239276,1.1466115171973115,1.1466115171973115
SB85783_component_2822a,223.265865,-60.860641,3.815000057220459,15.260000228881836,223.2663932799577,-60.86129036866359,3.2091176066755285,1.1888003260723723,1.1888003260723723
SB85783_component_2824a,218.136266,-59.891655,3.5880000591278076,13.338290214538574,218.13656383345005,-59.89334367157122,3.4972548435185993,1.0259475559172888,1.0259475559172888
SB85783_component_2827a,226.230385,-61.092223,3.2269999980926514,13.731914520263672,226.23080573938825,-61.09283380991592,3.278414229320074,0.984317347464025,0.984317347464025
SB85783_component_2831a,223.346576,-60.263113,3.496999979019165,11.244373321533203,223.34746481985104,-60.264141243062554,4.0335898388778055,0.8669696520239335,0.8669696520239335
SB85783_component_2834a,221.328973,-57.848513,3.2249999046325684,14.461882591247559,221.32904945238175,-57.848725512019286,3.2840118097380575,0.9820305441866861,0.9820305441866861
SB85783_component_2836a,221.497906,-63.061431,3.5999999046325684,10.084033966064453,221.49924556938706,-63.06240034090215,3.4745759006183263,1.0360976440295697,1.0360976440295697
SB85783_component_2843a,217.126388,-59.345018,3.5280001163482666,12.690648078918457,217.12600047385035,-59.34529267526341,3.2994841109284696,1.0692581014901426,1.0692581014901426
SB85783_component_2848a,226.436117,-60.421904,3.4649999141693115,15.33185863494873,226.4370548235842,-60.422756959614524,3.3560283607655315,1.0324703910961357,1.0324703910961357
SB85783_component_2853a,222.557271,-61.541451,3.61299991607666,14.113280296325684,222.5577044243485,-61.54163255315688,3.118427308985226,1.1585968047632236,1.1585968047632236
SB85783_component_2854a,218.688355,-56.958937,3.3420000076293945,11.177257537841797,218.68727529271055,-56.95887680004578,2.268085704018337,1.4734892961533235,1.4734892961533235
SB85783_component_2856a,226.434822,-61.063997,3.7130000591278076,17.43192481994629,226.4353034536406,-61.064479463302334,2.3982445394315137,1.548215787872886,1.548215787872886
SB85783_component_2858a,219.478545,-59.280899,3.749000072479248,15.88559341430664,219.4782988759755,-59.28192822020778,3.0785674541660955,1.2177742174873851,1.2177742174873851
SB85783_component_2865a,228.312658,-61.014748,3.736999988555908,13.490974426269531,228.313518137909,-61.016114561127715,3.277433824982163,1.1402213402664954,1.1402213402664954
SB85783_component_2869a,217.186417,-58.281485,3.3919999599456787,13.147287368774414,217.18522163492116,-58.281712421087434,2.7677747379237783,1.2255332464267512,1.2255332464267512
SB85783_component_2881a,219.525807,-59.358138,3.0420000553131104,12.168000221252441,219.5264791662607,-59.35881816998154,3.674155296022676,0.8279454215248108,0.8279454215248108
SB85783_component_2890a,217.604125,-57.362722,3.1449999809265137,10.9581880569458,217.60375020814894,-57.362723822595775,2.7510138766799406,1.1432148734640535,1.1432148734640535
SB85783_component_2893a,228.650793,-60.203562,3.5199999809265137,12.661870956420898,228.65006609862436,-60.20432657855281,2.7088963856013075,1.2994221556928105,1.2994221556928105
SB85783_component_2901a,225.945512,-61.511384,3.2339999675750732,14.309734344482422,225.94574587413322,-61.51173318544776,1.9507923813746555,1.6577878806847637,1.6577878806847637
SB85783_component_2906a,219.192864,-58.40933,3.640000104904175,15.166666984558105,219.1925298963276,-58.40947645452656,2.9696528956078625,1.2257325124723366,1.2257325124723366
SB85783_component_2912a,220.128914,-56.759912,2.992000102996826,10.040268898010254,220.12847866510236,-56.75992417534142,3.598046150499956,0.831562458580772,0.831562458580772
SB85783_component_2915a,220.738087,-58.453587,3.5789999961853027,13.87209415435791,220.73682599982538,-58.453669134141585,4.322406565705924,0.8280109568084533,0.8280109568084533
SB85783_component_2916a,223.799511,-57.056822,3.1070001125335693,11.298181533813477,223.79993693118877,-57.05764245598787,3.8535923196358906,0.806260718525393,0.806260718525393
SB85783_component_2918a,224.316022,-57.018763,3.4100000858306885,12.007041931152344,224.31555469575554,-57.01977309380634,2.687055872783526,1.269046959674219,1.269046959674219
SB85783_component_2931a,219.688588,-56.810895,3.2939999103546143,10.979999542236328,219.6880643040413,-56.81091573189461,3.2006198002591155,1.0291756334469777,1.0291756334469777
SB85783_component_2934a,225.453588,-60.730502,3.11899995803833,14.307339668273926,225.45383867521076,-60.7303807430778,3.3172977676838817,0.9402230901376086,0.9402230901376086
SB85783_component_2936a,228.715041,-60.944979,3.0450000762939453,12.37804889678955,228.71652095101786,-60.945351607373155,3.593315758073273,0.8474067633640598,0.8474067633640598
SB85783_component_2939a,224.739041,-62.343698,3.569000005722046,12.978181838989258,224.73974883545986,-62.3439621661205,2.848857453361999,1.252782936369874,1.252782936369874
SB85783_component_2944a,226.697973,-59.523558,3.5999999046325684,12.63157844543457,226.69863748242756,-59.52483621391408,3.0283391680148095,1.1887703803641334,1.1887703803641334
SB85783_component_2950a,217.888161,-57.550461,2.994999885559082,11.301886558532715,217.88822963189585,-57.550478204418845,2.533383039818025,1.1822136007408557,1.1822136007408557
SB85783_component_2952a,225.895009,-61.739457,3.500999927520752,13.675780296325684,225.8946919804805,-61.74036027873105,2.775441229288446,1.2614210276102014,1.2614210276102014
SB85783_component_2958a,218.818757,-60.169868,3.5160000324249268,12.124138832092285,218.81878617009548,-60.17063998332323,3.8855350724570674,0.9048946842220985,0.9048946842220985
SB85783_component_2959a,220.564239,-61.917681,3.058000087738037,10.655052185058594,220.56452418532402,-61.91818789504636,2.7204574647326902,1.1240756848365256,1.1240756848365256
SB85783_component_2967a,219.393643,-58.459208,3.5460000038146973,13.9606294631958,219.39342061386398,-58.45903365590739,3.944469770145124,0.8989801444679937,0.8989801444679937
SB85783_component_2969a,224.76913,-61.22936,3.6480000019073486,15.263598442077637,224.76882056920508,-61.22973159941417,3.595847728731196,1.0145034709783316,1.0145034709783316
SB85783_component_2971a,227.491773,-60.434544,3.0299999713897705,12.948718070983887,227.4919696904751,-60.43517989282594,3.5843658792011754,0.8453378013030989,0.8453378013030989
SB85783_component_2972a,219.261527,-56.747442,3.503000020980835,12.079310417175293,219.26004587280167,-56.74757517387896,3.627047052899114,0.9657994423261954,0.9657994423261954
SB85783_component_2986a,219.328042,-61.154458,3.3559999465942383,11.816901206970215,219.32874111247529,-61.154937741608954,2.9127717514330147,1.15216715657283,1.15216715657283
SB85783_component_2987a,224.12001,-60.237704,3.450000047683716,13.745020866394043,224.12107505857168,-60.23865608524593,3.03561416338202,1.1365080876549944,1.1365080876549944
SB85783_component_2994a,227.652431,-60.367821,3.0490000247955322,12.294355392456055,227.65341265361081,-60.368559253015505,3.4001136681299187,0.8967347337162699,0.8967347337162699
SB85783_component_2999a,228.19949,-60.744986,2.7699999809265137,11.737287521362305,228.19929311466115,-60.74607703268934,2.8413315921651674,0.9748950064697316,0.9748950064697316
SB85783_component_3007a,218.027422,-57.707077,3.253000020980835,13.610878944396973,218.02675470176686,-57.7074215806811,3.331048806999695,0.9765693057829556,0.9765693057829556
SB85783_component_3009a,221.905016,-57.221634,3.2249999046325684,12.078651428222656,221.90483982614222,-57.22205294356069,3.0748374033895547,1.048835916031684,1.048835916031684
SB85783_component_3012a,220.558246,-57.711361,2.9630000591278076,13.40723991394043,220.5573138907441,-57.7113341412481,3.4543059712056965,0.8577700075866752,0.8577700075866752
SB85783_component_3020a,227.254281,-60.974434,2.8949999809265137,12.753303527832031,227.25404673836678,-60.974945515772355,2.903418335987393,0.9971005366479453,0.9971005366479453
SB85783_component_3025a,227.367932,-61.006083,3.250999927520752,13.8340425491333,227.36800491034077,-61.006788926539954,3.032893950726987,1.0719134860424264,1.0719134860424264
SB85783_component_3031a,227.072214,-60.30293,3.1519999504089355,13.704347610473633,227.0725733761082,-60.30355549995591,3.1530631331667163,0.9996628095560164,0.9996628095560164
SB85783_component_3035a,219.252717,-61.274803,3.4210000038146973,12.131205558776855,219.25307692647854,-61.27579706496137,3.5335708657640668,0.9681424637496189,0.9681424637496189
SB85783_component_3038a,225.347475,-61.252033,3.247999906539917,14.967741966247559,225.34737044348765,-61.25224370572556,2.9496737523681977,1.101138695061514,1.101138695061514
SB85783_component_3040a,223.521839,-61.312151,3.0959999561309814,13.883407592773438,223.52209128032715,-61.31262543435097,2.6714838630129156,1.158906478528863,1.158906478528863
SB85783_component_3048a,219.181191,-58.72926,3.255000114440918,12.86561393737793,219.18069966738278,-58.72965018469562,2.4203298291128954,1.3448580748326966,1.3448580748326966
SB85783_component_3049a,227.646047,-59.888709,2.9679999351501465,10.95202922821045,227.64716795898187,-59.88960722036973,3.2360770811522444,0.9171598391263766,0.9171598391263766
SB85783_component_3052a,224.638502,-55.952344,2.877000093460083,10.500000953674316,224.63773506169022,-55.953288263363774,2.2536738438070634,1.2765822798032094,1.2765822798032094
SB85783_component_3053a,223.400468,-62.249024,3.2119998931884766,13.110203742980957,223.401280332046,-62.2490145607165,3.1478021227673696,1.020394474594441,1.020394474594441
SB85783_component_3060a,220.116577,-57.03289,3.1700000762939453,12.19230842590332,220.11631507144594,-57.03301270736435,2.977665377101598,1.064592449061406,1.064592449061406
SB85783_component_3070a,222.781768,-61.248809,2.821000099182129,11.467479705810547,222.78094157320731,-61.24944539686176,3.353652401128785,0.8411724775747856,0.8411724775747856
SB85783_component_3075a,224.119713,-57.108312,3.246000051498413,11.80363655090332,224.11946019313314,-57.109425517391365,3.0829941396926466,1.0528725986556748,1.0528725986556748
SB85783_component_3077a,222.150756,-56.848042,2.86299991607666,11.685713768005371,222.1499521743439,-56.84836624843031,3.074763310917929,0.9311285541591655,0.9311285541591655
SB85783_component_3092a,222.544123,-57.50222,2.865999937057495,10.127208709716797,222.54402382271215,-57.50267918559966,3.2323914940275342,0.8866500058402523,0.8866500058402523
SB85783_component_3098a,226.114474,-61.800193,3.2060000896453857,13.642553329467773,226.11511294714805,-61.80066818581214,2.2304373807483975,1.4373862800710637,1.4373862800710637
SB85783_component_3106a,218.274701,-57.2289,3.2079999446868896,10.729097366333008,218.27422661134474,-57.228831796251356,3.2478336841619075,0.9877352896272775,0.9877352896272775
SB85783_component_3108a,226.507095,-60.302237,3.2829999923706055,15.341121673583984,226.50851144528784,-60.30235941135217,2.9241938417065696,1.1227025874777972,1.1227025874777972
SB85783_component_3110a,221.800603,-62.343917,2.8450000286102295,11.11328125,221.80060962740376,-62.344768227106414,2.086327686654978,1.3636400680526055,1.3636400680526055
SB85783_component_3111a,218.692751,-61.395843,3.13100004196167,11.102836608886719,218.69435761630447,-61.39614532961688,2.791247135133421,1.1217208259891358,1.1217208259891358
SB85783_component_3134a,217.914397,-58.348161,2.691999912261963,11.03278636932373,217.9127800091509,-58.34865029982383,2.7268088992282222,0.9872345337525811,0.9872345337525811
SB85783_component_3140a,222.890863,-61.097588,3.0910000801086426,12.987395286560059,222.89155179765564,-61.097949674089584,2.509791882403048,1.231576252111034,1.231576252111034
SB85783_component_3145a,218.562284,-61.517521,3.1530001163482666,10.041400909423828,218.56347087159872,-61.51844447586139,3.014600382564676,1.045909810993206,1.045909810993206
SB85783_component_3161a,225.051845,-61.697872,3.0350000858306885,13.7330322265625,225.052332456334,-61.69844387004908,2.273966084658864,1.3346725381289024,1.3346725381289024
SB85783_component_3163a,224.339753,-61.708016,3.0820000171661377,13.820627212524414,224.3402901196661,-61.70832002826278,2.9037858262294987,1.0613730493918851,1.0613730493918851
SB85783_component_3177a,222.377061,-60.942265,2.9719998836517334,11.983870506286621,222.37789594564717,-60.942771152870286,2.0789094747199437,1.4295956220277946,1.4295956220277946
SB85783_component_3180a,219.408312,-61.456747,3.124000072479248,11.656716346740723,219.40852242052898,-61.45789971150051,2.6464857922544787,1.1804333435767234,1.1804333435767234
SB85783_component_3185a,217.100311,-58.650348,2.6740000247955322,10.782258033752441,217.09974226815052,-58.65025241690366,3.141530095190001,0.8511775930110285,0.8511775930110285
SB85783_component_3191a,221.066424,-61.565497,3.115000009536743,12.460000038146973,221.06663553903996,-61.56623905828564,2.282625012553933,1.364656915789905,1.364656915789905
SB85783_component_3219a,218.331161,-58.115021,2.9769999980926514,11.276515007019043,218.3316248446645,-58.11532256179838,2.7935796372441555,1.0656578242492627,1.0656578242492627
SB85783_component_3240a,225.24993,-56.053259,2.946000099182129,11.28735637664795,225.24929361163,-56.054277503615864,2.752866183128002,1.0701573934969386,1.0701573934969386
SB85783_component_3245a,222.665266,-61.380825,2.625,11.122880935668945,222.6661870732074,-61.38130169201177,2.6948512179974484,0.9740797497349947,0.9740797497349947
SB85783_component_3265a,223.013542,-61.545603,2.928999900817871,12.053497314453125,223.01375832170643,-61.545980286376206,1.977350257834069,1.4812752010997845,1.4812752010997845
SB85783_component_3280a,226.057284,-61.717296,2.509999990463257,10.0,226.05688530083384,-61.717180977106864,2.3619236714416405,1.0626931008872254,1.0626931008872254
SB85783_component_3286a,226.485497,-61.812101,3.015000104904175,12.157258987426758,226.48632351133435,-61.812715852427594,2.1919661933437067,1.3754774658750468,1.3754774658750468
SB85783_component_3295a,220.87756,-61.850208,2.8949999809265137,11.4880952835083,220.87803448779943,-61.85030644666525,2.081303748722629,1.3909550601171403,1.3909550601171403
SB85783_component_3296a,218.455027,-57.294638,2.802999973297119,10.864341735839844,218.45487251535656,-57.294829186824906,2.536823346557571,1.1049251723028903,1.1049251723028903
SB85783_component_3305a,219.459219,-57.430103,2.686000108718872,12.435185432434082,219.4586006036628,-57.429847946588175,3.332218636622741,0.8060695895516562,0.8060695895516562
SB85783_component_3316a,221.032773,-61.630069,2.5460000038146973,10.023621559143066,221.03373118209873,-61.630563804215974,2.0485014331102973,1.242859762098889,1.242859762098889
SB85783_component_3323a,221.480703,-61.962686,2.9570000171661377,12.219008445739746,221.48104979638927,-61.96310789619248,2.0671075753865185,1.4305012725877233,1.4305012725877233
SB85783_component_3336a,224.162285,-61.686225,2.8340001106262207,13.000000953674316,224.1631169488186,-61.68657622001058,2.5679372675392464,1.1036095571532134,1.1036095571532134
SB85783_component_3344a,223.368777,-62.119404,2.8459999561309814,12.877827644348145,223.36835857311928,-62.12016896384757,2.4215623249461964,1.1752742957768867,1.1752742957768867
SB85783_component_3353a,222.45747,-56.727206,2.9100000858306885,11.686747550964355,222.4579370854283,-56.72763613815596,2.3107860446055186,1.2593117794804163,1.2593117794804163
SB85783_component_3360a,217.261914,-59.167287,2.7809998989105225,10.37686538696289,217.26143038071893,-59.16763560216223,2.7922933401957892,0.99595549610684,0.99595549610684
SB85783_component_3371a,223.246899,-61.779973,2.4690001010894775,10.036585807800293,223.24760658688874,-61.780128032544006,2.364192531737946,1.0443312327336074,1.0443312327336074
SB85783_component_3374a,225.965876,-61.454638,2.4760000705718994,11.203619956970215,225.96553083929376,-61.45518226995415,2.7247178563979797,0.9087179668008342,0.9087179668008342
SB85783_component_3392a,220.107092,-58.266725,2.437000036239624,10.196653366088867,220.10655803172867,-58.26686906734688,2.6263008821739997,0.9279211124592563,0.9279211124592563
SB85783_component_3394a,221.622125,-61.839943,2.7260000705718994,11.03643798828125,221.6232922920092,-61.84034346350847,1.9994053625449213,1.3634054012449681,1.3634054012449681
SB85783_component_3395a,225.524411,-61.338313,2.5739998817443848,11.38938045501709,225.52457288086012,-61.33912194794152,2.5810759152074847,0.9972584946372912,0.9972584946372912
SB85783_component_3396a,223.96404,-61.983437,2.7690000534057617,12.144737243652344,223.9647019681903,-61.98322935557003,2.4816201749047315,1.1158033293761656,1.1158033293761656
SB85783_component_3438a,226.562939,-61.494316,2.5309998989105225,11.504545211791992,226.5617630153844,-61.49509614436589,2.2994566062860025,1.1006947867559458,1.1006947867559458
SB85783_component_3451a,224.342445,-61.919586,2.3359999656677246,10.475336074829102,224.34252087180514,-61.92042364631754,2.1644029049392075,1.0792814777400868,1.0792814777400868
SB85783_component_3455a,223.888156,-61.527879,2.632999897003174,12.022830963134766,223.8874901614492,-61.52789089684759,1.8864530270997737,1.3957410331340923,1.3957410331340923
SB85783_component_3480a,220.842567,-61.876901,2.622999906539917,11.021007537841797,220.84372272638257,-61.8776343882524,2.1523887179162604,1.218646002325852,1.218646002325852
SB85783_component_3523a,222.299823,-62.062076,2.497999906539917,10.32231330871582,222.2989640812745,-62.06239694212391,2.1099872978055485,1.183893338665078,1.183893338665078
SB85783_component_3541a,223.178436,-57.0503,2.619999885559082,10.314959526062012,223.17853041110763,-57.05100515081862,1.5247166812308521,1.7183519520781034,1.7183519520781034
SB85783_component_3546a,219.366258,-57.392939,2.609999895095825,11.397378921508789,219.36521046938392,-57.3931539299898,1.7966601462808873,1.452695380647566,1.452695380647566
SB85783_component_3547a,219.358771,-58.646581,2.565999984741211,10.781512260437012,219.35866746345783,-58.646183760222925,1.9344343958013182,1.3264859176980637,1.3264859176980637
SB85783_component_3548a,225.72063,-60.17049,2.4590001106262207,10.599138259887695,225.72129364720607,-60.17203634259038,2.541532997463242,0.9675263366954515,0.9675263366954515
SB85783_component_3719a,226.146061,-60.020561,2.1510000228881836,10.098591804504395,226.14780841037236,-60.02075733355844,2.7748612524105933,0.7751739014048197,0.7751739014048197
SB85783_component_3723a,225.083626,-61.474779,2.3399999141693115,10.173912048339844,225.08332838773595,-61.47505995208111,2.493663490732279,0.9383783829959177,0.9383783829959177
