Component_ID,RA,DEC,ASKAP_flux,ASKAP_flux_SNR,RA_comp,DEC_comp,Comp_flux,Flux_Ratio_AlphaCorr,Flux_Ratio_NOAlphaCorr
SB85158_component_23a,306.870281,-55.500661,373.260986328125,1078.7890625,306.8701763098978,-55.500550516246044,400.40104417603766,0.932217814507046,0.932217814507046
SB85158_component_27a,316.062949,-58.941463,315.7019958496094,977.405517578125,316.0627728530073,-58.941344785027866,306.6400054570506,1.029552537931415,1.029552537931415
SB85158_component_29a,306.144441,-54.198309,290.239013671875,436.4496154785156,306.1444129525855,-54.19814305258286,300.39856664357444,0.9661797554987875,0.9661797554987875
SB85158_component_42a,308.436668,-56.051132,213.39100646972656,965.5701904296875,308.43649136607803,-56.050966065749584,233.63866457343102,0.9133377254117083,0.9133377254117083
SB85158_component_44a,306.78665,-57.429272,206.99899291992188,583.0957641601562,306.7866563551386,-57.429123510588965,224.83443661901322,0.9206729895682578,0.9206729895682578
SB85158_component_46a,317.641803,-53.364438,188.44700622558594,359.6317138671875,317.64172257159265,-53.36436542479304,188.70273894033258,0.9986447853582692,0.9986447853582692
SB85158_component_58a,307.233179,-54.184486,180.38299560546875,609.4019775390625,307.2330753265878,-54.184373630431836,186.4456009494243,0.9674832481266206,0.9674832481266206
SB85158_component_61a,306.282509,-58.647426,170.01699829101562,375.3134460449219,306.2825134743103,-58.647307009332486,169.08931858775898,1.0054863294204783,1.0054863294204783
SB85158_component_63a,319.308566,-53.889251,167.32400512695312,103.79901123046875,319.3086485847095,-53.88920968400135,180.91704719377742,0.9248658858981652,0.9248658858981652
SB85158_component_67a,306.906218,-56.696464,149.93800354003906,585.6953125,306.9062168611456,-56.69622371232242,200.30703572752807,0.7485408737414269,0.7485408737414269
SB85158_component_73a,313.963338,-58.385515,148.48599243164062,472.88531494140625,313.9631493507744,-58.38526660932557,155.30045087174815,0.9561208071074107,0.9561208071074107
SB85158_component_85a,314.733027,-59.547411,145.4759979248047,443.5243835449219,314.73287149693164,-59.547407913018816,144.75327691930372,1.004992778200827,1.004992778200827
SB85158_component_86a,318.284778,-59.483119,129.5449981689453,198.9938507080078,318.2847515287363,-59.483018486567886,120.37566322966546,1.0761726639194968,1.0761726639194968
SB85158_component_88a,305.847919,-57.983175,133.1199951171875,242.4772186279297,305.8479177592544,-57.98303956323846,153.9911976820391,0.8644649637185988,0.8644649637185988
SB85158_component_95a,309.580725,-55.983312,119.22100067138672,587.2955932617188,309.58056908103777,-55.983018127671265,131.71364813147784,0.9051529766480931,0.9051529766480931
SB85158_component_97a,313.701288,-54.386878,120.94000244140625,587.08740234375,313.70104424050334,-54.38648990311022,131.69965759434896,0.9183015707900793,0.9183015707900793
SB85158_component_101a,309.030378,-53.409364,116.34400177001953,313.595703125,309.03025940396884,-53.40917502333065,120.30388959462505,0.9670842909738935,0.9670842909738935
SB85158_component_104a,318.149407,-57.515032,104.33899688720703,382.1941223144531,318.14906487584443,-57.514961847851346,115.36283475143199,0.9044420337973004,0.9044420337973004
SB85158_component_106a,317.351698,-56.312143,98.625,412.65692138671875,317.35140667420677,-56.31198905383761,103.24537479687912,0.9552486026035639,0.9552486026035639
SB85158_component_108a,309.032972,-59.314222,105.58799743652344,338.4230651855469,309.0328285286482,-59.31424762428129,108.2570160817151,0.9753455365592469,0.9753455365592469
SB85158_component_109a,316.005206,-52.464065,104.84200286865234,137.22775268554688,316.0050525661967,-52.46403616404987,120.19144495651341,0.8722917251438764,0.8722917251438764
SB85158_component_112a,306.228609,-56.110097,102.2300033569336,315.5246887207031,306.2285550038909,-56.10991803131607,115.57528752352148,0.8845316810146642,0.8845316810146642
SB85158_component_115a,317.695763,-57.232629,94.29299926757812,396.1890563964844,317.6954145291817,-57.23250899721368,102.86324519570587,0.9166831076365309,0.9166831076365309
SB85158_component_118a,308.727181,-60.0656,104.80899810791016,125.51976013183594,308.72716156784986,-60.06562196802538,107.28261522786417,0.9769429826566015,0.9769429826566015
SB85158_component_119a,319.306998,-56.646871,96.83100128173828,171.99111938476562,319.3068331450351,-56.646934402412995,109.99938528706853,0.8802867491398761,0.8802867491398761
SB85158_component_120a,309.275273,-54.204379,102.75399780273438,477.9255676269531,309.2751483737215,-54.20415878958594,103.49942272165815,0.9927977866994635,0.9927977866994635
SB85158_component_139a,312.287704,-55.513932,86.6520004272461,247.5771484375,312.2878106857757,-55.5134261522635,97.69504766579195,0.8869641040933481,0.8869641040933481
SB85158_component_140a,313.486112,-54.317369,86.96199798583984,412.1421813964844,313.48584807298573,-54.31703429821686,93.46541344621613,0.9304190157558269,0.9304190157558269
SB85158_component_141a,309.105434,-52.193877,82.43800354003906,69.80355834960938,309.1055816516046,-52.19384282004387,92.34246675390496,0.8927420550691856,0.8927420550691856
SB85158_component_146a,315.936488,-56.3729,82.00800323486328,412.10052490234375,315.93615672415694,-56.37251631476213,85.35882093172351,0.9607443301080685,0.9607443301080685
SB85158_component_148a,317.745408,-58.41834,85.58799743652344,345.1128845214844,317.7451128583214,-58.41818053100964,85.74808499597528,0.9981330479921581,0.9981330479921581
SB85158_component_149a,311.718847,-59.580942,86.12699890136719,267.47515869140625,311.71865628526336,-59.58105973040962,92.5507857865734,0.930591762883356,0.930591762883356
SB85158_component_150a,308.678304,-53.209518,80.96199798583984,269.8733215332031,308.6782387769959,-53.209329691624866,82.43659416292577,0.9821123592979646,0.9821123592979646
SB85158_component_153a,310.025123,-53.885458,81.2020034790039,379.4486083984375,310.0251831307235,-53.88517592742303,89.64040267430444,0.9058638856636974,0.9058638856636974
SB85158_component_155a,309.37292,-57.550211,79.06199645996094,383.7961120605469,309.3728219150142,-57.549950471790154,76.69923187602252,1.0308055833956409,1.0308055833956409
SB85158_component_156a,314.999703,-59.818762,82.94599914550781,177.23504638671875,314.9994918817408,-59.81877137948416,82.53247473883003,1.0050104447732406,1.0050104447732406
SB85158_component_160a,315.533464,-52.724681,82.35299682617188,170.5030975341797,315.53334539503544,-52.72463715665241,88.61158393110962,0.9293705537438148,0.9293705537438148
SB85158_component_161a,319.245166,-57.606737,82.75199890136719,146.72340393066406,319.2449521962575,-57.60673840440266,91.83440926420394,0.9011001384382294,0.9011001384382294
SB85158_component_162a,318.937837,-53.49059,81.94999694824219,77.23844909667969,318.93796802543943,-53.49057130059064,90.16364845223879,0.9089028489308802,0.9089028489308802
SB85158_component_163a,319.39587,-54.704076,80.78600311279297,59.62066650390625,319.3958482221097,-54.704055036412534,78.92509870162276,1.0235781068605994,1.0235781068605994
SB85158_component_164a,318.975151,-53.751378,81.6729965209961,79.60330963134766,318.97511028809066,-53.751287006513806,87.34622862506028,0.9350489174705306,0.9350489174705306
SB85158_component_166a,318.53985,-58.960128,77.05999755859375,171.62582397460938,318.5395797526078,-58.959979185839586,74.96362558825341,1.0279651891686097,1.0279651891686097
SB85158_component_168a,307.845897,-59.834907,82.53199768066406,121.01466369628906,307.8458695549958,-59.83486619766996,80.52225622281459,1.0249588319071472,1.0249588319071472
SB85158_component_169a,306.528794,-59.042427,78.16999816894531,178.8787078857422,306.52876004505674,-59.042269796605396,76.62765406104997,1.0201277740626973,1.0201277740626973
SB85158_component_170a,309.978324,-57.41888,77.37100219726562,394.7500305175781,309.9781651278993,-57.41853831187113,82.36491283818776,0.939368470519321,0.939368470519321
SB85158_component_175a,308.178375,-59.615612,75.75800323486328,166.5010986328125,308.17831858222314,-59.61556332951577,75.23071612189857,1.0070089338523687,1.0070089338523687
SB85158_component_184a,308.975185,-52.14938,68.63099670410156,54.59904479980469,308.97525116881343,-52.14933280680949,67.89710154584874,1.0108089320684366,1.0108089320684366
SB85158_component_185a,309.81861,-54.026509,69.58799743652344,320.6820373535156,309.8186074946454,-54.02623009926177,69.50094528820733,1.0012525318606116,1.0012525318606116
SB85158_component_186a,314.522028,-55.192734,69.80500030517578,308.8716735839844,314.52186496843206,-55.19228160045738,72.34797695136191,0.9648507566715276,0.9648507566715276
SB85158_component_190a,312.451362,-53.771513,68.15299987792969,378.6277770996094,312.45109805381594,-53.77132003245712,76.78362749083432,0.8875980740303671,0.8875980740303671
SB85158_component_192a,307.541297,-58.562809,66.66500091552734,268.81048583984375,307.5412540249309,-58.56273464996105,66.38854049122853,1.0041642792905705,1.0041642792905705
SB85158_component_196a,309.932168,-58.358058,65.05999755859375,318.92156982421875,309.93203507720193,-58.35792406513673,55.79276176775484,1.1661010406585548,1.1661010406585548
SB85158_component_198a,306.162069,-59.603181,70.59200286865234,86.61595153808594,306.1620641989776,-59.60313968435541,67.64595145573992,1.0435510381554762,1.0435510381554762
SB85158_component_201a,318.701146,-56.213511,63.21900177001953,151.6043243408203,318.70083141340194,-56.21348180051207,65.73254396643347,0.9617610692551701,0.9617610692551701
SB85158_component_202a,315.7387,-56.361596,60.487998962402344,311.7937927246094,315.73834546802897,-56.36122250338162,62.233248979543745,0.9719563087937917,0.9719563087937917
SB85158_component_205a,314.587332,-56.563725,63.321998596191406,346.0218505859375,314.58709460334546,-56.56325867787897,64.19509569093032,0.9863993178085991,0.9863993178085991
SB85158_component_206a,316.599089,-59.27748,61.06100082397461,218.85662841796875,316.59884861051,-59.27738876026717,55.37999947251397,1.102582185004899,1.102582185004899
SB85158_component_209a,307.040394,-59.359293,61.90999984741211,152.86419677734375,307.04038865586057,-59.3592262413795,58.808632702377686,1.0527365966954207,1.0527365966954207
SB85158_component_211a,307.597536,-58.084294,59.097999572753906,243.20164489746094,307.59755607678557,-58.08422663584495,61.13373652087,0.9667002695406793,0.9667002695406793
SB85158_component_213a,311.632265,-56.467942,57.874000549316406,287.93035888671875,311.6323224270352,-56.46743420031074,64.0763828204883,0.9032033020879465,0.9032033020879465
SB85158_component_216a,318.881564,-59.218819,58.584999084472656,89.85429382324219,318.8813947509471,-59.21869105268989,64.1251447205063,0.9136041616719817,0.9136041616719817
SB85158_component_217a,306.042464,-56.480915,59.02899932861328,183.89096069335938,306.0423996623233,-56.48068311750548,63.59907768388208,0.9281423800202846,0.9281423800202846
SB85158_component_224a,313.876979,-54.547615,54.27299880981445,287.1587219238281,313.8768023604386,-54.547245689818425,76.07542054502056,0.7134104342899599,0.7134104342899599
SB85158_component_228a,315.672454,-59.291924,56.79100036621094,214.30567932128906,315.67231523587486,-59.291873763372806,54.08295862499113,1.0500719969851733,1.0500719969851733
SB85158_component_229a,315.65519,-53.385512,55.26300048828125,221.052001953125,315.6550620633479,-53.385392446867804,37.64666201442358,1.4679389229012738,1.4679389229012738
SB85158_component_230a,308.308975,-52.740424,53.16699981689453,109.62267303466797,308.3089565357192,-52.740298590640904,55.25689630067593,0.9621785401697301,0.9621785401697301
SB85158_component_232a,312.332134,-53.904752,54.303001403808594,323.2321472167969,312.33195455560445,-53.904543567118694,59.736230641606575,0.9090463328629625,0.9090463328629625
SB85158_component_234a,311.072131,-59.634286,55.76499938964844,175.36163330078125,311.07201607450224,-59.63444411644592,58.47676136020269,0.9536266731009528,0.9536266731009528
SB85158_component_241a,315.374934,-55.58536,50.08300018310547,208.67916870117188,315.3747326186543,-55.584996462017244,49.795928642801066,1.0057649600706042,1.0057649600706042
SB85158_component_251a,318.799693,-56.387991,48.06700134277344,127.16138458251953,318.7994641088985,-56.38802472419832,51.48667894516039,0.9335813132163888,0.9335813132163888
SB85158_component_252a,308.445824,-56.012739,54.367000579833984,246.00453186035156,308.44562786199475,-56.01259747645684,56.347207955165125,0.9648570453232258,0.9648570453232258
SB85158_component_253a,308.146138,-57.82986,48.11899948120117,224.85513305664062,308.1460586670322,-57.829750520617644,55.12473867773568,0.8729111581373528,0.8729111581373528
SB85158_component_254a,319.076653,-57.470408,51.709999084472656,109.32347106933594,319.07642613399196,-57.470468260074966,57.883834019240894,0.8933409467535267,0.8933409467535267
SB85158_component_258a,308.627409,-53.557283,51.685001373291016,221.8240509033203,308.6272794976235,-53.5570598171626,53.02998295074124,0.97463733717019,0.97463733717019
SB85158_component_260a,309.068171,-59.275979,49.2599983215332,172.2377471923828,309.0680713212486,-59.275985627802015,49.38034897140325,0.9975627825161838,0.9975627825161838
SB85158_component_262a,315.602341,-56.504095,46.016998291015625,251.45901489257812,315.6019540380686,-56.50367112580596,47.22045954802456,0.97451398676489,0.97451398676489
SB85158_component_263a,311.416445,-55.435947,49.70899963378906,273.1263732910156,311.4165138571347,-55.435520987818315,61.67540626721628,0.8059776601781706,0.8059776601781706
SB85158_component_266a,312.937295,-59.04742,47.46900177001953,240.9593963623047,312.93719007134484,-59.047359221801614,50.67037938486008,0.9368195451917793,0.9368195451917793
SB85158_component_267a,314.557346,-53.276553,48.70000076293945,216.4444580078125,314.557156465703,-53.27640055012833,53.50008462905153,0.91027894816627,0.91027894816627
SB85158_component_272a,312.002652,-55.489295,47.12099838256836,224.38571166992188,312.00286758262956,-55.488855579744104,52.821568407967504,0.892078743641787,0.892078743641787
SB85158_component_273a,314.760754,-58.84435,47.012001037597656,188.80322265625,314.7606619051158,-58.844242069396586,46.854517185197686,1.0033611242172766,1.0033611242172766
SB85158_component_274a,309.777802,-52.602484,49.00299835205078,87.8189926147461,309.7778488812764,-52.6024480618051,59.773873996847705,0.8198062978925383,0.8198062978925383
SB85158_component_276a,319.546314,-58.903326,46.6349983215332,50.47077560424805,319.5461585080484,-58.90324891536755,48.47501041233576,0.962042048569951,0.962042048569951
SB85158_component_277a,313.894632,-57.969426,45.66299819946289,248.16847229003906,313.8943987582859,-57.96911720508569,44.99958213566245,1.014742716094572,1.014742716094572
SB85158_component_284a,312.903327,-57.973048,44.470001220703125,203.99082946777344,312.90291865598465,-57.972675351289965,48.10680018856087,0.9244015616585839,0.9244015616585839
SB85158_component_285a,312.633103,-52.823484,45.5629997253418,153.41078186035156,312.6329862721213,-52.82350667673063,49.13335730312665,0.9273333276259212,0.9273333276259212
SB85158_component_286a,314.371581,-59.651452,45.92499923706055,139.58966064453125,314.3713690141913,-59.6514914241002,47.000095282299675,0.977125662431497,0.977125662431497
SB85158_component_287a,308.362193,-58.44325,43.62699890136719,190.5109100341797,308.3621063851509,-58.443206226715894,44.18494262100206,0.9873725371916706,0.9873725371916706
SB85158_component_288a,316.41084,-58.092387,43.97200012207031,227.83419799804688,316.41057241825746,-58.09211989381598,43.28087747621609,1.015968314095157,1.015968314095157
SB85158_component_289a,310.733356,-56.448581,44.194000244140625,277.94970703125,310.733290473442,-56.44816013644276,48.3876283423581,0.913332638075456,0.913332638075456
SB85158_component_291a,312.550035,-56.519262,44.71699905395508,221.37127685546875,312.5500029567175,-56.51874869053275,46.79673971554285,0.9555580009584084,0.9555580009584084
SB85158_component_298a,308.316355,-55.934643,41.5890007019043,226.0271759033203,308.316164285734,-55.934521726537405,44.921973597828575,0.9258052879474248,0.9258052879474248
SB85158_component_299a,314.611409,-57.96867,44.34299850463867,152.90689086914062,314.61109468730064,-57.968316333100745,44.1725755619922,1.0038581165005265,1.0038581165005265
SB85158_component_300a,310.632035,-59.291291,42.483001708984375,174.82716369628906,310.6318801977188,-59.29134657783603,43.97124462475002,0.9661541780664548,0.9661541780664548
SB85158_component_306a,316.657668,-57.06413,41.71500015258789,220.71429443359375,316.65730281863404,-57.063842673954106,43.16848597862542,0.9663299327486905,0.9663299327486905
SB85158_component_308a,311.130181,-55.871325,40.46200180053711,128.04429626464844,311.13026579465185,-55.870891541371755,53.9256984729317,0.7503287476349932,0.7503287476349932
SB85158_component_309a,313.510747,-59.629779,42.75299835205078,139.2605743408203,313.510544953608,-59.62984054662199,42.24396713044985,1.0120497968391329,1.0120497968391329
SB85158_component_312a,316.264402,-58.058844,41.018001556396484,204.0696563720703,316.26417478236203,-58.05866433089811,32.97558418607391,1.2438900649929656,1.2438900649929656
SB85158_component_317a,311.909322,-55.774663,38.981998443603516,196.8787841796875,311.90955640491546,-55.77415241478006,41.9748925234319,0.928697993016715,0.928697993016715
SB85158_component_320a,311.871293,-55.510571,39.34299850463867,184.7089080810547,311.87144125247835,-55.510105142255945,44.02015894962549,0.8937495784524737,0.8937495784524737
SB85158_component_321a,317.552567,-59.163305,39.32600021362305,112.03988647460938,317.5523164567224,-59.163252217430674,36.17040983406043,1.0872423175197508,1.0872423175197508
SB85158_component_324a,313.420087,-56.999289,39.79499816894531,141.1170196533203,313.4199178910737,-56.99878778061998,40.14361024530519,0.9913158763193042,0.9913158763193042
SB85158_component_328a,316.868419,-52.992508,39.742000579833984,102.1645278930664,316.86864562394896,-52.99250182747853,34.09098657451086,1.1657627007353397,1.1657627007353397
SB85158_component_330a,317.375098,-57.052862,36.80699920654297,193.72105407714844,317.37475955552895,-57.05268263215747,39.287257859663264,0.9368686238683304,0.9368686238683304
SB85158_component_331a,312.601453,-56.770047,41.25899887084961,165.03599548339844,312.6014230839449,-56.76954323079067,41.99491470977638,0.9824760725432441,0.9824760725432441
SB85158_component_337a,316.071092,-55.363854,34.645999908447266,155.36322021484375,316.0708689269392,-55.36348568995298,33.92014194843086,1.0213990248366276,1.0213990248366276
SB85158_component_338a,305.313335,-56.308722,39.97200012207031,63.04731750488281,305.3132982566727,-56.30855382016907,41.79651861017868,0.9563475966712681,0.9563475966712681
SB85158_component_339a,315.427951,-58.342745,35.83399963378906,186.63540649414062,315.4277335268728,-58.34258296457265,28.64024204385201,1.2511765640430852,1.2511765640430852
SB85158_component_340a,313.874353,-53.21967,35.99800109863281,169.80189514160156,313.87410100538926,-53.21955038823383,39.19655619003664,0.9183970378444404,0.9183970378444404
SB85158_component_341a,315.373116,-56.775676,37.58100128173828,166.28761291503906,315.3728797066703,-56.77524492657947,36.61011936402689,1.0265194961004518,1.0265194961004518
SB85158_component_342a,317.092523,-57.214953,40.36899948120117,213.59259033203125,317.09220311687847,-57.21476180519583,42.15629372577491,0.9576031456607638,0.9576031456607638
SB85158_component_346a,318.511032,-54.814762,35.09199905395508,65.96240234375,318.51093009983896,-54.814641950672865,29.916239104294082,1.1730083762072248,1.1730083762072248
SB85158_component_347a,317.170093,-54.579599,34.49599838256836,122.76156616210938,317.16991079747936,-54.579362984191356,34.21732905742417,1.0081440992859647,1.0081440992859647
SB85158_component_348a,307.865305,-53.653504,37.404998779296875,152.05284118652344,307.86520735542433,-53.65336946123667,37.072505141344244,1.008968739411727,1.008968739411727
SB85158_component_350a,314.700689,-58.742849,36.09400177001953,171.87620544433594,314.7005710151006,-58.7427509058181,35.8523515907218,1.0067401486534642,1.0067401486534642
SB85158_component_353a,315.280467,-55.514563,34.24399948120117,163.8468780517578,315.2802206078832,-55.5141332908138,34.13150803024494,1.0032958242236631,1.0032958242236631
SB85158_component_354a,319.486297,-56.782253,37.2599983215332,59.90353775024414,319.4861541426668,-56.78233919668537,43.97520149373352,0.8472956815636823,0.8472956815636823
SB85158_component_362a,316.1687,-52.959389,35.680999755859375,106.51044464111328,316.16867548362876,-52.95935817893265,39.262056338467424,0.9087909061171747,0.9087909061171747
SB85158_component_363a,311.515106,-54.563472,36.72100067138672,190.26425170898438,311.515077637912,-54.56309879815449,38.76060512466339,0.9473794475933279,0.9473794475933279
SB85158_component_364a,312.084793,-53.027311,37.7239990234375,178.78672790527344,312.0846243404956,-53.02726194249292,40.99882973770184,0.9201238002348916,0.9201238002348916
SB85158_component_365a,305.407819,-59.139611,35.79199981689453,39.37513732910156,305.4076522036353,-59.139510358147895,35.29482233701811,1.0140864140107873,1.0140864140107873
SB85158_component_367a,313.067033,-58.282778,33.696998596191406,178.29100036621094,313.06683958882775,-58.282505786790345,39.30800637116032,0.8572553458451247,0.8572553458451247
SB85158_component_368a,315.292465,-58.354878,36.367000579833984,191.4052734375,315.2922722666847,-58.35465904540093,37.00001793019083,0.9828914312541367,0.9828914312541367
SB85158_component_371a,306.534873,-53.699124,34.194000244140625,65.13143157958984,306.53492341837193,-53.698985510885706,36.60319894705004,0.9341806516311717,0.9341806516311717
SB85158_component_372a,318.445754,-59.10679,33.18199920654297,70.45010375976562,318.4455517865075,-59.10670507960293,39.51157079168066,0.8398046076550717,0.8398046076550717
SB85158_component_373a,307.583059,-59.316597,33.11000061035156,101.56441497802734,307.5831440546776,-59.31655806446207,31.27470333163502,1.0586831235217538,1.0586831235217538
SB85158_component_374a,307.027483,-59.486447,34.018001556396484,80.42080688476562,307.02736601327933,-59.486432287994255,32.490040801862904,1.0470285883557884,1.0470285883557884
SB85158_component_376a,310.66573,-59.787731,34.13199996948242,97.52000427246094,310.66559149360626,-59.78779129692328,31.31174737434339,1.090070112070779,1.090070112070779
SB85158_component_378a,314.945835,-53.944098,36.02199935913086,181.01507568359375,314.9451547754661,-53.94357667330279,27.212612776058503,1.3237243941097343,1.3237243941097343
SB85158_component_379a,305.447415,-54.487902,34.68600082397461,38.284767150878906,305.4472294274313,-54.48778724620796,39.39401295500094,0.880489145992712,0.880489145992712
SB85158_component_381a,317.023046,-54.98974,30.523000717163086,112.63099670410156,317.022951392924,-54.98950545059082,27.17287293220137,1.1232894215242006,1.1232894215242006
SB85158_component_382a,309.282833,-52.723197,31.361000061035156,72.59490203857422,309.282799687356,-52.72311908729445,31.730344513706857,0.9883598978097401,0.9883598978097401
SB85158_component_384a,317.512214,-56.914942,30.468000411987305,148.6243896484375,317.5119849220386,-56.91482462177012,27.622223059936076,1.1030249211251506,1.1030249211251506
SB85158_component_386a,310.614455,-52.282982,33.44900131225586,42.99357604980469,310.61438748904607,-52.28299088318397,50.93993165413708,0.6566361639305283,0.6566361639305283
SB85158_component_387a,319.348723,-55.494054,33.981998443603516,37.42510986328125,319.34853011168184,-55.494050358760994,34.6111575874545,0.9818220716177654,0.9818220716177654
SB85158_component_389a,307.096727,-57.431316,34.29800033569336,135.56521606445312,307.09667910189563,-57.43121390283463,36.44609268193521,0.9410611072910273,0.9410611072910273
SB85158_component_391a,312.904036,-52.752886,32.4119987487793,91.30140686035156,312.9038385944481,-52.752958839491676,33.980604864786855,0.9538381932208316,0.9538381932208316
SB85158_component_393a,315.95068,-56.607073,30.365999221801758,167.76795959472656,315.9503325040052,-56.60671790202988,31.906619253073004,0.951714720414233,0.951714720414233
SB85158_component_396a,309.121326,-52.51271,30.667999267578125,47.621116638183594,309.1215205873274,-52.5126872234397,31.704069277227706,0.9673205984824867,0.9673205984824867
SB85158_component_401a,309.01732,-59.758957,31.684999465942383,75.26128387451172,309.0172818575489,-59.758982003919044,30.62114201243148,1.0347425792636669,1.0347425792636669
SB85158_component_403a,307.791859,-60.107796,32.520999908447266,31.390926361083984,307.79173816656896,-60.10779433283446,21.946126896640823,1.4818560040963347,1.4818560040963347
SB85158_component_404a,317.810227,-56.998395,29.448999404907227,107.47810363769531,317.8098073683257,-56.99829358370652,32.40878703127563,0.9086732982782694,0.9086732982782694
SB85158_component_406a,310.908429,-54.326557,30.489999771118164,155.5612335205078,310.90842737087434,-54.3261933394577,32.29957468923759,0.9439752710204452,0.9439752710204452
SB85158_component_407a,312.491955,-53.384832,30.86199951171875,162.43157958984375,312.491751339849,-53.38467558309444,33.78013363913875,0.9136138963038632,0.9136138963038632
SB85158_component_408a,304.812993,-57.568632,30.611000061035156,26.343374252319336,304.81289562876236,-57.56848991436297,31.68463474141122,0.96611497373606,0.96611497373606
SB85158_component_409a,312.448423,-53.404635,29.159000396728516,155.93048095703125,312.44819409325845,-53.40448785663433,33.088939337490416,0.8812310391494114,0.8812310391494114
SB85158_component_419a,310.479579,-55.557936,30.354000091552734,179.60946655273438,310.4796229627009,-55.5575149095028,32.6661989394664,0.929217389136753,0.929217389136753
SB85158_component_427a,319.116474,-53.61374,30.341999053955078,24.312498092651367,319.116530945611,-53.61391935566346,33.58791107492642,0.9033607057690934,0.9033607057690934
SB85158_component_436a,310.262074,-54.860043,29.20199966430664,167.8275909423828,310.26216855981744,-54.85967858291921,40.38699504582519,0.7230545285969538,0.7230545285969538
SB85158_component_439a,311.051436,-53.723946,28.23900032043457,149.41270446777344,311.0512921618444,-53.723744010146746,29.73181570513207,0.9497906417992554,0.9497906417992554
SB85158_component_442a,305.531944,-58.84277,29.493000030517578,36.63726806640625,305.5318118613504,-58.84254435102063,30.909244588560927,0.954180550935642,0.954180550935642
SB85158_component_443a,310.573063,-53.352083,31.708999633789062,152.44711303710938,310.57297876353846,-53.35187356094138,34.14022830288404,0.9287869826901657,0.9287869826901657
SB85158_component_444a,311.667291,-56.767478,26.88800048828125,137.18368530273438,311.66730295879825,-56.766956590200124,29.83934521417048,0.9010921752905068,0.9010921752905068
SB85158_component_445a,309.27342,-53.229747,27.31399917602539,98.60649108886719,309.2732739499467,-53.229529179238654,32.076757764926505,0.8515199502454445,0.8515199502454445
SB85158_component_448a,319.405149,-55.696031,29.243000030517578,36.92298126220703,319.404812734144,-55.696015584783574,27.962703754700307,1.045785854152321,1.045785854152321
SB85158_component_449a,307.688553,-57.371692,29.08300018310547,135.26976013183594,307.68875092256167,-57.37152321168403,30.773586124846016,0.9450637330702384,0.9450637330702384
SB85158_component_451a,313.903908,-53.626829,27.716999053955078,158.3828582763672,313.90373887868634,-53.62665444967613,31.06985698067333,0.8920864705362545,0.8920864705362545
SB85158_component_452a,314.224346,-52.119244,31.094999313354492,27.08623695373535,314.2241267366935,-52.11921453458956,37.33216203450982,0.8329278996649135,0.8329278996649135
SB85158_component_453a,314.268091,-54.481831,28.716999053955078,162.24293518066406,314.267803613449,-54.4814553655362,29.54375447041685,0.972015898748088,0.972015898748088
SB85158_component_458a,315.691446,-59.365409,27.738000869750977,95.97924041748047,315.69122278380206,-59.3653660890061,26.710447724936998,1.0384700831448306,1.0384700831448306
SB85158_component_459a,318.777825,-56.326942,30.106000900268555,73.78922271728516,318.7776936150029,-56.32698419808434,30.857961065356097,0.9756315667294116,0.9756315667294116
SB85158_component_460a,319.650801,-56.455403,30.011999130249023,40.66666793823242,319.6507435977789,-56.45539072599235,31.42934492356728,0.954903743722146,0.954903743722146
SB85158_component_462a,306.87324,-58.730038,26.65999984741211,89.76431274414062,306.8732876020416,-58.729943340668086,27.10290249087543,0.9836584792491346,0.9836584792491346
SB85158_component_466a,316.549847,-56.526334,29.143999099731445,181.0186309814453,316.5497171189458,-56.526102707734054,28.131663990577337,1.0359856107158534,1.0359856107158534
SB85158_component_467a,312.575648,-53.226817,25.51099967956543,126.92039489746094,312.57541078836124,-53.226763249938664,29.057699389358863,0.8779428590588194,0.8779428590588194
SB85158_component_469a,312.020209,-56.18917,26.812000274658203,141.1157989501953,312.02030324462197,-56.18863848896102,28.306654983823563,0.9471977628575502,0.9471977628575502
SB85158_component_471a,313.434979,-54.333611,27.013999938964844,138.53334045410156,313.43482447820116,-54.33323174516946,29.35142885675541,0.9203640501047502,0.9203640501047502
SB85158_component_472a,310.556876,-59.273593,27.701000213623047,122.57080078125,310.55666527776094,-59.273632160615776,28.151986658016032,0.9839802977363031,0.9839802977363031
SB85158_component_473a,315.425705,-53.758113,26.607999801635742,133.0399932861328,315.4255275878259,-53.75790431392109,29.22389856272104,0.9104876867995215,0.9104876867995215
SB85158_component_474a,314.079707,-57.664152,27.107999801635742,139.01539611816406,314.0793179085756,-57.663705599652275,27.217599145540394,0.9959732177949057,0.9959732177949057
SB85158_component_477a,311.528658,-57.465356,27.92799949645996,139.63999938964844,311.52846710313963,-57.46488893177393,28.911888806360373,0.9659693866253399,0.9659693866253399
SB85158_component_478a,312.21372,-53.173687,25.624000549316406,119.181396484375,312.2135057122885,-53.17363188736365,27.899122656319683,0.9184518404026616,0.9184518404026616
SB85158_component_480a,314.646723,-60.418276,28.611000061035156,24.30841064453125,314.64645126364854,-60.41836449477701,32.82926460989987,0.8715090149295434,0.8715090149295434
SB85158_component_482a,314.833449,-57.750816,26.246999740600586,135.29380798339844,314.8331413739001,-57.750443917543365,22.873812033301032,1.1474694162209897,1.1474694162209897
SB85158_component_486a,306.116401,-57.213096,25.599000930786133,44.91053009033203,306.1163482222215,-57.21297568600036,34.50298361269351,0.7419358632326615,0.7419358632326615
SB85158_component_487a,305.787449,-55.196832,28.445999145507812,57.350807189941406,305.7873114745495,-55.19664484178295,32.152961274128444,0.884708531291536,0.884708531291536
SB85158_component_488a,313.051265,-56.223096,25.91900062561035,108.44770812988281,313.0512638205006,-56.22259981225157,28.189504265606082,0.9194557088126603,0.9194557088126603
SB85158_component_496a,316.417769,-54.223486,24.743000030517578,111.4549560546875,316.4174849067861,-54.22318670134955,37.30168593985895,0.6633212254912664,0.6633212254912664
SB85158_component_499a,313.075915,-53.597486,27.236000061035156,143.3473663330078,313.07561107388506,-53.597275518351246,30.94498357771515,0.8801426568101011,0.8801426568101011
SB85158_component_500a,314.629907,-59.776257,25.138999938964844,71.01412200927734,314.62970482817866,-59.77621617988804,27.798168426125553,0.9043401548477006,0.9043401548477006
SB85158_component_501a,316.988883,-57.954149,25.707000732421875,134.5916290283203,316.9885458492055,-57.95395047172023,24.380638565546093,1.0544022734806524,1.0544022734806524
SB85158_component_503a,310.849643,-58.711451,27.756999969482422,153.3535919189453,310.84940727636325,-58.711308878362495,29.38604226987506,0.9445640795915331,0.9445640795915331
SB85158_component_504a,311.507603,-54.484548,25.457000732421875,129.88265991210938,311.50763917918886,-54.48421918492302,23.920230710971452,1.0642456186990519,1.0642456186990519
SB85158_component_505a,307.836588,-53.375749,23.802000045776367,80.68474578857422,307.8364258187815,-53.375676642334184,24.361780134698723,0.977022200930011,0.977022200930011
SB85158_component_507a,304.896693,-57.860625,26.656999588012695,23.240629196166992,304.8963423349882,-57.86045406815501,31.428890302631206,0.8481686541055186,0.8481686541055186
SB85158_component_508a,317.017672,-58.238811,25.860000610351562,126.14634704589844,317.01741964413543,-58.23862476966873,25.411434283783198,1.0176521451547749,1.0176521451547749
SB85158_component_509a,318.069811,-54.924653,23.788000106811523,62.27225112915039,318.0695134555551,-54.924406860040584,21.614363897662386,1.1005644311088987,1.1005644311088987
SB85158_component_514a,313.555379,-58.77024,26.424999237060547,131.4676513671875,313.5552850380988,-58.77012555037716,28.1144885395109,0.9399068099682476,0.9399068099682476
SB85158_component_517a,309.275013,-56.696337,24.808000564575195,140.9545440673828,309.2748574422971,-56.69606014123483,28.260246571016037,0.8778409099239248,0.8778409099239248
SB85158_component_519a,315.066499,-53.021098,25.322999954223633,90.76343536376953,315.0663382604604,-53.02101049275553,29.8916567388892,0.8471594657809073,0.8471594657809073
SB85158_component_524a,312.929785,-53.960265,24.19700050354004,139.063232421875,312.92955389818536,-53.960039743019664,25.097580285794315,0.9641168681602338,0.9641168681602338
SB85158_component_525a,316.794193,-59.556387,23.628999710083008,61.056846618652344,316.7941405858046,-59.556459995640196,22.385477633265232,1.0555503928569243,1.0555503928569243
SB85158_component_528a,308.100754,-55.542113,24.777999877929688,131.10052490234375,308.10061146214935,-55.542076872297024,27.469981958915987,0.9020027721528023,0.9020027721528023
SB85158_component_530a,316.349987,-53.036567,23.916000366210938,77.39806365966797,316.3499450312028,-53.03651204283166,26.408515902163433,0.9056169780541017,0.9056169780541017
SB85158_component_532a,312.144665,-59.465781,25.08300018310547,62.39552307128906,312.1445145323322,-59.465832060602914,26.528942714698246,0.9454956593203521,0.9454956593203521
SB85158_component_533a,307.972479,-59.84206,25.218000411987305,42.029998779296875,307.97251007935716,-59.84193678679178,23.72008782650411,1.0631495379123121,1.0631495379123121
SB85158_component_534a,306.979693,-57.450564,23.89900016784668,86.90545654296875,306.9798188859076,-57.450416160634155,25.73778019420155,0.9285571633419603,0.9285571633419603
SB85158_component_548a,307.398506,-58.763221,24.091999053955078,91.60455322265625,307.39829656466605,-58.763127534214284,21.42833166385309,1.124305869065638,1.124305869065638
SB85158_component_550a,307.273708,-57.164983,24.020999908447266,121.31818389892578,307.27372501548325,-57.16487200690128,25.666857542406706,0.9358761534698917,0.9358761534698917
SB85158_component_552a,310.369628,-59.772314,24.52400016784668,62.56122589111328,310.36953531315004,-59.77244840251438,24.354864255792066,1.006944646058308,1.006944646058308
SB85158_component_554a,314.95955,-54.214658,23.097000122070312,118.44615936279297,314.95932369529726,-54.214230221869144,24.27979870176848,0.9512846628496958,0.9512846628496958
SB85158_component_555a,319.180212,-57.073606,23.917999267578125,53.50782775878906,319.1800321422017,-57.07366333270218,26.024279587362113,0.9190647982122495,0.9190647982122495
SB85158_component_556a,310.985758,-59.656211,23.097999572753906,74.27009582519531,310.9857589170602,-59.65629085541903,22.546253605331344,1.024471736062265,1.024471736062265
SB85158_component_557a,319.266134,-58.477383,24.604000091552734,40.87043380737305,319.26584384197145,-58.47714884889822,26.000936695886963,0.9462736046522813,0.9462736046522813
SB85158_component_559a,310.901444,-52.325351,23.381000518798828,36.30590057373047,310.90129831275186,-52.32537181521986,25.22621559461211,0.9268532741705661,0.9268532741705661
SB85158_component_562a,315.802363,-56.194629,21.614999771118164,128.6607208251953,315.8020189929851,-56.19422432132149,21.199981368120227,1.0195763569689749,1.0195763569689749
SB85158_component_564a,307.283081,-57.042709,24.420000076293945,105.71428680419922,307.2829948375726,-57.04259145756615,27.04790920777108,0.9028424300270087,0.9028424300270087
SB85158_component_567a,312.720574,-58.788706,21.270000457763672,100.33019256591797,312.72041158373105,-58.78857434346239,22.312241214845212,0.9532883878833249,0.9532883878833249
SB85158_component_568a,317.612338,-54.249301,21.4060001373291,72.80952453613281,317.6122316458437,-54.24920636576448,20.966478336435124,1.0209630722833498,1.0209630722833498
SB85158_component_570a,319.162462,-57.366095,23.194000244140625,51.42793655395508,319.16226266662414,-57.36605661919097,26.38256261453153,0.8791412943094981,0.8791412943094981
SB85158_component_572a,318.752387,-57.136632,22.43400001525879,70.32601928710938,318.75194710251543,-57.13655035292693,24.029852630347158,0.9335887473120423,0.9335887473120423
SB85158_component_575a,308.919522,-53.748704,21.34600067138672,106.19900512695312,308.91946825376345,-53.74854322380854,22.498793420033007,0.9487620190503266,0.9487620190503266
SB85158_component_577a,316.823721,-55.052766,19.923999786376953,75.75665283203125,316.82347680438824,-55.05253157330036,17.160688244003715,1.161025682832901,1.161025682832901
SB85158_component_579a,315.875891,-59.490588,21.089000701904297,66.73734283447266,315.87566524120837,-59.4905703250326,18.001384152673488,1.1715210632162554,1.1715210632162554
SB85158_component_586a,317.902263,-57.377869,21.849000930786133,94.17672729492188,317.90196673681277,-57.377779079144226,23.491617933551524,0.9300764635534383,0.9300764635534383
SB85158_component_587a,316.050062,-58.461265,20.881999969482422,105.46464538574219,316.04982980535556,-58.461095375550435,21.494976620611233,0.9714827951689402,0.9714827951689402
SB85158_component_588a,316.146146,-58.186973,20.354999542236328,103.32487487792969,316.1458606052331,-58.18668926276704,20.10173467713394,1.0125991547082989,1.0125991547082989
SB85158_component_589a,318.497704,-57.780834,21.434999465942383,69.59415435791016,318.4975550152467,-57.780810849411694,23.41920960684828,0.9152742481827537,0.9152742481827537
SB85158_component_591a,315.071221,-57.722846,22.569000244140625,118.16230773925781,315.0707731255903,-57.72244138164017,23.191430228286986,0.9731612074796848,0.9731612074796848
SB85158_component_597a,314.314335,-57.84014,20.25,103.31632995605469,314.31409915714937,-57.83990933512015,21.416812745923714,0.945518842613694,0.945518842613694
SB85158_component_600a,316.333788,-53.698376,19.78499984741211,97.94554138183594,316.33362120068165,-53.698147653600934,18.919436939766737,1.0457499295777692,1.0457499295777692
SB85158_component_601a,315.083127,-56.871542,20.17300033569336,110.84066009521484,315.0826838646157,-56.870972861375904,21.42911247515989,0.9413829135050467,0.9413829135050467
SB85158_component_606a,309.279829,-58.093538,19.545000076293945,93.96634674072266,309.2796546856077,-58.093346301128825,18.908956216514845,1.0336371744953108,1.0336371744953108
SB85158_component_610a,317.959262,-55.874971,18.5310001373291,68.63333129882812,317.9590733609812,-55.87487880480375,15.435217699216384,1.2005661661817626,1.2005661661817626
SB85158_component_613a,305.559387,-58.916922,19.476999282836914,24.28553581237793,305.5594098299928,-58.91686337653106,20.291976142228183,0.9598374818854987,0.9598374818854987
SB85158_component_614a,309.354447,-52.49625,18.920000076293945,29.936708450317383,309.35456743645665,-52.496096112136485,21.42667513695732,0.8830114777658716,0.8830114777658716
SB85158_component_616a,306.725548,-59.719895,20.54599952697754,29.019773483276367,306.7251537772069,-59.719726875411965,18.919278391105,1.0859821977479518,1.0859821977479518
SB85158_component_619a,315.316325,-57.764076,18.79400062561035,93.03960418701172,315.3159632497516,-57.763704708173194,19.320635212252185,0.9727423772119114,0.9727423772119114
SB85158_component_621a,318.923966,-58.56243,20.34000015258789,46.438358306884766,318.9237716443832,-58.56231479004731,22.284097185053596,0.9127585463157264,0.9127585463157264
SB85158_component_626a,305.555826,-56.483783,19.999000549316406,40.48380661010742,305.55577624939974,-56.48371779392934,21.621107300932508,0.9249757781116908,0.9249757781116908
SB85158_component_632a,308.220399,-58.634476,19.67799949645996,80.97942352294922,308.22041916822116,-58.63442234588467,19.92671765817512,0.9875183577154203,0.9875183577154203
SB85158_component_633a,306.107593,-56.389931,19.972000122070312,67.02013397216797,306.10745837492306,-56.38957374052943,21.18016129072903,0.9429578862939277,0.9429578862939277
SB85158_component_634a,306.741079,-53.76996,20.031999588012695,45.73516082763672,306.7409140336674,-53.76975732971104,19.80742512870964,1.0113378926258088,1.0113378926258088
SB85158_component_635a,313.768386,-58.866717,19.80500030517578,103.69110107421875,313.76824098472537,-58.866632340422825,19.8172933902455,0.9993796789083332,0.9993796789083332
SB85158_component_637a,313.807404,-54.850591,18.937999725341797,91.93203735351562,313.80731285773436,-54.850183518117944,20.842326784211316,0.9086317435387251,0.9086317435387251
SB85158_component_643a,309.938106,-52.994661,19.368000030517578,65.65424346923828,309.93816289892607,-52.99455594371182,19.420423417451957,0.9973006053571793,0.9973006053571793
SB85158_component_652a,313.805667,-54.622675,19.513999938964844,79.0040512084961,313.8054281689664,-54.62229675664676,21.579795343782774,0.9042717796017887,0.9042717796017887
SB85158_component_654a,319.34729,-55.085968,18.834999084472656,17.870018005371094,319.347072485451,-55.08572481507952,13.676495187050802,1.3771802517289689,1.3771802517289689
SB85158_component_657a,314.603667,-52.809951,20.249000549316406,60.26488494873047,314.60362803126776,-52.80991978112681,22.37657524591851,0.9049195565800369,0.9049195565800369
SB85158_component_658a,316.071123,-59.145334,19.770000457763672,83.06723022460938,316.070978867425,-59.145065828093706,17.233398073009305,1.1471910747960472,1.1471910747960472
SB85158_component_659a,317.799151,-56.383742,18.566999435424805,83.26008605957031,317.79883175168607,-56.38364265428208,18.827979667604247,0.9861387022512835,0.9861387022512835
SB85158_component_661a,310.750893,-58.940567,18.527000427246094,95.5,310.7506552502552,-58.94047746080421,18.97702935542972,0.9762855966676963,0.9762855966676963
SB85158_component_662a,305.710743,-53.981017,19.798999786376953,21.853200912475586,305.71076948590337,-53.98074538404033,29.375221281546782,0.6740034261057459,0.6740034261057459
SB85158_component_664a,316.16698,-54.932581,19.70400047302246,85.66956329345703,316.1667794111843,-54.93225755925736,17.441408934289917,1.1297252731850278,1.1297252731850278
SB85158_component_668a,306.84585,-52.985071,18.086000442504883,25.874107360839844,306.845767086142,-52.984917885651996,18.608359101835422,0.971928816696201,0.971928816696201
SB85158_component_669a,318.520527,-58.242968,19.54400062561035,61.07500457763672,318.5202179534047,-58.242834797824784,21.39670499472879,0.9134116972882104,0.9134116972882104
SB85158_component_670a,309.470362,-59.804837,20.378999710083008,43.175846099853516,309.4702044521289,-59.804888243607834,21.245508716410814,0.9592144853816335,0.9592144853816335
SB85158_component_671a,305.316444,-55.787392,19.31399917602539,27.512819290161133,305.316366466013,-55.78701367611962,20.82498002675256,0.927443827135195,0.927443827135195
SB85158_component_674a,312.127921,-53.572967,18.365999221801758,104.94857025146484,312.1277128713432,-53.57279805229993,25.507564355315413,0.7200216753731151,0.7200216753731151
SB85158_component_676a,308.454694,-57.324467,18.16200065612793,93.61856079101562,308.45464038545504,-57.32431366302912,20.6314210231756,0.8803077905165265,0.8803077905165265
SB85158_component_678a,310.771701,-58.758175,18.36400032043457,98.73118591308594,310.7716576430579,-58.758141613891105,16.29625719480414,1.1268845417026006,1.1268845417026006
SB85158_component_684a,318.208874,-58.94703,17.805999755859375,49.46110916137695,318.20870060572463,-58.946928951258855,17.113931590708095,1.040438876448883,1.040438876448883
SB85158_component_686a,318.139198,-55.887356,17.743999481201172,62.92198181152344,318.13884726082716,-55.887261804082314,17.43752697909145,1.0175754567994186,1.0175754567994186
SB85158_component_687a,306.324208,-57.853846,18.408000946044922,46.60253143310547,306.324276513565,-57.85371714290015,24.711896889994392,0.7449044089164253,0.7449044089164253
SB85158_component_689a,308.194158,-59.465722,19.136999130249023,49.70649337768555,308.194120896206,-59.465566106563166,20.417270587656052,0.9372946813869891,0.9372946813869891
SB85158_component_693a,312.532361,-58.627604,18.22599983215332,72.0395278930664,312.5323268104627,-58.6274210998965,19.672395681281337,0.9264758663580415,0.9264758663580415
SB85158_component_698a,307.241653,-52.859381,18.327999114990234,29.13831329345703,307.24158376433695,-52.859359943377996,18.366314442493206,0.9979138260088631,0.9979138260088631
SB85158_component_704a,309.636134,-53.981896,17.634000778198242,84.77884674072266,309.6361293992507,-53.98159456037665,17.497213697116855,1.0078176493383015,1.0078176493383015
SB85158_component_705a,311.427136,-56.347326,17.285999298095703,101.6823501586914,311.4272417500326,-56.346790229623636,18.80270749891849,0.919335648820255,0.919335648820255
SB85158_component_706a,319.033245,-58.168201,18.118000030517578,42.03712463378906,319.03303712401976,-58.168121751265815,19.294018863467617,0.9390474923201833,0.9390474923201833
SB85158_component_707a,314.100627,-57.960565,16.89900016784668,86.66154479980469,314.10026353262003,-57.9602599055152,18.356800914006925,0.9205852505025596,0.9205852505025596
SB85158_component_708a,318.450007,-53.975192,17.14900016784668,30.954872131347656,318.44987437549185,-53.97508818778027,16.43378980793125,1.0435207197046086,1.0435207197046086
SB85158_component_709a,311.277526,-53.351048,17.61199951171875,83.46919250488281,311.27727451867696,-53.3508702798089,15.214076470998664,1.1576121327700073,1.1576121327700073
SB85158_component_711a,312.35737,-52.203021,18.847999572753906,24.4461727142334,312.3581656132648,-52.20312763438639,5.217552064538216,3.612421944163592,3.612421944163592
SB85158_component_712a,317.809415,-59.126055,17.084999084472656,50.69732666015625,317.80910386254527,-59.12599947358435,16.37762096200059,1.043191750750205,1.043191750750205
SB85158_component_714a,314.374212,-53.712414,17.54400062561035,98.01117706298828,314.37392166448296,-53.71217597660452,19.659440570076807,0.8923957201668129,0.8923957201668129
SB85158_component_720a,317.983128,-60.030412,18.038999557495117,14.822513580322266,317.9829153325453,-60.03000869784067,17.452821189768684,1.0335864535224863,1.0335864535224863
SB85158_component_721a,311.771425,-58.718838,17.94499969482422,68.23193359375,311.77136291206017,-58.71867113590808,18.75232259004291,0.9569481118222998,0.9569481118222998
SB85158_component_722a,315.740062,-59.969649,18.42300033569336,29.858997344970703,315.7397635180553,-59.96961644657648,17.921602630750847,1.0279772805631895,1.0279772805631895
SB85158_component_723a,309.098995,-60.058656,17.89900016784668,25.174402236938477,309.09887069110715,-60.0588999525339,19.270889912043437,0.9288102547179522,0.9288102547179522
SB85158_component_724a,317.262137,-58.083688,17.256999969482422,84.5931396484375,317.26196208655864,-58.083494045761086,16.750593242037414,1.0302321667136018,1.0302321667136018
SB85158_component_729a,307.434027,-53.503331,19.08799934387207,62.58360290527344,307.4337231106134,-53.5031446780578,19.041579692353036,1.0024378046500877,1.0024378046500877
SB85158_component_730a,313.374152,-59.247751,17.349000930786133,76.09210968017578,313.37395543250574,-59.247802634242454,14.24733580679734,1.2177014121130634,1.2177014121130634
SB85158_component_734a,316.105096,-58.507059,17.066999435424805,87.9742202758789,316.1049268342716,-58.506887117687505,17.2540200367638,0.9891607520484789,0.9891607520484789
SB85158_component_735a,310.869024,-52.375245,17.79800033569336,28.161392211914062,310.8690574293108,-52.37525223427804,16.952310502070645,1.0498864053675407,1.0498864053675407
SB85158_component_737a,307.805676,-57.570163,16.950000762939453,60.752689361572266,307.80566148414675,-57.57003625624015,18.501175171117882,0.9161580605647168,0.9161580605647168
SB85158_component_738a,318.680022,-53.30863,16.7450008392334,18.141929626464844,318.6801319332403,-53.30874007835643,17.15032516299583,0.9763663767357033,0.9763663767357033
SB85158_component_740a,317.081084,-53.814149,17.145999908447266,66.71595001220703,317.08092849221305,-53.81392948403945,14.971382466145187,1.145251612349063,1.145251612349063
SB85158_component_741a,319.536617,-55.224492,17.31399917602539,14.561816215515137,319.53676522840084,-55.22472114543529,15.115801092408173,1.1454238561475416,1.1454238561475416
SB85158_component_742a,316.186482,-54.011403,17.29599952697754,86.04974365234375,316.18628181354705,-54.01118323069286,17.700806821839993,0.9771305738242967,0.9771305738242967
SB85158_component_743a,316.410287,-56.420023,16.003000259399414,89.40223693847656,316.4100382617298,-56.41976155335216,14.71540276224003,1.087499983382268,1.087499983382268
SB85158_component_747a,306.157808,-59.509326,18.183000564575195,23.644994735717773,306.15755140002653,-59.509376767295166,16.890769749174787,1.0765051465735327,1.0765051465735327
SB85158_component_748a,307.295961,-54.163693,16.874000549316406,66.17255401611328,307.29576077448235,-54.163588060183116,17.23112878764865,0.9792742400841299,0.9792742400841299
SB85158_component_750a,306.672544,-58.518034,16.67300033569336,54.309444427490234,306.67264804053184,-58.517946891915244,16.418830020126958,1.015480415794233,1.015480415794233
SB85158_component_753a,313.216784,-56.412411,17.323999404907227,92.64170837402344,313.21666734245366,-56.41197102349088,17.383200431086575,0.9965943540480913,0.9965943540480913
SB85158_component_754a,305.91507,-58.84792,16.791000366210938,32.41505813598633,305.9150536441262,-58.84767701847353,16.875811430932927,0.9949744007824991,0.9949744007824991
SB85158_component_755a,319.696989,-58.867155,17.395000457763672,18.744613647460938,319.69783831836156,-58.86724274253282,18.228940020736086,0.9542518894667612,0.9542518894667612
SB85158_component_756a,308.560976,-58.158592,16.405000686645508,82.8535385131836,308.5609851234658,-58.158453547869605,17.29465826083954,0.9485588231478101,0.9485588231478101
SB85158_component_759a,317.246127,-55.89268,15.4399995803833,67.42357635498047,317.2458877945577,-55.89251067849153,15.397761429560129,1.0027431358133712,1.0027431358133712
SB85158_component_761a,315.616298,-52.943895,16.590999603271484,49.52537155151367,315.61607573524014,-52.943859616430274,17.72715145232729,0.9359089444172008,0.9359089444172008
SB85158_component_763a,316.528901,-57.871262,16.715999603271484,91.84615325927734,316.5285714485076,-57.87095054235076,17.907679713242626,0.9334542425901273,0.9334542425901273
SB85158_component_765a,306.090133,-54.117081,17.64699935913086,30.7439022064209,306.09034406991356,-54.11667053038113,19.60015768575734,0.9003498666724624,0.9003498666724624
SB85158_component_767a,306.282566,-54.943689,16.722000122070312,50.51963806152344,306.2825516968655,-54.943604339665505,17.94374591650436,0.9319124445854806,0.9319124445854806
SB85158_component_768a,315.75054,-52.40903,17.929000854492188,23.84175682067871,315.75050143047605,-52.40893791737123,21.733235070090085,0.8249577569409628,0.8249577569409628
SB85158_component_769a,309.865288,-55.134749,16.402999877929688,85.87957763671875,309.8653129929018,-55.13441031709504,16.955415850163234,0.9674194972794944,0.9674194972794944
SB85158_component_771a,314.781894,-57.828251,15.887999534606934,72.21817779541016,314.78150757532876,-57.82790395613939,15.857474085024762,1.0019249881424053,1.0019249881424053
SB85158_component_772a,306.349981,-56.395559,17.58799934387207,70.63453674316406,306.34994830008117,-56.395378417640124,18.419028935504393,0.9548820084629741,0.9548820084629741
SB85158_component_775a,317.494553,-56.841113,15.850000381469727,85.67567443847656,317.4941699019463,-56.84092792194684,17.809608236440056,0.8899690645097518,0.8899690645097518
SB85158_component_776a,310.649583,-55.1715,16.18000030517578,92.98851013183594,310.6497253727056,-55.17114506364265,17.66976965679116,0.9156882415248234,0.9156882415248234
SB85158_component_779a,310.769448,-53.100542,15.260000228881836,66.34782409667969,310.7692687836113,-53.10047805085031,16.252127359632254,0.9389540145239873,0.9389540145239873
SB85158_component_780a,315.962761,-54.842223,15.437000274658203,74.21634674072266,315.96265891200585,-54.84191669871441,14.142711835004157,1.0915162844830506,1.0915162844830506
SB85158_component_784a,313.008123,-55.05097,16.06999969482422,90.79095458984375,313.0080522410899,-55.050488226528806,18.30041739118763,0.8781220313894347,0.8781220313894347
SB85158_component_786a,311.989512,-57.624387,15.621999740600586,74.74640655517578,311.98942441684864,-57.62392009574248,15.236119088393878,1.0253267022899981,1.0253267022899981
SB85158_component_787a,315.401213,-55.615781,16.80299949645996,69.43388366699219,315.40101052491343,-55.61539405297916,15.743856541643359,1.0672734124587018,1.0672734124587018
SB85158_component_790a,310.291441,-56.522379,15.625,95.2743911743164,310.29143548641025,-56.52201203315684,17.209081428742092,0.9079508435530785,0.9079508435530785
SB85158_component_795a,311.260989,-56.690948,16.131000518798828,100.19255065917969,311.2610848196167,-56.69054919116706,17.843794001222072,0.9040118103635393,0.9040118103635393
SB85158_component_796a,314.391067,-56.869514,14.722000122070312,82.7078628540039,314.3907948808303,-56.869064771286126,15.213769105846929,0.9676760584208143,0.9676760584208143
SB85158_component_797a,311.686596,-52.478788,16.187000274658203,31.864171981811523,311.68623385924764,-52.47875141541721,16.68371126506752,0.9702277878993667,0.9702277878993667
SB85158_component_798a,316.647897,-54.041161,14.77400016784668,65.66222381591797,316.647776499737,-54.04091709520521,14.450017533561953,1.0224209163436817,1.0224209163436817
SB85158_component_799a,318.985231,-58.998822,15.842000007629395,27.98940086364746,318.98475972909716,-58.998856393479116,14.840252748440328,1.0675020349161066,1.0675020349161066
SB85158_component_802a,309.696797,-59.169805,15.706999778747559,68.29130554199219,309.69656868477733,-59.16974439251321,16.29677009828001,0.963810600752434,0.963810600752434
SB85158_component_803a,316.359479,-59.134115,15.463000297546387,59.01908493041992,316.35931339716416,-59.13389689234305,14.322731153638312,1.0796125495672952,1.0796125495672952
SB85158_component_804a,311.147639,-56.870387,15.607999801635742,89.18856811523438,311.14761095539467,-56.86991154775403,15.8165541826734,0.9868141708599131,0.9868141708599131
SB85158_component_805a,308.992703,-56.020587,15.447999954223633,83.05376434326172,308.99248675814516,-56.02038658835595,15.876356420657801,0.9730192208410737,0.9730192208410737
SB85158_component_807a,313.90423,-55.619276,15.333999633789062,92.37349700927734,313.9042047850585,-55.6188364301578,16.819662612353735,0.9116710594733642,0.9116710594733642
SB85158_component_809a,316.725091,-54.36077,14.91100025177002,60.36842346191406,316.7247629131894,-54.360555346927995,13.314696299483295,1.1198903764968844,1.1198903764968844
SB85158_component_810a,315.471125,-58.711352,15.161999702453613,72.89422607421875,315.4708852325041,-58.711270473706435,14.577921430454802,1.0400659500591498,1.0400659500591498
SB85158_component_812a,313.653121,-58.53287,14.864999771118164,71.81159210205078,313.65286446262127,-58.53273968917021,16.666819492349173,0.8918918080286328,0.8918918080286328
SB85158_component_813a,311.299918,-59.764159,16.552000045776367,43.32984161376953,311.29971242653426,-59.76431081958189,20.90998188663395,0.7915836625548066,0.7915836625548066
SB85158_component_814a,305.353827,-56.788861,14.90999984741211,25.143339157104492,305.35390960319694,-56.78866922881759,16.743156188554003,0.8905130955897622,0.8905130955897622
SB85158_component_818a,314.500807,-58.661935,14.970000267028809,75.60606384277344,314.5007511345633,-58.661867475603636,14.933910297192027,1.0024166456821137,1.0024166456821137
SB85158_component_819a,310.282965,-52.711361,15.394000053405762,41.493263244628906,310.282780904841,-52.71123419366743,16.44763144825559,0.9359402356403376,0.9359402356403376
SB85158_component_822a,315.425123,-56.951352,14.762999534606934,88.9337387084961,315.42490189294955,-56.95086066556485,13.234580258987558,1.1154867963856603,1.1154867963856603
SB85158_component_823a,315.380904,-52.402072,15.338000297546387,21.94277572631836,315.3806434692497,-52.402030712126,14.212924684061662,1.0791586276923273,1.0791586276923273
SB85158_component_826a,319.081955,-54.003173,14.675000190734863,15.479957580566406,319.0826277833893,-54.00314126625179,12.990738584794581,1.1296509505557812,1.1296509505557812
SB85158_component_829a,306.991229,-57.329857,14.324000358581543,52.66176223754883,306.9912036312987,-57.329727296480584,15.602783450188495,0.918041348475454,0.918041348475454
SB85158_component_832a,312.685144,-58.908383,14.579999923706055,77.55319213867188,312.6850043357956,-58.90830042397086,14.819479649668851,0.9838402068342428,0.9838402068342428
SB85158_component_833a,315.861622,-57.785515,15.633999824523926,82.71957397460938,315.8613214003746,-57.7851272279021,15.874437796192305,0.9848537646022304,0.9848537646022304
SB85158_component_836a,306.29644,-58.259664,15.284000396728516,36.04717254638672,306.2963771863367,-58.259419968666094,14.875155016784067,1.0274851172631907,1.0274851172631907
SB85158_component_839a,307.063428,-57.889098,14.010000228881836,52.66917419433594,307.06344007475326,-57.88899109522066,14.892292425054128,0.9407551120411816,0.9407551120411816
SB85158_component_840a,312.893805,-56.493066,15.277999877929688,82.58377838134766,312.89386697295623,-56.49256262447311,15.846898505565449,0.9641003173311192,0.9641003173311192
SB85158_component_846a,309.469919,-52.317882,14.994999885559082,15.603537559509277,309.46980050444523,-52.31791611430767,17.074923736121995,0.8781883958777025,0.8781883958777025
SB85158_component_849a,306.433189,-54.09989,14.59000015258789,33.85150909423828,306.4331152076864,-54.09964964835444,14.981711532927507,0.9738540299965932,0.9738540299965932
SB85158_component_850a,306.933532,-55.165263,13.713000297546387,57.617645263671875,306.9335300531327,-55.16512746803573,16.141861631625314,0.8495302840832016,0.8495302840832016
SB85158_component_852a,315.682331,-56.720486,13.42199993133545,73.3442611694336,315.68200886425774,-56.72014933095195,13.933293632369804,0.9633041752707688,0.9633041752707688
SB85158_component_853a,317.64911,-55.175839,13.190999984741211,41.61198806762695,317.64890342973416,-55.17572593318508,12.823358597984331,1.028669664343214,1.028669664343214
SB85158_component_856a,312.49625,-57.963683,14.732000350952148,63.7748908996582,312.4960752872027,-57.963320038926256,15.099798627091552,0.9756421734340541,0.9756421734340541
SB85158_component_857a,308.002253,-52.492866,13.170999526977539,17.060880661010742,308.00222592128017,-52.49275852977749,17.10676818808666,0.7699291521440015,0.7699291521440015
SB85158_component_860a,315.595266,-53.390242,14.081000328063965,56.778228759765625,315.5951208536005,-53.39002797905946,14.563476302127299,0.9668708236924959,0.9668708236924959
SB85158_component_863a,307.472029,-53.36163,14.583000183105469,42.640350341796875,307.47178041848053,-53.36142249348005,14.126917130415242,1.0322846838046695,1.0322846838046695
SB85158_component_866a,310.726864,-58.52076,14.744999885559082,84.74137878417969,310.72670945343555,-58.52059441352906,14.874179833456513,0.9913151548963482,0.9913151548963482
SB85158_component_868a,309.26952,-57.931993,13.866000175476074,65.71564483642578,309.2693779998028,-57.931784237589575,14.562534913665061,0.9521694030387952,0.9521694030387952
SB85158_component_870a,309.284636,-53.077875,14.237000465393066,46.37459182739258,309.2845113181218,-53.077748069095406,14.364323010189477,0.9911361959275009,0.9911361959275009
SB85158_component_872a,312.069108,-55.942391,14.62399959564209,74.23350524902344,312.06917764567993,-55.941930054173056,15.495572370705537,0.9437534313536453,0.9437534313536453
SB85158_component_873a,307.310129,-52.544811,13.53499984741211,14.098958015441895,307.31021939225843,-52.54464783046026,16.35229728857964,0.8277124374973837,0.8277124374973837
SB85158_component_878a,318.921278,-56.275274,14.104000091552734,35.17206954956055,318.92113326689184,-56.27519800135705,14.601832847623882,0.9659061460799999,0.9659061460799999
SB85158_component_879a,313.883067,-57.215431,13.722000122070312,76.65921783447266,313.8829737562331,-57.21495891792918,13.606589131841602,1.0084819927397257,1.0084819927397257
SB85158_component_884a,314.317895,-60.245573,14.970999717712402,20.536352157592773,314.3178469937595,-60.24574493972309,13.333190452274776,1.1228370112389867,1.1228370112389867
SB85158_component_899a,313.165879,-58.842722,14.708999633789062,73.9145736694336,313.1655669978857,-58.842621429833606,14.292036100678073,1.0291745367961396,1.0291745367961396
SB85158_component_904a,307.478452,-53.541636,13.461000442504883,45.32323455810547,307.47822953387157,-53.54137746305614,12.713361230339395,1.0588073601166392,1.0588073601166392
SB85158_component_907a,306.429063,-54.918212,14.388999938964844,45.39116668701172,306.42886702830947,-54.91817489946459,16.238967426593014,0.8860785024669331,0.8860785024669331
SB85158_component_909a,309.379428,-53.835389,14.512999534606934,65.669677734375,309.3792324688277,-53.835228676354234,15.488402981534275,0.9370236267683475,0.9370236267683475
SB85158_component_912a,305.678441,-58.352887,13.809000015258789,25.619667053222656,305.67831530817426,-58.35272373007578,14.86432175079011,0.9290030347011814,0.9290030347011814
SB85158_component_914a,311.119357,-52.997897,13.692000389099121,55.209678649902344,311.11913996806004,-52.99779621916279,14.896821313933167,0.9191222812273943,0.9191222812273943
SB85158_component_917a,312.518354,-57.166187,12.890999794006348,51.15475845336914,312.51837212851353,-57.16559929356088,13.791082856405916,0.934734417030822,0.934734417030822
SB85158_component_925a,318.637865,-57.608627,13.390000343322754,40.331329345703125,318.63765399440285,-57.60855574597041,15.430424405959839,0.8677661735701195,0.8677661735701195
SB85158_component_926a,310.202006,-56.332791,13.128000259399414,75.8843994140625,310.20195909071674,-56.332445784517994,14.931014330880632,0.8792436982829634,0.8792436982829634
SB85158_component_927a,311.905442,-52.593166,13.354000091552734,34.41752624511719,311.9052654069535,-52.59333173705337,14.826190400314681,0.9007033992541537,0.9007033992541537
SB85158_component_929a,319.118757,-55.419351,12.670000076293945,13.98454761505127,319.11815293691643,-55.41928977415695,9.971443588231718,1.2706284665990648,1.2706284665990648
SB85158_component_930a,314.286005,-56.948391,13.20199966430664,72.53845977783203,314.28577970116265,-56.947925438235366,12.22693041875434,1.0797476727320443,1.0797476727320443
SB85158_component_931a,316.871641,-52.751091,13.581999778747559,28.178422927856445,316.87152746888484,-52.751182021390406,12.95794402066542,1.0481600906044115,1.0481600906044115
SB85158_component_932a,318.842135,-57.564189,12.51099967956543,35.242252349853516,318.84180957637926,-57.564087118698424,13.293365407803913,0.9411461504113027,0.9411461504113027
SB85158_component_933a,310.057268,-60.346355,13.694999694824219,12.645429611206055,310.0566437607023,-60.34627857573548,13.824511252663418,0.9906317441917343,0.9906317441917343
SB85158_component_934a,318.550195,-57.901794,14.156000137329102,47.66330337524414,318.54995645979767,-57.90181732725459,13.848342336594332,1.0222162186099186,1.0222162186099186
SB85158_component_936a,311.853078,-60.418688,13.815999984741211,12.280888557434082,311.852772502386,-60.41862269210026,11.079708468798831,1.2469642160394339,1.2469642160394339
SB85158_component_937a,318.740896,-53.49439,12.890000343322754,14.370122909545898,318.74061311309595,-53.49442787965346,14.033050360113833,0.9185458622709733,0.9185458622709733
SB85158_component_938a,316.217821,-57.906327,12.654999732971191,63.27499771118164,316.2174114247187,-57.90605720816941,12.019474409803966,1.052874635071301,1.052874635071301
SB85158_component_942a,315.68089,-58.468786,12.545999526977539,66.73403930664062,315.680516700003,-58.46858572058934,12.340139403493135,1.0166821554241219,1.0166821554241219
SB85158_component_943a,318.68202,-55.158812,12.406000137329102,22.597448348999023,318.6818187556772,-55.15884449283347,12.246892814319262,1.012991648201886,1.012991648201886
SB85158_component_944a,308.290635,-52.765448,12.079999923706055,26.375545501708984,308.2906307808213,-52.76527383904137,13.817267466483038,0.8742683712976443,0.8742683712976443
SB85158_component_950a,315.684777,-54.764072,12.484000205993652,57.266056060791016,315.68463191019697,-54.76379614056242,10.679935643150337,1.1689209207922866,1.1689209207922866
SB85158_component_952a,313.738201,-58.250913,12.6899995803833,62.51231384277344,313.73783510433975,-58.25063438708086,11.69945004091782,1.0846663335456896,1.0846663335456896
SB85158_component_958a,313.341459,-60.167988,12.795999526977539,21.433834075927734,313.3410004536538,-60.16809316973382,13.48216398981158,0.9491057620013691,0.9491057620013691
SB85158_component_966a,317.459451,-57.582315,12.156999588012695,59.01456069946289,317.4591057375406,-57.58216204736088,12.63211092661897,0.9623886030318892,0.9623886030318892
SB85158_component_971a,308.665375,-58.155516,12.970999717712402,63.58333206176758,308.66554565784315,-58.15559917306108,12.968365640654996,1.0002031155760405,1.0002031155760405
SB85158_component_975a,319.264396,-54.728897,11.833000183105469,11.762425422668457,319.2644367926095,-54.728662186961635,10.347873804172323,1.1435199546339978,1.1435199546339978
SB85158_component_976a,307.268939,-58.402127,11.843999862670898,49.35000228881836,307.2688284303657,-58.40210111790907,11.431945801575743,1.036044088053528,1.036044088053528
SB85158_component_979a,317.665912,-56.13728,11.491999626159668,53.95304870605469,317.6655304761146,-56.137055033444774,10.867676343512882,1.0574477250621708,1.0574477250621708
SB85158_component_981a,311.747426,-58.41668,11.781999588012695,57.75490188598633,311.7473151560259,-58.41648623454381,13.01844561595349,0.9050235285827373,0.9050235285827373
SB85158_component_983a,318.806731,-54.94857,11.614999771118164,19.619932174682617,318.8066892244408,-54.94845913191918,9.307922972361766,1.247861612693493,1.247861612693493
SB85158_component_984a,315.152308,-55.277455,11.781000137329102,63.68107986450195,315.15213847302005,-55.27699185514915,12.440371944731758,0.9469974201469203,0.9469974201469203
SB85158_component_989a,313.541072,-54.28609,11.944000244140625,64.21504974365234,313.5408379893482,-54.285719970398674,12.947234960478461,0.9225135931030666,0.9225135931030666
SB85158_component_997a,307.564163,-58.227509,12.145000457763672,50.39419174194336,307.5640963669222,-58.22742773378406,12.878158538393807,0.9430696494033396,0.9430696494033396
SB85158_component_999a,310.093796,-54.090494,12.317999839782715,61.899497985839844,310.0938451655659,-54.09016857070428,12.167834792814736,1.012341147749364,1.012341147749364
SB85158_component_1005a,307.896102,-56.242058,11.394000053405762,66.24418640136719,307.89592639119854,-56.24191570240898,11.868715216439178,0.9600028179650064,0.9600028179650064
SB85158_component_1006a,312.176672,-52.308902,12.788000106811523,19.4939022064209,312.17646703510223,-52.30891550531326,14.50886464056534,0.8813921987429361,0.8813921987429361
SB85158_component_1007a,314.050468,-53.807905,12.359999656677246,73.13609313964844,314.0501755010634,-53.80781720571955,13.677776340414884,0.9036556344437443,0.9036556344437443
SB85158_component_1014a,318.817,-54.31102,11.930000305175781,15.843293190002441,318.8168477534094,-54.31116236839231,12.57801992274537,0.9484799975234777,0.9484799975234777
SB85158_component_1017a,319.267793,-55.917899,11.982999801635742,15.623207092285156,319.2677083280699,-55.917906113876334,12.88217274820828,0.930200210465459,0.930200210465459
SB85158_component_1021a,311.669117,-54.514143,11.366000175476074,53.61320877075195,311.6691524982955,-54.513763880378306,12.958978008567488,0.8770753502291416,0.8770753502291416
SB85158_component_1026a,314.438135,-57.442083,11.11400032043457,58.18848419189453,314.4378713173853,-57.44157738659217,11.277987163205248,0.9854595646902587,0.9854595646902587
SB85158_component_1029a,318.264461,-54.514077,10.559000015258789,24.052391052246094,318.26452253005834,-54.513984653018476,10.396259884990048,1.0156537189401837,1.0156537189401837
SB85158_component_1030a,310.654066,-53.678285,11.10200023651123,61.33702087402344,310.6539190621841,-53.67803323633951,10.155011390980242,1.09325335138197,1.09325335138197
SB85158_component_1032a,314.747236,-56.02765,10.5,58.98876190185547,314.7469769941574,-56.027223586677664,9.730636705824674,1.079066079377395,1.079066079377395
SB85158_component_1033a,307.788834,-56.783059,10.977999687194824,59.66304016113281,307.78875308976785,-56.782869853879944,12.11497697029779,0.9061510982736092,0.9061510982736092
SB85158_component_1036a,311.839086,-56.750393,10.460000038146973,54.47916793823242,311.8392188698819,-56.74989616065562,10.852234809616915,0.963856774355605,0.963856774355605
SB85158_component_1041a,311.478064,-54.324632,11.604000091552734,63.758243560791016,311.4780123824967,-54.324414096749244,11.68440837215106,0.9931183267447266,0.9931183267447266
SB85158_component_1043a,317.386328,-59.528987,11.732999801635742,25.45119285583496,317.3862495477588,-59.52884704928962,9.998993926687264,1.1734180346205056,1.1734180346205056
SB85158_component_1047a,318.523475,-58.356529,10.218999862670898,30.144542694091797,318.52309258104833,-58.35643571209773,10.851815289836763,0.9416857539255643,0.9416857539255643
SB85158_component_1048a,318.197382,-54.462975,11.99899959564209,29.848257064819336,318.1973758924023,-54.46281060636919,10.351682761649847,1.1591351736642375,1.1591351736642375
SB85158_component_1055a,306.683466,-56.743116,11.086000442504883,42.638465881347656,306.68338148447066,-56.74295455699948,11.293308134001322,0.9816433157550809,0.9816433157550809
SB85158_component_1061a,314.858345,-59.21349,10.50100040435791,44.121849060058594,314.85822328409176,-59.213430142731404,10.974617712705356,0.9568443001163368,0.9568443001163368
SB85158_component_1064a,315.517112,-52.695141,10.699000358581543,21.527162551879883,315.5170162999444,-52.695072628994154,12.793434077801054,0.8362883877399473,0.8362883877399473
SB85158_component_1067a,307.855517,-55.844158,10.98900032043457,60.0491828918457,307.8554176398063,-55.844155363063514,11.245507692690813,0.9771902363800824,0.9771902363800824
SB85158_component_1069a,311.057427,-58.144692,10.652000427246094,54.62564468383789,311.0572953734709,-58.14443149588385,11.242245970582225,0.9474975423166655,0.9474975423166655
SB85158_component_1070a,309.713798,-54.744899,10.932999610900879,59.743167877197266,309.7138617924423,-54.7445640788407,11.236608034689795,0.9729804205280088,0.9729804205280088
SB85158_component_1071a,319.830871,-57.382165,11.366999626159668,13.613173484802246,319.8303261107538,-57.382140761121,11.880659077074094,0.9567650710636394,0.9567650710636394
SB85158_component_1073a,318.934871,-57.137318,10.194999694824219,28.881019592285156,318.9347427940406,-57.13715443278838,12.08112641327805,0.8438782399974858,0.8438782399974858
SB85158_component_1075a,309.959769,-59.085929,10.15999984741211,54.04255294799805,309.9594836950178,-59.08586335063613,10.542660632503175,0.9637035850408276,0.9637035850408276
SB85158_component_1078a,317.156558,-54.738995,10.029999732971191,39.48818588256836,317.1565333943498,-54.73874376550054,9.115514563151146,1.1003218373998096,1.1003218373998096
SB85158_component_1079a,306.520754,-57.647361,10.829000473022461,32.22916793823242,306.5208989314296,-57.647235851532805,11.907740078563839,0.9094085360929811,0.9094085360929811
SB85158_component_1080a,314.962291,-53.551945,11.02400016784668,57.119171142578125,314.9622301035438,-53.55180258440868,13.210250502955816,0.8345034914652104,0.8345034914652104
SB85158_component_1081a,307.416577,-54.88067,11.220999717712402,53.43333435058594,307.41659501595177,-54.88055549377857,10.528474018692236,1.0657764551435143,1.0657764551435143
SB85158_component_1087a,314.512765,-60.03062,11.083000183105469,20.448339462280273,314.51246702112,-60.03079400411289,10.876338079367239,1.0190010739120252,1.0190010739120252
SB85158_component_1091a,309.416949,-53.603648,11.409000396728516,54.07109451293945,309.4169363794497,-53.60340117895043,11.240372433748261,1.0150019907235426,1.0150019907235426
SB85158_component_1098a,311.164999,-58.356216,10.576000213623047,58.43094253540039,311.1647825236426,-58.35579690413006,11.96085610882083,0.88421766112741,0.88421766112741
SB85158_component_1100a,307.439258,-58.17117,10.21399974822998,40.69322967529297,307.4393391915509,-58.171128240085864,16.031808978769263,0.6371083738432924,0.6371083738432924
SB85158_component_1102a,311.114502,-57.937385,10.220000267028809,50.34482955932617,311.11422889899507,-57.937059023760995,11.248904859514296,0.9085329100623301,0.9085329100623301
SB85158_component_1103a,309.494111,-55.092361,10.645000457763672,56.02631759643555,309.49422788925375,-55.092111441860105,10.491075751896945,1.0146719659172125,1.0146719659172125
SB85158_component_1107a,309.223007,-52.524671,10.720000267028809,18.169492721557617,309.222978737635,-52.52437643114241,10.782703435257153,0.9941848379114909,0.9941848379114909
SB85158_component_1109a,309.548714,-54.76499,10.61299991607666,53.87309646606445,309.54883453864267,-54.764696815645365,10.41053316452736,1.0194482595991512,1.0194482595991512
SB85158_component_1110a,316.33976,-56.36903,9.70300006866455,53.02185821533203,316.3393987929077,-56.36879185662263,9.7051883538021,0.9997745241969784,0.9997745241969784
SB85158_component_1112a,307.623641,-58.661637,10.173999786376953,47.320926666259766,307.62369694164653,-58.66158314333273,9.4493240565791,1.0766907479793009,1.0766907479793009
SB85158_component_1113a,313.839635,-59.740844,10.342000007629395,30.964073181152344,313.8392223514629,-59.74070526731109,10.343556877600326,0.9998494840808287,0.9998494840808287
SB85158_component_1115a,311.427199,-57.876027,9.670999526977539,45.40375518798828,311.42696366887907,-57.875725758470914,10.22302727226302,0.946001538430477,0.946001538430477
SB85158_component_1116a,318.494633,-57.873101,10.201000213623047,35.543556213378906,318.4943023751206,-57.873327637828865,10.993967292755716,0.9278725269944016,0.9278725269944016
SB85158_component_1119a,319.33874,-55.605555,10.581999778747559,14.147058486938477,319.33807683454427,-55.60542172922892,9.675917416303792,1.0936430442158416,1.0936430442158416
SB85158_component_1122a,312.590634,-59.957401,10.515999794006348,21.28744888305664,312.5906031265645,-59.95752236845381,11.422951961878443,0.9206026453670779,0.9206026453670779
SB85158_component_1123a,306.205951,-56.548718,9.904000282287598,32.472129821777344,306.20601776469994,-56.54842135159102,10.276159748231382,0.9637841883483919,0.9637841883483919
SB85158_component_1126a,318.4597,-59.713138,10.734000205993652,11.847681999206543,318.45870250594265,-59.71318247213804,9.514491586609688,1.1281738081623038,1.1281738081623038
SB85158_component_1127a,315.805529,-57.63676,10.878000259399414,56.952880859375,315.8052557653577,-57.63638206317041,10.994643865989842,0.989390869953392,0.989390869953392
SB85158_component_1130a,307.77421,-52.521347,9.425000190734863,11.127509117126465,307.7743297473546,-52.52141440913988,8.791935257056334,1.0720051860220918,1.0720051860220918
SB85158_component_1132a,318.150542,-53.624233,10.72599983215332,22.4393310546875,318.1504501104481,-53.624292433201035,10.206008155104852,1.050949565113602,1.050949565113602
SB85158_component_1135a,317.773302,-59.706819,9.75100040435791,15.527070045471191,317.7733705955032,-59.70693706081395,9.233916657149086,1.055998312136431,1.055998312136431
SB85158_component_1136a,316.556427,-55.212162,10.039999961853027,45.225223541259766,316.5563335305049,-55.211737072305105,8.606562569385634,1.1665516727393892,1.1665516727393892
SB85158_component_1137a,316.520302,-54.224279,9.510000228881836,45.9420280456543,316.52034080525766,-54.22414754454373,7.829884707022837,1.2145773002700868,1.2145773002700868
SB85158_component_1140a,314.66953,-54.644866,9.979999542236328,58.36256790161133,314.66932427906323,-54.64442844203075,8.300989086837376,1.202266312825457,1.202266312825457
SB85158_component_1143a,310.950237,-53.621684,10.180999755859375,53.86772537231445,310.94996822064553,-53.62140083418675,10.732583864786982,0.9486065875769838,0.9486065875769838
SB85158_component_1148a,315.692027,-58.736769,9.378000259399414,45.08654022216797,315.6918938120263,-58.73659174197197,10.11076303930731,0.9275264609546129,0.9275264609546129
SB85158_component_1149a,309.470376,-54.086928,9.710000038146973,45.80188751220703,309.4703881285279,-54.086705836250125,11.096720528310346,0.8750333049637933,0.8750333049637933
SB85158_component_1150a,317.192706,-57.760109,10.545999526977539,51.95073699951172,317.1924977778442,-57.75995536219655,10.817259686046388,0.9749233940071941,0.9749233940071941
SB85158_component_1152a,311.900458,-58.118377,10.380999565124512,49.66985321044922,311.900252329633,-58.11806990852666,10.113415764867407,1.0264583011791777,1.0264583011791777
SB85158_component_1153a,307.919712,-53.710066,9.41100025177002,36.47674560546875,307.9195690791558,-53.70985673900642,9.746641378377536,0.9655634065543727,0.9655634065543727
SB85158_component_1154a,317.68988,-55.742659,10.182000160217285,39.7734375,317.68979350721116,-55.74258962400245,10.198200793288555,0.9984114224264018,0.9984114224264018
SB85158_component_1157a,306.508803,-58.374351,9.842000007629395,30.00609588623047,306.5086853480255,-58.374116497482895,8.41856478475091,1.169082885179769,1.169082885179769
SB85158_component_1160a,309.137176,-56.146692,10.170999526977539,62.39876937866211,309.1370195897545,-56.14655441720088,11.570984097385578,0.8790090316756757,0.8790090316756757
SB85158_component_1163a,308.631355,-58.904556,10.100000381469727,41.908714294433594,308.6311523665214,-58.9043096808983,10.744875278934202,0.9399830262591524,0.9399830262591524
SB85158_component_1164a,313.733306,-53.752284,9.63700008392334,57.36309814453125,313.7330418346256,-53.75204442989383,10.430665354877108,0.9239103888437308,0.9239103888437308
SB85158_component_1165a,318.954781,-58.765246,10.538000106811523,21.86307144165039,318.95479280657446,-58.76501761292725,8.447761489450347,1.2474310644271254,1.2474310644271254
SB85158_component_1167a,314.365807,-55.070922,10.378000259399414,57.02198028564453,314.3658310390401,-55.07032761639865,11.088020190774829,0.9359651300088588,0.9359651300088588
SB85158_component_1168a,314.962123,-55.519936,9.866000175476074,53.04301071166992,314.9618811473151,-55.519614488037305,8.67270873373675,1.1375915505034122,1.1375915505034122
SB85158_component_1171a,306.619538,-56.245366,9.730999946594238,43.2488899230957,306.61937963862107,-56.24520004444017,11.421781838352723,0.8519686406475495,0.8519686406475495
SB85158_component_1173a,317.326578,-57.392337,9.314000129699707,45.88177490234375,317.326296014021,-57.39202714515139,9.758036268162321,0.9544953383795696,0.9544953383795696
SB85158_component_1175a,306.341814,-54.661518,9.947999954223633,27.404958724975586,306.3416078076471,-54.6614925089248,11.361976646019034,0.8755518748323756,0.8755518748323756
SB85158_component_1176a,310.425379,-54.478357,9.99899959564209,53.1861686706543,310.42548035355145,-54.478072620942825,7.331520758645688,1.3638370434743405,1.3638370434743405
SB85158_component_1177a,309.19639,-54.256584,9.940999984741211,47.338096618652344,309.1965113553002,-54.25633344517871,9.4441957434233,1.0526041872505525,1.0526041872505525
SB85158_component_1179a,316.822909,-57.76595,9.876999855041504,52.818180084228516,316.8226473910966,-57.76576120238067,10.998153370888748,0.8980598398623127,0.8980598398623127
SB85158_component_1180a,307.289575,-54.308825,9.77299976348877,42.491302490234375,307.2895026311228,-54.308774763497496,10.335050334580062,0.9456170455976661,0.9456170455976661
SB85158_component_1181a,305.845825,-55.279625,10.553000450134277,25.007110595703125,305.8458959417543,-55.279566601713015,11.019145250985428,0.9576968276364753,0.9576968276364753
SB85158_component_1183a,310.490728,-58.551872,10.20300006866455,57.97159194946289,310.49056969080976,-58.5518662443484,11.171228893901079,0.9133283513897803,0.9133283513897803
SB85158_component_1184a,317.852955,-56.540774,8.958000183105469,39.637168884277344,317.85262707880736,-56.540550360791926,9.936481757202628,0.9015263553029833,0.9015263553029833
SB85158_component_1185a,311.653395,-55.14478,10.11299991607666,56.4972038269043,311.6535828152707,-55.144475490492745,9.201636886619724,1.0990435767773195,1.0990435767773195
SB85158_component_1186a,306.410565,-54.36928,9.449999809265137,24.418603897094727,306.41072275905503,-54.369129638882164,9.381778386317016,1.007271694143577,1.007271694143577
SB85158_component_1191a,316.385083,-56.777804,9.395000457763672,53.38068389892578,316.3847007331507,-56.777590453248685,9.493956800152738,0.9895769125063352,0.9895769125063352
SB85158_component_1192a,315.012204,-57.730373,10.164999961853027,53.21989440917969,315.01204614008327,-57.730106046675886,8.787477796629195,1.1567596751996618,1.1567596751996618
SB85158_component_1193a,311.276877,-59.347419,9.744999885559082,45.32558059692383,311.27657381174504,-59.347274765319206,11.729651226385565,0.8308004814020337,0.8308004814020337
SB85158_component_1196a,315.258298,-55.00379,9.83899974822998,48.467979431152344,315.25807348222946,-55.003277240548584,8.76832498635373,1.122107102957812,1.122107102957812
SB85158_component_1201a,319.308433,-57.647033,9.458999633789062,16.3367862701416,319.3079532344907,-57.64689457881906,10.725625650437626,0.8819065611713864,0.8819065611713864
SB85158_component_1204a,314.428114,-54.398641,9.196999549865723,50.25682830810547,314.4279033651253,-54.39830811655273,9.893515734274244,0.929598718684444,0.929598718684444
SB85158_component_1207a,306.632577,-56.610808,9.755999565124512,39.02399826049805,306.6324722080195,-56.61051821463936,10.206510141754075,0.9558604684292079,0.9558604684292079
SB85158_component_1208a,308.140788,-58.025265,9.58899974822998,45.88037872314453,308.1407848542809,-58.025088512565596,8.016151506125752,1.1962098945987105,1.1962098945987105
SB85158_component_1209a,313.634657,-56.832994,9.701000213623047,42.924781799316406,313.634574739214,-56.832565547820636,9.368259958775965,1.0355178289577007,1.0355178289577007
SB85158_component_1214a,311.936362,-53.536441,9.555000305175781,52.79005813598633,311.93608809721974,-53.53633046696198,11.4710664084928,0.8329653028685785,0.8329653028685785
SB85158_component_1216a,307.383792,-56.567873,9.444999694824219,52.47221755981445,307.38363514015805,-56.56770234880877,9.876205554932561,0.9563389139978986,0.9563389139978986
SB85158_component_1219a,311.047948,-59.147795,9.779999732971191,44.86238479614258,311.047791809314,-59.147907165486096,9.539240827751357,1.025238790965359,1.025238790965359
SB85158_component_1221a,311.160402,-58.652977,9.236000061035156,46.64646530151367,311.16024812147566,-58.65286551910177,9.298582791118843,0.9932696485594062,0.9932696485594062
SB85158_component_1222a,309.104665,-53.461215,9.416999816894531,37.51792907714844,309.1045441643679,-53.460966734328075,9.428568948052447,0.9987729706149833,0.9987729706149833
SB85158_component_1223a,312.743042,-59.565923,9.348999977111816,36.66274642944336,312.74304388435104,-59.565998597538766,10.123987109157325,0.9234504031179062,0.9234504031179062
SB85158_component_1224a,312.090772,-59.100707,9.625,43.55203628540039,312.0906671552309,-59.10076978002157,11.185907777675187,0.8604576571969917,0.8604576571969917
SB85158_component_1226a,319.247174,-59.333017,10.309000015258789,10.434210777282715,319.24691399072293,-59.33287201946023,8.19371715793761,1.2581591256505618,1.2581591256505618
SB85158_component_1227a,315.945328,-57.352373,9.232999801635742,51.870784759521484,315.9451472773948,-57.35211405660095,9.46957830321172,0.9750169971670504,0.9750169971670504
SB85158_component_1229a,317.322621,-57.744173,9.526000022888184,46.24271774291992,317.32240795618674,-57.744083132111804,10.05273745509172,0.9476025873990429,0.9476025873990429
SB85158_component_1234a,308.970578,-53.445887,9.02299976348877,29.012861251831055,308.9701153208218,-53.44562983856787,11.112802294697538,0.811946395176497,0.811946395176497
SB85158_component_1241a,315.298641,-54.071341,9.256999969482422,50.037837982177734,315.29849699362387,-54.07097590132743,10.55411481639185,0.8770986606195672,0.8770986606195672
SB85158_component_1242a,316.692646,-54.722611,9.109999656677246,37.95833206176758,316.6926406779577,-54.72215967249881,6.7559342566066585,1.3484440953179107,1.3484440953179107
SB85158_component_1246a,316.97591,-53.199375,9.645999908447266,28.12244987487793,316.97564178039966,-53.19930870531266,9.133527569485416,1.0561089168520157,1.0561089168520157
SB85158_component_1248a,309.108825,-59.43313,9.71500015258789,33.27054977416992,309.1087763880131,-59.4330770041413,9.977297115954414,0.9737106191869247,0.9737106191869247
SB85158_component_1250a,307.687295,-54.210633,8.595000267028809,40.73460006713867,307.6871132511439,-54.21053124663914,10.16156685101075,0.8458341506825674,0.8458341506825674
SB85158_component_1257a,309.202146,-58.490203,8.494999885559082,42.474998474121094,309.20204855993484,-58.49005121055536,8.600719774146217,0.9877080184724853,0.9877080184724853
SB85158_component_1259a,307.143698,-52.748981,9.237000465393066,12.027344703674316,307.1441442135614,-52.74877357431199,9.583546621574696,0.9638394667584257,0.9638394667584257
SB85158_component_1260a,308.123792,-58.706843,9.118000030517578,41.63470458984375,308.1234251466414,-58.706681050323425,8.268197298323567,1.102779687219887,1.102779687219887
SB85158_component_1263a,315.670977,-53.60637,8.87399959564209,42.459327697753906,315.6706215256785,-53.60606994243934,9.195198296666529,0.9650688663080946,0.9650688663080946
SB85158_component_1270a,318.416671,-54.200403,9.715999603271484,16.6655216217041,318.416727334706,-54.200197248393756,8.330780710672466,1.1662772002658084,1.1662772002658084
SB85158_component_1278a,310.136049,-54.857253,8.972999572753906,47.728721618652344,310.1361274263081,-54.85678925966745,6.761266426289692,1.3271181768350937,1.3271181768350937
SB85158_component_1282a,317.349133,-58.812014,9.652999877929688,38.92338562011719,317.3486659006003,-58.8118383360808,8.496620782078526,1.136098706239809,1.136098706239809
SB85158_component_1284a,314.407261,-60.168569,9.368000030517578,13.382857322692871,314.4072414791519,-60.16821141519414,7.344612097731613,1.2754928246531754,1.2754928246531754
SB85158_component_1287a,311.071389,-55.076255,8.47700023651123,37.84375,311.071626937212,-55.07582179941428,8.875082272010097,0.9551461019404492,0.9551461019404492
SB85158_component_1290a,316.827051,-52.618472,9.361000061035156,15.074074745178223,316.82686642156864,-52.61814012238415,9.551705881674163,0.9800343705091575,0.9800343705091575
SB85158_component_1294a,313.187321,-59.239238,8.942999839782715,41.21198272705078,313.18708247326396,-59.239105127396286,10.034934963064272,0.891186626789246,0.891186626789246
SB85158_component_1295a,312.012815,-53.173385,9.03499984741211,41.82870101928711,312.0126253296839,-53.17325585483147,9.646858266716123,0.9365743330743165,0.9365743330743165
SB85158_component_1297a,311.21015,-59.526545,9.020000457763672,33.53160095214844,311.2100765879748,-59.526703215788984,8.392121526725493,1.0748176642865144,1.0748176642865144
SB85158_component_1298a,311.557483,-57.63339,8.769000053405762,45.43523406982422,311.55735798320757,-57.633045629926116,8.482140215081783,1.0338192756839746,1.0338192756839746
SB85158_component_1301a,318.002202,-54.130925,9.14799976348877,24.010498046875,318.00208622464186,-54.13103316434228,8.30376354399932,1.1016691064257884,1.1016691064257884
SB85158_component_1302a,313.571407,-53.112558,8.857999801635742,40.26363754272461,313.57130742062486,-53.112470586873336,9.38370840793636,0.943976455421825,0.943976455421825
SB85158_component_1303a,306.235024,-57.548644,8.265999794006348,16.869386672973633,306.2349742467234,-57.54821934886701,10.91109763219209,0.7575772917307926,0.7575772917307926
SB85158_component_1308a,311.976532,-56.748947,8.920999526977539,49.28729248046875,311.9765663868368,-56.74836916239004,9.875311519881295,0.9033638593595246,0.9033638593595246
SB85158_component_1310a,314.802483,-53.438928,8.958000183105469,48.42162322998047,314.80227000000156,-53.4387927665123,9.335974267600214,0.9595142324024526,0.9595142324024526
SB85158_component_1311a,312.450542,-54.382625,8.585000038146973,49.05714416503906,312.45038682912843,-54.3823174096688,9.96929462455637,0.8611441793484964,0.8611441793484964
SB85158_component_1313a,312.108377,-52.700065,9.024999618530273,28.470029830932617,312.1080293309415,-52.70006477822094,10.114711736249971,0.8922646392566687,0.8922646392566687
SB85158_component_1315a,311.938631,-56.010849,8.77400016784668,42.80000305175781,311.9387602696002,-56.01026237735923,9.84519912753547,0.891195805609171,0.891195805609171
SB85158_component_1318a,310.130424,-55.199745,8.42199993133545,42.75127029418945,310.1303457175871,-55.199306154100654,9.213826343690055,0.9140610661826858,0.9140610661826858
SB85158_component_1320a,315.489129,-54.068564,8.463000297546387,45.745948791503906,315.4889233899241,-54.06826078342273,8.16641286962069,1.0363179565692804,1.0363179565692804
SB85158_component_1322a,310.615062,-59.082253,9.130999565124512,48.31216812133789,310.61495484754295,-59.082226102615216,9.149858175886843,0.9979389176968851,0.9979389176968851
SB85158_component_1327a,311.860759,-55.353214,8.218999862670898,47.784881591796875,311.86089277100723,-55.35271092475836,9.087337498826377,0.9044453189652498,0.9044453189652498
SB85158_component_1340a,315.599143,-57.116267,8.975000381469727,50.13966369628906,315.59888311877387,-57.115782890950165,8.976929942543384,0.9997850533438484,0.9997850533438484
SB85158_component_1343a,315.207863,-59.460258,8.520000457763672,29.583335876464844,315.2078002186923,-59.460296243775716,10.972142338456962,0.7765120242654325,0.7765120242654325
SB85158_component_1349a,306.903897,-54.645181,9.14900016784668,33.02888107299805,306.90363902082555,-54.64508804839941,9.692739124034377,0.9439024460238048,0.9439024460238048
SB85158_component_1350a,315.804912,-58.205972,8.354000091552734,45.15675735473633,315.8046361829139,-58.2057180900948,10.342466135475902,0.8077377273586142,0.8077377273586142
SB85158_component_1355a,313.061265,-52.861289,8.77299976348877,27.415624618530273,313.0610533289452,-52.8613767001566,10.163230163394891,0.8632097888608936,0.8632097888608936
SB85158_component_1358a,309.402989,-59.639284,8.437999725341797,23.702245712280273,309.4028524368861,-59.63927176771819,9.041067816421164,0.9332968070448467,0.9332968070448467
SB85158_component_1360a,311.649951,-57.700946,7.968999862670898,40.866668701171875,311.64948885513076,-57.70034709650748,8.801953323723598,0.9053672031175547,0.9053672031175547
SB85158_component_1362a,308.5886,-57.232764,8.541000366210938,49.94736862182617,308.58862048986293,-57.232442211585145,8.498146607613613,1.0050427182038648,1.0050427182038648
SB85158_component_1365a,307.26562,-57.115541,8.369000434875488,40.23557662963867,307.26571663245744,-57.11569530775418,9.745317517780956,0.8587714478882511,0.8587714478882511
SB85158_component_1366a,316.870453,-55.851648,7.5980000495910645,36.18095397949219,316.8703051782836,-55.85140020054839,7.941492855553511,0.9567470736031399,0.9567470736031399
SB85158_component_1367a,312.037877,-57.013822,8.543999671936035,44.96841812133789,312.0380163445519,-57.013332946883146,7.730072897744327,1.105293544441116,1.105293544441116
SB85158_component_1370a,314.228573,-59.646318,9.14900016784668,29.608415603637695,314.2281277419964,-59.64636425460452,9.154952760940638,0.9993497953239743,0.9993497953239743
SB85158_component_1371a,309.402012,-59.730504,8.484999656677246,21.48101043701172,309.4019071787516,-59.73034079754138,9.039945363423525,0.9386118295590986,0.9386118295590986
SB85158_component_1373a,305.938764,-56.465361,8.940999984741211,25.99127769470215,305.9385244162991,-56.46520600939045,9.19788365770905,0.972071437025349,0.972071437025349
SB85158_component_1375a,311.477864,-53.489297,8.357999801635742,41.582088470458984,311.4779347548075,-53.48923611076291,7.630615577397209,1.0953244488417333,1.0953244488417333
SB85158_component_1378a,317.387608,-56.831228,7.796999931335449,39.984615325927734,317.38727686529126,-56.83125522193924,8.04718009654993,0.9689108281145913,0.9689108281145913
SB85158_component_1389a,307.144764,-59.164998,7.72599983215332,23.55487632751465,307.1446137592425,-59.165076066305375,8.185600584284561,0.9438525313568777,0.9438525313568777
SB85158_component_1390a,316.766654,-59.513681,8.420999526977539,21.70360565185547,316.7662801352043,-59.513629725414376,7.603272613116013,1.107549335065391,1.107549335065391
SB85158_component_1391a,318.265542,-56.205698,7.84499979019165,21.6712703704834,318.2654970125592,-56.20561762551108,8.602373581409577,0.9119575796086475,0.9119575796086475
SB85158_component_1393a,309.013596,-56.259041,7.946000099182129,49.97484588623047,309.01328058603576,-56.258753597242126,8.232016108638142,0.9652556547896103,0.9652556547896103
SB85158_component_1395a,317.779955,-59.051962,8.354999542236328,25.014968872070312,317.7794492961636,-59.05172667466859,7.794509772972354,1.0719082771834458,1.0719082771834458
SB85158_component_1397a,314.047315,-52.614039,8.20199966430664,20.817258834838867,314.04732905742526,-52.61402242394482,9.730928511201949,0.8428794492596208,0.8428794492596208
SB85158_component_1398a,306.894561,-58.566964,7.605999946594238,25.60942840576172,306.89497090713337,-58.567103352699576,8.130374625557335,0.935504241426372,0.935504241426372
SB85158_component_1399a,315.125852,-59.454666,8.631999969482422,30.2877197265625,315.1255020634517,-59.454659341724685,8.544546555416636,1.0102349976676466,1.0102349976676466
SB85158_component_1400a,313.167838,-54.191592,8.265000343322754,47.500003814697266,313.1675797526372,-54.191313812563614,9.701819201068218,0.8519021198016901,0.8519021198016901
SB85158_component_1402a,317.777561,-57.727668,8.319999694824219,37.647056579589844,317.77737512450796,-57.72766177203234,6.663647745971375,1.2485653521908058,1.2485653521908058
SB85158_component_1407a,307.908878,-59.116916,7.869999885559082,29.58646583557129,307.90878837854007,-59.11694485495386,7.416371539816917,1.0611658063928877,1.0611658063928877
SB85158_component_1410a,317.750391,-56.567403,7.190000057220459,33.75586700439453,317.75010820094406,-56.56728547274901,7.797199189997007,0.9221259944781812,0.9221259944781812
SB85158_component_1413a,313.927877,-58.756979,7.906000137329102,39.529998779296875,313.92756923390215,-58.75687918499452,7.504709131559765,1.0534718932785518,1.0534718932785518
SB85158_component_1415a,311.637945,-53.099802,8.229000091552734,36.41150665283203,311.6379268175537,-53.099793517804734,9.222484401890409,0.8922758481289454,0.8922758481289454
SB85158_component_1416a,318.676016,-53.713787,7.553999900817871,10.684582710266113,318.67656378122024,-53.71391617263638,7.361448679038189,1.0261567023251787,1.0261567023251787
SB85158_component_1418a,307.019726,-58.160015,7.859000205993652,26.284282684326172,307.0196581391109,-58.159967981249196,9.771222917317012,0.804300574502867,0.804300574502867
SB85158_component_1423a,309.583243,-55.816265,8.105999946594238,47.127906799316406,309.5833273157623,-55.81613265373961,8.039407323010032,1.0082832752351791,1.0082832752351791
SB85158_component_1424a,306.634556,-57.642679,7.749000072479248,24.140186309814453,306.6344015620449,-57.6425595602747,7.7982652251751166,0.9936825497372382,0.9936825497372382
SB85158_component_1425a,308.386651,-56.596389,7.590000152587891,45.44910430908203,308.38646572936983,-56.596081715743615,8.456067851512604,0.8975803276259435,0.8975803276259435
SB85158_component_1427a,307.636869,-54.90321,8.043999671936035,37.765254974365234,307.6368634709824,-54.903256637366134,7.008381202062167,1.147768570232616,1.147768570232616
SB85158_component_1428a,310.858748,-54.359288,7.97599983215332,43.82417678833008,310.8586844522262,-54.359022177926306,8.061108419022068,0.989442073912824,0.989442073912824
SB85158_component_1429a,314.213465,-53.389244,8.005999565124512,41.0564079284668,314.2129715188892,-53.38911166181731,8.658007895125346,0.9246930312493791,0.9246930312493791
SB85158_component_1430a,314.179982,-60.069025,8.435999870300293,15.010676383972168,314.17980338855955,-60.06896034266625,7.888511025283639,1.0694033187330139,1.0694033187330139
SB85158_component_1434a,310.937438,-57.101509,7.889999866485596,46.6863899230957,310.9372552200601,-57.10096540141724,9.33903211933537,0.8448412818015988,0.8448412818015988
SB85158_component_1442a,311.782458,-56.028782,7.764999866485596,43.623592376708984,311.78244525938874,-56.02841933018278,8.344466326360665,0.9305567980969016,0.9305567980969016
SB85158_component_1443a,306.014947,-55.88209,7.953000068664551,22.339887619018555,306.0151545774247,-55.88210456904202,8.715031780082704,0.912561224026779,0.912561224026779
SB85158_component_1444a,306.155991,-54.735224,7.668000221252441,16.597402572631836,306.1560819947186,-54.73502309294091,9.024667719834078,0.849671196691264,0.849671196691264
SB85158_component_1445a,311.009037,-58.952121,8.175999641418457,42.58333206176758,311.00896630993867,-58.95204602141637,8.367515907327713,0.9771119328567349,0.9771119328567349
SB85158_component_1447a,315.422876,-55.336419,7.914999961853027,38.60975646972656,315.4226595445803,-55.33605280279068,7.4298158835757935,1.0653023016828416,1.0653023016828416
SB85158_component_1450a,316.970716,-55.056308,7.301000118255615,31.33476448059082,316.97063304446044,-55.055912384234894,6.074797962515765,1.201850689242024,1.201850689242024
SB85158_component_1451a,305.74922,-59.032744,7.703999996185303,11.464285850524902,305.7491202915894,-59.03267595807626,5.972354931256228,1.289943428490249,1.289943428490249
SB85158_component_1452a,314.454398,-58.542536,8.494999885559082,41.64215850830078,314.45441979746244,-58.54231783851707,8.173393591691868,1.0393479514059034,1.0393479514059034
SB85158_component_1453a,307.637717,-59.804355,7.374000072479248,12.289999961853027,307.63796216470496,-59.80421294046917,6.432152024156208,1.1464281386363213,1.1464281386363213
SB85158_component_1463a,314.94957,-57.619183,8.173999786376953,43.47872543334961,314.9491612487707,-57.61871070513212,8.175545228347465,0.999810967718073,0.999810967718073
SB85158_component_1465a,313.606393,-54.020218,7.7789998054504395,47.72392272949219,313.606235780872,-54.019947528509405,7.876107168029166,0.9876706397580639,0.9876706397580639
SB85158_component_1466a,308.75394,-52.829431,7.938000202178955,20.250001907348633,308.7541192480996,-52.829440757759414,8.463826285444984,0.937873715086724,0.937873715086724
SB85158_component_1470a,314.552524,-54.381361,7.860000133514404,40.9375,314.5522683113948,-54.38085224197802,7.903618216212747,0.9944812513072976,0.9944812513072976
SB85158_component_1475a,309.291726,-58.764742,8.017000198364258,40.9030647277832,309.29163451834484,-58.764793533827216,7.700336422221877,1.0411233690035337,1.0411233690035337
SB85158_component_1476a,315.672326,-59.813358,8.038999557495117,17.140724182128906,315.6722802832241,-59.813629811267546,6.5874893536145835,1.2203434610613957,1.2203434610613957
SB85158_component_1479a,306.454705,-53.619984,8.079999923706055,14.250441551208496,306.45462198750135,-53.62005648407205,7.652395088488898,1.0558785622373812,1.0558785622373812
SB85158_component_1481a,311.942756,-53.2815,7.718999862670898,39.994815826416016,311.9425915790633,-53.28135398495526,7.531627243125164,1.024878105819266,1.024878105819266
SB85158_component_1483a,306.695201,-53.533352,8.069000244140625,15.457854270935059,306.6954958045195,-53.53294365349137,7.936963949789514,1.0166356172443762,1.0166356172443762
SB85158_component_1484a,305.260544,-57.532674,8.3100004196167,11.109625816345215,305.2599226617783,-57.53237083290605,9.955613384175429,0.8347050150446328,0.8347050150446328
SB85158_component_1485a,316.055307,-58.2501,8.267000198364258,43.05729293823242,316.05514888257994,-58.249800777372094,7.956970346051939,1.0389633037235269,1.0389633037235269
SB85158_component_1489a,316.51927,-58.741273,8.123000144958496,39.43204116821289,316.51908858835617,-58.741023318143085,8.091418237975951,1.0039031361442077,1.0039031361442077
SB85158_component_1491a,315.217139,-52.686192,8.284000396728516,18.69977569580078,315.21680323865985,-52.686070351210745,8.565645963965723,0.9671191678453622,0.9671191678453622
SB85158_component_1498a,318.067491,-58.736328,6.84499979019165,22.590757369995117,318.0670376548714,-58.73608213002291,6.564348458132138,1.0427538747903962,1.0427538747903962
SB85158_component_1508a,310.760444,-57.927029,7.9710001945495605,43.08648681640625,310.7602023831635,-57.926626952612274,8.826603913101815,0.9030653548096528,0.9030653548096528
SB85158_component_1510a,311.64748,-56.518305,7.873000144958496,39.16915512084961,311.64756375261385,-56.51783058125676,6.734181959096769,1.1691101001990853,1.1691101001990853
SB85158_component_1511a,318.538226,-54.749044,6.78000020980835,12.720450401306152,318.5384161111199,-54.74871883714099,6.200977689364788,1.093376004470494,1.093376004470494
SB85158_component_1512a,318.885156,-57.099325,7.541999816894531,22.052631378173828,318.885508906845,-57.09927987028383,5.9807354314072345,1.2610488966437927,1.2610488966437927
SB85158_component_1517a,306.855329,-59.021394,7.730000019073486,25.42763328552246,306.8554758521746,-59.021216562157655,6.995013247028557,1.1050729635654584,1.1050729635654584
SB85158_component_1519a,318.343939,-56.508213,7.105000019073486,25.9306583404541,318.3437432552092,-56.507995122256695,7.98666329241823,0.8896080577001775,0.8896080577001775
SB85158_component_1520a,313.648026,-52.54848,7.144000053405762,17.815462112426758,313.6481650464447,-52.54866048209736,6.716848618075293,1.06359402446275,1.06359402446275
SB85158_component_1521a,306.863649,-58.860957,7.580999851226807,26.051544189453125,306.8637407411743,-58.86088702308889,4.937560292038319,1.5353736264144382,1.5353736264144382
SB85158_component_1530a,315.255647,-56.808903,6.64300012588501,32.72414016723633,315.255079095082,-56.80838663029776,7.0083404653574055,0.9478706348131498,0.9478706348131498
SB85158_component_1531a,314.7056,-58.121611,7.017000198364258,30.911895751953125,314.7054772281631,-58.12113927983182,7.172196429242024,0.9783614081949834,0.9783614081949834
SB85158_component_1532a,317.878178,-53.675844,7.791999816894531,20.134366989135742,317.87818769723515,-53.675672644345134,4.7534359404873285,1.639235263596649,1.639235263596649
SB85158_component_1533a,315.610415,-55.134637,6.764999866485596,33.32512283325195,315.61013957324724,-55.13419076440842,5.549950076000953,1.2189298595204938,1.2189298595204938
SB85158_component_1537a,312.567735,-54.098827,7.686999797821045,45.755950927734375,312.5674035159177,-54.098594167145286,8.689295847786946,0.8846516371955303,0.8846516371955303
SB85158_component_1538a,318.042969,-53.559093,7.0960001945495605,14.783333778381348,318.0431629670341,-53.55925167441371,7.481585241965638,0.9484621193309064,0.9484621193309064
SB85158_component_1544a,309.549545,-52.997998,7.15500020980835,21.616313934326172,309.5495676698482,-52.99803171160281,6.502837278768133,1.100288982037047,1.100288982037047
SB85158_component_1545a,309.636456,-54.615442,7.438000202178955,38.53886032104492,309.63648213333437,-54.61526194348722,6.374649956235082,1.1668091978766306,1.1668091978766306
SB85158_component_1546a,307.738041,-53.779706,7.853000164031982,32.99580001831055,307.7380719521173,-53.77956858350625,8.39973524857946,0.9349104384403139,0.9349104384403139
SB85158_component_1549a,312.115336,-59.532174,7.453999996185303,24.2012996673584,312.1150606028981,-59.53205460349601,7.431825603531382,1.002983707346871,1.002983707346871
SB85158_component_1551a,309.479339,-53.981111,6.915999889373779,33.41062545776367,309.47938731230795,-53.98097340673195,9.866651026598987,0.7009470458344272,0.7009470458344272
SB85158_component_1558a,311.89061,-53.138253,7.177999973297119,36.6224479675293,311.8906059503868,-53.13821264713785,7.46018062549059,0.9621750911460117,0.9621750911460117
SB85158_component_1562a,318.56712,-54.188438,7.684000015258789,12.785357475280762,318.5667471082503,-54.18865161063252,6.642536064039371,1.1567870977558679,1.1567870977558679
SB85158_component_1565a,312.818751,-57.75567,7.326000213623047,36.81407165527344,312.818844580897,-57.75514648504126,7.075380571128424,1.0354213656742781,1.0354213656742781
SB85158_component_1571a,305.627764,-56.95983,6.146999835968018,12.468559265136719,305.6275331255806,-56.95987868229295,8.440296030630511,0.7282919714735197,0.7282919714735197
SB85158_component_1574a,307.644333,-58.532152,7.468999862670898,30.863636016845703,307.6444942404924,-58.53226453223006,7.368259174133872,1.013672250955921,1.013672250955921
SB85158_component_1575a,311.891853,-53.719418,6.927000045776367,39.35795593261719,311.8916292150777,-53.71910733800033,8.84625318312298,0.7830433859830969,0.7830433859830969
SB85158_component_1577a,308.862924,-53.692372,6.35699987411499,30.4162654876709,308.8629093919033,-53.69223422391828,7.122488456318961,0.892525121395621,0.892525121395621
SB85158_component_1578a,315.256343,-57.024431,6.630000114440918,38.103450775146484,315.25620167509834,-57.02401049479407,6.2134556677917105,1.0670390952990012,1.0670390952990012
SB85158_component_1601a,317.727872,-55.05553,6.908999919891357,16.067441940307617,317.7277603798258,-55.05533449434833,5.733131898354995,1.205100465571663,1.205100465571663
SB85158_component_1602a,317.416919,-54.437678,6.604000091552734,23.841154098510742,317.4167774125952,-54.43738993196257,6.662946377985916,0.991153120092946,0.991153120092946
SB85158_component_1611a,310.282613,-58.683003,6.372000217437744,34.630435943603516,310.282546914289,-58.682894329639346,6.449516237465788,0.9879811109587185,0.9879811109587185
SB85158_component_1612a,309.573738,-53.595393,6.686999797821045,30.257917404174805,309.5740434246864,-53.59564653557001,5.16891616168305,1.293694768623156,1.293694768623156
SB85158_component_1613a,306.594531,-56.188509,6.666999816894531,29.63111114501953,306.5942803453543,-56.18824405991101,8.021301630963077,0.8311618392654883,0.8311618392654883
SB85158_component_1614a,309.666335,-58.930276,6.744999885559082,32.42788314819336,309.66659354474876,-58.9301805262561,6.4441383722047885,1.0466876246251922,1.0466876246251922
SB85158_component_1615a,317.411913,-55.258585,6.4730000495910645,21.222949981689453,317.41175305398417,-55.25820683719125,5.94709821965628,1.0884299889644633,1.0884299889644633
SB85158_component_1623a,309.960015,-53.459831,6.507999897003174,30.269765853881836,309.959784702365,-53.459389002081195,7.307449364232094,0.8905980147954222,0.8905980147954222
SB85158_component_1625a,308.303228,-54.67952,6.895999908447266,38.52513885498047,308.30322475014,-54.679506440042374,7.328457550108155,0.9409892683823342,0.9409892683823342
SB85158_component_1626a,308.796145,-54.577586,7.050000190734863,37.105262756347656,308.79636578757453,-54.57736013906861,7.328416429090795,0.9620086766288644,0.9620086766288644
SB85158_component_1627a,318.403727,-53.419046,6.848999977111816,10.07205867767334,318.40409717143075,-53.41902872133853,7.272308870632322,0.9417916783994216,0.9417916783994216
SB85158_component_1631a,310.425916,-59.705014,6.875999927520752,21.28792381286621,310.42578015310926,-59.70514392332574,7.774065433167781,0.8844792967891081,0.8844792967891081
SB85158_component_1635a,312.507832,-57.76999,7.072999954223633,31.717487335205078,312.50766237382135,-57.76973613884705,7.439590848823056,0.9507243204567604,0.9507243204567604
SB85158_component_1640a,307.452716,-57.26814,6.376999855041504,29.79906463623047,307.452694119195,-57.267808563574256,6.50695891461106,0.9800276809374439,0.9800276809374439
SB85158_component_1641a,313.466653,-58.412636,6.40500020980835,30.070423126220703,313.46652310656646,-58.4124272039884,7.147774560260445,0.8960831313033142,0.8960831313033142
SB85158_component_1642a,314.052399,-58.132304,6.965000152587891,32.09677505493164,314.05240424541574,-58.13216363683473,6.4663586490057705,1.0771131838873163,1.0771131838873163
SB85158_component_1648a,311.415908,-55.080891,6.690999984741211,31.710901260375977,311.41621188237224,-55.08049829047195,7.075333215623394,0.9456798402040602,0.9456798402040602
SB85158_component_1649a,307.967162,-58.03695,6.422999858856201,31.797027587890625,307.96734789958884,-58.03689618416653,5.96080472835476,1.0775390490989982,1.0775390490989982
SB85158_component_1651a,306.538295,-57.997614,6.797999858856201,13.733332633972168,306.53779878350844,-57.997435719096636,4.909491533076882,1.384664748488883,1.384664748488883
SB85158_component_1653a,313.648444,-60.082794,6.820000171661377,12.79549789428711,313.6473991468365,-60.08310395221818,5.06904937483206,1.3454199530039745,1.3454199530039745
SB85158_component_1655a,309.780618,-52.682893,6.681000232696533,15.945108413696289,309.78050890765655,-52.68280380413576,6.32272072238539,1.0566654018170796,1.0566654018170796
SB85158_component_1656a,318.181266,-59.406697,6.763000011444092,13.312992095947266,318.18127559273887,-59.40666757553019,5.641441988769394,1.1988069761077789,1.1988069761077789
SB85158_component_1659a,311.316464,-58.398886,7.139999866485596,40.11235809326172,311.31652743081264,-58.398691751188906,6.501693941201198,1.0981753264698384,1.0981753264698384
SB85158_component_1662a,316.566987,-58.084722,6.610000133514404,34.78947448730469,316.56658099707425,-58.08450923338445,6.632503423835075,0.9966071196827729,0.9966071196827729
SB85158_component_1666a,308.221406,-59.038062,6.626999855041504,25.886716842651367,308.2213460303777,-59.037927813105824,6.688439136225343,0.990814107756311,0.990814107756311
SB85158_component_1669a,305.862108,-54.967234,7.199999809265137,15.221986770629883,305.8620525064019,-54.96693798501949,7.537750617145293,0.9551920957544136,0.9551920957544136
SB85158_component_1675a,316.161627,-53.720748,6.710000038146973,31.20930290222168,316.1612046889532,-53.720481784030056,5.743224050549495,1.1683333227274981,1.1683333227274981
SB85158_component_1682a,317.989,-53.815694,6.186999797821045,15.743001937866211,317.988775320338,-53.81575470903669,6.982338799210115,0.8860927514031481,0.8860927514031481
SB85158_component_1683a,317.130222,-59.493941,6.215000152587891,16.101036071777344,317.13067362907583,-59.49382173392531,4.467581747270413,1.3911329448834617,1.3911329448834617
SB85158_component_1686a,311.344058,-53.243345,6.1519999504089355,27.58744239807129,311.3437554395593,-53.24308491638889,6.4930243454547085,0.9474783433879315,0.9474783433879315
SB85158_component_1687a,307.224178,-57.660954,7.184999942779541,30.062761306762695,307.2239267630671,-57.660544604653595,7.643175933525261,0.9400542399219122,0.9400542399219122
SB85158_component_1690a,307.471359,-52.988839,7.206999778747559,15.667390823364258,307.471076739379,-52.98867192116431,8.056839119604442,0.8945195096686246,0.8945195096686246
SB85158_component_1691a,317.034349,-59.581145,6.4679999351501465,15.40000057220459,317.03370267285175,-59.58092321308189,5.0781395450855085,1.273694800571148,1.273694800571148
SB85158_component_1692a,318.26654,-54.025089,6.61899995803833,14.357917785644531,318.2665307583127,-54.02492609996868,7.006901816877743,0.9446400322172259,0.9446400322172259
SB85158_component_1696a,307.804279,-56.737651,6.506999969482422,33.890625,307.804168685205,-56.737383671235996,7.237629978425332,0.8990512072155047,0.8990512072155047
SB85158_component_1704a,311.198875,-54.402699,6.60099983215332,37.505680084228516,311.1988908562519,-54.40224807337234,6.952144307726875,0.9494911986819262,0.9494911986819262
SB85158_component_1707a,308.416388,-55.988101,6.564000129699707,30.248849868774414,308.416167454288,-55.98796604591721,6.3839102970708055,1.028209956632933,1.028209956632933
SB85158_component_1711a,308.962116,-54.566143,6.35699987411499,33.8138313293457,308.9621820946385,-54.56594927762205,8.87053563053492,0.7166421667066393,0.7166421667066393
SB85158_component_1713a,307.139192,-58.917222,6.330999851226807,22.292251586914062,307.13904646747545,-58.91724692378772,4.939474639245076,1.281715225527386,1.281715225527386
SB85158_component_1717a,318.071673,-55.392691,6.244999885559082,18.981761932373047,318.07127352441177,-55.392572663927766,5.852653265270098,1.0670373935557034,1.0670373935557034
SB85158_component_1721a,317.827378,-53.204187,6.538000106811523,13.049901008605957,317.82729128608247,-53.20439976371413,7.557006408945563,0.8651574119445239,0.8651574119445239
SB85158_component_1723a,310.833734,-52.710368,6.435999870300293,18.284090042114258,310.83350396727263,-52.71018253342044,7.485091867983277,0.8598424687116575,0.8598424687116575
SB85158_component_1724a,313.418746,-54.87722,6.172999858856201,34.67977523803711,313.41854651765846,-54.876759825855025,7.0894500843520385,0.870730421317354,0.870730421317354
SB85158_component_1725a,305.926163,-55.461997,6.488999843597412,14.747727394104004,305.9264439477445,-55.4617444261311,6.170363323938637,1.0516398310651478,1.0516398310651478
SB85158_component_1728a,316.087894,-57.014858,6.13700008392334,36.96988296508789,316.0873948242499,-57.01455799789595,7.027780395953379,0.873248698473425,0.873248698473425
SB85158_component_1732a,309.556006,-59.441859,6.466000080108643,23.25899314880371,309.5558037038969,-59.442319035744845,7.137116490603527,0.9059681299333627,0.9059681299333627
SB85158_component_1733a,309.59058,-55.500797,6.076000213623047,35.95266342163086,309.5906346201192,-55.50055188668562,7.702609390861849,0.7888236187637186,0.7888236187637186
SB85158_component_1740a,312.421702,-54.120318,6.585999965667725,43.328948974609375,312.42158183919344,-54.12001239294069,6.826219663409872,0.9648092634595717,0.9648092634595717
SB85158_component_1743a,317.089588,-54.474563,5.928999900817871,22.20599365234375,317.0894510212752,-54.474395913200155,5.463998289852466,1.0851028104875122,1.0851028104875122
SB85158_component_1746a,306.476972,-56.343128,6.329999923706055,23.707866668701172,306.4769369101761,-56.34309443072184,7.296825337788706,0.8675005403958804,0.8675005403958804
SB85158_component_1747a,311.650128,-58.708352,6.068999767303467,28.2279052734375,311.6500364122983,-58.70842935260114,6.244774111311151,0.9718525697047545,0.9718525697047545
SB85158_component_1750a,311.456281,-57.726671,6.729000091552734,37.176795959472656,311.4560006997072,-57.7263240901199,7.325764536877175,0.9185389535357863,0.9185389535357863
SB85158_component_1755a,311.744698,-52.858788,6.353000164031982,22.85251808166504,311.74435312359554,-52.85875754741469,7.542623462394906,0.8422799037637232,0.8422799037637232
SB85158_component_1756a,307.683675,-54.949817,6.565000057220459,32.5,307.683582837938,-54.94957940240525,7.444745631143587,0.8818300023250102,0.8818300023250102
SB85158_component_1760a,309.161165,-56.735986,6.833000183105469,35.58854293823242,309.16106254869374,-56.73568575843504,7.873082969554279,0.8678938364461701,0.8678938364461701
SB85158_component_1764a,318.310806,-55.836393,6.052999973297119,20.176666259765625,318.3106258595219,-55.836417055876296,5.496861533027085,1.1011738128982436,1.1011738128982436
SB85158_component_1765a,315.098385,-55.318104,5.927000045776367,31.35978889465332,315.09810129889274,-55.31778726167282,5.845941367245201,1.013865804228783,1.013865804228783
SB85158_component_1769a,315.914611,-58.227256,6.156000137329102,33.27567672729492,315.914746044885,-58.22713135072252,6.621153475737929,0.9297473861445289,0.9297473861445289
SB85158_component_1770a,309.159827,-56.051208,6.1479997634887695,37.0361442565918,309.15951200635743,-56.05106101171305,6.331418877088961,0.9710303303002245,0.9710303303002245
SB85158_component_1771a,309.985631,-56.540937,6.124000072479248,37.80247116088867,309.98562623296397,-56.5404808499584,6.0097701326016315,1.0190073725545583,1.0190073725545583
SB85158_component_1777a,316.511416,-56.846344,6.589000225067139,37.86781692504883,316.51139913811085,-56.84609106890962,6.149455717279233,1.0714769774750696,1.0714769774750696
SB85158_component_1779a,310.009163,-52.679161,5.7230000495910645,13.757211685180664,310.00924137609974,-52.67933103455408,6.377397460081382,0.89738801531715,0.89738801531715
SB85158_component_1783a,318.32508,-58.143602,6.258999824523926,20.863332748413086,318.3249173942481,-58.14344549536759,6.234055582652976,1.0040012864082188,1.0040012864082188
SB85158_component_1784a,311.989902,-56.004186,6.211999893188477,31.216079711914062,311.99005903591416,-56.003566841250525,7.061721156992114,0.8796722151847794,0.8796722151847794
SB85158_component_1786a,311.641614,-57.211015,6.38100004196167,37.09883499145508,311.64151297904823,-57.21048498900466,4.39530355828928,1.4517768698654465,1.4517768698654465
SB85158_component_1787a,306.939014,-57.053767,6.502999782562256,28.39737892150879,306.93931269560386,-57.05365635466899,7.440337634279726,0.8740194467252546,0.8740194467252546
SB85158_component_1788a,318.032186,-57.857306,6.09499979019165,24.57661247253418,318.03218462909774,-57.857385130080075,6.219145147173358,0.980038195918593,0.980038195918593
SB85158_component_1798a,308.397473,-55.731966,6.053999900817871,34.397727966308594,308.397532202859,-55.73190306232114,5.9879603932313925,1.0110287148293646,1.0110287148293646
SB85158_component_1800a,309.884126,-52.847075,5.934999942779541,17.252906799316406,309.88411580352613,-52.84716189889058,4.4886760798632634,1.3222161361575318,1.3222161361575318
SB85158_component_1801a,317.946457,-58.658871,5.613999843597412,19.030508041381836,317.9460424749388,-58.658948507240844,6.0555570268689145,0.9270823177269599,0.9270823177269599
SB85158_component_1810a,315.199342,-54.764628,6.258999824523926,32.26288604736328,315.1993048225031,-54.76421380273271,5.4612924076912455,1.1460656850582205,1.1460656850582205
SB85158_component_1812a,317.785125,-58.040214,6.254000186920166,27.67256736755371,317.784783023791,-58.03991528415831,6.248782633726849,1.0008349711454445,1.0008349711454445
SB85158_component_1813a,312.219843,-58.51383,5.938000202178955,26.508928298950195,312.2196355193305,-58.51369323695245,5.7246763589162155,1.0372639132569454,1.0372639132569454
SB85158_component_1824a,310.390251,-53.291808,5.921000003814697,27.160551071166992,310.38981769101593,-53.29176736648651,6.560565905694237,0.9025136076562497,0.9025136076562497
SB85158_component_1826a,319.108795,-56.283466,6.616000175476074,13.07509994506836,319.10876352827455,-56.28404406439366,5.607685123293498,1.1798094989310624,1.1798094989310624
SB85158_component_1831a,313.675568,-53.456069,5.493000030517578,30.348068237304688,313.6752753289095,-53.45582433696748,6.507153088703065,0.8441479638851378,0.8441479638851378
SB85158_component_1834a,317.617121,-57.555415,6.28000020980835,29.622642517089844,317.6165931142904,-57.5552126337075,6.50666557607639,0.9651641284436931,0.9651641284436931
SB85158_component_1836a,311.902794,-53.560433,6.228000164031982,34.40884017944336,311.90264162062164,-53.56029358771091,5.674931660486482,1.0974581786414126,1.0974581786414126
SB85158_component_1839a,309.32992,-55.263566,5.711999893188477,33.599998474121094,309.3298392328782,-55.263310554116075,7.21084417403484,0.7921402481219224,0.7921402481219224
SB85158_component_1842a,317.331117,-56.176392,5.7210001945495605,27.63768196105957,317.33077803413306,-56.17631162256109,5.597428917873264,1.0220764351793228,1.0220764351793228
SB85158_component_1843a,316.296758,-59.14366,6.190000057220459,24.274511337280273,316.2968525705371,-59.14357447096878,6.392754871003114,0.9682836558144392,0.9682836558144392
SB85158_component_1849a,318.150095,-57.84094,6.409999847412109,25.742971420288086,318.15002881672365,-57.84102016678634,6.914254916570895,0.9270702230040327,0.9270702230040327
SB85158_component_1856a,316.078806,-53.094495,6.309999942779541,21.83390998840332,316.0783564638986,-53.094169618420025,9.037193772683842,0.698225588772079,0.698225588772079
SB85158_component_1858a,306.597507,-56.57425,5.857999801635742,22.189393997192383,306.59719192200583,-56.573692213510384,7.601036505215148,0.7706843399076573,0.7706843399076573
SB85158_component_1859a,317.980305,-57.031562,6.460000038146973,27.725322723388672,317.9796915395078,-57.03159690056853,6.272151956206288,1.0299495425576877,1.0299495425576877
SB85158_component_1860a,317.131246,-57.341352,6.35099983215332,32.23857879638672,317.1310695755767,-57.34133918259084,5.917043329671096,1.073340092053432,1.073340092053432
SB85158_component_1864a,307.691699,-59.768301,5.979000091552734,10.792418479919434,307.69166696540094,-59.768121593527695,5.814033628167772,1.028373840595922,1.028373840595922
SB85158_component_1865a,315.295,-52.639499,6.099999904632568,13.347921371459961,315.2946798075342,-52.63965759236291,6.932106655965513,0.8799633657371869,0.8799633657371869
SB85158_component_1868a,309.188846,-52.689102,5.188000202178955,11.327510833740234,309.1889045165922,-52.68886842331351,5.219761769550574,0.9939151308481358,0.9939151308481358
SB85158_component_1869a,317.671824,-58.906993,6.431000232696533,23.21660614013672,317.6721499035296,-58.90694838224031,4.990576283391087,1.288628781028607,1.288628781028607
SB85158_component_1870a,315.312186,-54.283388,5.99399995803833,31.382198333740234,315.3117586356302,-54.28305105685385,4.991106978789718,1.200935981438691,1.200935981438691
SB85158_component_1874a,316.021752,-59.778212,6.110000133514404,13.699551582336426,316.0218758409105,-59.77833782685262,6.269014558129117,0.9746348611667338,0.9746348611667338
SB85158_component_1878a,315.205841,-53.400831,5.876999855041504,28.39130401611328,315.2055737728126,-53.40067935974414,6.840965590180196,0.8590892290815776,0.8590892290815776
SB85158_component_1879a,309.541374,-57.754096,5.765999794006348,25.179039001464844,309.5411923057975,-57.753677123740694,6.097234528530971,0.9456745951013256,0.9456745951013256
SB85158_component_1882a,313.888165,-56.085207,6.072999954223633,37.95624923706055,313.8882397543355,-56.0847007448224,5.7921119890636525,1.0484949126830312,1.0484949126830312
SB85158_component_1884a,308.934299,-58.256196,5.98199987411499,30.99481773376465,308.9344794937857,-58.25620052829101,5.781277135804966,1.0347194458239852,1.0347194458239852
SB85158_component_1891a,311.960424,-56.172315,5.6020002365112305,28.150754928588867,311.9603814025542,-56.17169401129552,5.385580148824047,1.0401851020143928,1.0401851020143928
SB85158_component_1892a,307.221247,-57.471668,6.015999794006348,26.619468688964844,307.22108214219094,-57.47149988463187,4.224047212383319,1.4242264566479508,1.4242264566479508
SB85158_component_1893a,310.747246,-57.619188,5.834000110626221,32.960453033447266,310.7471795719208,-57.618945182963806,6.417403986600626,0.9090903615866264,0.9090903615866264
SB85158_component_1894a,310.383619,-54.130332,6.079999923706055,33.22404479980469,310.3838209234569,-54.130149277229414,6.288663662342492,0.966819065251343,0.966819065251343
SB85158_component_1900a,313.044714,-56.928018,5.49399995803833,18.944828033447266,313.0445598306252,-56.927520132238854,5.801076881615566,0.9470655311343303,0.9470655311343303
SB85158_component_1902a,314.86189,-54.924195,6.046999931335449,31.82631492614746,314.86153922935307,-54.92345985688734,6.281304806861198,0.9626980567365856,0.9626980567365856
SB85158_component_1903a,318.750766,-58.782506,5.531000137329102,13.724566459655762,318.7503101098876,-58.78221294485862,5.031857259542287,1.099196549512658,1.099196549512658
SB85158_component_1906a,314.406537,-58.892256,5.9710001945495605,29.413795471191406,314.4061496379474,-58.892258243798175,6.581722814520768,0.907209307170485,0.907209307170485
SB85158_component_1907a,312.458454,-59.289102,6.302999973297119,28.391891479492188,312.45833054919376,-59.289026579367714,6.147730000370559,1.0252564723755275,1.0252564723755275
SB85158_component_1908a,307.364506,-54.537582,5.775000095367432,27.36966896057129,307.3643615075035,-54.53749647903937,5.910168672054675,0.9771294891588514,0.9771294891588514
SB85158_component_1910a,307.562056,-56.631999,5.811999797821045,31.934064865112305,307.5618967909183,-56.63172630367932,6.592439859418639,0.8816158996911323,0.8816158996911323
SB85158_component_1911a,307.027802,-57.268854,5.822999954223633,21.727611541748047,307.02785198946077,-57.26882921183796,6.160743775734566,0.9451780769001932,0.9451780769001932
SB85158_component_1913a,307.046327,-55.476332,5.793000221252441,25.63274383544922,307.0463036393836,-55.476232076153565,5.595315507752043,1.0353303961548754,1.0353303961548754
SB85158_component_1914a,308.30652,-56.576693,5.823999881744385,33.09090805053711,308.30668470492975,-56.57654384166386,5.594616484605598,1.0410007366492358,1.0410007366492358
SB85158_component_1915a,309.233927,-53.329555,5.590000152587891,20.4761905670166,309.2338441314623,-53.32951654345526,5.07540823019259,1.1013892674354935,1.1013892674354935
SB85158_component_1922a,317.284037,-56.570214,5.966000080108643,31.73404312133789,317.2838977712708,-56.56996834989005,6.470655529596578,0.922008605282779,0.922008605282779
SB85158_component_1923a,316.728104,-57.298139,5.327000141143799,29.594444274902344,316.72753556618125,-57.29795902526,4.972708910002062,1.0712471285880254,1.0712471285880254
SB85158_component_1924a,318.582291,-57.105883,5.557000160217285,19.228374481201172,318.581833079586,-57.10603790272179,5.181888339787027,1.0723890203403486,1.0723890203403486
SB85158_component_1927a,312.693247,-54.57325,6.060999870300293,37.881248474121094,312.6932563930482,-54.572734938652985,6.374129778437468,0.9508748771955605,0.9508748771955605
SB85158_component_1929a,316.578977,-56.316007,5.390999794006348,32.8719482421875,316.57898621458764,-56.316041755507925,6.018864158179016,0.8956839118358461,0.8956839118358461
SB85158_component_1936a,306.228115,-56.725205,5.442999839782715,16.645259857177734,306.2277282218584,-56.724962853656166,5.8699142315251445,0.9272707615641759,0.9272707615641759
SB85158_component_1941a,312.017922,-59.062219,5.681000232696533,27.44444465637207,312.0179209470732,-59.0621410051079,6.256954394839378,0.9079497586528869,0.9079497586528869
SB85158_component_1942a,308.118064,-55.016072,5.438000202178955,30.3798885345459,308.1178137528566,-55.01605207781566,4.662305591045391,1.1663757546531042,1.1663757546531042
SB85158_component_1944a,309.429772,-53.467952,5.769999980926514,25.418502807617188,309.42947238077517,-53.46770294454103,4.777640519880904,1.2077091101593274,1.2077091101593274
SB85158_component_1947a,318.9963,-56.620857,5.453999996185303,13.842639923095703,318.9960102676123,-56.62091981566987,6.576286017411621,0.829343489888531,0.829343489888531
SB85158_component_1959a,308.617746,-54.005438,5.205999851226807,27.25654411315918,308.6174615567453,-54.005324025202206,5.215509846567763,0.9981765933493127,0.9981765933493127
SB85158_component_1964a,315.447493,-56.412555,5.242000102996826,29.615819931030273,315.4469579946367,-56.41190562887061,5.469938762612534,0.9583288461703289,0.9583288461703289
SB85158_component_1965a,315.109444,-56.821167,5.211999893188477,30.658823013305664,315.10948909561193,-56.820767016814116,6.508950712999324,0.8007434873918085,0.8007434873918085
SB85158_component_1971a,307.088153,-54.121564,5.715000152587891,20.05263328552246,307.08808314355554,-54.12151451667662,5.514109540218549,1.0364321040240667,1.0364321040240667
SB85158_component_1972a,312.28388,-55.83851,5.517000198364258,33.03593063354492,312.2840133565751,-55.83801569530881,5.169442180216995,1.0672331764300096,1.0672331764300096
SB85158_component_1979a,307.844903,-53.217186,5.7210001945495605,17.657407760620117,307.84484065433463,-53.21672278129362,5.448085408099965,1.050093705587625,1.050093705587625
SB85158_component_1986a,310.677222,-56.723741,5.857999801635742,36.61249923706055,310.6772426333441,-56.723535358799865,6.536090273523068,0.8962544206841526,0.8962544206841526
SB85158_component_1988a,312.056183,-57.12339,5.453999996185303,26.221153259277344,312.0559899531774,-57.122945044471344,5.631672555790242,0.9684511913921089,0.9684511913921089
SB85158_component_1990a,308.492887,-58.040014,4.929999828338623,23.58851432800293,308.49277619638474,-58.03967507890874,5.731198779506699,0.8602039499950763,0.8602039499950763
SB85158_component_1998a,312.472884,-52.343029,5.701000213623047,10.126110076904297,312.4727412731645,-52.34284554101812,5.686712364839604,1.0025124971805826,1.0025124971805826
SB85158_component_1999a,315.547219,-56.117941,5.025000095367432,28.0726261138916,315.5467169716243,-56.117505530262775,5.78981522855889,0.8679033608155706,0.8679033608155706
SB85158_component_2000a,307.365644,-54.034026,5.557000160217285,21.70703125,307.36539447326413,-54.03394419105214,4.60897495065261,1.205691117811443,1.205691117811443
SB85158_component_2004a,308.179761,-56.995424,5.675000190734863,32.06214904785156,308.179677355717,-56.99534325923342,5.619935805034479,1.0097980453177162,1.0097980453177162
SB85158_component_2008a,310.067063,-55.06334,5.630000114440918,30.268817901611328,310.06727458981953,-55.06287726463944,3.2584677547971794,1.7278059929094964,1.7278059929094964
SB85158_component_2012a,316.112804,-55.532241,4.997000217437744,25.49489974975586,316.1126698730433,-55.531942290519474,4.824747262247811,1.0357019644402434,1.0357019644402434
SB85158_component_2013a,316.396868,-57.917628,5.770999908447266,29.594871520996094,316.39655559684786,-57.91722534048055,5.42837600306971,1.063117202121556,1.063117202121556
SB85158_component_2014a,313.612879,-57.028121,5.416999816894531,23.051063537597656,313.61264501797547,-57.0277361758791,5.529363661337087,0.9796787024105076,0.9796787024105076
SB85158_component_2016a,309.447057,-56.488464,5.793000221252441,38.11184310913086,309.4467598186651,-56.48821226693868,5.505559044568652,1.052209262375881,1.052209262375881
SB85158_component_2019a,318.222226,-53.822673,5.360000133514404,11.576674461364746,318.2227688401754,-53.82237325221785,5.097587711581794,1.051477764931127,1.051477764931127
SB85158_component_2020a,307.870469,-55.062346,5.0980000495910645,28.80225944519043,307.8706586750845,-55.062617132806935,6.813757427039395,0.7481921838544473,0.7481921838544473
SB85158_component_2023a,307.783793,-52.887297,5.2729997634887695,12.066360473632812,307.7837835673617,-52.88708690297014,5.5205754787252985,0.9551540022972942,0.9551540022972942
SB85158_component_2025a,309.653181,-56.791107,5.205999851226807,32.13580322265625,309.6528540842106,-56.79087607713454,4.601432221602208,1.1313868379471836,1.1313868379471836
SB85158_component_2026a,313.909155,-53.810263,4.8460001945495605,28.845239639282227,313.9084918316511,-53.80997580278629,5.836703564646436,0.8302632026581448,0.8302632026581448
SB85158_component_2027a,318.727687,-57.776127,5.328999996185303,15.491278648376465,318.7275382656376,-57.77615158712155,5.531928611328932,0.9633168413041252,0.9633168413041252
SB85158_component_2039a,312.638287,-57.820648,5.349999904632568,26.48514747619629,312.6383852862447,-57.82016895207989,4.770360937503074,1.1215084088444032,1.1215084088444032
SB85158_component_2040a,311.739107,-53.82967,5.269000053405762,29.601123809814453,311.7390247220381,-53.82950857371164,6.537873066359721,0.8059196010575859,0.8059196010575859
SB85158_component_2042a,307.639417,-59.485245,4.966000080108643,13.385445594787598,307.639719535664,-59.48527693665439,4.746483282315739,1.0462483031617893,1.0462483031617893
SB85158_component_2049a,307.299493,-56.026448,5.192999839782715,28.070268630981445,307.299639800114,-56.02660464527621,5.757861840534944,0.9018972638809011,0.9018972638809011
SB85158_component_2057a,312.702356,-56.610205,4.888000011444092,24.812183380126953,312.7024459977084,-56.60957061914723,5.63095532484703,0.8680587448235311,0.8680587448235311
SB85158_component_2058a,316.176438,-55.347696,5.333000183105469,24.920560836791992,316.1764651151839,-55.347426300138,4.488028871074216,1.188272254101834,1.188272254101834
SB85158_component_2064a,317.106246,-56.609087,5.172999858856201,27.66309928894043,317.1057306928462,-56.60894168599403,4.794779137078231,1.0788817818224772,1.0788817818224772
SB85158_component_2065a,311.994769,-52.75079,4.764999866485596,15.175158500671387,311.99459838297,-52.75101445644008,5.538475002264854,0.8603451066470534,0.8603451066470534
SB85158_component_2068a,308.378699,-56.408202,4.860000133514404,28.928571701049805,308.37821480894803,-56.40804853965852,4.918949068494611,0.9880159493096261,0.9880159493096261
SB85158_component_2071a,317.06005,-55.958622,5.019000053405762,24.014352798461914,317.0596180741447,-55.95853199275926,4.665615787923372,1.0757422560162586,1.0757422560162586
SB85158_component_2072a,313.354375,-52.57855,5.566999912261963,12.886573791503906,313.35387755368316,-52.578449575708426,5.670747118722107,0.9817048434204338,0.9817048434204338
SB85158_component_2076a,313.049245,-54.242739,4.797999858856201,28.223527908325195,313.04886326029555,-54.242535580409374,5.536617363215842,0.8665940851779166,0.8665940851779166
SB85158_component_2078a,309.336418,-55.150216,5.077000141143799,27.4432430267334,309.33644738723166,-55.1498492517548,6.570895065212239,0.7726497061294666,0.7726497061294666
SB85158_component_2079a,307.064874,-54.453686,5.416999816894531,20.83461570739746,307.0650376190629,-54.45365320861972,7.629910349802556,0.7099689994437105,0.7099689994437105
SB85158_component_2085a,313.108266,-57.137227,5.3480000495910645,13.336658477783203,313.1084735860639,-57.13683911487467,5.562471327783813,0.9614431669748134,0.9614431669748134
SB85158_component_2097a,317.067472,-59.258284,4.965000152587891,15.183486938476562,317.0667162133763,-59.25829748138239,4.614744256973769,1.0758993079811123,1.0758993079811123
SB85158_component_2100a,316.435865,-54.726058,4.755000114440918,20.23404312133789,316.4359448419123,-54.7257970442915,6.135726962422614,0.7749693139154071,0.7749693139154071
SB85158_component_2101a,313.908845,-56.674788,4.6020002365112305,26.147727966308594,313.90860227815176,-56.67462832966929,4.949290443293633,0.9298303038058745,0.9298303038058745
SB85158_component_2103a,312.255761,-55.973731,4.796000003814697,26.79329490661621,312.25603307709093,-55.973275276351046,5.765776631452931,0.8318046831110318,0.8318046831110318
SB85158_component_2105a,311.124305,-54.696165,5.419000148773193,26.434146881103516,311.12425228497307,-54.69567123053098,5.910797827375096,0.9167967348969025,0.9167967348969025
SB85158_component_2106a,309.396147,-59.500152,5.432000160217285,17.579288482666016,309.3963574341113,-59.500209872123484,4.217681969245806,1.2879112744455268,1.2879112744455268
SB85158_component_2109a,311.912911,-54.67333,5.27400016784668,26.908164978027344,311.91270418828964,-54.6727431170886,4.931328425081562,1.069488728639981,1.069488728639981
SB85158_component_2115a,307.1053,-54.168228,5.400000095367432,20.300752639770508,307.1052416024084,-54.167963345391826,5.718444369264849,0.9443127792570699,0.9443127792570699
SB85158_component_2118a,309.642809,-55.086093,4.960999965667725,26.672042846679688,309.64284613447654,-55.08579119814662,5.152801456932726,0.9627772401346949,0.9627772401346949
SB85158_component_2119a,317.316512,-54.084725,4.931000232696533,18.46816635131836,317.31628148717886,-54.0848159995076,4.414755366313363,1.1169362339581392,1.1169362339581392
SB85158_component_2120a,316.350168,-54.262617,4.857999801635742,22.91509437561035,316.3498362394952,-54.26240108349061,4.804438771397633,1.0111482386989663,1.0111482386989663
SB85158_component_2121a,314.827906,-55.116165,4.798999786376953,24.99479103088379,314.827684765488,-55.11572657555686,4.012169238117616,1.1961110066803895,1.1961110066803895
SB85158_component_2126a,308.214202,-57.460787,5.245999813079834,27.181344985961914,308.2141682174543,-57.46072913481059,5.349675914265678,0.980620115527115,0.980620115527115
SB85158_component_2133a,317.334397,-54.316708,4.604000091552734,16.864469528198242,317.33408650753444,-54.31661613494328,3.6661020583935744,1.2558297663895728,1.2558297663895728
SB85158_component_2137a,315.558921,-55.310148,4.945000171661377,25.48969078063965,315.5587444969236,-55.309896626710795,4.188760277657583,1.1805402658245925,1.1805402658245925
SB85158_component_2139a,313.497429,-59.771238,5.341000080108643,13.286069869995117,313.4978236076917,-59.770953778213766,3.8950790458852347,1.371217378951752,1.371217378951752
SB85158_component_2146a,307.89912,-58.064815,5.302999973297119,24.780372619628906,307.8988759955277,-58.064976769472906,5.196707926767312,1.020453727249576,1.020453727249576
SB85158_component_2150a,310.029958,-52.62299,4.918000221252441,10.50854778289795,310.0298161920516,-52.62292450429261,3.7855611604656914,1.2991469461947458,1.2991469461947458
SB85158_component_2152a,311.097832,-54.027624,4.671000003814697,26.84482765197754,311.0977348657051,-54.02738757014244,5.046809713342559,0.9255351933451522,0.9255351933451522
SB85158_component_2154a,315.32163,-54.948399,4.78000020980835,24.5128231048584,315.32165136080897,-54.94791964696983,3.695338925954763,1.2935214619247253,1.2935214619247253
SB85158_component_2155a,311.344778,-54.639668,4.88100004196167,26.3837833404541,311.34494369598514,-54.63921347496057,5.562308779811713,0.8775133195908075,0.8775133195908075
SB85158_component_2159a,313.600002,-57.485881,5.068999767303467,23.25229263305664,313.599485337215,-57.48533571837434,4.952320006620648,1.023560626237164,1.023560626237164
SB85158_component_2163a,306.954251,-58.309638,4.9670000076293945,17.48943519592285,306.95411926601736,-58.30959242125446,4.449458467367943,1.1163156244871302,1.1163156244871302
SB85158_component_2166a,310.981666,-58.855127,5.001999855041504,24.762374877929688,310.98125501792856,-58.85515858414578,5.465391291374705,0.9152134931190544,0.9152134931190544
SB85158_component_2168a,313.432665,-53.935513,4.982999801635742,30.5705509185791,313.4321025452606,-53.93520470724214,3.5932681985671158,1.386759775856088,1.386759775856088
SB85158_component_2171a,313.222249,-55.462735,4.918000221252441,26.159576416015625,313.2221125871167,-55.462093890703194,5.683953941224899,0.8652427996614988,0.8652427996614988
SB85158_component_2175a,308.817402,-55.796144,4.609000205993652,27.27219009399414,308.81734049915474,-55.79590661136317,5.090514640889795,0.9054094784389076,0.9054094784389076
SB85158_component_2181a,313.846048,-53.535048,5.046000003814697,30.2155704498291,313.8461019473546,-53.53476220117972,5.046030950421935,0.9999938671388381,0.9999938671388381
SB85158_component_2184a,317.79829,-54.674348,4.234000205993652,13.272727966308594,317.7976217614443,-54.673966589376526,3.5072718935828244,1.2072061518071941,1.2072061518071941
SB85158_component_2192a,314.299813,-52.542393,4.808000087738037,10.4295015335083,314.2993180955835,-52.542026356385655,4.567876330805839,1.0525679198696338,1.0525679198696338
SB85158_component_2194a,313.946011,-58.315316,4.521999835968018,18.233871459960938,313.94654048905323,-58.31553093766603,4.967267099745084,0.9103597099097174,0.9103597099097174
SB85158_component_2195a,313.159835,-57.232382,4.669000148773193,20.388647079467773,313.1593632109438,-57.23176522784617,4.224675181088685,1.1051737586059829,1.1051737586059829
SB85158_component_2202a,308.231919,-57.967503,4.583000183105469,23.994766235351562,308.23220759766724,-57.96761076502098,4.697798175034007,0.9755634474595735,0.9755634474595735
SB85158_component_2204a,308.490336,-54.769339,5.008999824523926,29.292396545410156,308.49039026187563,-54.76948612444564,5.272265899537526,0.9500658578246796,0.9500658578246796
SB85158_component_2210a,312.972564,-56.516333,4.89300012588501,24.712121963500977,312.97225387900767,-56.51558621658322,5.959800628581344,0.8210006392528818,0.8210006392528818
SB85158_component_2211a,314.759784,-58.537182,5.0320000648498535,27.955554962158203,314.7592919565787,-58.53713980611094,4.774116708506309,1.0540169778179196,1.0540169778179196
SB85158_component_2212a,314.102965,-59.289838,4.639999866485596,20.995473861694336,314.10256305836344,-59.28996303206318,4.487433825348365,1.0339985049529699,1.0339985049529699
SB85158_component_2215a,317.109355,-59.436135,4.625,12.432795524597168,317.10926883089445,-59.43637741087319,5.31337028897549,0.8704456396717234,0.8704456396717234
SB85158_component_2216a,314.52688,-57.342206,5.059999942779541,28.268156051635742,314.52643390853444,-57.34178443040332,4.606041555791364,1.0985571626937225,1.0985571626937225
SB85158_component_2220a,309.069998,-56.609406,4.53000020980835,23.47150230407715,309.0697427656087,-56.609278883644954,4.891863230590413,0.9260275678765473,0.9260275678765473
SB85158_component_2224a,313.288516,-54.140573,4.756999969482422,28.485031127929688,313.28814868331585,-54.1402141084612,5.107474274867266,0.9313801134330819,0.9313801134330819
SB85158_component_2238a,318.489916,-56.328335,4.797999858856201,15.329072952270508,318.489302509975,-56.32819646187246,3.7480393263404173,1.28013594338162,1.28013594338162
SB85158_component_2239a,314.903994,-57.926912,5.0929999351501465,24.72330093383789,314.9038731936224,-57.926772923571164,5.256279815101876,0.9689362275800827,0.9689362275800827
SB85158_component_2240a,315.840487,-58.493448,4.611999988555908,23.651283264160156,315.8399607551648,-58.49285377275518,5.094831291278202,0.9052311499403625,0.9052311499403625
SB85158_component_2246a,313.157609,-57.505453,4.960000038146973,24.676616668701172,313.1575483193316,-57.50500889782712,4.265738412810814,1.1627529768940263,1.1627529768940263
SB85158_component_2247a,307.112049,-58.17273,4.638000011444092,17.838462829589844,307.11207082889496,-58.17291877190355,5.134178525476692,0.903357759849901,0.903357759849901
SB85158_component_2248a,311.901584,-56.026882,4.451000213623047,23.182292938232422,311.9017012103634,-56.026422456372316,4.488698452489489,0.9916015211835997,0.9916015211835997
SB85158_component_2256a,313.076605,-57.552934,4.672999858856201,24.212434768676758,313.0759741453748,-57.55254662639398,4.577151896346915,1.0209405247367438,1.0209405247367438
SB85158_component_2257a,318.713112,-57.833012,4.89900016784668,13.348773956298828,318.71308921381035,-57.83288343585218,5.545285261719289,0.8834532285770577,0.8834532285770577
SB85158_component_2260a,311.515196,-59.731746,4.486000061035156,14.018750190734863,311.51486534713655,-59.73200323359946,4.7100755548947975,0.9524263483147786,0.9524263483147786
SB85158_component_2261a,307.858397,-54.35126,4.521999835968018,22.275861740112305,307.8584675934803,-54.35125512175398,3.971101747036681,1.1387267625017234,1.1387267625017234
SB85158_component_2264a,307.958691,-57.809555,4.868000030517578,22.641860961914062,307.95853252676386,-57.80935204930374,4.667841176380478,1.0428803908646065,1.0428803908646065
SB85158_component_2270a,313.78625,-55.313527,4.861999988555908,26.861879348754883,313.7862465951313,-55.312996361594166,4.445418269728715,1.0937103537959354,1.0937103537959354
SB85158_component_2276a,308.278577,-53.795217,4.420000076293945,20.182649612426758,308.27825593752874,-53.795135579639634,3.4775227518331397,1.2710197435700423,1.2710197435700423
SB85158_component_2282a,311.376662,-56.170653,4.920000076293945,25.360824584960938,311.37684777826917,-56.17001311242578,5.504816453092603,0.8937627835946994,0.8937627835946994
SB85158_component_2285a,313.27793,-58.340619,4.396999835968018,21.55392074584961,313.2776289817849,-58.34027738187102,4.619683644202905,0.9517967407758915,0.9517967407758915
SB85158_component_2288a,309.916397,-57.510316,4.610000133514404,17.86821937561035,309.91585318794466,-57.50991254878398,4.564549495025625,1.009957310910597,1.009957310910597
SB85158_component_2290a,316.831322,-58.10193,4.189000129699707,20.635469436645508,316.8311138820992,-58.101846641538074,4.02147199979404,1.041658410132968,1.041658410132968
SB85158_component_2302a,316.093644,-58.575827,4.604000091552734,22.134614944458008,316.0931692833079,-58.57583098520005,4.395871320727965,1.0473464202292215,1.0473464202292215
SB85158_component_2304a,308.241355,-58.203557,4.479000091552734,21.227489471435547,308.2414632986967,-58.20325448523338,4.539744364916858,0.9866194506823874,0.9866194506823874
SB85158_component_2306a,313.116764,-53.937727,4.322999954223633,24.423728942871094,313.1165254963868,-53.937371638300604,4.8700537352510604,0.8876698675688789,0.8876698675688789
SB85158_component_2312a,313.507792,-55.716955,4.683000087738037,27.54705810546875,313.507665757362,-55.71662518099025,5.164706219354732,0.9067311651122572,0.9067311651122572
SB85158_component_2317a,315.499188,-55.79574,4.439000129699707,25.36571502685547,315.49875777314975,-55.79533877429947,3.5001137722698688,1.2682445253260892,1.2682445253260892
SB85158_component_2319a,314.855235,-57.96894,4.642000198364258,21.89622688293457,314.8543309824798,-57.96852393483521,3.8682180993771884,1.2000357991995472,1.2000357991995472
SB85158_component_2320a,317.267204,-58.321571,4.201000213623047,20.393205642700195,317.2662937920368,-58.32139196878364,3.447490186941421,1.2185677074689898,1.2185677074689898
SB85158_component_2324a,305.958488,-55.874416,4.072000026702881,10.801060676574707,305.9588030110076,-55.87428389115372,4.588441993026488,0.8874472060214567,0.8874472060214567
SB85158_component_2327a,316.035606,-54.068593,3.996000051498413,20.704662322998047,316.03502989416813,-54.06847621302448,4.1602017129432225,0.9605303605991159,0.9605303605991159
SB85158_component_2328a,310.115733,-54.28305,4.610000133514404,24.010417938232422,310.1156444707539,-54.283222931518885,4.422947306045073,1.0422914438102568,1.0422914438102568
SB85158_component_2329a,308.519237,-53.149396,4.810999870300293,16.763065338134766,308.51959692917023,-53.149596750742155,3.9745781752114793,1.2104428843054043,1.2104428843054043
SB85158_component_2330a,309.219466,-58.173318,4.633999824523926,24.38947296142578,309.2194453842364,-58.173180505334834,4.524400795208035,1.0242239877227435,1.0242239877227435
SB85158_component_2333a,307.401942,-56.301589,4.410999774932861,26.255950927734375,307.4016233559745,-56.301645213346426,5.010893805224979,0.8802820307892787,0.8802820307892787
SB85158_component_2336a,306.554481,-55.47271,4.554999828338623,16.26785659790039,306.5546636938872,-55.47250473221521,4.986813846893129,0.9134088354183236,0.9134088354183236
SB85158_component_2342a,306.231493,-58.553953,4.090000152587891,10.935829162597656,306.23145435935373,-58.553782597223005,4.489826945513072,0.9109482842485165,0.9109482842485165
SB85158_component_2344a,312.600845,-55.343971,4.583000183105469,26.03977394104004,312.601198240897,-55.34342853059697,4.377659097154426,1.0469065958298394,1.0469065958298394
SB85158_component_2345a,309.919062,-58.760553,4.2769999504089355,23.244564056396484,309.91867448222405,-58.760498036676154,2.7797661283091184,1.538618629406265,1.538618629406265
SB85158_component_2348a,311.069876,-52.829519,4.335000038146973,13.849841117858887,311.0694927707913,-52.8292268823733,5.3807802256626855,0.8056452514956757,0.8056452514956757
SB85158_component_2350a,316.693264,-54.75509,4.015999794006348,16.803346633911133,316.69301680261447,-54.75450820448371,3.373504107078143,1.1904535066609665,1.1904535066609665
SB85158_component_2353a,317.004891,-57.744046,4.785999774932861,23.233009338378906,317.0046379476592,-57.74374363509748,4.214429114210214,1.1356223216082637,1.1356223216082637
SB85158_component_2355a,318.085642,-56.019004,4.25,15.567765235900879,318.0851378103018,-56.0190427507855,4.2493725659362775,1.0001476533426963,1.0001476533426963
SB85158_component_2358a,316.639288,-54.361172,4.539000034332275,18.912500381469727,316.6391532444567,-54.36072258979616,3.771463904530163,1.2035114611279116,1.2035114611279116
SB85158_component_2359a,312.781072,-54.210173,4.764999866485596,28.532934188842773,312.7807892962529,-54.20969754358567,5.235812936756623,0.9100783248068681,0.9100783248068681
SB85158_component_2360a,316.695254,-57.910282,4.172999858856201,22.079364776611328,316.6952128776753,-57.910059010628956,3.937161012847381,1.0599007369115088,1.0599007369115088
SB85158_component_2363a,308.307326,-59.720466,4.47599983215332,10.837772369384766,308.30684698914627,-59.72025825906408,3.5423180546430624,1.2635793181491546,1.2635793181491546
SB85158_component_2365a,315.960376,-57.695196,4.24399995803833,22.336841583251953,315.95966966519717,-57.694642064638806,4.540759216814751,0.9346454536330621,0.9346454536330621
SB85158_component_2367a,310.057907,-55.240916,4.51800012588501,17.113636016845703,310.058073004653,-55.24077659192337,5.470561041880776,0.8258750960453086,0.8258750960453086
SB85158_component_2368a,317.568725,-57.998572,4.048999786376953,18.573394775390625,317.56852002519355,-57.9984819269877,3.6810694163107525,1.0999520325359549,1.0999520325359549
SB85158_component_2369a,316.4893,-57.831032,4.613999843597412,24.80644989013672,316.48905951201556,-57.83059884770109,4.815445505990439,0.9581667652260984,0.9581667652260984
SB85158_component_2372a,307.279821,-56.495977,4.302999973297119,24.174156188964844,307.2799994773651,-56.49594524210551,4.57534353981721,0.940475821290794,0.940475821290794
SB85158_component_2375a,307.357207,-55.532337,4.361999988555908,21.17475700378418,307.35719496244354,-55.53235962030344,4.653109988220144,0.9374375416869122,0.9374375416869122
SB85158_component_2377a,315.633216,-56.084507,4.146999835968018,23.42937660217285,315.6329510553689,-56.084440640656815,4.633339658356025,0.8950347139970809,0.8950347139970809
SB85158_component_2385a,308.220925,-57.91527,4.625999927520752,22.565853118896484,308.2204505580299,-57.91533874788064,4.173276094341391,1.108481639590828,1.108481639590828
SB85158_component_2393a,313.657754,-55.202269,4.563000202178955,22.815000534057617,313.65780552665296,-55.202040491311685,4.065274670200949,1.122433432512299,1.122433432512299
SB85158_component_2396a,309.41671,-55.477961,4.446000099182129,26.62275505065918,309.41663864239047,-55.477866669544284,4.408520013837562,1.008501738730214,1.008501738730214
SB85158_component_2398a,307.488645,-53.628626,3.9639999866485596,13.575342178344727,307.4883708781998,-53.628357432042954,4.388395275483907,0.9032914625520945,0.9032914625520945
SB85158_component_2403a,308.425616,-53.616586,4.461999893188477,20.281818389892578,308.4250867406217,-53.61626423324825,4.402945328953119,1.0134125136296888,1.0134125136296888
SB85158_component_2405a,308.635351,-58.197538,4.214000225067139,22.655914306640625,308.635275239898,-58.19744460278893,4.218834098026815,0.9988542159166824,0.9988542159166824
SB85158_component_2407a,309.468227,-55.523275,4.4070000648498535,26.871950149536133,309.4682252064845,-55.52312042594928,4.6328350446274555,0.9512533950373443,0.9512533950373443
SB85158_component_2409a,309.048438,-52.917556,4.505000114440918,13.057971000671387,309.04873282999256,-52.91773877117261,3.1773165605561924,1.4178631649004823,1.4178631649004823
SB85158_component_2411a,306.762811,-56.002152,4.008999824523926,16.774059295654297,306.7629086850451,-56.00156057055068,4.832909187984055,0.8295210335198114,0.8295210335198114
SB85158_component_2416a,318.587874,-57.972991,4.349999904632568,14.032258033752441,318.5876953035255,-57.973071302428366,3.512248008212252,1.2385229899658299,1.2385229899658299
SB85158_component_2422a,309.92368,-57.210333,3.9140000343322754,24.462501525878906,309.9235139410078,-57.20995830536277,4.014524601453868,0.9749597830126169,0.9749597830126169
SB85158_component_2424a,312.390052,-53.209615,3.7869999408721924,19.126262664794922,312.3900204218812,-53.20956739620469,4.847870720791939,0.7811676835007586,0.7811676835007586
SB85158_component_2426a,312.71197,-56.66939,3.802999973297119,16.11440658569336,312.7122106144278,-56.668790955361224,4.8155277474434826,0.7897369037726125,0.7897369037726125
SB85158_component_2427a,309.479921,-53.763472,3.8889999389648438,19.44499969482422,309.4800048020626,-53.763089293189616,4.0425294900227025,0.9620214147016658,0.9620214147016658
SB85158_component_2437a,310.821633,-53.537569,4.223999977111816,20.504854202270508,310.82192310732347,-53.53740544840047,4.800177264080026,0.8799674980172557,0.8799674980172557
SB85158_component_2438a,312.706269,-52.983279,4.034999847412109,17.697368621826172,312.7061782852812,-52.98333778486071,4.1223584428231534,0.9788085881849669,0.9788085881849669
SB85158_component_2445a,306.941822,-53.724959,3.8589999675750732,11.417160034179688,306.9416651143722,-53.72530096376599,3.283677853241125,1.1752066250244622,1.1752066250244622
SB85158_component_2452a,314.164361,-58.035046,3.989000082015991,21.21808624267578,314.16410255018627,-58.034860969492605,3.1178894817530187,1.2793911090694576,1.2793911090694576
SB85158_component_2455a,308.22784,-58.665498,4.622000217437744,19.09917449951172,308.2281762190462,-58.66544999620271,4.79464648759066,0.9639918666371436,0.9639918666371436
SB85158_component_2458a,315.480348,-59.598727,4.448999881744385,14.123808860778809,315.4806302398795,-59.598670913627,4.045752032017865,1.0996719142782942,1.0996719142782942
SB85158_component_2460a,311.948909,-56.777174,3.7790000438690186,20.101064682006836,311.94911150230485,-56.77668458401448,3.8122507689422616,0.9912779281614602,0.9912779281614602
SB85158_component_2467a,314.204842,-58.644935,4.2230000495910645,23.99431800842285,314.20472011090663,-58.64470289597198,4.013442764999303,1.0522138465307844,1.0522138465307844
SB85158_component_2474a,310.004805,-58.988956,4.578999996185303,21.909090042114258,310.00451539884284,-58.98888545631034,4.840772254814881,0.9459234508772426,0.9459234508772426
SB85158_component_2476a,308.917201,-58.626801,4.28000020980835,21.293533325195312,308.91711140509193,-58.626626006286045,4.374961490653778,0.9782943733223037,0.9782943733223037
SB85158_component_2477a,313.179755,-52.874767,3.565999984741211,12.129251480102539,313.17977820527335,-52.87476579027774,6.091313918805725,0.5854237742914369,0.5854237742914369
SB85158_component_2479a,307.877727,-59.16151,4.203999996185303,15.122302055358887,307.87790570065505,-59.161569528955724,3.7884745509363977,1.1096814666858985,1.1096814666858985
SB85158_component_2481a,308.628459,-54.328224,4.4730000495910645,23.418848037719727,308.6282266243917,-54.32805921312831,4.5180778237401285,0.9900227982102912,0.9900227982102912
SB85158_component_2482a,308.005109,-53.286658,4.052000045776367,14.069445610046387,308.0052876359591,-53.2863576092471,3.4529033583196718,1.1735051999104433,1.1735051999104433
SB85158_component_2486a,307.841298,-55.276767,3.7769999504089355,21.219100952148438,307.8413008885739,-55.27675491087992,4.434403509598207,0.8517492695993204,0.8517492695993204
SB85158_component_2489a,317.118913,-57.256218,4.214000225067139,21.947917938232422,317.118385422225,-57.25612755506367,4.148727776970951,1.0157331238888478,1.0157331238888478
SB85158_component_2491a,306.588243,-57.805984,4.309000015258789,13.057575225830078,306.58842354522716,-57.805946855076826,3.8048864202774895,1.1324911020457042,1.1324911020457042
SB85158_component_2493a,309.485189,-55.064353,4.218999862670898,23.054643630981445,309.48530119807026,-55.06410547357761,4.969868276007579,0.8489158320429626,0.8489158320429626
SB85158_component_2496a,312.112668,-55.600154,3.815999984741211,20.19047737121582,312.1128355386952,-55.59973174332394,2.200730809691546,1.7339694468475502,1.7339694468475502
SB85158_component_2497a,317.038386,-55.186504,4.480000019073486,19.310344696044922,317.03803019910606,-55.18619932227482,4.436051778446213,1.0099070621404393,1.0099070621404393
SB85158_component_2510a,312.079582,-54.961482,3.809999942779541,19.74093246459961,312.07961412155566,-54.96110835151118,3.706078068332849,1.0280409296648845,1.0280409296648845
SB85158_component_2513a,311.846569,-57.930753,4.09499979019165,15.689654350280762,311.8460180741972,-57.930425537482854,4.132180231307496,0.9910022218212682,0.9910022218212682
SB85158_component_2517a,317.331669,-56.422674,4.2220001220703125,21.875648498535156,317.33172125248336,-56.42252087210919,4.14681667976392,1.0181303993188995,1.0181303993188995
SB85158_component_2518a,316.360517,-59.007898,4.184999942779541,18.038793563842773,316.3613487079266,-59.00800365571586,4.656571932702939,0.8987297959231414,0.8987297959231414
SB85158_component_2521a,315.647866,-55.152257,3.7179999351501465,17.789472579956055,315.64812505892786,-55.15226916239971,3.3110373634073347,1.1229108968205703,1.1229108968205703
SB85158_component_2522a,318.913275,-57.748639,4.050000190734863,10.887097358703613,318.9134828127767,-57.74885583129097,3.167185683198918,1.2787378435748313,1.2787378435748313
SB85158_component_2523a,308.84326,-54.328034,4.052000045776367,23.022727966308594,308.8430293340583,-54.32764224668565,4.487395792987743,0.9029736249492969,0.9029736249492969
SB85158_component_2524a,312.588913,-57.176616,3.9790000915527344,14.628676414489746,312.58861708139085,-57.17606824808869,4.105624451512284,0.9691583189220075,0.9691583189220075
SB85158_component_2525a,309.97237,-56.959484,4.058000087738037,25.36250114440918,309.9721263934888,-56.95917407738328,4.747604371303821,0.8547468934576787,0.8547468934576787
SB85158_component_2529a,306.64315,-55.34154,4.327000141143799,13.437889099121094,306.6427139112381,-55.34137278514403,4.412166254355053,0.9806974378793659,0.9806974378793659
SB85158_component_2530a,311.740129,-56.387818,4.234000205993652,23.39226722717285,311.73981564149545,-56.38766757255799,4.261639496864447,0.9935143995893762,0.9935143995893762
SB85158_component_2531a,315.597187,-58.785166,3.694000005722046,17.424528121948242,315.5969527070664,-58.785084316372135,3.4055466926042595,1.0847010301588915,1.0847010301588915
SB85158_component_2532a,309.359702,-54.178871,3.9070000648498535,19.43781089782715,309.3598320871145,-54.17857036479229,2.9228945945987723,1.3366886620097806,1.3366886620097806
SB85158_component_2534a,312.010566,-55.360495,3.9820001125335693,22.497175216674805,312.0103713970563,-55.36021836679032,3.360332402193437,1.1850018497974613,1.1850018497974613
SB85158_component_2535a,309.421833,-56.606028,4.089000225067139,25.240741729736328,309.4218930842564,-56.60582903705395,4.067544209429352,1.005274931145935,1.005274931145935
SB85158_component_2536a,309.290957,-54.985558,4.11299991607666,21.877660751342773,309.2905007029057,-54.98542450433572,4.17599882318267,0.9849140505604844,0.9849140505604844
SB85158_component_2541a,314.237915,-58.278035,4.124000072479248,15.92278003692627,314.2375927059093,-58.27751018551784,3.804321030407769,1.0840305114937197,1.0840305114937197
SB85158_component_2542a,317.49511,-56.253034,4.091000080108643,20.454999923706055,317.4947102980522,-56.2527840157305,3.2859265279007204,1.245006559146123,1.245006559146123
SB85158_component_2543a,317.486169,-57.325928,4.113999843597412,19.590476989746094,317.4860318393362,-57.32580038123954,4.304409691945365,0.9557640043641158,0.9557640043641158
SB85158_component_2544a,316.928677,-58.258408,4.176000118255615,20.673267364501953,316.92833428551717,-58.258245102818144,3.5504211066171947,1.1761985389486562,1.1761985389486562
SB85158_component_2547a,311.99055,-53.477392,3.921999931335449,23.070587158203125,311.99030450717373,-53.477281551630526,4.3523867877882525,0.9011147498057008,0.9011147498057008
SB85158_component_2553a,317.546466,-59.031078,4.188000202178955,14.053691864013672,317.5462262450439,-59.03089278938733,2.8114189347891694,1.4896393242414498,1.4896393242414498
SB85158_component_2556a,314.339474,-57.413004,4.10099983215332,22.288042068481445,314.3389210251339,-57.41240314795694,3.937982100076027,1.0413962603014741,1.0413962603014741
SB85158_component_2560a,310.86255,-58.82679,3.739000082015991,20.543956756591797,310.86227233601534,-58.82680014300753,4.286331331230629,0.872307759965561,0.872307759965561
SB85158_component_2564a,315.162658,-57.558164,3.756999969482422,19.773683547973633,315.16208473100926,-57.55775676553516,3.405545812107593,1.1032005372311593,1.1032005372311593
SB85158_component_2565a,317.916221,-57.402941,3.805000066757202,15.530611991882324,317.9158340115204,-57.40289427190344,4.594719978017882,0.8281244743882396,0.8281244743882396
SB85158_component_2566a,317.86807,-54.427395,3.7660000324249268,10.698863983154297,317.8676075447751,-54.427112092383474,3.916432825688063,0.9615893339785019,0.9615893339785019
SB85158_component_2568a,313.570242,-55.697657,4.224999904632568,24.421966552734375,313.5701237785865,-55.69669699495012,4.138272329531961,1.0209574354209832,1.0209574354209832
SB85158_component_2571a,311.957889,-53.370156,4.116000175476074,21.000001907348633,311.9578961032728,-53.37006129383182,4.085480274512291,1.0074703336971629,1.0074703336971629
SB85158_component_2578a,305.960116,-56.685584,3.8350000381469727,10.864023208618164,305.9603867087598,-56.68492317745427,4.748721162490606,0.8075858545747072,0.8075858545747072
SB85158_component_2579a,307.401365,-54.657178,3.7309999465942383,17.9375,307.40122696685887,-54.65707833488669,4.070166362519941,0.9166701344080402,0.9166701344080402
SB85158_component_2581a,306.934075,-57.519834,3.881999969482422,13.340206146240234,306.9338519300231,-57.519855092548966,3.3527372892769103,1.1578598722596778,1.1578598722596778
SB85158_component_2583a,314.464876,-56.080457,3.6410000324249268,20.9252872467041,314.4644840657769,-56.0802271387612,3.697580154298697,0.9846980675164021,0.9846980675164021
SB85158_component_2584a,311.742745,-58.76661,4.015999794006348,16.526748657226562,311.7426322178918,-58.76680239434936,4.050883395012928,0.9913886435118014,0.9913886435118014
SB85158_component_2588a,315.929276,-59.734802,4.123000144958496,10.230770111083984,315.9287777274743,-59.734963985596295,3.116806200542222,1.3228285237116217,1.3228285237116217
SB85158_component_2590a,307.943455,-58.209082,4.140999794006348,18.908674240112305,307.94332171097864,-58.209058586718044,4.032835112816612,1.0268210026355853,1.0268210026355853
SB85158_component_2597a,308.78683,-54.883843,3.946000099182129,22.044692993164062,308.7869146751487,-54.88375846538515,3.634528035508747,1.0856980770626476,1.0856980770626476
SB85158_component_2600a,306.710351,-55.68977,4.00600004196167,16.2845516204834,306.710825586423,-55.689564547791264,4.057752985605777,0.9872459107718748,0.9872459107718748
SB85158_component_2601a,308.468658,-57.008967,3.8010001182556152,21.971099853515625,308.4683311980713,-57.00890144036881,3.707102682954035,1.025329062432864,1.025329062432864
SB85158_component_2607a,315.530892,-57.059299,3.7119998931884766,22.2275447845459,315.52988968591956,-57.058728151385004,3.497462644693832,1.0613408262759088,1.0613408262759088
SB85158_component_2609a,313.183332,-58.447162,3.9079999923706055,18.97087287902832,313.18299427582457,-58.44686066178241,4.243275377478875,0.9209866541097617,0.9209866541097617
SB85158_component_2613a,314.902498,-55.172951,3.486999988555908,18.747310638427734,314.90199791681295,-55.172163014260846,3.148492567880467,1.1075141241014015,1.1075141241014015
SB85158_component_2614a,310.463144,-56.400575,4.156000137329102,25.97500228881836,310.46291212251293,-56.40036965957117,4.044225685209287,1.0276380352680616,1.0276380352680616
SB85158_component_2615a,310.100184,-54.396328,3.681999921798706,19.90270233154297,310.10034919913136,-54.39556051181835,2.904299737564704,1.2677754551897988,1.2677754551897988
SB85158_component_2616a,318.282109,-55.407115,3.746999979019165,10.614730834960938,318.28161462809936,-55.406764690842486,3.3765685737299305,1.109706465958142,1.109706465958142
SB85158_component_2617a,314.789542,-53.047593,4.109000205993652,15.926358222961426,314.789469816158,-53.04710641494274,4.710773941194275,0.8722558665067123,0.8722558665067123
SB85158_component_2626a,317.525848,-55.558063,3.496999979019165,13.713726043701172,317.52610925133007,-55.5580668793538,3.2533973386880213,1.0748763876561662,1.0748763876561662
SB85158_component_2627a,310.019828,-54.085243,3.7939999103546143,19.76041603088379,310.0200257703844,-54.085203800873494,4.065874910753003,0.9331324729938538,0.9331324729938538
SB85158_component_2629a,308.30983,-58.09003,3.7300000190734863,18.106796264648438,308.3096804429326,-58.09003610410773,3.2351506936435706,1.152960208747678,1.152960208747678
SB85158_component_2632a,311.010657,-53.179903,3.9570000171661377,19.686567306518555,311.0104384124671,-53.179990487583396,3.448680378743462,1.1473954042119392,1.1473954042119392
SB85158_component_2634a,308.417019,-59.230339,3.865000009536743,13.953067779541016,308.41686189478736,-59.23016042558321,3.2041998429794325,1.206229386099359,1.206229386099359
SB85158_component_2635a,309.129993,-53.0307,3.7780001163482666,11.88050365447998,309.1300726217011,-53.030428316375776,3.5585814445336204,1.0616590276869167,1.0616590276869167
SB85158_component_2636a,313.516218,-57.970708,3.7290000915527344,18.36945915222168,313.5156659538894,-57.970471212943465,2.7524774774398786,1.3547795112282388,1.3547795112282388
SB85158_component_2637a,309.797394,-53.258998,3.3389999866485596,14.088607788085938,309.79752729536204,-53.25878292424959,2.9464094886778693,1.1332436986370336,1.1332436986370336
SB85158_component_2641a,314.237924,-57.675779,3.4560000896453857,18.48128318786621,314.237343754874,-57.67512220040647,3.545788698513194,0.9746773943677304,0.9746773943677304
SB85158_component_2646a,318.252405,-57.222845,4.0329999923706055,17.458873748779297,318.25210894176956,-57.222829450943955,4.919770195054461,0.8197537349254096,0.8197537349254096
SB85158_component_2655a,307.191462,-55.307933,3.51200008392334,16.966184616088867,307.1910345930408,-55.30728679692342,3.5450619812122763,0.9906738168573204,0.9906738168573204
SB85158_component_2665a,308.431244,-54.625267,3.6570000648498535,19.146596908569336,308.4310196499807,-54.62545202442488,3.74860274975926,0.9755635123206136,0.9755635123206136
SB85158_component_2666a,318.015178,-57.913769,3.619999885559082,15.146443367004395,318.0153741407809,-57.91372149952913,3.655521588625614,0.9902827264987136,0.9902827264987136
SB85158_component_2671a,309.578358,-54.251106,3.921999931335449,19.908628463745117,309.5782277195584,-54.25068777632897,3.3655936978718373,1.165321866931069,1.165321866931069
SB85158_component_2675a,315.108084,-56.759546,3.691999912261963,19.43157958984375,315.1082775063055,-56.75947863919363,4.29531918283383,0.8595402937730396,0.8595402937730396
SB85158_component_2676a,313.760249,-58.526191,3.434999942779541,16.051401138305664,313.7601836018269,-58.52602493999996,3.4519206524318973,0.9950981753765297,0.9950981753765297
SB85158_component_2677a,317.147799,-58.057258,3.808000087738037,18.396135330200195,317.1474622360345,-58.05703609055212,3.928285600482021,0.9693796416611806,0.9693796416611806
SB85158_component_2679a,307.550827,-57.699608,3.4140000343322754,13.494071960449219,307.5507387097743,-57.69956610265362,2.1941504781264802,1.5559552858231438,1.5559552858231438
SB85158_component_2681a,316.712777,-59.371761,3.3989999294281006,10.655172348022461,316.7131399735766,-59.371455106865284,2.838959078947737,1.1972697861809067,1.1972697861809067
SB85158_component_2683a,314.140967,-56.433461,3.806999921798706,22.26315689086914,314.14054940951985,-56.43309466143602,3.9002498238186143,0.9760913002417342,0.9760913002417342
SB85158_component_2690a,308.098862,-58.360102,3.816999912261963,18.004716873168945,308.09930185770014,-58.359744958206086,3.21752974419759,1.186313792170979,1.186313792170979
SB85158_component_2692a,307.511002,-55.182048,3.3239998817443848,16.537311553955078,307.51074601377053,-55.18199001578926,4.649758018817031,0.7148758856466386,0.7148758856466386
SB85158_component_2694a,310.09327,-58.722931,3.8320000171661377,20.062828063964844,310.0930676237806,-58.72290539724295,3.1306339360440005,1.2240332454865077,1.2240332454865077
SB85158_component_2696a,312.275242,-58.435394,3.611999988555908,17.449275970458984,312.27515108378657,-58.43492545209363,3.697873921427561,0.976777484928826,0.976777484928826
SB85158_component_2707a,310.356805,-58.435099,3.9560000896453857,21.856355667114258,310.35673085933877,-58.434822633548,4.003701607794401,0.9880856460291272,0.9880856460291272
SB85158_component_2708a,317.451435,-56.284184,3.359999895095825,16.076553344726562,317.4510573596168,-56.28411740252013,2.9272128088389704,1.1478495464866842,1.1478495464866842
SB85158_component_2709a,310.012709,-56.741996,3.7200000286102295,23.544301986694336,310.012288282158,-56.741475579040866,3.895277991588219,0.955002450824691,0.955002450824691
SB85158_component_2711a,313.343161,-55.824613,3.5309998989105225,21.39999771118164,313.34303107296273,-55.82403914580384,4.138693774721737,0.8531677121117586,0.8531677121117586
SB85158_component_2713a,317.013543,-56.919796,3.055000066757202,16.42473030090332,317.01346757135656,-56.91959510502449,3.4857991234009917,0.8764131146422828,0.8764131146422828
SB85158_component_2715a,315.027187,-55.753727,3.878000020980835,22.15999984741211,315.0268667184706,-55.7535527301163,2.789433141969068,1.3902466284756856,1.3902466284756856
SB85158_component_2716a,316.91297,-55.012128,3.5230000019073486,14.99148941040039,316.9129860462748,-55.01237716409226,3.2181435773147338,1.094730523131908,1.094730523131908
SB85158_component_2720a,309.431059,-55.154411,3.490000009536743,18.663101196289062,309.4311173015338,-55.15403897960909,4.155488490089766,0.8398531286658317,0.8398531286658317
SB85158_component_2724a,308.259355,-59.354456,3.553999900817871,11.003095626831055,308.2590804865649,-59.354234693909106,2.9069422871008435,1.2225904575361737,1.2225904575361737
SB85158_component_2726a,308.366615,-57.37793,3.5409998893737793,18.935827255249023,308.3666665465419,-57.37791990655164,3.8903129227244015,0.910209528053595,0.910209528053595
SB85158_component_2727a,309.43631,-53.716735,3.5920000076293945,18.32653045654297,309.43579060505255,-53.71704733339773,3.422929182685016,1.0493936087838533,1.0493936087838533
SB85158_component_2733a,316.590111,-53.082326,3.746999979019165,11.709375381469727,316.5909446214058,-53.08210727955016,3.638215659368917,1.0299004594106764,1.0299004594106764
SB85158_component_2734a,308.469783,-53.572452,3.4779999256134033,15.056276321411133,308.46988852133586,-53.57285705759638,4.137255197397112,0.8406539504262468,0.8406539504262468
SB85158_component_2741a,312.164613,-53.127789,3.8399999141693115,18.028167724609375,312.1644386164581,-53.12788207730591,5.602813188716164,0.6853699712678113,0.6853699712678113
SB85158_component_2745a,314.220937,-53.74141,3.3410000801086426,19.42441749572754,314.2208678975964,-53.741060596388984,3.5090923013040642,0.9520980906848889,0.9520980906848889
SB85158_component_2756a,312.291108,-54.202256,3.49399995803833,21.567901611328125,312.2907490503273,-54.202215087555814,3.955174460878185,0.8833997065359644,0.8833997065359644
SB85158_component_2758a,312.255571,-55.546543,3.611999988555908,13.681818008422852,312.2556907132811,-55.54584617893332,4.823286776294796,0.7488669357807941,0.7488669357807941
SB85158_component_2762a,316.738594,-54.891601,3.677999973297119,14.423529624938965,316.7382627977003,-54.89101825946942,3.312418957598697,1.1103667804037223,1.1103667804037223
SB85158_component_2773a,310.616808,-55.634853,3.4549999237060547,21.59375,310.6168692625291,-55.63441212604478,3.2151953926962777,1.074584745783887,1.074584745783887
SB85158_component_2774a,316.730596,-57.596668,3.2209999561309814,18.095504760742188,316.73060788960385,-57.596453050858386,2.5723403876705144,1.2521670816076897,1.2521670816076897
SB85158_component_2778a,315.58419,-56.476941,3.2260000705718994,17.628416061401367,315.5839756429321,-56.476276183287226,3.5031313665668833,0.9208904071825955,0.9208904071825955
SB85158_component_2790a,317.31197,-56.069392,3.619999885559082,17.920791625976562,317.3117835021998,-56.069107863681694,2.7517756884920597,1.3155141608009477,1.3155141608009477
SB85158_component_2806a,314.493916,-55.405533,3.365000009536743,19.450868606567383,314.4936662766647,-55.404906929253485,3.7966805049501815,0.8863005473200588,0.8863005473200588
SB85158_component_2807a,317.599582,-54.371014,3.0820000171661377,10.273332595825195,317.5993612366773,-54.37133404851624,1.9947492081989824,1.5450563933041044,1.5450563933041044
SB85158_component_2822a,311.384851,-55.635096,3.572999954223633,20.89473533630371,311.3849248829118,-55.63457256269427,3.4961372894931584,1.0219850247189857,1.0219850247189857
SB85158_component_2826a,317.858847,-56.444755,3.0450000762939453,13.125000953674316,317.8580707461057,-56.444585098596136,3.491752538825739,0.8720549473182213,0.8720549473182213
SB85158_component_2832a,316.972933,-55.111057,3.2929999828338623,13.83613395690918,316.97216365563827,-55.110778979254015,3.085132195664798,1.0673772707247873,1.0673772707247873
SB85158_component_2834a,307.591196,-57.771449,2.8550000190734863,11.512097358703613,307.59121798305046,-57.77122707796781,3.137323321298356,0.9100114099467338,0.9100114099467338
SB85158_component_2836a,307.094794,-54.59283,3.2899999618530273,13.10757064819336,307.09495111279625,-54.59293475505913,4.108701019948648,0.8007396853359136,0.8007396853359136
SB85158_component_2839a,308.098447,-59.166805,2.9809999465942383,10.723021507263184,308.09865482096916,-59.16663079348049,2.5630660803800183,1.1630601213965792,1.1630601213965792
SB85158_component_2840a,312.780087,-56.699234,3.515000104904175,15.349345207214355,312.78023138951477,-56.69895069730799,4.01260542589074,0.8759894711361748,0.8759894711361748
SB85158_component_2841a,308.228071,-54.72448,3.562000036239624,19.6795597076416,308.2280366750523,-54.72428557871956,3.5772347934604167,0.9957411917024167,0.9957411917024167
SB85158_component_2847a,314.592688,-56.146355,3.3489999771118164,20.296968460083008,314.5924941064515,-56.146000391943076,3.3580509911544194,0.9973046823688966,0.9973046823688966
SB85158_component_2851a,308.633658,-54.051286,3.48799991607666,18.072538375854492,308.63329234791496,-54.05121732806137,3.0660267748483214,1.137628655003906,1.137628655003906
SB85158_component_2856a,311.261152,-53.267817,3.3949999809265137,17.5,311.2611001041931,-53.26774987894309,3.635129502322109,0.933941962386154,0.933941962386154
SB85158_component_2857a,316.45258,-54.11023,3.4790000915527344,17.13793182373047,316.4526025060765,-54.110057601037404,3.7810298879282183,0.9201197014232071,0.9201197014232071
SB85158_component_2861a,310.003432,-56.594056,3.4159998893737793,22.03870964050293,310.00321489412056,-56.59359614235689,4.249788719654638,0.8038046394107289,0.8038046394107289
SB85158_component_2866a,312.596637,-53.51335,3.5369999408721924,18.914438247680664,312.5961245445115,-53.51300769924423,1.8266992835106701,1.936279262164353,1.936279262164353
SB85158_component_2873a,309.717095,-53.723702,3.072999954223633,15.598984718322754,309.7174649101089,-53.72343822901737,2.2576438163925032,1.361153576091551,1.361153576091551
SB85158_component_2875a,313.477945,-56.193001,3.2139999866485596,17.187164306640625,313.4778675767921,-56.192534254797195,3.0824394452336636,1.0426806572366982,1.0426806572366982
SB85158_component_2887a,308.737085,-53.57576,3.3350000381469727,15.228310585021973,308.73705598562424,-53.57534408607762,2.651395083616508,1.2578284008877418,1.2578284008877418
SB85158_component_2891a,307.674069,-56.758367,3.2160000801086426,18.169492721557617,307.67400099845156,-56.75817768147413,3.640278362990261,0.8834489452248645,0.8834489452248645
SB85158_component_2895a,315.909805,-57.422171,3.0350000858306885,16.317203521728516,315.9092197086319,-57.42213282773961,2.1558138823806763,1.407821013973211,1.407821013973211
SB85158_component_2896a,317.918569,-55.802764,3.003000020980835,11.289473533630371,317.9183600789424,-55.80270854907478,3.0394680085398686,0.9880018518186172,0.9880018518186172
SB85158_component_2898a,315.789871,-57.174768,3.259999990463257,19.289939880371094,315.7896820284289,-57.17460434714328,2.6544587869515612,1.2281222848470412,1.2281222848470412
SB85158_component_2899a,308.437105,-53.655142,3.0260000228881836,12.714285850524902,308.4369487876929,-53.655254708280424,4.475713185518649,0.676093372711846,0.676093372711846
SB85158_component_2900a,311.21518,-56.798334,3.2179999351501465,17.681318283081055,311.2151137777134,-56.7976645689875,2.490383118306717,1.292170634909442,1.292170634909442
SB85158_component_2905a,316.211808,-57.225737,3.3889999389648438,19.039325714111328,316.2118774642357,-57.22539873539563,3.155655156994647,1.0739449560744867,1.0739449560744867
SB85158_component_2911a,311.427198,-54.335636,2.8340001106262207,15.921348571777344,311.42729495841377,-54.33516360104941,2.6301494638384653,1.0775053469738005,1.0775053469738005
SB85158_component_2912a,310.05795,-57.536036,3.313999891281128,11.50694465637207,310.05744432631525,-57.53511741943216,3.0908630209783725,1.0721924164184164,1.0721924164184164
SB85158_component_2915a,315.097491,-55.218716,3.2269999980926514,17.074073791503906,315.0970013318208,-55.21817927322349,3.875685313465172,0.8326269387458229,0.8326269387458229
SB85158_component_2916a,318.00037,-55.817826,3.187000036239624,11.93632984161377,318.00042515118554,-55.817723299770414,3.2501257323320933,0.980577460291921,0.980577460291921
SB85158_component_2920a,314.987334,-58.793644,2.946000099182129,13.035398483276367,314.9874479579217,-58.793424701977415,4.079208544196286,0.7221989430703574,0.7221989430703574
SB85158_component_2922a,317.706616,-56.476752,3.1579999923706055,14.757009506225586,317.70629332293146,-56.47654157717858,3.230903755894795,0.9774354889429386,0.9774354889429386
SB85158_component_2923a,310.057901,-57.418143,3.0799999237060547,17.303369522094727,310.0575214735711,-57.41751422253522,3.267978751295828,0.942478564918687,0.942478564918687
SB85158_component_2929a,312.438568,-53.348434,3.1410000324249268,16.796791076660156,312.4381844372172,-53.34814637073869,3.4598868060367294,0.9078331773584568,0.9078331773584568
SB85158_component_2937a,314.854096,-55.299973,2.8299999237060547,17.048192977905273,314.8542328126076,-55.299355429643526,3.169038889516563,0.8930152081970099,0.8930152081970099
SB85158_component_2941a,312.706799,-54.118675,3.2309999465942383,20.068323135375977,312.70629966648346,-54.11805034535869,3.2835003858331073,0.9840108320177497,0.9840108320177497
SB85158_component_2943a,315.871598,-57.059181,3.382999897003174,19.554912567138672,315.8718086170335,-57.05872816892896,3.6144520997094993,0.9359647890409372,0.9359647890409372
SB85158_component_2950a,314.44264,-53.332556,3.0810000896453857,14.884057998657227,314.4425633640038,-53.33253882820843,3.1007721052009836,0.9936235186318808,0.9936235186318808
SB85158_component_2951a,316.756527,-55.075285,3.0,13.824885368347168,316.75624630194557,-55.07507825298999,2.6574754462555514,1.1288909571025667,1.1288909571025667
SB85158_component_2952a,315.192965,-53.261702,3.23799991607666,14.990739822387695,315.1926752406142,-53.26139855764883,3.312587077767827,0.9774837128986729,0.9774837128986729
SB85158_component_2956a,311.737232,-56.963205,3.1540000438690186,15.84924602508545,311.7371792690979,-56.96251932630954,2.5395635660774394,1.241945697283973,1.241945697283973
SB85158_component_2962a,308.344766,-55.303481,3.1530001163482666,18.438596725463867,308.3450048011603,-55.303115142495834,3.089946802409073,1.0204059545264774,1.0204059545264774
SB85158_component_2965a,312.097556,-54.412903,3.421999931335449,20.86585235595703,312.0975720361486,-54.41224321164764,3.6166515557410825,0.9461790494866328,0.9461790494866328
SB85158_component_2966a,314.992907,-57.412349,3.180000066757202,18.81656837463379,314.9927718036738,-57.411923496351356,3.58437978270114,0.8871827929909808,0.8871827929909808
SB85158_component_2978a,307.912134,-56.607875,2.8529999256134033,15.505434036254883,307.91249716272245,-56.60788225076112,3.126379997657962,0.9125569917126666,0.9125569917126666
SB85158_component_2982a,316.741909,-54.570275,3.318000078201294,15.650943756103516,316.7417081142095,-54.5704401188863,3.3711061960879913,0.984246679043121,0.984246679043121
SB85158_component_2984a,312.467902,-53.875744,2.986999988555908,17.36627769470215,312.4672025827349,-53.87594693327701,4.3012987772207865,0.6944414102025968,0.6944414102025968
SB85158_component_2990a,311.738309,-56.807557,3.1730000972747803,18.235633850097656,311.7380784086846,-56.807230811756924,2.6164925648333965,1.2126921895063054,1.2126921895063054
SB85158_component_2991a,318.2878,-57.591198,3.052000045776367,11.261992454528809,318.2876508241766,-57.59088530760362,2.373978935302791,1.2856053608525795,1.2856053608525795
SB85158_component_2992a,315.189946,-54.334979,3.1070001125335693,17.45505714416504,315.18966854410354,-54.33465992133911,3.2779715685105697,0.947842300519194,0.947842300519194
SB85158_component_2998a,307.22529,-53.882226,3.253999948501587,12.515384674072266,307.2257935076787,-53.882542748672066,2.7519346568200285,1.1824408477277273,1.1824408477277273
SB85158_component_3000a,313.511715,-56.841354,3.3440001010894775,13.704917907714844,313.51147335196225,-56.84059895867385,2.649738021376347,1.2620115928866475,1.2620115928866475
SB85158_component_3001a,313.449332,-54.762205,3.0799999237060547,15.794872283935547,313.44979972289127,-54.76160498143059,4.407813173951443,0.6987591810623289,0.6987591810623289
SB85158_component_3002a,307.939298,-54.118288,2.9130001068115234,13.80568790435791,307.93890876116456,-54.11813796350168,3.237063942891835,0.8998895783965242,0.8998895783965242
SB85158_component_3012a,310.685641,-56.203355,2.7980000972747803,16.95757484436035,310.6855387913715,-56.202850831563026,3.491735783760797,0.8013206813320726,0.8013206813320726
SB85158_component_3015a,315.615914,-57.364878,2.8389999866485596,16.505813598632812,315.6152834611789,-57.364710596864775,2.8761700032122017,0.9870765578800524,0.9870765578800524
SB85158_component_3018a,310.257222,-54.968088,2.9089999198913574,17.111764907836914,310.2573595107786,-54.96793659867572,2.801791664185541,1.0382641782671522,1.0382641782671522
SB85158_component_3021a,314.307279,-57.256433,3.01200008392334,18.943397521972656,314.3074491338898,-57.2559822621622,2.585626839889787,1.1649013065055154,1.1649013065055154
SB85158_component_3023a,308.420123,-53.459423,3.0260000228881836,12.007936477661133,308.42020726366314,-53.459059746024614,3.5169362686077985,0.8604079777897269,0.8604079777897269
SB85158_component_3026a,309.347712,-57.257896,2.8239998817443848,14.3350248336792,309.347737189452,-57.257704622047,3.448774460406264,0.8188415665232336,0.8188415665232336
SB85158_component_3027a,310.815039,-53.288935,2.940000057220459,14.134614944458008,310.8145640416124,-53.28872242401118,3.066178961395337,0.9588481606052579,0.9588481606052579
SB85158_component_3033a,313.98383,-56.574059,3.0799999237060547,18.011695861816406,313.983875643901,-56.57355843065571,3.26874347757509,0.9422580709792944,0.9422580709792944
SB85158_component_3034a,315.535807,-56.330606,2.999000072479248,17.53801155090332,315.5349741144839,-56.33047975116047,2.90210186060619,1.0333889768613491,1.0333889768613491
SB85158_component_3042a,313.695177,-56.322068,2.9040000438690186,16.689655303955078,313.6951023009325,-56.32157219772636,2.679002889703772,1.0839854092841703,1.0839854092841703
SB85158_component_3049a,308.777856,-54.126016,2.8989999294281006,14.641413688659668,308.77785410945995,-54.12506475659778,3.4613625917650253,0.8375314208124716,0.8375314208124716
SB85158_component_3051a,308.625189,-55.741657,2.7780001163482666,15.433333396911621,308.62478925605177,-55.741441879581885,2.905984948538787,0.955958191643465,0.955958191643465
SB85158_component_3052a,306.636678,-55.422078,2.6559998989105225,10.334630012512207,306.6374973759466,-55.421959545320014,1.8882640304663108,1.406582901573684,1.406582901573684
SB85158_component_3054a,307.409571,-58.095643,2.6059999465942383,11.042372703552246,307.4096167957876,-58.095319134822624,2.4217394902734903,1.07608599399762,1.07608599399762
SB85158_component_3055a,311.638498,-57.110153,2.859999895095825,15.052631378173828,311.6387285477225,-57.11005011111993,3.6793648541230866,0.7773080432322217,0.7773080432322217
SB85158_component_3057a,313.713304,-53.270991,2.4639999866485596,12.258706092834473,313.71270153211697,-53.270483211042844,2.2431324762537073,1.0984638726125204,1.0984638726125204
SB85158_component_3060a,311.10084,-53.034939,2.8440001010894775,12.365217208862305,311.1000489772751,-53.034728471262824,2.2381139355141473,1.2707128336771398,1.2707128336771398
SB85158_component_3062a,312.679881,-56.389746,2.871999979019165,14.958333015441895,312.6798575987329,-56.389362411020564,3.156705863114965,0.9098091819632322,0.9098091819632322
SB85158_component_3066a,313.639957,-58.469735,2.8239998817443848,13.980196952819824,313.63964975717016,-58.4697144861098,2.4696383425827975,1.1434872195865686,1.1434872195865686
SB85158_component_3075a,306.459088,-55.69624,2.9769999980926514,11.5387601852417,306.45926120485274,-55.695834029627996,3.11060164453925,0.9570495802054435,0.9570495802054435
SB85158_component_3078a,312.534839,-57.59138,2.5339999198913574,12.36097526550293,312.5346171630017,-57.59094274101777,3.4212885247193867,0.7406565981158212,0.7406565981158212
SB85158_component_3082a,311.749493,-56.729417,2.9739999771118164,16.163043975830078,311.7494180352767,-56.728996975823044,3.1456265512021675,0.9454396218696843,0.9454396218696843
SB85158_component_3085a,310.879475,-59.189223,2.9590001106262207,13.269058227539062,310.8791316643264,-59.189265675564684,2.6967326307338415,1.0972537940555902,1.0972537940555902
SB85158_component_3095a,311.158752,-56.083436,2.86899995803833,13.160550117492676,311.15882396142104,-56.08328704482668,3.6538190804972253,0.7852058065359673,0.7852058065359673
SB85158_component_3100a,307.690704,-58.799583,2.690999984741211,11.451064109802246,307.69066678556754,-58.79952396845538,2.4564917064641416,1.0954647140309783,1.0954647140309783
SB85158_component_3103a,311.995625,-56.544789,2.821000099182129,14.034826278686523,311.99586035793493,-56.54436000213899,2.0510257430961523,1.3754094060875375,1.3754094060875375
SB85158_component_3110a,308.838054,-53.658816,3.11299991607666,15.334975242614746,308.8382099220439,-53.658821830739406,2.8459281030976435,1.0938434856060921,1.0938434856060921
SB85158_component_3112a,317.056806,-55.512744,2.3559999465942383,10.378854751586914,317.0562806501739,-55.51237848567397,2.28338501736753,1.031801438948927,1.031801438948927
SB85158_component_3113a,314.626953,-53.280438,2.882999897003174,12.986485481262207,314.62683714130674,-53.28033806266908,3.0634406296478813,0.9410986683083041,0.9410986683083041
SB85158_component_3114a,308.818485,-56.105809,2.7860000133514404,13.59024429321289,308.8183070114811,-56.10584829099289,3.134492048513945,0.888820252286898,0.888820252286898
SB85158_component_3121a,312.781771,-54.005961,3.0299999713897705,19.93421173095703,312.78144867408344,-54.00578007663539,2.498410997413519,1.21277082694824,1.21277082694824
SB85158_component_3125a,315.968857,-58.280776,2.7149999141693115,14.755434036254883,315.9683843452342,-58.28043589414299,2.2085892320649156,1.2292914747351766,1.2292914747351766
SB85158_component_3140a,310.135467,-58.130917,2.569000005722046,13.521052360534668,310.13485447740385,-58.13092802330991,2.8418048900611375,0.9040029506271902,0.9040029506271902
SB85158_component_3149a,309.482388,-56.540472,2.8510000705718994,17.818750381469727,309.4826146671257,-56.54022979274392,3.2495210038280367,0.8773600992925827,0.8773600992925827
SB85158_component_3150a,314.012766,-53.438947,2.8580000400543213,14.361808776855469,314.01269106785895,-53.439152163985845,2.9128479352555203,0.9811703540932054,0.9811703540932054
SB85158_component_3152a,307.859769,-58.847831,2.9110000133514404,12.8237886428833,307.85945388032235,-58.848184215027466,3.079781767033231,0.945196846254344,0.945196846254344
SB85158_component_3157a,309.916632,-58.396158,3.0360000133514404,15.8125,309.9162102767211,-58.395992576777054,2.65866189362955,1.1419278324280477,1.1419278324280477
SB85158_component_3162a,317.493271,-58.637095,2.9260001182556152,11.519684791564941,317.4923225188474,-58.636628314044565,2.3859061195968727,1.2263685038663625,1.2263685038663625
SB85158_component_3166a,314.684354,-54.320063,2.5840001106262207,13.967568397521973,314.68396738915277,-54.31951324256311,2.954924294813515,0.8744725254591663,0.8744725254591663
SB85158_component_3168a,307.069308,-56.360728,2.7699999809265137,14.352331161499023,307.06936247375256,-56.36069743065676,3.0041914459814625,0.9220450929090376,0.9220450929090376
SB85158_component_3172a,312.423354,-58.447425,2.565999984741211,12.103774070739746,312.4240468450124,-58.44731311664699,3.0689833852223956,0.836107486634459,0.836107486634459
SB85158_component_3174a,314.263698,-57.961888,2.703000068664551,13.720812797546387,314.2636110778899,-57.961592086041556,1.8533903457220169,1.4584084107827568,1.4584084107827568
SB85158_component_3178a,307.437102,-55.785666,3.0,16.574586868286133,307.4372315607015,-55.78542666945251,2.994283630227323,1.0019090942871844,1.0019090942871844
SB85158_component_3181a,311.796016,-57.125956,2.888000011444092,15.610810279846191,311.7961910495479,-57.12545315030978,2.41825164434768,1.1942512344380627,1.1942512344380627
SB85158_component_3190a,308.9665,-58.886426,2.7190001010894775,11.87336254119873,308.96668595865907,-58.88649687739331,2.7047387194077293,1.0052727391298155,1.0052727391298155
SB85158_component_3198a,312.738544,-53.892596,2.746000051498413,15.965116500854492,312.73818397069823,-53.89232912653282,2.6346652499556558,1.0422576650087259,1.0422576650087259
SB85158_component_3200a,309.916996,-57.168016,2.6389999389648438,16.39130401611328,309.91715335957394,-57.16761553252993,2.980586484601493,0.8853961972244803,0.8853961972244803
SB85158_component_3205a,315.75536,-57.784702,2.984999895095825,16.675975799560547,315.7549247805067,-57.78419570642568,2.8879277937349865,1.0336130638624086,1.0336130638624086
SB85158_component_3208a,310.227748,-53.237314,2.9809999465942383,12.525209426879883,310.2282148319245,-53.23731808436226,2.3775409000976677,1.2538164733451194,1.2538164733451194
SB85158_component_3216a,312.773624,-55.921282,2.7699999809265137,14.656085014343262,312.7736159832363,-55.92050990949742,3.164809198996081,0.8752502305052684,0.8752502305052684
SB85158_component_3220a,311.457461,-56.291403,2.9000000953674316,16.20111656188965,311.45754283395576,-56.290968451219186,2.372671928858894,1.2222507714170787,1.2222507714170787
SB85158_component_3235a,314.59003,-56.78811,2.6519999504089355,16.370370864868164,314.5894568585819,-56.78769478009828,2.59071045633675,1.0236574079215508,1.0236574079215508
SB85158_component_3243a,308.023503,-55.469297,2.4700000286102295,14.277457237243652,308.023077420385,-55.469082845435636,2.7933710957810365,0.8842362664741502,0.8842362664741502
SB85158_component_3246a,310.485212,-58.196419,2.509999990463257,14.342857360839844,310.4850986495589,-58.19636796406821,2.6167310226891844,0.9592120736520174,0.9592120736520174
SB85158_component_3247a,312.521459,-53.348945,2.8589999675750732,14.890625,312.5214706942128,-53.34899901893291,1.702782404909758,1.6790166255720684,1.6790166255720684
SB85158_component_3249a,312.946955,-56.76811,2.630000114440918,11.484716415405273,312.9464467444184,-56.767625618813994,3.1209912697920883,0.8426810224996628,0.8426810224996628
SB85158_component_3254a,314.84295,-57.924528,2.7850000858306885,12.893518447875977,314.84239065232225,-57.9239393531554,3.151249160120399,0.8837765420377875,0.8837765420377875
SB85158_component_3256a,307.043517,-58.351,2.8350000381469727,10.4227933883667,307.0434839040485,-58.35074963871904,2.638472979767996,1.0744851510271132,1.0744851510271132
SB85158_component_3259a,316.988138,-54.674338,2.8570001125335693,10.988462448120117,316.98778716479194,-54.67448381747446,2.4366545234376593,1.1725093094046348,1.1725093094046348
SB85158_component_3263a,316.262407,-54.841199,2.7820000648498535,12.645455360412598,316.2622942378128,-54.84077960299279,2.6649919871065264,1.0439056020841424,1.0439056020841424
SB85158_component_3267a,313.867878,-59.068323,2.388000011444092,11.536231994628906,313.86742856270735,-59.06809525406401,2.528856794617031,0.9443002136488039,0.9443002136488039
SB85158_component_3271a,309.765921,-54.073131,2.1600000858306885,10.434782981872559,309.76550663671554,-54.072826619705864,2.384877649843621,0.9057068759784478,0.9057068759784478
SB85158_component_3274a,315.436654,-56.905425,2.617000102996826,15.394118309020996,315.436588869467,-56.904922175728295,2.7082759848369187,0.966297422289631,0.966297422289631
SB85158_component_3289a,307.518331,-58.750928,2.813999891281128,10.270072937011719,307.51820553980014,-58.750468821074314,2.5353371829722016,1.1099114982340326,1.1099114982340326
SB85158_component_3291a,310.439251,-56.028233,2.4809999465942383,15.314814567565918,310.43951689979156,-56.028010276667196,2.6429442057992993,0.9387258123536192,0.9387258123536192
SB85158_component_3292a,315.377771,-53.464021,2.434000015258789,11.990148544311523,315.37716692246437,-53.464001416135034,2.5499378392018786,0.9545330783516756,0.9545330783516756
SB85158_component_3295a,311.549673,-58.726008,2.746999979019165,13.334951400756836,311.5490561806593,-58.72567832587413,2.5331699481226044,1.084412035226865,1.084412035226865
SB85158_component_3300a,307.432113,-55.379654,2.755000114440918,14.348958969116211,307.4317735278427,-55.379617969557245,2.356662771688353,1.1690260259286862,1.1690260259286862
SB85158_component_3311a,308.822279,-59.066815,2.8510000705718994,12.504385948181152,308.8222925730393,-59.067346811950834,2.0513106617621286,1.3898431494149293,1.3898431494149293
SB85158_component_3312a,311.061673,-56.926632,2.619999885559082,15.783132553100586,311.06131026015163,-56.925731002773894,1.9553566436621082,1.339908959345744,1.339908959345744
SB85158_component_3313a,316.671218,-58.80789,2.3340001106262207,10.957747459411621,316.67121834327054,-58.80762170874846,2.6605645535764473,0.8772574630781861,0.8772574630781861
SB85158_component_3314a,315.843665,-58.322747,2.246000051498413,11.883598327636719,315.8436997721054,-58.32214717205592,3.966510741676836,0.5662407586343559,0.5662407586343559
SB85158_component_3316a,317.030845,-54.047412,2.441999912261963,11.253456115722656,317.031138850842,-54.04716148607565,1.911664427320494,1.277420805326602,1.277420805326602
SB85158_component_3319a,310.590367,-58.583122,2.5360000133514404,14.327683448791504,310.5908382117117,-58.583345947837294,1.8579786605477124,1.364924187344463,1.364924187344463
SB85158_component_3321a,314.080564,-56.461138,2.7669999599456787,15.632767677307129,314.08048958243427,-56.460413291694174,2.5725753561022535,1.075575863456144,1.075575863456144
SB85158_component_3324a,312.167772,-56.712656,2.3289999961853027,11.70351791381836,312.16754205525785,-56.71231916838841,3.000167445534091,0.7762900032970304,0.7762900032970304
SB85158_component_3329a,307.84746,-57.14849,2.559999942779541,13.473684310913086,307.84720063254946,-57.148103144972126,3.7311147962334505,0.6861219990775554,0.6861219990775554
SB85158_component_3332a,307.839045,-56.024333,2.375999927520752,13.577142715454102,307.83937601251125,-56.024260563069085,2.1020493904917217,1.1303254520413273,1.1303254520413273
SB85158_component_3334a,308.52155,-56.853098,2.63100004196167,14.377049446105957,308.52180633757774,-56.8528851588421,2.576977617566458,1.020963482192068,1.020963482192068
SB85158_component_3335a,309.09722,-55.327772,2.5510001182556152,14.577143669128418,309.09703425200206,-55.327772350397524,3.0911851019384415,0.8252498747667736,0.8252498747667736
SB85158_component_3336a,314.919436,-54.932802,2.75,14.864864349365234,314.919652214844,-54.93251751252067,2.5654089301717535,1.0719538579823562,1.0719538579823562
SB85158_component_3337a,308.51025,-58.306453,2.7260000705718994,12.919431686401367,308.510762681829,-58.30635729708137,2.8552217090917287,0.954741994953192,0.954741994953192
SB85158_component_3338a,317.472866,-57.556478,2.492000102996826,11.866667747497559,317.4730252185384,-57.55631150075073,1.9556887691983622,1.2742314330609457,1.2742314330609457
SB85158_component_3342a,315.960048,-56.481755,2.822000026702881,15.765362739562988,315.9593251496321,-56.48181244727717,2.8217040680021266,1.0001048865131217,1.0001048865131217
SB85158_component_3351a,316.703705,-55.305298,2.5250000953674316,12.139423370361328,316.70290506257743,-55.30508225718161,2.1424162007181846,1.17857589693403,1.17857589693403
SB85158_component_3354a,315.519988,-57.465299,2.615999937057495,13.346939086914062,315.5191375263573,-57.46482270686895,2.61633381672687,0.9998723864411948,0.9998723864411948
SB85158_component_3359a,309.966761,-57.32787,2.5899999141693115,14.46927261352539,309.9662517815108,-57.3276626819851,2.390845766880079,1.083298617605567,1.083298617605567
SB85158_component_3361a,317.342634,-57.714982,2.5169999599456787,12.399014472961426,317.34277936308644,-57.715037238885124,3.3150124241587555,0.7592731603666352,0.7592731603666352
SB85158_component_3362a,311.981771,-56.63012,2.4700000286102295,11.650943756103516,311.9815719217419,-56.63027509283521,2.3595934663096028,1.0467905017864378,1.0467905017864378
SB85158_component_3371a,307.724652,-55.961619,2.7260000705718994,15.401130676269531,307.72458775705707,-55.961275474604825,3.0691676434912547,0.8881887166876966,0.8881887166876966
SB85158_component_3379a,309.244396,-56.092731,2.3499999046325684,13.58381462097168,309.24427301387993,-56.09231638998976,2.4284950952486697,0.9676774349803396,0.9676774349803396
SB85158_component_3386a,312.901025,-54.079055,2.497999906539917,15.612500190734863,312.8998082061433,-54.078686843853255,2.460915549975817,1.0150693332668261,1.0150693332668261
SB85158_component_3387a,313.910295,-53.426372,2.5299999713897705,13.457447052001953,313.9098743770301,-53.42609180283155,2.490180800998634,1.0159904736134693,1.0159904736134693
SB85158_component_3393a,316.267797,-55.666836,2.5260000228881836,12.443349838256836,316.26765834264125,-55.666843758974146,2.9701128507211587,0.8504727429043168,0.8504727429043168
SB85158_component_3404a,310.14277,-58.814769,2.678999900817871,14.026177406311035,310.14280287810004,-58.814581318291076,2.4726473553236303,1.0834540942726678,1.0834540942726678
SB85158_component_3405a,310.143247,-58.049376,2.561000108718872,14.55113697052002,310.14292279490775,-58.048976097848204,2.16158361240453,1.1847795727272534,1.1847795727272534
SB85158_component_3410a,308.881107,-55.195236,2.5910000801086426,15.514970779418945,308.8809134911836,-55.19501098993314,3.376257647008731,0.7674177598395655,0.7674177598395655
SB85158_component_3415a,309.81577,-58.270076,2.36299991607666,11.52682876586914,309.8151726656104,-58.26966717602149,2.490599357886874,0.9487675762036354,0.9487675762036354
SB85158_component_3416a,311.211433,-56.450839,2.578000068664551,15.34523868560791,311.21152612934696,-56.45037328577349,3.1220924744790257,0.8257282863137274,0.8257282863137274
SB85158_component_3425a,317.245961,-56.832882,2.5,13.368983268737793,317.24539491145055,-56.832102400654556,2.8472557910934544,0.8780384283773482,0.8780384283773482
SB85158_component_3430a,315.562044,-57.482222,2.5230000019073486,13.786885261535645,315.5622416919824,-57.48159513330366,2.196792837128064,1.1484924564874972,1.1484924564874972
SB85158_component_3432a,308.260479,-54.121453,2.2780001163482666,11.447237014770508,308.2611314569914,-54.121353174471444,3.215506138149949,0.7084421607289858,0.7084421607289858
SB85158_component_3440a,308.761075,-54.411233,2.4719998836517334,12.942407608032227,308.7608688908393,-54.41141850692865,2.960618156319893,0.8349607254737904,0.8349607254737904
SB85158_component_3448a,316.370431,-57.821826,2.318000078201294,12.072916984558105,316.3705589159597,-57.821528819014276,2.243006936421217,1.0334341996729315,1.0334341996729315
SB85158_component_3449a,308.21085,-56.71933,2.49399995803833,15.300613403320312,308.2105618544395,-56.71893018404636,2.0458618070956223,1.2190461493481324,1.2190461493481324
SB85158_component_3451a,316.895401,-57.467151,2.421999931335449,12.294416427612305,316.89484329282243,-57.466522595724534,2.3270498200107976,1.0408027840694063,1.0408027840694063
SB85158_component_3452a,313.117328,-54.18198,2.3340001106262207,13.261363983154297,313.11763445971815,-54.182035358090225,2.6086843455331556,0.8947039202434452,0.8947039202434452
SB85158_component_3463a,314.131735,-56.362484,2.3010001182556152,13.456140518188477,314.1308534967206,-56.36117055867101,2.945444505068046,0.7812064068076738,0.7812064068076738
SB85158_component_3469a,312.198356,-54.697507,2.5510001182556152,15.554878234863281,312.19835035659383,-54.697123343659115,2.536905837452183,1.0055556972574067,1.0055556972574067
SB85158_component_3471a,314.084403,-54.230176,2.507999897003174,15.108433723449707,314.08434210380136,-54.23001693459752,2.5801749962524814,0.972027052678932,0.972027052678932
SB85158_component_3474a,307.549008,-57.168919,2.3980000019073486,12.687830924987793,307.5492165343003,-57.16875794531802,2.2127376623863744,1.083725397126912,1.083725397126912
SB85158_component_3475a,314.485623,-53.66843,2.3540000915527344,13.686046600341797,314.4851515636803,-53.66827720981224,2.5125207028014844,0.936907739278726,0.936907739278726
SB85158_component_3478a,317.155576,-58.009377,2.3910000324249268,12.261539459228516,317.15517460266256,-58.008838894594284,2.0939096888210034,1.1418830741316275,1.1418830741316275
SB85158_component_3480a,310.603018,-58.129405,2.5439999103546143,14.133332252502441,310.6027478967478,-58.12943037576087,3.3794944260913415,0.7527752940539558,0.7527752940539558
SB85158_component_3494a,313.140727,-54.663108,2.5439999103546143,15.233532905578613,313.140273486497,-54.662658397130684,2.5023253774423546,1.0166543221309035,1.0166543221309035
SB85158_component_3498a,314.88929,-57.063608,2.244999885559082,13.128654479980469,314.88964650326596,-57.06319014642562,2.242581076238419,1.0010785827751298,1.0010785827751298
SB85158_component_3504a,316.36404,-57.542715,2.2200000286102295,11.5625,316.3629828186396,-57.542646274615954,2.5279169831544333,0.8781934072217937,0.8781934072217937
SB85158_component_3506a,317.170235,-57.492975,2.0850000381469727,11.090426445007324,317.16984923422933,-57.49300145880009,2.9183990723623743,0.7144328059490558,0.7144328059490558
SB85158_component_3508a,312.724168,-53.710911,2.4030001163482666,11.95522403717041,312.72320514390543,-53.71007067635077,2.7540342454003697,0.8725382120289971,0.8725382120289971
SB85158_component_3510a,311.379976,-53.830655,1.7940000295639038,10.022346496582031,311.38025597880096,-53.83015990164966,2.52510141997541,0.7104665243827609,0.7104665243827609
SB85158_component_3517a,315.223326,-55.69327,2.4549999237060547,13.058510780334473,315.2235792908732,-55.69264385053636,2.2941332293360364,1.0701209033167511,1.0701209033167511
SB85158_component_3518a,311.888727,-56.189826,2.3559999465942383,12.598929405212402,311.8887048709481,-56.189279660625296,1.9845621690247235,1.1871635887083603,1.1871635887083603
SB85158_component_3520a,309.611877,-57.318191,2.296999931335449,13.354650497436523,309.61157343206673,-57.31752806549634,4.278592207911799,0.5368588123654155,0.5368588123654155
SB85158_component_3521a,316.469551,-55.790645,2.5,12.69035530090332,316.4700301028558,-55.79036001907798,1.8961761949990448,1.318442878142587,1.318442878142587
SB85158_component_3528a,309.440057,-58.242979,2.184000015258789,10.974874496459961,309.44013269769573,-58.242682098728395,2.672400439039466,0.8172427991531759,0.8172427991531759
SB85158_component_3539a,311.066487,-56.27035,2.2209999561309814,12.407820701599121,311.06644146950896,-56.26991748324631,2.125894298086668,1.0447367764850348,1.0447367764850348
SB85158_component_3553a,316.609268,-57.16036,2.5859999656677246,15.301774978637695,316.6091556888914,-57.15966109664583,2.4799822233197366,1.042749396084812,1.042749396084812
SB85158_component_3554a,309.610386,-56.676388,2.3989999294281006,14.365269660949707,309.6101520016833,-56.67604366274942,2.545216593898521,0.9425523686978405,0.9425523686978405
SB85158_component_3562a,310.339467,-54.513934,2.0320000648498535,11.35195541381836,310.33950899027917,-54.51360997278109,2.7923259673933725,0.7277087591412973,0.7277087591412973
SB85158_component_3575a,316.242179,-58.367363,2.1500000953674316,10.804020881652832,316.2417871138185,-58.36722487968983,1.775059829264208,1.2112268329899858,1.2112268329899858
SB85158_component_3577a,311.034254,-56.355445,2.24399995803833,13.59999942779541,311.03494715460926,-56.355232154656555,2.490633935201354,0.9009754208849303,0.9009754208849303
SB85158_component_3580a,311.452199,-53.54098,2.3269999027252197,11.519801139831543,311.45160566218607,-53.540595747730706,2.465369236645956,0.9438748030664231,0.9438748030664231
SB85158_component_3581a,310.3951,-58.325201,2.2009999752044678,12.505681991577148,310.394893995724,-58.32463181885942,2.892532386810172,0.7609249200599919,0.7609249200599919
SB85158_component_3584a,312.970129,-56.380119,2.3510000705718994,12.056410789489746,312.97038102302605,-56.379788793138665,1.848323742202772,1.2719633562516781,1.2719633562516781
SB85158_component_3585a,313.402125,-54.954333,2.438999891281128,14.098265647888184,313.40163590955717,-54.95385255153518,3.032971334200144,0.8041618672021975,0.8041618672021975
SB85158_component_3587a,315.759637,-58.215252,2.496999979019165,13.42473030090332,315.75887654833156,-58.215301151729804,2.2015631343936564,1.1341941278040506,1.1341941278040506
SB85158_component_3593a,307.899588,-57.558608,2.507999897003174,11.399999618530273,307.8997379507302,-57.558431020385655,2.5410797569508468,0.9869819670723886,0.9869819670723886
SB85158_component_3598a,307.16263,-55.973539,1.965999960899353,10.186528205871582,307.16221575210807,-55.97340894235947,1.9970883616686812,0.9844331370779448,0.9844331370779448
SB85158_component_3604a,308.955841,-57.516222,2.450000047683716,13.315217971801758,308.95605608875707,-57.5158722529425,3.018497726442788,0.8116620483829119,0.8116620483829119
SB85158_component_3614a,316.228669,-53.887118,2.115000009536743,10.574999809265137,316.2287221026602,-53.887079402701694,2.263337914267939,0.9344605576586319,0.9344605576586319
SB85158_component_3617a,314.902321,-55.735708,2.0450000762939453,13.453948020935059,314.9020412409753,-55.73507588337629,1.3968719494044872,1.4639853546817712,1.4639853546817712
SB85158_component_3620a,314.603452,-54.560615,2.3010001182556152,11.922280311584473,314.6029718218837,-54.559930741795135,1.7185256777530642,1.3389384564006772,1.3389384564006772
SB85158_component_3628a,315.094534,-56.484881,2.1480000019073486,12.71005916595459,315.0939454333974,-56.484523309047496,3.0156602598959403,0.7122818277883426,0.7122818277883426
SB85158_component_3631a,314.874602,-55.02515,2.4030001163482666,12.515625953674316,314.8742434514102,-55.02399248218196,1.8342843882950253,1.3100477394248908,1.3100477394248908
SB85158_component_3635a,314.895333,-55.132317,2.368000030517578,12.595745086669922,314.8957472984482,-55.13204208118592,3.1283299493941947,0.7569534124672956,0.7569534124672956
SB85158_component_3637a,312.031423,-58.351692,2.4489998817443848,13.026595115661621,312.03170360275175,-58.351617670749114,2.703295014588667,0.9059314164854568,0.9059314164854568
SB85158_component_3640a,310.986022,-56.684626,2.194000005722046,13.059523582458496,310.98612053936847,-56.68425778947007,1.4613080085982244,1.5013946360471015,1.5013946360471015
SB85158_component_3644a,316.10608,-54.931928,2.2669999599456787,10.075555801391602,316.1060719348355,-54.93187575112015,1.9709715415092117,1.1501941617126508,1.1501941617126508
SB85158_component_3649a,307.26955,-58.207507,2.4709999561309814,10.085714340209961,307.27010184373256,-58.20727681414866,1.8379091276563133,1.344462530245976,1.344462530245976
SB85158_component_3650a,312.237463,-55.278767,2.328000068664551,13.775148391723633,312.23867113997653,-55.27894404623967,1.472554639113797,1.580926104083698,1.580926104083698
SB85158_component_3653a,308.905894,-57.072164,2.138000011444092,12.079095840454102,308.9060539416013,-57.072008323514446,3.2158874387141356,0.6648242676985503,0.6648242676985503
SB85158_component_3655a,310.971179,-56.426888,2.3380000591278076,14.797468185424805,310.97094983405884,-56.4265808816762,2.4106041426921765,0.9698813744328489,0.9698813744328489
SB85158_component_3657a,309.331828,-55.417186,2.0929999351501465,12.168603897094727,309.33155112865586,-55.41713934291008,2.1803165165330127,0.9599523368645068,0.9599523368645068
SB85158_component_3660a,313.206752,-53.40255,1.878999948501587,10.156756401062012,313.20629420893823,-53.40241190706191,2.2891669135140473,0.8208226046816208,0.8208226046816208
SB85158_component_3666a,310.204261,-55.255244,2.1559998989105225,11.4074068069458,310.2039114908799,-55.2551646336768,2.1176923457712804,1.0180892910227195,1.0180892910227195
SB85158_component_3671a,312.076444,-53.676037,2.118000030517578,12.313953399658203,312.07582704904297,-53.676069966103626,2.0991298154740434,1.008989541716015,1.008989541716015
SB85158_component_3672a,307.178847,-56.202392,2.1600000858306885,11.36842155456543,307.1788367182226,-56.20286565575602,2.781717137539377,0.776498823939144,0.776498823939144
SB85158_component_3679a,313.456877,-55.744764,2.380000114440918,13.918128967285156,313.4570118022173,-55.74413357121424,2.91162779327773,0.8174122117997993,0.8174122117997993
SB85158_component_3683a,310.437334,-56.6943,2.2769999504089355,13.969325065612793,310.43722062870216,-56.694070867955396,2.9889621954199193,0.7618028605039081,0.7618028605039081
SB85158_component_3691a,314.685954,-55.148475,2.1429998874664307,11.521504402160645,314.68563581472324,-55.14789079600608,2.3359285215717223,0.9174081602567701,0.9174081602567701
SB85158_component_3704a,307.57695,-54.443011,2.2769999504089355,10.79146957397461,307.5774340958638,-54.44315931963853,2.9400895929727455,0.7744661781230431,0.7744661781230431
SB85158_component_3712a,310.132643,-56.226842,1.9630000591278076,12.04294490814209,310.13287138225525,-56.2266801281215,2.385199969215194,0.8229918180712105,0.8229918180712105
SB85158_component_3713a,313.439687,-58.625738,2.0739998817443848,10.915788650512695,313.4392866955489,-58.62565218110819,2.6590279870927933,0.7799842242397607,0.7799842242397607
SB85158_component_3717a,315.817921,-55.820311,2.0490000247955322,10.143564224243164,315.81715217708546,-55.820159144593866,2.2908563792105623,0.8944253526280095,0.8944253526280095
SB85158_component_3719a,316.076929,-55.684816,1.9709999561309814,10.596774101257324,316.0767887309672,-55.68441475672127,1.9943820842228113,0.9882760037423112,0.9882760037423112
SB85158_component_3733a,314.093533,-56.964133,2.259999990463257,12.02127742767334,314.0935786310386,-56.963660825868125,1.8414803924063672,1.2272734479187075,1.2272734479187075
SB85158_component_3736a,311.407593,-58.003081,2.115000009536743,10.470296859741211,311.40816884098643,-58.003342422491095,2.336947570351079,0.9050267264742303,0.9050267264742303
SB85158_component_3737a,311.602186,-56.711177,2.3450000286102295,12.213541984558105,311.60206916929786,-56.71058433812008,1.6150595276466118,1.4519588835386472,1.4519588835386472
SB85158_component_3777a,311.573805,-55.209529,2.1600000858306885,11.428571701049805,311.5738316444032,-55.208856041608186,2.1241086565392893,1.0168971719883084,1.0168971719883084
SB85158_component_3784a,308.598638,-56.642731,2.01200008392334,12.419754028320312,308.59911619306627,-56.64228710870791,2.0702517436698473,0.9718625235193633,0.9718625235193633
SB85158_component_3807a,315.409578,-55.949762,1.9579999446868896,11.795181274414062,315.4089066737696,-55.94936177865458,2.071454503225013,0.9452295194697794,0.9452295194697794
SB85158_component_3808a,312.722192,-56.491241,2.25,11.421319961547852,312.72199435881515,-56.49047578964677,2.060646581320684,1.0918902932680277,1.0918902932680277
SB85158_component_3810a,312.063956,-55.002023,2.111999988555908,11.798882484436035,312.06470627744585,-55.00114655886181,1.9605796723355229,1.0772324217969715,1.0772324217969715
SB85158_component_3825a,312.502563,-56.365092,2.1679999828338623,11.655913352966309,312.50211025654573,-56.36453125722465,1.8953720943906451,1.1438387160231278,1.1438387160231278
SB85158_component_3826a,314.416125,-56.2282,1.753999948501587,10.630302429199219,314.4158510416973,-56.22768498005222,1.6755489421251502,1.0468210772028748,1.0468210772028748
SB85158_component_3834a,314.323122,-53.397149,1.909000039100647,10.431694030761719,314.3226856593207,-53.39711078801948,1.6848047836426445,1.1330689808306926,1.1330689808306926
SB85158_component_3843a,310.793777,-54.087797,2.187000036239624,12.497143745422363,310.7937013498835,-54.087363795893594,2.251862471074605,0.9711960940474184,0.9711960940474184
SB85158_component_3856a,311.364783,-53.773269,2.2079999446868896,12.065573692321777,311.36458698980846,-53.772821765844846,2.4563159070324456,0.8989071553725536,0.8989071553725536
SB85158_component_3860a,307.799854,-54.974796,2.0280001163482666,11.081968307495117,307.800327521482,-54.974902660955976,1.7187436490564765,1.1799317003798442,1.1799317003798442
SB85158_component_3867a,316.197132,-57.722921,2.059999942779541,10.618556022644043,316.19669516003626,-57.72264108594526,2.221724268336517,0.927207742264946,0.927207742264946
SB85158_component_3868a,312.9837,-53.478615,2.0850000381469727,11.39344310760498,312.98403081292025,-53.47862462457743,2.384662827594447,0.8743374593758556,0.8743374593758556
SB85158_component_3896a,311.227955,-57.342176,2.046999931335449,11.372220993041992,311.2280067787955,-57.34171223872908,1.897063254635517,1.0790362031068592,1.0790362031068592
SB85158_component_3901a,314.542469,-54.219665,2.0869998931884766,11.790959358215332,314.5418914267997,-54.219492694575116,2.416263111850576,0.863730395482501,0.863730395482501
SB85158_component_3906a,312.981327,-55.291831,1.8580000400543213,10.265193939208984,312.98091326631015,-55.29132018095339,2.076895315597199,0.8946045696675204,0.8946045696675204
SB85158_component_3934a,311.25041,-57.249863,1.88100004196167,10.6875,311.2504933389032,-57.24984927165496,2.23208758114543,0.8427088873441094,0.8427088873441094
SB85158_component_3944a,316.955201,-58.428757,2.0450000762939453,10.174129486083984,316.9549134758793,-58.42856981729428,1.4488100333409148,1.4115032538656798,1.4115032538656798
SB85158_component_3953a,308.110645,-57.208038,1.9479999542236328,11.526626586914062,308.10987137203125,-57.207694273857456,1.832251447025352,1.0631728289183222,1.0631728289183222
SB85158_component_3961a,309.853818,-56.350965,1.815000057220459,11.709677696228027,309.8540648767737,-56.35080617293749,2.3830736309161167,0.7616214764303043,0.7616214764303043
SB85158_component_3972a,309.060751,-57.45534,2.111999988555908,10.943004608154297,309.06079153178126,-57.454776296623194,2.0389917586861595,1.0358060446094162,1.0358060446094162
SB85158_component_3973a,317.293313,-56.520192,2.0450000762939453,10.994624137878418,317.29314061351636,-56.51965292518136,1.9260455430741534,1.0617610178780763,1.0617610178780763
SB85158_component_4006a,311.367502,-56.871736,1.6979999542236328,10.22891616821289,311.36731276806296,-56.87024416945582,2.0856005337155428,0.8141539699352728,0.8141539699352728
SB85158_component_4010a,310.560882,-58.792534,1.9049999713897705,10.026315689086914,310.5604243137463,-58.792294008053034,2.2028999598593715,0.8647691706850735,0.8647691706850735
SB85158_component_4011a,310.361683,-56.401097,1.843000054359436,11.237805366516113,310.36127681529194,-56.40060092215905,2.4158056302910356,0.7628925238233704,0.7628925238233704
SB85158_component_4012a,309.063349,-55.116827,2.0369999408721924,11.508474349975586,309.0638935357206,-55.116726118894206,2.2162443321611605,0.9191224592488055,0.9191224592488055
SB85158_component_4037a,315.813836,-55.968533,2.061000108718872,11.844828605651855,315.81386389815333,-55.96819282267878,2.2318722875515737,0.9234399836470244,0.9234399836470244
SB85158_component_4041a,315.048414,-53.690255,1.8140000104904175,10.077777862548828,315.0485543451181,-53.69014934225115,2.0307170162550348,0.8932805486781817,0.8932805486781817
SB85158_component_4067a,312.1331,-54.48429,2.0220000743865967,11.964497566223145,312.1336374569668,-54.48368150340014,2.1387832120330934,0.9453973937192612,0.9453973937192612
SB85158_component_4119a,307.383265,-55.637215,2.00600004196167,10.447916984558105,307.382730063866,-55.63712795582,2.040377146918537,0.9831515928274412,0.9831515928274412
SB85158_component_4149a,312.499585,-54.939206,1.8389999866485596,11.49375057220459,312.49969849389856,-54.938457619607206,2.6278313075079853,0.6998166059572952,0.6998166059572952
SB85158_component_4167a,312.824532,-55.201772,1.8209999799728394,10.58720874786377,312.8242243148879,-55.20100635181739,1.7516899184089185,1.039567540370887,1.039567540370887
SB85158_component_4193a,314.219749,-54.919134,1.753000020980835,10.4970064163208,314.2191616168572,-54.918189456685106,2.2161288076569177,0.7910190124888352,0.7910190124888352
SB85158_component_4198a,310.354475,-55.746777,1.9830000400543213,12.960784912109375,310.3550473291619,-55.746522270232596,1.8100062519223195,1.0955763483956331,1.0955763483956331
SB85158_component_4239a,309.341249,-57.227767,1.9589999914169312,10.25654411315918,309.3402424700846,-57.22719894783788,1.9563419668669892,1.0013586707206403,1.0013586707206403
SB85158_component_4264a,312.234029,-53.415499,1.8509999513626099,10.517045021057129,312.23414554274785,-53.41510399194197,2.040449763464463,0.9071529152571794,0.9071529152571794
SB85158_component_4281a,312.733407,-53.942753,1.8489999771118164,10.812865257263184,312.73346061778494,-53.94244456017262,1.9440424990296166,0.9511108826246127,0.9511108826246127
SB85158_component_4300a,308.652249,-55.559559,1.8619999885559082,11.423312187194824,308.65197823488273,-55.55945711349629,2.817971717449915,0.6607589341744351,0.6607589341744351
SB85158_component_4341a,307.348253,-56.045432,1.7660000324249268,10.091428756713867,307.3483038641502,-56.04512183686239,1.7904406667605264,0.9863493748833239,0.9863493748833239
SB85158_component_4361a,312.762896,-54.347127,1.7339999675750732,11.18709659576416,312.76310625745884,-54.346803143752766,3.241479084299425,0.5349409706124448,0.5349409706124448
SB85158_component_4422a,312.679053,-54.68819,1.8350000381469727,10.606937408447266,312.6784441463663,-54.687950266372695,1.7608884178904896,1.0420876300301114,1.0420876300301114
SB85158_component_4592a,310.169201,-57.035011,1.7020000219345093,10.772151947021484,310.16872476688746,-57.03486106496948,1.6699088385542877,1.0192173265026876,1.0192173265026876
SB85158_component_4767a,314.771098,-55.808379,1.600000023841858,10.126582145690918,314.7711091071637,-55.80792675085475,1.7505374534850144,0.9140050220899514,0.9140050220899514
