Component_ID,RA,DEC,ASKAP_flux,ASKAP_flux_SNR,RA_comp,DEC_comp,Comp_flux,Flux_Ratio_AlphaCorr,Flux_Ratio_NOAlphaCorr
SB84988_component_31a,301.685622,-7.64934,246.4250030517578,926.4097900390625,301.68589029197,-7.6492093454459145,163.22430630293084,0.9271544273220889,1.5097322735402738
SB84988_component_42a,297.396487,-8.238304,222.52200317382812,311.2196044921875,297.39672887972824,-8.238230176769468,126.52813906367874,1.0800353681890633,1.7586760132608752
SB84988_component_47a,302.385741,-8.599712,199.29600524902344,769.482666015625,302.3859956891328,-8.59954485141417,104.98715440256917,1.1657745403587925,1.8982894277220872
SB84988_component_50a,304.611624,-9.1556,188.2100067138672,249.28477478027344,304.6117218749199,-9.155525899453462,87.64348843011908,1.3187886244720477,2.1474499712997273
SB84988_component_54a,297.947746,-5.162133,179.93800354003906,546.9240112304688,297.94775877076273,-5.161993444593326,239.1884901764263,0.4619923215855354,0.7522853771404976
SB84988_component_56a,300.023642,-8.794016,173.48399353027344,693.9359741210938,300.0239171062999,-8.793871606153209,93.16469139100002,1.1435632719773985,1.8621217001855759
SB84988_component_57a,299.366904,-5.449285,173.70799255371094,758.5501708984375,299.36702210932015,-5.448839955201213,97.98616984701225,1.088697327562172,1.7727807181862978
SB84988_component_58a,302.263874,-2.114419,182.20799255371094,145.18565368652344,302.26379399908393,-2.1142832654635275,109.66383551131328,1.020366353787689,1.6615139503753156
SB84988_component_59a,304.746246,-4.909329,156.77999877929688,168.9439697265625,304.7461694800659,-4.909300501862747,85.12663662959972,1.131038320651428,1.8417266908062275
SB84988_component_84a,302.395263,-7.606034,136.83299255371094,453.0893859863281,302.39555852470215,-7.605983479622045,82.54472042467361,1.018013791499496,1.6576831546552784
SB84988_component_89a,299.728323,-9.287797,130.0330047607422,429.1518249511719,299.7285383212811,-9.287693366519452,75.5069278117222,1.057593895455888,1.7221334323783066
SB84988_component_99a,304.582401,-4.715768,109.68299865722656,162.4933319091797,304.58237894335576,-4.715724255584514,73.2632924007816,0.9194011042442152,1.4971071468807813
SB84988_component_100a,300.072768,-9.326473,118.45999908447266,437.12176513671875,300.073012486631,-9.326323884259034,61.21426817157587,1.188423416784369,1.9351697344881136
SB84988_component_101a,305.046125,-7.162211,122.0469970703125,137.28570556640625,305.0460545341639,-7.1625727964517685,9.731767399617082,7.701716272377599,12.54109269762394
SB84988_component_109a,300.213717,-4.498525,107.44000244140625,502.05609130859375,300.21370665447625,-4.49820950897891,54.10246387393865,1.2195541917011923,1.9858615439723157
SB84988_component_113a,303.406564,-8.582543,104.37899780273438,417.5159912109375,303.4067437342495,-8.5824127495315,53.11213572280023,1.206900576217146,1.9652570242609555
SB84988_component_118a,301.006162,-7.928267,98.13999938964844,446.0909118652344,301.00639136611215,-7.9280609364677375,100.56068232356195,0.5993354644005456,0.975928137339753
SB84988_component_122a,302.760275,-10.248623,93.93499755859375,87.78971099853516,302.76052404601575,-10.24849752115188,53.35311760622772,1.081234174647221,1.7606280902248355
SB84988_component_123a,300.755089,-9.61301,95.5199966430664,320.5368957519531,300.75531863655704,-9.612849543462197,50.39117240736101,1.1641045135720338,1.8955700389521617
SB84988_component_130a,304.13185,-9.508088,86.05000305175781,127.86033630371094,304.13199268580814,-9.508082781483452,42.62545116491452,1.2397497766377055,2.0187470325847605
SB84988_component_133a,303.628753,-6.857048,82.9209976196289,186.33932495117188,303.62883380937006,-6.857024660406902,68.71249111782197,0.7411070796643822,1.2067820023792104
SB84988_component_141a,302.260976,-9.990971,83.43099975585938,146.88555908203125,302.26120947894367,-9.990819040449507,55.57576495031112,0.9219219094951732,1.5012119010948912
SB84988_component_144a,304.833419,-4.061292,78.4489974975586,99.30252838134766,304.83348359062086,-4.061160099040959,46.69847640669534,1.0316605508602237,1.6799048605857954
SB84988_component_147a,302.355834,-5.372387,78.83899688720703,310.3897399902344,302.3558427455959,-5.371964340274904,46.77764998033394,1.0350345032478083,1.6853988372727613
SB84988_component_151a,302.730673,-5.676456,76.93199920654297,301.6941223144531,302.7306840377747,-5.675965847734511,52.29019971888538,0.9035222570467331,1.4712508198502412
SB84988_component_153a,304.176819,-4.200969,73.10199737548828,187.92286682128906,304.1769550625266,-4.200922783605441,32.84944232768735,1.3666376456949103,2.225364943680454
SB84988_component_157a,304.777578,-8.270643,77.00700378417969,118.65486145019531,304.7776856202029,-8.270653874167055,65.41529885351453,0.7229412965226621,1.1772017423114223
SB84988_component_158a,300.603203,-4.582029,77.65599822998047,398.23590087890625,300.60323973414313,-4.5817326634391025,40.72145513056028,1.1711266276887722,1.907004501214444
SB84988_component_160a,300.030392,-9.824232,79.86000061035156,181.0884246826172,300.030615383684,-9.824110890104848,51.34280017760844,0.9552166760215226,1.5554274471609364
SB84988_component_161a,303.28046,-2.871909,74.00199890136719,146.24900817871094,303.2805353698394,-2.8714618628048574,57.72499280829233,0.7872844992516856,1.281975021584353
SB84988_component_162a,299.711201,-3.578698,75.5250015258789,320.02117919921875,299.7112019941787,-3.578387784474296,91.43735652093652,0.5072466857822044,0.8259753387400899
SB84988_component_167a,297.089516,-7.220912,79.39099884033203,94.51309967041016,297.089705994513,-7.220989932717067,42.65817787545184,1.142933869109266,1.861096811779636
SB84988_component_168a,299.897928,-9.224779,72.68199920654297,287.2806396484375,299.8981998431738,-9.224651686300891,37.52087801512698,1.1896138434489287,1.9371081662118985
SB84988_component_170a,297.407181,-2.995711,75.56099700927734,54.83381271362305,297.40711250710285,-2.9956485899091017,44.02265142812925,1.0540801164093576,1.7164117688966813
SB84988_component_171a,297.098221,-5.92222,75.25700378417969,104.66899108886719,297.09799297842903,-5.922199320849048,50.68423223369639,0.9118558506324475,1.4848208302176191
SB84988_component_172a,304.100085,-9.059118,73.18099975585938,184.3350067138672,304.1001387289602,-9.059099445333235,52.83358266385213,0.8506294496354573,1.3851227962613373
SB84988_component_173a,303.799742,-7.440881,69.44999694824219,233.05368041992188,303.80000522522926,-7.440827342548615,52.36968721408087,0.8144124204654826,1.326148782679169
SB84988_component_174a,301.793044,-2.334995,76.61399841308594,55.55765151977539,301.7930307184074,-2.3347026417684775,35.33647830823631,1.3314872158481939,2.1681277275225406
SB84988_component_176a,299.920114,-2.115893,72.63099670410156,60.27468490600586,299.92000362244454,-2.1157686819379755,47.99280341052455,0.9293900576389638,1.5133726630391837
SB84988_component_182a,301.848022,-8.648773,67.16600036621094,294.58770751953125,301.8482708627056,-8.648610297712134,43.52828071862524,0.9476110387578012,1.543042804754551
SB84988_component_184a,300.204454,-5.455834,73.43299865722656,405.7071838378906,300.2043893955575,-5.4551972960487225,20.035754733625346,2.2508040807620064,3.6650977032567873
SB84988_component_185a,303.233515,-9.452506,69.46499633789062,181.8455352783203,303.23373151289695,-9.452350520212173,37.10143287157525,1.14981368165653,1.872299557225734
SB84988_component_187a,299.006912,-8.38229,64.69200134277344,215.63999938964844,299.00718568640997,-8.382225227703943,34.395019951696746,1.1550669528391817,1.8808537234060279
SB84988_component_190a,304.888886,-5.963323,59.76499938964844,85.25677490234375,304.88889967989235,-5.96321087812608,30.48970903983108,1.2037762673132157,1.960169554638018
SB84988_component_193a,297.99483,-6.042361,65.34200286865234,246.5736083984375,297.9946536223985,-6.04236124971666,33.29547746426342,1.2052005817913294,1.9624888376742753
SB84988_component_195a,302.990593,-7.610237,62.48899841308594,206.23431396484375,302.9909104421117,-7.610136431237657,38.34291785952767,1.0008535685384086,1.6297402989000305
SB84988_component_199a,302.392846,-3.611746,61.53099822998047,215.14334106445312,302.3928532666333,-3.6113807169058334,35.14796736282555,1.0750926277096702,1.7506274998724134
SB84988_component_202a,299.888421,-6.927641,60.029998779296875,331.657470703125,299.8886038257585,-6.927293747949148,39.15960244038863,0.9414173498592798,1.5329573090196347
SB84988_component_203a,297.03618,-4.135542,66.45800018310547,56.9965705871582,297.03602644946073,-4.1355532455051005,40.20064448286089,1.0152345531965146,1.6531575808800558
SB84988_component_206a,300.750657,-8.061105,61.67599868774414,309.92962646484375,300.75093332715886,-8.060935396618019,39.46001433438772,0.959867062504849,1.5629999058058155
SB84988_component_208a,298.577482,-5.267909,59.922000885009766,292.3024597167969,298.577676758852,-5.267517983276018,21.322036538257034,1.7258766809951958,2.8103319670001876
SB84988_component_210a,296.943106,-4.812163,62.229000091552734,60.770503997802734,296.94305490120746,-4.812072337775304,38.24706352839995,0.9991872023354571,1.627026870843176
SB84988_component_212a,302.159361,-9.250039,57.316001892089844,209.94873046875,302.1595739489646,-9.249832575583369,29.158743894382884,1.207144373101566,1.9656540110128389
SB84988_component_213a,304.515483,-9.525633,57.95100021362305,58.067134857177734,304.51555200586523,-9.525664169609614,29.695966166758748,1.1984381177238148,1.9514771766709713
SB84988_component_214a,299.50706,-7.769317,56.54999923706055,191.0472869873047,299.50739868310677,-7.769193779342293,36.709156478474696,0.9460418215903746,1.5404875693676048
SB84988_component_220a,303.417371,-8.248245,56.11899948120117,228.12600708007812,303.4174990466867,-8.24815259955793,22.549514262620118,1.528357194981393,2.4887010348701177
SB84988_component_223a,301.657116,-2.16877,59.974998474121094,30.01751708984375,301.65712138036423,-2.168651931014431,34.20788854626894,1.0767034743927504,1.7532505226974195
SB84988_component_230a,303.570118,-7.90293,56.165000915527344,221.99606323242188,303.5703432514029,-7.902865487103585,25.547720923415575,1.3500994002186517,2.198434885205346
SB84988_component_232a,298.205402,-8.16568,53.016998291015625,198.5655517578125,298.20562717058755,-8.165590795400762,31.0997869920083,1.046911229517399,1.7047383091285924
SB84988_component_234a,301.731008,-3.690549,54.323001861572266,173.00318908691406,301.7309818467082,-3.690203733789913,29.581463876428923,1.1277588307033068,1.8363865320694246
SB84988_component_238a,303.513578,-9.020557,52.95600128173828,169.18850708007812,303.51385994741935,-9.020401331844287,27.065453476365956,1.2015781253324325,1.9565902092858123
SB84988_component_241a,298.003155,-10.062449,56.19499969482422,42.188438415527344,298.0034041513926,-10.062335498772093,36.22474053673811,0.9526744702056551,1.5512878453286045
SB84988_component_243a,298.789241,-9.201421,52.28799819946289,156.5509033203125,298.78952496473937,-9.201338405277227,39.610878557298605,0.8106617426507473,1.3200413649958902
SB84988_component_246a,301.181576,-5.860657,54.0260009765625,295.22406005859375,301.1814907399367,-5.8601814232989815,30.674779018222882,1.081617030464757,1.7612515136447249
SB84988_component_247a,302.02523,-3.511243,53.0989990234375,174.6677703857422,302.02523897369224,-3.510841874288246,29.6984314782503,1.0980066210976802,1.787939509947677
SB84988_component_250a,299.66665,-7.109999,50.803001403808594,260.5282287597656,299.66694182889245,-7.109765184775017,29.30557405077454,1.0646117994781428,1.7335610391315943
SB84988_component_251a,302.791223,-6.394822,50.520999908447266,91.35804748535156,302.7911622693102,-6.394298240038666,31.33301509701166,0.9901976401157795,1.6123887136947006
SB84988_component_253a,302.319897,-4.24137,50.84299850463867,174.71820068359375,302.3199983045071,-4.240979320233216,22.587912377627056,1.3823155659569843,2.2508940912573134
SB84988_component_255a,300.180712,-8.170853,50.720001220703125,252.3383026123047,300.18093198176064,-8.170748534688022,34.203948564074395,0.910657666429636,1.4828697665033947
SB84988_component_256a,298.613491,-2.586997,52.41899871826172,69.06324005126953,298.61366220936577,-2.5867763323600235,34.03657670214773,0.9457905815564793,1.5400784625603683
SB84988_component_257a,302.932917,-7.887617,51.2760009765625,197.97683715820312,302.9332685952041,-7.887456473844086,25.01373330449245,1.2588899586054842,2.049913955361208
SB84988_component_258a,301.932237,-2.367793,53.94900131225586,48.47169876098633,301.9322092634564,-2.367567573687472,31.707143800531842,1.0449088914038374,1.701477801079987
SB84988_component_259a,299.713907,-5.785824,52.82500076293945,229.67391967773438,299.71397592102267,-5.785339754294747,26.58221394281818,1.2203952268633151,1.987231043906762
SB84988_component_262a,298.39075,-9.561291,49.65999984741211,103.24324035644531,298.3909829452903,-9.561228360625112,29.258975438752962,1.0423167980383676,1.6972569648367923
SB84988_component_266a,298.358252,-3.10338,50.46900177001953,108.76940155029297,298.3582212746365,-3.1032124025280745,30.04211590834241,1.0316831439478504,1.6799416500488493
SB84988_component_268a,303.500023,-5.043082,45.27399826049805,132.76832580566406,303.50004446676945,-5.04289616491918,29.005631330193165,0.9585585925761276,1.560869258286768
SB84988_component_270a,302.638634,-10.334724,49.862998962402344,42.400508880615234,302.6388477012494,-10.334629156636836,29.23838070778948,1.0473147401315421,1.7053953657945975
SB84988_component_272a,305.150047,-4.430973,46.73699951171875,45.46400833129883,305.1500916523701,-4.430953649780665,24.38175598246046,1.1771938497840737,1.9168840646809857
SB84988_component_273a,299.367854,-2.22697,51.44499969482422,43.708580017089844,299.3678090029302,-2.226935190940815,32.404871560622325,0.9749559677849646,1.587569930606947
SB84988_component_275a,303.676565,-8.092602,48.57899856567383,205.8432159423828,303.6766025834602,-8.09250839836413,26.086289867419595,1.1436374787290833,1.8622425347786404
SB84988_component_276a,301.733017,-9.195881,49.441001892089844,192.37744140625,301.7332415774902,-9.19572284518307,42.39978898715621,0.7161033494743994,1.1660671685669608
SB84988_component_279a,298.565042,-3.439328,50.80400085449219,176.4027862548828,298.56514723862057,-3.438944660240579,28.6002138719636,1.0908895243127343,1.776350382620553
SB84988_component_280a,302.490316,-5.255484,49.30099868774414,200.41055297851562,302.49036417520244,-5.255036191142138,23.894134035015828,1.2671165365112624,2.0633097067044006
SB84988_component_284a,303.122393,-4.806524,44.930999755859375,152.82652282714844,303.12238955430007,-4.806060020291703,23.572336812271057,1.1705651271704747,1.9060901816263558
SB84988_component_285a,300.840776,-8.099186,47.15999984741211,260.552490234375,300.84102797603776,-8.09899791133171,30.236473447596683,0.9578440272007169,1.559705695478868
SB84988_component_293a,303.887996,-8.292185,45.69200134277344,172.4226531982422,303.8880575392466,-8.292093915886623,26.14360118424405,1.0733142824256043,1.7477317306351279
SB84988_component_294a,302.525449,-6.865131,46.3650016784668,110.65632629394531,302.52537398932725,-6.864719859223333,21.190087544025427,1.3437227383613322,2.188051445381568
SB84988_component_295a,302.240539,-9.373677,47.262001037597656,168.79286193847656,302.2407998243036,-9.373543128646025,40.05502555572778,0.7246148493081833,1.1799268726428085
SB84988_component_298a,300.912849,-4.78552,46.49100112915039,256.8563537597656,300.91285128937824,-4.785350176611308,19.383496113969734,1.4729531184099325,2.398483785164236
SB84988_component_299a,297.493296,-9.341246,44.854000091552734,51.144813537597656,297.49351517280286,-9.341192001354795,30.89623748694418,0.8915541426798074,1.4517625361504514
SB84988_component_301a,299.245892,-5.629544,46.75,207.7777862548828,299.2459636044584,-5.629083542537344,28.146424131191964,1.020024316241404,1.6609569934033463
SB84988_component_302a,304.460346,-8.643497,46.88199996948242,98.6989517211914,304.4604763092983,-8.64345105734135,20.851198464689976,1.3807887682349922,2.2484079295908943
SB84988_component_304a,298.676759,-3.290694,47.69300079345703,159.50836181640625,298.6767979724168,-3.2903128093485767,27.056896929846,1.082502227819113,1.762692925102128
SB84988_component_305a,299.848877,-5.62581,46.22600173950195,239.51295471191406,299.84894565648574,-5.625338477770105,37.98059844909607,0.7474405668795979,1.2170951387576707
SB84988_component_307a,304.2607,-7.391029,43.409000396728516,130.35736083984375,304.26087716123635,-7.391110095155512,26.50982988759815,1.0055993448699962,1.6374680856415509
SB84988_component_308a,297.769937,-6.725594,45.27199935913086,155.0410919189453,297.7696038520172,-6.7254099816402535,25.070800299672694,1.1089542116781719,1.8057660233415802
SB84988_component_312a,299.614995,-10.003752,44.0369987487793,70.34664154052734,299.6152168999548,-10.003559168412993,34.92814854627053,0.7742733027916368,1.2607882347511767
SB84988_component_314a,303.401352,-3.794315,41.861000061035156,165.45851135253906,303.4014343771628,-3.7940630745956643,26.788699135713102,0.9596439113160233,1.5626365374804094
SB84988_component_316a,302.224868,-2.755934,45.262001037597656,85.56143951416016,302.22495279412567,-2.7555067860930356,28.07864486760637,0.9899419847329737,1.6119724171523424
SB84988_component_322a,302.75792,-5.077839,40.73699951171875,169.03318786621094,302.7579647349627,-5.077466702541222,20.753404981498473,1.2054572527759027,1.9629067879721676
SB84988_component_326a,297.342368,-5.981849,43.88800048828125,86.90692901611328,297.3421012929171,-5.981782556847433,27.153455617842283,0.9925966969168485,1.6162952187729231
SB84988_component_328a,304.855805,-5.552975,37.72800064086914,41.32311248779297,304.8556145452061,-5.552830390168342,18.75043509272456,1.2356759056668563,2.012113343199601
SB84988_component_329a,299.856074,-10.095905,43.8129997253418,65.39253234863281,299.85638850793646,-10.095742091802885,28.483972350327633,0.9446144194269835,1.5381632584978213
SB84988_component_330a,300.454819,-9.762687,42.624000549316406,131.55555725097656,300.45501333708313,-9.762525947949587,13.262286934516226,1.9737308366065054,3.2139253780118295
SB84988_component_331a,300.804479,-10.353456,44.388999938964844,50.043968200683594,300.804801944569,-10.353418779310633,23.150136513186773,1.1775353178274577,1.9174400943026835
SB84988_component_333a,304.615252,-6.235915,39.097999572753906,82.4852294921875,304.61524844153365,-6.235897851464907,20.445218209177575,1.174396977564314,1.9123297767104954
SB84988_component_335a,301.358708,-3.426856,40.46200180053711,142.97528076171875,301.3586755744459,-3.4264589691378355,24.100779793715017,1.0310231288063645,1.678866914135648
SB84988_component_338a,300.854128,-4.360637,40.81999969482422,209.33334350585938,300.8541170935635,-4.360343374556936,60.34250948950216,0.4154337416477483,0.6764716953299018
SB84988_component_344a,298.596009,-9.719226,40.24599838256836,73.04174041748047,298.59622792341673,-9.719152923179154,22.8694911907787,1.0807328200492083,1.759811709269514
SB84988_component_345a,299.291324,-9.163823,41.57600021362305,140.45945739746094,299.29163132950555,-9.163698572420147,22.14456202732362,1.1529958607768578,1.8774812598381247
SB84988_component_348a,304.904924,-7.424563,40.042999267578125,52.68815612792969,304.90499862209407,-7.4245378312572266,30.632754156608726,0.802772877761436,1.3071955287748498
SB84988_component_350a,303.939555,-4.866554,36.45500183105469,110.13595581054688,303.9394796251283,-4.866444153385173,14.057139874990666,1.5926204776968962,2.593344176357845
SB84988_component_353a,302.966422,-9.12723,38.244998931884766,148.23643493652344,302.9666661006985,-9.127087175056207,18.233971412316237,1.2880879605028919,2.0974585331450046
SB84988_component_354a,298.312959,-9.055285,38.29999923706055,117.48465728759766,298.31306970531506,-9.055354350757884,24.98801763084533,0.9412805808528908,1.5327346011547087
SB84988_component_358a,300.670321,-7.49425,38.832000732421875,223.17242431640625,300.6707206868687,-7.494076673988309,36.07585771809084,0.6610361939061742,1.0763985443081765
SB84988_component_359a,301.457464,-8.627442,39.178001403808594,201.94845581054688,301.4576948578616,-8.627261367636914,19.74910805622965,1.2182794788307387,1.9837858647722726
SB84988_component_361a,300.829085,-10.410526,43.082000732421875,47.76274871826172,300.82942036624723,-10.410375207392978,21.428503684595437,1.234684952041956,2.0104997234777873
SB84988_component_369a,301.112045,-10.374049,41.12099838256836,44.89191818237305,301.11232223708726,-10.373969314493559,24.116355759098816,1.0471384480388088,1.7051083004965994
SB84988_component_373a,297.22399,-6.688188,40.95800018310547,73.53321838378906,297.2236508610323,-6.688040926595721,26.354574529404825,0.9544097596429059,1.5541135045609267
SB84988_component_376a,303.823714,-4.763809,35.32099914550781,110.03426361083984,303.8237121793143,-4.763709230540671,14.69853653011645,1.4757439843827156,2.403028292860118
SB84988_component_379a,302.3221,-4.601166,37.24399948120117,122.5131607055664,302.3221774055927,-4.600720842218043,20.53569119022887,1.1137792546774992,1.813622883992447
SB84988_component_381a,301.321452,-2.528686,37.76599884033203,34.67952346801758,301.32145226939133,-2.528334523562518,28.994236990607753,0.7999105569602217,1.302534667581208
SB84988_component_385a,298.616129,-9.995974,36.93000030517578,45.7054443359375,298.6164479390363,-9.995971775388952,21.02537440133858,1.078667790231098,1.7564491171593422
SB84988_component_389a,302.923735,-8.715916,35.933998107910156,149.72499084472656,302.92401167705145,-8.715739365504874,41.50785781813429,0.5316518844748268,0.8657155535550433
SB84988_component_390a,299.15325,-4.066724,35.637001037597656,158.3866729736328,299.1533389302233,-4.066450785413268,18.005004882890166,1.2155142192200525,1.9792830532061039
SB84988_component_391a,303.193838,-4.005409,35.4739990234375,142.4658660888672,303.1939258888379,-4.004892335408539,15.410346279207312,1.413676014481482,2.3019598898502
SB84988_component_392a,301.350735,-8.698931,36.26599884033203,179.53463745117188,301.3509980652136,-8.698800353306833,22.272658377399914,0.9999533160220487,1.6282743723637036
SB84988_component_394a,304.336219,-9.019124,35.36399841308594,70.86973571777344,304.33633260388,-9.01903821213713,17.650233971497894,1.2304473437410433,2.003599412347323
SB84988_component_395a,300.956335,-8.853438,38.91699981689453,197.54823303222656,300.95694718033025,-8.853792313377406,10.285028216456743,2.3237318051018785,3.7838495916447457
SB84988_component_397a,300.790195,-6.660234,35.733001708984375,186.109375,300.79024882479024,-6.659685157437589,20.231737599562372,1.0846470861316944,1.7661855059724236
SB84988_component_404a,297.281443,-4.442841,36.8129997253418,51.99576187133789,297.2813633385748,-4.4426921757504605,36.223935838523985,0.6241050677537388,1.0162617306259512
SB84988_component_405a,302.672042,-2.642462,35.1609992980957,60.414085388183594,302.67213383383074,-2.6420348826178772,24.33019851163046,0.8874986365883566,1.4451587512238275
SB84988_component_409a,298.819861,-9.714815,36.03499984741211,77.49462127685547,298.82005458576447,-9.714748821528778,17.207482350571773,1.2860543692146058,2.0941471339771405
SB84988_component_415a,302.550293,-9.84625,34.16699981689453,56.75581359863281,302.5505179265739,-9.846104223812771,15.85878176700645,1.3230893082067572,2.1544529913374295
SB84988_component_418a,302.092175,-6.651714,33.66899871826172,111.48675537109375,302.09203051518244,-6.6512325815323186,32.694623291507966,0.6324205896296864,1.0298023139176782
SB84988_component_421a,303.064885,-4.807746,30.493000030517578,99.00325012207031,303.0649158900802,-4.807325296437064,16.954182063481486,1.1045247427944864,1.7985532959562862
SB84988_component_422a,298.220479,-10.206252,35.24700164794922,25.467487335205078,298.2207084937454,-10.206142878473544,20.171019866634442,1.0731154784917076,1.7474080081717862
SB84988_component_423a,300.404685,-8.743114,32.316001892089844,148.9216766357422,300.4050089051714,-8.742986295292933,16.24813071500075,1.2214237433715933,1.9889058291643826
SB84988_component_428a,299.107123,-6.904931,33.99100112915039,128.75379943847656,299.1073508161455,-6.90458761160614,17.256556508012377,1.2096561992546384,1.9697441441094032
SB84988_component_429a,302.823626,-7.302254,29.3439998626709,65.64653015136719,302.82400534320385,-7.302175124120528,16.146972478099926,1.1160415005207724,1.817306612894154
SB84988_component_431a,303.352847,-9.859601,31.07699966430664,48.106807708740234,303.35303610309944,-9.859555135197178,15.488787620969129,1.2321789796298677,2.0064191223226393
SB84988_component_437a,298.831175,-2.316217,31.792999267578125,24.645736694335938,298.83131229822806,-2.316121142233409,17.791656315514366,1.0974058142219503,1.7869611858371248
SB84988_component_440a,300.094364,-5.819106,31.195999145507812,182.4327392578125,300.0943656585239,-5.818637357211107,21.160925379758925,0.905349740540486,1.474226603310446
SB84988_component_441a,298.175544,-7.759494,31.75200080871582,125.00787353515625,298.1758517768509,-7.759372558582168,28.29833621624162,0.689068397050479,1.12204479323742
SB84988_component_442a,304.276543,-5.164583,27.277000427246094,65.56970977783203,304.27654762520586,-5.164519893235882,16.866811416539193,0.9931520850435603,1.6171995852457874
SB84988_component_443a,301.017189,-4.243912,31.53700065612793,165.98422241210938,301.01720960205864,-4.243596514808851,16.777249016361687,1.1543879213281414,1.8797480221800416
SB84988_component_453a,296.984699,-6.247974,32.104000091552734,37.330230712890625,296.98427223845005,-6.247992002265302,21.7535082554251,0.9063208653230872,1.475807934729164
SB84988_component_464a,297.855368,-8.530915,28.979000091552734,80.9469223022461,297.8555006856064,-8.530980856348425,18.024735797947276,0.9873397592675499,1.6077350823002339
SB84988_component_465a,299.863532,-6.451513,30.81100082397461,170.22653198242188,299.8636143161018,-6.4510586436434,18.67914414381792,1.0129802301535438,1.649486753073313
SB84988_component_473a,299.050789,-6.355359,28.332000732421875,117.56017303466797,299.0508401431104,-6.354874924929837,16.35857937241174,1.063613390317123,1.7319352791846312
SB84988_component_474a,304.960167,-3.482898,29.783000946044922,24.174514770507812,304.960262809254,-3.482621674307071,14.736392414957285,1.2411646988212202,2.021051021674442
SB84988_component_475a,303.188922,-2.306744,29.009000778198242,25.947227478027344,303.1889611928937,-2.3062841798416875,17.21438663715268,1.0348880069890487,1.685160290032642
SB84988_component_476a,304.47669,-3.787956,27.15399932861328,57.89765167236328,304.47666262363686,-3.7877273005670613,13.356962030235191,1.2484703966307407,2.0329472575535315
SB84988_component_477a,303.337962,-6.544169,27.635000228881836,83.23795318603516,303.33797586871214,-6.543895567515975,15.855352560499716,1.0703743824681553,1.7429445433921564
SB84988_component_481a,299.306535,-6.604807,28.753999710083008,125.56331634521484,299.3065963147928,-6.6043707613618805,16.647413702017136,1.0607270136139086,1.7272352465535796
SB84988_component_486a,301.814374,-5.479598,27.559999465942383,139.19190979003906,301.8143339682583,-5.479144481165812,17.49585045340694,0.9673781734339446,1.575230626218325
SB84988_component_488a,297.423095,-6.350574,28.7450008392334,66.84883880615234,297.42272220513007,-6.350532204029344,13.473506183007645,1.3101886627163943,2.133446220218882
SB84988_component_489a,302.924302,-3.504018,28.194000244140625,111.0,302.9243321102531,-3.5036674847009546,15.663772755477186,1.1053821893928175,1.7999495194592865
SB84988_component_491a,298.866271,-10.098241,27.538000106811523,28.596054077148438,298.86668083791136,-10.098211899378004,12.432443707021614,1.3602791245817367,2.215011043344485
SB84988_component_493a,304.83713,-3.667879,26.972000122070312,31.84415626525879,304.83710396463505,-3.667710542753834,16.21381208493279,1.021598284737621,1.6635199656183826
SB84988_component_496a,303.463899,-2.26139,25.888999938964844,19.262649536132812,303.463932007111,-2.2611498505195664,19.157210532032003,0.8299179155765651,1.3513971616941247
SB84988_component_500a,297.541591,-7.670863,28.858999252319336,63.566078186035156,297.5418704473499,-7.670795321964073,18.935187056976975,0.9359740425163937,1.5240936973836638
SB84988_component_503a,305.213235,-6.227218,28.45599937438965,20.110246658325195,305.2130807589905,-6.226809469406868,12.074644605146846,1.447276875716282,2.3566738653541996
SB84988_component_504a,304.72951,-3.658174,26.347000122070312,35.41263198852539,304.72953678305015,-3.657929344921885,19.657723736981847,0.8230952274567376,1.3402874348317353
SB84988_component_505a,304.371138,-9.45479,27.42300033569336,35.84706115722656,304.37135225166764,-9.4548131445538,12.241603696842203,1.3757160074218526,2.240147697541237
SB84988_component_507a,297.880036,-9.784262,27.402999877929688,25.75469970703125,297.8801519075596,-9.784213444851583,13.936119474345098,1.2075590729066696,1.9663292876023108
SB84988_component_509a,298.852368,-5.070272,26.856000900268555,101.72727966308594,298.8525538580837,-5.069837876417509,12.044586931030024,1.3693093377493273,2.2297153944798582
SB84988_component_510a,300.860348,-6.316918,25.833999633789062,131.80612182617188,300.8603660071041,-6.316400492476748,15.326241929812882,1.0351614964773825,1.685605626747696
SB84988_component_511a,304.963222,-4.644373,23.718000411987305,23.957576751708984,304.9632122979038,-4.644342515373158,13.407223313722,1.0864040264959867,1.7690464205002425
SB84988_component_512a,302.508372,-6.721669,25.697999954223633,44.23064041137695,302.50848485789066,-6.721129826020031,11.770917736215676,1.3407294124525198,2.1831772619698455
SB84988_component_513a,304.769284,-7.39496,26.670000076293945,50.80000305175781,304.7694160942294,-7.3949157528187515,24.1334472387086,0.6786655323748203,1.1051052844832239
SB84988_component_514a,297.602045,-7.604336,26.009000778198242,71.65013885498047,297.6022825085551,-7.604267834324709,18.432654551655613,0.866538615820497,1.4110284932270987
SB84988_component_517a,298.594298,-9.058004,26.323999404907227,80.01215362548828,298.59458099655495,-9.057956994257424,23.081817930617706,0.7003804238749239,1.140464736531381
SB84988_component_520a,297.086591,-8.022738,27.4950008392334,29.72432518005371,297.0867383536323,-8.022511830054446,13.035776211971836,1.2952958630575024,2.109195524082598
SB84988_component_527a,302.767394,-8.847812,25.18000030517578,106.69491577148438,302.76766282048294,-8.84765498451761,16.01096762431312,0.9658068673551886,1.5726719893518002
SB84988_component_528a,304.982626,-7.757727,27.30500030517578,32.50595474243164,304.9828094932033,-7.757695798671197,24.722157184236874,0.6782783574563656,1.1044748280536683
SB84988_component_529a,302.847582,-2.734501,26.770999908447266,56.59830856323242,302.84762968982085,-2.734077691507377,24.297700296798318,0.676630482586781,1.1017915103667177
SB84988_component_537a,299.842881,-2.55832,23.621000289916992,47.43172836303711,299.842894775313,-2.557927823664367,11.832920980648284,1.2259096340050961,1.996210430928009
SB84988_component_545a,302.614737,-5.327015,23.92799949645996,94.95237731933594,302.61468098525364,-5.326610625167479,14.394860216562966,1.0208244804784166,1.6622599411509398
SB84988_component_546a,298.723485,-8.326731,23.29800033569336,80.06185150146484,298.7237792444726,-8.326610539637247,12.168201017099877,1.1758296547506233,1.9146626771659068
SB84988_component_547a,298.990142,-7.734615,24.05900001525879,36.0164680480957,298.99036160587195,-7.734425209222397,10.625584262061535,1.3905188808313982,2.264251962234306
SB84988_component_549a,300.35364,-7.835205,24.26300048828125,121.31500244140625,300.3539364056101,-7.835066425955251,13.186616176090062,1.1299605440364584,1.839971692834653
SB84988_component_551a,305.002436,-6.202599,24.10099983215332,26.838529586791992,305.0025588405536,-6.202542290006821,13.51596785142019,1.0950653745969883,1.7831501300604906
SB84988_component_552a,303.790377,-3.296411,25.77199935913086,73.21590423583984,303.7903766104674,-3.2963341441167104,13.154030474747298,1.2032099248914954,1.9592473507346018
SB84988_component_554a,301.618882,-4.29746,23.583999633789062,103.89427185058594,301.6188466429935,-4.2970841091520064,13.067973181611762,1.1083102821017246,1.8047174803644865
SB84988_component_555a,300.071559,-6.010368,24.18600082397461,142.2705841064453,300.071587985517,-6.009960468094815,11.269074246163076,1.3180380881539417,2.1462278351932524
SB84988_component_563a,298.980953,-5.003439,23.930999755859375,86.39350128173828,298.98112071456603,-5.003057460025784,11.428595887007694,1.2859382169124518,2.0939579973306013
SB84988_component_565a,304.250474,-7.64859,23.23900032043457,74.48397064208984,304.25067842142585,-7.648662531779932,30.14213594263929,0.4734733673404057,0.7709805424757742
SB84988_component_566a,305.149987,-7.611537,22.812999725341797,19.666379928588867,305.1501338971105,-7.611731874144647,17.392311941127502,0.8055216483290079,1.3116714904012285
SB84988_component_567a,300.166863,-4.507237,23.826000213623047,109.7972412109375,300.16681162869287,-4.506929692854101,35.86877539208906,0.4079310180461816,0.6642546324254472
SB84988_component_568a,299.675625,-2.859581,24.079999923706055,62.22222137451172,299.6755490843138,-2.859101675615523,20.876031084017146,0.7083708540068567,1.1534759565548784
SB84988_component_569a,301.400262,-5.241628,23.785999298095703,135.9199981689453,301.4002058816919,-5.2414375520931245,10.11597863161664,1.443994821845833,2.351329531653474
SB84988_component_570a,297.191546,-8.76383,24.33099937438965,25.08350372314453,297.1914456762701,-8.763815802656206,13.3219067585192,1.1216198723638766,1.826390156861762
SB84988_component_571a,304.72501,-7.434364,23.375999450683594,45.214698791503906,304.72511474204225,-7.434289783447787,31.040576332038405,0.46247956681160274,0.7530787830945056
SB84988_component_572a,297.935988,-5.08966,22.916000366210938,70.29447937011719,297.9360553035095,-5.089550504462829,11.171330279838271,1.2597549283156997,2.051322429126381
SB84988_component_573a,301.986858,-6.747769,22.68199920654297,95.3025131225586,301.9868794572235,-6.747319182362845,12.457560404834465,1.1181510260656207,1.8207416596383235
SB84988_component_576a,300.996389,-4.067839,22.14299964904785,113.55384826660156,300.9964319734764,-4.067508670070759,12.16477841455832,1.1178522056536995,1.8202550753039608
SB84988_component_577a,301.23738,-5.425589,23.0310001373291,139.58181762695312,301.2373608152393,-5.425364510658367,15.1769024056459,0.9319267843842652,1.517503343024821
SB84988_component_580a,298.514367,-7.092127,22.134000778198242,82.28253173828125,298.51451008892224,-7.0919407134046795,10.648118608080264,1.276553963173137,2.0786771440921012
SB84988_component_581a,297.20466,-7.950989,21.849000930786133,27.833120346069336,297.2049360688016,-7.950941987795228,12.262136367799746,1.0942525792874331,1.7818266145009936
SB84988_component_582a,302.972955,-10.112495,22.128000259399414,24.236583709716797,302.97317592304955,-10.112369638134535,13.48454975686518,1.0077617143520385,1.6409891808314718
SB84988_component_586a,299.65,-9.297278,21.850000381469727,74.06780242919922,299.6502082272137,-9.297172132450557,27.214171042670127,0.49306988289643455,0.8028905362287275
SB84988_component_592a,301.066142,-6.231815,22.756000518798828,134.65089416503906,301.0661229791864,-6.231263518526132,11.787943703771356,1.1855230963518084,1.93044699657994
SB84988_component_593a,299.57837,-3.979197,22.225000381469727,104.34272766113281,299.57849663849623,-3.978914700843227,7.056264074807854,1.9342788760603697,3.149683762660899
SB84988_component_598a,304.424493,-3.08794,21.613000869750977,28.032424926757812,304.42434678128507,-3.0877745768219467,12.927774609196277,1.02669970355773,1.6718268629448718
SB84988_component_600a,301.563559,-3.808214,21.006000518798828,78.38059997558594,301.5635160397412,-3.80786323480129,11.55796865526433,1.1161279836983018,1.817447437810033
SB84988_component_602a,301.445246,-2.993057,23.513999938964844,56.660240173339844,301.4453595930317,-2.9926880045402977,14.166000747901261,1.019368924022164,1.6598897852273882
SB84988_component_604a,298.016495,-5.607297,21.719999313354492,78.41154479980469,298.0163874880883,-5.607299193624641,10.242123669153514,1.3023326516032872,2.1206538814571445
SB84988_component_606a,302.397961,-3.548229,22.12700080871582,85.7635726928711,302.3980535452699,-3.5479183029614765,20.219640033572976,0.6720495110984827,1.0943320836560808
SB84988_component_608a,301.617302,-4.230052,22.62700080871582,95.07142639160156,301.6172908591229,-4.22967450742128,12.582290281898574,1.1043822791708322,1.7983213152591146
SB84988_component_609a,302.248296,-9.46543,21.864999771118164,70.53225708007812,302.248497925924,-9.465312641966038,10.987881298085112,1.2220462859597596,1.9899195466307629
SB84988_component_613a,303.723752,-7.169225,21.125999450683594,63.06268310546875,303.72403386887476,-7.169183477706519,11.887005195657366,1.0914326690404488,1.777234812549882
SB84988_component_614a,299.531144,-5.058136,22.48900032043457,108.64250946044922,299.53129508909,-5.05767185029348,10.247840711346875,1.3476897390645841,2.194511112524781
SB84988_component_622a,303.011689,-10.008666,21.823999404907227,27.245941162109375,303.01205477223044,-10.008526912995663,18.096212175648937,0.740625735369397,1.2059982052086329
SB84988_component_627a,304.774348,-9.122693,19.386999130249023,18.76766586303711,304.77439147400025,-9.122510184406522,17.550695449294953,0.6783727562004046,1.1046285422853621
SB84988_component_632a,300.773827,-6.392053,20.489999771118164,105.0769271850586,300.7738575036513,-6.391553459317754,10.92651568167493,1.1516284828291068,1.8752546894233024
SB84988_component_634a,303.970844,-9.298475,19.155000686645508,43.33710479736328,303.97098525301595,-9.29842440326429,7.653081571502546,1.537085292140369,2.5029134352849667
SB84988_component_638a,301.366816,-9.355781,19.749000549316406,81.2716064453125,301.36705263084076,-9.355590167168199,11.999569200448045,1.0107217341733985,1.6458091302626938
SB84988_component_639a,304.30375,-8.50657,20.902000427246094,63.14803695678711,304.3038159628069,-8.506548369032126,11.43871154166392,1.1221809231049096,1.8273037440548663
SB84988_component_640a,302.980651,-3.892441,19.450000762939453,82.06751251220703,302.98077202901095,-3.8920838807285176,14.492371385480233,0.8241994213224089,1.342085449343799
SB84988_component_641a,298.371705,-6.319373,19.812000274658203,77.69412231445312,298.3715189780742,-6.319043229503022,14.166124353644603,0.8588739150431399,1.3985476747252366
SB84988_component_642a,300.184419,-7.744824,20.766000747680664,113.47541809082031,300.1847871473792,-7.744696547748348,13.692802616754486,0.9313494339292381,1.5165632141860736
SB84988_component_643a,302.580311,-9.957396,21.25200080871582,32.20000076293945,302.58028398261195,-9.957161443248527,14.645212098241988,0.8911612530680223,1.451122774197781
SB84988_component_644a,299.866035,-6.391257,20.1200008392334,117.66082000732422,299.86593850706146,-6.390900570455581,9.596412278264243,1.2875711414103537,2.096616970573988
SB84988_component_645a,301.828247,-6.240823,20.466999053955078,93.88532257080078,301.82815824245563,-6.24026748429754,14.14418757073652,0.8886449963784173,1.4470254266353253
SB84988_component_648a,300.287622,-7.387693,20.091999053955078,98.49019622802734,300.28795000993676,-7.387495339372393,35.393376383714305,0.34862079740939156,0.5676768115064629
SB84988_component_650a,299.370422,-8.528138,20.27899932861328,66.70723724365234,299.37072541975925,-8.528079362870576,8.655130259422831,1.438881569821757,2.3430033657246874
SB84988_component_652a,298.288668,-6.100135,20.155000686645508,78.73046875,298.288546213428,-6.099985286026007,10.396507136572938,1.1905496143689875,1.938631929154749
SB84988_component_653a,298.220385,-9.687984,19.503999710083008,29.822629928588867,298.2206875177687,-9.688078609653598,12.724417138789892,0.9413213766878674,1.5328010310685132
SB84988_component_654a,299.123581,-5.557111,20.957000732421875,98.85377502441406,299.1236530822409,-5.556700761222467,11.271238258999842,1.141851523566599,1.8593343739928627
SB84988_component_659a,301.832964,-9.272582,19.437999725341797,59.62576675415039,301.83321881440736,-9.272382922336872,9.861012696245513,1.2105484922020116,1.9711971096784644
SB84988_component_661a,300.471625,-7.555116,20.0310001373291,110.66851043701172,300.47199170418463,-7.55495479861687,14.93158010858691,0.8238516251444984,1.3415191153017756
SB84988_component_662a,303.076081,-9.337314,20.35700035095215,57.18258285522461,303.0763906313198,-9.337164802318785,11.564573318904532,1.0810264188772671,1.760289791035757
SB84988_component_665a,302.370454,-8.806748,19.065000534057617,85.49327087402344,302.37065148673605,-8.806538650664303,10.439036071539483,1.1215756215077621,1.82631810096294
SB84988_component_666a,298.91378,-3.65452,20.514999389648438,88.04721069335938,298.91382248085137,-3.654102588884913,11.049583240673488,1.1401913655377243,1.8566310550186884
SB84988_component_672a,304.747752,-8.240394,19.66900062561035,32.564571380615234,304.74795165113426,-8.240448675910626,8.968702260282152,1.3468053250943934,2.1930709766912893
SB84988_component_677a,302.741067,-2.25223,19.961000442504883,19.980981826782227,302.74093015841345,-2.2519467483814095,12.578653951235264,0.9745413525670727,1.5868947917550946
SB84988_component_680a,300.946356,-4.360932,18.8799991607666,103.16939544677734,300.9464048491252,-4.36065159880216,12.952767575503865,0.8951411771801587,1.4576034851788937
SB84988_component_681a,300.068589,-4.183104,19.09000015258789,90.04717254638672,300.06857322723306,-4.182752607799486,14.689608400644392,0.7980826157404631,1.299558138782683
SB84988_component_683a,298.607998,-7.926089,19.216999053955078,52.36239242553711,298.6081802351094,-7.925934539448144,11.034378662978886,1.0695222471621693,1.7415569685341195
SB84988_component_684a,300.432445,-6.65305,19.77400016784668,119.12049102783203,300.4324422087201,-6.652517232165248,11.167291535623882,1.0874237571019623,1.77070689923042
SB84988_component_686a,300.851097,-9.801279,20.940000534057617,54.24870681762695,300.8505207866415,-9.801033591662623,3.5099763852073456,3.6637398751265935,5.96585225539078
SB84988_component_690a,297.82776,-4.043936,19.27899932861328,49.688140869140625,297.8277000796675,-4.043834316068597,10.067879241336547,1.1759764585728283,1.9149017252270821
SB84988_component_695a,298.640486,-3.835076,18.985000610351562,82.5434799194336,298.64051719896514,-3.834591634450393,7.592760525554916,1.5355467754266254,2.500408190993755
SB84988_component_698a,299.579686,-4.65534,18.674999237060547,96.26287841796875,299.5797599507658,-4.654940894931587,11.702113316146544,0.9800504466390814,1.5958655272371045
SB84988_component_700a,299.144822,-9.615974,18.33799934387207,43.148231506347656,299.14493286289513,-9.61584860769234,12.248576135965227,0.9194296062424036,1.497153558120654
SB84988_component_702a,301.336934,-10.18046,20.240999221801758,28.190807342529297,301.3370420438373,-10.180420175343317,9.160389607413155,1.3569696684460932,2.209622089154536
SB84988_component_704a,300.676849,-7.907889,18.006000518798828,98.39344787597656,300.67715345333767,-7.907662608371817,19.829088089684642,0.5576563522973083,0.9080599388816973
SB84988_component_711a,302.341608,-2.990389,18.295000076293945,50.53867721557617,302.34182236622564,-2.989967352307677,9.380829148630706,1.1976869754921429,1.9502540539249045
SB84988_component_713a,304.918068,-3.572093,20.224000930786133,19.408828735351562,304.91817272970866,-3.5720527994650997,11.969452160874132,1.0376357846235078,1.689634634815999
SB84988_component_716a,300.533278,-5.225781,17.524999618530273,115.29605102539062,300.53326564538565,-5.225429888471243,10.896955274331363,0.9876543621994104,1.6082473661070988
SB84988_component_717a,303.881647,-6.563942,17.106000900268555,59.811187744140625,303.88156115921544,-6.563988773081685,6.172936079841321,1.7018012881807336,2.7711287917156393
SB84988_component_718a,301.457388,-5.866444,17.863000869750977,91.13776397705078,301.45730969059315,-5.865979642289597,10.04171718107046,1.0924424592326087,1.7788791048033437
SB84988_component_720a,297.122998,-4.84794,18.898000717163086,26.920228958129883,297.1228590569144,-4.847655703161633,11.516044213259534,1.0077775395852402,1.6410149498561315
SB84988_component_724a,301.719645,-10.10994,18.822999954223633,23.039169311523438,301.71978119207733,-10.109888074174043,7.792244386084298,1.4834687900917916,2.415606983251
SB84988_component_726a,298.935558,-5.198989,17.513999938964844,71.19512176513672,298.935720823175,-5.198532166896868,11.950838907892487,0.8999929116471039,1.4655038088914722
SB84988_component_727a,298.931609,-3.790611,18.033000946044922,73.60408782958984,298.93133826099944,-3.790171318509867,6.2018880542442565,1.7856495146075464,2.9076630839384556
SB84988_component_728a,300.579493,-3.438667,17.163000106811523,76.96412658691406,300.5793576516382,-3.438333137456333,8.759221842710577,1.2033163476794757,1.9594206443229394
SB84988_component_729a,298.841544,-9.271268,17.349000930786133,51.17699432373047,298.84188473297576,-9.271097765507797,10.692403869200064,0.9964402301217024,1.6225538375669375
SB84988_component_732a,298.390406,-7.199436,17.75200080871582,69.88976287841797,298.3905993503888,-7.199268272522344,8.908558958868676,1.2237479797030832,1.992690500301768
SB84988_component_738a,303.809963,-5.256679,15.468000411987305,45.89910888671875,303.80999757004446,-5.25650495050576,9.337222973753592,1.0173457671606307,1.6565953769623991
SB84988_component_740a,302.366918,-7.729525,16.5,69.62025451660156,302.3672448692429,-7.729468381444959,13.133209642164342,0.771552006070053,1.256357010172634
SB84988_component_741a,304.609134,-5.32379,15.27400016784668,29.486486434936523,304.60899951775696,-5.3237351089498315,8.852016364133318,1.0596506780385089,1.725482595099351
SB84988_component_748a,298.799014,-2.790002,17.155000686645508,34.58669662475586,298.79919274198363,-2.789606376145275,16.696297421580606,0.6309903314995677,1.0274733525333593
SB84988_component_752a,303.861271,-5.429884,15.34000015258789,49.48387145996094,303.8612753426328,-5.4296550331918,5.07310003371747,1.856966526829972,3.0237921686214086
SB84988_component_753a,299.035349,-3.380102,17.173999786376953,59.8397216796875,299.03539562202525,-3.3796537161946936,12.848530059234172,0.8208619891697561,1.3366509403956361
SB84988_component_756a,301.232409,-3.433494,17.273000717163086,69.3694839477539,301.2323214164283,-3.433016651879955,9.7268405152429,1.0905564065529145,1.7758079501863553
SB84988_component_757a,301.564252,-6.531507,16.849000930786133,77.28899383544922,301.56425003962556,-6.5310558549324575,9.441480379674932,1.0959385325518214,1.7845719371569821
SB84988_component_759a,299.696908,-4.315414,17.19099998474121,79.58795928955078,299.69692529066054,-4.315132432172928,15.33803454400797,0.688309186377403,1.1208085322416443
SB84988_component_760a,301.117125,-10.174192,18.253999710083008,24.601078033447266,301.11731324712474,-10.173983214859458,8.257528544285941,1.3575633132371376,2.210588750881696
SB84988_component_763a,299.167481,-8.1896,17.547000885009766,46.66755676269531,299.16787900129026,-8.18951021685966,11.232528294802774,0.9593509592849501,1.5621595089262905
SB84988_component_764a,303.984331,-7.637219,16.427000045776367,59.73454284667969,303.9845172819987,-7.637267017595496,10.271919466122782,0.9821069626643348,1.5992142559093554
SB84988_component_766a,297.96705,-5.197635,16.299999237060547,50.621116638183594,297.96712931480977,-5.197370107536251,8.617183193366854,1.1616475900031693,1.8915693065000176
SB84988_component_769a,303.313156,-4.742573,15.097999572753906,51.70547866821289,303.31324564501455,-4.742106281675595,6.033755053839342,1.5366815273050707,2.502255964657844
SB84988_component_770a,304.820753,-3.584791,16.549999237060547,17.421052932739258,304.8205755049214,-3.584470700307699,8.882021876593322,1.1442957290789442,1.8633143969927102
SB84988_component_773a,298.623426,-9.702201,15.741999626159668,31.296220779418945,298.623707671095,-9.7020465934814,9.173483933252344,1.0538474051357005,1.716032833403409
SB84988_component_774a,300.921854,-2.846418,17.652000427246094,48.89750671386719,300.92188657593465,-2.8459739226704355,10.116642417041646,1.0715431566050477,1.7448477172140646
SB84988_component_779a,303.691689,-3.120541,16.055999755859375,43.39459228515625,303.69168124172893,-3.1202228836564596,10.9460366045098,0.9008087461159738,1.4668322732672259
SB84988_component_781a,304.245155,-6.034774,14.213000297546387,34.49757385253906,304.2451694098305,-6.034621320758042,8.654263307054235,1.0085740690241374,1.6423119788787952
SB84988_component_784a,297.66789,-9.16642,17.273000717163086,28.223857879638672,297.66790603687315,-9.166455279106676,10.830327003086442,0.9794411781281958,1.5948734246196445
SB84988_component_787a,304.968584,-8.442056,16.945999145507812,18.891860961914062,304.96888919894593,-8.441914928238733,9.965202345192534,1.0443190398096638,1.7005173160064324
SB84988_component_792a,301.952397,-6.567918,15.480999946594238,58.64015197753906,301.9523358734443,-6.567409922537808,7.577514715074266,1.25465510537015,2.0430181304428534
SB84988_component_794a,300.034429,-3.384441,16.108999252319336,73.89449310302734,300.03429740109266,-3.384083018974897,8.355810196974009,1.1839466483179573,1.9278799868088297
SB84988_component_795a,297.687858,-6.804034,16.961000442504883,49.16231918334961,297.68748451914024,-6.804069287766761,12.695309084585611,0.8204655001573874,1.3360053173576205
SB84988_component_797a,298.657716,-2.838403,16.68000030517578,33.83367156982422,298.6578817435854,-2.8380870848900366,10.19253052153234,1.005000252917261,1.6364925540265263
SB84988_component_798a,301.51801,-3.689276,15.173999786376953,56.4089241027832,301.51803041631223,-3.688897165552722,7.012577517104906,1.3288456407579163,2.1638263176934456
SB84988_component_800a,300.473046,-6.688593,15.920999526977539,96.49090576171875,300.47306701796873,-6.688200530657643,11.99566001873574,0.8150763995924054,1.3272299733496036
SB84988_component_801a,303.157713,-9.398585,15.9399995803833,45.804595947265625,303.1579683407365,-9.39835107189932,6.953293885907504,1.407828839477983,2.292438640151466
SB84988_component_802a,300.697848,-6.526229,15.42199993133545,79.90673065185547,300.69785591462573,-6.525777056067112,8.431655592177007,1.1232591775681136,1.8290595201307995
SB84988_component_803a,300.817291,-4.115888,16.424999237060547,87.36701965332031,300.817361232493,-4.11571615901645,7.906668458571579,1.2757452708347476,2.0773603096073026
SB84988_component_804a,297.198042,-5.755061,16.613000869750977,29.45567512512207,297.1978023696931,-5.754972156152682,12.262964842382413,0.8319643980418958,1.3547295522151601
SB84988_component_805a,297.953087,-7.513313,15.293999671936035,53.10416793823242,297.9533581608133,-7.513204691534147,7.214244370524016,1.3019142025284953,2.119972499742913
SB84988_component_807a,299.078851,-2.762557,15.343999862670898,30.873239517211914,299.07877136930813,-2.761996019793189,5.735868240396331,1.6428259594985688,2.675096292241656
SB84988_component_808a,299.624743,-8.15914,15.423999786376953,57.55223846435547,299.6249756914037,-8.159127296562945,8.246380595281313,1.1486448587254132,1.8703963039497316
SB84988_component_809a,298.678081,-6.209907,15.98900032043457,69.2164535522461,298.6780192085424,-6.209524422656524,7.179915962524719,1.3675842407060668,2.226906332036268
SB84988_component_810a,297.423848,-5.02915,16.35300064086914,32.0647087097168,297.42370687352866,-5.029083567504042,11.008218149160458,0.9122892635748371,1.485526578351493
SB84988_component_811a,303.269999,-8.390012,15.430000305175781,60.50980758666992,303.2701582659234,-8.38987416162003,6.03484148256198,1.5701899926423204,2.556819487266012
SB84988_component_812a,299.08702,-9.54512,15.164999961853027,40.439998626708984,299.0871515438216,-9.544993057421067,8.892806987214591,1.0472628180598638,1.705310818468918
SB84988_component_821a,297.359621,-3.767339,14.77400016784668,17.842994689941406,297.3593799689832,-3.7673884440334393,10.364972669202626,0.875350684682287,1.4253776289969937
SB84988_component_822a,302.228603,-6.732906,14.869999885559082,49.075904846191406,302.2284517530079,-6.732381580999764,7.971477166698201,1.1455770277618553,1.8654008002030393
SB84988_component_824a,298.982251,-4.082402,15.244999885559082,68.98190307617188,298.9825442573197,-4.082034162405905,6.140339316335026,1.5247098005256892,2.4827617986848227
SB84988_component_826a,302.229048,-8.126437,15.142999649047852,64.99141693115234,302.22938750505017,-8.126358100318793,7.597583428903926,1.2240201631420922,1.9931337103108948
SB84988_component_827a,301.617156,-2.815558,16.5049991607666,27.88006591796875,301.6172688804145,-2.8152047154515656,21.053515445104797,0.4814409426675643,0.7839545468689989
SB84988_component_829a,299.995913,-5.771507,15.253999710083008,91.34131622314453,299.9960120459021,-5.770991487611484,8.703429544833112,1.0763300195748153,1.7526424073988989
SB84988_component_837a,301.899739,-7.375861,16.038000106811523,63.896419525146484,301.89999692765974,-7.37573529390433,7.996268639960176,1.231728451824378,2.0056855051947577
SB84988_component_840a,297.807657,-8.228062,15.317000389099121,41.622283935546875,297.80789869236753,-8.22797849801913,12.707000385736672,0.7402575025950207,1.205398593226779
SB84988_component_845a,301.170597,-3.378401,14.642000198364258,53.05072784423828,301.17049586925737,-3.378041666993222,13.625349128795873,0.6599406901415206,1.0746146803254963
SB84988_component_846a,302.88879,-3.477049,14.256999969482422,50.02456283569336,302.88881754860057,-3.476580526079333,14.202404351552836,0.6164791785340221,1.0038441109391183
SB84988_component_848a,303.662689,-7.98468,15.312000274658203,64.60759735107422,303.66261558292166,-7.984595455389803,8.51401279892161,1.1044594283126439,1.7984469410942898
SB84988_component_854a,303.493313,-5.40707,13.057999610900879,45.183387756347656,303.4933415070168,-5.406818075390624,6.647685027573039,1.206308407493765,1.964292766089151
SB84988_component_862a,304.654652,-3.545496,14.236000061035156,19.994380950927734,304.65450031532504,-3.5451774056015304,15.194199557451332,0.5753899771948503,0.936936493903934
SB84988_component_870a,304.09589,-7.783393,14.026000022888184,51.18978500366211,304.0959846761916,-7.783438613070642,8.46909021181475,1.0170661813469277,1.656140113293551
SB84988_component_872a,303.852428,-6.020251,12.12399959564209,38.00626754760742,303.85229697354936,-6.020004707167877,7.3582592380533205,1.0118659137631556,1.6476722555441767
SB84988_component_873a,298.027213,-9.903857,13.651000022888184,13.94382095336914,298.02730795489043,-9.903745315259837,7.275532387977691,1.1522635567390693,1.8762888122724197
SB84988_component_877a,303.873345,-10.103818,14.182000160217285,11.530080795288086,303.8735749709181,-10.104048346771178,9.734774292832055,0.8946717756430932,1.456839135002835
SB84988_component_878a,298.821615,-6.014545,14.22599983215332,61.318965911865234,298.821717650023,-6.014117079941865,8.937136611380161,0.9775445080227949,1.5917849811133635
SB84988_component_880a,297.363271,-5.859902,15.092000007629395,33.838565826416016,297.36317115060325,-5.859753612362285,6.099266528738467,1.5195721394168735,2.474395886213375
SB84988_component_883a,298.61112,-5.742081,13.961999893188477,59.161014556884766,298.61115540126656,-5.74176137603208,17.840140806402687,0.48061961362888345,0.7826171354083497
SB84988_component_884a,297.570698,-7.233454,14.706999778747559,39.7486457824707,297.5709015233726,-7.23320501371508,7.28380110164072,1.2399898929545128,2.019138026082936
SB84988_component_887a,302.479368,-10.35365,13.053999900817871,14.850966453552246,302.4797668215385,-10.353486928531334,11.976916098320938,0.6693460969090803,1.0899299781057938
SB84988_component_888a,297.102598,-4.37044,13.802000045776367,13.843530654907227,297.1025590945636,-4.3703997230162415,15.741768337897915,0.5384441279382431,0.8767757058492848
SB84988_component_892a,298.927774,-3.06374,14.63700008392334,44.48936080932617,298.927896776482,-3.063264758300839,6.916335127541649,1.2996553057711393,2.1162942243265666
SB84988_component_893a,298.587229,-5.128367,13.729000091552734,64.45539855957031,298.58745673107865,-5.128067409871603,7.559576468407543,1.1153048245753647,1.8161070463309708
SB84988_component_894a,301.823644,-6.505348,14.25100040435791,60.901710510253906,301.8234511698258,-6.504811201718843,7.473871547172908,1.1709864250468838,1.906776202187813
SB84988_component_895a,304.247435,-5.291941,12.538000106811523,35.21910095214844,304.247481761723,-5.291777882055351,8.305170348531764,0.9271112731235243,1.5096620033842008
SB84988_component_896a,300.515981,-6.459191,14.07800006866455,79.5367202758789,300.51599814644953,-6.459001375619994,3.566684495665753,2.423976507780758,3.9470830923711318
SB84988_component_899a,303.169421,-3.654946,13.428999900817871,53.715999603271484,303.16942645930743,-3.654692434197056,13.2153219730105,0.6240480916721514,1.016168953601264
SB84988_component_900a,297.882843,-7.314848,14.366000175476074,51.12455749511719,297.88297298960447,-7.314684463363036,7.464204578719414,1.1819646033517435,1.9246525231146272
SB84988_component_904a,302.666178,-9.4128,13.458999633789062,38.675289154052734,302.66642363218614,-9.41266254591301,6.144930469779958,1.3450794745237595,2.190260687241106
SB84988_component_906a,300.109354,-8.040596,14.232000350952148,68.42308044433594,300.10950124198877,-8.040504756609057,9.719794067103305,0.8992097755161121,1.4642285888669628
SB84988_component_912a,300.022889,-7.502093,13.189000129699707,67.29081726074219,300.02328387176703,-7.502008409925455,7.966418676739657,1.0167188672759835,1.655574564290594
SB84988_component_918a,302.417645,-4.056335,13.267000198364258,49.13703536987305,302.4177372051451,-4.055937930218775,7.708917925121828,1.0568940456778937,1.7209938317192024
SB84988_component_919a,299.508291,-7.229222,12.866999626159668,61.56459045410156,299.50865856029577,-7.229073040936148,13.387763283723794,0.5902301646038552,0.9611015188625835
SB84988_component_922a,302.828872,-2.677394,12.991999626159668,23.621816635131836,302.8289648798805,-2.67686162245765,8.320358795636235,0.9589281817636058,1.5614710789844257
SB84988_component_925a,297.662469,-3.332404,14.670999526977539,21.448829650878906,297.6623901210223,-3.3323300152867934,8.508862136915369,1.058864415115152,1.7242022835612738
SB84988_component_929a,303.915867,-3.386743,13.633999824523926,38.405635833740234,303.9158317861293,-3.3867331689219977,6.536795964812852,1.2808860390209416,2.085731281489412
SB84988_component_930a,301.773343,-2.703735,13.727999687194824,16.969097137451172,301.77333151433334,-2.70316292974571,7.0782446122051335,1.191060524478273,1.9394638698305804
SB84988_component_936a,298.267269,-2.823313,12.942999839782715,21.218032836914062,298.26704002929625,-2.8229974958102337,9.589837810686754,0.8288497695274186,1.3496578456581667
SB84988_component_938a,300.432058,-2.713888,13.996000289916992,38.4505500793457,300.4322713217976,-2.713416868729838,7.176592314626883,1.1976717465904332,1.9502292559368626
SB84988_component_940a,301.44239,-3.152671,13.362000465393066,40.862388610839844,301.4425976724771,-3.15222897881509,6.993602027138416,1.1733368352306093,1.9106034935277005
SB84988_component_941a,300.837428,-3.487147,13.855999946594238,57.733333587646484,300.8373365129858,-3.4868277511901518,7.216617125896676,1.179115492932728,1.920013173051994
SB84988_component_943a,298.850079,-4.717348,12.881999969482422,45.20000076293945,298.85022591635084,-4.716875643142732,19.01007274543978,0.41615168021675175,0.6776407508789052
SB84988_component_944a,300.89163,-9.378708,13.57699966430664,54.30799865722656,300.8919736794637,-9.378586415749611,7.146000574653292,1.1667905361509534,1.899943824866732
SB84988_component_945a,299.61542,-5.505417,13.451000213623047,74.3149185180664,299.61540887190364,-5.505001303413638,6.301052001961275,1.3109727158701807,2.1347229334778173
SB84988_component_946a,298.140504,-4.470953,12.821999549865723,50.880950927734375,298.1403547144089,-4.470968993377733,6.027207912299833,1.3064467767814278,2.1273531187964556
SB84988_component_947a,298.797773,-8.785923,13.293000221252441,42.605770111083984,298.79812345955054,-8.785957864178217,8.963743998945633,0.9107217417313976,1.4829741035460229
SB84988_component_948a,303.549665,-5.922601,11.612000465393066,42.22545623779297,303.54986062196633,-5.922221976889942,6.284173564946167,1.134778269126082,1.8478166373643978
SB84988_component_950a,298.633438,-7.697959,13.972999572753906,40.50144958496094,298.63373506247206,-7.697716572627392,9.626331033334383,0.891417161719131,1.451539483149679
SB84988_component_952a,304.127789,-5.505883,14.329000473022461,41.413299560546875,304.1279687223184,-5.506002355917722,5.397407424037329,1.6303574500442652,2.6547931900060617
SB84988_component_953a,303.480716,-3.112108,12.961000442504883,37.351585388183594,303.4807792774096,-3.1118335307502285,6.5226414830741914,1.2203015269035813,1.9870784675407644
SB84988_component_954a,298.578422,-9.025586,12.95300006866455,41.251590728759766,298.57876050344595,-9.02534051332305,6.32942855893398,1.2567763598369122,2.0464722759815985
SB84988_component_956a,305.100075,-6.165093,14.116000175476074,12.938589096069336,305.1006530675541,-6.164959913766386,4.803412638260826,1.8047368917237232,2.9387440219141907
SB84988_component_963a,301.827036,-9.196087,12.720000267028809,48.54962158203125,301.82729022088597,-9.195877400285442,7.298036716733201,1.0703682391371567,1.7429345398967278
SB84988_component_964a,302.31975,-9.88821,12.899999618530273,26.326528549194336,302.3198853046218,-9.88821785380561,6.450562433399805,1.2281297502704882,1.9998255581151327
SB84988_component_965a,301.488828,-5.198288,13.163999557495117,76.98245239257812,301.48873323950113,-5.197996818005194,5.217460173956083,1.5494617287613501,2.5230666106864894
SB84988_component_968a,300.339771,-3.35554,12.883000373840332,57.77130126953125,300.3397556398177,-3.3551629828665086,6.436227733816724,1.2292430299274903,2.001638367479056
SB84988_component_969a,302.722153,-10.105544,13.13599967956543,15.310023307800293,302.72238754285814,-10.105372785455543,6.103391330313809,1.3217339644411863,2.152246016787856
SB84988_component_972a,297.722218,-3.759284,11.572999954223633,22.647750854492188,297.7221565385735,-3.7592551126957305,7.789445600202432,0.9124131591198695,1.4857283237105954
SB84988_component_974a,298.299901,-3.324221,13.378000259399414,36.65205383300781,298.29997916914147,-3.3238972473372104,7.786840937328496,1.0550718454414814,1.7180266512531497
SB84988_component_975a,301.489181,-10.125662,10.614999771118164,17.603649139404297,301.4895055472079,-10.125753720784495,13.40687061385317,0.48623331115075435,0.791758201958763
SB84988_component_977a,303.305975,-2.887235,13.395000457763672,26.00971031188965,303.3060487249566,-2.8868137396740825,5.8072227455084215,1.4165319867492905,2.3066104134069927
SB84988_component_980a,302.857665,-9.094404,12.37600040435791,42.972225189208984,302.8579235729848,-9.09417069023105,8.933917401790582,0.8507275934073804,1.3852826087106478
SB84988_component_981a,301.402995,-5.967493,12.35099983215332,63.01530838012695,301.402874272705,-5.9670590778601404,6.641799343978797,1.142006306682898,1.8595864151406902
SB84988_component_982a,299.267546,-9.288947,12.458000183105469,41.946128845214844,299.2676819738594,-9.288772239001197,5.006366225764452,1.5281917626572303,2.48843165308051
SB84988_component_983a,301.834294,-4.38315,12.815999984741211,53.62343215942383,301.83435688615685,-4.382877542563495,13.328637426317313,0.5904986124767418,0.9615386460611568
SB84988_component_984a,298.290726,-5.208357,12.869000434875488,53.17768859863281,298.29084716701664,-5.208031933998292,8.259689597019815,0.9568265692462355,1.558048917421638
SB84988_component_987a,304.804169,-5.959185,12.557999610900879,19.409582138061523,304.8044576417637,-5.959126748675844,6.838243879047661,1.1277894231294483,1.8364363472584704
SB84988_component_989a,303.010502,-9.976579,13.814000129699707,17.778635025024414,303.0109064244181,-9.976591963828595,6.789570254938127,1.249479993456664,2.0345912349390063
SB84988_component_992a,298.190797,-3.416788,12.345000267028809,32.65873336791992,298.1907900674898,-3.416514821399208,5.620350303186221,1.3489003151064336,2.196482354494938
SB84988_component_996a,302.102613,-9.23056,12.138999938964844,45.80754852294922,302.10300224805036,-9.230434379036419,8.501420993910902,0.8768867816787514,1.427878933140629
SB84988_component_998a,299.998247,-7.751533,11.857999801635742,62.74074172973633,299.99856646715324,-7.75137573390345,12.227801702594737,0.5955458312487325,0.9697572867181414
SB84988_component_999a,299.420357,-5.390839,12.564000129699707,61.89162826538086,299.42039701832925,-5.390323664382204,7.164498599047503,1.0769468431236908,1.753646812265418
SB84988_component_1000a,304.711556,-4.579158,10.428000450134277,14.854701042175293,304.7114632258754,-4.5790998766243876,7.218856620807419,0.8871248863933481,1.444550154947934
SB84988_component_1002a,300.358688,-2.327953,11.769000053405762,16.166208267211914,300.35850204430847,-2.3275593600575175,7.919620876001595,0.9126143859679305,1.486055991527162
SB84988_component_1006a,300.067419,-9.793468,12.49899959564209,31.483625411987305,300.06755341741007,-9.793184501944408,8.339817129942602,0.9203878217823026,1.49871386876898
SB84988_component_1013a,304.055715,-9.554321,12.416000366210938,21.33333396911621,304.0558779205845,-9.554295359186645,4.18872445857043,1.82033811020029,2.9641482721086874
SB84988_component_1014a,301.16626,-7.842846,12.571000099182129,64.13775634765625,301.16652758122467,-7.842618674982624,7.707947393358212,1.0015744224970997,1.6309141017249695
SB84988_component_1015a,298.648207,-9.765703,12.125,22.28860092163086,298.64840407346577,-9.765611000165299,6.987129009777025,1.0657003848021696,1.73533363746878
SB84988_component_1018a,301.017017,-4.312656,12.187999725341797,63.479164123535156,301.01693489947354,-4.312342820482343,6.816825642252124,1.0980001191435942,1.7879289224882036
SB84988_component_1021a,298.887285,-5.598058,12.1899995803833,52.77056121826172,298.88735281594995,-5.597709220454306,3.8716350922275082,1.9335767284110046,3.14854042026205
SB84988_component_1023a,297.66823,-7.338768,11.722999572753906,38.185665130615234,297.668397709197,-7.338915806275835,6.550229403753893,1.0990928341148234,1.7897082453380233
SB84988_component_1024a,302.940184,-3.245046,12.687000274658203,48.609195709228516,302.94031203243804,-3.2447407416274356,4.976483284056249,1.565627846235165,2.5493907143835997
SB84988_component_1027a,301.787777,-4.066911,13.180999755859375,43.93666458129883,301.7876125229023,-4.066493849526301,7.221804664400504,1.120868726354246,1.8251670279638552
SB84988_component_1028a,300.23005,-9.44882,12.920999526977539,49.88802719116211,300.23033029378547,-9.448636692181841,5.3531273612917,1.4823155747817243,2.413729144650824
SB84988_component_1030a,301.663161,-3.744537,12.22599983215332,46.486690521240234,301.663263407796,-3.7441665282894165,7.697179950586444,0.9754497077963652,1.5883739123471872
SB84988_component_1032a,296.902935,-6.267325,12.887999534606934,12.192997932434082,296.902282780006,-6.2673415885628225,14.151608367845265,0.5592832950077066,0.9107091716790684
SB84988_component_1036a,303.798138,-6.154076,12.913000106811523,44.68165969848633,303.79823478778616,-6.1542686371691335,5.756171590098129,1.3776711388604452,2.243331336582235
SB84988_component_1037a,300.636445,-4.89214,11.788999557495117,68.54069519042969,300.6364438098337,-4.891807434091885,11.034808923152454,0.6560912887123483,1.0683465060061235
SB84988_component_1040a,301.893481,-7.445689,12.060999870300293,51.76395034790039,301.8938270379877,-7.44564319297647,9.476803889241548,0.7815802142994049,1.272686446956281
SB84988_component_1043a,301.723768,-5.532459,11.503999710083008,63.55801010131836,301.72375926254006,-5.531925375374564,7.175525502305265,0.9845715611173755,1.603227485762143
SB84988_component_1046a,304.09945,-9.601069,11.390000343322754,17.713842391967773,304.0994523925292,-9.601098883807353,5.817360346153691,1.2024026046609066,1.957932750522076
SB84988_component_1048a,303.205024,-4.929266,11.732000350952148,41.900001525878906,303.2049523757562,-4.928848943547225,6.334352566242154,1.137422912284528,1.8521230430834927
SB84988_component_1050a,304.789154,-8.420128,11.27400016784668,16.801788330078125,304.7892441918609,-8.420247481944553,7.302090129643027,0.9481629592133277,1.543941524643688
SB84988_component_1052a,303.215673,-6.679741,10.663999557495117,20.992124557495117,303.2155643815393,-6.679331911708238,5.4687618480500895,1.1975212936737902,1.9499842658713347
SB84988_component_1056a,301.818449,-7.820943,11.609000205993652,51.14097213745117,301.81869218120454,-7.820692711581919,7.601448667169423,0.9378871578899862,1.5272089195488225
SB84988_component_1057a,298.501946,-9.269491,12.520999908447266,34.780555725097656,298.50205411308224,-9.269442454961021,7.49150748137272,1.0264124996431012,1.671359194338408
SB84988_component_1060a,304.563288,-4.648783,10.574999809265137,18.487760543823242,304.56336239580367,-4.648700695752627,6.168394546512409,1.052835114167141,1.7143844690097214
SB84988_component_1062a,303.516019,-7.192008,11.38599967956543,35.36024856567383,303.5161616842857,-7.191881816447798,11.67698649382934,0.5988148016424654,0.975080315934451
SB84988_component_1064a,300.718891,-6.451641,11.737000465393066,57.8177375793457,300.7189766079548,-6.451157841079029,6.7412351170714455,1.0692266744345973,1.7410756725678338
SB84988_component_1067a,303.634784,-10.019726,9.218000411987305,10.522831916809082,303.6348447289041,-10.019632730460458,6.265597693034594,0.9034962508285111,1.4712084726146508
SB84988_component_1068a,302.574808,-9.50735,12.439000129699707,30.63793182373047,302.575108949181,-9.507257461126343,6.308218351430512,1.2109630514272676,1.9718721573546862
SB84988_component_1069a,297.707871,-6.193382,11.623000144958496,45.940711975097656,297.7076247173695,-6.193381949723249,7.268715987121129,0.9820026975342228,1.5990444757440494
SB84988_component_1073a,304.506022,-7.565394,11.58899974822998,29.488548278808594,304.5061280366701,-7.56534144127463,5.811660600658841,1.2246101287449123,1.9940943810304734
SB84988_component_1074a,301.072291,-4.813271,11.130000114440918,69.5625,301.072283424373,-4.813168626213059,5.954370426824564,1.1479195629047474,1.8692152682171121
SB84988_component_1075a,299.662786,-8.833533,11.407999992370605,38.02666473388672,299.66300572972375,-8.833429348062701,10.199604804014697,0.6868759411233977,1.118474706772979
SB84988_component_1080a,303.808584,-3.838365,10.666000366210938,36.65291976928711,303.8085536160129,-3.8383092422920133,6.372158125218341,1.027938630504703,1.6738442701224505
SB84988_component_1081a,298.864351,-4.123673,10.822999954223633,50.574764251708984,298.8644694754616,-4.123483430934793,5.634626755226776,1.1795996660052706,1.920801576463611
SB84988_component_1082a,304.168363,-5.038861,10.300999641418457,29.431428909301758,304.168239078794,-5.038736316409054,5.17696865400381,1.2219571421038231,1.9897743891981612
SB84988_component_1084a,302.484632,-9.509187,11.463000297546387,31.665748596191406,302.4847437941223,-9.508979909556457,6.647141404105218,1.0590477052380158,1.7245007441043656
SB84988_component_1085a,302.014829,-9.500634,11.338000297546387,38.175086975097656,302.0149928608151,-9.500418358601419,6.45028936513621,1.079467083004681,1.75775064585912
SB84988_component_1087a,298.832689,-5.945214,10.78600025177002,51.361907958984375,298.8327799315352,-5.944873934819998,5.006729300109939,1.3229957606986147,2.15430066321604
SB84988_component_1090a,301.992162,-4.521798,11.300999641418457,34.772308349609375,301.99228561332717,-4.521551182834062,7.754580768999179,0.8949745275820438,1.4573321212407704
SB84988_component_1092a,301.516238,-8.854057,12.380000114440918,61.28712844848633,301.5164739514865,-8.853962124146264,6.827025032171887,1.1136309462483491,1.813381385903965
SB84988_component_1093a,302.223644,-9.633461,10.387999534606934,28.0,302.22390188980296,-9.63330718073706,6.2166979927046375,1.0261817555401316,1.6709834620882924
SB84988_component_1096a,298.253912,-9.392553,10.137999534606934,22.68008804321289,298.25427296392905,-9.39255027211805,5.481124894659034,1.135885893806601,1.8496202384451579
SB84988_component_1097a,297.911454,-5.197805,11.630999565124512,31.18230438232422,297.9112866241945,-5.19774110164055,12.873143935028143,0.5548614491098454,0.9035088571857163
SB84988_component_1104a,297.321908,-6.535282,11.496999740600586,24.513858795166016,297.32147962115965,-6.535311284345448,5.342241127806345,1.3216399946007296,2.152093000961478
SB84988_component_1105a,303.260542,-4.220251,10.583999633789062,42.16733169555664,303.2606652498616,-4.2198773195624195,5.311831375049254,1.2236512938504411,1.9925330618558883
SB84988_component_1106a,298.638149,-6.873394,11.541000366210938,42.90334701538086,298.63816520866635,-6.8730646073217585,6.984774743108507,1.0147129136588091,1.6523081689352699
SB84988_component_1110a,301.564785,-3.097781,10.864999771118164,28.896276473999023,301.5643278554976,-3.0971012815905703,5.2814144872070985,1.2633730446051619,2.057213990198251
SB84988_component_1112a,299.005152,-8.626974,10.732999801635742,38.607913970947266,299.0054255359164,-8.626723021039739,5.310819705931609,1.2411140747142748,2.0209685878901418
SB84988_component_1113a,301.103573,-2.755652,10.977999687194824,24.94999885559082,301.1035125508867,-2.7553415629660294,7.484251147260178,0.9007971405495709,1.4668133753386445
SB84988_component_1115a,298.697105,-7.812034,10.84000015258789,30.795455932617188,298.6974205016858,-7.811920399171804,11.461309241645948,0.5808275331778864,0.9457907403108485
SB84988_component_1116a,297.941818,-9.00454,11.39799976348877,28.494998931884766,297.94200397538856,-9.004704415801502,4.843482469602182,1.4451836809202792,2.353265410791286
SB84988_component_1119a,300.975964,-3.393798,11.258999824523926,46.71784210205078,300.9759572441809,-3.3934956028678127,5.742055811903958,1.204160952946989,1.9607959576398915
SB84988_component_1120a,300.41514,-6.881072,10.598999977111816,61.98245620727539,300.41521243992605,-6.880741782127048,5.383075818789013,1.209167684301049,1.9689486705940893
SB84988_component_1121a,304.255708,-4.182491,10.557999610900879,27.00255584716797,304.25589777222996,-4.182424089506988,3.9341196444447655,1.648110079843845,2.6837006916679482
SB84988_component_1125a,303.785511,-9.208594,9.76200008392334,27.576271057128906,303.78565616613076,-9.20841344772906,4.946829802505952,1.2118921599512185,1.9733850715822348
SB84988_component_1126a,298.833199,-9.679293,11.288000106811523,24.91832160949707,298.83329515907195,-9.67912188008685,8.028332114399861,0.8634631586797387,1.4060205713917866
SB84988_component_1127a,303.973885,-3.891326,10.444999694824219,33.91233825683594,303.9738923477078,-3.891436766584894,4.823646487150266,1.3297962291238499,2.1653742086300687
SB84988_component_1128a,301.163795,-8.946576,10.295000076293945,48.56132125854492,301.1640014036597,-8.946515157552081,6.236281482025277,1.0138011563237925,1.650823508522994
SB84988_component_1130a,303.177331,-6.110369,10.371999740600586,34.92255783081055,303.1773212392315,-6.110039627153465,4.365772592534146,1.4589940626288245,2.375753551235723
SB84988_component_1135a,301.043532,-8.303461,10.366000175476074,58.564971923828125,301.04366568001217,-8.303335488174508,7.152515546937419,0.8900297812636098,1.4492803416435232
SB84988_component_1136a,304.048233,-3.752506,11.486000061035156,31.55494499206543,304.04802065998626,-3.752681769673411,4.190303738000437,1.683353969139754,2.7410900925564263
SB84988_component_1138a,304.267804,-5.430398,10.35200023651123,26.274112701416016,304.2677090310695,-5.430382162545934,3.9456853946631574,1.6112167066485241,2.6236253530281726
SB84988_component_1145a,299.674949,-6.399149,10.243000030517578,55.972679138183594,299.6750903644085,-6.398699634240118,5.87021946530526,1.0715809226332218,1.7449092135407798
SB84988_component_1146a,300.206762,-9.043246,10.718999862670898,47.85267639160156,300.2069632818194,-9.043012483899746,12.448868329385855,0.528781837068516,0.8610421107409771
SB84988_component_1147a,303.80556,-5.308061,9.413000106811523,29.323986053466797,303.805678353728,-5.3079513269697225,5.33622824457534,1.083292668177786,1.7639800389686322
SB84988_component_1149a,300.63525,-8.560902,10.663000106811523,55.24870300292969,300.635502093765,-8.560664294775442,5.6672135053370125,1.1554787861459985,1.8815243323318955
SB84988_component_1151a,303.40053,-4.861258,9.8149995803833,29.298505783081055,303.40049565157284,-4.8609547121349985,6.507234055217937,0.9262879083743805,1.5083212770736247
SB84988_component_1155a,301.729695,-7.51289,10.529000282287598,52.38308334350586,301.72994892427323,-7.512792019243603,6.92324037066755,0.9339634149195363,1.5208196911516991
SB84988_component_1156a,297.222057,-7.24529,11.01099967956543,16.966100692749023,297.2225432358561,-7.245198367026285,7.600003272492609,0.8897440822015302,1.4488151234642956
SB84988_component_1157a,303.807645,-4.801933,9.642000198364258,32.57432556152344,303.80760922682384,-4.8017769175121074,6.347610760222906,0.9328439212059415,1.5189967631262986
SB84988_component_1158a,299.076265,-6.158375,10.682999610900879,52.625614166259766,299.0763901770349,-6.158017095410664,5.638709774098754,1.1634979115874486,1.8945822783738435
SB84988_component_1162a,297.808049,-3.420316,10.786999702453613,21.40277671813965,297.80785351734664,-3.420164389789658,6.001432161672389,1.1038190954505045,1.7974042548283433
SB84988_component_1163a,305.06199,-8.821948,10.734000205993652,10.116870880126953,305.0622617730098,-8.821779463164537,5.208597639173877,1.2655896862691722,2.060823459516859
SB84988_component_1164a,298.550874,-6.529504,11.16100025177002,44.82329559326172,298.55081381741775,-6.529021541685276,9.21109690268767,0.744121587916705,1.2116906780682544
SB84988_component_1167a,302.689068,-4.07886,10.109999656677246,38.73563003540039,302.68931510791543,-4.078423090389245,3.7196680517221847,1.6691643239054437,2.7179843782018063
SB84988_component_1169a,300.592858,-4.74494,9.866000175476074,50.85567092895508,300.59292325444693,-4.744628170503337,7.510951193994851,0.8066744772629257,1.3135486998456507
SB84988_component_1170a,298.682489,-2.813182,9.652999877929688,18.04298973083496,298.68242891972665,-2.812830749887587,4.650588882422713,1.2746956068954285,2.075651088922094
SB84988_component_1171a,303.628986,-9.757677,9.517999649047852,16.96613121032715,303.6292002632153,-9.757566333805057,5.251071822869391,1.1131401902753988,1.8125822632239001
SB84988_component_1173a,297.642831,-8.565166,9.79800033569336,22.576038360595703,297.64294424326874,-8.565143573234149,6.434327339405167,0.9351611062503618,1.5227699522976326
SB84988_component_1174a,301.720098,-8.164702,10.234999656677246,46.31221389770508,301.72041059700535,-8.164598243497776,6.3091868154222945,0.9962459818485124,1.6222375333154855
SB84988_component_1178a,299.507313,-3.294273,10.5600004196167,37.98561477661133,299.5071624332545,-3.293889176692507,9.919452744379717,0.6537750763035842,1.0645749006264396
SB84988_component_1179a,302.048873,-4.531946,9.689000129699707,33.642364501953125,302.0488955332031,-4.53157992579095,7.72588595750459,0.7701632756494777,1.2540956704503556
SB84988_component_1180a,297.136966,-7.861446,11.21399974822998,13.844444274902344,297.137208638481,-7.861578112015158,5.274837249081167,1.3055803803089028,2.1259423217623192
SB84988_component_1182a,302.524549,-3.1387,10.496999740600586,33.644229888916016,302.5245655447402,-3.1381806037538387,5.686749937752813,1.1335826556025557,1.845869759616791
SB84988_component_1183a,303.445784,-9.814489,10.074000358581543,17.67368507385254,303.4460584291081,-9.814565867149762,4.494344278357695,1.3765365963931293,2.2414839039128402
SB84988_component_1186a,304.145147,-8.227942,10.654000282287598,34.14743423461914,304.1453407656342,-8.22792766088596,6.3641679509887235,1.0280712379332346,1.6740602014804489
SB84988_component_1189a,302.902186,-4.205806,9.593999862670898,35.932586669921875,302.9022144929851,-4.2052959832451915,8.655529616078207,0.6807038369642244,1.108424358556803
SB84988_component_1193a,298.443725,-7.127641,10.430000305175781,37.25,298.4439194553246,-7.1273111008982095,6.19417917368007,1.034076562508401,1.683838974095923
SB84988_component_1195a,304.535599,-7.713094,10.194999694824219,24.2738094329834,304.53591520468115,-7.713140079842232,5.643609106455296,1.1093853563132945,1.8064680778764306
SB84988_component_1199a,301.286835,-6.592354,10.387999534606934,51.68158721923828,301.2868601485768,-6.5916760211893966,5.130210173922984,1.2435089096823866,2.024868218345021
SB84988_component_1200a,303.433602,-4.737801,9.04699993133545,32.54316711425781,303.4338496566831,-4.737508128699084,4.181803427750797,1.328596518841487,2.163420659923611
SB84988_component_1201a,303.44616,-9.585294,9.815999984741211,23.315914154052734,303.44654036410276,-9.58551402741142,4.568065226862546,1.3196367148227943,2.1488309595533224
SB84988_component_1204a,304.304025,-9.403416,10.220999717712402,15.209820747375488,304.3041395427715,-9.403602629524164,3.487493379706569,1.7998326332190127,2.93075817066422
SB84988_component_1207a,301.436001,-6.776326,9.85099983215332,38.33073806762695,301.4360582078659,-6.775732032941206,6.217506879167083,0.9730074704068329,1.58439709414089
SB84988_component_1208a,300.962611,-7.874584,9.657999992370605,51.37234115600586,300.9628331196171,-7.874354498459541,13.800286486582124,0.42978498208306415,0.6998405432931395
SB84988_component_1209a,302.660366,-9.898087,9.364999771118164,15.899829864501953,302.6603388084089,-9.897885320580965,6.491635124340463,0.8859430531260101,1.4426257162858687
SB84988_component_1210a,301.492348,-9.114457,10.241999626159668,48.31132125854492,301.49258040102706,-9.114340156099928,6.567199487695408,0.9577599760313937,1.5595688307245008
SB84988_component_1216a,304.199398,-5.252684,8.60099983215332,24.365440368652344,304.19950844779686,-5.252622025563599,5.592806450886476,0.9444332891214017,1.5378683148940433
SB84988_component_1217a,298.631545,-6.731553,9.765999794006348,38.298038482666016,298.631338889536,-6.731155753633822,4.378042797918235,1.3698999362991457,2.230677095858929
SB84988_component_1221a,303.393245,-8.432303,9.746999740600586,38.525691986083984,303.3931683475207,-8.432038343102125,5.981363415165054,1.0007437855499577,1.6295615337279452
SB84988_component_1223a,302.249004,-9.016117,9.842000007629395,44.94063949584961,302.24925212633775,-9.015859042119844,5.35938514636726,1.1277699805999788,1.8364046880080218
SB84988_component_1226a,299.594456,-2.653043,10.125,18.309223175048828,299.5944879102993,-2.652529005799077,5.3671987161070955,1.1585092196182374,1.8864589398590041
SB84988_component_1228a,304.674504,-4.408144,8.868000030517578,13.921506881713867,304.6744282363146,-4.40807754115534,14.494468915265177,0.3757296917005256,0.6118195901043358
SB84988_component_1236a,300.997818,-5.575098,9.810999870300293,59.460601806640625,300.99774472094197,-5.574766407953999,6.0584362842226795,0.9945001719813052,1.6193947431369382
SB84988_component_1237a,303.699675,-5.577878,9.020999908447266,30.27181053161621,303.69972661426243,-5.577587036112206,5.997852405966697,0.9236576708030754,1.5040383286979728
SB84988_component_1247a,304.411878,-5.656124,8.446999549865723,21.883419036865234,304.4119025111215,-5.6558817496532905,4.350763300379825,1.1923099053432953,1.9414982996496946
SB84988_component_1249a,301.403247,-9.859189,9.295000076293945,19.734607696533203,301.4035995104747,-9.859050102932867,10.876575020556277,0.5248187897132407,0.8545888810334852
SB84988_component_1250a,298.498167,-5.975188,9.527999877929688,40.71794891357422,298.4981103036012,-5.9748472770473,4.676497647316463,1.2512185088702246,2.037422147191111
SB84988_component_1256a,303.570315,-5.568551,8.381999969482422,26.86538314819336,303.57054677018897,-5.568185356329355,5.508099469478476,0.9345402650264069,1.5217590052483303
SB84988_component_1257a,304.028202,-6.792443,10.062999725341797,33.88215637207031,304.02837272645036,-6.7924579405103795,8.052040701767318,0.7674916102794244,1.2497452631024455
SB84988_component_1266a,300.58337,-9.444216,9.736000061035156,33.68857955932617,300.5836264452937,-9.443981260909961,5.855183423400598,1.0211562522364446,1.6628001818225946
SB84988_component_1267a,297.758841,-9.010846,10.097000122070312,20.775720596313477,297.75890030873,-9.010821542502747,5.420781194542804,1.143885674825945,1.8626466849898204
SB84988_component_1268a,300.224133,-4.94242,9.595000267028809,48.21607971191406,300.22413326765167,-4.94197274978358,5.9842623873638106,0.9846604653945398,1.603372253076557
SB84988_component_1269a,302.256221,-3.240092,9.944000244140625,31.36908531188965,302.2563994624581,-3.2397862174345473,6.195045705671638,0.9857544558536769,1.6051536528676091
SB84988_component_1272a,299.677909,-9.654986,9.170000076293945,23.88020896911621,299.67799487567464,-9.65481398108369,5.675200685083637,0.9922937436246952,1.6158019046614216
SB84988_component_1273a,302.723169,-9.521475,9.527999877929688,24.3682861328125,302.7234295482037,-9.521245358964135,5.426003459431871,1.0783849396260945,1.755988537266306
SB84988_component_1275a,301.518522,-8.245467,9.28600025177002,44.85990524291992,301.5190108744673,-8.245194790597486,4.117562667894509,1.3849707801145936,2.255217710267021
SB84988_component_1276a,298.285672,-9.330007,9.744000434875488,24.857145309448242,298.2859695975326,-9.32974483870302,3.84858499402066,1.5548494699191833,2.5318397411033455
SB84988_component_1279a,298.367544,-9.169843,8.687999725341797,27.580951690673828,298.3677048458878,-9.169917950321786,5.702384623649193,0.9356543240369167,1.5235730836728416
SB84988_component_1283a,301.66539,-10.053976,9.282999992370605,13.037920951843262,301.665112424625,-10.053807784571651,4.201709112667223,1.3567958449380548,2.2093390435773896
SB84988_component_1284a,304.132161,-5.089195,8.345999717712402,25.214500427246094,304.1321968104049,-5.089099376627289,4.669731588556798,1.0975860651462368,1.7872546975000276
SB84988_component_1285a,300.459196,-6.32924,9.303999900817871,53.78034973144531,300.45919687011144,-6.328749367205085,8.28188846956395,0.6899100268858693,1.1234152615083135
SB84988_component_1289a,301.793039,-4.143861,9.263999938964844,28.15805435180664,301.79296971782213,-4.14345211733736,6.1511428584756995,0.9249001874058654,1.5060615810930027
SB84988_component_1291a,298.732341,-7.714903,8.656000137329102,22.424869537353516,298.73284982038786,-7.714730673658541,6.580517390950095,0.8078102339956769,1.315398109764641
SB84988_component_1295a,301.972939,-8.318065,9.911999702453613,49.809043884277344,301.97328766394196,-8.317979159591802,6.089928248409648,0.9995424473942972,1.6276053342733683
SB84988_component_1303a,304.299,-8.106493,9.315999984741211,28.316110610961914,304.29892472663437,-8.106499618337157,4.21813651292115,1.3563163145587707,2.2085582000971513
SB84988_component_1304a,303.432189,-6.999205,9.074000358581543,29.176851272583008,303.4323352339545,-6.999045939792544,4.244850564981746,1.312769637356864,2.137648951281884
SB84988_component_1305a,304.18236,-6.147421,9.576000213623047,24.744186401367188,304.18221700190145,-6.147245700013661,4.916156845210646,1.1962186092522615,1.947863039185182
SB84988_component_1307a,300.83632,-3.970644,8.887999534606934,47.5294075012207,300.8363777142176,-3.9702204937888204,7.4636178459277716,0.7313188474820088,1.1908433306853083
SB84988_component_1308a,298.944603,-8.827044,8.902000427246094,33.34082794189453,298.94476225296825,-8.827038624000325,6.085378420994446,0.8983636233045611,1.4628507565830833
SB84988_component_1309a,301.178633,-3.619933,9.357000350952148,39.81702423095703,301.1786634966711,-3.619571810254933,5.148613850890734,1.116088061142485,1.8173824299006895
SB84988_component_1314a,301.901938,-6.016714,8.809000015258789,43.825870513916016,301.90198699108015,-6.0162324376232545,5.030940169281129,1.075299875885704,1.7509649725207341
SB84988_component_1320a,297.945451,-8.143106,9.142999649047852,28.751571655273438,297.9456202902778,-8.143039023518133,4.984987326400121,1.1263588662805635,1.834106899455332
SB84988_component_1324a,305.226785,-6.606865,9.260000228881836,10.57077693939209,305.2272257195767,-6.606994450470743,3.4204105418129367,1.662588983788224,2.7072774205559877
SB84988_component_1329a,297.999087,-3.545505,8.763999938964844,23.06315803527832,297.99909104819903,-3.545257196525034,6.588764910925514,0.8168653815645502,1.3301430628420734
SB84988_component_1334a,303.120988,-4.393574,9.284000396728516,35.84556198120117,303.12105117953814,-4.393049308681636,5.5102086386077085,1.0347114249939986,1.684872752672093
SB84988_component_1335a,303.568427,-8.611701,8.517000198364258,33.140079498291016,303.5685021791639,-8.611549042135046,4.382613916330075,1.193453716822139,1.9433608255176276
SB84988_component_1336a,304.571381,-3.368817,8.093999862670898,11.938053131103516,304.5714945022416,-3.368666869017961,4.796625561986417,1.0362857174694735,1.6874362524388804
SB84988_component_1337a,298.912795,-3.309626,9.147000312805176,33.14130783081055,298.9128073666684,-3.3091016568077767,4.591810010489851,1.223339280574867,1.9920249949168476
SB84988_component_1339a,304.477115,-8.82075,9.027999877929688,16.84328269958496,304.47696328671225,-8.820876563763427,5.2209582696315175,1.061924058213088,1.7291844545937851
SB84988_component_1341a,301.873786,-9.465457,9.352999687194824,31.4915828704834,301.87394512529636,-9.465194486741101,5.885050241809591,0.9760068874558496,1.5892811960631412
SB84988_component_1348a,297.819614,-3.162254,7.73799991607666,11.849923133850098,297.8195381002174,-3.162008260623776,6.223406653045492,0.7635767185612508,1.2433704476454202
SB84988_component_1349a,298.440329,-4.001174,8.996999740600586,38.12287902832031,298.4402727911801,-4.000924136528845,8.93950658247266,0.6180680540391553,1.0064313569879406
SB84988_component_1353a,301.138413,-6.46355,8.446999549865723,46.412086486816406,301.13833746203824,-6.4628867606527365,6.269873459787436,0.8273624997565451,1.3472360493463764
SB84988_component_1355a,301.617609,-2.959491,8.482000350952148,18.123931884765625,301.6177438770377,-2.9591634288063866,6.56756304357999,0.7931332796675884,1.2914988854570013
SB84988_component_1358a,298.396804,-4.867538,8.788000106811523,34.462745666503906,298.39683618453455,-4.8672540026363125,13.300305703115951,0.40577059122442966,0.6607367005671682
SB84988_component_1361a,299.922555,-9.080958,8.701000213623047,34.1215705871582,299.9229085643096,-9.080816256182587,5.862964073987916,0.9113896320322467,1.484061662978046
SB84988_component_1362a,301.260212,-5.436705,9.392999649047852,55.91071319580078,301.2601307785083,-5.436445058535265,5.559813557956055,1.0375193741728128,1.689445077813182
SB84988_component_1363a,301.058836,-9.073968,8.748000144958496,42.05769348144531,301.0592263448289,-9.073750982034383,5.908163959147006,0.9093024891706681,1.4806630630849136
SB84988_component_1369a,300.791718,-2.592054,8.817999839782715,16.359926223754883,300.7920743864919,-2.5918081046187926,5.898689934859476,0.9180506786435172,1.4949081808268982
SB84988_component_1372a,303.287449,-5.669126,8.140000343322754,30.601505279541016,303.28745726033213,-5.668522235003559,3.6088417001894615,1.3851880244705537,2.255571460198825
SB84988_component_1373a,301.025,-7.001021,9.409000396728516,59.55063247680664,301.0252124447332,-7.000311562738474,3.5046256659763158,1.6487468814301622,2.6847376277795316
SB84988_component_1387a,304.384025,-8.964886,8.052000045776367,16.432653427124023,304.3839471456444,-8.96468030043808,3.9764127522179664,1.2435534256806153,2.024940705988109
SB84988_component_1388a,299.69156,-4.925993,8.361000061035156,42.227272033691406,299.6917698370627,-4.925594474676036,15.743106908682767,0.32615190488028367,0.5310895815884874
SB84988_component_1392a,302.547927,-8.43611,8.006999969482422,38.311004638671875,302.54827972505,-8.435875951442945,8.85847162453789,0.5550896962525561,0.90388052350962
SB84988_component_1394a,301.018172,-6.453128,7.77400016784668,38.29556655883789,301.0181827344692,-6.4525582569663955,5.238003026462848,0.9114459889981663,1.484153431865494
SB84988_component_1397a,299.76298,-9.801749,8.359000205993652,16.454723358154297,299.76315346925406,-9.801455146130698,4.0525667492868385,1.2667073676325364,2.062643436401054
SB84988_component_1403a,298.165909,-9.760617,6.692999839782715,10.36068058013916,298.1661832804093,-9.760720261512892,7.025077296234572,0.585088881067467,0.9527297078097845
SB84988_component_1405a,303.254886,-8.638849,8.607999801635742,34.99186706542969,303.2551498630098,-8.63876077721418,5.6688568219556466,0.9325215944224339,1.5184719021825899
SB84988_component_1417a,299.463727,-5.23831,8.47700023651123,37.84375,299.4639213474345,-5.237950180798077,5.510157368696641,0.944779215068722,1.5384316035453556
SB84988_component_1419a,297.405149,-7.663951,7.39300012588501,13.490877151489258,297.4055188905075,-7.66397988233983,4.0472842739357935,1.1217837420001455,1.8266569940479287
SB84988_component_1420a,300.264544,-7.084009,7.568999767303467,43.5,300.26467069968675,-7.083722821483058,3.988648458394792,1.1653727750926026,1.8976352130941032
SB84988_component_1422a,300.099443,-8.904481,8.022000312805176,38.20000457763672,300.09978220390315,-8.90437955147144,5.380898627470243,0.9155456461498942,1.49082911018835
SB84988_component_1423a,300.236195,-9.315059,8.383000373840332,34.35655975341797,300.23635167282634,-9.314950004002313,6.923754359667042,0.74354964623681,1.210759356610604
SB84988_component_1426a,300.215106,-2.831388,8.187000274658203,23.938596725463867,300.2150146165539,-2.831159718367745,4.741228991452722,1.0604397802440975,1.7267675299837584
SB84988_component_1427a,299.637973,-6.47488,8.022000312805176,42.67021560668945,299.63803269932964,-6.474438421403724,3.740180390375245,1.3171713116917498,2.1448164194027934
SB84988_component_1430a,300.62502,-2.589358,8.298999786376953,15.283609390258789,300.6251691145277,-2.5887332008455948,3.6327025958775443,1.4029689082960286,2.2845249693148033
SB84988_component_1431a,297.779721,-7.138969,7.638000011444092,24.718448638916016,297.77982153582053,-7.139027520396878,5.006746789076174,0.9368631653778328,1.5255415009420572
SB84988_component_1436a,302.400752,-3.931379,7.798999786376953,32.09465026855469,302.40096084182966,-3.9309508633269945,3.906498383617815,1.2260364923291633,1.996417000729509
SB84988_component_1437a,303.345339,-7.927884,7.7779998779296875,33.38197326660156,303.34528994566494,-7.927750463806894,3.350580946444066,1.4256074456617174,2.321388440468627
SB84988_component_1438a,299.74039,-3.990076,8.803000450134277,41.32863998413086,299.7405973320723,-3.9897730548696813,6.327125227006919,0.8544298875216176,1.39131124077634
SB84988_component_1442a,300.694747,-8.309154,7.820000171661377,39.8979606628418,300.6949258069549,-8.308943979272,6.493390598651205,0.7395837700522372,1.2043015205778216
SB84988_component_1447a,297.341911,-4.400808,8.003000259399414,10.800270080566406,297.34195241868053,-4.400487382666018,5.459978457042162,0.9001482453240286,1.4657567465449095
SB84988_component_1448a,302.486954,-4.19212,8.302000045776367,32.68503952026367,302.4871503089872,-4.1917829502951385,4.389440223200102,1.1615174260204024,1.8913573539278843
SB84988_component_1450a,298.939906,-9.870478,8.07800006866455,13.576470375061035,298.93996992241944,-9.870350495322016,6.445562612516233,0.7696533400794001,1.2532653166658236
SB84988_component_1451a,303.113867,-8.088812,8.29800033569336,34.14814758300781,303.1142128821797,-8.088575933947876,6.239686636681353,0.816700470829897,1.3298745303829462
SB84988_component_1453a,300.803826,-3.730914,7.9039998054504395,37.10797882080078,300.80382176354397,-3.73042933448439,3.189950669924787,1.5216511243028747,2.4777812020637926
SB84988_component_1456a,303.848395,-8.282017,7.22599983215332,28.337255477905273,303.84834709636675,-8.281812170823402,4.303896397521407,1.0310702972752412,1.6789437209303502
SB84988_component_1460a,299.757283,-8.87482,7.757999897003174,30.908367156982422,299.75753757971745,-8.874718734927962,6.6601828963719045,0.7153453383493689,1.164832860855713
SB84988_component_1462a,298.939611,-7.946165,7.041999816894531,14.255061149597168,298.93981158535104,-7.9459093982199835,4.5130214044441,0.9582542488289751,1.560373680027326
SB84988_component_1463a,302.641819,-8.481205,7.870999813079834,36.271888732910156,302.6419331644873,-8.480892387660964,4.066843592659605,1.18856946657122,1.9354075547155265
SB84988_component_1464a,300.36522,-9.876495,7.88100004196167,19.555831909179688,300.3654509493796,-9.87649665438805,3.4327481206191197,1.409910449134528,2.2958282300480226
SB84988_component_1465a,304.089285,-7.86183,7.964000225067139,27.846153259277344,304.0896567937871,-7.8622212201090385,4.481538463641084,1.0913304498183292,1.777068363839654
SB84988_component_1466a,303.425095,-3.442983,8.178999900817871,29.850366592407227,303.4249922784113,-3.442762166740265,4.6199102234568175,1.0872234328678143,1.7703807011855717
SB84988_component_1467a,299.66335,-2.473834,7.489999771118164,12.504173278808594,299.6635586829367,-2.473512794900865,12.801690029694898,0.35930779122214496,0.5850789820519247
SB84988_component_1470a,304.557135,-5.272208,7.205999851226807,15.299363136291504,304.5571785326914,-5.27200310761188,8.287668118492522,0.5339665292690404,0.869484606308962
SB84988_component_1473a,299.98869,-4.812216,7.873000144958496,34.83628463745117,299.9888863189105,-4.811900614433668,4.330191452318161,1.1165683119296448,1.8181644464573727
SB84988_component_1476a,300.839492,-3.253403,8.711000442504883,34.98393630981445,300.8394584563423,-3.252970424599973,4.6123096519762505,1.1598497062463646,1.8886417217830234
SB84988_component_1478a,297.243463,-6.505627,7.947999954223633,15.49317741394043,297.24305033155673,-6.505685069850828,8.057413362447232,0.6057791882437451,0.9864207775744092
SB84988_component_1484a,300.659228,-9.393914,7.565000057220459,32.74891662597656,300.6594740481739,-9.393709100196414,3.4659616908761057,1.3404089373939112,2.1826554162830987
SB84988_component_1489a,297.528374,-7.27856,7.083000183105469,17.886363983154297,297.52860641412434,-7.278518215675701,4.545423336532335,0.9569627941594716,1.5582707393122661
SB84988_component_1492a,299.25626,-7.602301,7.673999786376953,14.21111011505127,299.25660665763684,-7.602000954273084,3.8830611620001383,1.2136674067277105,1.9762757953635035
SB84988_component_1496a,300.574237,-8.926464,7.9730000495910645,38.51690673828125,300.57454473576365,-8.92637552236907,6.793242318097316,0.720770158978223,1.1736663696436758
SB84988_component_1500a,302.30425,-5.966985,8.413000106811523,23.240331649780273,302.30447363626024,-5.966332645377627,4.647437006145266,1.1117049003817998,1.8102451083655542
SB84988_component_1501a,297.898323,-5.864919,7.5370001792907715,27.209386825561523,297.8981752961469,-5.864897218049721,8.546614397650204,0.5415724368070214,0.8818696888165429
SB84988_component_1512a,299.883871,-9.447725,7.4029998779296875,24.594684600830078,299.88404052095416,-9.447496474292626,4.8991631559802045,0.9279786333145165,1.5110743696896793
SB84988_component_1515a,302.82908,-8.228962,7.504000186920166,29.77777862548828,302.82945173592236,-8.228893609620073,4.980544892836239,0.9252692187571792,1.506662493437924
SB84988_component_1518a,300.084595,-6.193434,7.419000148773193,44.16071701049805,300.08480692965094,-6.193089631603718,5.37439789245538,0.8477498098202355,1.3804337336444779
SB84988_component_1519a,304.159989,-5.216977,7.372000217437744,22.544343948364258,304.16002915572534,-5.21673333834882,4.429868641720226,1.0219899579231304,1.6641577468028526
SB84988_component_1523a,303.57042,-3.21282,7.105999946594238,21.1488094329834,303.57038259478725,-3.2127470620900858,4.10025269240634,1.064306500841176,1.7330639059769504
SB84988_component_1527a,298.7871,-8.344089,7.456999778747559,23.376174926757812,298.7872561462614,-8.344078157033117,6.472862137652229,0.7074893559119586,1.152040568788058
SB84988_component_1528a,302.848082,-5.21105,6.8420000076293945,28.1563777923584,302.8481927311223,-5.210790137653438,3.58883764417321,1.1707964477009971,1.9064668525025021
SB84988_component_1530a,301.377112,-5.108155,7.406000137329102,43.822486877441406,301.3772634414629,-5.108066547788742,3.901168980975737,1.1658457417943278,1.8984053686074263
SB84988_component_1532a,301.436337,-9.620862,7.38700008392334,23.82903289794922,301.4365914424286,-9.620638377017285,3.6495036940852152,1.2430438058474067,2.0241108663338303
SB84988_component_1533a,304.526166,-9.001175,6.26800012588501,10.641766548156738,304.5260876911026,-9.000867027656902,3.665120866403468,1.0502503448178206,1.7101755588310819
SB84988_component_1536a,297.534858,-3.537699,7.071000099182129,10.649096488952637,297.53464995370433,-3.537378743083214,3.2485251821306287,1.336739381872113,2.176680094117181
SB84988_component_1538a,301.334304,-9.635841,7.99399995803833,24.672840118408203,301.33455438641107,-9.635849589354459,3.625064936084171,1.3542551273282881,2.205201865066043
SB84988_component_1543a,302.03942,-5.576823,6.736999988555908,36.41621398925781,302.03947709960363,-5.576437225266546,4.746866309190866,0.8715888857753431,1.4192521022788767
SB84988_component_1546a,301.659743,-4.775944,7.086999893188477,34.23671340942383,301.65972675074545,-4.775701054988802,9.792804557914499,0.44443420541476075,0.7236946118219827
SB84988_component_1549a,303.316267,-4.643861,6.883999824523926,27.42629623413086,303.31646778676145,-4.64354505059169,4.0536043216668824,1.042921531480398,1.698241682773112
SB84988_component_1552a,301.106827,-3.336166,7.538000106811523,28.553030014038086,301.106661755945,-3.3357844720775467,4.116788549357696,1.1244747706160256,1.831038931544737
SB84988_component_1556a,298.329526,-6.73896,7.631999969482422,30.16600799560547,298.3295839306867,-6.738532425950777,4.668438284081638,1.0039656997579924,1.63480793898591
SB84988_component_1557a,302.674789,-3.566839,7.603000164031982,27.849817276000977,302.67484510182686,-3.5665446018336753,4.026463682258996,1.159613735986147,1.8882574795177134
SB84988_component_1559a,297.282331,-6.225908,7.934999942779541,15.744047164916992,297.28209333214346,-6.226034130174759,4.000724259741158,1.2180369010550667,1.983390863156594
SB84988_component_1561a,302.970415,-9.224931,7.1529998779296875,23.923076629638672,302.97051897016087,-9.224685025327437,3.722468997738172,1.1800740644876828,1.921574063417575
SB84988_component_1567a,304.332155,-8.233043,7.48199987411499,20.167116165161133,304.3322121995843,-8.233034209911741,3.948165203638968,1.163789721864853,1.8950574477529303
SB84988_component_1571a,303.177338,-3.323268,6.821000099182129,19.88629722595215,303.1772173792426,-3.3228694611151495,3.282990740025711,1.2759408313601934,2.0776787506652274
SB84988_component_1572a,302.663429,-2.713092,7.447000026702881,12.973867416381836,302.6634244723829,-2.712497369202761,6.444857000664632,0.7096107845504629,1.1554949979394271
SB84988_component_1594a,303.440416,-5.328999,6.658999919891357,20.680124282836914,303.4405497507533,-5.328778885723802,2.567207247151065,1.5929429310666336,2.59386924342829
SB84988_component_1596a,301.975699,-5.285394,7.375999927520752,40.08695602416992,301.9757619377848,-5.285112587895546,3.349686309416252,1.352287093193264,2.2019972159142758
SB84988_component_1599a,303.109892,-5.684976,6.065000057220459,24.958847045898438,303.1098785708129,-5.684511015985871,3.7453403099415725,0.99446994403746,1.6193455214527817
SB84988_component_1601a,304.618136,-5.423707,6.5970001220703125,14.467105865478516,304.6180452966131,-5.42386647092632,2.3743464392429283,1.7062966679623341,2.778448845137274
SB84988_component_1607a,303.592065,-7.950803,7.166999816894531,31.85333251953125,303.59213515552585,-7.950820901747575,12.17533903746406,0.36150013787804497,0.5886488905845951
SB84988_component_1610a,300.24427,-8.51598,6.9029998779296875,33.02870559692383,300.24454786028673,-8.515860113259517,5.541316036729205,0.76502756424834,1.2457329327861661
SB84988_component_1616a,304.630109,-3.879891,7.238999843597412,11.965288162231445,304.63022296237347,-3.879697183192241,3.4711732497405112,1.2807206569430702,2.0854619815183715
SB84988_component_1623a,299.417388,-6.689784,6.675000190734863,36.47541046142578,299.4173073073472,-6.689274388176212,4.222259040399412,0.9708643309342115,1.5809073121443136
SB84988_component_1625a,302.805124,-5.977952,6.2870001792907715,21.75432586669922,302.80534383936276,-5.977693103140833,3.0303920861037787,1.2740802599719547,2.074649088519124
SB84988_component_1627a,301.503927,-4.064939,7.0960001945495605,31.259912490844727,301.5040546208509,-4.064537283695574,3.1496696917130595,1.3835687516592126,2.252934716684577
SB84988_component_1629a,299.047457,-8.214513,7.60699987411499,22.505916595458984,299.04791200833535,-8.214344534953673,4.525038011211721,1.032388872211717,1.6810908229427177
SB84988_component_1632a,304.600635,-4.778834,6.835000038146973,11.35382080078125,304.600654739067,-4.778829987339511,3.9205537226110243,1.0706394687650604,1.7433761967671686
SB84988_component_1634a,297.947199,-9.313231,6.413000106811523,12.168880462646484,297.9475270488253,-9.313376808506572,3.723378525353245,1.0577333432209213,1.7223605022009165
SB84988_component_1637a,303.930564,-2.827982,7.111000061035156,12.475439071655273,303.93044078764325,-2.8275006777220137,5.804834549287379,0.7523033121816726,1.225013391967929
SB84988_component_1641a,301.013551,-3.384596,7.056000232696533,28.337350845336914,301.0133173323654,-3.3843344031258753,4.072549038609819,1.0640067948311915,1.7325758795786355
SB84988_component_1643a,303.360277,-4.850088,5.8470001220703125,21.655555725097656,303.36024802400857,-4.849654301602872,5.490799051278247,0.6539577491347673,1.0648723560023823
SB84988_component_1644a,302.141517,-4.322185,7.329999923706055,15.628996849060059,302.1415358506087,-4.321916266557072,11.157649387939415,0.4034441265732149,0.6569484009444889
SB84988_component_1645a,299.931006,-9.653556,6.288000106811523,17.762712478637695,299.93124689993186,-9.653358263113248,4.8561151482942,0.7951987736873966,1.294862233450189
SB84988_component_1649a,301.753664,-6.518529,6.455999851226807,28.31578826904297,301.7535223785188,-6.518041539770692,3.7853130562858426,1.0474030793934248,1.7055392130661573
SB84988_component_1650a,301.209188,-3.000126,6.5970001220703125,18.741477966308594,301.2094821766627,-2.999826446161175,3.9021183585947083,1.0382410387283774,1.6906202005738562
SB84988_component_1651a,298.779027,-9.730185,6.6570000648498535,13.782608985900879,298.7789926202683,-9.730023570283356,3.632058390124896,1.1255839113685553,1.8328450013219468
SB84988_component_1666a,302.096595,-2.750953,7.13700008392334,13.0,302.0968721424583,-2.750328696117108,7.608426678157209,0.5760669763897046,0.9380388858070653
SB84988_component_1669a,299.851847,-4.113262,6.453000068664551,29.067567825317383,299.8519858869749,-4.112870371995848,3.8596518636734136,1.0267522745083537,1.6719124668728347
SB84988_component_1671a,303.821917,-5.787465,6.09499979019165,19.91830062866211,303.8220441633366,-5.787094262953399,2.935820247368914,1.2749594465021419,2.076080712248646
SB84988_component_1673a,300.436182,-5.531707,6.692999839782715,37.39105987548828,300.43613700451,-5.531179783362007,4.267611445311208,0.9631370304769197,1.5683245594292008
SB84988_component_1674a,297.659555,-8.09232,6.35099983215332,14.90845012664795,297.65983488199544,-8.092200470374515,4.004422900399595,0.9739895612452169,1.585996282140821
SB84988_component_1680a,304.065488,-5.179836,6.230000019073486,18.597015380859375,304.06540099324906,-5.179710337614672,3.0130243661466203,1.2698064876092026,2.0676898896244507
SB84988_component_1682a,298.669583,-8.793674,6.284999847412109,21.37755012512207,298.6699548144411,-8.793658027325497,3.1997870585666193,1.2062472363139107,1.9641931579745642
SB84988_component_1685a,303.819865,-2.982382,7.105999946594238,15.968539237976074,303.8199000930716,-2.9820764801497743,4.153454459689891,1.0506737555382817,1.7108650198429751
SB84988_component_1688a,302.304907,-7.422074,6.3520002365112305,25.821138381958008,302.3053018058175,-7.421988851276339,4.124661839932205,0.9457455233778364,1.5400050920575914
SB84988_component_1693a,301.051739,-7.134894,6.363999843597412,36.57471466064453,301.0521241857482,-7.134634939596987,3.43577736568182,1.137515395955105,1.852273638904567
SB84988_component_1694a,301.926508,-5.404187,6.36899995803833,33.87765884399414,301.9263602490799,-5.403771168544077,4.573337187533036,0.8552442456408729,1.392637301137622
SB84988_component_1697a,303.03036,-5.435954,6.228000164031982,25.52459144592285,303.0303770182182,-5.435650968935611,3.216181088111308,1.1892146725628192,1.9364581761437305
SB84988_component_1699a,298.241152,-4.206998,6.764999866485596,27.839506149291992,298.2411693915584,-4.206911495789221,3.76163422604528,1.104443151308147,1.7984204364276652
SB84988_component_1716a,303.736843,-4.43724,6.026000022888184,23.724409103393555,303.73679211331876,-4.436974235898999,3.017975952048386,1.2262118012262997,1.9967024650405731
SB84988_component_1721a,301.255082,-7.699678,6.482999801635742,37.04571533203125,301.2552791603348,-7.699395258018707,2.831801629137012,1.4059352456255214,2.289355205862859
SB84988_component_1722a,297.769712,-6.408744,6.744999885559082,23.749998092651367,297.769315162618,-6.408464709329499,3.198936773573098,1.2948767339925273,2.108513035106086
SB84988_component_1727a,301.76773,-3.458093,6.158999919891357,20.667783737182617,301.7677428861308,-3.457783435199337,2.8312292625265756,1.3359410583354987,2.1753801436747993
SB84988_component_1730a,298.465385,-5.504403,6.329999923706055,31.182266235351562,298.46555461392444,-5.504094864721666,2.734336677385382,1.421686548314994,2.315003845744009
SB84988_component_1732a,301.982384,-7.657434,6.801000118255615,31.197248458862305,301.98241875940647,-7.657252339596841,3.3236550606944997,1.25663448848822,2.046241259715592
SB84988_component_1736a,304.257327,-3.09786,6.8460001945495605,10.747252464294434,304.2571731890957,-3.0977466397665827,4.66228215325948,0.901759013186699,1.4683796410226708
SB84988_component_1754a,300.492614,-5.97465,6.644999980926514,38.859649658203125,300.49249438794726,-5.974448125365748,3.9359976907379166,1.0367935494144889,1.6882631807847215
SB84988_component_1755a,301.24813,-8.789235,6.140999794006348,28.696260452270508,301.248781372375,-8.789030975316996,2.737489434095827,1.3776495942543348,2.2432962544144672
SB84988_component_1768a,301.252697,-3.196659,5.599999904632568,18.360654830932617,301.25277606615964,-3.1964719883252055,3.6966577368388864,0.9303169093143725,1.5148819023265276
SB84988_component_1770a,302.791715,-8.744881,6.025000095367432,26.19565200805664,302.79187267201445,-8.744733083992884,3.1523574846367963,1.1737449424194781,1.9112680350279534
SB84988_component_1771a,300.029896,-4.165409,6.460999965667725,31.364076614379883,300.02993803644614,-4.165153902091746,5.841337618490941,0.6792655164354082,1.1060822687624188
SB84988_component_1777a,302.065209,-9.483928,6.045000076293945,19.754901885986328,302.06543681707154,-9.483633702896817,4.118383048098805,0.9014086276101702,1.4678090905323964
SB84988_component_1785a,303.810593,-9.685415,6.291999816894531,10.999999046325684,303.8108274757353,-9.685497899749365,3.7225287272658867,1.0380129717251394,1.6902488275801335
SB84988_component_1791a,297.878959,-7.830453,5.999000072479248,18.45846176147461,297.87914441572457,-7.830383149824206,3.3435913858994497,1.1018381541338647,1.7941785882623558
SB84988_component_1802a,297.801523,-9.002805,6.3379998207092285,13.718613624572754,297.8012557769323,-9.002811474261676,4.716109964583928,0.8253163277135859,1.3439041643017309
SB84988_component_1803a,301.76101,-5.888965,5.382999897003174,21.27667999267578,301.7609648258268,-5.888559140418219,3.8125844828840485,0.8670757354740658,1.4119031122245917
SB84988_component_1804a,301.155645,-9.261003,5.914999961853027,27.133028030395508,301.1556834884643,-9.260923104296674,3.5700276065904015,1.0175020880195862,1.6568499220940816
SB84988_component_1805a,302.693419,-2.776837,5.789999961853027,13.985507011413574,302.69331260005805,-2.776455019563186,4.374751006921728,0.8127881411940627,1.3235038868936984
SB84988_component_1807a,303.021448,-6.141951,6.107999801635742,20.092105865478516,303.0214253284225,-6.141517654493771,2.328533387844882,1.6109003735710121,2.6231102519379608
SB84988_component_1809a,298.298002,-6.609179,6.210000038146973,25.141700744628906,298.29782288571823,-6.608685192924556,5.16589451047857,0.7382410776396551,1.2021151468638247
SB84988_component_1813a,302.579284,-5.114011,6.181000232696533,28.223745346069336,302.5793436225489,-5.113562634630543,3.5667734454586837,1.0642296947576948,1.7329388387609415
SB84988_component_1817a,298.75878,-7.713772,6.2220001220703125,16.203125,298.7589331851613,-7.713867417720143,3.91879961365093,0.9750549606788856,1.5877311257243942
SB84988_component_1823a,303.666535,-6.197203,4.926000118255615,16.25742530822754,303.6664334356422,-6.196829312332148,2.7220888708800066,1.1113331148410042,1.809639711235115
SB84988_component_1824a,303.717083,-8.838209,6.014999866485596,21.179576873779297,303.7173069023536,-8.837975125149706,2.659323468022956,1.3890458884586285,2.26185341452929
SB84988_component_1826a,301.795519,-3.639178,5.500999927520752,18.58445930480957,301.79572147836615,-3.6388359777041916,2.5447964081582923,1.3275189631207749,2.161666021645287
SB84988_component_1828a,298.446769,-4.062168,5.64300012588501,22.846155166625977,298.44691839944886,-4.06194395367127,6.257502846602046,0.5538104439166793,0.9017974524692827
SB84988_component_1832a,300.190945,-6.553913,5.783999919891357,34.023529052734375,300.1909884611391,-6.55322799907466,2.8546101081802613,1.2443243974088394,2.0261961181026242
SB84988_component_1837a,300.831383,-4.200859,6.039000034332275,33.737430572509766,300.83115696725775,-4.200558379596208,1.8528907954575906,2.001554157453548,3.2592314933708124
SB84988_component_1844a,299.799086,-7.086231,5.709000110626221,30.206350326538086,299.7993285777419,-7.086074511381602,3.3573230402592933,1.0442850434277202,1.7004619579846276
SB84988_component_1848a,299.622784,-7.756032,5.447999954223633,21.79199981689453,299.6230644034229,-7.7560082099161285,3.9960518478313856,0.8372557102963012,1.363345662589489
SB84988_component_1849a,301.780055,-5.28657,5.73799991607666,29.425642013549805,301.7798171214618,-5.286424083408833,3.3095401961215503,1.0647435424068112,1.7337755627809028
SB84988_component_1861a,299.498783,-3.082244,5.269999980926514,17.0,299.4988603977687,-3.0817118629951232,3.2237831410019413,1.0039149722290752,1.634725336794402
SB84988_component_1863a,303.273418,-5.904876,5.081999778747559,20.9135799407959,303.273786758935,-5.90452592734868,2.5245253230523197,1.2362521156971011,2.013051615027209
SB84988_component_1873a,303.482007,-4.294358,5.316999912261963,21.18326759338379,303.48212961469227,-4.293887003102272,1.9786103379261033,1.6502833450090613,2.6872395288478175
SB84988_component_1874a,301.564724,-8.402364,5.541999816894531,29.636362075805664,301.564736449278,-8.402132719350492,3.279181067307107,1.0378945862764453,1.6900560545885537
SB84988_component_1877a,299.398696,-3.807481,5.698999881744385,26.142202377319336,299.39879820098776,-3.807232652859395,6.031335610290197,0.5802795828464712,0.944898485174858
SB84988_component_1879a,303.468026,-8.817049,5.468999862670898,21.115829467773438,303.46828632319034,-8.816916254666058,3.3699936318076467,0.9966231471579245,1.6228516905942507
SB84988_component_1881a,302.192916,-8.930483,5.900000095367432,27.188941955566406,302.1931106297413,-8.930238194267313,5.11968348826935,0.7077193068091222,1.1524150094211896
SB84988_component_1886a,300.493097,-3.303717,5.124000072479248,21.62025260925293,300.49292447814463,-3.3033608833767385,4.2473980805638565,0.7408636692150746,1.2063856448790926
SB84988_component_1892a,299.540768,-6.287386,5.264999866485596,30.08571434020996,299.54108082709394,-6.287013380467403,2.7186798455273795,1.1893027806547085,1.9366016469895415
SB84988_component_1901a,300.275799,-5.230914,5.574999809265137,34.413578033447266,300.2757683686354,-5.230513807316978,4.15127125240788,0.8247377665331171,1.3429620639777382
SB84988_component_1907a,302.436276,-5.623217,5.64900016784668,24.24463653564453,302.43608255913165,-5.622675073458793,2.518804409154118,1.377302323706738,2.2427307762827704
SB84988_component_1913a,298.991845,-5.915538,5.708000183105469,26.548837661743164,298.991805448841,-5.915156061706432,3.449092822074017,1.0163217819292873,1.6549279702113437
SB84988_component_1915a,303.353994,-8.678864,5.840000152587891,24.53781509399414,303.3543777393278,-8.678811225242388,3.255520183899567,1.101652447412201,1.7938761926496645
SB84988_component_1916a,302.88196,-5.476234,5.494999885559082,23.185653686523438,302.88194547747753,-5.475758514159136,6.477106492149175,0.5210012768506859,0.8483726324740078
SB84988_component_1935a,300.446711,-8.152065,5.7779998779296875,28.463054656982422,300.4468759996469,-8.151923642329848,4.8201977352655705,0.7361474489591463,1.198705985784906
SB84988_component_1936a,302.358354,-9.029117,5.76800012588501,23.447154998779297,302.35842604451074,-9.028762213263523,5.681127678013807,0.6235091754557269,1.0152914091699439
SB84988_component_1938a,302.533851,-5.83445,5.330999851226807,19.966291427612305,302.5342405638835,-5.834236556113777,2.0753169008374046,1.5775254884138885,2.5687642446682295
SB84988_component_1949a,298.79926,-3.861106,5.434999942779541,24.59276008605957,298.7991456977361,-3.860769328139598,2.795420025642314,1.1940007765857465,1.944251630497181
SB84988_component_1952a,297.316342,-5.660272,5.480999946594238,10.961999893188477,297.31604310809234,-5.660482420257548,3.024915900103415,1.112752632867442,1.8119511839674138
SB84988_component_1958a,300.662031,-8.549598,5.386000156402588,25.770334243774414,300.6622018147996,-8.549356800883425,3.488653378578092,0.9481142579206777,1.5438622218747962
SB84988_component_1965a,300.012477,-9.628843,5.607999801635742,17.579936981201172,300.0128071764001,-9.628785223694903,3.3421733429840335,1.030460042421029,1.6779500122003497
SB84988_component_1966a,300.811626,-4.051157,5.682000160217285,30.063493728637695,300.81187102710487,-4.050971289209893,2.5726008806176353,1.356378712215455,2.2086598053457633
SB84988_component_1968a,303.295167,-7.297743,5.4770002365112305,18.756851196289062,303.2953328008191,-7.297606977422202,3.099679562872273,1.085120822364223,1.7669569145515314
SB84988_component_1969a,299.431915,-9.180735,5.185999870300293,17.94463539123535,299.4321243996302,-9.180615466974563,2.5839792836181,1.2325246436140491,2.006981984406172
SB84988_component_1978a,301.951341,-8.281616,5.255000114440918,24.905214309692383,301.9514938931898,-8.281456593789718,3.9625045586374936,0.8144324934197648,1.3261814684821078
SB84988_component_1986a,302.634946,-9.563755,5.302999973297119,13.425315856933594,302.6353311144085,-9.563743976927954,2.2960134027880965,1.4184020277593468,2.309655495415478
SB84988_component_1989a,299.993448,-6.942284,5.372000217437744,31.052024841308594,299.99344806881766,-6.941933043454071,3.713393431915701,0.8884176829079394,1.4466552806569664
SB84988_component_1990a,302.9087,-5.086147,4.894000053405762,19.975509643554688,302.9086254461038,-5.0857163126734894,3.2548748396396796,0.9233828709076739,1.5035908581810586
SB84988_component_1992a,302.150144,-5.243404,5.1539998054504395,26.430768966674805,302.1502581838117,-5.2428900729421315,2.4107075858873106,1.3129615281004776,2.13796141664913
SB84988_component_1994a,303.485911,-4.480248,4.789000034332275,16.686410903930664,303.4858127437374,-4.4795834568488955,3.1092869739757374,0.9458802775897016,1.5402245191310686
SB84988_component_1996a,299.17884,-3.337693,5.284999847412109,17.384868621826172,299.17878369143494,-3.3369659228960638,3.2325709702029175,1.0040354525800232,1.6349215210208843
SB84988_component_2013a,301.161377,-6.539954,4.954999923706055,28.15340805053711,301.16143761031265,-6.539462592369517,3.350810948547681,0.9081254853623207,1.47874648847428
SB84988_component_2024a,298.666066,-9.192676,5.136000156402588,16.408946990966797,298.66644947026583,-9.192789862701755,3.5332669300704556,0.8926900972435362,1.4536122682075914
SB84988_component_2026a,298.040011,-4.473816,4.875999927520752,16.756013870239258,298.0397787363285,-4.4737747093903995,2.935565219794636,1.0200561869542053,1.6610088900909732
SB84988_component_2030a,300.145005,-4.36018,5.216000080108643,22.97797393798828,300.1451759280075,-4.360044412093839,6.780135492155254,0.47244510546649116,0.7693061718521192
SB84988_component_2031a,300.502645,-8.640464,5.409999847412109,26.519607543945312,300.5028034982984,-8.640501054581623,3.2682875545456405,1.0165509021182637,1.6553010581604748
SB84988_component_2036a,303.444662,-9.088547,5.208000183105469,18.46808624267578,303.44488715850446,-9.088418553748928,3.5808084214028466,0.8931862772358654,1.4544202230917287
SB84988_component_2039a,299.948207,-6.061972,5.050000190734863,27.445653915405273,299.948195303736,-6.061461292776845,7.644928025208148,0.40566742086848134,0.6605687030777988
SB84988_component_2049a,300.552742,-8.8002,4.724999904632568,22.079439163208008,300.5528237839709,-8.800105903446807,2.5953844632701566,1.1180268693753204,1.8205394890432223
SB84988_component_2051a,297.882316,-6.454515,5.203999996185303,19.274072647094727,297.8820284941978,-6.454287654152509,3.202940865992664,0.9977931184407157,1.6247568137891504
SB84988_component_2052a,298.741147,-8.67502,4.934999942779541,16.900684356689453,298.7416692381139,-8.674923814554164,3.6521028467790924,0.8298436788577805,1.351276278304122
SB84988_component_2070a,297.946576,-8.207714,4.49399995803833,13.870369911193848,297.94700179881545,-8.207616615424454,2.690484180422037,1.0257812551873537,1.6703313071825565
SB84988_component_2074a,299.522917,-5.823208,4.885000228881836,22.204545974731445,299.52293221531204,-5.822854082265388,4.239245406384182,0.707665734841571,1.152327775486922
SB84988_component_2081a,304.155998,-6.117804,4.90500020980835,12.674419403076172,304.15610862571435,-6.117357407070479,2.0851081179822426,1.444649822603288,2.3523961023924813
SB84988_component_2083a,299.435201,-8.085545,4.375999927520752,14.684562683105469,299.43537753433367,-8.085331206515104,3.583302624345687,0.7499735654025821,1.221219747891043
SB84988_component_2086a,304.026808,-4.630229,5.123000144958496,17.191274642944336,304.02713687936244,-4.630239633775913,3.273158283000991,0.9611905629479054,1.5651550282687459
SB84988_component_2087a,298.830464,-6.672631,5.139999866485596,19.61832046508789,298.8306778510295,-6.672321838895115,3.2523417858930874,0.9705525750081347,1.5803996642604279
SB84988_component_2092a,298.581343,-8.239995,4.433000087738037,15.181507110595703,298.5816223476579,-8.240203953359458,3.064093905713811,0.8884803071612226,1.4467572548842382
SB84988_component_2095a,298.820182,-5.730854,5.295000076293945,25.09478759765625,298.8203493598109,-5.730612763606371,2.6421689665886263,1.230715076566416,2.0040353751979985
SB84988_component_2097a,303.724116,-7.523587,4.979000091552734,16.708053588867188,303.7244866543405,-7.523654397376412,2.3102093474125143,1.3235578706530002,2.1552159751796194
SB84988_component_2102a,299.630855,-7.949192,5.289999961853027,20.826770782470703,299.6311263482511,-7.949239322236402,5.331264624922862,0.6093650846655612,0.9922598734122241
SB84988_component_2105a,303.49976,-2.997439,4.816999912261963,12.777188301086426,303.4998194826698,-2.9967411421619556,4.587482217324431,0.6448435824358111,1.050031299101448
SB84988_component_2109a,303.285929,-6.792391,5.127999782562256,14.609685897827148,303.28590466105754,-6.791844169618151,2.839446718912866,1.1090890353112381,1.8059855634570965
SB84988_component_2111a,302.911109,-4.635023,4.22599983215332,17.608333587646484,302.91133711492347,-4.634431851903064,2.510045514582219,1.0339511397638503,1.6836347419208895
SB84988_component_2120a,301.567974,-8.117236,4.952000141143799,24.514850616455078,301.56844217818,-8.117107897537679,4.274967958840731,0.71137716738515,1.1583712881175985
SB84988_component_2125a,300.67003,-2.770566,4.593999862670898,11.23227310180664,300.6700500054409,-2.7703984474924526,2.4264751649496534,1.162698908174938,1.8932812208552807
SB84988_component_2130a,302.208944,-8.099071,4.36899995803833,17.406375885009766,302.2091687296487,-8.09872497657651,2.6411303132551387,1.0158845329587909,1.654215975679605
SB84988_component_2131a,303.326732,-5.556289,4.454999923706055,16.561338424682617,303.3268737830265,-5.555877256130697,2.6250574597462824,1.042223890866578,1.697105679407353
SB84988_component_2145a,301.220607,-9.642275,4.580999851226807,15.168874740600586,301.2205831216809,-9.642062552951252,3.789776607843761,0.7423330632315472,1.2087783331992283
SB84988_component_2146a,297.994082,-8.396167,5.111999988555908,16.983388900756836,297.99435649010684,-8.395932383336659,2.9867992215108234,1.051082855240347,1.7115311775024793
SB84988_component_2149a,299.245417,-6.014052,5.176000118255615,23.527273178100586,299.24518687783376,-6.013869751487299,2.392235854669787,1.3287473755253731,2.163666307463687
SB84988_component_2150a,303.975058,-5.539917,3.9230000972747803,13.621528625488281,303.975178165694,-5.539541424911785,2.8896505362157567,0.8337294306798024,1.357603643799877
SB84988_component_2156a,301.334711,-7.354768,4.874000072479248,26.064170837402344,301.3348834581327,-7.354674689474276,3.678464518463888,0.8137127058799224,1.3250094021607175
SB84988_component_2162a,301.619168,-9.161628,4.466000080108643,20.3926944732666,301.6195135211543,-9.161471053635275,2.7288358651146756,1.0050633800981392,1.636595347196144
SB84988_component_2165a,302.063377,-2.798311,5.013000011444092,10.487447738647461,302.06359318438103,-2.797805480261611,4.651345293765343,0.6618678141320778,1.0777527134275562
SB84988_component_2166a,298.786647,-7.587732,4.73799991607666,12.27461051940918,298.7866704765106,-7.587483449972047,3.0491609295689104,0.9542602638042114,1.5538700729536494
SB84988_component_2172a,299.127519,-9.634986,4.505000114440918,11.347606658935547,299.12779392771427,-9.634567872308434,2.383462722850707,1.1607496991713628,1.890107225613655
SB84988_component_2173a,302.463215,-5.935849,4.119999885559082,13.247588157653809,302.46316555630574,-5.935479455443448,3.2533094701875855,0.7777212472706528,1.2664026964890995
SB84988_component_2177a,303.916329,-8.830866,5.1020002365112305,15.139466285705566,303.91660547849057,-8.830987304029305,2.4784791842194873,1.2641754030484789,2.058520510882536
SB84988_component_2180a,299.181071,-6.811003,4.677999973297119,20.607929229736328,299.1811098635415,-6.810451194907438,2.5596553775843125,1.1223565746322726,1.8275897662879934
SB84988_component_2194a,298.314081,-6.066378,4.7220001220703125,19.04032325744629,298.31400903620613,-6.066231564161723,2.8092534835806866,1.0322554947281763,1.6808736376653455
SB84988_component_2195a,298.005804,-8.676135,4.449999809265137,14.354838371276855,298.0060003536841,-8.676189123334312,2.3995776284420494,1.1388783194913858,1.8544929559767338
SB84988_component_2198a,298.024017,-7.341124,4.857999801635742,17.66545295715332,298.02408019354874,-7.340786129700141,3.637849984332558,0.8200962844249674,1.3354041047756529
SB84988_component_2212a,302.121127,-5.96018,4.125,16.369047164916992,302.12132715691007,-5.959773658483162,2.754550181727097,0.9196559852829691,1.4975221825197005
SB84988_component_2214a,299.796857,-2.621878,4.848999977111816,10.94582462310791,299.7970335828364,-2.6214273777006944,3.174178144500552,0.9381515975771073,1.5276395200165405
SB84988_component_2222a,297.650096,-7.43221,4.081999778747559,11.37047290802002,297.64998795755923,-7.432337660070546,3.108174678949479,0.806528458521946,1.3133109301717945
SB84988_component_2224a,303.378357,-8.774731,4.090000152587891,16.76229476928711,303.3784924336951,-8.774570944239208,2.438175882776555,1.030173634096064,1.6774836390926255
SB84988_component_2229a,298.028426,-3.254004,4.61899995803833,10.594037055969238,298.0287527120325,-3.253597209469658,2.4116741302976554,1.1762008013062142,1.9152670338045383
SB84988_component_2245a,298.242694,-6.008054,4.269999980926514,16.423076629638672,298.2424488347499,-6.008092800420325,2.0762356520243417,1.2630000456790689,2.056606617251389
SB84988_component_2246a,301.646166,-7.731288,4.443999767303467,20.574071884155273,301.64663345820253,-7.731267007035221,3.0802613535745897,0.8860099476292502,1.4427346439763244
SB84988_component_2250a,302.672339,-8.607695,4.419000148773193,18.724576950073242,302.67256771417163,-8.607709235589853,3.9229674707153803,0.691769558150232,1.126443229968297
SB84988_component_2255a,300.582095,-3.506561,4.318999767303467,19.026430130004883,300.5821625147767,-3.5061903941070454,5.369867786905623,0.4939371882008514,0.8043028131596296
SB84988_component_2259a,298.348536,-2.988636,4.396999835968018,10.249417304992676,298.348953693412,-2.9883758346580382,3.1328423884394985,0.8619261173363364,1.4035177295204464
SB84988_component_2261a,300.909197,-4.205696,4.355999946594238,21.352941513061523,300.90919082244943,-4.205560191803119,2.465126692858093,1.0851774457589118,1.767049117278369
SB84988_component_2272a,301.763772,-6.362557,4.093999862670898,18.44144058227539,301.7635743990534,-6.362082749504854,3.314501251114026,0.7585457403563778,1.2351782523222394
SB84988_component_2298a,302.47089,-3.231975,4.585000038146973,15.542373657226562,302.47109544494987,-3.2316237971586386,2.3461577412389314,1.2001465277968222,1.9542590668800384
SB84988_component_2301a,300.900357,-3.425881,4.416999816894531,18.102458953857422,300.9002924558927,-3.4253939897508157,2.800761104393016,0.9685085346653751,1.577071250370634
SB84988_component_2309a,304.023807,-8.286878,3.822000026702881,13.797833442687988,304.02408389468366,-8.286810238532466,2.471461321414476,0.949705613595586,1.5464535065090395
SB84988_component_2311a,301.241661,-3.894534,4.284999847412109,19.655963897705078,301.24150314444177,-3.8943620061633655,2.9852657274110848,0.88149520284835,1.435383057550523
SB84988_component_2328a,300.8433,-4.05955,4.249000072479248,22.721923828125,300.84336752496847,-4.059606805453258,1.5531741242819257,1.6800365468078207,2.73568816660764
SB84988_component_2331a,299.678582,-8.795131,4.3470001220703125,14.989656448364258,299.67892764092244,-8.794885131661376,2.8328527647706747,0.9423620468517151,1.5344956067359226
SB84988_component_2337a,301.357862,-8.451592,4.431000232696533,22.95854949951172,301.3582573370294,-8.451733785895827,2.4374948890324686,1.116375242018662,1.8178500609924808
SB84988_component_2342a,299.923645,-3.861339,4.035999774932861,18.262441635131836,299.9237848039801,-3.8610511401170005,4.617563542291665,0.5367726636323822,0.8740539762945682
SB84988_component_2344a,302.570078,-9.12603,4.064000129699707,17.00418472290039,302.57068868429246,-9.125907786744694,2.35854348062281,1.0581858832608706,1.723097395951566
SB84988_component_2348a,303.971425,-8.183442,3.9549999237060547,14.812734603881836,303.97145846941424,-8.183402332398135,2.6261951060665782,0.924850699124483,1.5059809968307012
SB84988_component_2367a,299.775325,-3.039102,4.11299991607666,13.441176414489746,299.7750856049243,-3.038435055063529,3.970174594002779,0.6362110856270029,1.0359745695541018
SB84988_component_2373a,301.921171,-7.575654,4.201000213623047,19.630842208862305,301.92137830074745,-7.575628830283512,2.7246867459181656,0.9468654324449809,1.5418286964241068
SB84988_component_2376a,300.350073,-7.238775,4.3480000495910645,24.564971923828125,300.35029892624095,-7.2384131468664155,3.7511582353463626,0.7118300098904154,1.1591086743877634
SB84988_component_2391a,301.491189,-4.772385,3.9709999561309814,20.05555534362793,301.4912634469989,-4.772089559082146,3.010347630197821,0.8100939141907179,1.3191167413014133
SB84988_component_2396a,303.181327,-8.871591,3.888000011444092,15.428571701049805,303.181607991221,-8.87139466393241,2.56035290072014,0.9325638265223571,1.5185406708389806
SB84988_component_2404a,304.023894,-4.978218,3.9619998931884766,13.075906753540039,304.02398740629746,-4.978013147152413,3.5891367843119877,0.6779170971835358,1.1038865697474285
SB84988_component_2408a,298.332719,-5.27189,4.091000080108643,15.918288230895996,298.3327349300645,-5.271480910225265,4.33277383094947,0.5798499256313673,0.9441988526809751
SB84988_component_2414a,299.348924,-3.293333,4.077000141143799,14.50889778137207,299.34893026881116,-3.2928549888017558,2.5272676316765095,0.9906987814059659,1.6132047473101399
SB84988_component_2416a,301.356366,-7.26438,3.9089999198913574,21.129728317260742,301.3564956773962,-7.26422791177922,2.881519594682198,0.8330982491914438,1.3565758591769979
SB84988_component_2422a,299.177631,-3.272578,3.428999900817871,12.116607666015625,299.177674399518,-3.272219320121953,2.5244824039615676,0.8341559693753394,1.3582981982512061
SB84988_component_2426a,298.29447,-5.05285,4.043000221252441,15.14232349395752,298.29480783655816,-5.052412976700033,3.6262151839309307,0.6847031572359995,1.1149366532820324
SB84988_component_2433a,302.403092,-6.161163,3.3259999752044678,11.921146392822266,302.4028032019695,-6.160794506654725,2.8344825497141386,0.720610509140698,1.1734064037684406
SB84988_component_2444a,297.87889,-7.105104,4.056000232696533,13.565217971801758,297.87883113805054,-7.10470454866879,3.811382358620289,0.653533101017175,1.0641808800743873
SB84988_component_2448a,298.399029,-7.047857,4.0229997634887695,17.41558265686035,298.39920857403695,-7.047553470058148,2.7095470689799788,0.9118122964666193,1.4847499087746965
SB84988_component_2451a,299.889531,-7.252328,3.881999969482422,20.21875,299.8895895182427,-7.252112327782619,2.194745179652656,1.0862344221283617,1.7687702451620344
SB84988_component_2455a,303.288985,-3.309041,4.158999919891357,12.757668495178223,303.28893688797604,-3.308691387945744,3.1426051715193184,0.8127392401275901,1.3234242588230245
SB84988_component_2460a,298.268031,-7.909057,3.7119998931884766,15.531380653381348,298.2682996584951,-7.909111742050968,4.399185497776433,0.5181885559466843,0.8437925372923479
SB84988_component_2462a,299.463255,-7.151079,3.8559999465942383,15.54838752746582,299.4635547770391,-7.150771897293686,2.9715565886084128,0.7969024307138242,1.297636384034003
SB84988_component_2470a,299.820897,-7.4111,3.5980000495910645,18.171716690063477,299.8211822824846,-7.41086380742046,2.8211147006731307,0.7832358513805524,1.2753824042434592
SB84988_component_2473a,298.148647,-6.952117,3.5989999771118164,13.42910385131836,298.148619080792,-6.95181885045852,7.747703993958244,0.28527319191282274,0.4645247133755189
SB84988_component_2479a,300.933822,-7.510452,4.081999778747559,23.062145233154297,300.9339992414478,-7.5104888277718524,2.3978668216945205,1.0454422697498038,1.7023463279177857
SB84988_component_2483a,299.252541,-5.829196,3.806999921798706,16.480518341064453,299.25248700701337,-5.8287684438711755,2.2178136152826022,1.0541683185687045,1.7165553929172734
SB84988_component_2488a,300.413046,-5.575126,3.693000078201294,21.723529815673828,300.41293157998484,-5.575099439336065,2.7015260622738357,0.8395030776796929,1.3670051641452419
SB84988_component_2491a,300.047474,-8.07655,3.7860000133514404,18.65024757385254,300.04775617799083,-8.076410125071257,2.611809177681563,0.8902076149329347,1.4495699171683658
SB84988_component_2492a,298.341687,-5.444769,3.86299991607666,15.703250885009766,298.3417464666824,-5.444374950281668,3.622918236412052,0.6548145235393517,1.0662674849384326
SB84988_component_2517a,300.514567,-9.154971,3.683000087738037,16.817352294921875,300.51482387684695,-9.154580797785101,2.984619925126172,0.7578178535012691,1.2339929974776744
SB84988_component_2524a,303.058199,-3.555389,3.9070000648498535,14.912214279174805,303.05824460308816,-3.5552956152627853,2.5714023550907696,0.9330942614771457,1.5194044048046063
SB84988_component_2533a,300.01829,-2.90125,4.120999813079834,13.69102954864502,300.0180968467099,-2.901080594912983,2.7371656628156424,0.9245994888875875,1.5055719385434208
SB84988_component_2536a,304.037146,-6.547971,3.506999969482422,11.88813591003418,304.0370935466381,-6.547887859871285,2.7696490905687017,0.7776123533487699,1.266225379028907
SB84988_component_2548a,302.615813,-3.215335,3.7780001163482666,12.427632331848145,302.61548419019186,-3.215095599204556,2.298037008887624,1.0096180024473078,1.644011868275797
SB84988_component_2549a,298.250418,-5.681368,4.105999946594238,16.229249954223633,298.25048779925817,-5.681757805906334,4.106667814268838,0.6140185649994527,0.9998373699298786
SB84988_component_2555a,301.267585,-3.492307,3.6110000610351562,14.050583839416504,301.267433702034,-3.4919702416783522,2.510636593541263,0.8832746749829878,1.4382806616953774
SB84988_component_2556a,303.981391,-6.363377,3.4549999237060547,12.339285850524902,303.98104845289356,-6.363286039629989,2.1302765577800624,0.9960111294337849,1.6218551112943156
SB84988_component_2564a,297.94498,-7.356402,3.611999988555908,13.578947067260742,297.9452640993486,-7.3562708662713305,1.9658830254349926,1.128345769503765,1.8373422740941965
SB84988_component_2568a,301.979483,-6.348505,3.244999885559082,13.867521286010742,301.97921805802997,-6.348029698604307,1.617194375973755,1.2322663832404521,2.006561446026043
SB84988_component_2569a,300.805102,-8.881629,3.7160000801086426,18.126829147338867,300.8053151145526,-8.881711848403537,2.3526060159046662,0.970015443960532,1.5795250267094552
SB84988_component_2577a,301.615548,-8.101971,3.6540000438690186,15.41772174835205,301.6155713968088,-8.10156474543945,2.686536596263609,0.8352720028536964,1.3601154918012068
SB84988_component_2580a,298.634483,-3.373279,3.4010000228881836,11.809028625488281,298.6347616129458,-3.372977117970592,2.5848463325812663,0.808023594745756,1.3157455358252936
SB84988_component_2587a,299.618413,-6.947251,3.4660000801086426,18.24210548400879,299.61870512323594,-6.946892127489531,2.3625464702531493,0.9009492875595546,1.467061123981725
SB84988_component_2592a,299.072125,-7.066947,3.6070001125335693,12.268708229064941,299.0720468546939,-7.066432558130954,3.0267131872192192,0.7318583367541741,1.1917218082521677
SB84988_component_2599a,299.712825,-4.278148,3.565999984741211,17.829999923706055,299.7128830186594,-4.2778624873686475,1.668154063298391,1.3127962175246144,2.1376922331084134
SB84988_component_2602a,300.495345,-9.171271,3.634999990463257,17.392343521118164,300.49558607833274,-9.171014384378001,11.028706026048354,0.20241001211634305,0.3295944222176078
SB84988_component_2609a,304.156701,-6.560585,3.499000072479248,10.733128547668457,304.1564844626094,-6.5604231690935455,7.347499158970661,0.29245331187049745,0.47621646451055005
SB84988_component_2621a,299.578427,-6.124255,3.930999994277954,21.134408950805664,299.5786125700965,-6.123927330464164,2.494761811273548,0.9676673619799888,1.5757015265001282
SB84988_component_2622a,299.454566,-8.995338,3.2170000076293945,12.093984603881836,299.4548301161554,-8.995300458316576,3.517270437672829,0.5616909641600606,0.9146297006828665
SB84988_component_2625a,299.518582,-3.988448,3.8420000076293945,17.869766235351562,299.51868928860574,-3.98837352629803,2.6031175180587454,0.9063912909933989,1.4759226123968987
SB84988_component_2630a,300.788499,-7.578122,3.361999988555908,18.172971725463867,300.78890991555676,-7.577999432644955,2.557284896043489,0.8073665114520966,1.3146755739876448
SB84988_component_2632a,301.601381,-4.464107,3.5329999923706055,15.843049049377441,301.60140784496105,-4.463734415080358,3.2499886796031308,0.6675963071371817,1.0870807072478894
SB84988_component_2635a,301.981876,-5.941665,3.38100004196167,18.27567481994629,301.981635240186,-5.941022272929315,2.178408712746982,0.9531427487867175,1.5520503669388173
SB84988_component_2671a,298.244996,-5.405003,3.7209999561309814,16.537778854370117,298.24456063377585,-5.404743098146544,2.7605793068410356,0.8277736051189719,1.3479054729237128
SB84988_component_2677a,299.969564,-8.848582,3.311000108718872,13.19123649597168,299.9696669696916,-8.848401606414411,2.208577004213852,0.9206589649476575,1.4991553848480959
SB84988_component_2691a,300.077915,-4.0244,3.3340001106262207,17.45549774169922,300.07807565776585,-4.024113318821099,2.442895723977551,0.8381327634583615,1.364773812448189
SB84988_component_2701a,298.269842,-4.184218,3.688999891281128,14.523621559143066,298.2698870447272,-4.184445166945767,1.992767440972625,1.1368526043648315,1.8511943819598988
SB84988_component_2704a,300.718822,-7.368311,3.5380001068115234,18.819150924682617,300.7195473759457,-7.3680659346537025,2.0390378770443576,1.065576626936454,1.735132116299847
SB84988_component_2713a,301.504541,-5.236002,3.427000045776367,20.64457893371582,301.504427041235,-5.235486389902516,2.6829148771528115,0.7844393189337533,1.2773420711033519
SB84988_component_2718a,298.973643,-9.015106,3.2780001163482666,11.501754760742188,298.9740302308636,-9.01486428177723,2.0439107002453616,0.9849159822194352,1.603788323998088
SB84988_component_2720a,300.223121,-5.32672,3.0820000171661377,17.81502914428711,300.22341492625117,-5.326407053573751,2.5808469036643356,0.7333689717261931,1.1941816512983607
SB84988_component_2729a,299.180524,-4.314825,3.5739998817443848,14.182538986206055,299.1806704837175,-4.314258199843029,3.3450251613397657,0.6561562687702154,1.0684523163087087
SB84988_component_2734a,303.213438,-7.353136,3.2190001010894775,11.70545482635498,303.21341465544845,-7.352870032045304,4.059270664488393,0.48699568987008873,0.7929996216438998
SB84988_component_2787a,303.957803,-4.618295,3.244999885559082,11.757246017456055,303.9578502093752,-4.618429998220624,3.0256442994273556,0.6586412900733727,1.0724988017174533
SB84988_component_2793a,302.804113,-3.306994,3.3259999752044678,12.598484992980957,302.8039677206577,-3.3069128257182974,2.1314069214371854,0.958314385092948,1.5604716029362338
SB84988_component_2796a,300.843934,-7.726745,2.943000078201294,15.328125,300.84393052045704,-7.726746095182944,2.9187170894777275,0.6192277493708682,1.0083197473338916
SB84988_component_2800a,300.78593,-4.679279,3.0439999103546143,17.697673797607422,300.78619681227025,-4.678919756553128,2.7150667273604947,0.6885195324310668,1.1211510493202126
SB84988_component_2803a,302.446529,-4.436999,2.9749999046325684,10.438596725463867,302.446440909705,-4.436567241644947,4.240358681822406,0.43086031982620004,0.7015915699268118
SB84988_component_2804a,301.531306,-6.514528,3.072999954223633,13.904976844787598,301.53103194440644,-6.5139394939600574,2.196773411264111,0.8590717302203733,1.3988697871462792
SB84988_component_2830a,300.976773,-8.510754,3.3440001010894775,19.55555534362793,300.97691236074786,-8.51079558190529,2.531108687208698,0.811348849968664,1.3211602164651548
SB84988_component_2847a,299.265013,-4.71951,3.4830000400543213,15.143478393554688,299.2651029241227,-4.719372199043322,1.9291294130968049,1.108777116530645,1.8054776503889955
SB84988_component_2850a,301.80512,-8.356152,3.4019999504089355,16.12322235107422,301.8053792876388,-8.356229753002857,2.580731184454482,0.8095499880153557,1.318231038901502
SB84988_component_2864a,300.873913,-8.956233,3.117000102996826,12.827160835266113,300.87406692439424,-8.9559750433296,5.468775316773441,0.35002484598909733,0.569963094559139
SB84988_component_2894a,300.573958,-7.083984,2.875,16.812864303588867,300.57399713077893,-7.083688737784112,2.1273555117678042,0.8299461480300934,1.351443134020845
SB84988_component_2906a,300.705359,-4.549576,3.0,16.216215133666992,300.70504881062607,-4.54927008293052,2.1113698053165004,0.8725876976802918,1.4208785180340737
SB84988_component_2913a,300.326889,-3.450802,2.9560000896453857,13.94339656829834,300.32663614571703,-3.4505494575360993,1.5513335580512553,1.170176556603728,1.9054574525923593
SB84988_component_2940a,299.589146,-5.057784,3.2339999675750732,18.693641662597656,299.5893412775837,-5.05736646494238,2.9878204756414846,0.6647183217354243,1.08239433859584
SB84988_component_2963a,301.777473,-5.131227,3.007999897003174,17.798816680908203,301.7779832775064,-5.131029374657064,2.236993327922906,0.8257817216418706,1.3446619886864675
SB84988_component_2974a,299.026803,-4.352081,2.8540000915527344,12.144680976867676,299.0272561704167,-4.351698873896864,1.8949366919259454,0.9249354286889208,1.5061189662500183
SB84988_component_2994a,303.270908,-5.703396,2.753999948501587,11.195121765136719,303.27059734988217,-5.702793535162478,2.4136261036758686,0.7007225133778391,1.141021778106949
SB84988_component_2998a,300.596408,-6.09498,2.928999900817871,17.538921356201172,300.5964037598849,-6.094854424210634,3.5141250518272695,0.5118636419469764,0.8334933611127054
SB84988_component_3035a,300.086669,-8.206842,2.7869999408721924,15.483332633972168,300.0866855679355,-8.20669180157119,2.475315106516777,0.6914465350378469,1.1259172351571891
SB84988_component_3041a,301.566026,-5.059827,2.7760000228881836,15.862857818603516,301.5661276264088,-5.059526731326909,3.179470024567428,0.5361877255933463,0.8731014922104393
SB84988_component_3064a,300.903277,-4.601279,2.7829999923706055,14.803192138671875,300.9033531492841,-4.601136882649867,1.458856663499784,1.1715281248381162,1.9076582792542578
SB84988_component_3082a,300.237774,-5.211898,2.812999963760376,16.260116577148438,300.2380005882289,-5.211520619145588,2.148173677388613,0.8041785285727793,1.3094844208220382
SB84988_component_3106a,301.598254,-4.491774,2.6519999504089355,11.734513282775879,301.5982129741174,-4.491541746891684,2.1974047219039683,0.7411661829376707,1.206878243217334
SB84988_component_3118a,303.045099,-3.350622,2.930999994277954,10.212543487548828,303.04498879653113,-3.349992696967968,2.968117976222528,0.6064385432044136,0.9874944384819186
SB84988_component_3122a,297.93649,-5.847526,2.868000030517578,10.391304969787598,297.93644070462597,-5.847564741212743,2.690476967860514,0.6546392045684026,1.0659820042236718
SB84988_component_3132a,298.536499,-5.020953,2.450000047683716,11.342592239379883,298.53647494305267,-5.020598535069794,3.4449974029019033,0.4367463975068648,0.71117616681509
SB84988_component_3135a,301.471309,-8.523303,2.990000009536743,15.820106506347656,301.4716183320982,-8.52331311961641,2.7244943965223523,0.6739651001602615,1.0974513338523626
SB84988_component_3136a,299.456808,-3.418441,2.803999900817871,11.491803169250488,299.45688843926155,-3.418170266231831,2.5492858295566725,0.6754786075496046,1.0999158542004268
SB84988_component_3157a,302.680366,-8.22854,2.424999952316284,10.189075469970703,302.6808406238222,-8.228369756507927,3.141992086272514,0.4739786558022987,0.7718033291398803
SB84988_component_3172a,303.485922,-4.549948,2.7869999408721924,11.14799976348877,303.48558940535537,-4.549682948145346,2.083989853698556,0.8212842545707689,1.337338536426159
SB84988_component_3205a,299.825804,-5.37315,2.7639999389648438,16.355030059814453,299.82611863052705,-5.372601089269846,4.610643564210286,0.36815323167307207,0.5994824584620138
SB84988_component_3258a,300.632429,-6.945833,2.4010000228881836,13.488763809204102,300.63234513858777,-6.945438248448247,2.590703493489111,0.5691498043288628,0.9267753059824542
SB84988_component_3280a,300.421522,-4.485158,2.5339999198913574,12.066666603088379,300.4215536950022,-4.484721712949548,1.9772250736135515,0.7870505469064575,1.281594065191704
SB84988_component_3308a,301.665007,-4.316998,2.507999897003174,10.072288513183594,301.66452879780365,-4.316367068343243,1.8919398770078673,0.8140898137351408,1.3256234658839239
SB84988_component_3465a,300.10407,-3.512624,2.565000057220459,12.15639877319336,300.1040191016131,-3.5124642104260917,1.4569287760088627,1.081187946475367,1.7605528145631573
SB84988_component_3497a,302.035113,-7.841141,2.3269999027252197,10.388392448425293,302.0352135636712,-7.8410180415524255,2.6135575071062225,0.5467848112078522,0.8903572607061995
SB84988_component_3500a,301.986841,-8.466745,2.484999895095825,13.57923412322998,301.9871457448183,-8.466409712833913,2.9381576251057617,0.519401765160673,0.845768066989386
SB84988_component_3563a,299.046143,-6.26957,2.114000082015991,10.262136459350586,299.0459307072373,-6.269172634690994,4.4580305219836545,0.29121524051355524,0.4742004505333313
SB84988_component_3628a,300.272701,-7.997934,2.2809998989105225,12.263440132141113,300.27277528256303,-7.997710243087774,2.864250866195806,0.4890647373433618,0.7963687559044239
SB84988_component_3778a,299.604906,-5.627603,2.0,11.428571701049805,299.6050784885345,-5.627129892950459,2.12677639105103,0.5775110554248533,0.9403903524674833
SB84988_component_4013a,300.900078,-5.056028,1.8830000162124634,11.076470375061035,300.90003657727505,-5.0560851013138555,1.5356877694464501,0.753007905535512,1.2261607168306123
